timestamp,price,label,direction,symbol,timeframe,curr_direction,curr_retrace_pct,curr_leg_size_pct,curr_leg_duration,curr_leg_speed,curr_ema20_dist,curr_ema50_dist,curr_ema200_dist,p1_leg_size_pct,p1_leg_duration,p1_retrace_pct,p1_leg_speed,p1_trend_state,p1_rsi,p1_stoch_k,p1_stoch_d,p1_stoch_cross,p1_macd_line,p1_macd_signal,p1_macd_hist,p1_adx,p1_plus_di,p1_minus_di,p1_ema20_dist,p1_ema50_dist,p1_ema200_dist,p1_bb_position,p1_bb_bandwidth,p2_leg_size_pct,p2_leg_duration,p2_retrace_pct,p2_leg_speed,p2_trend_state,p2_rsi,p2_stoch_k,p2_stoch_d,p2_stoch_cross,p2_macd_line,p2_macd_signal,p2_macd_hist,p2_adx,p2_plus_di,p2_minus_di,p2_ema20_dist,p2_ema50_dist,p2_ema200_dist,p2_bb_position,p2_bb_bandwidth,p3_leg_size_pct,p3_leg_duration,p3_retrace_pct,p3_leg_speed,p3_trend_state,p3_rsi,p3_stoch_k,p3_stoch_d,p3_stoch_cross,p3_macd_line,p3_macd_signal,p3_macd_hist,p3_adx,p3_plus_di,p3_minus_di,p3_ema20_dist,p3_ema50_dist,p3_ema200_dist,p3_bb_position,p3_bb_bandwidth,p4_leg_size_pct,p4_leg_duration,p4_retrace_pct,p4_leg_speed,p4_trend_state,p4_rsi,p4_stoch_k,p4_stoch_d,p4_stoch_cross,p4_macd_line,p4_macd_signal,p4_macd_hist,p4_adx,p4_plus_di,p4_minus_di,p4_ema20_dist,p4_ema50_dist,p4_ema200_dist,p4_bb_position,p4_bb_bandwidth,p5_leg_size_pct,p5_leg_duration,p5_retrace_pct,p5_leg_speed,p5_trend_state,p5_rsi,p5_stoch_k,p5_stoch_d,p5_stoch_cross,p5_macd_line,p5_macd_signal,p5_macd_hist,p5_adx,p5_plus_di,p5_minus_di,p5_ema20_dist,p5_ema50_dist,p5_ema200_dist,p5_bb_position,p5_bb_bandwidth,p6_leg_size_pct,p6_leg_duration,p6_retrace_pct,p6_leg_speed,p6_trend_state,p6_rsi,p6_stoch_k,p6_stoch_d,p6_stoch_cross,p6_macd_line,p6_macd_signal,p6_macd_hist,p6_adx,p6_plus_di,p6_minus_di,p6_ema20_dist,p6_ema50_dist,p6_ema200_dist,p6_bb_position,p6_bb_bandwidth,p7_leg_size_pct,p7_leg_duration,p7_retrace_pct,p7_leg_speed,p7_trend_state,p7_rsi,p7_stoch_k,p7_stoch_d,p7_stoch_cross,p7_macd_line,p7_macd_signal,p7_macd_hist,p7_adx,p7_plus_di,p7_minus_di,p7_ema20_dist,p7_ema50_dist,p7_ema200_dist,p7_bb_position,p7_bb_bandwidth,p8_leg_size_pct,p8_leg_duration,p8_retrace_pct,p8_leg_speed,p8_trend_state,p8_rsi,p8_stoch_k,p8_stoch_d,p8_stoch_cross,p8_macd_line,p8_macd_signal,p8_macd_hist,p8_adx,p8_plus_di,p8_minus_di,p8_ema20_dist,p8_ema50_dist,p8_ema200_dist,p8_bb_position,p8_bb_bandwidth,p9_leg_size_pct,p9_leg_duration,p9_retrace_pct,p9_leg_speed,p9_trend_state,p10_leg_size_pct,p10_leg_duration,p10_retrace_pct,p10_leg_speed,p10_trend_state,p11_leg_size_pct,p11_leg_duration,p11_retrace_pct,p11_leg_speed,p11_trend_state,p12_leg_size_pct,p12_leg_duration,p12_retrace_pct,p12_leg_speed,p12_trend_state,p13_leg_size_pct,p13_leg_duration,p13_retrace_pct,p13_leg_speed,p13_trend_state,p14_leg_size_pct,p14_leg_duration,p14_retrace_pct,p14_leg_speed,p14_trend_state,p15_leg_size_pct,p15_leg_duration,p15_retrace_pct,p15_leg_speed,p15_trend_state,p16_leg_size_pct,p16_leg_duration,p16_retrace_pct,p16_leg_speed,p16_trend_state,p17_leg_size_pct,p17_leg_duration,p17_retrace_pct,p17_leg_speed,p17_trend_state,p18_leg_size_pct,p18_leg_duration,p18_retrace_pct,p18_leg_speed,p18_trend_state,p19_leg_size_pct,p19_leg_duration,p19_retrace_pct,p19_leg_speed,p19_trend_state,p20_leg_size_pct,p20_leg_duration,p20_retrace_pct,p20_leg_speed,p20_trend_state,mkt_trend_state,mkt_trend_streak,mkt_bars_since_reversal,mkt_last_break_type,htf_trend_state,htf_retrace_pct,htf_pivot_dist_pct,htf_rsi,htf_stoch_k,htf_stoch_d,htf_macd_line,htf_macd_signal,htf_macd_hist,htf_adx,htf_plus_di,htf_minus_di,htf_ema20_dist,htf_ema50_dist,htf_bb_position,htf_bb_bandwidth,ltf_trend_state,ltf_zigzag_count,ltf_trend_reversal_flag,ltf_rsi,ltf_stoch_k,ltf_stoch_d,ltf_macd_line,ltf_macd_signal,ltf_macd_hist,ltf_adx,ltf_plus_di,ltf_minus_di,ltf_ema20_dist,ltf_ema50_dist,ltf_bb_position,ltf_bb_bandwidth,leg_size_vs_avg,leg_duration_vs_avg,bars_since_large_leg,max_retrace_last10,min_retrace_last10,leg_size_stddev,legs_contracting
2025-09-11T05:45:00Z,1.000000,no_impulse,0,AARTIIND,1h,1.000000,,0.000000,0.000000,0.000000,1.683357,2.541475,0.871130,,,,,,,,,,,,,,,,,,,,,,,,,,,,,,,,,,,,,,,,,,,,,,,,,,,,,,,,,,,,,,,,,,,,,,,,,,,,,,,,,,,,,,,,,,,,,,,,,,,,,,,,,,,,,,,,,,,,,,,,,,,,,,,,,,,,,,,,,,,,,,,,,,,,,,,,,,,,,,,,,,,,,,,,,,,,,,,,,,,,,,,,,,,,,,,,,,,,,,,,,,,,,,,,,,,,,,,,,,,,,0.000000,1.000000,,-1.000000,,,,49.759864,73.148148,69.738585,-1.421746,-2.283861,0.862115,19.796495,25.369668,20.284187,0.934751,-3.498995,0.670689,0.055280,,0.000000,,66.156388,91.758242,89.194139,0.325615,0.224442,0.101172,24.023151,25.774311,13.153752,0.591370,1.052674,0.711164,0.028172,0.000000,0.000000,,,,0.000000,
2025-09-11T08:45:00Z,0.979699,no_impulse,0,AARTIIND,1h,-1.000000,,2.030075,3.000000,0.676692,0.071070,0.935844,-0.580669,0.000000,0.000000,,0.000000,0.000000,65.626838,85.245902,86.309779,0.000000,0.657392,0.547150,0.110242,29.703869,33.621347,13.710535,1.683357,2.541475,0.871130,1.053905,0.030911,,,,,,,,,,,,,,,,,,,,,,,,,,,,,,,,,,,,,,,,,,,,,,,,,,,,,,,,,,,,,,,,,,,,,,,,,,,,,,,,,,,,,,,,,,,,,,,,,,,,,,,,,,,,,,,,,,,,,,,,,,,,,,,,,,,,,,,,,,,,,,,,,,,,,,,,,,,,,,,,,,,,,,,,,,,,,,,,,,,,,,,,,,,,,,,,,,,,,,,,,0.000000,2.000000,,-1.000000,,,,48.060801,61.921708,67.923014,-1.252243,-2.088563,0.836320,19.289934,24.032990,18.614748,0.304814,-3.961894,0.554124,0.056490,,0.000000,,43.163947,7.407407,10.802469,0.141435,0.250297,-0.108862,29.003370,20.901204,22.284190,-0.404486,0.014520,0.088026,0.009779,1.000000,1.000000,,,,0.000000,
2025-09-12T03:45:00Z,1.002757,no_impulse,0,AARTIIND,1h,1.000000,113.580247,2.353543,2.000000,1.176772,1.213822,2.092205,0.721726,2.030075,3.000000,,0.676692,0.000000,52.655472,36.820084,51.890848,0.000000,0.562675,0.585936,-0.023261,29.603691,27.481201,18.825661,0.071070,0.935844,-0.580669,0.522043,0.032264,0.000000,0.000000,,0.000000,0.000000,65.626838,85.245902,86.309779,0.000000,0.657392,0.547150,0.110242,29.703869,33.621347,13.710535,1.683357,2.541475,0.871130,1.053905,0.030911,,,,,,,,,,,,,,,,,,,,,,,,,,,,,,,,,,,,,,,,,,,,,,,,,,,,,,,,,,,,,,,,,,,,,,,,,,,,,,,,,,,,,,,,,,,,,,,,,,,,,,,,,,,,,,,,,,,,,,,,,,,,,,,,,,,,,,,,,,,,,,,,,,,,,,,,,,,,,,,,,,,,,,,,,,,,,,,,,,,,,1.000000,3.000000,,-1.000000,,,,48.060801,61.921708,67.923014,-1.252243,-2.088563,0.836320,19.289934,24.032990,18.614748,0.304814,-3.961894,0.554124,0.056490,,0.000000,,67.708190,96.969697,40.347924,0.075463,0.099712,-0.024248,26.048782,34.989191,15.950839,1.202016,1.515606,1.159098,0.018459,2.318676,1.333333,,,,1.435480,
2025-09-15T03:45:00Z,0.966541,no_impulse,0,AARTIIND,1h,-1.000000,157.065217,3.611597,7.000000,0.515942,-0.497433,0.081545,-1.114415,2.353543,2.000000,113.580247,1.176772,1.000000,61.184970,73.180077,51.311072,1.000000,0.556640,0.563193,-0.006554,29.736591,36.791234,15.174939,1.213822,2.092205,0.721726,0.885566,0.031868,2.030075,3.000000,,0.676692,0.000000,52.655472,36.820084,51.890848,0.000000,0.562675,0.585936,-0.023261,29.603691,27.481201,18.825661,0.071070,0.935844,-0.580669,0.522043,0.032264,0.000000,0.000000,,0.000000,0.000000,65.626838,85.245902,86.309779,0.000000,0.657392,0.547150,0.110242,29.703869,33.621347,13.710535,1.683357,2.541475,0.871130,1.053905,0.030911,,,,,,,,,,,,,,,,,,,,,,,,,,,,,,,,,,,,,,,,,,,,,,,,,,,,,,,,,,,,,,,,,,,,,,,,,,,,,,,,,,,,,,,,,,,,,,,,,,,,,,,,,,,,,,,,,,,,,,,,,,,,,,,,,,,,,,,,,,,,,,,,,,,,,,,,,,,,,,,,,8.000000,1.000000,,-1.000000,,,,47.687702,60.142349,65.070735,-1.110118,-1.895022,0.784905,18.499574,22.673763,19.227433,0.159816,-3.934945,0.529712,0.053874,,0.000000,,47.956279,72.115385,42.587106,-0.282158,-0.287200,0.005041,23.378337,15.999484,20.053852,0.015400,-0.233455,0.507995,0.019265,2.471655,4.200000,,113.580247,113.580247,1.275735,
2025-09-17T04:45:00Z,0.999248,no_impulse,0,AARTIIND,1h,1.000000,90.311419,3.383897,15.000000,0.225593,-0.067643,0.244559,-0.650499,3.611597,7.000000,157.065217,0.515942,8.000000,46.576897,24.567474,15.934663,0.000000,0.109353,0.326275,-0.216922,25.689738,28.313006,17.847893,-0.497433,0.081545,-1.114415,0.320199,0.027529,2.353543,2.000000,113.580247,1.176772,1.000000,61.184970,73.180077,51.311072,1.000000,0.556640,0.563193,-0.006554,29.736591,36.791234,15.174939,1.213822,2.092205,0.721726,0.885566,0.031868,2.030075,3.000000,,0.676692,0.000000,52.655472,36.820084,51.890848,0.000000,0.562675,0.585936,-0.023261,29.603691,27.481201,18.825661,0.071070,0.935844,-0.580669,0.522043,0.032264,0.000000,0.000000,,0.000000,0.000000,65.626838,85.245902,86.309779,0.000000,0.657392,0.547150,0.110242,29.703869,33.621347,13.710535,1.683357,2.541475,0.871130,1.053905,0.030911,,,,,,,,,,,,,,,,,,,,,,,,,,,,,,,,,,,,,,,,,,,,,,,,,,,,,,,,,,,,,,,,,,,,,,,,,,,,,,,,,,,,,,,,,,,,,,,,,,,,,,,,,,,,,,,,,,,,,,,,,,,,,,,,,,,,,,,,,,,,,3.000000,2.000000,15.000000,-1.000000,,,,48.791849,64.768683,63.701068,-0.819161,-1.524097,0.704935,17.831608,25.177759,17.248746,0.394280,-3.316590,0.571296,0.055521,,0.000000,,74.902814,93.684211,81.125821,0.352126,0.166369,0.185757,36.190097,36.677592,4.375451,1.437686,1.697015,1.114362,0.023743,1.692961,5.000000,,157.065217,113.580247,1.497012,
2025-09-18T06:45:00Z,0.972556,no_impulse,0,AARTIIND,1h,-1.000000,81.609195,2.671181,9.000000,0.296798,-0.456298,-0.293794,-1.088865,3.383897,15.000000,90.311419,0.225593,3.000000,49.811328,27.876106,56.878013,1.000000,0.087571,0.035607,0.051964,26.858001,32.199121,9.986112,-0.067643,0.244559,-0.650499,0.455904,0.015329,3.611597,7.000000,157.065217,0.515942,8.000000,46.576897,24.567474,15.934663,0.000000,0.109353,0.326275,-0.216922,25.689738,28.313006,17.847893,-0.497433,0.081545,-1.114415,0.320199,0.027529,2.353543,2.000000,113.580247,1.176772,1.000000,61.184970,73.180077,51.311072,1.000000,0.556640,0.563193,-0.006554,29.736591,36.791234,15.174939,1.213822,2.092205,0.721726,0.885566,0.031868,2.030075,3.000000,,0.676692,0.000000,52.655472,36.820084,51.890848,0.000000,0.562675,0.585936,-0.023261,29.603691,27.481201,18.825661,0.071070,0.935844,-0.580669,0.522043,0.032264,0.000000,0.000000,,0.000000,0.000000,65.626838,85.245902,86.309779,0.000000,0.657392,0.547150,0.110242,29.703869,33.621347,13.710535,1.683357,2.541475,0.871130,1.053905,0.030911,,,,,,,,,,,,,,,,,,,,,,,,,,,,,,,,,,,,,,,,,,,,,,,,,,,,,,,,,,,,,,,,,,,,,,,,,,,,,,,,,,,,,,,,,,,,,,,,,,,,,,,,,,,,,,,,,,,,,,,,,2.000000,1.000000,24.000000,-1.000000,,,,51.667018,72.455090,66.832409,-0.539519,-1.186315,0.646795,18.133143,25.164788,16.170361,0.995259,-2.311864,0.680652,0.055646,,0.000000,,41.887193,10.666667,13.333333,-0.045189,0.003268,-0.048456,14.087921,16.216268,22.818791,-0.280173,-0.305380,0.267314,0.012007,1.173721,1.666667,,157.065217,90.311419,1.436830,
2025-09-19T08:45:00Z,0.990727,no_impulse,0,AARTIIND,1h,1.000000,68.075117,1.868316,9.000000,0.207591,0.153149,0.452685,-0.104643,2.671181,9.000000,81.609195,0.296798,2.000000,45.422616,5.164319,15.022722,0.000000,-0.028942,0.010805,-0.039747,32.107259,23.284700,15.294088,-0.456298,-0.293794,-1.088865,0.199360,0.015109,3.383897,15.000000,90.311419,0.225593,3.000000,49.811328,27.876106,56.878013,1.000000,0.087571,0.035607,0.051964,26.858001,32.199121,9.986112,-0.067643,0.244559,-0.650499,0.455904,0.015329,3.611597,7.000000,157.065217,0.515942,8.000000,46.576897,24.567474,15.934663,0.000000,0.109353,0.326275,-0.216922,25.689738,28.313006,17.847893,-0.497433,0.081545,-1.114415,0.320199,0.027529,2.353543,2.000000,113.580247,1.176772,1.000000,61.184970,73.180077,51.311072,1.000000,0.556640,0.563193,-0.006554,29.736591,36.791234,15.174939,1.213822,2.092205,0.721726,0.885566,0.031868,2.030075,3.000000,,0.676692,0.000000,52.655472,36.820084,51.890848,0.000000,0.562675,0.585936,-0.023261,29.603691,27.481201,18.825661,0.071070,0.935844,-0.580669,0.522043,0.032264,0.000000,0.000000,,0.000000,0.000000,65.626838,85.245902,86.309779,0.000000,0.657392,0.547150,0.110242,29.703869,33.621347,13.710535,1.683357,2.541475,0.871130,1.053905,0.030911,,,,,,,,,,,,,,,,,,,,,,,,,,,,,,,,,,,,,,,,,,,,,,,,,,,,,,,,,,,,,,,,,,,,,,,,,,,,,,,,,,,,,,,,,,,,,,,,,,,,,3.000000,1.000000,33.000000,-1.000000,,,,51.667018,72.455090,66.832409,-0.539519,-1.186315,0.646795,18.133143,25.164788,16.170361,0.995259,-2.311864,0.680652,0.055646,,0.000000,,54.274824,43.333333,34.141414,0.126971,0.164326,-0.037355,23.445280,23.739427,11.596821,0.079307,0.304285,0.665925,0.004784,0.797841,1.500000,,157.065217,81.609195,1.295236,2.205182
2025-09-26T03:45:00Z,0.935589,no_impulse,0,AARTIIND,1h,-1.000000,303.448276,5.565393,30.000000,0.185513,-2.133113,-3.005809,-4.186673,1.868316,9.000000,68.075117,0.207591,3.000000,52.881060,60.000000,71.111111,0.000000,0.188360,0.128554,0.059805,35.293336,24.515306,9.584519,0.153149,0.452685,-0.104643,0.575816,0.020231,2.671181,9.000000,81.609195,0.296798,2.000000,45.422616,5.164319,15.022722,0.000000,-0.028942,0.010805,-0.039747,32.107259,23.284700,15.294088,-0.456298,-0.293794,-1.088865,0.199360,0.015109,3.383897,15.000000,90.311419,0.225593,3.000000,49.811328,27.876106,56.878013,1.000000,0.087571,0.035607,0.051964,26.858001,32.199121,9.986112,-0.067643,0.244559,-0.650499,0.455904,0.015329,3.611597,7.000000,157.065217,0.515942,8.000000,46.576897,24.567474,15.934663,0.000000,0.109353,0.326275,-0.216922,25.689738,28.313006,17.847893,-0.497433,0.081545,-1.114415,0.320199,0.027529,2.353543,2.000000,113.580247,1.176772,1.000000,61.184970,73.180077,51.311072,1.000000,0.556640,0.563193,-0.006554,29.736591,36.791234,15.174939,1.213822,2.092205,0.721726,0.885566,0.031868,2.030075,3.000000,,0.676692,0.000000,52.655472,36.820084,51.890848,0.000000,0.562675,0.585936,-0.023261,29.603691,27.481201,18.825661,0.071070,0.935844,-0.580669,0.522043,0.032264,0.000000,0.000000,,0.000000,0.000000,65.626838,85.245902,86.309779,0.000000,0.657392,0.547150,0.110242,29.703869,33.621347,13.710535,1.683357,2.541475,0.871130,1.053905,0.030911,,,,,,,,,,,,,,,,,,,,,,,,,,,,,,,,,,,,,,,,,,,,,,,,,,,,,,,,,,,,,,,,,,,,,,,,,,,,,,,,,4.000000,2.000000,63.000000,-1.000000,,,,35.568556,10.839161,20.283510,-0.925578,-0.882051,-0.043527,15.353211,18.456214,25.905957,-3.173067,-6.439514,-0.056882,0.055227,,0.000000,,20.964206,6.802721,13.281341,-0.352770,-0.289489,-0.063281,14.409725,11.960484,34.469494,-1.363700,-1.980326,-0.446786,0.014210,2.447309,4.666667,,157.065217,68.075117,1.195845,0.991017
2025-09-26T03:45:00Z,0.952506,no_impulse,0,AARTIIND,1h,1.000000,30.681818,1.808197,0.000000,0.000000,-2.133113,-3.005809,-4.186673,5.565393,30.000000,303.448276,0.185513,4.000000,25.016781,13.398693,7.678924,1.000000,-0.788691,-0.623036,-0.165655,25.882825,10.755839,33.105032,-2.133113,-3.005809,-4.186673,-0.051427,0.037876,1.868316,9.000000,68.075117,0.207591,3.000000,52.881060,60.000000,71.111111,0.000000,0.188360,0.128554,0.059805,35.293336,24.515306,9.584519,0.153149,0.452685,-0.104643,0.575816,0.020231,2.671181,9.000000,81.609195,0.296798,2.000000,45.422616,5.164319,15.022722,0.000000,-0.028942,0.010805,-0.039747,32.107259,23.284700,15.294088,-0.456298,-0.293794,-1.088865,0.199360,0.015109,3.383897,15.000000,90.311419,0.225593,3.000000,49.811328,27.876106,56.878013,1.000000,0.087571,0.035607,0.051964,26.858001,32.199121,9.986112,-0.067643,0.244559,-0.650499,0.455904,0.015329,3.611597,7.000000,157.065217,0.515942,8.000000,46.576897,24.567474,15.934663,0.000000,0.109353,0.326275,-0.216922,25.689738,28.313006,17.847893,-0.497433,0.081545,-1.114415,0.320199,0.027529,2.353543,2.000000,113.580247,1.176772,1.000000,61.184970,73.180077,51.311072,1.000000,0.556640,0.563193,-0.006554,29.736591,36.791234,15.174939,1.213822,2.092205,0.721726,0.885566,0.031868,2.030075,3.000000,,0.676692,0.000000,52.655472,36.820084,51.890848,0.000000,0.562675,0.585936,-0.023261,29.603691,27.481201,18.825661,0.071070,0.935844,-0.580669,0.522043,0.032264,0.000000,0.000000,,0.000000,0.000000,65.626838,85.245902,86.309779,0.000000,0.657392,0.547150,0.110242,29.703869,33.621347,13.710535,1.683357,2.541475,0.871130,1.053905,0.030911,,,,,,,,,,,,,,,,,,,,,,,,,,,,,,,,,,,,,,,,,,,,,,,,,,,,,,,,,,,,,4.000000,3.000000,63.000000,-1.000000,,,,35.568556,10.839161,20.283510,-0.925578,-0.882051,-0.043527,15.353211,18.456214,25.905957,-3.173067,-6.439514,-0.056882,0.055227,,0.000000,,20.964206,6.802721,13.281341,-0.352770,-0.289489,-0.063281,14.409725,11.960484,34.469494,-1.363700,-1.980326,-0.446786,0.014210,0.673319,0.000000,0.000000,303.448276,68.075117,1.606188,1.080848
2025-09-26T08:45:00Z,0.931078,no_impulse,0,AARTIIND,1h,-1.000000,126.666667,2.249704,5.000000,0.449941,-1.411930,-2.672196,-4.253718,1.808197,0.000000,30.681818,0.000000,4.000000,25.016781,13.398693,7.678924,0.000000,-0.788691,-0.623036,-0.165655,25.882825,10.755839,33.105032,-2.133113,-3.005809,-4.186673,-0.051427,0.037876,5.565393,30.000000,303.448276,0.185513,4.000000,25.016781,13.398693,7.678924,1.000000,-0.788691,-0.623036,-0.165655,25.882825,10.755839,33.105032,-2.133113,-3.005809,-4.186673,-0.051427,0.037876,1.868316,9.000000,68.075117,0.207591,3.000000,52.881060,60.000000,71.111111,0.000000,0.188360,0.128554,0.059805,35.293336,24.515306,9.584519,0.153149,0.452685,-0.104643,0.575816,0.020231,2.671181,9.000000,81.609195,0.296798,2.000000,45.422616,5.164319,15.022722,0.000000,-0.028942,0.010805,-0.039747,32.107259,23.284700,15.294088,-0.456298,-0.293794,-1.088865,0.199360,0.015109,3.383897,15.000000,90.311419,0.225593,3.000000,49.811328,27.876106,56.878013,1.000000,0.087571,0.035607,0.051964,26.858001,32.199121,9.986112,-0.067643,0.244559,-0.650499,0.455904,0.015329,3.611597,7.000000,157.065217,0.515942,8.000000,46.576897,24.567474,15.934663,0.000000,0.109353,0.326275,-0.216922,25.689738,28.313006,17.847893,-0.497433,0.081545,-1.114415,0.320199,0.027529,2.353543,2.000000,113.580247,1.176772,1.000000,61.184970,73.180077,51.311072,1.000000,0.556640,0.563193,-0.006554,29.736591,36.791234,15.174939,1.213822,2.092205,0.721726,0.885566,0.031868,2.030075,3.000000,,0.676692,0.000000,52.655472,36.820084,51.890848,0.000000,0.562675,0.585936,-0.023261,29.603691,27.481201,18.825661,0.071070,0.935844,-0.580669,0.522043,0.032264,0.000000,0.000000,,0.000000,0.000000,,,,,,,,,,,,,,,,,,,,,,,,,,,,,,,,,,,,,,,,,,,,,,,,,,,,,,,,4.000000,4.000000,68.000000,-1.000000,,,,35.568556,10.839161,20.283510,-0.925578,-0.882051,-0.043527,15.353211,18.456214,25.905957,-3.173067,-6.439514,-0.056882,0.055227,,0.000000,,30.299508,13.333333,9.981888,-0.489788,-0.508629,0.018841,35.294355,12.236324,32.679478,-0.666238,-1.605645,0.049523,0.014692,0.869275,0.600000,5.000000,303.448276,30.681818,1.530646,0.956058
2025-09-29T08:45:00Z,0.954887,no_impulse,0,AARTIIND,1h,1.000000,111.111111,2.557201,7.000000,0.365314,-1.375185,-2.748822,-4.729663,2.249704,5.000000,126.666667,0.449941,4.000000,31.200056,19.718310,13.368622,0.000000,-1.044121,-0.881822,-0.162299,32.101664,12.468633,28.201154,-1.411930,-2.672196,-4.253718,0.217236,0.049238,1.808197,0.000000,30.681818,0.000000,4.000000,25.016781,13.398693,7.678924,0.000000,-0.788691,-0.623036,-0.165655,25.882825,10.755839,33.105032,-2.133113,-3.005809,-4.186673,-0.051427,0.037876,5.565393,30.000000,303.448276,0.185513,4.000000,25.016781,13.398693,7.678924,1.000000,-0.788691,-0.623036,-0.165655,25.882825,10.755839,33.105032,-2.133113,-3.005809,-4.186673,-0.051427,0.037876,1.868316,9.000000,68.075117,0.207591,3.000000,52.881060,60.000000,71.111111,0.000000,0.188360,0.128554,0.059805,35.293336,24.515306,9.584519,0.153149,0.452685,-0.104643,0.575816,0.020231,2.671181,9.000000,81.609195,0.296798,2.000000,45.422616,5.164319,15.022722,0.000000,-0.028942,0.010805,-0.039747,32.107259,23.284700,15.294088,-0.456298,-0.293794,-1.088865,0.199360,0.015109,3.383897,15.000000,90.311419,0.225593,3.000000,49.811328,27.876106,56.878013,1.000000,0.087571,0.035607,0.051964,26.858001,32.199121,9.986112,-0.067643,0.244559,-0.650499,0.455904,0.015329,3.611597,7.000000,157.065217,0.515942,8.000000,46.576897,24.567474,15.934663,0.000000,0.109353,0.326275,-0.216922,25.689738,28.313006,17.847893,-0.497433,0.081545,-1.114415,0.320199,0.027529,2.353543,2.000000,113.580247,1.176772,1.000000,61.184970,73.180077,51.311072,1.000000,0.556640,0.563193,-0.006554,29.736591,36.791234,15.174939,1.213822,2.092205,0.721726,0.885566,0.031868,2.030075,3.000000,,0.676692,0.000000,0.000000,0.000000,,0.000000,0.000000,,,,,,,,,,,,,,,,,,,,,,,,,,,,,,,,,,,,,,,,,,,,,,,,,,,7.000000,5.000000,75.000000,-1.000000,,,,37.081316,16.000000,12.001943,-1.202987,-0.982637,-0.220351,15.864038,16.097399,23.679435,-2.482752,-5.845129,0.126684,0.064894,,0.000000,,59.167918,97.222222,54.153156,-0.061808,-0.114770,0.052962,21.740497,24.840678,17.570393,0.488550,0.103699,0.890501,0.012572,1.001178,0.875000,12.000000,303.448276,30.681818,1.447067,1.214542
2025-09-29T09:45:00Z,0.927569,no_impulse,0,AARTIIND,1h,-1.000000,114.736842,2.860892,1.000000,2.860892,-1.603563,-3.027794,-5.088835,2.557201,7.000000,111.111111,0.365314,7.000000,30.601346,4.433498,15.687940,1.000000,-0.890746,-0.908628,0.017882,28.246944,26.393923,17.960214,-1.375185,-2.748822,-4.729663,0.155182,0.039340,2.249704,5.000000,126.666667,0.449941,4.000000,31.200056,19.718310,13.368622,0.000000,-1.044121,-0.881822,-0.162299,32.101664,12.468633,28.201154,-1.411930,-2.672196,-4.253718,0.217236,0.049238,1.808197,0.000000,30.681818,0.000000,4.000000,25.016781,13.398693,7.678924,0.000000,-0.788691,-0.623036,-0.165655,25.882825,10.755839,33.105032,-2.133113,-3.005809,-4.186673,-0.051427,0.037876,5.565393,30.000000,303.448276,0.185513,4.000000,25.016781,13.398693,7.678924,1.000000,-0.788691,-0.623036,-0.165655,25.882825,10.755839,33.105032,-2.133113,-3.005809,-4.186673,-0.051427,0.037876,1.868316,9.000000,68.075117,0.207591,3.000000,52.881060,60.000000,71.111111,0.000000,0.188360,0.128554,0.059805,35.293336,24.515306,9.584519,0.153149,0.452685,-0.104643,0.575816,0.020231,2.671181,9.000000,81.609195,0.296798,2.000000,45.422616,5.164319,15.022722,0.000000,-0.028942,0.010805,-0.039747,32.107259,23.284700,15.294088,-0.456298,-0.293794,-1.088865,0.199360,0.015109,3.383897,15.000000,90.311419,0.225593,3.000000,49.811328,27.876106,56.878013,1.000000,0.087571,0.035607,0.051964,26.858001,32.199121,9.986112,-0.067643,0.244559,-0.650499,0.455904,0.015329,3.611597,7.000000,157.065217,0.515942,8.000000,46.576897,24.567474,15.934663,0.000000,0.109353,0.326275,-0.216922,25.689738,28.313006,17.847893,-0.497433,0.081545,-1.114415,0.320199,0.027529,2.353543,2.000000,113.580247,1.176772,1.000000,2.030075,3.000000,,0.676692,0.000000,0.000000,0.000000,,0.000000,0.000000,,,,,,,,,,,,,,,,,,,,,,,,,,,,,,,,,,,,,,,,,,,,,,4.000000,6.000000,1.000000,-1.000000,,,,37.081316,16.000000,12.001943,-1.202987,-0.982637,-0.220351,15.864038,16.097399,23.679435,-2.482752,-5.845129,0.126684,0.064894,,0.000000,,34.979078,0.000000,23.848485,-0.125434,-0.074455,-0.050979,22.234430,15.788463,27.207422,-1.022037,-1.404501,-0.130939,0.016035,1.018144,0.114943,,303.448276,30.681818,1.138626,0.654644
2025-10-06T03:45:00Z,0.960025,no_impulse,0,AARTIIND,1h,1.000000,118.807339,3.499054,22.000000,0.159048,0.208855,-0.022203,-1.955911,2.860892,1.000000,114.736842,2.860892,4.000000,28.224051,0.000000,9.599660,0.000000,-0.927343,-0.915219,-0.012124,27.149531,25.065437,19.344086,-1.603563,-3.027794,-5.088835,0.088331,0.038338,2.557201,7.000000,111.111111,0.365314,7.000000,30.601346,4.433498,15.687940,1.000000,-0.890746,-0.908628,0.017882,28.246944,26.393923,17.960214,-1.375185,-2.748822,-4.729663,0.155182,0.039340,2.249704,5.000000,126.666667,0.449941,4.000000,31.200056,19.718310,13.368622,0.000000,-1.044121,-0.881822,-0.162299,32.101664,12.468633,28.201154,-1.411930,-2.672196,-4.253718,0.217236,0.049238,1.808197,0.000000,30.681818,0.000000,4.000000,25.016781,13.398693,7.678924,0.000000,-0.788691,-0.623036,-0.165655,25.882825,10.755839,33.105032,-2.133113,-3.005809,-4.186673,-0.051427,0.037876,5.565393,30.000000,303.448276,0.185513,4.000000,25.016781,13.398693,7.678924,1.000000,-0.788691,-0.623036,-0.165655,25.882825,10.755839,33.105032,-2.133113,-3.005809,-4.186673,-0.051427,0.037876,1.868316,9.000000,68.075117,0.207591,3.000000,52.881060,60.000000,71.111111,0.000000,0.188360,0.128554,0.059805,35.293336,24.515306,9.584519,0.153149,0.452685,-0.104643,0.575816,0.020231,2.671181,9.000000,81.609195,0.296798,2.000000,45.422616,5.164319,15.022722,0.000000,-0.028942,0.010805,-0.039747,32.107259,23.284700,15.294088,-0.456298,-0.293794,-1.088865,0.199360,0.015109,3.383897,15.000000,90.311419,0.225593,3.000000,49.811328,27.876106,56.878013,1.000000,0.087571,0.035607,0.051964,26.858001,32.199121,9.986112,-0.067643,0.244559,-0.650499,0.455904,0.015329,3.611597,7.000000,157.065217,0.515942,8.000000,2.353543,2.000000,113.580247,1.176772,1.000000,2.030075,3.000000,,0.676692,0.000000,0.000000,0.000000,,0.000000,0.000000,,,,,,,,,,,,,,,,,,,,,,,,,,,,,,,,,,,,,,,,,7.000000,7.000000,23.000000,-1.000000,,,,41.224779,25.699301,31.359751,-1.086246,-1.038060,-0.048186,13.987865,18.912468,22.393530,-1.442343,-4.601941,0.284165,0.065876,,0.000000,,59.574596,77.272727,62.522282,0.127254,0.142299,-0.015045,25.128470,16.852736,21.948594,0.176547,0.508534,0.984818,0.003648,1.209493,2.588235,,303.448276,30.681818,1.105223,0.829677
2025-10-08T05:45:00Z,0.942356,no_impulse,0,AARTIIND,1h,-1.000000,54.440154,1.840491,16.000000,0.115031,-0.125805,-0.347911,-2.165374,3.499054,22.000000,118.807339,0.159048,7.000000,53.672500,59.788360,70.467088,0.000000,0.255983,0.145314,0.110670,47.411799,26.278160,10.871097,0.208855,-0.022203,-1.955911,0.568976,0.030343,2.860892,1.000000,114.736842,2.860892,4.000000,28.224051,0.000000,9.599660,0.000000,-0.927343,-0.915219,-0.012124,27.149531,25.065437,19.344086,-1.603563,-3.027794,-5.088835,0.088331,0.038338,2.557201,7.000000,111.111111,0.365314,7.000000,30.601346,4.433498,15.687940,1.000000,-0.890746,-0.908628,0.017882,28.246944,26.393923,17.960214,-1.375185,-2.748822,-4.729663,0.155182,0.039340,2.249704,5.000000,126.666667,0.449941,4.000000,31.200056,19.718310,13.368622,0.000000,-1.044121,-0.881822,-0.162299,32.101664,12.468633,28.201154,-1.411930,-2.672196,-4.253718,0.217236,0.049238,1.808197,0.000000,30.681818,0.000000,4.000000,25.016781,13.398693,7.678924,0.000000,-0.788691,-0.623036,-0.165655,25.882825,10.755839,33.105032,-2.133113,-3.005809,-4.186673,-0.051427,0.037876,5.565393,30.000000,303.448276,0.185513,4.000000,25.016781,13.398693,7.678924,1.000000,-0.788691,-0.623036,-0.165655,25.882825,10.755839,33.105032,-2.133113,-3.005809,-4.186673,-0.051427,0.037876,1.868316,9.000000,68.075117,0.207591,3.000000,52.881060,60.000000,71.111111,0.000000,0.188360,0.128554,0.059805,35.293336,24.515306,9.584519,0.153149,0.452685,-0.104643,0.575816,0.020231,2.671181,9.000000,81.609195,0.296798,2.000000,45.422616,5.164319,15.022722,0.000000,-0.028942,0.010805,-0.039747,32.107259,23.284700,15.294088,-0.456298,-0.293794,-1.088865,0.199360,0.015109,3.383897,15.000000,90.311419,0.225593,3.000000,3.611597,7.000000,157.065217,0.515942,8.000000,2.353543,2.000000,113.580247,1.176772,1.000000,2.030075,3.000000,,0.676692,0.000000,0.000000,0.000000,,0.000000,0.000000,,,,,,,,,,,,,,,,,,,,,,,,,,,,,,,,,,,,2.000000,1.000000,16.000000,-1.000000,,,,39.127562,20.436508,23.828486,-1.108350,-1.063256,-0.045094,13.811760,16.642217,22.801230,-1.715759,-4.835268,0.259005,0.069994,,0.000000,,43.983493,23.188406,28.734035,-0.044717,-0.022234,-0.022483,15.643821,15.273550,17.352926,-0.238082,-0.298781,0.127307,0.006373,0.611958,1.523810,,303.448276,30.681818,1.102459,0.926621
2025-10-08T07:45:00Z,0.957644,no_impulse,0,AARTIIND,1h,1.000000,86.524823,1.622340,2.000000,0.811170,-0.015579,-0.230285,-2.028344,1.840491,16.000000,54.440154,0.115031,2.000000,46.442360,25.274725,25.641026,0.000000,-0.056244,-0.016504,-0.039740,36.079854,23.918433,14.366902,-0.125805,-0.347911,-2.165374,0.397400,0.012246,3.499054,22.000000,118.807339,0.159048,7.000000,53.672500,59.788360,70.467088,0.000000,0.255983,0.145314,0.110670,47.411799,26.278160,10.871097,0.208855,-0.022203,-1.955911,0.568976,0.030343,2.860892,1.000000,114.736842,2.860892,4.000000,28.224051,0.000000,9.599660,0.000000,-0.927343,-0.915219,-0.012124,27.149531,25.065437,19.344086,-1.603563,-3.027794,-5.088835,0.088331,0.038338,2.557201,7.000000,111.111111,0.365314,7.000000,30.601346,4.433498,15.687940,1.000000,-0.890746,-0.908628,0.017882,28.246944,26.393923,17.960214,-1.375185,-2.748822,-4.729663,0.155182,0.039340,2.249704,5.000000,126.666667,0.449941,4.000000,31.200056,19.718310,13.368622,0.000000,-1.044121,-0.881822,-0.162299,32.101664,12.468633,28.201154,-1.411930,-2.672196,-4.253718,0.217236,0.049238,1.808197,0.000000,30.681818,0.000000,4.000000,25.016781,13.398693,7.678924,0.000000,-0.788691,-0.623036,-0.165655,25.882825,10.755839,33.105032,-2.133113,-3.005809,-4.186673,-0.051427,0.037876,5.565393,30.000000,303.448276,0.185513,4.000000,25.016781,13.398693,7.678924,1.000000,-0.788691,-0.623036,-0.165655,25.882825,10.755839,33.105032,-2.133113,-3.005809,-4.186673,-0.051427,0.037876,1.868316,9.000000,68.075117,0.207591,3.000000,52.881060,60.000000,71.111111,0.000000,0.188360,0.128554,0.059805,35.293336,24.515306,9.584519,0.153149,0.452685,-0.104643,0.575816,0.020231,2.671181,9.000000,81.609195,0.296798,2.000000,3.383897,15.000000,90.311419,0.225593,3.000000,3.611597,7.000000,157.065217,0.515942,8.000000,2.353543,2.000000,113.580247,1.176772,1.000000,2.030075,3.000000,,0.676692,0.000000,0.000000,0.000000,,0.000000,0.000000,,,,,,,,,,,,,,,,,,,,,,,,,,,,,,,3.000000,1.000000,18.000000,-1.000000,,,,46.186079,41.269841,29.018667,-0.989868,-1.036842,0.046974,13.940548,15.317155,20.985785,-0.282577,-3.255895,0.459334,0.069291,,0.000000,,50.607072,51.724138,38.571698,-0.066392,-0.063958,-0.002434,12.530793,16.042460,15.536849,0.052458,-0.043828,0.580378,0.006530,0.573178,0.175439,,303.448276,30.681818,1.136378,1.239654
2025-10-09T03:45:00Z,0.935088,no_impulse,0,AARTIIND,1h,-1.000000,147.540984,2.355404,3.000000,0.785135,-0.786775,-1.096334,-2.941608,1.622340,2.000000,86.524823,0.811170,3.000000,49.041086,24.590164,23.947637,1.000000,-0.055364,-0.031553,-0.023810,36.284781,33.509794,11.383835,-0.015579,-0.230285,-2.028344,0.483998,0.009734,1.840491,16.000000,54.440154,0.115031,2.000000,46.442360,25.274725,25.641026,0.000000,-0.056244,-0.016504,-0.039740,36.079854,23.918433,14.366902,-0.125805,-0.347911,-2.165374,0.397400,0.012246,3.499054,22.000000,118.807339,0.159048,7.000000,53.672500,59.788360,70.467088,0.000000,0.255983,0.145314,0.110670,47.411799,26.278160,10.871097,0.208855,-0.022203,-1.955911,0.568976,0.030343,2.860892,1.000000,114.736842,2.860892,4.000000,28.224051,0.000000,9.599660,0.000000,-0.927343,-0.915219,-0.012124,27.149531,25.065437,19.344086,-1.603563,-3.027794,-5.088835,0.088331,0.038338,2.557201,7.000000,111.111111,0.365314,7.000000,30.601346,4.433498,15.687940,1.000000,-0.890746,-0.908628,0.017882,28.246944,26.393923,17.960214,-1.375185,-2.748822,-4.729663,0.155182,0.039340,2.249704,5.000000,126.666667,0.449941,4.000000,31.200056,19.718310,13.368622,0.000000,-1.044121,-0.881822,-0.162299,32.101664,12.468633,28.201154,-1.411930,-2.672196,-4.253718,0.217236,0.049238,1.808197,0.000000,30.681818,0.000000,4.000000,25.016781,13.398693,7.678924,0.000000,-0.788691,-0.623036,-0.165655,25.882825,10.755839,33.105032,-2.133113,-3.005809,-4.186673,-0.051427,0.037876,5.565393,30.000000,303.448276,0.185513,4.000000,25.016781,13.398693,7.678924,1.000000,-0.788691,-0.623036,-0.165655,25.882825,10.755839,33.105032,-2.133113,-3.005809,-4.186673,-0.051427,0.037876,1.868316,9.000000,68.075117,0.207591,3.000000,2.671181,9.000000,81.609195,0.296798,2.000000,3.383897,15.000000,90.311419,0.225593,3.000000,3.611597,7.000000,157.065217,0.515942,8.000000,2.353543,2.000000,113.580247,1.176772,1.000000,2.030075,3.000000,,0.676692,0.000000,0.000000,0.000000,,0.000000,0.000000,,,,,,,,,,,,,,,,,,,,,,,,,,4.000000,2.000000,21.000000,-1.000000,,,,46.186079,41.269841,29.018667,-0.989868,-1.036842,0.046974,13.940548,15.317155,20.985785,-0.282577,-3.255895,0.459334,0.069291,,0.000000,,41.624742,22.222222,12.688172,-0.155986,-0.075009,-0.080977,14.335828,21.649063,25.804386,-0.442015,-0.601208,0.194826,0.014420,0.887400,0.297030,56.000000,303.448276,30.681818,1.176863,0.907938
2025-10-10T03:45:00Z,0.959900,no_impulse,0,AARTIIND,1h,1.000000,110.000000,2.653444,7.000000,0.379063,0.932124,0.853784,-0.803205,2.355404,3.000000,147.540984,0.785135,4.000000,32.250811,8.333333,8.058542,0.000000,-0.192737,-0.086956,-0.105781,34.013243,26.226134,18.112093,-0.786775,-1.096334,-2.941608,-0.135446,0.012285,1.622340,2.000000,86.524823,0.811170,3.000000,49.041086,24.590164,23.947637,1.000000,-0.055364,-0.031553,-0.023810,36.284781,33.509794,11.383835,-0.015579,-0.230285,-2.028344,0.483998,0.009734,1.840491,16.000000,54.440154,0.115031,2.000000,46.442360,25.274725,25.641026,0.000000,-0.056244,-0.016504,-0.039740,36.079854,23.918433,14.366902,-0.125805,-0.347911,-2.165374,0.397400,0.012246,3.499054,22.000000,118.807339,0.159048,7.000000,53.672500,59.788360,70.467088,0.000000,0.255983,0.145314,0.110670,47.411799,26.278160,10.871097,0.208855,-0.022203,-1.955911,0.568976,0.030343,2.860892,1.000000,114.736842,2.860892,4.000000,28.224051,0.000000,9.599660,0.000000,-0.927343,-0.915219,-0.012124,27.149531,25.065437,19.344086,-1.603563,-3.027794,-5.088835,0.088331,0.038338,2.557201,7.000000,111.111111,0.365314,7.000000,30.601346,4.433498,15.687940,1.000000,-0.890746,-0.908628,0.017882,28.246944,26.393923,17.960214,-1.375185,-2.748822,-4.729663,0.155182,0.039340,2.249704,5.000000,126.666667,0.449941,4.000000,31.200056,19.718310,13.368622,0.000000,-1.044121,-0.881822,-0.162299,32.101664,12.468633,28.201154,-1.411930,-2.672196,-4.253718,0.217236,0.049238,1.808197,0.000000,30.681818,0.000000,4.000000,25.016781,13.398693,7.678924,0.000000,-0.788691,-0.623036,-0.165655,25.882825,10.755839,33.105032,-2.133113,-3.005809,-4.186673,-0.051427,0.037876,5.565393,30.000000,303.448276,0.185513,4.000000,1.868316,9.000000,68.075117,0.207591,3.000000,2.671181,9.000000,81.609195,0.296798,2.000000,3.383897,15.000000,90.311419,0.225593,3.000000,3.611597,7.000000,157.065217,0.515942,8.000000,2.353543,2.000000,113.580247,1.176772,1.000000,2.030075,3.000000,,0.676692,0.000000,0.000000,0.000000,,0.000000,0.000000,,,,,,,,,,,,,,,,,,,,,7.000000,3.000000,28.000000,-1.000000,,,,43.593793,31.411531,31.039293,-0.956437,-1.026247,0.069810,13.835026,15.373732,19.751471,-0.855744,-3.784342,0.373992,0.067336,,0.000000,,74.130320,78.358209,84.885778,0.267459,0.113024,0.154435,26.656803,36.737225,7.192132,0.938728,1.093654,1.035004,0.017712,1.011723,0.736842,63.000000,303.448276,30.681818,1.180589,0.652477
2025-10-10T09:45:00Z,0.943734,no_impulse,0,AARTIIND,1h,-1.000000,65.151515,1.684073,6.000000,0.280679,-0.139346,-0.114770,-1.634711,2.653444,7.000000,110.000000,0.379063,7.000000,66.633284,83.333333,83.703704,1.000000,0.126855,-0.032258,0.159112,34.813881,34.542257,10.954937,0.932124,0.853784,-0.803205,0.982008,0.019520,2.355404,3.000000,147.540984,0.785135,4.000000,32.250811,8.333333,8.058542,0.000000,-0.192737,-0.086956,-0.105781,34.013243,26.226134,18.112093,-0.786775,-1.096334,-2.941608,-0.135446,0.012285,1.622340,2.000000,86.524823,0.811170,3.000000,49.041086,24.590164,23.947637,1.000000,-0.055364,-0.031553,-0.023810,36.284781,33.509794,11.383835,-0.015579,-0.230285,-2.028344,0.483998,0.009734,1.840491,16.000000,54.440154,0.115031,2.000000,46.442360,25.274725,25.641026,0.000000,-0.056244,-0.016504,-0.039740,36.079854,23.918433,14.366902,-0.125805,-0.347911,-2.165374,0.397400,0.012246,3.499054,22.000000,118.807339,0.159048,7.000000,53.672500,59.788360,70.467088,0.000000,0.255983,0.145314,0.110670,47.411799,26.278160,10.871097,0.208855,-0.022203,-1.955911,0.568976,0.030343,2.860892,1.000000,114.736842,2.860892,4.000000,28.224051,0.000000,9.599660,0.000000,-0.927343,-0.915219,-0.012124,27.149531,25.065437,19.344086,-1.603563,-3.027794,-5.088835,0.088331,0.038338,2.557201,7.000000,111.111111,0.365314,7.000000,30.601346,4.433498,15.687940,1.000000,-0.890746,-0.908628,0.017882,28.246944,26.393923,17.960214,-1.375185,-2.748822,-4.729663,0.155182,0.039340,2.249704,5.000000,126.666667,0.449941,4.000000,31.200056,19.718310,13.368622,0.000000,-1.044121,-0.881822,-0.162299,32.101664,12.468633,28.201154,-1.411930,-2.672196,-4.253718,0.217236,0.049238,1.808197,0.000000,30.681818,0.000000,4.000000,5.565393,30.000000,303.448276,0.185513,4.000000,1.868316,9.000000,68.075117,0.207591,3.000000,2.671181,9.000000,81.609195,0.296798,2.000000,3.383897,15.000000,90.311419,0.225593,3.000000,3.611597,7.000000,157.065217,0.515942,8.000000,2.353543,2.000000,113.580247,1.176772,1.000000,2.030075,3.000000,,0.676692,0.000000,0.000000,0.000000,,0.000000,0.000000,,,,,,,,,,,,,,,,2.000000,1.000000,6.000000,-1.000000,,,,43.593793,31.411531,31.039293,-0.956437,-1.026247,0.069810,13.835026,15.373732,19.751471,-0.855744,-3.784342,0.373992,0.067336,,0.000000,,38.995901,26.168224,16.541671,-0.071594,0.062552,-0.134146,37.600427,9.565332,28.803545,-0.425883,-0.301627,0.181394,0.013310,0.623451,0.645161,69.000000,303.448276,30.681818,1.150571,0.808638
2025-10-13T08:45:00Z,0.966416,no_impulse,0,AARTIIND,1h,1.000000,140.310078,2.403399,6.000000,0.400567,0.218695,0.457392,-0.815263,1.684073,6.000000,65.151515,0.280679,2.000000,48.428819,48.989899,49.494949,0.000000,0.125760,0.124472,0.001288,33.792147,24.489844,19.388180,-0.139346,-0.114770,-1.634711,0.442519,0.024208,2.653444,7.000000,110.000000,0.379063,7.000000,66.633284,83.333333,83.703704,1.000000,0.126855,-0.032258,0.159112,34.813881,34.542257,10.954937,0.932124,0.853784,-0.803205,0.982008,0.019520,2.355404,3.000000,147.540984,0.785135,4.000000,32.250811,8.333333,8.058542,0.000000,-0.192737,-0.086956,-0.105781,34.013243,26.226134,18.112093,-0.786775,-1.096334,-2.941608,-0.135446,0.012285,1.622340,2.000000,86.524823,0.811170,3.000000,49.041086,24.590164,23.947637,1.000000,-0.055364,-0.031553,-0.023810,36.284781,33.509794,11.383835,-0.015579,-0.230285,-2.028344,0.483998,0.009734,1.840491,16.000000,54.440154,0.115031,2.000000,46.442360,25.274725,25.641026,0.000000,-0.056244,-0.016504,-0.039740,36.079854,23.918433,14.366902,-0.125805,-0.347911,-2.165374,0.397400,0.012246,3.499054,22.000000,118.807339,0.159048,7.000000,53.672500,59.788360,70.467088,0.000000,0.255983,0.145314,0.110670,47.411799,26.278160,10.871097,0.208855,-0.022203,-1.955911,0.568976,0.030343,2.860892,1.000000,114.736842,2.860892,4.000000,28.224051,0.000000,9.599660,0.000000,-0.927343,-0.915219,-0.012124,27.149531,25.065437,19.344086,-1.603563,-3.027794,-5.088835,0.088331,0.038338,2.557201,7.000000,111.111111,0.365314,7.000000,30.601346,4.433498,15.687940,1.000000,-0.890746,-0.908628,0.017882,28.246944,26.393923,17.960214,-1.375185,-2.748822,-4.729663,0.155182,0.039340,2.249704,5.000000,126.666667,0.449941,4.000000,1.808197,0.000000,30.681818,0.000000,4.000000,5.565393,30.000000,303.448276,0.185513,4.000000,1.868316,9.000000,68.075117,0.207591,3.000000,2.671181,9.000000,81.609195,0.296798,2.000000,3.383897,15.000000,90.311419,0.225593,3.000000,3.611597,7.000000,157.065217,0.515942,8.000000,2.353543,2.000000,113.580247,1.176772,1.000000,2.030075,3.000000,,0.676692,0.000000,0.000000,0.000000,,0.000000,0.000000,,,,,,,,,,,1.000000,2.000000,12.000000,-1.000000,,,,41.595120,26.315789,37.725852,-0.879091,-0.972382,0.093291,13.771718,14.559794,22.440585,-1.517237,-4.328105,0.271913,0.065526,,0.000000,,64.448725,87.671233,76.938629,0.171413,0.156839,0.014574,32.308592,29.118692,11.350330,0.451054,0.764371,1.133723,0.007150,1.039047,0.869565,75.000000,147.540984,30.681818,0.599898,0.961366
2025-10-14T09:45:00Z,0.927318,no_impulse,0,AARTIIND,1h,-1.000000,172.375691,4.045643,8.000000,0.505705,-1.160689,-1.224948,-2.524603,2.403399,6.000000,140.310078,0.400567,1.000000,54.766758,48.066298,62.542246,0.000000,0.296693,0.235438,0.061255,37.801938,34.911723,10.973894,0.218695,0.457392,-0.815263,0.581584,0.026865,1.684073,6.000000,65.151515,0.280679,2.000000,48.428819,48.989899,49.494949,0.000000,0.125760,0.124472,0.001288,33.792147,24.489844,19.388180,-0.139346,-0.114770,-1.634711,0.442519,0.024208,2.653444,7.000000,110.000000,0.379063,7.000000,66.633284,83.333333,83.703704,1.000000,0.126855,-0.032258,0.159112,34.813881,34.542257,10.954937,0.932124,0.853784,-0.803205,0.982008,0.019520,2.355404,3.000000,147.540984,0.785135,4.000000,32.250811,8.333333,8.058542,0.000000,-0.192737,-0.086956,-0.105781,34.013243,26.226134,18.112093,-0.786775,-1.096334,-2.941608,-0.135446,0.012285,1.622340,2.000000,86.524823,0.811170,3.000000,49.041086,24.590164,23.947637,1.000000,-0.055364,-0.031553,-0.023810,36.284781,33.509794,11.383835,-0.015579,-0.230285,-2.028344,0.483998,0.009734,1.840491,16.000000,54.440154,0.115031,2.000000,46.442360,25.274725,25.641026,0.000000,-0.056244,-0.016504,-0.039740,36.079854,23.918433,14.366902,-0.125805,-0.347911,-2.165374,0.397400,0.012246,3.499054,22.000000,118.807339,0.159048,7.000000,53.672500,59.788360,70.467088,0.000000,0.255983,0.145314,0.110670,47.411799,26.278160,10.871097,0.208855,-0.022203,-1.955911,0.568976,0.030343,2.860892,1.000000,114.736842,2.860892,4.000000,28.224051,0.000000,9.599660,0.000000,-0.927343,-0.915219,-0.012124,27.149531,25.065437,19.344086,-1.603563,-3.027794,-5.088835,0.088331,0.038338,2.557201,7.000000,111.111111,0.365314,7.000000,2.249704,5.000000,126.666667,0.449941,4.000000,1.808197,0.000000,30.681818,0.000000,4.000000,5.565393,30.000000,303.448276,0.185513,4.000000,1.868316,9.000000,68.075117,0.207591,3.000000,2.671181,9.000000,81.609195,0.296798,2.000000,3.383897,15.000000,90.311419,0.225593,3.000000,3.611597,7.000000,157.065217,0.515942,8.000000,2.353543,2.000000,113.580247,1.176772,1.000000,2.030075,3.000000,,0.676692,0.000000,0.000000,0.000000,,0.000000,0.000000,,,,,,8.000000,1.000000,20.000000,-1.000000,,,,38.848067,11.464968,31.076998,-0.975552,-0.979711,0.004159,14.309397,13.680320,21.085078,-2.163261,-5.021091,0.177298,0.065616,,0.000000,,26.257874,48.795181,51.508017,-0.268475,-0.254554,-0.013921,14.561633,14.675574,41.991570,-0.917268,-1.270593,-0.578693,0.008426,1.705152,1.066667,83.000000,147.540984,54.440154,0.573171,1.158584
2025-10-14T09:45:00Z,0.945238,no_impulse,0,AARTIIND,1h,1.000000,45.833333,1.932432,0.000000,0.000000,-1.160689,-1.224948,-2.524603,4.045643,8.000000,172.375691,0.505705,8.000000,32.818436,25.961538,14.903846,1.000000,-0.172262,0.024239,-0.196500,37.421742,23.198772,26.349244,-1.160689,-1.224948,-2.524603,0.051021,0.025555,2.403399,6.000000,140.310078,0.400567,1.000000,54.766758,48.066298,62.542246,0.000000,0.296693,0.235438,0.061255,37.801938,34.911723,10.973894,0.218695,0.457392,-0.815263,0.581584,0.026865,1.684073,6.000000,65.151515,0.280679,2.000000,48.428819,48.989899,49.494949,0.000000,0.125760,0.124472,0.001288,33.792147,24.489844,19.388180,-0.139346,-0.114770,-1.634711,0.442519,0.024208,2.653444,7.000000,110.000000,0.379063,7.000000,66.633284,83.333333,83.703704,1.000000,0.126855,-0.032258,0.159112,34.813881,34.542257,10.954937,0.932124,0.853784,-0.803205,0.982008,0.019520,2.355404,3.000000,147.540984,0.785135,4.000000,32.250811,8.333333,8.058542,0.000000,-0.192737,-0.086956,-0.105781,34.013243,26.226134,18.112093,-0.786775,-1.096334,-2.941608,-0.135446,0.012285,1.622340,2.000000,86.524823,0.811170,3.000000,49.041086,24.590164,23.947637,1.000000,-0.055364,-0.031553,-0.023810,36.284781,33.509794,11.383835,-0.015579,-0.230285,-2.028344,0.483998,0.009734,1.840491,16.000000,54.440154,0.115031,2.000000,46.442360,25.274725,25.641026,0.000000,-0.056244,-0.016504,-0.039740,36.079854,23.918433,14.366902,-0.125805,-0.347911,-2.165374,0.397400,0.012246,3.499054,22.000000,118.807339,0.159048,7.000000,53.672500,59.788360,70.467088,0.000000,0.255983,0.145314,0.110670,47.411799,26.278160,10.871097,0.208855,-0.022203,-1.955911,0.568976,0.030343,2.860892,1.000000,114.736842,2.860892,4.000000,2.557201,7.000000,111.111111,0.365314,7.000000,2.249704,5.000000,126.666667,0.449941,4.000000,1.808197,0.000000,30.681818,0.000000,4.000000,5.565393,30.000000,303.448276,0.185513,4.000000,1.868316,9.000000,68.075117,0.207591,3.000000,2.671181,9.000000,81.609195,0.296798,2.000000,3.383897,15.000000,90.311419,0.225593,3.000000,3.611597,7.000000,157.065217,0.515942,8.000000,2.353543,2.000000,113.580247,1.176772,1.000000,2.030075,3.000000,,0.676692,0.000000,0.000000,0.000000,,0.000000,0.000000,8.000000,2.000000,0.000000,-1.000000,,,,38.848067,11.464968,31.076998,-0.975552,-0.979711,0.004159,14.309397,13.680320,21.085078,-2.163261,-5.021091,0.177298,0.065616,,0.000000,,26.257874,48.795181,51.508017,-0.268475,-0.254554,-0.013921,14.561633,14.675574,41.991570,-0.917268,-1.270593,-0.578693,0.008426,0.757165,0.000000,83.000000,172.375691,54.440154,0.775898,1.226494
2025-10-15T09:45:00Z,0.927318,no_impulse,0,AARTIIND,1h,-1.000000,100.000000,1.895797,7.000000,0.270828,-1.216716,-1.590551,-3.029981,1.932432,0.000000,45.833333,0.000000,8.000000,32.818436,25.961538,14.903846,0.000000,-0.172262,0.024239,-0.196500,37.421742,23.198772,26.349244,-1.160689,-1.224948,-2.524603,0.051021,0.025555,4.045643,8.000000,172.375691,0.505705,8.000000,32.818436,25.961538,14.903846,1.000000,-0.172262,0.024239,-0.196500,37.421742,23.198772,26.349244,-1.160689,-1.224948,-2.524603,0.051021,0.025555,2.403399,6.000000,140.310078,0.400567,1.000000,54.766758,48.066298,62.542246,0.000000,0.296693,0.235438,0.061255,37.801938,34.911723,10.973894,0.218695,0.457392,-0.815263,0.581584,0.026865,1.684073,6.000000,65.151515,0.280679,2.000000,48.428819,48.989899,49.494949,0.000000,0.125760,0.124472,0.001288,33.792147,24.489844,19.388180,-0.139346,-0.114770,-1.634711,0.442519,0.024208,2.653444,7.000000,110.000000,0.379063,7.000000,66.633284,83.333333,83.703704,1.000000,0.126855,-0.032258,0.159112,34.813881,34.542257,10.954937,0.932124,0.853784,-0.803205,0.982008,0.019520,2.355404,3.000000,147.540984,0.785135,4.000000,32.250811,8.333333,8.058542,0.000000,-0.192737,-0.086956,-0.105781,34.013243,26.226134,18.112093,-0.786775,-1.096334,-2.941608,-0.135446,0.012285,1.622340,2.000000,86.524823,0.811170,3.000000,49.041086,24.590164,23.947637,1.000000,-0.055364,-0.031553,-0.023810,36.284781,33.509794,11.383835,-0.015579,-0.230285,-2.028344,0.483998,0.009734,1.840491,16.000000,54.440154,0.115031,2.000000,46.442360,25.274725,25.641026,0.000000,-0.056244,-0.016504,-0.039740,36.079854,23.918433,14.366902,-0.125805,-0.347911,-2.165374,0.397400,0.012246,3.499054,22.000000,118.807339,0.159048,7.000000,2.860892,1.000000,114.736842,2.860892,4.000000,2.557201,7.000000,111.111111,0.365314,7.000000,2.249704,5.000000,126.666667,0.449941,4.000000,1.808197,0.000000,30.681818,0.000000,4.000000,5.565393,30.000000,303.448276,0.185513,4.000000,1.868316,9.000000,68.075117,0.207591,3.000000,2.671181,9.000000,81.609195,0.296798,2.000000,3.383897,15.000000,90.311419,0.225593,3.000000,3.611597,7.000000,157.065217,0.515942,8.000000,2.353543,2.000000,113.580247,1.176772,1.000000,2.030075,3.000000,,0.676692,0.000000,4.000000,3.000000,7.000000,-1.000000,,,,44.687568,41.987179,26.589312,-0.920409,-0.957964,0.037555,14.461592,14.238203,19.840843,-0.791233,-3.551347,0.373557,0.062085,,0.000000,,25.379461,32.323232,45.606947,-0.241365,-0.211432,-0.029933,55.798061,4.771379,42.632760,-0.730403,-1.175316,-0.345460,0.008576,0.761451,0.985915,90.000000,172.375691,45.833333,0.800222,1.252289
2025-10-16T04:45:00Z,0.948622,no_impulse,0,AARTIIND,1h,1.000000,118.881119,2.297297,2.000000,1.148649,0.150913,-0.187608,-1.599843,1.895797,7.000000,100.000000,0.270828,4.000000,29.272235,11.188811,18.919969,1.000000,-0.431784,-0.262348,-0.169436,29.313061,15.342548,30.692145,-1.216716,-1.590551,-3.029981,0.159465,0.035300,1.932432,0.000000,45.833333,0.000000,8.000000,32.818436,25.961538,14.903846,0.000000,-0.172262,0.024239,-0.196500,37.421742,23.198772,26.349244,-1.160689,-1.224948,-2.524603,0.051021,0.025555,4.045643,8.000000,172.375691,0.505705,8.000000,32.818436,25.961538,14.903846,1.000000,-0.172262,0.024239,-0.196500,37.421742,23.198772,26.349244,-1.160689,-1.224948,-2.524603,0.051021,0.025555,2.403399,6.000000,140.310078,0.400567,1.000000,54.766758,48.066298,62.542246,0.000000,0.296693,0.235438,0.061255,37.801938,34.911723,10.973894,0.218695,0.457392,-0.815263,0.581584,0.026865,1.684073,6.000000,65.151515,0.280679,2.000000,48.428819,48.989899,49.494949,0.000000,0.125760,0.124472,0.001288,33.792147,24.489844,19.388180,-0.139346,-0.114770,-1.634711,0.442519,0.024208,2.653444,7.000000,110.000000,0.379063,7.000000,66.633284,83.333333,83.703704,1.000000,0.126855,-0.032258,0.159112,34.813881,34.542257,10.954937,0.932124,0.853784,-0.803205,0.982008,0.019520,2.355404,3.000000,147.540984,0.785135,4.000000,32.250811,8.333333,8.058542,0.000000,-0.192737,-0.086956,-0.105781,34.013243,26.226134,18.112093,-0.786775,-1.096334,-2.941608,-0.135446,0.012285,1.622340,2.000000,86.524823,0.811170,3.000000,49.041086,24.590164,23.947637,1.000000,-0.055364,-0.031553,-0.023810,36.284781,33.509794,11.383835,-0.015579,-0.230285,-2.028344,0.483998,0.009734,1.840491,16.000000,54.440154,0.115031,2.000000,3.499054,22.000000,118.807339,0.159048,7.000000,2.860892,1.000000,114.736842,2.860892,4.000000,2.557201,7.000000,111.111111,0.365314,7.000000,2.249704,5.000000,126.666667,0.449941,4.000000,1.808197,0.000000,30.681818,0.000000,4.000000,5.565393,30.000000,303.448276,0.185513,4.000000,1.868316,9.000000,68.075117,0.207591,3.000000,2.671181,9.000000,81.609195,0.296798,2.000000,3.383897,15.000000,90.311419,0.225593,3.000000,3.611597,7.000000,157.065217,0.515942,8.000000,2.353543,2.000000,113.580247,1.176772,1.000000,7.000000,4.000000,9.000000,-1.000000,,,,44.687568,41.987179,26.589312,-0.920409,-0.957964,0.037555,14.461592,14.238203,19.840843,-0.791233,-3.551347,0.373557,0.062085,,0.000000,,60.441379,94.303797,83.665570,-0.017642,-0.128758,0.111117,46.828353,21.949078,26.243295,0.670644,0.400518,1.055918,0.012145,0.959924,0.259740,92.000000,172.375691,45.833333,0.808636,1.168072
2025-10-17T07:45:00Z,0.929198,no_impulse,0,AARTIIND,1h,-1.000000,91.176471,2.047556,10.000000,0.204756,-1.075274,-1.481420,-2.957563,2.297297,2.000000,118.881119,1.148649,7.000000,50.349938,78.823529,50.860724,1.000000,-0.319254,-0.290540,-0.028714,26.095467,26.268357,24.769190,0.150913,-0.187608,-1.599843,0.547838,0.031594,1.895797,7.000000,100.000000,0.270828,4.000000,29.272235,11.188811,18.919969,1.000000,-0.431784,-0.262348,-0.169436,29.313061,15.342548,30.692145,-1.216716,-1.590551,-3.029981,0.159465,0.035300,1.932432,0.000000,45.833333,0.000000,8.000000,32.818436,25.961538,14.903846,0.000000,-0.172262,0.024239,-0.196500,37.421742,23.198772,26.349244,-1.160689,-1.224948,-2.524603,0.051021,0.025555,4.045643,8.000000,172.375691,0.505705,8.000000,32.818436,25.961538,14.903846,1.000000,-0.172262,0.024239,-0.196500,37.421742,23.198772,26.349244,-1.160689,-1.224948,-2.524603,0.051021,0.025555,2.403399,6.000000,140.310078,0.400567,1.000000,54.766758,48.066298,62.542246,0.000000,0.296693,0.235438,0.061255,37.801938,34.911723,10.973894,0.218695,0.457392,-0.815263,0.581584,0.026865,1.684073,6.000000,65.151515,0.280679,2.000000,48.428819,48.989899,49.494949,0.000000,0.125760,0.124472,0.001288,33.792147,24.489844,19.388180,-0.139346,-0.114770,-1.634711,0.442519,0.024208,2.653444,7.000000,110.000000,0.379063,7.000000,66.633284,83.333333,83.703704,1.000000,0.126855,-0.032258,0.159112,34.813881,34.542257,10.954937,0.932124,0.853784,-0.803205,0.982008,0.019520,2.355404,3.000000,147.540984,0.785135,4.000000,32.250811,8.333333,8.058542,0.000000,-0.192737,-0.086956,-0.105781,34.013243,26.226134,18.112093,-0.786775,-1.096334,-2.941608,-0.135446,0.012285,1.622340,2.000000,86.524823,0.811170,3.000000,1.840491,16.000000,54.440154,0.115031,2.000000,3.499054,22.000000,118.807339,0.159048,7.000000,2.860892,1.000000,114.736842,2.860892,4.000000,2.557201,7.000000,111.111111,0.365314,7.000000,2.249704,5.000000,126.666667,0.449941,4.000000,1.808197,0.000000,30.681818,0.000000,4.000000,5.565393,30.000000,303.448276,0.185513,4.000000,1.868316,9.000000,68.075117,0.207591,3.000000,2.671181,9.000000,81.609195,0.296798,2.000000,3.383897,15.000000,90.311419,0.225593,3.000000,3.611597,7.000000,157.065217,0.515942,8.000000,2.000000,1.000000,10.000000,-1.000000,,,,43.056278,30.769231,28.073793,-0.917697,-0.953489,0.035792,14.895188,13.381472,20.296133,-1.141667,-3.876615,0.302994,0.057297,,0.000000,,38.505734,27.272727,22.890308,-0.202280,-0.172970,-0.029310,46.269221,7.609857,26.363838,-0.301402,-0.561155,0.284630,0.013953,0.900804,1.754386,102.000000,172.375691,45.833333,0.709218,0.753159
2025-10-24T03:45:00Z,0.956516,no_impulse,0,AARTIIND,1h,1.000000,140.645161,2.939987,18.000000,0.163333,0.536476,0.652556,-0.522415,2.047556,10.000000,91.176471,0.204756,2.000000,32.612923,11.764706,30.000000,1.000000,-0.319231,-0.238898,-0.080333,22.247523,16.816589,36.550144,-1.075274,-1.481420,-2.957563,-0.080147,0.018337,2.297297,2.000000,118.881119,1.148649,7.000000,50.349938,78.823529,50.860724,1.000000,-0.319254,-0.290540,-0.028714,26.095467,26.268357,24.769190,0.150913,-0.187608,-1.599843,0.547838,0.031594,1.895797,7.000000,100.000000,0.270828,4.000000,29.272235,11.188811,18.919969,1.000000,-0.431784,-0.262348,-0.169436,29.313061,15.342548,30.692145,-1.216716,-1.590551,-3.029981,0.159465,0.035300,1.932432,0.000000,45.833333,0.000000,8.000000,32.818436,25.961538,14.903846,0.000000,-0.172262,0.024239,-0.196500,37.421742,23.198772,26.349244,-1.160689,-1.224948,-2.524603,0.051021,0.025555,4.045643,8.000000,172.375691,0.505705,8.000000,32.818436,25.961538,14.903846,1.000000,-0.172262,0.024239,-0.196500,37.421742,23.198772,26.349244,-1.160689,-1.224948,-2.524603,0.051021,0.025555,2.403399,6.000000,140.310078,0.400567,1.000000,54.766758,48.066298,62.542246,0.000000,0.296693,0.235438,0.061255,37.801938,34.911723,10.973894,0.218695,0.457392,-0.815263,0.581584,0.026865,1.684073,6.000000,65.151515,0.280679,2.000000,48.428819,48.989899,49.494949,0.000000,0.125760,0.124472,0.001288,33.792147,24.489844,19.388180,-0.139346,-0.114770,-1.634711,0.442519,0.024208,2.653444,7.000000,110.000000,0.379063,7.000000,66.633284,83.333333,83.703704,1.000000,0.126855,-0.032258,0.159112,34.813881,34.542257,10.954937,0.932124,0.853784,-0.803205,0.982008,0.019520,2.355404,3.000000,147.540984,0.785135,4.000000,1.622340,2.000000,86.524823,0.811170,3.000000,1.840491,16.000000,54.440154,0.115031,2.000000,3.499054,22.000000,118.807339,0.159048,7.000000,2.860892,1.000000,114.736842,2.860892,4.000000,2.557201,7.000000,111.111111,0.365314,7.000000,2.249704,5.000000,126.666667,0.449941,4.000000,1.808197,0.000000,30.681818,0.000000,4.000000,5.565393,30.000000,303.448276,0.185513,4.000000,1.868316,9.000000,68.075117,0.207591,3.000000,2.671181,9.000000,81.609195,0.296798,2.000000,3.383897,15.000000,90.311419,0.225593,3.000000,1.000000,2.000000,28.000000,-1.000000,,,,51.902126,75.000000,55.769231,-0.603670,-0.835705,0.232035,14.154058,18.227771,16.074950,0.816360,-1.534510,0.756593,0.032077,,0.000000,,54.173523,14.035088,32.530927,0.209703,0.273820,-0.064117,31.508439,30.221615,14.330339,0.048093,0.490508,0.552546,0.009157,1.281744,3.529412,120.000000,172.375691,45.833333,0.698122,0.744577
2025-10-24T07:45:00Z,0.943609,no_impulse,0,AARTIIND,1h,-1.000000,47.247706,1.349404,4.000000,0.337351,-0.098720,0.023823,-1.085688,2.939987,18.000000,140.645161,0.163333,1.000000,58.296823,72.916667,77.604167,0.000000,0.322411,0.162255,0.160156,23.593757,28.863217,14.399233,0.536476,0.652556,-0.522415,0.653400,0.035161,2.047556,10.000000,91.176471,0.204756,2.000000,32.612923,11.764706,30.000000,1.000000,-0.319231,-0.238898,-0.080333,22.247523,16.816589,36.550144,-1.075274,-1.481420,-2.957563,-0.080147,0.018337,2.297297,2.000000,118.881119,1.148649,7.000000,50.349938,78.823529,50.860724,1.000000,-0.319254,-0.290540,-0.028714,26.095467,26.268357,24.769190,0.150913,-0.187608,-1.599843,0.547838,0.031594,1.895797,7.000000,100.000000,0.270828,4.000000,29.272235,11.188811,18.919969,1.000000,-0.431784,-0.262348,-0.169436,29.313061,15.342548,30.692145,-1.216716,-1.590551,-3.029981,0.159465,0.035300,1.932432,0.000000,45.833333,0.000000,8.000000,32.818436,25.961538,14.903846,0.000000,-0.172262,0.024239,-0.196500,37.421742,23.198772,26.349244,-1.160689,-1.224948,-2.524603,0.051021,0.025555,4.045643,8.000000,172.375691,0.505705,8.000000,32.818436,25.961538,14.903846,1.000000,-0.172262,0.024239,-0.196500,37.421742,23.198772,26.349244,-1.160689,-1.224948,-2.524603,0.051021,0.025555,2.403399,6.000000,140.310078,0.400567,1.000000,54.766758,48.066298,62.542246,0.000000,0.296693,0.235438,0.061255,37.801938,34.911723,10.973894,0.218695,0.457392,-0.815263,0.581584,0.026865,1.684073,6.000000,65.151515,0.280679,2.000000,48.428819,48.989899,49.494949,0.000000,0.125760,0.124472,0.001288,33.792147,24.489844,19.388180,-0.139346,-0.114770,-1.634711,0.442519,0.024208,2.653444,7.000000,110.000000,0.379063,7.000000,2.355404,3.000000,147.540984,0.785135,4.000000,1.622340,2.000000,86.524823,0.811170,3.000000,1.840491,16.000000,54.440154,0.115031,2.000000,3.499054,22.000000,118.807339,0.159048,7.000000,2.860892,1.000000,114.736842,2.860892,4.000000,2.557201,7.000000,111.111111,0.365314,7.000000,2.249704,5.000000,126.666667,0.449941,4.000000,1.808197,0.000000,30.681818,0.000000,4.000000,5.565393,30.000000,303.448276,0.185513,4.000000,1.868316,9.000000,68.075117,0.207591,3.000000,2.671181,9.000000,81.609195,0.296798,2.000000,2.000000,3.000000,32.000000,-1.000000,,,,51.902126,75.000000,55.769231,-0.603670,-0.835705,0.232035,14.154058,18.227771,16.074950,0.816360,-1.534510,0.756593,0.032077,,0.000000,,47.467411,34.782609,56.038647,-0.013855,-0.009808,-0.004047,23.376087,23.653505,16.576773,-0.119185,0.023856,0.380839,0.009990,0.556340,0.597015,124.000000,172.375691,45.833333,0.681470,0.925191
2025-10-24T09:45:00Z,0.964912,no_impulse,0,AARTIIND,1h,1.000000,165.048544,2.257636,2.000000,1.128818,1.522887,1.781839,0.801332,1.349404,4.000000,47.247706,0.337351,2.000000,49.747460,48.947368,58.572734,0.000000,0.213270,0.210709,0.002561,23.895269,26.685095,14.858681,-0.098720,0.023823,-1.085688,0.469839,0.032699,2.939987,18.000000,140.645161,0.163333,1.000000,58.296823,72.916667,77.604167,0.000000,0.322411,0.162255,0.160156,23.593757,28.863217,14.399233,0.536476,0.652556,-0.522415,0.653400,0.035161,2.047556,10.000000,91.176471,0.204756,2.000000,32.612923,11.764706,30.000000,1.000000,-0.319231,-0.238898,-0.080333,22.247523,16.816589,36.550144,-1.075274,-1.481420,-2.957563,-0.080147,0.018337,2.297297,2.000000,118.881119,1.148649,7.000000,50.349938,78.823529,50.860724,1.000000,-0.319254,-0.290540,-0.028714,26.095467,26.268357,24.769190,0.150913,-0.187608,-1.599843,0.547838,0.031594,1.895797,7.000000,100.000000,0.270828,4.000000,29.272235,11.188811,18.919969,1.000000,-0.431784,-0.262348,-0.169436,29.313061,15.342548,30.692145,-1.216716,-1.590551,-3.029981,0.159465,0.035300,1.932432,0.000000,45.833333,0.000000,8.000000,32.818436,25.961538,14.903846,0.000000,-0.172262,0.024239,-0.196500,37.421742,23.198772,26.349244,-1.160689,-1.224948,-2.524603,0.051021,0.025555,4.045643,8.000000,172.375691,0.505705,8.000000,32.818436,25.961538,14.903846,1.000000,-0.172262,0.024239,-0.196500,37.421742,23.198772,26.349244,-1.160689,-1.224948,-2.524603,0.051021,0.025555,2.403399,6.000000,140.310078,0.400567,1.000000,54.766758,48.066298,62.542246,0.000000,0.296693,0.235438,0.061255,37.801938,34.911723,10.973894,0.218695,0.457392,-0.815263,0.581584,0.026865,1.684073,6.000000,65.151515,0.280679,2.000000,2.653444,7.000000,110.000000,0.379063,7.000000,2.355404,3.000000,147.540984,0.785135,4.000000,1.622340,2.000000,86.524823,0.811170,3.000000,1.840491,16.000000,54.440154,0.115031,2.000000,3.499054,22.000000,118.807339,0.159048,7.000000,2.860892,1.000000,114.736842,2.860892,4.000000,2.557201,7.000000,111.111111,0.365314,7.000000,2.249704,5.000000,126.666667,0.449941,4.000000,1.808197,0.000000,30.681818,0.000000,4.000000,5.565393,30.000000,303.448276,0.185513,4.000000,1.868316,9.000000,68.075117,0.207591,3.000000,1.000000,4.000000,34.000000,-1.000000,,,,51.902126,75.000000,55.769231,-0.603670,-0.835705,0.232035,14.154058,18.227771,16.074950,0.816360,-1.534510,0.756593,0.032077,,0.000000,,72.127332,88.235294,69.919843,0.137206,0.001691,0.135515,22.884067,44.501625,11.713485,1.398275,1.583448,1.300726,0.017710,0.971067,0.294118,126.000000,172.375691,45.833333,0.762415,1.034514
2025-10-28T09:45:00Z,0.942607,no_impulse,0,AARTIIND,1h,-1.000000,104.705882,2.311688,14.000000,0.165121,-0.402228,-0.147385,-0.797117,2.257636,2.000000,165.048544,1.128818,1.000000,65.774355,89.189189,76.957996,1.000000,0.362675,0.246783,0.115892,27.100262,37.262374,11.444029,1.522887,1.781839,0.801332,0.948021,0.034517,1.349404,4.000000,47.247706,0.337351,2.000000,49.747460,48.947368,58.572734,0.000000,0.213270,0.210709,0.002561,23.895269,26.685095,14.858681,-0.098720,0.023823,-1.085688,0.469839,0.032699,2.939987,18.000000,140.645161,0.163333,1.000000,58.296823,72.916667,77.604167,0.000000,0.322411,0.162255,0.160156,23.593757,28.863217,14.399233,0.536476,0.652556,-0.522415,0.653400,0.035161,2.047556,10.000000,91.176471,0.204756,2.000000,32.612923,11.764706,30.000000,1.000000,-0.319231,-0.238898,-0.080333,22.247523,16.816589,36.550144,-1.075274,-1.481420,-2.957563,-0.080147,0.018337,2.297297,2.000000,118.881119,1.148649,7.000000,50.349938,78.823529,50.860724,1.000000,-0.319254,-0.290540,-0.028714,26.095467,26.268357,24.769190,0.150913,-0.187608,-1.599843,0.547838,0.031594,1.895797,7.000000,100.000000,0.270828,4.000000,29.272235,11.188811,18.919969,1.000000,-0.431784,-0.262348,-0.169436,29.313061,15.342548,30.692145,-1.216716,-1.590551,-3.029981,0.159465,0.035300,1.932432,0.000000,45.833333,0.000000,8.000000,32.818436,25.961538,14.903846,0.000000,-0.172262,0.024239,-0.196500,37.421742,23.198772,26.349244,-1.160689,-1.224948,-2.524603,0.051021,0.025555,4.045643,8.000000,172.375691,0.505705,8.000000,32.818436,25.961538,14.903846,1.000000,-0.172262,0.024239,-0.196500,37.421742,23.198772,26.349244,-1.160689,-1.224948,-2.524603,0.051021,0.025555,2.403399,6.000000,140.310078,0.400567,1.000000,1.684073,6.000000,65.151515,0.280679,2.000000,2.653444,7.000000,110.000000,0.379063,7.000000,2.355404,3.000000,147.540984,0.785135,4.000000,1.622340,2.000000,86.524823,0.811170,3.000000,1.840491,16.000000,54.440154,0.115031,2.000000,3.499054,22.000000,118.807339,0.159048,7.000000,2.860892,1.000000,114.736842,2.860892,4.000000,2.557201,7.000000,111.111111,0.365314,7.000000,2.249704,5.000000,126.666667,0.449941,4.000000,1.808197,0.000000,30.681818,0.000000,4.000000,5.565393,30.000000,303.448276,0.185513,4.000000,8.000000,1.000000,48.000000,-1.000000,,,,56.138505,88.055556,68.561254,-0.260993,-0.611789,0.350796,12.713942,19.414045,14.998117,1.681352,-0.264126,0.981264,0.035534,,0.000000,,37.621439,33.009709,24.608678,-0.245597,-0.179444,-0.066153,23.111622,23.368236,20.802252,-0.305955,-0.467394,0.328021,0.017736,1.011537,2.222222,140.000000,172.375691,45.833333,0.753688,1.049094
2025-10-29T03:45:00Z,0.972431,no_impulse,0,AARTIIND,1h,1.000000,133.707865,3.164052,1.000000,3.164052,1.438977,1.768067,1.191422,2.311688,14.000000,104.705882,0.165121,8.000000,46.111980,23.943662,14.544217,0.000000,0.076689,0.220970,-0.144281,26.069848,23.803236,18.261286,-0.402228,-0.147385,-0.797117,0.306824,0.020738,2.257636,2.000000,165.048544,1.128818,1.000000,65.774355,89.189189,76.957996,1.000000,0.362675,0.246783,0.115892,27.100262,37.262374,11.444029,1.522887,1.781839,0.801332,0.948021,0.034517,1.349404,4.000000,47.247706,0.337351,2.000000,49.747460,48.947368,58.572734,0.000000,0.213270,0.210709,0.002561,23.895269,26.685095,14.858681,-0.098720,0.023823,-1.085688,0.469839,0.032699,2.939987,18.000000,140.645161,0.163333,1.000000,58.296823,72.916667,77.604167,0.000000,0.322411,0.162255,0.160156,23.593757,28.863217,14.399233,0.536476,0.652556,-0.522415,0.653400,0.035161,2.047556,10.000000,91.176471,0.204756,2.000000,32.612923,11.764706,30.000000,1.000000,-0.319231,-0.238898,-0.080333,22.247523,16.816589,36.550144,-1.075274,-1.481420,-2.957563,-0.080147,0.018337,2.297297,2.000000,118.881119,1.148649,7.000000,50.349938,78.823529,50.860724,1.000000,-0.319254,-0.290540,-0.028714,26.095467,26.268357,24.769190,0.150913,-0.187608,-1.599843,0.547838,0.031594,1.895797,7.000000,100.000000,0.270828,4.000000,29.272235,11.188811,18.919969,1.000000,-0.431784,-0.262348,-0.169436,29.313061,15.342548,30.692145,-1.216716,-1.590551,-3.029981,0.159465,0.035300,1.932432,0.000000,45.833333,0.000000,8.000000,32.818436,25.961538,14.903846,0.000000,-0.172262,0.024239,-0.196500,37.421742,23.198772,26.349244,-1.160689,-1.224948,-2.524603,0.051021,0.025555,4.045643,8.000000,172.375691,0.505705,8.000000,2.403399,6.000000,140.310078,0.400567,1.000000,1.684073,6.000000,65.151515,0.280679,2.000000,2.653444,7.000000,110.000000,0.379063,7.000000,2.355404,3.000000,147.540984,0.785135,4.000000,1.622340,2.000000,86.524823,0.811170,3.000000,1.840491,16.000000,54.440154,0.115031,2.000000,3.499054,22.000000,118.807339,0.159048,7.000000,2.860892,1.000000,114.736842,2.860892,4.000000,2.557201,7.000000,111.111111,0.365314,7.000000,2.249704,5.000000,126.666667,0.449941,4.000000,1.808197,0.000000,30.681818,0.000000,4.000000,1.000000,1.000000,1.000000,-1.000000,,,,56.138505,88.055556,68.561254,-0.260993,-0.611789,0.350796,12.713942,19.414045,14.998117,1.681352,-0.264126,0.981264,0.035534,,0.000000,,61.023762,89.830508,49.110004,-0.160835,-0.174367,0.013532,23.072361,26.321520,16.630665,0.579793,0.462050,0.827909,0.017785,1.347504,0.140845,,172.375691,45.833333,0.723587,0.812472
2025-10-31T09:45:00Z,0.949875,no_impulse,0,AARTIIND,1h,-1.000000,75.630252,2.319588,20.000000,0.115979,-0.205815,0.039102,-0.079561,3.164052,1.000000,133.707865,3.164052,1.000000,63.481897,78.571429,38.905425,0.000000,0.195205,0.212308,-0.017103,27.351122,35.828371,13.930596,1.438977,1.768067,1.191422,1.132292,0.023090,2.311688,14.000000,104.705882,0.165121,8.000000,46.111980,23.943662,14.544217,0.000000,0.076689,0.220970,-0.144281,26.069848,23.803236,18.261286,-0.402228,-0.147385,-0.797117,0.306824,0.020738,2.257636,2.000000,165.048544,1.128818,1.000000,65.774355,89.189189,76.957996,1.000000,0.362675,0.246783,0.115892,27.100262,37.262374,11.444029,1.522887,1.781839,0.801332,0.948021,0.034517,1.349404,4.000000,47.247706,0.337351,2.000000,49.747460,48.947368,58.572734,0.000000,0.213270,0.210709,0.002561,23.895269,26.685095,14.858681,-0.098720,0.023823,-1.085688,0.469839,0.032699,2.939987,18.000000,140.645161,0.163333,1.000000,58.296823,72.916667,77.604167,0.000000,0.322411,0.162255,0.160156,23.593757,28.863217,14.399233,0.536476,0.652556,-0.522415,0.653400,0.035161,2.047556,10.000000,91.176471,0.204756,2.000000,32.612923,11.764706,30.000000,1.000000,-0.319231,-0.238898,-0.080333,22.247523,16.816589,36.550144,-1.075274,-1.481420,-2.957563,-0.080147,0.018337,2.297297,2.000000,118.881119,1.148649,7.000000,50.349938,78.823529,50.860724,1.000000,-0.319254,-0.290540,-0.028714,26.095467,26.268357,24.769190,0.150913,-0.187608,-1.599843,0.547838,0.031594,1.895797,7.000000,100.000000,0.270828,4.000000,29.272235,11.188811,18.919969,1.000000,-0.431784,-0.262348,-0.169436,29.313061,15.342548,30.692145,-1.216716,-1.590551,-3.029981,0.159465,0.035300,1.932432,0.000000,45.833333,0.000000,8.000000,4.045643,8.000000,172.375691,0.505705,8.000000,2.403399,6.000000,140.310078,0.400567,1.000000,1.684073,6.000000,65.151515,0.280679,2.000000,2.653444,7.000000,110.000000,0.379063,7.000000,2.355404,3.000000,147.540984,0.785135,4.000000,1.622340,2.000000,86.524823,0.811170,3.000000,1.840491,16.000000,54.440154,0.115031,2.000000,3.499054,22.000000,118.807339,0.159048,7.000000,2.860892,1.000000,114.736842,2.860892,4.000000,2.557201,7.000000,111.111111,0.365314,7.000000,2.249704,5.000000,126.666667,0.449941,4.000000,2.000000,2.000000,21.000000,-1.000000,,,,49.367325,55.277778,71.481481,-0.152449,-0.455226,0.302777,12.278173,17.049403,14.967316,0.061941,-1.709297,0.516940,0.036587,,0.000000,,45.786628,50.666667,30.234148,-0.101359,-0.089990,-0.011369,18.169232,18.484407,23.272363,-0.116017,-0.270011,0.353817,0.007927,0.956867,3.030303,,172.375691,45.833333,0.768627,1.220363
2025-11-03T04:45:00Z,0.983960,no_impulse,0,AARTIIND,1h,1.000000,151.111111,3.588391,2.000000,1.794195,1.580130,1.989429,1.991633,2.319588,20.000000,75.630252,0.115979,2.000000,47.907827,21.348315,13.756839,0.000000,-0.030253,0.086241,-0.116494,25.508818,20.902092,18.001779,-0.205815,0.039102,-0.079561,0.399400,0.020417,3.164052,1.000000,133.707865,3.164052,1.000000,63.481897,78.571429,38.905425,0.000000,0.195205,0.212308,-0.017103,27.351122,35.828371,13.930596,1.438977,1.768067,1.191422,1.132292,0.023090,2.311688,14.000000,104.705882,0.165121,8.000000,46.111980,23.943662,14.544217,0.000000,0.076689,0.220970,-0.144281,26.069848,23.803236,18.261286,-0.402228,-0.147385,-0.797117,0.306824,0.020738,2.257636,2.000000,165.048544,1.128818,1.000000,65.774355,89.189189,76.957996,1.000000,0.362675,0.246783,0.115892,27.100262,37.262374,11.444029,1.522887,1.781839,0.801332,0.948021,0.034517,1.349404,4.000000,47.247706,0.337351,2.000000,49.747460,48.947368,58.572734,0.000000,0.213270,0.210709,0.002561,23.895269,26.685095,14.858681,-0.098720,0.023823,-1.085688,0.469839,0.032699,2.939987,18.000000,140.645161,0.163333,1.000000,58.296823,72.916667,77.604167,0.000000,0.322411,0.162255,0.160156,23.593757,28.863217,14.399233,0.536476,0.652556,-0.522415,0.653400,0.035161,2.047556,10.000000,91.176471,0.204756,2.000000,32.612923,11.764706,30.000000,1.000000,-0.319231,-0.238898,-0.080333,22.247523,16.816589,36.550144,-1.075274,-1.481420,-2.957563,-0.080147,0.018337,2.297297,2.000000,118.881119,1.148649,7.000000,50.349938,78.823529,50.860724,1.000000,-0.319254,-0.290540,-0.028714,26.095467,26.268357,24.769190,0.150913,-0.187608,-1.599843,0.547838,0.031594,1.895797,7.000000,100.000000,0.270828,4.000000,1.932432,0.000000,45.833333,0.000000,8.000000,4.045643,8.000000,172.375691,0.505705,8.000000,2.403399,6.000000,140.310078,0.400567,1.000000,1.684073,6.000000,65.151515,0.280679,2.000000,2.653444,7.000000,110.000000,0.379063,7.000000,2.355404,3.000000,147.540984,0.785135,4.000000,1.622340,2.000000,86.524823,0.811170,3.000000,1.840491,16.000000,54.440154,0.115031,2.000000,3.499054,22.000000,118.807339,0.159048,7.000000,2.860892,1.000000,114.736842,2.860892,4.000000,2.557201,7.000000,111.111111,0.365314,7.000000,1.000000,3.000000,23.000000,-1.000000,,,,57.766754,82.522124,69.637004,0.044251,-0.347178,0.391429,13.193510,21.984131,13.164360,2.080113,0.545230,0.989599,0.043389,,0.000000,,77.908312,85.294118,78.706855,0.403582,0.136674,0.266908,29.298585,41.654485,9.490074,1.684462,1.938041,1.042807,0.031564,1.593747,0.256410,,165.048544,45.833333,0.516490,1.190667
2025-11-06T05:45:00Z,0.952381,no_impulse,0,AARTIIND,1h,-1.000000,92.647059,3.209373,15.000000,0.213958,-1.169632,-0.778529,-0.412211,3.588391,2.000000,151.111111,1.794195,1.000000,65.693262,74.264706,57.215359,0.000000,0.237257,0.119143,0.118114,28.916931,37.309160,11.821741,1.580130,1.989429,1.991633,1.098050,0.026846,2.319588,20.000000,75.630252,0.115979,2.000000,47.907827,21.348315,13.756839,0.000000,-0.030253,0.086241,-0.116494,25.508818,20.902092,18.001779,-0.205815,0.039102,-0.079561,0.399400,0.020417,3.164052,1.000000,133.707865,3.164052,1.000000,63.481897,78.571429,38.905425,0.000000,0.195205,0.212308,-0.017103,27.351122,35.828371,13.930596,1.438977,1.768067,1.191422,1.132292,0.023090,2.311688,14.000000,104.705882,0.165121,8.000000,46.111980,23.943662,14.544217,0.000000,0.076689,0.220970,-0.144281,26.069848,23.803236,18.261286,-0.402228,-0.147385,-0.797117,0.306824,0.020738,2.257636,2.000000,165.048544,1.128818,1.000000,65.774355,89.189189,76.957996,1.000000,0.362675,0.246783,0.115892,27.100262,37.262374,11.444029,1.522887,1.781839,0.801332,0.948021,0.034517,1.349404,4.000000,47.247706,0.337351,2.000000,49.747460,48.947368,58.572734,0.000000,0.213270,0.210709,0.002561,23.895269,26.685095,14.858681,-0.098720,0.023823,-1.085688,0.469839,0.032699,2.939987,18.000000,140.645161,0.163333,1.000000,58.296823,72.916667,77.604167,0.000000,0.322411,0.162255,0.160156,23.593757,28.863217,14.399233,0.536476,0.652556,-0.522415,0.653400,0.035161,2.047556,10.000000,91.176471,0.204756,2.000000,32.612923,11.764706,30.000000,1.000000,-0.319231,-0.238898,-0.080333,22.247523,16.816589,36.550144,-1.075274,-1.481420,-2.957563,-0.080147,0.018337,2.297297,2.000000,118.881119,1.148649,7.000000,1.895797,7.000000,100.000000,0.270828,4.000000,1.932432,0.000000,45.833333,0.000000,8.000000,4.045643,8.000000,172.375691,0.505705,8.000000,2.403399,6.000000,140.310078,0.400567,1.000000,1.684073,6.000000,65.151515,0.280679,2.000000,2.653444,7.000000,110.000000,0.379063,7.000000,2.355404,3.000000,147.540984,0.785135,4.000000,1.622340,2.000000,86.524823,0.811170,3.000000,1.840491,16.000000,54.440154,0.115031,2.000000,3.499054,22.000000,118.807339,0.159048,7.000000,2.860892,1.000000,114.736842,2.860892,4.000000,2.000000,4.000000,38.000000,-1.000000,,,,58.464788,90.389016,79.908433,0.291536,-0.143356,0.434892,14.064538,18.225865,13.654680,2.201668,0.990346,0.930569,0.052285,,0.000000,,39.620437,30.252101,52.811306,-0.086792,-0.077543,-0.009250,18.156310,15.687924,37.497961,-0.514671,-0.608146,-0.065137,0.009060,1.327757,1.875000,,165.048544,47.247706,0.650808,1.532767
2025-11-07T03:45:00Z,1.051378,no_impulse,0,AARTIIND,1h,1.000000,313.492063,10.394737,5.000000,2.078947,6.560230,7.412613,8.084024,3.209373,15.000000,92.647059,0.213958,2.000000,38.648875,4.090909,24.378870,1.000000,0.056834,0.216106,-0.159272,27.336061,17.143740,18.293409,-1.169632,-0.778529,-0.412211,0.128958,0.031158,3.588391,2.000000,151.111111,1.794195,1.000000,65.693262,74.264706,57.215359,0.000000,0.237257,0.119143,0.118114,28.916931,37.309160,11.821741,1.580130,1.989429,1.991633,1.098050,0.026846,2.319588,20.000000,75.630252,0.115979,2.000000,47.907827,21.348315,13.756839,0.000000,-0.030253,0.086241,-0.116494,25.508818,20.902092,18.001779,-0.205815,0.039102,-0.079561,0.399400,0.020417,3.164052,1.000000,133.707865,3.164052,1.000000,63.481897,78.571429,38.905425,0.000000,0.195205,0.212308,-0.017103,27.351122,35.828371,13.930596,1.438977,1.768067,1.191422,1.132292,0.023090,2.311688,14.000000,104.705882,0.165121,8.000000,46.111980,23.943662,14.544217,0.000000,0.076689,0.220970,-0.144281,26.069848,23.803236,18.261286,-0.402228,-0.147385,-0.797117,0.306824,0.020738,2.257636,2.000000,165.048544,1.128818,1.000000,65.774355,89.189189,76.957996,1.000000,0.362675,0.246783,0.115892,27.100262,37.262374,11.444029,1.522887,1.781839,0.801332,0.948021,0.034517,1.349404,4.000000,47.247706,0.337351,2.000000,49.747460,48.947368,58.572734,0.000000,0.213270,0.210709,0.002561,23.895269,26.685095,14.858681,-0.098720,0.023823,-1.085688,0.469839,0.032699,2.939987,18.000000,140.645161,0.163333,1.000000,58.296823,72.916667,77.604167,0.000000,0.322411,0.162255,0.160156,23.593757,28.863217,14.399233,0.536476,0.652556,-0.522415,0.653400,0.035161,2.047556,10.000000,91.176471,0.204756,2.000000,2.297297,2.000000,118.881119,1.148649,7.000000,1.895797,7.000000,100.000000,0.270828,4.000000,1.932432,0.000000,45.833333,0.000000,8.000000,4.045643,8.000000,172.375691,0.505705,8.000000,2.403399,6.000000,140.310078,0.400567,1.000000,1.684073,6.000000,65.151515,0.280679,2.000000,2.653444,7.000000,110.000000,0.379063,7.000000,2.355404,3.000000,147.540984,0.785135,4.000000,1.622340,2.000000,86.524823,0.811170,3.000000,1.840491,16.000000,54.440154,0.115031,2.000000,3.499054,22.000000,118.807339,0.159048,7.000000,1.000000,5.000000,43.000000,-1.000000,,,,59.516000,43.179487,66.794221,0.446317,-0.025041,0.471358,16.843299,33.214560,10.212474,2.285578,1.267142,0.904745,0.057790,,0.000000,,88.631721,89.280868,88.318848,0.796555,0.286252,0.510303,26.692580,65.173617,8.611843,5.747175,6.315780,1.383057,0.069051,4.078771,0.568182,,165.048544,47.247706,0.666271,1.178961
2025-11-07T03:45:00Z,1.005890,no_impulse,0,AARTIIND,1h,-1.000000,45.949367,4.326579,0.000000,0.000000,6.560230,7.412613,8.084024,10.394737,5.000000,313.492063,2.078947,1.000000,81.996783,91.772152,89.149276,1.000000,0.796507,0.301256,0.495250,30.140652,52.874770,7.850512,6.560230,7.412613,8.084024,1.493590,0.070661,3.209373,15.000000,92.647059,0.213958,2.000000,38.648875,4.090909,24.378870,1.000000,0.056834,0.216106,-0.159272,27.336061,17.143740,18.293409,-1.169632,-0.778529,-0.412211,0.128958,0.031158,3.588391,2.000000,151.111111,1.794195,1.000000,65.693262,74.264706,57.215359,0.000000,0.237257,0.119143,0.118114,28.916931,37.309160,11.821741,1.580130,1.989429,1.991633,1.098050,0.026846,2.319588,20.000000,75.630252,0.115979,2.000000,47.907827,21.348315,13.756839,0.000000,-0.030253,0.086241,-0.116494,25.508818,20.902092,18.001779,-0.205815,0.039102,-0.079561,0.399400,0.020417,3.164052,1.000000,133.707865,3.164052,1.000000,63.481897,78.571429,38.905425,0.000000,0.195205,0.212308,-0.017103,27.351122,35.828371,13.930596,1.438977,1.768067,1.191422,1.132292,0.023090,2.311688,14.000000,104.705882,0.165121,8.000000,46.111980,23.943662,14.544217,0.000000,0.076689,0.220970,-0.144281,26.069848,23.803236,18.261286,-0.402228,-0.147385,-0.797117,0.306824,0.020738,2.257636,2.000000,165.048544,1.128818,1.000000,65.774355,89.189189,76.957996,1.000000,0.362675,0.246783,0.115892,27.100262,37.262374,11.444029,1.522887,1.781839,0.801332,0.948021,0.034517,1.349404,4.000000,47.247706,0.337351,2.000000,49.747460,48.947368,58.572734,0.000000,0.213270,0.210709,0.002561,23.895269,26.685095,14.858681,-0.098720,0.023823,-1.085688,0.469839,0.032699,2.939987,18.000000,140.645161,0.163333,1.000000,2.047556,10.000000,91.176471,0.204756,2.000000,2.297297,2.000000,118.881119,1.148649,7.000000,1.895797,7.000000,100.000000,0.270828,4.000000,1.932432,0.000000,45.833333,0.000000,8.000000,4.045643,8.000000,172.375691,0.505705,8.000000,2.403399,6.000000,140.310078,0.400567,1.000000,1.684073,6.000000,65.151515,0.280679,2.000000,2.653444,7.000000,110.000000,0.379063,7.000000,2.355404,3.000000,147.540984,0.785135,4.000000,1.622340,2.000000,86.524823,0.811170,3.000000,1.840491,16.000000,54.440154,0.115031,2.000000,1.000000,6.000000,43.000000,-1.000000,,,,59.516000,43.179487,66.794221,0.446317,-0.025041,0.471358,16.843299,33.214560,10.212474,2.285578,1.267142,0.904745,0.057790,,0.000000,,88.631721,89.280868,88.318848,0.796555,0.286252,0.510303,26.692580,65.173617,8.611843,5.747175,6.315780,1.383057,0.069051,1.288347,0.000000,0.000000,313.492063,47.247706,2.559053,2.205488
2025-11-07T06:45:00Z,1.032456,no_impulse,0,AARTIIND,1h,1.000000,58.402204,2.641086,3.000000,0.880362,3.611965,5.134563,6.301623,4.326579,0.000000,45.949367,0.000000,1.000000,81.996783,91.772152,89.149276,0.000000,0.796507,0.301256,0.495250,30.140652,52.874770,7.850512,6.560230,7.412613,8.084024,1.493590,0.070661,10.394737,5.000000,313.492063,2.078947,1.000000,81.996783,91.772152,89.149276,1.000000,0.796507,0.301256,0.495250,30.140652,52.874770,7.850512,6.560230,7.412613,8.084024,1.493590,0.070661,3.209373,15.000000,92.647059,0.213958,2.000000,38.648875,4.090909,24.378870,1.000000,0.056834,0.216106,-0.159272,27.336061,17.143740,18.293409,-1.169632,-0.778529,-0.412211,0.128958,0.031158,3.588391,2.000000,151.111111,1.794195,1.000000,65.693262,74.264706,57.215359,0.000000,0.237257,0.119143,0.118114,28.916931,37.309160,11.821741,1.580130,1.989429,1.991633,1.098050,0.026846,2.319588,20.000000,75.630252,0.115979,2.000000,47.907827,21.348315,13.756839,0.000000,-0.030253,0.086241,-0.116494,25.508818,20.902092,18.001779,-0.205815,0.039102,-0.079561,0.399400,0.020417,3.164052,1.000000,133.707865,3.164052,1.000000,63.481897,78.571429,38.905425,0.000000,0.195205,0.212308,-0.017103,27.351122,35.828371,13.930596,1.438977,1.768067,1.191422,1.132292,0.023090,2.311688,14.000000,104.705882,0.165121,8.000000,46.111980,23.943662,14.544217,0.000000,0.076689,0.220970,-0.144281,26.069848,23.803236,18.261286,-0.402228,-0.147385,-0.797117,0.306824,0.020738,2.257636,2.000000,165.048544,1.128818,1.000000,65.774355,89.189189,76.957996,1.000000,0.362675,0.246783,0.115892,27.100262,37.262374,11.444029,1.522887,1.781839,0.801332,0.948021,0.034517,1.349404,4.000000,47.247706,0.337351,2.000000,2.939987,18.000000,140.645161,0.163333,1.000000,2.047556,10.000000,91.176471,0.204756,2.000000,2.297297,2.000000,118.881119,1.148649,7.000000,1.895797,7.000000,100.000000,0.270828,4.000000,1.932432,0.000000,45.833333,0.000000,8.000000,4.045643,8.000000,172.375691,0.505705,8.000000,2.403399,6.000000,140.310078,0.400567,1.000000,1.684073,6.000000,65.151515,0.280679,2.000000,2.653444,7.000000,110.000000,0.379063,7.000000,2.355404,3.000000,147.540984,0.785135,4.000000,1.622340,2.000000,86.524823,0.811170,3.000000,3.000000,1.000000,46.000000,-1.000000,,,,59.516000,43.179487,66.794221,0.446317,-0.025041,0.471358,16.843299,33.214560,10.212474,2.285578,1.267142,0.904745,0.057790,,0.000000,,68.455904,71.452145,68.574124,1.494422,1.599402,-0.104980,44.447641,39.741255,14.601058,1.367106,3.438751,0.621714,0.113878,0.736470,0.370370,3.000000,313.492063,45.949367,2.530682,1.976480
2025-11-07T09:45:00Z,0.962657,no_impulse,0,AARTIIND,1h,-1.000000,262.735849,6.760529,3.000000,2.253510,-2.421311,-1.010774,0.326335,2.641086,3.000000,58.402204,0.880362,3.000000,70.481084,73.924051,76.286920,1.000000,1.502277,0.821361,0.680916,37.557702,42.320294,9.192634,3.611965,5.134563,6.301623,0.852753,0.106230,4.326579,0.000000,45.949367,0.000000,1.000000,81.996783,91.772152,89.149276,0.000000,0.796507,0.301256,0.495250,30.140652,52.874770,7.850512,6.560230,7.412613,8.084024,1.493590,0.070661,10.394737,5.000000,313.492063,2.078947,1.000000,81.996783,91.772152,89.149276,1.000000,0.796507,0.301256,0.495250,30.140652,52.874770,7.850512,6.560230,7.412613,8.084024,1.493590,0.070661,3.209373,15.000000,92.647059,0.213958,2.000000,38.648875,4.090909,24.378870,1.000000,0.056834,0.216106,-0.159272,27.336061,17.143740,18.293409,-1.169632,-0.778529,-0.412211,0.128958,0.031158,3.588391,2.000000,151.111111,1.794195,1.000000,65.693262,74.264706,57.215359,0.000000,0.237257,0.119143,0.118114,28.916931,37.309160,11.821741,1.580130,1.989429,1.991633,1.098050,0.026846,2.319588,20.000000,75.630252,0.115979,2.000000,47.907827,21.348315,13.756839,0.000000,-0.030253,0.086241,-0.116494,25.508818,20.902092,18.001779,-0.205815,0.039102,-0.079561,0.399400,0.020417,3.164052,1.000000,133.707865,3.164052,1.000000,63.481897,78.571429,38.905425,0.000000,0.195205,0.212308,-0.017103,27.351122,35.828371,13.930596,1.438977,1.768067,1.191422,1.132292,0.023090,2.311688,14.000000,104.705882,0.165121,8.000000,46.111980,23.943662,14.544217,0.000000,0.076689,0.220970,-0.144281,26.069848,23.803236,18.261286,-0.402228,-0.147385,-0.797117,0.306824,0.020738,2.257636,2.000000,165.048544,1.128818,1.000000,1.349404,4.000000,47.247706,0.337351,2.000000,2.939987,18.000000,140.645161,0.163333,1.000000,2.047556,10.000000,91.176471,0.204756,2.000000,2.297297,2.000000,118.881119,1.148649,7.000000,1.895797,7.000000,100.000000,0.270828,4.000000,1.932432,0.000000,45.833333,0.000000,8.000000,4.045643,8.000000,172.375691,0.505705,8.000000,2.403399,6.000000,140.310078,0.400567,1.000000,1.684073,6.000000,65.151515,0.280679,2.000000,2.653444,7.000000,110.000000,0.379063,7.000000,2.355404,3.000000,147.540984,0.785135,4.000000,4.000000,2.000000,49.000000,-1.000000,,,,59.516000,43.179487,66.794221,0.446317,-0.025041,0.471358,16.843299,33.214560,10.212474,2.285578,1.267142,0.904745,0.057790,,0.000000,,23.113400,3.231598,9.978591,-0.393518,0.375120,-0.768638,32.456595,14.081960,43.891734,-4.273315,-3.484888,-0.080650,0.070579,1.901026,0.454545,6.000000,313.492063,45.949367,2.540906,1.904325
2025-11-10T05:45:00Z,1.000627,no_impulse,0,AARTIIND,1h,1.000000,54.398564,3.944285,3.000000,1.314762,0.986647,2.300187,3.724776,6.760529,3.000000,262.735849,2.253510,4.000000,42.995940,12.658228,37.046414,0.000000,0.995300,1.067282,-0.071983,34.127903,29.097434,32.286870,-2.421311,-1.010774,0.326335,0.284165,0.109531,2.641086,3.000000,58.402204,0.880362,3.000000,70.481084,73.924051,76.286920,1.000000,1.502277,0.821361,0.680916,37.557702,42.320294,9.192634,3.611965,5.134563,6.301623,0.852753,0.106230,4.326579,0.000000,45.949367,0.000000,1.000000,81.996783,91.772152,89.149276,0.000000,0.796507,0.301256,0.495250,30.140652,52.874770,7.850512,6.560230,7.412613,8.084024,1.493590,0.070661,10.394737,5.000000,313.492063,2.078947,1.000000,81.996783,91.772152,89.149276,1.000000,0.796507,0.301256,0.495250,30.140652,52.874770,7.850512,6.560230,7.412613,8.084024,1.493590,0.070661,3.209373,15.000000,92.647059,0.213958,2.000000,38.648875,4.090909,24.378870,1.000000,0.056834,0.216106,-0.159272,27.336061,17.143740,18.293409,-1.169632,-0.778529,-0.412211,0.128958,0.031158,3.588391,2.000000,151.111111,1.794195,1.000000,65.693262,74.264706,57.215359,0.000000,0.237257,0.119143,0.118114,28.916931,37.309160,11.821741,1.580130,1.989429,1.991633,1.098050,0.026846,2.319588,20.000000,75.630252,0.115979,2.000000,47.907827,21.348315,13.756839,0.000000,-0.030253,0.086241,-0.116494,25.508818,20.902092,18.001779,-0.205815,0.039102,-0.079561,0.399400,0.020417,3.164052,1.000000,133.707865,3.164052,1.000000,63.481897,78.571429,38.905425,0.000000,0.195205,0.212308,-0.017103,27.351122,35.828371,13.930596,1.438977,1.768067,1.191422,1.132292,0.023090,2.311688,14.000000,104.705882,0.165121,8.000000,2.257636,2.000000,165.048544,1.128818,1.000000,1.349404,4.000000,47.247706,0.337351,2.000000,2.939987,18.000000,140.645161,0.163333,1.000000,2.047556,10.000000,91.176471,0.204756,2.000000,2.297297,2.000000,118.881119,1.148649,7.000000,1.895797,7.000000,100.000000,0.270828,4.000000,1.932432,0.000000,45.833333,0.000000,8.000000,4.045643,8.000000,172.375691,0.505705,8.000000,2.403399,6.000000,140.310078,0.400567,1.000000,1.684073,6.000000,65.151515,0.280679,2.000000,2.653444,7.000000,110.000000,0.379063,7.000000,3.000000,3.000000,52.000000,-1.000000,,,,60.224836,43.710692,59.093065,0.579305,0.095871,0.483434,19.423578,30.394151,9.345284,2.259288,1.422803,0.861707,0.063906,,0.000000,,46.275097,64.690722,61.624573,-0.425251,-0.365649,-0.059602,36.127489,13.567014,27.237496,-0.399290,-0.254265,0.431104,0.057725,0.962639,0.461538,9.000000,313.492063,45.949367,2.594332,0.798499
2025-11-11T03:45:00Z,0.964411,no_impulse,0,AARTIIND,1h,-1.000000,95.379538,3.619286,5.000000,0.723857,-1.772178,-0.865802,0.592966,3.944285,3.000000,54.398564,1.314762,3.000000,54.960415,47.903431,43.183000,1.000000,0.794018,0.927190,-0.133172,27.700028,26.121550,25.994316,0.986647,2.300187,3.724776,0.594561,0.105379,6.760529,3.000000,262.735849,2.253510,4.000000,42.995940,12.658228,37.046414,0.000000,0.995300,1.067282,-0.071983,34.127903,29.097434,32.286870,-2.421311,-1.010774,0.326335,0.284165,0.109531,2.641086,3.000000,58.402204,0.880362,3.000000,70.481084,73.924051,76.286920,1.000000,1.502277,0.821361,0.680916,37.557702,42.320294,9.192634,3.611965,5.134563,6.301623,0.852753,0.106230,4.326579,0.000000,45.949367,0.000000,1.000000,81.996783,91.772152,89.149276,0.000000,0.796507,0.301256,0.495250,30.140652,52.874770,7.850512,6.560230,7.412613,8.084024,1.493590,0.070661,10.394737,5.000000,313.492063,2.078947,1.000000,81.996783,91.772152,89.149276,1.000000,0.796507,0.301256,0.495250,30.140652,52.874770,7.850512,6.560230,7.412613,8.084024,1.493590,0.070661,3.209373,15.000000,92.647059,0.213958,2.000000,38.648875,4.090909,24.378870,1.000000,0.056834,0.216106,-0.159272,27.336061,17.143740,18.293409,-1.169632,-0.778529,-0.412211,0.128958,0.031158,3.588391,2.000000,151.111111,1.794195,1.000000,65.693262,74.264706,57.215359,0.000000,0.237257,0.119143,0.118114,28.916931,37.309160,11.821741,1.580130,1.989429,1.991633,1.098050,0.026846,2.319588,20.000000,75.630252,0.115979,2.000000,47.907827,21.348315,13.756839,0.000000,-0.030253,0.086241,-0.116494,25.508818,20.902092,18.001779,-0.205815,0.039102,-0.079561,0.399400,0.020417,3.164052,1.000000,133.707865,3.164052,1.000000,2.311688,14.000000,104.705882,0.165121,8.000000,2.257636,2.000000,165.048544,1.128818,1.000000,1.349404,4.000000,47.247706,0.337351,2.000000,2.939987,18.000000,140.645161,0.163333,1.000000,2.047556,10.000000,91.176471,0.204756,2.000000,2.297297,2.000000,118.881119,1.148649,7.000000,1.895797,7.000000,100.000000,0.270828,4.000000,1.932432,0.000000,45.833333,0.000000,8.000000,4.045643,8.000000,172.375691,0.505705,8.000000,2.403399,6.000000,140.310078,0.400567,1.000000,1.684073,6.000000,65.151515,0.280679,2.000000,2.000000,1.000000,57.000000,-1.000000,,,,53.046632,29.594017,38.828065,0.562462,0.190400,0.372062,21.352127,28.288307,10.350781,0.648604,-0.127598,0.601147,0.064543,,0.000000,,30.458134,3.861004,23.026132,-0.511621,-0.409492,-0.102129,34.359874,10.567891,37.234681,-1.945809,-2.357477,-0.132800,0.030162,0.848397,0.757576,14.000000,313.492063,45.949367,2.515052,0.744305
2025-11-13T03:45:00Z,1.007018,no_impulse,0,AARTIIND,1h,1.000000,117.647059,4.417879,14.000000,0.315563,1.347367,1.951982,3.383456,3.619286,5.000000,95.379538,0.723857,2.000000,44.154103,7.736390,19.433787,1.000000,0.183323,0.580252,-0.396929,24.023376,18.662268,32.518943,-1.772178,-0.865802,0.592966,0.320189,0.096842,3.944285,3.000000,54.398564,1.314762,3.000000,54.960415,47.903431,43.183000,1.000000,0.794018,0.927190,-0.133172,27.700028,26.121550,25.994316,0.986647,2.300187,3.724776,0.594561,0.105379,6.760529,3.000000,262.735849,2.253510,4.000000,42.995940,12.658228,37.046414,0.000000,0.995300,1.067282,-0.071983,34.127903,29.097434,32.286870,-2.421311,-1.010774,0.326335,0.284165,0.109531,2.641086,3.000000,58.402204,0.880362,3.000000,70.481084,73.924051,76.286920,1.000000,1.502277,0.821361,0.680916,37.557702,42.320294,9.192634,3.611965,5.134563,6.301623,0.852753,0.106230,4.326579,0.000000,45.949367,0.000000,1.000000,81.996783,91.772152,89.149276,0.000000,0.796507,0.301256,0.495250,30.140652,52.874770,7.850512,6.560230,7.412613,8.084024,1.493590,0.070661,10.394737,5.000000,313.492063,2.078947,1.000000,81.996783,91.772152,89.149276,1.000000,0.796507,0.301256,0.495250,30.140652,52.874770,7.850512,6.560230,7.412613,8.084024,1.493590,0.070661,3.209373,15.000000,92.647059,0.213958,2.000000,38.648875,4.090909,24.378870,1.000000,0.056834,0.216106,-0.159272,27.336061,17.143740,18.293409,-1.169632,-0.778529,-0.412211,0.128958,0.031158,3.588391,2.000000,151.111111,1.794195,1.000000,65.693262,74.264706,57.215359,0.000000,0.237257,0.119143,0.118114,28.916931,37.309160,11.821741,1.580130,1.989429,1.991633,1.098050,0.026846,2.319588,20.000000,75.630252,0.115979,2.000000,3.164052,1.000000,133.707865,3.164052,1.000000,2.311688,14.000000,104.705882,0.165121,8.000000,2.257636,2.000000,165.048544,1.128818,1.000000,1.349404,4.000000,47.247706,0.337351,2.000000,2.939987,18.000000,140.645161,0.163333,1.000000,2.047556,10.000000,91.176471,0.204756,2.000000,2.297297,2.000000,118.881119,1.148649,7.000000,1.895797,7.000000,100.000000,0.270828,4.000000,1.932432,0.000000,45.833333,0.000000,8.000000,4.045643,8.000000,172.375691,0.505705,8.000000,2.403399,6.000000,140.310078,0.400567,1.000000,1.000000,2.000000,71.000000,-1.000000,,,,57.522993,39.631336,39.341784,0.802008,0.398644,0.403365,25.523413,29.031309,8.860491,1.843487,1.432110,0.750306,0.075033,,0.000000,,65.329047,54.437870,70.165812,0.344712,0.327161,0.017551,30.859402,39.896730,10.853996,0.721385,1.105922,1.146889,0.011233,1.004796,2.456140,28.000000,313.492063,45.949367,2.434867,0.825007
2025-11-14T07:45:00Z,0.974311,no_impulse,0,AARTIIND,1h,-1.000000,76.764706,3.247885,11.000000,0.295262,-0.403164,-0.111778,1.327903,4.417879,14.000000,117.647059,0.315563,1.000000,58.717738,83.030303,89.092867,0.000000,0.333892,0.122406,0.211485,19.696063,30.013085,17.117912,1.347367,1.951982,3.383456,0.808120,0.044326,3.619286,5.000000,95.379538,0.723857,2.000000,44.154103,7.736390,19.433787,1.000000,0.183323,0.580252,-0.396929,24.023376,18.662268,32.518943,-1.772178,-0.865802,0.592966,0.320189,0.096842,3.944285,3.000000,54.398564,1.314762,3.000000,54.960415,47.903431,43.183000,1.000000,0.794018,0.927190,-0.133172,27.700028,26.121550,25.994316,0.986647,2.300187,3.724776,0.594561,0.105379,6.760529,3.000000,262.735849,2.253510,4.000000,42.995940,12.658228,37.046414,0.000000,0.995300,1.067282,-0.071983,34.127903,29.097434,32.286870,-2.421311,-1.010774,0.326335,0.284165,0.109531,2.641086,3.000000,58.402204,0.880362,3.000000,70.481084,73.924051,76.286920,1.000000,1.502277,0.821361,0.680916,37.557702,42.320294,9.192634,3.611965,5.134563,6.301623,0.852753,0.106230,4.326579,0.000000,45.949367,0.000000,1.000000,81.996783,91.772152,89.149276,0.000000,0.796507,0.301256,0.495250,30.140652,52.874770,7.850512,6.560230,7.412613,8.084024,1.493590,0.070661,10.394737,5.000000,313.492063,2.078947,1.000000,81.996783,91.772152,89.149276,1.000000,0.796507,0.301256,0.495250,30.140652,52.874770,7.850512,6.560230,7.412613,8.084024,1.493590,0.070661,3.209373,15.000000,92.647059,0.213958,2.000000,38.648875,4.090909,24.378870,1.000000,0.056834,0.216106,-0.159272,27.336061,17.143740,18.293409,-1.169632,-0.778529,-0.412211,0.128958,0.031158,3.588391,2.000000,151.111111,1.794195,1.000000,2.319588,20.000000,75.630252,0.115979,2.000000,3.164052,1.000000,133.707865,3.164052,1.000000,2.311688,14.000000,104.705882,0.165121,8.000000,2.257636,2.000000,165.048544,1.128818,1.000000,1.349404,4.000000,47.247706,0.337351,2.000000,2.939987,18.000000,140.645161,0.163333,1.000000,2.047556,10.000000,91.176471,0.204756,2.000000,2.297297,2.000000,118.881119,1.148649,7.000000,1.895797,7.000000,100.000000,0.270828,4.000000,1.932432,0.000000,45.833333,0.000000,8.000000,4.045643,8.000000,172.375691,0.505705,8.000000,2.000000,3.000000,82.000000,-1.000000,,,,57.202838,38.940092,42.457143,0.835625,0.486283,0.349341,26.839432,27.817943,10.832132,1.600124,1.303657,0.723299,0.072824,,0.000000,,37.048654,30.666667,19.136951,-0.380887,-0.366793,-0.014094,42.830344,8.730328,30.093753,-0.459119,-0.884613,0.178228,0.014203,0.718213,1.571429,39.000000,313.492063,45.949367,2.396312,0.872762
2025-11-17T08:45:00Z,0.999875,no_impulse,0,AARTIIND,1h,1.000000,78.160920,2.623794,8.000000,0.327974,0.298265,0.670376,2.152334,3.247885,11.000000,76.764706,0.295262,2.000000,47.174426,21.455939,15.599371,1.000000,-0.098288,0.082164,-0.180453,16.948098,16.686248,23.750711,-0.403164,-0.111778,1.327903,0.381787,0.033968,4.417879,14.000000,117.647059,0.315563,1.000000,58.717738,83.030303,89.092867,0.000000,0.333892,0.122406,0.211485,19.696063,30.013085,17.117912,1.347367,1.951982,3.383456,0.808120,0.044326,3.619286,5.000000,95.379538,0.723857,2.000000,44.154103,7.736390,19.433787,1.000000,0.183323,0.580252,-0.396929,24.023376,18.662268,32.518943,-1.772178,-0.865802,0.592966,0.320189,0.096842,3.944285,3.000000,54.398564,1.314762,3.000000,54.960415,47.903431,43.183000,1.000000,0.794018,0.927190,-0.133172,27.700028,26.121550,25.994316,0.986647,2.300187,3.724776,0.594561,0.105379,6.760529,3.000000,262.735849,2.253510,4.000000,42.995940,12.658228,37.046414,0.000000,0.995300,1.067282,-0.071983,34.127903,29.097434,32.286870,-2.421311,-1.010774,0.326335,0.284165,0.109531,2.641086,3.000000,58.402204,0.880362,3.000000,70.481084,73.924051,76.286920,1.000000,1.502277,0.821361,0.680916,37.557702,42.320294,9.192634,3.611965,5.134563,6.301623,0.852753,0.106230,4.326579,0.000000,45.949367,0.000000,1.000000,81.996783,91.772152,89.149276,0.000000,0.796507,0.301256,0.495250,30.140652,52.874770,7.850512,6.560230,7.412613,8.084024,1.493590,0.070661,10.394737,5.000000,313.492063,2.078947,1.000000,81.996783,91.772152,89.149276,1.000000,0.796507,0.301256,0.495250,30.140652,52.874770,7.850512,6.560230,7.412613,8.084024,1.493590,0.070661,3.209373,15.000000,92.647059,0.213958,2.000000,3.588391,2.000000,151.111111,1.794195,1.000000,2.319588,20.000000,75.630252,0.115979,2.000000,3.164052,1.000000,133.707865,3.164052,1.000000,2.311688,14.000000,104.705882,0.165121,8.000000,2.257636,2.000000,165.048544,1.128818,1.000000,1.349404,4.000000,47.247706,0.337351,2.000000,2.939987,18.000000,140.645161,0.163333,1.000000,2.047556,10.000000,91.176471,0.204756,2.000000,2.297297,2.000000,118.881119,1.148649,7.000000,1.895797,7.000000,100.000000,0.270828,4.000000,1.932432,0.000000,45.833333,0.000000,8.000000,3.000000,1.000000,90.000000,-1.000000,,,,53.077840,28.519856,37.233193,0.832922,0.625324,0.207598,28.864494,27.804234,13.363112,0.527013,0.402321,0.575058,0.070586,,0.000000,,47.871001,20.560748,19.937695,0.042904,0.132090,-0.089187,24.482289,19.596822,21.409677,-0.148245,-0.027210,0.380697,0.012408,0.568536,1.311475,47.000000,313.492063,45.949367,2.318214,0.845582
2025-11-19T03:45:00Z,0.969173,no_impulse,0,AARTIIND,1h,-1.000000,120.098039,3.070560,9.000000,0.341173,-0.383667,-0.427729,0.809398,2.623794,8.000000,78.160920,0.327974,3.000000,52.982176,66.666667,63.659516,0.000000,0.146780,0.096689,0.050091,13.568375,23.604652,17.309637,0.298265,0.670376,2.152334,0.599322,0.030120,3.247885,11.000000,76.764706,0.295262,2.000000,47.174426,21.455939,15.599371,1.000000,-0.098288,0.082164,-0.180453,16.948098,16.686248,23.750711,-0.403164,-0.111778,1.327903,0.381787,0.033968,4.417879,14.000000,117.647059,0.315563,1.000000,58.717738,83.030303,89.092867,0.000000,0.333892,0.122406,0.211485,19.696063,30.013085,17.117912,1.347367,1.951982,3.383456,0.808120,0.044326,3.619286,5.000000,95.379538,0.723857,2.000000,44.154103,7.736390,19.433787,1.000000,0.183323,0.580252,-0.396929,24.023376,18.662268,32.518943,-1.772178,-0.865802,0.592966,0.320189,0.096842,3.944285,3.000000,54.398564,1.314762,3.000000,54.960415,47.903431,43.183000,1.000000,0.794018,0.927190,-0.133172,27.700028,26.121550,25.994316,0.986647,2.300187,3.724776,0.594561,0.105379,6.760529,3.000000,262.735849,2.253510,4.000000,42.995940,12.658228,37.046414,0.000000,0.995300,1.067282,-0.071983,34.127903,29.097434,32.286870,-2.421311,-1.010774,0.326335,0.284165,0.109531,2.641086,3.000000,58.402204,0.880362,3.000000,70.481084,73.924051,76.286920,1.000000,1.502277,0.821361,0.680916,37.557702,42.320294,9.192634,3.611965,5.134563,6.301623,0.852753,0.106230,4.326579,0.000000,45.949367,0.000000,1.000000,81.996783,91.772152,89.149276,0.000000,0.796507,0.301256,0.495250,30.140652,52.874770,7.850512,6.560230,7.412613,8.084024,1.493590,0.070661,10.394737,5.000000,313.492063,2.078947,1.000000,3.209373,15.000000,92.647059,0.213958,2.000000,3.588391,2.000000,151.111111,1.794195,1.000000,2.319588,20.000000,75.630252,0.115979,2.000000,3.164052,1.000000,133.707865,3.164052,1.000000,2.311688,14.000000,104.705882,0.165121,8.000000,2.257636,2.000000,165.048544,1.128818,1.000000,1.349404,4.000000,47.247706,0.337351,2.000000,2.939987,18.000000,140.645161,0.163333,1.000000,2.047556,10.000000,91.176471,0.204756,2.000000,2.297297,2.000000,118.881119,1.148649,7.000000,1.895797,7.000000,100.000000,0.270828,4.000000,4.000000,2.000000,99.000000,-1.000000,,,,53.448421,27.654321,33.471269,0.773549,0.654457,0.119093,29.252383,26.867801,13.145322,0.569081,0.484639,0.589976,0.063610,,0.000000,,23.623765,24.418605,41.039968,-0.231367,-0.226073,-0.005294,18.416889,15.039716,26.601455,-0.632246,-1.009802,-0.571991,0.005861,0.679546,1.343284,56.000000,313.492063,45.949367,2.384789,0.718339
2025-11-20T03:45:00Z,0.985464,no_impulse,0,AARTIIND,1h,1.000000,53.061224,1.680890,7.000000,0.240127,-0.555423,-0.729235,0.329421,3.070560,9.000000,120.098039,0.341173,4.000000,44.860938,31.020408,18.442610,0.000000,-0.261505,-0.146331,-0.115173,13.398722,17.491786,25.421804,-0.383667,-0.427729,0.809398,0.360068,0.027313,2.623794,8.000000,78.160920,0.327974,3.000000,52.982176,66.666667,63.659516,0.000000,0.146780,0.096689,0.050091,13.568375,23.604652,17.309637,0.298265,0.670376,2.152334,0.599322,0.030120,3.247885,11.000000,76.764706,0.295262,2.000000,47.174426,21.455939,15.599371,1.000000,-0.098288,0.082164,-0.180453,16.948098,16.686248,23.750711,-0.403164,-0.111778,1.327903,0.381787,0.033968,4.417879,14.000000,117.647059,0.315563,1.000000,58.717738,83.030303,89.092867,0.000000,0.333892,0.122406,0.211485,19.696063,30.013085,17.117912,1.347367,1.951982,3.383456,0.808120,0.044326,3.619286,5.000000,95.379538,0.723857,2.000000,44.154103,7.736390,19.433787,1.000000,0.183323,0.580252,-0.396929,24.023376,18.662268,32.518943,-1.772178,-0.865802,0.592966,0.320189,0.096842,3.944285,3.000000,54.398564,1.314762,3.000000,54.960415,47.903431,43.183000,1.000000,0.794018,0.927190,-0.133172,27.700028,26.121550,25.994316,0.986647,2.300187,3.724776,0.594561,0.105379,6.760529,3.000000,262.735849,2.253510,4.000000,42.995940,12.658228,37.046414,0.000000,0.995300,1.067282,-0.071983,34.127903,29.097434,32.286870,-2.421311,-1.010774,0.326335,0.284165,0.109531,2.641086,3.000000,58.402204,0.880362,3.000000,70.481084,73.924051,76.286920,1.000000,1.502277,0.821361,0.680916,37.557702,42.320294,9.192634,3.611965,5.134563,6.301623,0.852753,0.106230,4.326579,0.000000,45.949367,0.000000,1.000000,10.394737,5.000000,313.492063,2.078947,1.000000,3.209373,15.000000,92.647059,0.213958,2.000000,3.588391,2.000000,151.111111,1.794195,1.000000,2.319588,20.000000,75.630252,0.115979,2.000000,3.164052,1.000000,133.707865,3.164052,1.000000,2.311688,14.000000,104.705882,0.165121,8.000000,2.257636,2.000000,165.048544,1.128818,1.000000,1.349404,4.000000,47.247706,0.337351,2.000000,2.939987,18.000000,140.645161,0.163333,1.000000,2.047556,10.000000,91.176471,0.204756,2.000000,2.297297,2.000000,118.881119,1.148649,7.000000,3.000000,3.000000,106.000000,-1.000000,,,,49.894351,19.382716,25.185631,0.656031,0.659305,-0.003274,29.813816,27.037323,12.400855,-0.264154,-0.362343,0.453981,0.057250,,0.000000,,69.110643,64.615385,34.871795,0.015272,-0.024259,0.039531,16.326514,35.283228,8.394852,0.438305,0.321211,1.467028,0.004552,0.373144,1.147541,63.000000,313.492063,45.949367,2.393644,0.746340
2025-11-24T03:45:00Z,0.950501,no_impulse,0,AARTIIND,1h,-1.000000,214.615385,3.547813,14.000000,0.253415,-1.241955,-1.923423,-1.503140,1.680890,7.000000,53.061224,0.240127,3.000000,39.994816,32.307692,37.211376,1.000000,-0.257302,-0.229608,-0.027693,14.199505,21.484100,18.599051,-0.555423,-0.729235,0.329421,0.288027,0.026058,3.070560,9.000000,120.098039,0.341173,4.000000,44.860938,31.020408,18.442610,0.000000,-0.261505,-0.146331,-0.115173,13.398722,17.491786,25.421804,-0.383667,-0.427729,0.809398,0.360068,0.027313,2.623794,8.000000,78.160920,0.327974,3.000000,52.982176,66.666667,63.659516,0.000000,0.146780,0.096689,0.050091,13.568375,23.604652,17.309637,0.298265,0.670376,2.152334,0.599322,0.030120,3.247885,11.000000,76.764706,0.295262,2.000000,47.174426,21.455939,15.599371,1.000000,-0.098288,0.082164,-0.180453,16.948098,16.686248,23.750711,-0.403164,-0.111778,1.327903,0.381787,0.033968,4.417879,14.000000,117.647059,0.315563,1.000000,58.717738,83.030303,89.092867,0.000000,0.333892,0.122406,0.211485,19.696063,30.013085,17.117912,1.347367,1.951982,3.383456,0.808120,0.044326,3.619286,5.000000,95.379538,0.723857,2.000000,44.154103,7.736390,19.433787,1.000000,0.183323,0.580252,-0.396929,24.023376,18.662268,32.518943,-1.772178,-0.865802,0.592966,0.320189,0.096842,3.944285,3.000000,54.398564,1.314762,3.000000,54.960415,47.903431,43.183000,1.000000,0.794018,0.927190,-0.133172,27.700028,26.121550,25.994316,0.986647,2.300187,3.724776,0.594561,0.105379,6.760529,3.000000,262.735849,2.253510,4.000000,42.995940,12.658228,37.046414,0.000000,0.995300,1.067282,-0.071983,34.127903,29.097434,32.286870,-2.421311,-1.010774,0.326335,0.284165,0.109531,2.641086,3.000000,58.402204,0.880362,3.000000,4.326579,0.000000,45.949367,0.000000,1.000000,10.394737,5.000000,313.492063,2.078947,1.000000,3.209373,15.000000,92.647059,0.213958,2.000000,3.588391,2.000000,151.111111,1.794195,1.000000,2.319588,20.000000,75.630252,0.115979,2.000000,3.164052,1.000000,133.707865,3.164052,1.000000,2.311688,14.000000,104.705882,0.165121,8.000000,2.257636,2.000000,165.048544,1.128818,1.000000,1.349404,4.000000,47.247706,0.337351,2.000000,2.939987,18.000000,140.645161,0.163333,1.000000,2.047556,10.000000,91.176471,0.204756,2.000000,4.000000,4.000000,120.000000,-1.000000,,,,43.927995,3.850932,12.119549,0.309496,0.573118,-0.263623,28.734930,24.447855,16.510051,-1.609601,-1.845473,0.212329,0.055066,,0.000000,,34.402805,14.285714,31.984127,-0.105322,-0.116716,0.011394,18.037377,16.009037,19.382614,-0.345115,-0.688765,0.066963,0.007942,0.976477,2.222222,77.000000,262.735849,45.949367,1.384573,0.653541
2025-11-24T03:45:00Z,0.966917,no_impulse,0,AARTIIND,1h,1.000000,46.953405,1.727093,0.000000,0.000000,-1.241955,-1.923423,-1.503140,3.547813,14.000000,214.615385,0.253415,4.000000,30.100137,19.823789,22.568381,0.000000,-0.567589,-0.499742,-0.067847,20.800162,12.183328,32.787144,-1.241955,-1.923423,-1.503140,0.091827,0.030054,1.680890,7.000000,53.061224,0.240127,3.000000,39.994816,32.307692,37.211376,1.000000,-0.257302,-0.229608,-0.027693,14.199505,21.484100,18.599051,-0.555423,-0.729235,0.329421,0.288027,0.026058,3.070560,9.000000,120.098039,0.341173,4.000000,44.860938,31.020408,18.442610,0.000000,-0.261505,-0.146331,-0.115173,13.398722,17.491786,25.421804,-0.383667,-0.427729,0.809398,0.360068,0.027313,2.623794,8.000000,78.160920,0.327974,3.000000,52.982176,66.666667,63.659516,0.000000,0.146780,0.096689,0.050091,13.568375,23.604652,17.309637,0.298265,0.670376,2.152334,0.599322,0.030120,3.247885,11.000000,76.764706,0.295262,2.000000,47.174426,21.455939,15.599371,1.000000,-0.098288,0.082164,-0.180453,16.948098,16.686248,23.750711,-0.403164,-0.111778,1.327903,0.381787,0.033968,4.417879,14.000000,117.647059,0.315563,1.000000,58.717738,83.030303,89.092867,0.000000,0.333892,0.122406,0.211485,19.696063,30.013085,17.117912,1.347367,1.951982,3.383456,0.808120,0.044326,3.619286,5.000000,95.379538,0.723857,2.000000,44.154103,7.736390,19.433787,1.000000,0.183323,0.580252,-0.396929,24.023376,18.662268,32.518943,-1.772178,-0.865802,0.592966,0.320189,0.096842,3.944285,3.000000,54.398564,1.314762,3.000000,54.960415,47.903431,43.183000,1.000000,0.794018,0.927190,-0.133172,27.700028,26.121550,25.994316,0.986647,2.300187,3.724776,0.594561,0.105379,6.760529,3.000000,262.735849,2.253510,4.000000,2.641086,3.000000,58.402204,0.880362,3.000000,4.326579,0.000000,45.949367,0.000000,1.000000,10.394737,5.000000,313.492063,2.078947,1.000000,3.209373,15.000000,92.647059,0.213958,2.000000,3.588391,2.000000,151.111111,1.794195,1.000000,2.319588,20.000000,75.630252,0.115979,2.000000,3.164052,1.000000,133.707865,3.164052,1.000000,2.311688,14.000000,104.705882,0.165121,8.000000,2.257636,2.000000,165.048544,1.128818,1.000000,1.349404,4.000000,47.247706,0.337351,2.000000,2.939987,18.000000,140.645161,0.163333,1.000000,4.000000,5.000000,120.000000,-1.000000,,,,43.927995,3.850932,12.119549,0.309496,0.573118,-0.263623,28.734930,24.447855,16.510051,-1.609601,-1.845473,0.212329,0.055066,,0.000000,,34.402805,14.285714,31.984127,-0.105322,-0.116716,0.011394,18.037377,16.009037,19.382614,-0.345115,-0.688765,0.066963,0.007942,0.485766,0.000000,77.000000,262.735849,53.061224,1.362978,0.806571
2025-11-26T08:45:00Z,0.943985,no_impulse,0,AARTIIND,1h,-1.000000,139.694656,2.371695,19.000000,0.124826,-0.818071,-1.736551,-2.254518,1.727093,0.000000,46.953405,0.000000,4.000000,30.100137,19.823789,22.568381,0.000000,-0.567589,-0.499742,-0.067847,20.800162,12.183328,32.787144,-1.241955,-1.923423,-1.503140,0.091827,0.030054,3.547813,14.000000,214.615385,0.253415,4.000000,30.100137,19.823789,22.568381,0.000000,-0.567589,-0.499742,-0.067847,20.800162,12.183328,32.787144,-1.241955,-1.923423,-1.503140,0.091827,0.030054,1.680890,7.000000,53.061224,0.240127,3.000000,39.994816,32.307692,37.211376,1.000000,-0.257302,-0.229608,-0.027693,14.199505,21.484100,18.599051,-0.555423,-0.729235,0.329421,0.288027,0.026058,3.070560,9.000000,120.098039,0.341173,4.000000,44.860938,31.020408,18.442610,0.000000,-0.261505,-0.146331,-0.115173,13.398722,17.491786,25.421804,-0.383667,-0.427729,0.809398,0.360068,0.027313,2.623794,8.000000,78.160920,0.327974,3.000000,52.982176,66.666667,63.659516,0.000000,0.146780,0.096689,0.050091,13.568375,23.604652,17.309637,0.298265,0.670376,2.152334,0.599322,0.030120,3.247885,11.000000,76.764706,0.295262,2.000000,47.174426,21.455939,15.599371,1.000000,-0.098288,0.082164,-0.180453,16.948098,16.686248,23.750711,-0.403164,-0.111778,1.327903,0.381787,0.033968,4.417879,14.000000,117.647059,0.315563,1.000000,58.717738,83.030303,89.092867,0.000000,0.333892,0.122406,0.211485,19.696063,30.013085,17.117912,1.347367,1.951982,3.383456,0.808120,0.044326,3.619286,5.000000,95.379538,0.723857,2.000000,44.154103,7.736390,19.433787,1.000000,0.183323,0.580252,-0.396929,24.023376,18.662268,32.518943,-1.772178,-0.865802,0.592966,0.320189,0.096842,3.944285,3.000000,54.398564,1.314762,3.000000,6.760529,3.000000,262.735849,2.253510,4.000000,2.641086,3.000000,58.402204,0.880362,3.000000,4.326579,0.000000,45.949367,0.000000,1.000000,10.394737,5.000000,313.492063,2.078947,1.000000,3.209373,15.000000,92.647059,0.213958,2.000000,3.588391,2.000000,151.111111,1.794195,1.000000,2.319588,20.000000,75.630252,0.115979,2.000000,3.164052,1.000000,133.707865,3.164052,1.000000,2.311688,14.000000,104.705882,0.165121,8.000000,2.257636,2.000000,165.048544,1.128818,1.000000,1.349404,4.000000,47.247706,0.337351,2.000000,4.000000,6.000000,139.000000,-1.000000,,,,44.965419,16.500994,7.917233,-0.148859,0.269116,-0.417975,25.881338,21.893073,16.383342,-1.106137,-1.598581,0.310761,0.057813,,0.000000,,35.642573,3.896104,7.708958,-0.161240,-0.079596,-0.081644,16.972726,13.263591,22.618385,-0.447163,-0.659437,0.122001,0.011777,0.684669,2.567568,96.000000,262.735849,46.953405,1.458408,0.777858
2025-11-27T03:45:00Z,0.959398,no_impulse,0,AARTIIND,1h,1.000000,67.213115,1.632816,2.000000,0.816408,-0.287738,-1.184332,-1.771036,2.371695,19.000000,139.694656,0.124826,4.000000,35.887955,11.940299,8.341470,1.000000,-0.480778,-0.504297,0.023518,30.444176,12.747973,27.749674,-0.818071,-1.736551,-2.254518,-0.113925,0.013217,1.727093,0.000000,46.953405,0.000000,4.000000,30.100137,19.823789,22.568381,0.000000,-0.567589,-0.499742,-0.067847,20.800162,12.183328,32.787144,-1.241955,-1.923423,-1.503140,0.091827,0.030054,3.547813,14.000000,214.615385,0.253415,4.000000,30.100137,19.823789,22.568381,0.000000,-0.567589,-0.499742,-0.067847,20.800162,12.183328,32.787144,-1.241955,-1.923423,-1.503140,0.091827,0.030054,1.680890,7.000000,53.061224,0.240127,3.000000,39.994816,32.307692,37.211376,1.000000,-0.257302,-0.229608,-0.027693,14.199505,21.484100,18.599051,-0.555423,-0.729235,0.329421,0.288027,0.026058,3.070560,9.000000,120.098039,0.341173,4.000000,44.860938,31.020408,18.442610,0.000000,-0.261505,-0.146331,-0.115173,13.398722,17.491786,25.421804,-0.383667,-0.427729,0.809398,0.360068,0.027313,2.623794,8.000000,78.160920,0.327974,3.000000,52.982176,66.666667,63.659516,0.000000,0.146780,0.096689,0.050091,13.568375,23.604652,17.309637,0.298265,0.670376,2.152334,0.599322,0.030120,3.247885,11.000000,76.764706,0.295262,2.000000,47.174426,21.455939,15.599371,1.000000,-0.098288,0.082164,-0.180453,16.948098,16.686248,23.750711,-0.403164,-0.111778,1.327903,0.381787,0.033968,4.417879,14.000000,117.647059,0.315563,1.000000,58.717738,83.030303,89.092867,0.000000,0.333892,0.122406,0.211485,19.696063,30.013085,17.117912,1.347367,1.951982,3.383456,0.808120,0.044326,3.619286,5.000000,95.379538,0.723857,2.000000,3.944285,3.000000,54.398564,1.314762,3.000000,6.760529,3.000000,262.735849,2.253510,4.000000,2.641086,3.000000,58.402204,0.880362,3.000000,4.326579,0.000000,45.949367,0.000000,1.000000,10.394737,5.000000,313.492063,2.078947,1.000000,3.209373,15.000000,92.647059,0.213958,2.000000,3.588391,2.000000,151.111111,1.794195,1.000000,2.319588,20.000000,75.630252,0.115979,2.000000,3.164052,1.000000,133.707865,3.164052,1.000000,2.311688,14.000000,104.705882,0.165121,8.000000,2.257636,2.000000,165.048544,1.128818,1.000000,3.000000,7.000000,141.000000,-1.000000,,,,44.965419,16.500994,7.917233,-0.148859,0.269116,-0.417975,25.881338,21.893073,16.383342,-1.106137,-1.598581,0.310761,0.057813,,0.000000,,54.371441,52.032520,32.808091,-0.161440,-0.158323,-0.003117,19.616953,33.448075,15.338347,0.250106,-0.002354,0.666672,0.015044,0.539753,0.222222,92.000000,214.615385,46.953405,0.915449,1.036793
2025-11-27T07:45:00Z,0.945865,no_impulse,0,AARTIIND,1h,-1.000000,87.804878,1.410658,4.000000,0.352665,0.070420,-0.743196,-1.433911,1.632816,2.000000,67.213115,0.816408,3.000000,42.810680,39.837398,24.473163,0.000000,-0.442636,-0.485600,0.042963,28.640845,22.455384,22.388491,-0.287738,-1.184332,-1.771036,0.276052,0.012812,2.371695,19.000000,139.694656,0.124826,4.000000,35.887955,11.940299,8.341470,1.000000,-0.480778,-0.504297,0.023518,30.444176,12.747973,27.749674,-0.818071,-1.736551,-2.254518,-0.113925,0.013217,1.727093,0.000000,46.953405,0.000000,4.000000,30.100137,19.823789,22.568381,0.000000,-0.567589,-0.499742,-0.067847,20.800162,12.183328,32.787144,-1.241955,-1.923423,-1.503140,0.091827,0.030054,3.547813,14.000000,214.615385,0.253415,4.000000,30.100137,19.823789,22.568381,0.000000,-0.567589,-0.499742,-0.067847,20.800162,12.183328,32.787144,-1.241955,-1.923423,-1.503140,0.091827,0.030054,1.680890,7.000000,53.061224,0.240127,3.000000,39.994816,32.307692,37.211376,1.000000,-0.257302,-0.229608,-0.027693,14.199505,21.484100,18.599051,-0.555423,-0.729235,0.329421,0.288027,0.026058,3.070560,9.000000,120.098039,0.341173,4.000000,44.860938,31.020408,18.442610,0.000000,-0.261505,-0.146331,-0.115173,13.398722,17.491786,25.421804,-0.383667,-0.427729,0.809398,0.360068,0.027313,2.623794,8.000000,78.160920,0.327974,3.000000,52.982176,66.666667,63.659516,0.000000,0.146780,0.096689,0.050091,13.568375,23.604652,17.309637,0.298265,0.670376,2.152334,0.599322,0.030120,3.247885,11.000000,76.764706,0.295262,2.000000,47.174426,21.455939,15.599371,1.000000,-0.098288,0.082164,-0.180453,16.948098,16.686248,23.750711,-0.403164,-0.111778,1.327903,0.381787,0.033968,4.417879,14.000000,117.647059,0.315563,1.000000,3.619286,5.000000,95.379538,0.723857,2.000000,3.944285,3.000000,54.398564,1.314762,3.000000,6.760529,3.000000,262.735849,2.253510,4.000000,2.641086,3.000000,58.402204,0.880362,3.000000,4.326579,0.000000,45.949367,0.000000,1.000000,10.394737,5.000000,313.492063,2.078947,1.000000,3.209373,15.000000,92.647059,0.213958,2.000000,3.588391,2.000000,151.111111,1.794195,1.000000,2.319588,20.000000,75.630252,0.115979,2.000000,3.164052,1.000000,133.707865,3.164052,1.000000,2.311688,14.000000,104.705882,0.165121,8.000000,2.000000,1.000000,145.000000,-1.000000,,,,46.875397,22.465209,14.000014,-0.181764,0.178095,-0.359859,25.091411,21.150189,15.689654,-0.641869,-1.152890,0.390182,0.058076,,0.000000,,38.640902,0.000000,0.505051,-0.097094,-0.059873,-0.037222,15.594891,16.342504,19.517309,-0.357315,-0.530742,0.175354,0.010967,0.504894,0.449438,96.000000,214.615385,46.953405,0.948787,0.690616
2025-12-01T03:45:00Z,0.963283,no_impulse,0,AARTIIND,1h,1.000000,128.703704,1.841547,10.000000,0.184155,0.309236,-0.083016,-0.788683,1.410658,4.000000,87.804878,0.352665,2.000000,48.276166,56.097561,37.398374,0.000000,-0.332358,-0.416917,0.084558,22.626505,22.140268,20.918006,0.070420,-0.743196,-1.433911,0.554878,0.012841,1.632816,2.000000,67.213115,0.816408,3.000000,42.810680,39.837398,24.473163,0.000000,-0.442636,-0.485600,0.042963,28.640845,22.455384,22.388491,-0.287738,-1.184332,-1.771036,0.276052,0.012812,2.371695,19.000000,139.694656,0.124826,4.000000,35.887955,11.940299,8.341470,1.000000,-0.480778,-0.504297,0.023518,30.444176,12.747973,27.749674,-0.818071,-1.736551,-2.254518,-0.113925,0.013217,1.727093,0.000000,46.953405,0.000000,4.000000,30.100137,19.823789,22.568381,0.000000,-0.567589,-0.499742,-0.067847,20.800162,12.183328,32.787144,-1.241955,-1.923423,-1.503140,0.091827,0.030054,3.547813,14.000000,214.615385,0.253415,4.000000,30.100137,19.823789,22.568381,0.000000,-0.567589,-0.499742,-0.067847,20.800162,12.183328,32.787144,-1.241955,-1.923423,-1.503140,0.091827,0.030054,1.680890,7.000000,53.061224,0.240127,3.000000,39.994816,32.307692,37.211376,1.000000,-0.257302,-0.229608,-0.027693,14.199505,21.484100,18.599051,-0.555423,-0.729235,0.329421,0.288027,0.026058,3.070560,9.000000,120.098039,0.341173,4.000000,44.860938,31.020408,18.442610,0.000000,-0.261505,-0.146331,-0.115173,13.398722,17.491786,25.421804,-0.383667,-0.427729,0.809398,0.360068,0.027313,2.623794,8.000000,78.160920,0.327974,3.000000,52.982176,66.666667,63.659516,0.000000,0.146780,0.096689,0.050091,13.568375,23.604652,17.309637,0.298265,0.670376,2.152334,0.599322,0.030120,3.247885,11.000000,76.764706,0.295262,2.000000,4.417879,14.000000,117.647059,0.315563,1.000000,3.619286,5.000000,95.379538,0.723857,2.000000,3.944285,3.000000,54.398564,1.314762,3.000000,6.760529,3.000000,262.735849,2.253510,4.000000,2.641086,3.000000,58.402204,0.880362,3.000000,4.326579,0.000000,45.949367,0.000000,1.000000,10.394737,5.000000,313.492063,2.078947,1.000000,3.209373,15.000000,92.647059,0.213958,2.000000,3.588391,2.000000,151.111111,1.794195,1.000000,2.319588,20.000000,75.630252,0.115979,2.000000,3.164052,1.000000,133.707865,3.164052,1.000000,1.000000,2.000000,155.000000,-1.000000,,,,44.809867,15.109344,18.025182,-0.245722,0.094025,-0.339747,24.571166,21.497494,14.998326,-1.023518,-1.580262,0.324724,0.057803,,0.000000,,55.822827,44.318182,70.262369,0.110977,0.090595,0.020383,25.644861,20.547127,17.391895,0.128398,0.284477,0.644842,0.008876,0.715690,1.136364,106.000000,214.615385,46.953405,0.991429,0.778512
2025-12-03T03:45:00Z,0.933083,no_impulse,0,AARTIIND,1h,-1.000000,173.381295,3.135163,14.000000,0.223940,-1.257176,-1.834123,-2.808238,1.841547,10.000000,128.703704,0.184155,1.000000,54.516525,68.345324,82.880981,1.000000,0.047173,-0.078627,0.125800,21.614514,23.273453,17.763816,0.309236,-0.083016,-0.788683,0.682758,0.016973,1.410658,4.000000,87.804878,0.352665,2.000000,48.276166,56.097561,37.398374,0.000000,-0.332358,-0.416917,0.084558,22.626505,22.140268,20.918006,0.070420,-0.743196,-1.433911,0.554878,0.012841,1.632816,2.000000,67.213115,0.816408,3.000000,42.810680,39.837398,24.473163,0.000000,-0.442636,-0.485600,0.042963,28.640845,22.455384,22.388491,-0.287738,-1.184332,-1.771036,0.276052,0.012812,2.371695,19.000000,139.694656,0.124826,4.000000,35.887955,11.940299,8.341470,1.000000,-0.480778,-0.504297,0.023518,30.444176,12.747973,27.749674,-0.818071,-1.736551,-2.254518,-0.113925,0.013217,1.727093,0.000000,46.953405,0.000000,4.000000,30.100137,19.823789,22.568381,0.000000,-0.567589,-0.499742,-0.067847,20.800162,12.183328,32.787144,-1.241955,-1.923423,-1.503140,0.091827,0.030054,3.547813,14.000000,214.615385,0.253415,4.000000,30.100137,19.823789,22.568381,0.000000,-0.567589,-0.499742,-0.067847,20.800162,12.183328,32.787144,-1.241955,-1.923423,-1.503140,0.091827,0.030054,1.680890,7.000000,53.061224,0.240127,3.000000,39.994816,32.307692,37.211376,1.000000,-0.257302,-0.229608,-0.027693,14.199505,21.484100,18.599051,-0.555423,-0.729235,0.329421,0.288027,0.026058,3.070560,9.000000,120.098039,0.341173,4.000000,44.860938,31.020408,18.442610,0.000000,-0.261505,-0.146331,-0.115173,13.398722,17.491786,25.421804,-0.383667,-0.427729,0.809398,0.360068,0.027313,2.623794,8.000000,78.160920,0.327974,3.000000,3.247885,11.000000,76.764706,0.295262,2.000000,4.417879,14.000000,117.647059,0.315563,1.000000,3.619286,5.000000,95.379538,0.723857,2.000000,3.944285,3.000000,54.398564,1.314762,3.000000,6.760529,3.000000,262.735849,2.253510,4.000000,2.641086,3.000000,58.402204,0.880362,3.000000,4.326579,0.000000,45.949367,0.000000,1.000000,10.394737,5.000000,313.492063,2.078947,1.000000,3.209373,15.000000,92.647059,0.213958,2.000000,3.588391,2.000000,151.111111,1.794195,1.000000,2.319588,20.000000,75.630252,0.115979,2.000000,8.000000,1.000000,169.000000,-1.000000,,,,34.989174,2.529511,9.054221,-0.614630,-0.120702,-0.493928,22.055357,18.015138,21.804597,-3.326158,-4.165856,0.060585,0.073258,,0.000000,,30.944708,1.923077,47.904707,-0.256887,-0.268810,0.011923,28.012352,19.289878,14.967817,-0.623270,-1.034158,-0.072117,0.010827,1.354004,1.666667,120.000000,214.615385,46.953405,0.768450,0.638849
2025-12-03T03:45:00Z,0.951378,no_impulse,0,AARTIIND,1h,1.000000,60.580913,1.960784,0.000000,0.000000,-1.257176,-1.834123,-2.808238,3.135163,14.000000,173.381295,0.223940,8.000000,29.136784,14.218009,20.813787,0.000000,-0.384690,-0.228061,-0.156629,19.640643,11.552634,29.757559,-1.257176,-1.834123,-2.808238,0.050770,0.027638,1.841547,10.000000,128.703704,0.184155,1.000000,54.516525,68.345324,82.880981,1.000000,0.047173,-0.078627,0.125800,21.614514,23.273453,17.763816,0.309236,-0.083016,-0.788683,0.682758,0.016973,1.410658,4.000000,87.804878,0.352665,2.000000,48.276166,56.097561,37.398374,0.000000,-0.332358,-0.416917,0.084558,22.626505,22.140268,20.918006,0.070420,-0.743196,-1.433911,0.554878,0.012841,1.632816,2.000000,67.213115,0.816408,3.000000,42.810680,39.837398,24.473163,0.000000,-0.442636,-0.485600,0.042963,28.640845,22.455384,22.388491,-0.287738,-1.184332,-1.771036,0.276052,0.012812,2.371695,19.000000,139.694656,0.124826,4.000000,35.887955,11.940299,8.341470,1.000000,-0.480778,-0.504297,0.023518,30.444176,12.747973,27.749674,-0.818071,-1.736551,-2.254518,-0.113925,0.013217,1.727093,0.000000,46.953405,0.000000,4.000000,30.100137,19.823789,22.568381,0.000000,-0.567589,-0.499742,-0.067847,20.800162,12.183328,32.787144,-1.241955,-1.923423,-1.503140,0.091827,0.030054,3.547813,14.000000,214.615385,0.253415,4.000000,30.100137,19.823789,22.568381,0.000000,-0.567589,-0.499742,-0.067847,20.800162,12.183328,32.787144,-1.241955,-1.923423,-1.503140,0.091827,0.030054,1.680890,7.000000,53.061224,0.240127,3.000000,39.994816,32.307692,37.211376,1.000000,-0.257302,-0.229608,-0.027693,14.199505,21.484100,18.599051,-0.555423,-0.729235,0.329421,0.288027,0.026058,3.070560,9.000000,120.098039,0.341173,4.000000,2.623794,8.000000,78.160920,0.327974,3.000000,3.247885,11.000000,76.764706,0.295262,2.000000,4.417879,14.000000,117.647059,0.315563,1.000000,3.619286,5.000000,95.379538,0.723857,2.000000,3.944285,3.000000,54.398564,1.314762,3.000000,6.760529,3.000000,262.735849,2.253510,4.000000,2.641086,3.000000,58.402204,0.880362,3.000000,4.326579,0.000000,45.949367,0.000000,1.000000,10.394737,5.000000,313.492063,2.078947,1.000000,3.209373,15.000000,92.647059,0.213958,2.000000,3.588391,2.000000,151.111111,1.794195,1.000000,8.000000,2.000000,0.000000,-1.000000,,,,34.989174,2.529511,9.054221,-0.614630,-0.120702,-0.493928,22.055357,18.015138,21.804597,-3.326158,-4.165856,0.060585,0.073258,,0.000000,,30.944708,1.923077,47.904707,-0.256887,-0.268810,0.011923,28.012352,19.289878,14.967817,-0.623270,-1.034158,-0.072117,0.010827,0.850960,0.000000,120.000000,214.615385,46.953405,0.753943,1.114412
2025-12-08T03:45:00Z,0.894236,no_impulse,0,AARTIIND,1h,-1.000000,312.328767,6.006322,21.000000,0.286015,-2.570952,-4.018907,-6.222184,1.960784,0.000000,60.580913,0.000000,8.000000,29.136784,14.218009,20.813787,0.000000,-0.384690,-0.228061,-0.156629,19.640643,11.552634,29.757559,-1.257176,-1.834123,-2.808238,0.050770,0.027638,3.135163,14.000000,173.381295,0.223940,8.000000,29.136784,14.218009,20.813787,0.000000,-0.384690,-0.228061,-0.156629,19.640643,11.552634,29.757559,-1.257176,-1.834123,-2.808238,0.050770,0.027638,1.841547,10.000000,128.703704,0.184155,1.000000,54.516525,68.345324,82.880981,1.000000,0.047173,-0.078627,0.125800,21.614514,23.273453,17.763816,0.309236,-0.083016,-0.788683,0.682758,0.016973,1.410658,4.000000,87.804878,0.352665,2.000000,48.276166,56.097561,37.398374,0.000000,-0.332358,-0.416917,0.084558,22.626505,22.140268,20.918006,0.070420,-0.743196,-1.433911,0.554878,0.012841,1.632816,2.000000,67.213115,0.816408,3.000000,42.810680,39.837398,24.473163,0.000000,-0.442636,-0.485600,0.042963,28.640845,22.455384,22.388491,-0.287738,-1.184332,-1.771036,0.276052,0.012812,2.371695,19.000000,139.694656,0.124826,4.000000,35.887955,11.940299,8.341470,1.000000,-0.480778,-0.504297,0.023518,30.444176,12.747973,27.749674,-0.818071,-1.736551,-2.254518,-0.113925,0.013217,1.727093,0.000000,46.953405,0.000000,4.000000,30.100137,19.823789,22.568381,0.000000,-0.567589,-0.499742,-0.067847,20.800162,12.183328,32.787144,-1.241955,-1.923423,-1.503140,0.091827,0.030054,3.547813,14.000000,214.615385,0.253415,4.000000,30.100137,19.823789,22.568381,0.000000,-0.567589,-0.499742,-0.067847,20.800162,12.183328,32.787144,-1.241955,-1.923423,-1.503140,0.091827,0.030054,1.680890,7.000000,53.061224,0.240127,3.000000,3.070560,9.000000,120.098039,0.341173,4.000000,2.623794,8.000000,78.160920,0.327974,3.000000,3.247885,11.000000,76.764706,0.295262,2.000000,4.417879,14.000000,117.647059,0.315563,1.000000,3.619286,5.000000,95.379538,0.723857,2.000000,3.944285,3.000000,54.398564,1.314762,3.000000,6.760529,3.000000,262.735849,2.253510,4.000000,2.641086,3.000000,58.402204,0.880362,3.000000,4.326579,0.000000,45.949367,0.000000,1.000000,10.394737,5.000000,313.492063,2.078947,1.000000,3.209373,15.000000,92.647059,0.213958,2.000000,4.000000,3.000000,21.000000,-1.000000,,,,23.404411,2.436195,3.507417,-1.637929,-0.684942,-0.952987,22.943498,13.415924,32.172524,-7.285115,-8.985597,-0.073707,0.118361,,0.000000,,16.752301,7.368421,9.419786,-0.511887,-0.347116,-0.164772,31.823772,20.067803,23.412231,-1.771543,-2.459452,-0.123046,0.027939,2.683908,2.658228,141.000000,214.615385,46.953405,0.751865,1.281123
2025-12-08T03:45:00Z,0.919799,wave3_start,-1,AARTIIND,1h,1.000000,44.736842,2.858744,0.000000,0.000000,-2.570952,-4.018907,-6.222184,6.006322,21.000000,312.328767,0.286015,4.000000,18.262415,14.144737,8.930141,1.000000,-0.988471,-0.803442,-0.185029,27.636576,8.155573,34.464027,-2.570952,-4.018907,-6.222184,-0.174497,0.037161,1.960784,0.000000,60.580913,0.000000,8.000000,29.136784,14.218009,20.813787,0.000000,-0.384690,-0.228061,-0.156629,19.640643,11.552634,29.757559,-1.257176,-1.834123,-2.808238,0.050770,0.027638,3.135163,14.000000,173.381295,0.223940,8.000000,29.136784,14.218009,20.813787,0.000000,-0.384690,-0.228061,-0.156629,19.640643,11.552634,29.757559,-1.257176,-1.834123,-2.808238,0.050770,0.027638,1.841547,10.000000,128.703704,0.184155,1.000000,54.516525,68.345324,82.880981,1.000000,0.047173,-0.078627,0.125800,21.614514,23.273453,17.763816,0.309236,-0.083016,-0.788683,0.682758,0.016973,1.410658,4.000000,87.804878,0.352665,2.000000,48.276166,56.097561,37.398374,0.000000,-0.332358,-0.416917,0.084558,22.626505,22.140268,20.918006,0.070420,-0.743196,-1.433911,0.554878,0.012841,1.632816,2.000000,67.213115,0.816408,3.000000,42.810680,39.837398,24.473163,0.000000,-0.442636,-0.485600,0.042963,28.640845,22.455384,22.388491,-0.287738,-1.184332,-1.771036,0.276052,0.012812,2.371695,19.000000,139.694656,0.124826,4.000000,35.887955,11.940299,8.341470,1.000000,-0.480778,-0.504297,0.023518,30.444176,12.747973,27.749674,-0.818071,-1.736551,-2.254518,-0.113925,0.013217,1.727093,0.000000,46.953405,0.000000,4.000000,30.100137,19.823789,22.568381,0.000000,-0.567589,-0.499742,-0.067847,20.800162,12.183328,32.787144,-1.241955,-1.923423,-1.503140,0.091827,0.030054,3.547813,14.000000,214.615385,0.253415,4.000000,1.680890,7.000000,53.061224,0.240127,3.000000,3.070560,9.000000,120.098039,0.341173,4.000000,2.623794,8.000000,78.160920,0.327974,3.000000,3.247885,11.000000,76.764706,0.295262,2.000000,4.417879,14.000000,117.647059,0.315563,1.000000,3.619286,5.000000,95.379538,0.723857,2.000000,3.944285,3.000000,54.398564,1.314762,3.000000,6.760529,3.000000,262.735849,2.253510,4.000000,2.641086,3.000000,58.402204,0.880362,3.000000,4.326579,0.000000,45.949367,0.000000,1.000000,10.394737,5.000000,313.492063,2.078947,1.000000,4.000000,4.000000,21.000000,-1.000000,,,,23.404411,2.436195,3.507417,-1.637929,-0.684942,-0.952987,22.943498,13.415924,32.172524,-7.285115,-8.985597,-0.073707,0.118361,,0.000000,,16.752301,7.368421,9.419786,-0.511887,-0.347116,-0.164772,31.823772,20.067803,23.412231,-1.771543,-2.459452,-0.123046,0.027939,1.129279,0.000000,0.000000,312.328767,46.953405,1.403706,2.272717
2025-12-09T03:45:00Z,0.864787,no_impulse,0,AARTIIND,1h,-1.000000,215.196078,5.980926,7.000000,0.854418,-3.514298,-5.842136,-9.012730,2.858744,0.000000,44.736842,0.000000,4.000000,18.262415,14.144737,8.930141,0.000000,-0.988471,-0.803442,-0.185029,27.636576,8.155573,34.464027,-2.570952,-4.018907,-6.222184,-0.174497,0.037161,6.006322,21.000000,312.328767,0.286015,4.000000,18.262415,14.144737,8.930141,1.000000,-0.988471,-0.803442,-0.185029,27.636576,8.155573,34.464027,-2.570952,-4.018907,-6.222184,-0.174497,0.037161,1.960784,0.000000,60.580913,0.000000,8.000000,29.136784,14.218009,20.813787,0.000000,-0.384690,-0.228061,-0.156629,19.640643,11.552634,29.757559,-1.257176,-1.834123,-2.808238,0.050770,0.027638,3.135163,14.000000,173.381295,0.223940,8.000000,29.136784,14.218009,20.813787,0.000000,-0.384690,-0.228061,-0.156629,19.640643,11.552634,29.757559,-1.257176,-1.834123,-2.808238,0.050770,0.027638,1.841547,10.000000,128.703704,0.184155,1.000000,54.516525,68.345324,82.880981,1.000000,0.047173,-0.078627,0.125800,21.614514,23.273453,17.763816,0.309236,-0.083016,-0.788683,0.682758,0.016973,1.410658,4.000000,87.804878,0.352665,2.000000,48.276166,56.097561,37.398374,0.000000,-0.332358,-0.416917,0.084558,22.626505,22.140268,20.918006,0.070420,-0.743196,-1.433911,0.554878,0.012841,1.632816,2.000000,67.213115,0.816408,3.000000,42.810680,39.837398,24.473163,0.000000,-0.442636,-0.485600,0.042963,28.640845,22.455384,22.388491,-0.287738,-1.184332,-1.771036,0.276052,0.012812,2.371695,19.000000,139.694656,0.124826,4.000000,35.887955,11.940299,8.341470,1.000000,-0.480778,-0.504297,0.023518,30.444176,12.747973,27.749674,-0.818071,-1.736551,-2.254518,-0.113925,0.013217,1.727093,0.000000,46.953405,0.000000,4.000000,3.547813,14.000000,214.615385,0.253415,4.000000,1.680890,7.000000,53.061224,0.240127,3.000000,3.070560,9.000000,120.098039,0.341173,4.000000,2.623794,8.000000,78.160920,0.327974,3.000000,3.247885,11.000000,76.764706,0.295262,2.000000,4.417879,14.000000,117.647059,0.315563,1.000000,3.619286,5.000000,95.379538,0.723857,2.000000,3.944285,3.000000,54.398564,1.314762,3.000000,6.760529,3.000000,262.735849,2.253510,4.000000,2.641086,3.000000,58.402204,0.880362,3.000000,4.326579,0.000000,45.949367,0.000000,1.000000,4.000000,5.000000,28.000000,-1.000000,,,,22.763849,9.657321,5.103147,-2.045160,-0.959257,-1.085902,24.633254,12.272486,33.691958,-6.993776,-9.067399,0.031249,0.139448,,0.000000,,16.408565,3.061224,14.560201,-0.898362,-0.875432,-0.022930,39.160386,10.654469,39.355393,-1.995300,-3.537329,-0.117550,0.031678,2.257581,0.833333,7.000000,312.328767,44.736842,1.373494,1.694884
2025-12-10T03:45:00Z,0.910025,no_impulse,0,AARTIIND,1h,1.000000,82.232346,5.231126,7.000000,0.747304,1.283231,-0.912205,-4.515927,5.980926,7.000000,215.196078,0.854418,4.000000,12.236045,11.614173,8.103275,0.000000,-1.742311,-1.397377,-0.344934,45.594309,4.499510,42.605985,-3.514298,-5.842136,-9.012730,0.090449,0.082895,2.858744,0.000000,44.736842,0.000000,4.000000,18.262415,14.144737,8.930141,0.000000,-0.988471,-0.803442,-0.185029,27.636576,8.155573,34.464027,-2.570952,-4.018907,-6.222184,-0.174497,0.037161,6.006322,21.000000,312.328767,0.286015,4.000000,18.262415,14.144737,8.930141,1.000000,-0.988471,-0.803442,-0.185029,27.636576,8.155573,34.464027,-2.570952,-4.018907,-6.222184,-0.174497,0.037161,1.960784,0.000000,60.580913,0.000000,8.000000,29.136784,14.218009,20.813787,0.000000,-0.384690,-0.228061,-0.156629,19.640643,11.552634,29.757559,-1.257176,-1.834123,-2.808238,0.050770,0.027638,3.135163,14.000000,173.381295,0.223940,8.000000,29.136784,14.218009,20.813787,0.000000,-0.384690,-0.228061,-0.156629,19.640643,11.552634,29.757559,-1.257176,-1.834123,-2.808238,0.050770,0.027638,1.841547,10.000000,128.703704,0.184155,1.000000,54.516525,68.345324,82.880981,1.000000,0.047173,-0.078627,0.125800,21.614514,23.273453,17.763816,0.309236,-0.083016,-0.788683,0.682758,0.016973,1.410658,4.000000,87.804878,0.352665,2.000000,48.276166,56.097561,37.398374,0.000000,-0.332358,-0.416917,0.084558,22.626505,22.140268,20.918006,0.070420,-0.743196,-1.433911,0.554878,0.012841,1.632816,2.000000,67.213115,0.816408,3.000000,42.810680,39.837398,24.473163,0.000000,-0.442636,-0.485600,0.042963,28.640845,22.455384,22.388491,-0.287738,-1.184332,-1.771036,0.276052,0.012812,2.371695,19.000000,139.694656,0.124826,4.000000,1.727093,0.000000,46.953405,0.000000,4.000000,3.547813,14.000000,214.615385,0.253415,4.000000,1.680890,7.000000,53.061224,0.240127,3.000000,3.070560,9.000000,120.098039,0.341173,4.000000,2.623794,8.000000,78.160920,0.327974,3.000000,3.247885,11.000000,76.764706,0.295262,2.000000,4.417879,14.000000,117.647059,0.315563,1.000000,3.619286,5.000000,95.379538,0.723857,2.000000,3.944285,3.000000,54.398564,1.314762,3.000000,6.760529,3.000000,262.735849,2.253510,4.000000,2.641086,3.000000,58.402204,0.880362,3.000000,3.000000,6.000000,35.000000,-1.000000,,,,28.705657,20.933014,11.008843,-2.216078,-1.201729,-1.014350,24.779968,17.380687,30.034491,-5.205893,-7.497456,0.160221,0.145633,,0.000000,,68.486743,86.818182,38.596736,-0.021660,-0.172782,0.151121,17.807514,47.506424,18.002356,1.886294,1.235940,1.315890,0.023564,1.808467,0.909091,7.000000,312.328767,44.736842,1.721723,2.139965
2025-12-11T03:45:00Z,0.879699,no_impulse,0,AARTIIND,1h,-1.000000,67.036011,3.332415,7.000000,0.476059,-0.630699,-2.512816,-6.466998,5.231126,7.000000,82.232346,0.747304,3.000000,54.397774,89.750693,44.951066,0.000000,-1.168276,-1.413928,0.245652,45.682159,32.531752,24.490721,1.283231,-0.912205,-4.515927,0.689644,0.068545,5.980926,7.000000,215.196078,0.854418,4.000000,12.236045,11.614173,8.103275,0.000000,-1.742311,-1.397377,-0.344934,45.594309,4.499510,42.605985,-3.514298,-5.842136,-9.012730,0.090449,0.082895,2.858744,0.000000,44.736842,0.000000,4.000000,18.262415,14.144737,8.930141,0.000000,-0.988471,-0.803442,-0.185029,27.636576,8.155573,34.464027,-2.570952,-4.018907,-6.222184,-0.174497,0.037161,6.006322,21.000000,312.328767,0.286015,4.000000,18.262415,14.144737,8.930141,1.000000,-0.988471,-0.803442,-0.185029,27.636576,8.155573,34.464027,-2.570952,-4.018907,-6.222184,-0.174497,0.037161,1.960784,0.000000,60.580913,0.000000,8.000000,29.136784,14.218009,20.813787,0.000000,-0.384690,-0.228061,-0.156629,19.640643,11.552634,29.757559,-1.257176,-1.834123,-2.808238,0.050770,0.027638,3.135163,14.000000,173.381295,0.223940,8.000000,29.136784,14.218009,20.813787,0.000000,-0.384690,-0.228061,-0.156629,19.640643,11.552634,29.757559,-1.257176,-1.834123,-2.808238,0.050770,0.027638,1.841547,10.000000,128.703704,0.184155,1.000000,54.516525,68.345324,82.880981,1.000000,0.047173,-0.078627,0.125800,21.614514,23.273453,17.763816,0.309236,-0.083016,-0.788683,0.682758,0.016973,1.410658,4.000000,87.804878,0.352665,2.000000,48.276166,56.097561,37.398374,0.000000,-0.332358,-0.416917,0.084558,22.626505,22.140268,20.918006,0.070420,-0.743196,-1.433911,0.554878,0.012841,1.632816,2.000000,67.213115,0.816408,3.000000,2.371695,19.000000,139.694656,0.124826,4.000000,1.727093,0.000000,46.953405,0.000000,4.000000,3.547813,14.000000,214.615385,0.253415,4.000000,1.680890,7.000000,53.061224,0.240127,3.000000,3.070560,9.000000,120.098039,0.341173,4.000000,2.623794,8.000000,78.160920,0.327974,3.000000,3.247885,11.000000,76.764706,0.295262,2.000000,4.417879,14.000000,117.647059,0.315563,1.000000,3.619286,5.000000,95.379538,0.723857,2.000000,3.944285,3.000000,54.398564,1.314762,3.000000,6.760529,3.000000,262.735849,2.253510,4.000000,2.000000,1.000000,42.000000,-1.000000,,,,33.035699,29.325153,19.971830,-2.250794,-1.402924,-0.847870,24.930615,16.266645,28.231861,-3.856883,-6.277662,0.249507,0.148254,,0.000000,,45.448807,27.835052,64.216622,-0.108216,-0.092315,-0.015902,14.265812,24.121847,24.926330,-0.336520,-0.549073,0.347355,0.021972,1.027579,0.833333,162.000000,312.328767,44.736842,1.812353,1.267380
2025-12-12T03:45:00Z,0.906767,no_impulse,0,AARTIIND,1h,1.000000,89.256198,3.076923,7.000000,0.439560,1.228884,-0.065140,-3.954579,3.332415,7.000000,67.036011,0.476059,2.000000,43.212595,36.012862,48.938729,1.000000,-0.720004,-0.963568,0.243564,29.105733,20.857956,24.677573,-0.630699,-2.512816,-6.466998,0.310966,0.033155,5.231126,7.000000,82.232346,0.747304,3.000000,54.397774,89.750693,44.951066,0.000000,-1.168276,-1.413928,0.245652,45.682159,32.531752,24.490721,1.283231,-0.912205,-4.515927,0.689644,0.068545,5.980926,7.000000,215.196078,0.854418,4.000000,12.236045,11.614173,8.103275,0.000000,-1.742311,-1.397377,-0.344934,45.594309,4.499510,42.605985,-3.514298,-5.842136,-9.012730,0.090449,0.082895,2.858744,0.000000,44.736842,0.000000,4.000000,18.262415,14.144737,8.930141,0.000000,-0.988471,-0.803442,-0.185029,27.636576,8.155573,34.464027,-2.570952,-4.018907,-6.222184,-0.174497,0.037161,6.006322,21.000000,312.328767,0.286015,4.000000,18.262415,14.144737,8.930141,1.000000,-0.988471,-0.803442,-0.185029,27.636576,8.155573,34.464027,-2.570952,-4.018907,-6.222184,-0.174497,0.037161,1.960784,0.000000,60.580913,0.000000,8.000000,29.136784,14.218009,20.813787,0.000000,-0.384690,-0.228061,-0.156629,19.640643,11.552634,29.757559,-1.257176,-1.834123,-2.808238,0.050770,0.027638,3.135163,14.000000,173.381295,0.223940,8.000000,29.136784,14.218009,20.813787,0.000000,-0.384690,-0.228061,-0.156629,19.640643,11.552634,29.757559,-1.257176,-1.834123,-2.808238,0.050770,0.027638,1.841547,10.000000,128.703704,0.184155,1.000000,54.516525,68.345324,82.880981,1.000000,0.047173,-0.078627,0.125800,21.614514,23.273453,17.763816,0.309236,-0.083016,-0.788683,0.682758,0.016973,1.410658,4.000000,87.804878,0.352665,2.000000,1.632816,2.000000,67.213115,0.816408,3.000000,2.371695,19.000000,139.694656,0.124826,4.000000,1.727093,0.000000,46.953405,0.000000,4.000000,3.547813,14.000000,214.615385,0.253415,4.000000,1.680890,7.000000,53.061224,0.240127,3.000000,3.070560,9.000000,120.098039,0.341173,4.000000,2.623794,8.000000,78.160920,0.327974,3.000000,3.247885,11.000000,76.764706,0.295262,2.000000,4.417879,14.000000,117.647059,0.315563,1.000000,3.619286,5.000000,95.379538,0.723857,2.000000,3.944285,3.000000,54.398564,1.314762,3.000000,3.000000,1.000000,49.000000,-1.000000,,,,33.001972,30.279898,26.846022,-2.269340,-1.576365,-0.692976,24.571254,17.723003,26.528947,-3.502723,-6.045782,0.272097,0.148492,,0.000000,,72.941648,94.166667,70.220504,0.270957,0.154473,0.116484,34.079938,40.829177,6.687046,1.204464,1.399602,1.289370,0.015445,0.921496,0.972222,,312.328767,44.736842,1.786311,1.343494
2025-12-12T09:45:00Z,0.888471,no_impulse,0,AARTIIND,1h,-1.000000,67.592593,2.017689,6.000000,0.336282,-0.478675,-1.412295,-5.259302,3.076923,7.000000,89.256198,0.439560,3.000000,57.937608,87.037037,63.684991,1.000000,-0.172286,-0.496472,0.324186,22.108030,29.418915,16.985589,1.228884,-0.065140,-3.954579,0.875733,0.033113,3.332415,7.000000,67.036011,0.476059,2.000000,43.212595,36.012862,48.938729,1.000000,-0.720004,-0.963568,0.243564,29.105733,20.857956,24.677573,-0.630699,-2.512816,-6.466998,0.310966,0.033155,5.231126,7.000000,82.232346,0.747304,3.000000,54.397774,89.750693,44.951066,0.000000,-1.168276,-1.413928,0.245652,45.682159,32.531752,24.490721,1.283231,-0.912205,-4.515927,0.689644,0.068545,5.980926,7.000000,215.196078,0.854418,4.000000,12.236045,11.614173,8.103275,0.000000,-1.742311,-1.397377,-0.344934,45.594309,4.499510,42.605985,-3.514298,-5.842136,-9.012730,0.090449,0.082895,2.858744,0.000000,44.736842,0.000000,4.000000,18.262415,14.144737,8.930141,0.000000,-0.988471,-0.803442,-0.185029,27.636576,8.155573,34.464027,-2.570952,-4.018907,-6.222184,-0.174497,0.037161,6.006322,21.000000,312.328767,0.286015,4.000000,18.262415,14.144737,8.930141,1.000000,-0.988471,-0.803442,-0.185029,27.636576,8.155573,34.464027,-2.570952,-4.018907,-6.222184,-0.174497,0.037161,1.960784,0.000000,60.580913,0.000000,8.000000,29.136784,14.218009,20.813787,0.000000,-0.384690,-0.228061,-0.156629,19.640643,11.552634,29.757559,-1.257176,-1.834123,-2.808238,0.050770,0.027638,3.135163,14.000000,173.381295,0.223940,8.000000,29.136784,14.218009,20.813787,0.000000,-0.384690,-0.228061,-0.156629,19.640643,11.552634,29.757559,-1.257176,-1.834123,-2.808238,0.050770,0.027638,1.841547,10.000000,128.703704,0.184155,1.000000,1.410658,4.000000,87.804878,0.352665,2.000000,1.632816,2.000000,67.213115,0.816408,3.000000,2.371695,19.000000,139.694656,0.124826,4.000000,1.727093,0.000000,46.953405,0.000000,4.000000,3.547813,14.000000,214.615385,0.253415,4.000000,1.680890,7.000000,53.061224,0.240127,3.000000,3.070560,9.000000,120.098039,0.341173,4.000000,2.623794,8.000000,78.160920,0.327974,3.000000,3.247885,11.000000,76.764706,0.295262,2.000000,4.417879,14.000000,117.647059,0.315563,1.000000,3.619286,5.000000,95.379538,0.723857,2.000000,2.000000,1.000000,55.000000,-1.000000,,,,33.001972,30.279898,26.846022,-2.269340,-1.576365,-0.692976,24.571254,17.723003,26.528947,-3.502723,-6.045782,0.272097,0.148492,,0.000000,,36.717574,10.526316,30.765716,-0.056798,0.062365,-0.119163,22.516946,18.446684,28.061691,-0.706939,-0.545766,-0.048679,0.012794,0.579220,0.779221,,312.328767,44.736842,1.688757,0.784081
2025-12-15T05:45:00Z,0.959398,no_impulse,0,AARTIIND,1h,1.000000,387.671233,7.983075,3.000000,2.661025,4.324378,4.282082,1.118357,2.017689,6.000000,67.592593,0.336282,2.000000,44.673477,37.037037,52.777778,1.000000,-0.024843,-0.136200,0.111357,19.811524,21.720767,21.697180,-0.478675,-1.412295,-5.259302,0.313407,0.025531,3.076923,7.000000,89.256198,0.439560,3.000000,57.937608,87.037037,63.684991,1.000000,-0.172286,-0.496472,0.324186,22.108030,29.418915,16.985589,1.228884,-0.065140,-3.954579,0.875733,0.033113,3.332415,7.000000,67.036011,0.476059,2.000000,43.212595,36.012862,48.938729,1.000000,-0.720004,-0.963568,0.243564,29.105733,20.857956,24.677573,-0.630699,-2.512816,-6.466998,0.310966,0.033155,5.231126,7.000000,82.232346,0.747304,3.000000,54.397774,89.750693,44.951066,0.000000,-1.168276,-1.413928,0.245652,45.682159,32.531752,24.490721,1.283231,-0.912205,-4.515927,0.689644,0.068545,5.980926,7.000000,215.196078,0.854418,4.000000,12.236045,11.614173,8.103275,0.000000,-1.742311,-1.397377,-0.344934,45.594309,4.499510,42.605985,-3.514298,-5.842136,-9.012730,0.090449,0.082895,2.858744,0.000000,44.736842,0.000000,4.000000,18.262415,14.144737,8.930141,0.000000,-0.988471,-0.803442,-0.185029,27.636576,8.155573,34.464027,-2.570952,-4.018907,-6.222184,-0.174497,0.037161,6.006322,21.000000,312.328767,0.286015,4.000000,18.262415,14.144737,8.930141,1.000000,-0.988471,-0.803442,-0.185029,27.636576,8.155573,34.464027,-2.570952,-4.018907,-6.222184,-0.174497,0.037161,1.960784,0.000000,60.580913,0.000000,8.000000,29.136784,14.218009,20.813787,0.000000,-0.384690,-0.228061,-0.156629,19.640643,11.552634,29.757559,-1.257176,-1.834123,-2.808238,0.050770,0.027638,3.135163,14.000000,173.381295,0.223940,8.000000,1.841547,10.000000,128.703704,0.184155,1.000000,1.410658,4.000000,87.804878,0.352665,2.000000,1.632816,2.000000,67.213115,0.816408,3.000000,2.371695,19.000000,139.694656,0.124826,4.000000,1.727093,0.000000,46.953405,0.000000,4.000000,3.547813,14.000000,214.615385,0.253415,4.000000,1.680890,7.000000,53.061224,0.240127,3.000000,3.070560,9.000000,120.098039,0.341173,4.000000,2.623794,8.000000,78.160920,0.327974,3.000000,3.247885,11.000000,76.764706,0.295262,2.000000,4.417879,14.000000,117.647059,0.315563,1.000000,1.000000,2.000000,58.000000,-1.000000,,,,53.000145,79.516539,46.373864,-1.731463,-1.542537,-0.188926,23.937531,29.600835,21.567806,1.646274,-0.569480,0.620738,0.138633,,0.000000,,76.008711,96.113074,87.616204,1.309106,0.905596,0.403510,35.959257,48.661758,12.711280,3.668935,5.098542,0.898168,0.095655,2.252456,0.379747,,312.328767,44.736842,1.615282,0.598902
2025-12-18T09:45:00Z,0.905013,no_impulse,0,AARTIIND,1h,-1.000000,76.678445,5.668757,25.000000,0.226750,-0.909672,-0.808188,-2.721317,7.983075,3.000000,387.671233,2.661025,1.000000,75.026309,82.952548,82.529392,1.000000,0.927645,0.260711,0.666935,27.558086,44.232148,10.162996,4.324378,4.282082,1.118357,1.064786,0.080027,2.017689,6.000000,67.592593,0.336282,2.000000,44.673477,37.037037,52.777778,1.000000,-0.024843,-0.136200,0.111357,19.811524,21.720767,21.697180,-0.478675,-1.412295,-5.259302,0.313407,0.025531,3.076923,7.000000,89.256198,0.439560,3.000000,57.937608,87.037037,63.684991,1.000000,-0.172286,-0.496472,0.324186,22.108030,29.418915,16.985589,1.228884,-0.065140,-3.954579,0.875733,0.033113,3.332415,7.000000,67.036011,0.476059,2.000000,43.212595,36.012862,48.938729,1.000000,-0.720004,-0.963568,0.243564,29.105733,20.857956,24.677573,-0.630699,-2.512816,-6.466998,0.310966,0.033155,5.231126,7.000000,82.232346,0.747304,3.000000,54.397774,89.750693,44.951066,0.000000,-1.168276,-1.413928,0.245652,45.682159,32.531752,24.490721,1.283231,-0.912205,-4.515927,0.689644,0.068545,5.980926,7.000000,215.196078,0.854418,4.000000,12.236045,11.614173,8.103275,0.000000,-1.742311,-1.397377,-0.344934,45.594309,4.499510,42.605985,-3.514298,-5.842136,-9.012730,0.090449,0.082895,2.858744,0.000000,44.736842,0.000000,4.000000,18.262415,14.144737,8.930141,0.000000,-0.988471,-0.803442,-0.185029,27.636576,8.155573,34.464027,-2.570952,-4.018907,-6.222184,-0.174497,0.037161,6.006322,21.000000,312.328767,0.286015,4.000000,18.262415,14.144737,8.930141,1.000000,-0.988471,-0.803442,-0.185029,27.636576,8.155573,34.464027,-2.570952,-4.018907,-6.222184,-0.174497,0.037161,1.960784,0.000000,60.580913,0.000000,8.000000,3.135163,14.000000,173.381295,0.223940,8.000000,1.841547,10.000000,128.703704,0.184155,1.000000,1.410658,4.000000,87.804878,0.352665,2.000000,1.632816,2.000000,67.213115,0.816408,3.000000,2.371695,19.000000,139.694656,0.124826,4.000000,1.727093,0.000000,46.953405,0.000000,4.000000,3.547813,14.000000,214.615385,0.253415,4.000000,1.680890,7.000000,53.061224,0.240127,3.000000,3.070560,9.000000,120.098039,0.341173,4.000000,2.623794,8.000000,78.160920,0.327974,3.000000,3.247885,11.000000,76.764706,0.295262,2.000000,2.000000,3.000000,83.000000,-1.000000,,,,48.497765,65.562914,57.180853,-1.154205,-1.412190,0.257985,19.446341,26.986244,23.675577,0.071141,-1.937897,0.506289,0.113199,,0.000000,,42.243346,27.419355,47.830261,-0.166289,-0.163742,-0.002547,17.661584,24.117589,34.936779,-0.401164,-0.768269,0.262367,0.016814,1.363233,3.472222,,387.671233,44.736842,2.014266,0.899152
2025-12-23T03:45:00Z,0.984211,no_impulse,0,AARTIIND,1h,1.000000,145.622120,8.751038,15.000000,0.583403,4.171225,5.039190,4.091886,5.668757,25.000000,76.678445,0.226750,2.000000,43.871434,14.718615,16.828997,1.000000,-0.205657,0.015203,-0.220859,17.342250,17.236366,25.295861,-0.909672,-0.808188,-2.721317,0.280764,0.041119,7.983075,3.000000,387.671233,2.661025,1.000000,75.026309,82.952548,82.529392,1.000000,0.927645,0.260711,0.666935,27.558086,44.232148,10.162996,4.324378,4.282082,1.118357,1.064786,0.080027,2.017689,6.000000,67.592593,0.336282,2.000000,44.673477,37.037037,52.777778,1.000000,-0.024843,-0.136200,0.111357,19.811524,21.720767,21.697180,-0.478675,-1.412295,-5.259302,0.313407,0.025531,3.076923,7.000000,89.256198,0.439560,3.000000,57.937608,87.037037,63.684991,1.000000,-0.172286,-0.496472,0.324186,22.108030,29.418915,16.985589,1.228884,-0.065140,-3.954579,0.875733,0.033113,3.332415,7.000000,67.036011,0.476059,2.000000,43.212595,36.012862,48.938729,1.000000,-0.720004,-0.963568,0.243564,29.105733,20.857956,24.677573,-0.630699,-2.512816,-6.466998,0.310966,0.033155,5.231126,7.000000,82.232346,0.747304,3.000000,54.397774,89.750693,44.951066,0.000000,-1.168276,-1.413928,0.245652,45.682159,32.531752,24.490721,1.283231,-0.912205,-4.515927,0.689644,0.068545,5.980926,7.000000,215.196078,0.854418,4.000000,12.236045,11.614173,8.103275,0.000000,-1.742311,-1.397377,-0.344934,45.594309,4.499510,42.605985,-3.514298,-5.842136,-9.012730,0.090449,0.082895,2.858744,0.000000,44.736842,0.000000,4.000000,18.262415,14.144737,8.930141,0.000000,-0.988471,-0.803442,-0.185029,27.636576,8.155573,34.464027,-2.570952,-4.018907,-6.222184,-0.174497,0.037161,6.006322,21.000000,312.328767,0.286015,4.000000,1.960784,0.000000,60.580913,0.000000,8.000000,3.135163,14.000000,173.381295,0.223940,8.000000,1.841547,10.000000,128.703704,0.184155,1.000000,1.410658,4.000000,87.804878,0.352665,2.000000,1.632816,2.000000,67.213115,0.816408,3.000000,2.371695,19.000000,139.694656,0.124826,4.000000,1.727093,0.000000,46.953405,0.000000,4.000000,3.547813,14.000000,214.615385,0.253415,4.000000,1.680890,7.000000,53.061224,0.240127,3.000000,3.070560,9.000000,120.098039,0.341173,4.000000,2.623794,8.000000,78.160920,0.327974,3.000000,1.000000,4.000000,98.000000,-1.000000,,,,58.431443,80.482686,75.083633,-0.487409,-1.107857,0.620449,19.908379,36.868525,19.160352,3.149805,1.632063,0.789494,0.112343,,0.000000,,81.244375,93.125000,75.985487,0.444938,0.397122,0.047817,43.909848,39.077206,9.187877,1.384002,2.096411,1.387607,0.015811,1.983608,1.807229,,387.671233,44.736842,2.030547,1.346125
2025-12-23T03:45:00Z,0.935840,no_impulse,0,AARTIIND,1h,-1.000000,61.075949,4.914693,0.000000,0.000000,4.171225,5.039190,4.091886,8.751038,15.000000,145.622120,0.583403,1.000000,79.780910,84.643510,88.014470,0.000000,0.864266,0.464444,0.399822,25.037088,48.964760,9.391544,4.171225,5.039190,4.091886,1.195303,0.062603,5.668757,25.000000,76.678445,0.226750,2.000000,43.871434,14.718615,16.828997,1.000000,-0.205657,0.015203,-0.220859,17.342250,17.236366,25.295861,-0.909672,-0.808188,-2.721317,0.280764,0.041119,7.983075,3.000000,387.671233,2.661025,1.000000,75.026309,82.952548,82.529392,1.000000,0.927645,0.260711,0.666935,27.558086,44.232148,10.162996,4.324378,4.282082,1.118357,1.064786,0.080027,2.017689,6.000000,67.592593,0.336282,2.000000,44.673477,37.037037,52.777778,1.000000,-0.024843,-0.136200,0.111357,19.811524,21.720767,21.697180,-0.478675,-1.412295,-5.259302,0.313407,0.025531,3.076923,7.000000,89.256198,0.439560,3.000000,57.937608,87.037037,63.684991,1.000000,-0.172286,-0.496472,0.324186,22.108030,29.418915,16.985589,1.228884,-0.065140,-3.954579,0.875733,0.033113,3.332415,7.000000,67.036011,0.476059,2.000000,43.212595,36.012862,48.938729,1.000000,-0.720004,-0.963568,0.243564,29.105733,20.857956,24.677573,-0.630699,-2.512816,-6.466998,0.310966,0.033155,5.231126,7.000000,82.232346,0.747304,3.000000,54.397774,89.750693,44.951066,0.000000,-1.168276,-1.413928,0.245652,45.682159,32.531752,24.490721,1.283231,-0.912205,-4.515927,0.689644,0.068545,5.980926,7.000000,215.196078,0.854418,4.000000,12.236045,11.614173,8.103275,0.000000,-1.742311,-1.397377,-0.344934,45.594309,4.499510,42.605985,-3.514298,-5.842136,-9.012730,0.090449,0.082895,2.858744,0.000000,44.736842,0.000000,4.000000,6.006322,21.000000,312.328767,0.286015,4.000000,1.960784,0.000000,60.580913,0.000000,8.000000,3.135163,14.000000,173.381295,0.223940,8.000000,1.841547,10.000000,128.703704,0.184155,1.000000,1.410658,4.000000,87.804878,0.352665,2.000000,1.632816,2.000000,67.213115,0.816408,3.000000,2.371695,19.000000,139.694656,0.124826,4.000000,1.727093,0.000000,46.953405,0.000000,4.000000,3.547813,14.000000,214.615385,0.253415,4.000000,1.680890,7.000000,53.061224,0.240127,3.000000,3.070560,9.000000,120.098039,0.341173,4.000000,1.000000,5.000000,98.000000,-1.000000,,,,58.431443,80.482686,75.083633,-0.487409,-1.107857,0.620449,19.908379,36.868525,19.160352,3.149805,1.632063,0.789494,0.112343,,0.000000,,81.244375,93.125000,75.985487,0.444938,0.397122,0.047817,43.909848,39.077206,9.187877,1.384002,2.096411,1.387607,0.015811,0.965425,0.000000,,387.671233,44.736842,2.244017,2.658455
2025-12-23T06:45:00Z,0.975815,no_impulse,0,AARTIIND,1h,1.000000,82.642487,4.271559,3.000000,1.423853,2.297744,3.637851,3.107383,4.914693,0.000000,61.075949,0.000000,1.000000,79.780910,84.643510,88.014470,0.000000,0.864266,0.464444,0.399822,25.037088,48.964760,9.391544,4.171225,5.039190,4.091886,1.195303,0.062603,8.751038,15.000000,145.622120,0.583403,1.000000,79.780910,84.643510,88.014470,0.000000,0.864266,0.464444,0.399822,25.037088,48.964760,9.391544,4.171225,5.039190,4.091886,1.195303,0.062603,5.668757,25.000000,76.678445,0.226750,2.000000,43.871434,14.718615,16.828997,1.000000,-0.205657,0.015203,-0.220859,17.342250,17.236366,25.295861,-0.909672,-0.808188,-2.721317,0.280764,0.041119,7.983075,3.000000,387.671233,2.661025,1.000000,75.026309,82.952548,82.529392,1.000000,0.927645,0.260711,0.666935,27.558086,44.232148,10.162996,4.324378,4.282082,1.118357,1.064786,0.080027,2.017689,6.000000,67.592593,0.336282,2.000000,44.673477,37.037037,52.777778,1.000000,-0.024843,-0.136200,0.111357,19.811524,21.720767,21.697180,-0.478675,-1.412295,-5.259302,0.313407,0.025531,3.076923,7.000000,89.256198,0.439560,3.000000,57.937608,87.037037,63.684991,1.000000,-0.172286,-0.496472,0.324186,22.108030,29.418915,16.985589,1.228884,-0.065140,-3.954579,0.875733,0.033113,3.332415,7.000000,67.036011,0.476059,2.000000,43.212595,36.012862,48.938729,1.000000,-0.720004,-0.963568,0.243564,29.105733,20.857956,24.677573,-0.630699,-2.512816,-6.466998,0.310966,0.033155,5.231126,7.000000,82.232346,0.747304,3.000000,54.397774,89.750693,44.951066,0.000000,-1.168276,-1.413928,0.245652,45.682159,32.531752,24.490721,1.283231,-0.912205,-4.515927,0.689644,0.068545,5.980926,7.000000,215.196078,0.854418,4.000000,2.858744,0.000000,44.736842,0.000000,4.000000,6.006322,21.000000,312.328767,0.286015,4.000000,1.960784,0.000000,60.580913,0.000000,8.000000,3.135163,14.000000,173.381295,0.223940,8.000000,1.841547,10.000000,128.703704,0.184155,1.000000,1.410658,4.000000,87.804878,0.352665,2.000000,1.632816,2.000000,67.213115,0.816408,3.000000,2.371695,19.000000,139.694656,0.124826,4.000000,1.727093,0.000000,46.953405,0.000000,4.000000,3.547813,14.000000,214.615385,0.253415,4.000000,1.680890,7.000000,53.061224,0.240127,3.000000,3.000000,1.000000,101.000000,-1.000000,,,,55.223936,72.717733,77.468573,-0.264411,-0.947805,0.683393,20.743884,34.592251,17.977387,1.995945,0.647101,0.680251,0.112986,,0.000000,,71.095432,80.051813,77.288428,1.062188,1.053332,0.008857,56.399697,35.603477,10.799024,1.192295,2.788426,0.676567,0.068341,0.857478,0.389610,,387.671233,44.736842,2.220960,1.478433
2025-12-30T06:45:00Z,0.917043,no_impulse,0,AARTIIND,1h,-1.000000,147.021944,6.022859,28.000000,0.215102,-1.695086,-1.617387,-1.475888,4.271559,3.000000,82.642487,1.423853,3.000000,69.633549,70.943396,79.847893,0.000000,1.297549,0.840086,0.457462,32.643824,40.817071,12.290880,2.297744,3.637851,3.107383,0.778858,0.084336,4.914693,0.000000,61.075949,0.000000,1.000000,79.780910,84.643510,88.014470,0.000000,0.864266,0.464444,0.399822,25.037088,48.964760,9.391544,4.171225,5.039190,4.091886,1.195303,0.062603,8.751038,15.000000,145.622120,0.583403,1.000000,79.780910,84.643510,88.014470,0.000000,0.864266,0.464444,0.399822,25.037088,48.964760,9.391544,4.171225,5.039190,4.091886,1.195303,0.062603,5.668757,25.000000,76.678445,0.226750,2.000000,43.871434,14.718615,16.828997,1.000000,-0.205657,0.015203,-0.220859,17.342250,17.236366,25.295861,-0.909672,-0.808188,-2.721317,0.280764,0.041119,7.983075,3.000000,387.671233,2.661025,1.000000,75.026309,82.952548,82.529392,1.000000,0.927645,0.260711,0.666935,27.558086,44.232148,10.162996,4.324378,4.282082,1.118357,1.064786,0.080027,2.017689,6.000000,67.592593,0.336282,2.000000,44.673477,37.037037,52.777778,1.000000,-0.024843,-0.136200,0.111357,19.811524,21.720767,21.697180,-0.478675,-1.412295,-5.259302,0.313407,0.025531,3.076923,7.000000,89.256198,0.439560,3.000000,57.937608,87.037037,63.684991,1.000000,-0.172286,-0.496472,0.324186,22.108030,29.418915,16.985589,1.228884,-0.065140,-3.954579,0.875733,0.033113,3.332415,7.000000,67.036011,0.476059,2.000000,43.212595,36.012862,48.938729,1.000000,-0.720004,-0.963568,0.243564,29.105733,20.857956,24.677573,-0.630699,-2.512816,-6.466998,0.310966,0.033155,5.231126,7.000000,82.232346,0.747304,3.000000,5.980926,7.000000,215.196078,0.854418,4.000000,2.858744,0.000000,44.736842,0.000000,4.000000,6.006322,21.000000,312.328767,0.286015,4.000000,1.960784,0.000000,60.580913,0.000000,8.000000,3.135163,14.000000,173.381295,0.223940,8.000000,1.841547,10.000000,128.703704,0.184155,1.000000,1.410658,4.000000,87.804878,0.352665,2.000000,1.632816,2.000000,67.213115,0.816408,3.000000,2.371695,19.000000,139.694656,0.124826,4.000000,1.727093,0.000000,46.953405,0.000000,4.000000,3.547813,14.000000,214.615385,0.253415,4.000000,4.000000,2.000000,129.000000,-1.000000,,,,50.505159,54.916067,54.045075,-0.122948,-0.468753,0.345805,20.242902,26.626905,20.987673,0.348963,-0.752817,0.534362,0.101912,,0.000000,,35.584287,9.523810,18.369467,-0.437571,-0.305260,-0.132311,24.068643,14.995765,30.438860,-1.149643,-1.736073,0.084876,0.027379,1.175692,3.500000,,387.671233,61.075949,2.113244,1.144725
2026-01-01T07:45:00Z,0.944110,no_impulse,0,AARTIIND,1h,1.000000,46.055437,2.951626,15.000000,0.196775,0.642986,0.485634,0.417648,6.022859,28.000000,147.021944,0.215102,4.000000,35.116668,18.750000,9.867571,1.000000,-0.455436,-0.180415,-0.275021,16.922987,16.594914,27.285038,-1.695086,-1.617387,-1.475888,0.001100,0.033410,4.271559,3.000000,82.642487,1.423853,3.000000,69.633549,70.943396,79.847893,0.000000,1.297549,0.840086,0.457462,32.643824,40.817071,12.290880,2.297744,3.637851,3.107383,0.778858,0.084336,4.914693,0.000000,61.075949,0.000000,1.000000,79.780910,84.643510,88.014470,0.000000,0.864266,0.464444,0.399822,25.037088,48.964760,9.391544,4.171225,5.039190,4.091886,1.195303,0.062603,8.751038,15.000000,145.622120,0.583403,1.000000,79.780910,84.643510,88.014470,0.000000,0.864266,0.464444,0.399822,25.037088,48.964760,9.391544,4.171225,5.039190,4.091886,1.195303,0.062603,5.668757,25.000000,76.678445,0.226750,2.000000,43.871434,14.718615,16.828997,1.000000,-0.205657,0.015203,-0.220859,17.342250,17.236366,25.295861,-0.909672,-0.808188,-2.721317,0.280764,0.041119,7.983075,3.000000,387.671233,2.661025,1.000000,75.026309,82.952548,82.529392,1.000000,0.927645,0.260711,0.666935,27.558086,44.232148,10.162996,4.324378,4.282082,1.118357,1.064786,0.080027,2.017689,6.000000,67.592593,0.336282,2.000000,44.673477,37.037037,52.777778,1.000000,-0.024843,-0.136200,0.111357,19.811524,21.720767,21.697180,-0.478675,-1.412295,-5.259302,0.313407,0.025531,3.076923,7.000000,89.256198,0.439560,3.000000,57.937608,87.037037,63.684991,1.000000,-0.172286,-0.496472,0.324186,22.108030,29.418915,16.985589,1.228884,-0.065140,-3.954579,0.875733,0.033113,3.332415,7.000000,67.036011,0.476059,2.000000,5.231126,7.000000,82.232346,0.747304,3.000000,5.980926,7.000000,215.196078,0.854418,4.000000,2.858744,0.000000,44.736842,0.000000,4.000000,6.006322,21.000000,312.328767,0.286015,4.000000,1.960784,0.000000,60.580913,0.000000,8.000000,3.135163,14.000000,173.381295,0.223940,8.000000,1.841547,10.000000,128.703704,0.184155,1.000000,1.410658,4.000000,87.804878,0.352665,2.000000,1.632816,2.000000,67.213115,0.816408,3.000000,2.371695,19.000000,139.694656,0.124826,4.000000,1.727093,0.000000,46.953405,0.000000,4.000000,3.000000,3.000000,144.000000,-1.000000,,,,52.900564,50.858034,53.757161,0.034433,-0.298594,0.333027,19.394072,25.415340,18.793550,0.974267,0.070096,0.593385,0.105354,,0.000000,,36.395329,4.838710,16.086587,-0.172863,-0.132481,-0.040382,8.705947,18.197933,19.972106,-0.359316,-0.564623,0.239109,0.013723,0.575701,1.485149,,387.671233,61.075949,2.115176,0.678891
2026-01-01T07:45:00Z,0.925815,no_impulse,0,AARTIIND,1h,-1.000000,67.592593,1.937882,0.000000,0.000000,0.642986,0.485634,0.417648,2.951626,15.000000,46.055437,0.196775,3.000000,54.985329,86.010363,56.533649,0.000000,-0.184495,-0.254098,0.069603,13.388215,25.013263,17.681489,0.642986,0.485634,0.417648,0.767979,0.024149,6.022859,28.000000,147.021944,0.215102,4.000000,35.116668,18.750000,9.867571,1.000000,-0.455436,-0.180415,-0.275021,16.922987,16.594914,27.285038,-1.695086,-1.617387,-1.475888,0.001100,0.033410,4.271559,3.000000,82.642487,1.423853,3.000000,69.633549,70.943396,79.847893,0.000000,1.297549,0.840086,0.457462,32.643824,40.817071,12.290880,2.297744,3.637851,3.107383,0.778858,0.084336,4.914693,0.000000,61.075949,0.000000,1.000000,79.780910,84.643510,88.014470,0.000000,0.864266,0.464444,0.399822,25.037088,48.964760,9.391544,4.171225,5.039190,4.091886,1.195303,0.062603,8.751038,15.000000,145.622120,0.583403,1.000000,79.780910,84.643510,88.014470,0.000000,0.864266,0.464444,0.399822,25.037088,48.964760,9.391544,4.171225,5.039190,4.091886,1.195303,0.062603,5.668757,25.000000,76.678445,0.226750,2.000000,43.871434,14.718615,16.828997,1.000000,-0.205657,0.015203,-0.220859,17.342250,17.236366,25.295861,-0.909672,-0.808188,-2.721317,0.280764,0.041119,7.983075,3.000000,387.671233,2.661025,1.000000,75.026309,82.952548,82.529392,1.000000,0.927645,0.260711,0.666935,27.558086,44.232148,10.162996,4.324378,4.282082,1.118357,1.064786,0.080027,2.017689,6.000000,67.592593,0.336282,2.000000,44.673477,37.037037,52.777778,1.000000,-0.024843,-0.136200,0.111357,19.811524,21.720767,21.697180,-0.478675,-1.412295,-5.259302,0.313407,0.025531,3.076923,7.000000,89.256198,0.439560,3.000000,3.332415,7.000000,67.036011,0.476059,2.000000,5.231126,7.000000,82.232346,0.747304,3.000000,5.980926,7.000000,215.196078,0.854418,4.000000,2.858744,0.000000,44.736842,0.000000,4.000000,6.006322,21.000000,312.328767,0.286015,4.000000,1.960784,0.000000,60.580913,0.000000,8.000000,3.135163,14.000000,173.381295,0.223940,8.000000,1.841547,10.000000,128.703704,0.184155,1.000000,1.410658,4.000000,87.804878,0.352665,2.000000,1.632816,2.000000,67.213115,0.816408,3.000000,2.371695,19.000000,139.694656,0.124826,4.000000,3.000000,4.000000,144.000000,-1.000000,,,,52.900564,50.858034,53.757161,0.034433,-0.298594,0.333027,19.394072,25.415340,18.793550,0.974267,0.070096,0.593385,0.105354,,0.000000,,36.395329,4.838710,16.086587,-0.172863,-0.132481,-0.040382,8.705947,18.197933,19.972106,-0.359316,-0.564623,0.239109,0.013723,0.395562,0.000000,,387.671233,46.055437,2.222801,0.685099
2026-01-05T03:45:00Z,0.951629,no_impulse,0,AARTIIND,1h,1.000000,141.095890,2.788305,10.000000,0.278831,0.185995,0.257887,0.284049,1.937882,0.000000,67.592593,0.000000,3.000000,54.985329,86.010363,56.533649,0.000000,-0.184495,-0.254098,0.069603,13.388215,25.013263,17.681489,0.642986,0.485634,0.417648,0.767979,0.024149,2.951626,15.000000,46.055437,0.196775,3.000000,54.985329,86.010363,56.533649,0.000000,-0.184495,-0.254098,0.069603,13.388215,25.013263,17.681489,0.642986,0.485634,0.417648,0.767979,0.024149,6.022859,28.000000,147.021944,0.215102,4.000000,35.116668,18.750000,9.867571,1.000000,-0.455436,-0.180415,-0.275021,16.922987,16.594914,27.285038,-1.695086,-1.617387,-1.475888,0.001100,0.033410,4.271559,3.000000,82.642487,1.423853,3.000000,69.633549,70.943396,79.847893,0.000000,1.297549,0.840086,0.457462,32.643824,40.817071,12.290880,2.297744,3.637851,3.107383,0.778858,0.084336,4.914693,0.000000,61.075949,0.000000,1.000000,79.780910,84.643510,88.014470,0.000000,0.864266,0.464444,0.399822,25.037088,48.964760,9.391544,4.171225,5.039190,4.091886,1.195303,0.062603,8.751038,15.000000,145.622120,0.583403,1.000000,79.780910,84.643510,88.014470,0.000000,0.864266,0.464444,0.399822,25.037088,48.964760,9.391544,4.171225,5.039190,4.091886,1.195303,0.062603,5.668757,25.000000,76.678445,0.226750,2.000000,43.871434,14.718615,16.828997,1.000000,-0.205657,0.015203,-0.220859,17.342250,17.236366,25.295861,-0.909672,-0.808188,-2.721317,0.280764,0.041119,7.983075,3.000000,387.671233,2.661025,1.000000,75.026309,82.952548,82.529392,1.000000,0.927645,0.260711,0.666935,27.558086,44.232148,10.162996,4.324378,4.282082,1.118357,1.064786,0.080027,2.017689,6.000000,67.592593,0.336282,2.000000,3.076923,7.000000,89.256198,0.439560,3.000000,3.332415,7.000000,67.036011,0.476059,2.000000,5.231126,7.000000,82.232346,0.747304,3.000000,5.980926,7.000000,215.196078,0.854418,4.000000,2.858744,0.000000,44.736842,0.000000,4.000000,6.006322,21.000000,312.328767,0.286015,4.000000,1.960784,0.000000,60.580913,0.000000,8.000000,3.135163,14.000000,173.381295,0.223940,8.000000,1.841547,10.000000,128.703704,0.184155,1.000000,1.410658,4.000000,87.804878,0.352665,2.000000,1.632816,2.000000,67.213115,0.816408,3.000000,1.000000,1.000000,154.000000,-1.000000,,,,49.172210,36.708861,47.688092,0.009904,-0.239618,0.249523,19.282061,25.119413,17.518762,-0.140193,-1.027493,0.486664,0.104974,,0.000000,,56.866687,48.611111,76.450617,0.233292,0.186597,0.046695,34.708108,35.007108,7.613510,0.226883,0.504195,0.657897,0.014402,0.585826,0.980392,,387.671233,46.055437,2.370826,0.608362
2026-01-06T05:45:00Z,0.922556,no_impulse,0,AARTIIND,1h,-1.000000,112.621359,3.055043,9.000000,0.339449,-0.878034,-1.052986,-1.147041,2.788305,10.000000,141.095890,0.278831,1.000000,52.117032,53.883495,80.613384,1.000000,0.127974,0.014337,0.113637,12.811912,26.631793,15.027398,0.185995,0.257887,0.284049,0.594483,0.019722,1.937882,0.000000,67.592593,0.000000,3.000000,54.985329,86.010363,56.533649,0.000000,-0.184495,-0.254098,0.069603,13.388215,25.013263,17.681489,0.642986,0.485634,0.417648,0.767979,0.024149,2.951626,15.000000,46.055437,0.196775,3.000000,54.985329,86.010363,56.533649,0.000000,-0.184495,-0.254098,0.069603,13.388215,25.013263,17.681489,0.642986,0.485634,0.417648,0.767979,0.024149,6.022859,28.000000,147.021944,0.215102,4.000000,35.116668,18.750000,9.867571,1.000000,-0.455436,-0.180415,-0.275021,16.922987,16.594914,27.285038,-1.695086,-1.617387,-1.475888,0.001100,0.033410,4.271559,3.000000,82.642487,1.423853,3.000000,69.633549,70.943396,79.847893,0.000000,1.297549,0.840086,0.457462,32.643824,40.817071,12.290880,2.297744,3.637851,3.107383,0.778858,0.084336,4.914693,0.000000,61.075949,0.000000,1.000000,79.780910,84.643510,88.014470,0.000000,0.864266,0.464444,0.399822,25.037088,48.964760,9.391544,4.171225,5.039190,4.091886,1.195303,0.062603,8.751038,15.000000,145.622120,0.583403,1.000000,79.780910,84.643510,88.014470,0.000000,0.864266,0.464444,0.399822,25.037088,48.964760,9.391544,4.171225,5.039190,4.091886,1.195303,0.062603,5.668757,25.000000,76.678445,0.226750,2.000000,43.871434,14.718615,16.828997,1.000000,-0.205657,0.015203,-0.220859,17.342250,17.236366,25.295861,-0.909672,-0.808188,-2.721317,0.280764,0.041119,7.983075,3.000000,387.671233,2.661025,1.000000,2.017689,6.000000,67.592593,0.336282,2.000000,3.076923,7.000000,89.256198,0.439560,3.000000,3.332415,7.000000,67.036011,0.476059,2.000000,5.231126,7.000000,82.232346,0.747304,3.000000,5.980926,7.000000,215.196078,0.854418,4.000000,2.858744,0.000000,44.736842,0.000000,4.000000,6.006322,21.000000,312.328767,0.286015,4.000000,1.960784,0.000000,60.580913,0.000000,8.000000,3.135163,14.000000,173.381295,0.223940,8.000000,1.841547,10.000000,128.703704,0.184155,1.000000,1.410658,4.000000,87.804878,0.352665,2.000000,8.000000,1.000000,163.000000,-1.000000,,,,51.219443,44.145570,43.904155,0.040311,-0.182431,0.222743,18.693323,23.418705,18.762067,0.440862,-0.379002,0.546008,0.096247,,0.000000,,26.927950,6.956522,8.036839,-0.395798,-0.317099,-0.078699,27.170378,13.166285,31.183709,-0.682677,-1.091236,0.168877,0.020477,0.645784,0.857143,,387.671233,46.055437,2.395218,0.504817
2026-01-07T08:45:00Z,0.944862,no_impulse,0,AARTIIND,1h,1.000000,76.724138,2.417821,10.000000,0.241782,0.541938,0.591594,0.582242,3.055043,9.000000,112.621359,0.339449,8.000000,39.580835,12.068966,8.847331,1.000000,-0.243075,-0.074526,-0.168550,13.727357,16.658971,24.188244,-0.878034,-1.052986,-1.147041,0.134018,0.023782,2.788305,10.000000,141.095890,0.278831,1.000000,52.117032,53.883495,80.613384,1.000000,0.127974,0.014337,0.113637,12.811912,26.631793,15.027398,0.185995,0.257887,0.284049,0.594483,0.019722,1.937882,0.000000,67.592593,0.000000,3.000000,54.985329,86.010363,56.533649,0.000000,-0.184495,-0.254098,0.069603,13.388215,25.013263,17.681489,0.642986,0.485634,0.417648,0.767979,0.024149,2.951626,15.000000,46.055437,0.196775,3.000000,54.985329,86.010363,56.533649,0.000000,-0.184495,-0.254098,0.069603,13.388215,25.013263,17.681489,0.642986,0.485634,0.417648,0.767979,0.024149,6.022859,28.000000,147.021944,0.215102,4.000000,35.116668,18.750000,9.867571,1.000000,-0.455436,-0.180415,-0.275021,16.922987,16.594914,27.285038,-1.695086,-1.617387,-1.475888,0.001100,0.033410,4.271559,3.000000,82.642487,1.423853,3.000000,69.633549,70.943396,79.847893,0.000000,1.297549,0.840086,0.457462,32.643824,40.817071,12.290880,2.297744,3.637851,3.107383,0.778858,0.084336,4.914693,0.000000,61.075949,0.000000,1.000000,79.780910,84.643510,88.014470,0.000000,0.864266,0.464444,0.399822,25.037088,48.964760,9.391544,4.171225,5.039190,4.091886,1.195303,0.062603,8.751038,15.000000,145.622120,0.583403,1.000000,79.780910,84.643510,88.014470,0.000000,0.864266,0.464444,0.399822,25.037088,48.964760,9.391544,4.171225,5.039190,4.091886,1.195303,0.062603,5.668757,25.000000,76.678445,0.226750,2.000000,7.983075,3.000000,387.671233,2.661025,1.000000,2.017689,6.000000,67.592593,0.336282,2.000000,3.076923,7.000000,89.256198,0.439560,3.000000,3.332415,7.000000,67.036011,0.476059,2.000000,5.231126,7.000000,82.232346,0.747304,3.000000,5.980926,7.000000,215.196078,0.854418,4.000000,2.858744,0.000000,44.736842,0.000000,4.000000,6.006322,21.000000,312.328767,0.286015,4.000000,1.960784,0.000000,60.580913,0.000000,8.000000,3.135163,14.000000,173.381295,0.223940,8.000000,1.841547,10.000000,128.703704,0.184155,1.000000,3.000000,2.000000,10.000000,-1.000000,,,,45.514942,17.777778,36.252930,-0.041536,-0.113775,0.072238,16.934658,21.050483,20.835857,-1.223440,-2.032604,0.330703,0.071393,,0.000000,,55.582149,70.588235,76.104575,0.119630,0.110394,0.009236,19.519809,22.717942,14.835796,0.218850,0.384823,0.768600,0.008166,0.500120,0.925926,,387.671233,46.055437,2.284569,0.587438
2026-01-09T03:45:00Z,0.907268,no_impulse,0,AARTIIND,1h,-1.000000,168.539326,3.978780,9.000000,0.442087,-1.457767,-1.755378,-1.953553,2.417821,10.000000,76.724138,0.241782,3.000000,56.373380,88.764045,79.588015,0.000000,0.108266,0.014923,0.093343,13.852900,21.721146,14.973559,0.541938,0.591594,0.582242,0.751775,0.021642,3.055043,9.000000,112.621359,0.339449,8.000000,39.580835,12.068966,8.847331,1.000000,-0.243075,-0.074526,-0.168550,13.727357,16.658971,24.188244,-0.878034,-1.052986,-1.147041,0.134018,0.023782,2.788305,10.000000,141.095890,0.278831,1.000000,52.117032,53.883495,80.613384,1.000000,0.127974,0.014337,0.113637,12.811912,26.631793,15.027398,0.185995,0.257887,0.284049,0.594483,0.019722,1.937882,0.000000,67.592593,0.000000,3.000000,54.985329,86.010363,56.533649,0.000000,-0.184495,-0.254098,0.069603,13.388215,25.013263,17.681489,0.642986,0.485634,0.417648,0.767979,0.024149,2.951626,15.000000,46.055437,0.196775,3.000000,54.985329,86.010363,56.533649,0.000000,-0.184495,-0.254098,0.069603,13.388215,25.013263,17.681489,0.642986,0.485634,0.417648,0.767979,0.024149,6.022859,28.000000,147.021944,0.215102,4.000000,35.116668,18.750000,9.867571,1.000000,-0.455436,-0.180415,-0.275021,16.922987,16.594914,27.285038,-1.695086,-1.617387,-1.475888,0.001100,0.033410,4.271559,3.000000,82.642487,1.423853,3.000000,69.633549,70.943396,79.847893,0.000000,1.297549,0.840086,0.457462,32.643824,40.817071,12.290880,2.297744,3.637851,3.107383,0.778858,0.084336,4.914693,0.000000,61.075949,0.000000,1.000000,79.780910,84.643510,88.014470,0.000000,0.864266,0.464444,0.399822,25.037088,48.964760,9.391544,4.171225,5.039190,4.091886,1.195303,0.062603,8.751038,15.000000,145.622120,0.583403,1.000000,5.668757,25.000000,76.678445,0.226750,2.000000,7.983075,3.000000,387.671233,2.661025,1.000000,2.017689,6.000000,67.592593,0.336282,2.000000,3.076923,7.000000,89.256198,0.439560,3.000000,3.332415,7.000000,67.036011,0.476059,2.000000,5.231126,7.000000,82.232346,0.747304,3.000000,5.980926,7.000000,215.196078,0.854418,4.000000,2.858744,0.000000,44.736842,0.000000,4.000000,6.006322,21.000000,312.328767,0.286015,4.000000,1.960784,0.000000,60.580913,0.000000,8.000000,3.135163,14.000000,173.381295,0.223940,8.000000,4.000000,3.000000,19.000000,-1.000000,,,,40.307209,3.120125,22.577782,-0.295900,-0.151961,-0.143938,16.516945,19.607546,24.497311,-2.879580,-3.850362,0.079627,0.066583,,0.000000,,27.532863,2.816901,5.004008,-0.465765,-0.297538,-0.168227,18.057961,12.641535,36.298307,-1.807205,-2.246628,-0.203244,0.025242,0.930065,0.782609,84.000000,147.021944,46.055437,2.102980,0.757047
2026-01-09T05:45:00Z,0.924812,no_impulse,0,AARTIIND,1h,1.000000,46.666667,1.933702,2.000000,0.966851,-1.412764,-1.842428,-2.137856,3.978780,9.000000,168.539326,0.442087,4.000000,33.319058,29.333333,12.586767,0.000000,-0.373372,-0.141041,-0.232331,18.649035,10.928239,33.614117,-1.457767,-1.755378,-1.953553,0.025962,0.030310,2.417821,10.000000,76.724138,0.241782,3.000000,56.373380,88.764045,79.588015,0.000000,0.108266,0.014923,0.093343,13.852900,21.721146,14.973559,0.541938,0.591594,0.582242,0.751775,0.021642,3.055043,9.000000,112.621359,0.339449,8.000000,39.580835,12.068966,8.847331,1.000000,-0.243075,-0.074526,-0.168550,13.727357,16.658971,24.188244,-0.878034,-1.052986,-1.147041,0.134018,0.023782,2.788305,10.000000,141.095890,0.278831,1.000000,52.117032,53.883495,80.613384,1.000000,0.127974,0.014337,0.113637,12.811912,26.631793,15.027398,0.185995,0.257887,0.284049,0.594483,0.019722,1.937882,0.000000,67.592593,0.000000,3.000000,54.985329,86.010363,56.533649,0.000000,-0.184495,-0.254098,0.069603,13.388215,25.013263,17.681489,0.642986,0.485634,0.417648,0.767979,0.024149,2.951626,15.000000,46.055437,0.196775,3.000000,54.985329,86.010363,56.533649,0.000000,-0.184495,-0.254098,0.069603,13.388215,25.013263,17.681489,0.642986,0.485634,0.417648,0.767979,0.024149,6.022859,28.000000,147.021944,0.215102,4.000000,35.116668,18.750000,9.867571,1.000000,-0.455436,-0.180415,-0.275021,16.922987,16.594914,27.285038,-1.695086,-1.617387,-1.475888,0.001100,0.033410,4.271559,3.000000,82.642487,1.423853,3.000000,69.633549,70.943396,79.847893,0.000000,1.297549,0.840086,0.457462,32.643824,40.817071,12.290880,2.297744,3.637851,3.107383,0.778858,0.084336,4.914693,0.000000,61.075949,0.000000,1.000000,8.751038,15.000000,145.622120,0.583403,1.000000,5.668757,25.000000,76.678445,0.226750,2.000000,7.983075,3.000000,387.671233,2.661025,1.000000,2.017689,6.000000,67.592593,0.336282,2.000000,3.076923,7.000000,89.256198,0.439560,3.000000,3.332415,7.000000,67.036011,0.476059,2.000000,5.231126,7.000000,82.232346,0.747304,3.000000,5.980926,7.000000,215.196078,0.854418,4.000000,2.858744,0.000000,44.736842,0.000000,4.000000,6.006322,21.000000,312.328767,0.286015,4.000000,1.960784,0.000000,60.580913,0.000000,8.000000,3.000000,4.000000,21.000000,-1.000000,,,,40.307209,3.120125,22.577782,-0.295900,-0.151961,-0.143938,16.516945,19.607546,24.497311,-2.879580,-3.850362,0.079627,0.066583,,0.000000,,46.797298,59.523810,50.158730,-0.393870,-0.431335,0.037466,22.227067,15.597030,26.520047,-0.093044,-0.657714,0.464641,0.026290,0.470606,0.202020,86.000000,168.539326,46.055437,2.045926,1.231033
2026-01-12T03:45:00Z,0.885213,no_impulse,0,AARTIIND,1h,-1.000000,225.714286,4.281843,5.000000,0.856369,-2.505408,-3.443312,-4.141345,1.933702,2.000000,46.666667,0.966851,3.000000,33.114292,24.000000,29.333333,1.000000,-0.493533,-0.257049,-0.236484,23.096044,9.251023,28.455179,-1.412764,-1.842428,-2.137856,0.114020,0.036092,3.978780,9.000000,168.539326,0.442087,4.000000,33.319058,29.333333,12.586767,0.000000,-0.373372,-0.141041,-0.232331,18.649035,10.928239,33.614117,-1.457767,-1.755378,-1.953553,0.025962,0.030310,2.417821,10.000000,76.724138,0.241782,3.000000,56.373380,88.764045,79.588015,0.000000,0.108266,0.014923,0.093343,13.852900,21.721146,14.973559,0.541938,0.591594,0.582242,0.751775,0.021642,3.055043,9.000000,112.621359,0.339449,8.000000,39.580835,12.068966,8.847331,1.000000,-0.243075,-0.074526,-0.168550,13.727357,16.658971,24.188244,-0.878034,-1.052986,-1.147041,0.134018,0.023782,2.788305,10.000000,141.095890,0.278831,1.000000,52.117032,53.883495,80.613384,1.000000,0.127974,0.014337,0.113637,12.811912,26.631793,15.027398,0.185995,0.257887,0.284049,0.594483,0.019722,1.937882,0.000000,67.592593,0.000000,3.000000,54.985329,86.010363,56.533649,0.000000,-0.184495,-0.254098,0.069603,13.388215,25.013263,17.681489,0.642986,0.485634,0.417648,0.767979,0.024149,2.951626,15.000000,46.055437,0.196775,3.000000,54.985329,86.010363,56.533649,0.000000,-0.184495,-0.254098,0.069603,13.388215,25.013263,17.681489,0.642986,0.485634,0.417648,0.767979,0.024149,6.022859,28.000000,147.021944,0.215102,4.000000,35.116668,18.750000,9.867571,1.000000,-0.455436,-0.180415,-0.275021,16.922987,16.594914,27.285038,-1.695086,-1.617387,-1.475888,0.001100,0.033410,4.271559,3.000000,82.642487,1.423853,3.000000,4.914693,0.000000,61.075949,0.000000,1.000000,8.751038,15.000000,145.622120,0.583403,1.000000,5.668757,25.000000,76.678445,0.226750,2.000000,7.983075,3.000000,387.671233,2.661025,1.000000,2.017689,6.000000,67.592593,0.336282,2.000000,3.076923,7.000000,89.256198,0.439560,3.000000,3.332415,7.000000,67.036011,0.476059,2.000000,5.231126,7.000000,82.232346,0.747304,3.000000,5.980926,7.000000,215.196078,0.854418,4.000000,2.858744,0.000000,44.736842,0.000000,4.000000,6.006322,21.000000,312.328767,0.286015,4.000000,4.000000,5.000000,26.000000,-1.000000,,,,37.842515,13.449564,11.449156,-0.578720,-0.238570,-0.340151,17.016184,18.088376,29.205380,-3.567484,-4.730734,-0.025797,0.065512,,0.000000,,23.092153,0.000000,11.088867,-0.683691,-0.557400,-0.126291,35.913740,9.267132,42.584197,-2.458523,-3.449748,-0.224828,0.033105,1.249361,0.581395,91.000000,168.539326,46.055437,1.341954,1.070564
2026-01-12T03:45:00Z,0.907393,no_impulse,0,AARTIIND,1h,1.000000,56.012658,2.505663,0.000000,0.000000,-2.505408,-3.443312,-4.141345,4.281843,5.000000,225.714286,0.856369,4.000000,22.886106,21.098901,12.042898,1.000000,-0.948894,-0.631634,-0.317259,35.696016,5.768962,40.062141,-2.505408,-3.443312,-4.141345,0.085114,0.058912,1.933702,2.000000,46.666667,0.966851,3.000000,33.114292,24.000000,29.333333,1.000000,-0.493533,-0.257049,-0.236484,23.096044,9.251023,28.455179,-1.412764,-1.842428,-2.137856,0.114020,0.036092,3.978780,9.000000,168.539326,0.442087,4.000000,33.319058,29.333333,12.586767,0.000000,-0.373372,-0.141041,-0.232331,18.649035,10.928239,33.614117,-1.457767,-1.755378,-1.953553,0.025962,0.030310,2.417821,10.000000,76.724138,0.241782,3.000000,56.373380,88.764045,79.588015,0.000000,0.108266,0.014923,0.093343,13.852900,21.721146,14.973559,0.541938,0.591594,0.582242,0.751775,0.021642,3.055043,9.000000,112.621359,0.339449,8.000000,39.580835,12.068966,8.847331,1.000000,-0.243075,-0.074526,-0.168550,13.727357,16.658971,24.188244,-0.878034,-1.052986,-1.147041,0.134018,0.023782,2.788305,10.000000,141.095890,0.278831,1.000000,52.117032,53.883495,80.613384,1.000000,0.127974,0.014337,0.113637,12.811912,26.631793,15.027398,0.185995,0.257887,0.284049,0.594483,0.019722,1.937882,0.000000,67.592593,0.000000,3.000000,54.985329,86.010363,56.533649,0.000000,-0.184495,-0.254098,0.069603,13.388215,25.013263,17.681489,0.642986,0.485634,0.417648,0.767979,0.024149,2.951626,15.000000,46.055437,0.196775,3.000000,54.985329,86.010363,56.533649,0.000000,-0.184495,-0.254098,0.069603,13.388215,25.013263,17.681489,0.642986,0.485634,0.417648,0.767979,0.024149,6.022859,28.000000,147.021944,0.215102,4.000000,4.271559,3.000000,82.642487,1.423853,3.000000,4.914693,0.000000,61.075949,0.000000,1.000000,8.751038,15.000000,145.622120,0.583403,1.000000,5.668757,25.000000,76.678445,0.226750,2.000000,7.983075,3.000000,387.671233,2.661025,1.000000,2.017689,6.000000,67.592593,0.336282,2.000000,3.076923,7.000000,89.256198,0.439560,3.000000,3.332415,7.000000,67.036011,0.476059,2.000000,5.231126,7.000000,82.232346,0.747304,3.000000,5.980926,7.000000,215.196078,0.854418,4.000000,2.858744,0.000000,44.736842,0.000000,4.000000,4.000000,6.000000,26.000000,-1.000000,,,,37.842515,13.449564,11.449156,-0.578720,-0.238570,-0.340151,17.016184,18.088376,29.205380,-3.567484,-4.730734,-0.025797,0.065512,,0.000000,,23.092153,0.000000,11.088867,-0.683691,-0.557400,-0.126291,35.913740,9.267132,42.584197,-2.458523,-3.449748,-0.224828,0.033105,0.744859,0.000000,91.000000,225.714286,46.055437,1.277382,1.234005
2026-01-12T07:45:00Z,0.889724,no_impulse,0,AARTIIND,1h,-1.000000,79.661017,1.947245,4.000000,0.486811,-1.962856,-3.318024,-4.424894,2.505663,0.000000,56.012658,0.000000,4.000000,22.886106,21.098901,12.042898,0.000000,-0.948894,-0.631634,-0.317259,35.696016,5.768962,40.062141,-2.505408,-3.443312,-4.141345,0.085114,0.058912,4.281843,5.000000,225.714286,0.856369,4.000000,22.886106,21.098901,12.042898,1.000000,-0.948894,-0.631634,-0.317259,35.696016,5.768962,40.062141,-2.505408,-3.443312,-4.141345,0.085114,0.058912,1.933702,2.000000,46.666667,0.966851,3.000000,33.114292,24.000000,29.333333,1.000000,-0.493533,-0.257049,-0.236484,23.096044,9.251023,28.455179,-1.412764,-1.842428,-2.137856,0.114020,0.036092,3.978780,9.000000,168.539326,0.442087,4.000000,33.319058,29.333333,12.586767,0.000000,-0.373372,-0.141041,-0.232331,18.649035,10.928239,33.614117,-1.457767,-1.755378,-1.953553,0.025962,0.030310,2.417821,10.000000,76.724138,0.241782,3.000000,56.373380,88.764045,79.588015,0.000000,0.108266,0.014923,0.093343,13.852900,21.721146,14.973559,0.541938,0.591594,0.582242,0.751775,0.021642,3.055043,9.000000,112.621359,0.339449,8.000000,39.580835,12.068966,8.847331,1.000000,-0.243075,-0.074526,-0.168550,13.727357,16.658971,24.188244,-0.878034,-1.052986,-1.147041,0.134018,0.023782,2.788305,10.000000,141.095890,0.278831,1.000000,52.117032,53.883495,80.613384,1.000000,0.127974,0.014337,0.113637,12.811912,26.631793,15.027398,0.185995,0.257887,0.284049,0.594483,0.019722,1.937882,0.000000,67.592593,0.000000,3.000000,54.985329,86.010363,56.533649,0.000000,-0.184495,-0.254098,0.069603,13.388215,25.013263,17.681489,0.642986,0.485634,0.417648,0.767979,0.024149,2.951626,15.000000,46.055437,0.196775,3.000000,6.022859,28.000000,147.021944,0.215102,4.000000,4.271559,3.000000,82.642487,1.423853,3.000000,4.914693,0.000000,61.075949,0.000000,1.000000,8.751038,15.000000,145.622120,0.583403,1.000000,5.668757,25.000000,76.678445,0.226750,2.000000,7.983075,3.000000,387.671233,2.661025,1.000000,2.017689,6.000000,67.592593,0.336282,2.000000,3.076923,7.000000,89.256198,0.439560,3.000000,3.332415,7.000000,67.036011,0.476059,2.000000,5.231126,7.000000,82.232346,0.747304,3.000000,5.980926,7.000000,215.196078,0.854418,4.000000,2.000000,1.000000,30.000000,-1.000000,,,,42.968414,32.453416,16.341035,-0.669326,-0.322066,-0.347260,16.948572,19.460570,26.912555,-1.924130,-3.145355,0.224175,0.068442,,0.000000,,38.325677,39.416058,48.175182,-0.581776,-0.676391,0.094615,41.767708,14.446447,31.876429,-0.623452,-1.817960,0.287929,0.029216,0.610929,0.454545,95.000000,225.714286,46.055437,1.259910,0.922718
2026-01-13T03:45:00Z,0.910902,no_impulse,0,AARTIIND,1h,1.000000,119.858156,2.380282,3.000000,0.793427,-1.171272,-2.605826,-3.924737,1.947245,4.000000,79.661017,0.486811,2.000000,23.756083,19.298246,18.318646,0.000000,-1.229652,-0.960305,-0.269347,44.796752,7.523149,37.958858,-1.962856,-3.318024,-4.424894,0.223207,0.069549,2.505663,0.000000,56.012658,0.000000,4.000000,22.886106,21.098901,12.042898,0.000000,-0.948894,-0.631634,-0.317259,35.696016,5.768962,40.062141,-2.505408,-3.443312,-4.141345,0.085114,0.058912,4.281843,5.000000,225.714286,0.856369,4.000000,22.886106,21.098901,12.042898,1.000000,-0.948894,-0.631634,-0.317259,35.696016,5.768962,40.062141,-2.505408,-3.443312,-4.141345,0.085114,0.058912,1.933702,2.000000,46.666667,0.966851,3.000000,33.114292,24.000000,29.333333,1.000000,-0.493533,-0.257049,-0.236484,23.096044,9.251023,28.455179,-1.412764,-1.842428,-2.137856,0.114020,0.036092,3.978780,9.000000,168.539326,0.442087,4.000000,33.319058,29.333333,12.586767,0.000000,-0.373372,-0.141041,-0.232331,18.649035,10.928239,33.614117,-1.457767,-1.755378,-1.953553,0.025962,0.030310,2.417821,10.000000,76.724138,0.241782,3.000000,56.373380,88.764045,79.588015,0.000000,0.108266,0.014923,0.093343,13.852900,21.721146,14.973559,0.541938,0.591594,0.582242,0.751775,0.021642,3.055043,9.000000,112.621359,0.339449,8.000000,39.580835,12.068966,8.847331,1.000000,-0.243075,-0.074526,-0.168550,13.727357,16.658971,24.188244,-0.878034,-1.052986,-1.147041,0.134018,0.023782,2.788305,10.000000,141.095890,0.278831,1.000000,52.117032,53.883495,80.613384,1.000000,0.127974,0.014337,0.113637,12.811912,26.631793,15.027398,0.185995,0.257887,0.284049,0.594483,0.019722,1.937882,0.000000,67.592593,0.000000,3.000000,2.951626,15.000000,46.055437,0.196775,3.000000,6.022859,28.000000,147.021944,0.215102,4.000000,4.271559,3.000000,82.642487,1.423853,3.000000,4.914693,0.000000,61.075949,0.000000,1.000000,8.751038,15.000000,145.622120,0.583403,1.000000,5.668757,25.000000,76.678445,0.226750,2.000000,7.983075,3.000000,387.671233,2.661025,1.000000,2.017689,6.000000,67.592593,0.336282,2.000000,3.076923,7.000000,89.256198,0.439560,3.000000,3.332415,7.000000,67.036011,0.476059,2.000000,5.231126,7.000000,82.232346,0.747304,3.000000,1.000000,2.000000,33.000000,-1.000000,,,,42.968414,32.453416,16.341035,-0.669326,-0.322066,-0.347260,16.948572,19.460570,26.912555,-1.924130,-3.145355,0.224175,0.068442,,0.000000,,55.136121,49.704142,63.936588,-0.164968,-0.345076,0.180108,33.331743,30.719511,18.636141,0.482729,-0.331082,0.826351,0.014863,0.856281,0.468750,67.000000,225.714286,46.055437,0.824828,1.048551
2026-01-13T06:45:00Z,0.891729,no_impulse,0,AARTIIND,1h,-1.000000,90.532544,2.104829,3.000000,0.701610,-0.327254,-1.749918,-3.233381,2.380282,3.000000,119.858156,0.793427,1.000000,30.171872,31.306991,30.496454,0.000000,-1.125056,-1.056958,-0.068098,43.669463,18.151960,28.386006,-1.171272,-2.605826,-3.924737,0.308576,0.060479,1.947245,4.000000,79.661017,0.486811,2.000000,23.756083,19.298246,18.318646,0.000000,-1.229652,-0.960305,-0.269347,44.796752,7.523149,37.958858,-1.962856,-3.318024,-4.424894,0.223207,0.069549,2.505663,0.000000,56.012658,0.000000,4.000000,22.886106,21.098901,12.042898,0.000000,-0.948894,-0.631634,-0.317259,35.696016,5.768962,40.062141,-2.505408,-3.443312,-4.141345,0.085114,0.058912,4.281843,5.000000,225.714286,0.856369,4.000000,22.886106,21.098901,12.042898,1.000000,-0.948894,-0.631634,-0.317259,35.696016,5.768962,40.062141,-2.505408,-3.443312,-4.141345,0.085114,0.058912,1.933702,2.000000,46.666667,0.966851,3.000000,33.114292,24.000000,29.333333,1.000000,-0.493533,-0.257049,-0.236484,23.096044,9.251023,28.455179,-1.412764,-1.842428,-2.137856,0.114020,0.036092,3.978780,9.000000,168.539326,0.442087,4.000000,33.319058,29.333333,12.586767,0.000000,-0.373372,-0.141041,-0.232331,18.649035,10.928239,33.614117,-1.457767,-1.755378,-1.953553,0.025962,0.030310,2.417821,10.000000,76.724138,0.241782,3.000000,56.373380,88.764045,79.588015,0.000000,0.108266,0.014923,0.093343,13.852900,21.721146,14.973559,0.541938,0.591594,0.582242,0.751775,0.021642,3.055043,9.000000,112.621359,0.339449,8.000000,39.580835,12.068966,8.847331,1.000000,-0.243075,-0.074526,-0.168550,13.727357,16.658971,24.188244,-0.878034,-1.052986,-1.147041,0.134018,0.023782,2.788305,10.000000,141.095890,0.278831,1.000000,1.937882,0.000000,67.592593,0.000000,3.000000,2.951626,15.000000,46.055437,0.196775,3.000000,6.022859,28.000000,147.021944,0.215102,4.000000,4.271559,3.000000,82.642487,1.423853,3.000000,4.914693,0.000000,61.075949,0.000000,1.000000,8.751038,15.000000,145.622120,0.583403,1.000000,5.668757,25.000000,76.678445,0.226750,2.000000,7.983075,3.000000,387.671233,2.661025,1.000000,2.017689,6.000000,67.592593,0.336282,2.000000,3.076923,7.000000,89.256198,0.439560,3.000000,3.332415,7.000000,67.036011,0.476059,2.000000,2.000000,3.000000,36.000000,-1.000000,,,,42.225826,31.239669,25.714217,-0.763071,-0.410979,-0.352092,16.854741,18.721114,25.660085,-1.995622,-3.295766,0.229287,0.072275,,0.000000,,62.003830,72.549020,28.717039,0.003822,-0.076192,0.080014,20.485669,31.541613,15.610226,0.984748,0.531954,1.229098,0.013641,0.773079,0.576923,70.000000,225.714286,46.666667,0.831365,0.670293
2026-01-14T03:45:00Z,0.916541,no_impulse,0,AARTIIND,1h,1.000000,129.411765,2.782462,4.000000,0.695616,0.393197,-0.739021,-2.266250,2.104829,3.000000,90.532544,0.701610,2.000000,41.395734,53.962264,37.982833,0.000000,-0.954379,-1.035164,0.080785,38.140977,23.695779,23.933605,-0.327254,-1.749918,-3.233381,0.431231,0.047432,2.380282,3.000000,119.858156,0.793427,1.000000,30.171872,31.306991,30.496454,0.000000,-1.125056,-1.056958,-0.068098,43.669463,18.151960,28.386006,-1.171272,-2.605826,-3.924737,0.308576,0.060479,1.947245,4.000000,79.661017,0.486811,2.000000,23.756083,19.298246,18.318646,0.000000,-1.229652,-0.960305,-0.269347,44.796752,7.523149,37.958858,-1.962856,-3.318024,-4.424894,0.223207,0.069549,2.505663,0.000000,56.012658,0.000000,4.000000,22.886106,21.098901,12.042898,0.000000,-0.948894,-0.631634,-0.317259,35.696016,5.768962,40.062141,-2.505408,-3.443312,-4.141345,0.085114,0.058912,4.281843,5.000000,225.714286,0.856369,4.000000,22.886106,21.098901,12.042898,1.000000,-0.948894,-0.631634,-0.317259,35.696016,5.768962,40.062141,-2.505408,-3.443312,-4.141345,0.085114,0.058912,1.933702,2.000000,46.666667,0.966851,3.000000,33.114292,24.000000,29.333333,1.000000,-0.493533,-0.257049,-0.236484,23.096044,9.251023,28.455179,-1.412764,-1.842428,-2.137856,0.114020,0.036092,3.978780,9.000000,168.539326,0.442087,4.000000,33.319058,29.333333,12.586767,0.000000,-0.373372,-0.141041,-0.232331,18.649035,10.928239,33.614117,-1.457767,-1.755378,-1.953553,0.025962,0.030310,2.417821,10.000000,76.724138,0.241782,3.000000,56.373380,88.764045,79.588015,0.000000,0.108266,0.014923,0.093343,13.852900,21.721146,14.973559,0.541938,0.591594,0.582242,0.751775,0.021642,3.055043,9.000000,112.621359,0.339449,8.000000,2.788305,10.000000,141.095890,0.278831,1.000000,1.937882,0.000000,67.592593,0.000000,3.000000,2.951626,15.000000,46.055437,0.196775,3.000000,6.022859,28.000000,147.021944,0.215102,4.000000,4.271559,3.000000,82.642487,1.423853,3.000000,4.914693,0.000000,61.075949,0.000000,1.000000,8.751038,15.000000,145.622120,0.583403,1.000000,5.668757,25.000000,76.678445,0.226750,2.000000,7.983075,3.000000,387.671233,2.661025,1.000000,2.017689,6.000000,67.592593,0.336282,2.000000,3.076923,7.000000,89.256198,0.439560,3.000000,1.000000,4.000000,40.000000,-1.000000,,,,42.225826,31.239669,25.714217,-0.763071,-0.410979,-0.352092,16.854741,18.721114,25.660085,-1.995622,-3.295766,0.229287,0.072275,,0.000000,,67.105485,88.659794,80.918909,0.356303,0.255977,0.100326,32.306155,29.091105,12.388970,0.979632,1.105580,0.890889,0.025310,1.015738,0.727273,74.000000,225.714286,46.666667,0.815378,0.737553
2026-01-21T04:45:00Z,0.847243,no_impulse,0,AARTIIND,1h,-1.000000,279.292929,7.560842,29.000000,0.260719,-2.671487,-4.483419,-7.549094,2.782462,4.000000,129.411765,0.695616,1.000000,51.106290,77.566540,81.368756,1.000000,-0.479819,-0.785080,0.305261,30.214382,23.772997,19.849568,0.393197,-0.739021,-2.266250,0.621651,0.032449,2.104829,3.000000,90.532544,0.701610,2.000000,41.395734,53.962264,37.982833,0.000000,-0.954379,-1.035164,0.080785,38.140977,23.695779,23.933605,-0.327254,-1.749918,-3.233381,0.431231,0.047432,2.380282,3.000000,119.858156,0.793427,1.000000,30.171872,31.306991,30.496454,0.000000,-1.125056,-1.056958,-0.068098,43.669463,18.151960,28.386006,-1.171272,-2.605826,-3.924737,0.308576,0.060479,1.947245,4.000000,79.661017,0.486811,2.000000,23.756083,19.298246,18.318646,0.000000,-1.229652,-0.960305,-0.269347,44.796752,7.523149,37.958858,-1.962856,-3.318024,-4.424894,0.223207,0.069549,2.505663,0.000000,56.012658,0.000000,4.000000,22.886106,21.098901,12.042898,0.000000,-0.948894,-0.631634,-0.317259,35.696016,5.768962,40.062141,-2.505408,-3.443312,-4.141345,0.085114,0.058912,4.281843,5.000000,225.714286,0.856369,4.000000,22.886106,21.098901,12.042898,1.000000,-0.948894,-0.631634,-0.317259,35.696016,5.768962,40.062141,-2.505408,-3.443312,-4.141345,0.085114,0.058912,1.933702,2.000000,46.666667,0.966851,3.000000,33.114292,24.000000,29.333333,1.000000,-0.493533,-0.257049,-0.236484,23.096044,9.251023,28.455179,-1.412764,-1.842428,-2.137856,0.114020,0.036092,3.978780,9.000000,168.539326,0.442087,4.000000,33.319058,29.333333,12.586767,0.000000,-0.373372,-0.141041,-0.232331,18.649035,10.928239,33.614117,-1.457767,-1.755378,-1.953553,0.025962,0.030310,2.417821,10.000000,76.724138,0.241782,3.000000,3.055043,9.000000,112.621359,0.339449,8.000000,2.788305,10.000000,141.095890,0.278831,1.000000,1.937882,0.000000,67.592593,0.000000,3.000000,2.951626,15.000000,46.055437,0.196775,3.000000,6.022859,28.000000,147.021944,0.215102,4.000000,4.271559,3.000000,82.642487,1.423853,3.000000,4.914693,0.000000,61.075949,0.000000,1.000000,8.751038,15.000000,145.622120,0.583403,1.000000,5.668757,25.000000,76.678445,0.226750,2.000000,7.983075,3.000000,387.671233,2.661025,1.000000,2.017689,6.000000,67.592593,0.336282,2.000000,8.000000,1.000000,69.000000,-1.000000,,,,28.909096,4.681873,8.048871,-1.955577,-1.092477,-0.863100,21.545101,13.939402,35.535148,-6.516728,-8.860156,0.021739,0.127922,,0.000000,,31.049992,26.744186,32.885268,-0.613886,-0.519049,-0.094837,37.086931,8.326650,32.421734,-1.101589,-2.026939,0.155272,0.031607,2.760674,5.918367,103.000000,225.714286,46.666667,0.815341,0.832030
2026-01-23T03:45:00Z,0.888847,no_impulse,0,AARTIIND,1h,1.000000,60.036166,4.910516,13.000000,0.377732,2.051420,0.631791,-2.904904,7.560842,29.000000,279.292929,0.260719,8.000000,19.720103,15.580737,16.937538,0.000000,-1.199887,-0.987452,-0.212435,33.110368,8.738095,37.962714,-2.671487,-4.483419,-7.549094,-0.055737,0.046820,2.782462,4.000000,129.411765,0.695616,1.000000,51.106290,77.566540,81.368756,1.000000,-0.479819,-0.785080,0.305261,30.214382,23.772997,19.849568,0.393197,-0.739021,-2.266250,0.621651,0.032449,2.104829,3.000000,90.532544,0.701610,2.000000,41.395734,53.962264,37.982833,0.000000,-0.954379,-1.035164,0.080785,38.140977,23.695779,23.933605,-0.327254,-1.749918,-3.233381,0.431231,0.047432,2.380282,3.000000,119.858156,0.793427,1.000000,30.171872,31.306991,30.496454,0.000000,-1.125056,-1.056958,-0.068098,43.669463,18.151960,28.386006,-1.171272,-2.605826,-3.924737,0.308576,0.060479,1.947245,4.000000,79.661017,0.486811,2.000000,23.756083,19.298246,18.318646,0.000000,-1.229652,-0.960305,-0.269347,44.796752,7.523149,37.958858,-1.962856,-3.318024,-4.424894,0.223207,0.069549,2.505663,0.000000,56.012658,0.000000,4.000000,22.886106,21.098901,12.042898,0.000000,-0.948894,-0.631634,-0.317259,35.696016,5.768962,40.062141,-2.505408,-3.443312,-4.141345,0.085114,0.058912,4.281843,5.000000,225.714286,0.856369,4.000000,22.886106,21.098901,12.042898,1.000000,-0.948894,-0.631634,-0.317259,35.696016,5.768962,40.062141,-2.505408,-3.443312,-4.141345,0.085114,0.058912,1.933702,2.000000,46.666667,0.966851,3.000000,33.114292,24.000000,29.333333,1.000000,-0.493533,-0.257049,-0.236484,23.096044,9.251023,28.455179,-1.412764,-1.842428,-2.137856,0.114020,0.036092,3.978780,9.000000,168.539326,0.442087,4.000000,2.417821,10.000000,76.724138,0.241782,3.000000,3.055043,9.000000,112.621359,0.339449,8.000000,2.788305,10.000000,141.095890,0.278831,1.000000,1.937882,0.000000,67.592593,0.000000,3.000000,2.951626,15.000000,46.055437,0.196775,3.000000,6.022859,28.000000,147.021944,0.215102,4.000000,4.271559,3.000000,82.642487,1.423853,3.000000,4.914693,0.000000,61.075949,0.000000,1.000000,8.751038,15.000000,145.622120,0.583403,1.000000,5.668757,25.000000,76.678445,0.226750,2.000000,7.983075,3.000000,387.671233,2.661025,1.000000,3.000000,2.000000,13.000000,-1.000000,,,,42.096470,35.414166,20.088035,-1.921191,-1.377801,-0.543390,22.232136,21.196621,29.724949,-2.015963,-4.465174,0.346454,0.128699,,0.000000,,66.855861,86.666667,83.055556,0.325273,0.159122,0.166151,22.622628,32.107139,11.642074,0.940346,0.988397,0.904435,0.023472,1.539662,1.884058,13.000000,279.292929,46.666667,1.735421,1.821716
2026-01-23T03:45:00Z,0.865414,no_impulse,0,AARTIIND,1h,-1.000000,56.325301,2.636402,0.000000,0.000000,2.051420,0.631791,-2.904904,4.910516,13.000000,60.036166,0.377732,3.000000,63.106913,93.072289,88.995111,1.000000,-0.361721,-0.801494,0.439773,32.084973,31.524802,18.160133,2.051420,0.631791,-2.904904,1.022995,0.040046,7.560842,29.000000,279.292929,0.260719,8.000000,19.720103,15.580737,16.937538,0.000000,-1.199887,-0.987452,-0.212435,33.110368,8.738095,37.962714,-2.671487,-4.483419,-7.549094,-0.055737,0.046820,2.782462,4.000000,129.411765,0.695616,1.000000,51.106290,77.566540,81.368756,1.000000,-0.479819,-0.785080,0.305261,30.214382,23.772997,19.849568,0.393197,-0.739021,-2.266250,0.621651,0.032449,2.104829,3.000000,90.532544,0.701610,2.000000,41.395734,53.962264,37.982833,0.000000,-0.954379,-1.035164,0.080785,38.140977,23.695779,23.933605,-0.327254,-1.749918,-3.233381,0.431231,0.047432,2.380282,3.000000,119.858156,0.793427,1.000000,30.171872,31.306991,30.496454,0.000000,-1.125056,-1.056958,-0.068098,43.669463,18.151960,28.386006,-1.171272,-2.605826,-3.924737,0.308576,0.060479,1.947245,4.000000,79.661017,0.486811,2.000000,23.756083,19.298246,18.318646,0.000000,-1.229652,-0.960305,-0.269347,44.796752,7.523149,37.958858,-1.962856,-3.318024,-4.424894,0.223207,0.069549,2.505663,0.000000,56.012658,0.000000,4.000000,22.886106,21.098901,12.042898,0.000000,-0.948894,-0.631634,-0.317259,35.696016,5.768962,40.062141,-2.505408,-3.443312,-4.141345,0.085114,0.058912,4.281843,5.000000,225.714286,0.856369,4.000000,22.886106,21.098901,12.042898,1.000000,-0.948894,-0.631634,-0.317259,35.696016,5.768962,40.062141,-2.505408,-3.443312,-4.141345,0.085114,0.058912,1.933702,2.000000,46.666667,0.966851,3.000000,3.978780,9.000000,168.539326,0.442087,4.000000,2.417821,10.000000,76.724138,0.241782,3.000000,3.055043,9.000000,112.621359,0.339449,8.000000,2.788305,10.000000,141.095890,0.278831,1.000000,1.937882,0.000000,67.592593,0.000000,3.000000,2.951626,15.000000,46.055437,0.196775,3.000000,6.022859,28.000000,147.021944,0.215102,4.000000,4.271559,3.000000,82.642487,1.423853,3.000000,4.914693,0.000000,61.075949,0.000000,1.000000,8.751038,15.000000,145.622120,0.583403,1.000000,5.668757,25.000000,76.678445,0.226750,2.000000,3.000000,3.000000,13.000000,-1.000000,,,,42.096470,35.414166,20.088035,-1.921191,-1.377801,-0.543390,22.232136,21.196621,29.724949,-2.015963,-4.465174,0.346454,0.128699,,0.000000,,66.855861,86.666667,83.055556,0.325273,0.159122,0.166151,22.622628,32.107139,11.642074,0.940346,0.988397,0.904435,0.023472,0.766704,0.000000,13.000000,279.292929,46.666667,1.790438,2.371421
2026-01-23T07:45:00Z,0.896617,no_impulse,0,AARTIIND,1h,1.000000,133.155080,3.605560,4.000000,0.901390,2.132253,1.360906,-1.908246,2.636402,0.000000,56.325301,0.000000,3.000000,63.106913,93.072289,88.995111,0.000000,-0.361721,-0.801494,0.439773,32.084973,31.524802,18.160133,2.051420,0.631791,-2.904904,1.022995,0.040046,4.910516,13.000000,60.036166,0.377732,3.000000,63.106913,93.072289,88.995111,1.000000,-0.361721,-0.801494,0.439773,32.084973,31.524802,18.160133,2.051420,0.631791,-2.904904,1.022995,0.040046,7.560842,29.000000,279.292929,0.260719,8.000000,19.720103,15.580737,16.937538,0.000000,-1.199887,-0.987452,-0.212435,33.110368,8.738095,37.962714,-2.671487,-4.483419,-7.549094,-0.055737,0.046820,2.782462,4.000000,129.411765,0.695616,1.000000,51.106290,77.566540,81.368756,1.000000,-0.479819,-0.785080,0.305261,30.214382,23.772997,19.849568,0.393197,-0.739021,-2.266250,0.621651,0.032449,2.104829,3.000000,90.532544,0.701610,2.000000,41.395734,53.962264,37.982833,0.000000,-0.954379,-1.035164,0.080785,38.140977,23.695779,23.933605,-0.327254,-1.749918,-3.233381,0.431231,0.047432,2.380282,3.000000,119.858156,0.793427,1.000000,30.171872,31.306991,30.496454,0.000000,-1.125056,-1.056958,-0.068098,43.669463,18.151960,28.386006,-1.171272,-2.605826,-3.924737,0.308576,0.060479,1.947245,4.000000,79.661017,0.486811,2.000000,23.756083,19.298246,18.318646,0.000000,-1.229652,-0.960305,-0.269347,44.796752,7.523149,37.958858,-1.962856,-3.318024,-4.424894,0.223207,0.069549,2.505663,0.000000,56.012658,0.000000,4.000000,22.886106,21.098901,12.042898,0.000000,-0.948894,-0.631634,-0.317259,35.696016,5.768962,40.062141,-2.505408,-3.443312,-4.141345,0.085114,0.058912,4.281843,5.000000,225.714286,0.856369,4.000000,1.933702,2.000000,46.666667,0.966851,3.000000,3.978780,9.000000,168.539326,0.442087,4.000000,2.417821,10.000000,76.724138,0.241782,3.000000,3.055043,9.000000,112.621359,0.339449,8.000000,2.788305,10.000000,141.095890,0.278831,1.000000,1.937882,0.000000,67.592593,0.000000,3.000000,2.951626,15.000000,46.055437,0.196775,3.000000,6.022859,28.000000,147.021944,0.215102,4.000000,4.271559,3.000000,82.642487,1.423853,3.000000,4.914693,0.000000,61.075949,0.000000,1.000000,8.751038,15.000000,145.622120,0.583403,1.000000,1.000000,1.000000,17.000000,-1.000000,,,,42.096470,35.414166,20.088035,-1.921191,-1.377801,-0.543390,22.232136,21.196621,29.724949,-2.015963,-4.465174,0.346454,0.128699,,0.000000,,64.636861,71.223022,77.829093,0.687726,0.735972,-0.048246,47.578063,29.926917,10.271936,0.548824,1.461577,0.654732,0.035665,1.091146,0.634921,17.000000,279.292929,46.666667,1.795754,2.078790
2026-01-27T03:45:00Z,0.867544,no_impulse,0,AARTIIND,1h,-1.000000,93.172691,3.242488,3.000000,1.080829,0.693078,0.122284,-3.085241,3.605560,4.000000,133.155080,0.901390,1.000000,66.532528,93.817204,88.249146,0.000000,0.292811,-0.260620,0.553432,32.361643,31.972729,14.214164,2.132253,1.360906,-1.908246,0.858418,0.060787,2.636402,0.000000,56.325301,0.000000,3.000000,63.106913,93.072289,88.995111,0.000000,-0.361721,-0.801494,0.439773,32.084973,31.524802,18.160133,2.051420,0.631791,-2.904904,1.022995,0.040046,4.910516,13.000000,60.036166,0.377732,3.000000,63.106913,93.072289,88.995111,1.000000,-0.361721,-0.801494,0.439773,32.084973,31.524802,18.160133,2.051420,0.631791,-2.904904,1.022995,0.040046,7.560842,29.000000,279.292929,0.260719,8.000000,19.720103,15.580737,16.937538,0.000000,-1.199887,-0.987452,-0.212435,33.110368,8.738095,37.962714,-2.671487,-4.483419,-7.549094,-0.055737,0.046820,2.782462,4.000000,129.411765,0.695616,1.000000,51.106290,77.566540,81.368756,1.000000,-0.479819,-0.785080,0.305261,30.214382,23.772997,19.849568,0.393197,-0.739021,-2.266250,0.621651,0.032449,2.104829,3.000000,90.532544,0.701610,2.000000,41.395734,53.962264,37.982833,0.000000,-0.954379,-1.035164,0.080785,38.140977,23.695779,23.933605,-0.327254,-1.749918,-3.233381,0.431231,0.047432,2.380282,3.000000,119.858156,0.793427,1.000000,30.171872,31.306991,30.496454,0.000000,-1.125056,-1.056958,-0.068098,43.669463,18.151960,28.386006,-1.171272,-2.605826,-3.924737,0.308576,0.060479,1.947245,4.000000,79.661017,0.486811,2.000000,23.756083,19.298246,18.318646,0.000000,-1.229652,-0.960305,-0.269347,44.796752,7.523149,37.958858,-1.962856,-3.318024,-4.424894,0.223207,0.069549,2.505663,0.000000,56.012658,0.000000,4.000000,4.281843,5.000000,225.714286,0.856369,4.000000,1.933702,2.000000,46.666667,0.966851,3.000000,3.978780,9.000000,168.539326,0.442087,4.000000,2.417821,10.000000,76.724138,0.241782,3.000000,3.055043,9.000000,112.621359,0.339449,8.000000,2.788305,10.000000,141.095890,0.278831,1.000000,1.937882,0.000000,67.592593,0.000000,3.000000,2.951626,15.000000,46.055437,0.196775,3.000000,6.022859,28.000000,147.021944,0.215102,4.000000,4.271559,3.000000,82.642487,1.423853,3.000000,4.914693,0.000000,61.075949,0.000000,1.000000,2.000000,2.000000,20.000000,-1.000000,,,,40.364714,31.065469,28.882567,-1.913092,-1.493201,-0.419891,21.840409,19.650264,27.556426,-2.522511,-5.049677,0.309220,0.128967,,0.000000,,41.555463,36.637931,20.486797,0.302874,0.551073,-0.248199,45.272743,18.581766,34.519105,-0.816826,-0.029257,0.080548,0.019316,0.934013,0.461538,20.000000,279.292929,56.012658,1.730607,0.895916
2026-01-27T05:45:00Z,0.890226,no_impulse,0,AARTIIND,1h,1.000000,78.017241,2.614473,2.000000,1.307237,1.378434,0.914369,-2.207757,3.242488,3.000000,93.172691,1.080829,2.000000,55.247678,66.465257,65.885927,0.000000,0.330329,0.024190,0.306139,28.670584,23.069427,23.347500,0.693078,0.122284,-3.085241,0.610457,0.063184,3.605560,4.000000,133.155080,0.901390,1.000000,66.532528,93.817204,88.249146,0.000000,0.292811,-0.260620,0.553432,32.361643,31.972729,14.214164,2.132253,1.360906,-1.908246,0.858418,0.060787,2.636402,0.000000,56.325301,0.000000,3.000000,63.106913,93.072289,88.995111,0.000000,-0.361721,-0.801494,0.439773,32.084973,31.524802,18.160133,2.051420,0.631791,-2.904904,1.022995,0.040046,4.910516,13.000000,60.036166,0.377732,3.000000,63.106913,93.072289,88.995111,1.000000,-0.361721,-0.801494,0.439773,32.084973,31.524802,18.160133,2.051420,0.631791,-2.904904,1.022995,0.040046,7.560842,29.000000,279.292929,0.260719,8.000000,19.720103,15.580737,16.937538,0.000000,-1.199887,-0.987452,-0.212435,33.110368,8.738095,37.962714,-2.671487,-4.483419,-7.549094,-0.055737,0.046820,2.782462,4.000000,129.411765,0.695616,1.000000,51.106290,77.566540,81.368756,1.000000,-0.479819,-0.785080,0.305261,30.214382,23.772997,19.849568,0.393197,-0.739021,-2.266250,0.621651,0.032449,2.104829,3.000000,90.532544,0.701610,2.000000,41.395734,53.962264,37.982833,0.000000,-0.954379,-1.035164,0.080785,38.140977,23.695779,23.933605,-0.327254,-1.749918,-3.233381,0.431231,0.047432,2.380282,3.000000,119.858156,0.793427,1.000000,30.171872,31.306991,30.496454,0.000000,-1.125056,-1.056958,-0.068098,43.669463,18.151960,28.386006,-1.171272,-2.605826,-3.924737,0.308576,0.060479,1.947245,4.000000,79.661017,0.486811,2.000000,2.505663,0.000000,56.012658,0.000000,4.000000,4.281843,5.000000,225.714286,0.856369,4.000000,1.933702,2.000000,46.666667,0.966851,3.000000,3.978780,9.000000,168.539326,0.442087,4.000000,2.417821,10.000000,76.724138,0.241782,3.000000,3.055043,9.000000,112.621359,0.339449,8.000000,2.788305,10.000000,141.095890,0.278831,1.000000,1.937882,0.000000,67.592593,0.000000,3.000000,2.951626,15.000000,46.055437,0.196775,3.000000,6.022859,28.000000,147.021944,0.215102,4.000000,4.271559,3.000000,82.642487,1.423853,3.000000,3.000000,1.000000,22.000000,-1.000000,,,,40.364714,31.065469,28.882567,-1.913092,-1.493201,-0.419891,21.840409,19.650264,27.556426,-2.522511,-5.049677,0.309220,0.128967,,0.000000,,38.994283,16.666667,14.176245,-0.244578,0.019794,-0.264373,39.438703,14.220835,29.499130,-0.854343,-0.616545,0.264288,0.035938,0.776354,0.317460,22.000000,279.292929,56.012658,1.707595,0.621775
2026-01-27T08:45:00Z,0.867920,no_impulse,0,AARTIIND,1h,-1.000000,98.342541,2.505631,3.000000,0.835210,-0.035210,-0.452443,-3.561885,2.614473,2.000000,78.017241,1.307237,3.000000,58.217251,83.180428,63.577766,0.000000,0.324984,0.118680,0.206304,25.568790,23.319510,18.579907,1.378434,0.914369,-2.207757,0.718402,0.063997,3.242488,3.000000,93.172691,1.080829,2.000000,55.247678,66.465257,65.885927,0.000000,0.330329,0.024190,0.306139,28.670584,23.069427,23.347500,0.693078,0.122284,-3.085241,0.610457,0.063184,3.605560,4.000000,133.155080,0.901390,1.000000,66.532528,93.817204,88.249146,0.000000,0.292811,-0.260620,0.553432,32.361643,31.972729,14.214164,2.132253,1.360906,-1.908246,0.858418,0.060787,2.636402,0.000000,56.325301,0.000000,3.000000,63.106913,93.072289,88.995111,0.000000,-0.361721,-0.801494,0.439773,32.084973,31.524802,18.160133,2.051420,0.631791,-2.904904,1.022995,0.040046,4.910516,13.000000,60.036166,0.377732,3.000000,63.106913,93.072289,88.995111,1.000000,-0.361721,-0.801494,0.439773,32.084973,31.524802,18.160133,2.051420,0.631791,-2.904904,1.022995,0.040046,7.560842,29.000000,279.292929,0.260719,8.000000,19.720103,15.580737,16.937538,0.000000,-1.199887,-0.987452,-0.212435,33.110368,8.738095,37.962714,-2.671487,-4.483419,-7.549094,-0.055737,0.046820,2.782462,4.000000,129.411765,0.695616,1.000000,51.106290,77.566540,81.368756,1.000000,-0.479819,-0.785080,0.305261,30.214382,23.772997,19.849568,0.393197,-0.739021,-2.266250,0.621651,0.032449,2.104829,3.000000,90.532544,0.701610,2.000000,41.395734,53.962264,37.982833,0.000000,-0.954379,-1.035164,0.080785,38.140977,23.695779,23.933605,-0.327254,-1.749918,-3.233381,0.431231,0.047432,2.380282,3.000000,119.858156,0.793427,1.000000,1.947245,4.000000,79.661017,0.486811,2.000000,2.505663,0.000000,56.012658,0.000000,4.000000,4.281843,5.000000,225.714286,0.856369,4.000000,1.933702,2.000000,46.666667,0.966851,3.000000,3.978780,9.000000,168.539326,0.442087,4.000000,2.417821,10.000000,76.724138,0.241782,3.000000,3.055043,9.000000,112.621359,0.339449,8.000000,2.788305,10.000000,141.095890,0.278831,1.000000,1.937882,0.000000,67.592593,0.000000,3.000000,2.951626,15.000000,46.055437,0.196775,3.000000,6.022859,28.000000,147.021944,0.215102,4.000000,2.000000,1.000000,25.000000,-1.000000,,,,45.344495,45.057766,37.179134,-1.722579,-1.520769,-0.201810,21.209470,20.022233,26.009729,-0.860636,-3.304774,0.431688,0.124911,,0.000000,,39.022354,12.426036,11.874015,-0.172253,-0.002710,-0.169543,26.383764,17.210126,34.687038,-0.994782,-0.865807,0.185408,0.031310,0.741638,0.461538,25.000000,279.292929,56.325301,1.701829,0.626335
2026-01-30T04:45:00Z,0.938847,no_impulse,0,AARTIIND,1h,1.000000,317.977528,8.172105,17.000000,0.480712,4.564062,5.046372,2.977898,2.505631,3.000000,98.342541,0.835210,2.000000,49.971305,37.751004,45.236349,1.000000,0.200383,0.187276,0.013106,23.478948,18.363567,26.126385,-0.035210,-0.452443,-3.561885,0.493255,0.052184,2.614473,2.000000,78.017241,1.307237,3.000000,58.217251,83.180428,63.577766,0.000000,0.324984,0.118680,0.206304,25.568790,23.319510,18.579907,1.378434,0.914369,-2.207757,0.718402,0.063997,3.242488,3.000000,93.172691,1.080829,2.000000,55.247678,66.465257,65.885927,0.000000,0.330329,0.024190,0.306139,28.670584,23.069427,23.347500,0.693078,0.122284,-3.085241,0.610457,0.063184,3.605560,4.000000,133.155080,0.901390,1.000000,66.532528,93.817204,88.249146,0.000000,0.292811,-0.260620,0.553432,32.361643,31.972729,14.214164,2.132253,1.360906,-1.908246,0.858418,0.060787,2.636402,0.000000,56.325301,0.000000,3.000000,63.106913,93.072289,88.995111,0.000000,-0.361721,-0.801494,0.439773,32.084973,31.524802,18.160133,2.051420,0.631791,-2.904904,1.022995,0.040046,4.910516,13.000000,60.036166,0.377732,3.000000,63.106913,93.072289,88.995111,1.000000,-0.361721,-0.801494,0.439773,32.084973,31.524802,18.160133,2.051420,0.631791,-2.904904,1.022995,0.040046,7.560842,29.000000,279.292929,0.260719,8.000000,19.720103,15.580737,16.937538,0.000000,-1.199887,-0.987452,-0.212435,33.110368,8.738095,37.962714,-2.671487,-4.483419,-7.549094,-0.055737,0.046820,2.782462,4.000000,129.411765,0.695616,1.000000,51.106290,77.566540,81.368756,1.000000,-0.479819,-0.785080,0.305261,30.214382,23.772997,19.849568,0.393197,-0.739021,-2.266250,0.621651,0.032449,2.104829,3.000000,90.532544,0.701610,2.000000,2.380282,3.000000,119.858156,0.793427,1.000000,1.947245,4.000000,79.661017,0.486811,2.000000,2.505663,0.000000,56.012658,0.000000,4.000000,4.281843,5.000000,225.714286,0.856369,4.000000,1.933702,2.000000,46.666667,0.966851,3.000000,3.978780,9.000000,168.539326,0.442087,4.000000,2.417821,10.000000,76.724138,0.241782,3.000000,3.055043,9.000000,112.621359,0.339449,8.000000,2.788305,10.000000,141.095890,0.278831,1.000000,1.937882,0.000000,67.592593,0.000000,3.000000,2.951626,15.000000,46.055437,0.196775,3.000000,1.000000,2.000000,42.000000,-1.000000,,,,57.550572,89.920424,59.778382,-1.040979,-1.382111,0.341132,20.463821,28.708900,20.327754,3.318624,1.313395,0.778657,0.123182,,0.000000,,54.629645,79.874214,81.341719,0.129012,0.111020,0.017992,18.982693,20.919356,23.572691,0.274565,0.531806,0.739893,0.011477,2.379521,2.656250,42.000000,279.292929,56.325301,1.658252,0.749842
2026-01-30T04:45:00Z,0.891228,no_impulse,0,AARTIIND,1h,-1.000000,67.137809,5.072077,0.000000,0.000000,4.564062,5.046372,2.977898,8.172105,17.000000,317.977528,0.480712,1.000000,73.605058,91.501976,80.934653,1.000000,0.705739,0.414536,0.291203,18.599129,32.916293,18.590467,4.564062,5.046372,2.977898,1.395383,0.053411,2.505631,3.000000,98.342541,0.835210,2.000000,49.971305,37.751004,45.236349,1.000000,0.200383,0.187276,0.013106,23.478948,18.363567,26.126385,-0.035210,-0.452443,-3.561885,0.493255,0.052184,2.614473,2.000000,78.017241,1.307237,3.000000,58.217251,83.180428,63.577766,0.000000,0.324984,0.118680,0.206304,25.568790,23.319510,18.579907,1.378434,0.914369,-2.207757,0.718402,0.063997,3.242488,3.000000,93.172691,1.080829,2.000000,55.247678,66.465257,65.885927,0.000000,0.330329,0.024190,0.306139,28.670584,23.069427,23.347500,0.693078,0.122284,-3.085241,0.610457,0.063184,3.605560,4.000000,133.155080,0.901390,1.000000,66.532528,93.817204,88.249146,0.000000,0.292811,-0.260620,0.553432,32.361643,31.972729,14.214164,2.132253,1.360906,-1.908246,0.858418,0.060787,2.636402,0.000000,56.325301,0.000000,3.000000,63.106913,93.072289,88.995111,0.000000,-0.361721,-0.801494,0.439773,32.084973,31.524802,18.160133,2.051420,0.631791,-2.904904,1.022995,0.040046,4.910516,13.000000,60.036166,0.377732,3.000000,63.106913,93.072289,88.995111,1.000000,-0.361721,-0.801494,0.439773,32.084973,31.524802,18.160133,2.051420,0.631791,-2.904904,1.022995,0.040046,7.560842,29.000000,279.292929,0.260719,8.000000,19.720103,15.580737,16.937538,0.000000,-1.199887,-0.987452,-0.212435,33.110368,8.738095,37.962714,-2.671487,-4.483419,-7.549094,-0.055737,0.046820,2.782462,4.000000,129.411765,0.695616,1.000000,2.104829,3.000000,90.532544,0.701610,2.000000,2.380282,3.000000,119.858156,0.793427,1.000000,1.947245,4.000000,79.661017,0.486811,2.000000,2.505663,0.000000,56.012658,0.000000,4.000000,4.281843,5.000000,225.714286,0.856369,4.000000,1.933702,2.000000,46.666667,0.966851,3.000000,3.978780,9.000000,168.539326,0.442087,4.000000,2.417821,10.000000,76.724138,0.241782,3.000000,3.055043,9.000000,112.621359,0.339449,8.000000,2.788305,10.000000,141.095890,0.278831,1.000000,1.937882,0.000000,67.592593,0.000000,3.000000,1.000000,3.000000,42.000000,-1.000000,,,,57.550572,89.920424,59.778382,-1.040979,-1.382111,0.341132,20.463821,28.708900,20.327754,3.318624,1.313395,0.778657,0.123182,,0.000000,,54.629645,79.874214,81.341719,0.129012,0.111020,0.017992,18.982693,20.919356,23.572691,0.274565,0.531806,0.739893,0.011477,1.263744,0.000000,0.000000,317.977528,56.325301,2.178913,1.401474
2026-02-01T05:45:00Z,0.938722,no_impulse,0,AARTIIND,1h,1.000000,99.736842,5.329021,8.000000,0.666128,1.732835,3.197987,2.154223,5.072077,0.000000,67.137809,0.000000,1.000000,73.605058,91.501976,80.934653,0.000000,0.705739,0.414536,0.291203,18.599129,32.916293,18.590467,4.564062,5.046372,2.977898,1.395383,0.053411,8.172105,17.000000,317.977528,0.480712,1.000000,73.605058,91.501976,80.934653,1.000000,0.705739,0.414536,0.291203,18.599129,32.916293,18.590467,4.564062,5.046372,2.977898,1.395383,0.053411,2.505631,3.000000,98.342541,0.835210,2.000000,49.971305,37.751004,45.236349,1.000000,0.200383,0.187276,0.013106,23.478948,18.363567,26.126385,-0.035210,-0.452443,-3.561885,0.493255,0.052184,2.614473,2.000000,78.017241,1.307237,3.000000,58.217251,83.180428,63.577766,0.000000,0.324984,0.118680,0.206304,25.568790,23.319510,18.579907,1.378434,0.914369,-2.207757,0.718402,0.063997,3.242488,3.000000,93.172691,1.080829,2.000000,55.247678,66.465257,65.885927,0.000000,0.330329,0.024190,0.306139,28.670584,23.069427,23.347500,0.693078,0.122284,-3.085241,0.610457,0.063184,3.605560,4.000000,133.155080,0.901390,1.000000,66.532528,93.817204,88.249146,0.000000,0.292811,-0.260620,0.553432,32.361643,31.972729,14.214164,2.132253,1.360906,-1.908246,0.858418,0.060787,2.636402,0.000000,56.325301,0.000000,3.000000,63.106913,93.072289,88.995111,0.000000,-0.361721,-0.801494,0.439773,32.084973,31.524802,18.160133,2.051420,0.631791,-2.904904,1.022995,0.040046,4.910516,13.000000,60.036166,0.377732,3.000000,63.106913,93.072289,88.995111,1.000000,-0.361721,-0.801494,0.439773,32.084973,31.524802,18.160133,2.051420,0.631791,-2.904904,1.022995,0.040046,7.560842,29.000000,279.292929,0.260719,8.000000,2.782462,4.000000,129.411765,0.695616,1.000000,2.104829,3.000000,90.532544,0.701610,2.000000,2.380282,3.000000,119.858156,0.793427,1.000000,1.947245,4.000000,79.661017,0.486811,2.000000,2.505663,0.000000,56.012658,0.000000,4.000000,4.281843,5.000000,225.714286,0.856369,4.000000,1.933702,2.000000,46.666667,0.966851,3.000000,3.978780,9.000000,168.539326,0.442087,4.000000,2.417821,10.000000,76.724138,0.241782,3.000000,3.055043,9.000000,112.621359,0.339449,8.000000,2.788305,10.000000,141.095890,0.278831,1.000000,3.000000,1.000000,50.000000,-1.000000,,,,56.520707,86.604775,73.627385,-0.681902,-1.245797,0.563896,20.222948,27.117258,19.200769,2.707604,0.942168,0.732622,0.119634,,0.000000,,65.246759,80.666667,78.462833,0.590356,0.628162,-0.037807,29.817776,32.409849,14.095212,0.975046,2.214712,1.025357,0.018742,1.236359,1.066667,,317.977528,56.325301,2.090345,1.664441
2026-02-02T03:45:00Z,0.904386,no_impulse,0,AARTIIND,1h,-1.000000,72.295515,3.657723,5.000000,0.731545,0.310016,1.844850,1.253385,5.329021,8.000000,99.736842,0.666128,3.000000,61.547727,77.969349,77.841635,0.000000,1.377584,1.159163,0.218421,24.368773,26.223982,14.013171,1.732835,3.197987,2.154223,0.701294,0.087603,5.072077,0.000000,67.137809,0.000000,1.000000,73.605058,91.501976,80.934653,0.000000,0.705739,0.414536,0.291203,18.599129,32.916293,18.590467,4.564062,5.046372,2.977898,1.395383,0.053411,8.172105,17.000000,317.977528,0.480712,1.000000,73.605058,91.501976,80.934653,1.000000,0.705739,0.414536,0.291203,18.599129,32.916293,18.590467,4.564062,5.046372,2.977898,1.395383,0.053411,2.505631,3.000000,98.342541,0.835210,2.000000,49.971305,37.751004,45.236349,1.000000,0.200383,0.187276,0.013106,23.478948,18.363567,26.126385,-0.035210,-0.452443,-3.561885,0.493255,0.052184,2.614473,2.000000,78.017241,1.307237,3.000000,58.217251,83.180428,63.577766,0.000000,0.324984,0.118680,0.206304,25.568790,23.319510,18.579907,1.378434,0.914369,-2.207757,0.718402,0.063997,3.242488,3.000000,93.172691,1.080829,2.000000,55.247678,66.465257,65.885927,0.000000,0.330329,0.024190,0.306139,28.670584,23.069427,23.347500,0.693078,0.122284,-3.085241,0.610457,0.063184,3.605560,4.000000,133.155080,0.901390,1.000000,66.532528,93.817204,88.249146,0.000000,0.292811,-0.260620,0.553432,32.361643,31.972729,14.214164,2.132253,1.360906,-1.908246,0.858418,0.060787,2.636402,0.000000,56.325301,0.000000,3.000000,63.106913,93.072289,88.995111,0.000000,-0.361721,-0.801494,0.439773,32.084973,31.524802,18.160133,2.051420,0.631791,-2.904904,1.022995,0.040046,4.910516,13.000000,60.036166,0.377732,3.000000,7.560842,29.000000,279.292929,0.260719,8.000000,2.782462,4.000000,129.411765,0.695616,1.000000,2.104829,3.000000,90.532544,0.701610,2.000000,2.380282,3.000000,119.858156,0.793427,1.000000,1.947245,4.000000,79.661017,0.486811,2.000000,2.505663,0.000000,56.012658,0.000000,4.000000,4.281843,5.000000,225.714286,0.856369,4.000000,1.933702,2.000000,46.666667,0.966851,3.000000,3.978780,9.000000,168.539326,0.442087,4.000000,2.417821,10.000000,76.724138,0.241782,3.000000,3.055043,9.000000,112.621359,0.339449,8.000000,2.000000,1.000000,55.000000,-1.000000,,,,58.009665,92.705570,89.743590,-0.338458,-1.058184,0.719726,19.204536,24.370923,21.627057,2.992527,1.492079,0.765337,0.116261,,0.000000,,29.386778,6.959707,17.565380,-0.089124,0.198634,-0.287758,20.376620,14.420729,37.603624,-2.141812,-1.547055,-0.289623,0.026556,0.801269,0.632911,,317.977528,56.325301,2.038003,2.220986
2026-02-03T03:45:00Z,1.112782,no_impulse,0,AARTIIND,1h,1.000000,606.934307,23.042816,7.000000,3.291831,10.256369,12.227946,12.514034,3.657723,5.000000,72.295515,0.731545,2.000000,54.723076,56.575682,68.283848,1.000000,1.077258,1.215772,-0.138514,21.519367,17.736274,23.984862,0.310016,1.844850,1.253385,0.539875,0.077989,5.329021,8.000000,99.736842,0.666128,3.000000,61.547727,77.969349,77.841635,0.000000,1.377584,1.159163,0.218421,24.368773,26.223982,14.013171,1.732835,3.197987,2.154223,0.701294,0.087603,5.072077,0.000000,67.137809,0.000000,1.000000,73.605058,91.501976,80.934653,0.000000,0.705739,0.414536,0.291203,18.599129,32.916293,18.590467,4.564062,5.046372,2.977898,1.395383,0.053411,8.172105,17.000000,317.977528,0.480712,1.000000,73.605058,91.501976,80.934653,1.000000,0.705739,0.414536,0.291203,18.599129,32.916293,18.590467,4.564062,5.046372,2.977898,1.395383,0.053411,2.505631,3.000000,98.342541,0.835210,2.000000,49.971305,37.751004,45.236349,1.000000,0.200383,0.187276,0.013106,23.478948,18.363567,26.126385,-0.035210,-0.452443,-3.561885,0.493255,0.052184,2.614473,2.000000,78.017241,1.307237,3.000000,58.217251,83.180428,63.577766,0.000000,0.324984,0.118680,0.206304,25.568790,23.319510,18.579907,1.378434,0.914369,-2.207757,0.718402,0.063997,3.242488,3.000000,93.172691,1.080829,2.000000,55.247678,66.465257,65.885927,0.000000,0.330329,0.024190,0.306139,28.670584,23.069427,23.347500,0.693078,0.122284,-3.085241,0.610457,0.063184,3.605560,4.000000,133.155080,0.901390,1.000000,66.532528,93.817204,88.249146,0.000000,0.292811,-0.260620,0.553432,32.361643,31.972729,14.214164,2.132253,1.360906,-1.908246,0.858418,0.060787,2.636402,0.000000,56.325301,0.000000,3.000000,4.910516,13.000000,60.036166,0.377732,3.000000,7.560842,29.000000,279.292929,0.260719,8.000000,2.782462,4.000000,129.411765,0.695616,1.000000,2.104829,3.000000,90.532544,0.701610,2.000000,2.380282,3.000000,119.858156,0.793427,1.000000,1.947245,4.000000,79.661017,0.486811,2.000000,2.505663,0.000000,56.012658,0.000000,4.000000,4.281843,5.000000,225.714286,0.856369,4.000000,1.933702,2.000000,46.666667,0.966851,3.000000,3.978780,9.000000,168.539326,0.442087,4.000000,2.417821,10.000000,76.724138,0.241782,3.000000,1.000000,2.000000,62.000000,-1.000000,,,,78.005847,86.503067,88.604471,0.992877,-0.536268,1.529145,21.846405,49.957651,14.012423,14.288822,13.922195,1.337988,0.198940,,0.000000,,90.452833,72.911227,81.589172,1.230506,0.385854,0.844652,22.368605,72.203537,5.567536,11.211202,12.305875,1.510861,0.124912,5.519767,1.272727,,317.977528,56.325301,1.754521,1.057674
2026-02-03T04:45:00Z,1.032581,no_impulse,0,AARTIIND,1h,-1.000000,38.484666,7.207207,1.000000,7.207207,10.321544,12.830601,13.501026,23.042816,7.000000,606.934307,3.291831,1.000000,86.185219,65.604330,83.037700,0.000000,1.653300,1.037822,0.615478,20.551435,61.214742,8.817839,10.256369,12.227946,12.514034,1.554435,0.108385,3.657723,5.000000,72.295515,0.731545,2.000000,54.723076,56.575682,68.283848,1.000000,1.077258,1.215772,-0.138514,21.519367,17.736274,23.984862,0.310016,1.844850,1.253385,0.539875,0.077989,5.329021,8.000000,99.736842,0.666128,3.000000,61.547727,77.969349,77.841635,0.000000,1.377584,1.159163,0.218421,24.368773,26.223982,14.013171,1.732835,3.197987,2.154223,0.701294,0.087603,5.072077,0.000000,67.137809,0.000000,1.000000,73.605058,91.501976,80.934653,0.000000,0.705739,0.414536,0.291203,18.599129,32.916293,18.590467,4.564062,5.046372,2.977898,1.395383,0.053411,8.172105,17.000000,317.977528,0.480712,1.000000,73.605058,91.501976,80.934653,1.000000,0.705739,0.414536,0.291203,18.599129,32.916293,18.590467,4.564062,5.046372,2.977898,1.395383,0.053411,2.505631,3.000000,98.342541,0.835210,2.000000,49.971305,37.751004,45.236349,1.000000,0.200383,0.187276,0.013106,23.478948,18.363567,26.126385,-0.035210,-0.452443,-3.561885,0.493255,0.052184,2.614473,2.000000,78.017241,1.307237,3.000000,58.217251,83.180428,63.577766,0.000000,0.324984,0.118680,0.206304,25.568790,23.319510,18.579907,1.378434,0.914369,-2.207757,0.718402,0.063997,3.242488,3.000000,93.172691,1.080829,2.000000,55.247678,66.465257,65.885927,0.000000,0.330329,0.024190,0.306139,28.670584,23.069427,23.347500,0.693078,0.122284,-3.085241,0.610457,0.063184,3.605560,4.000000,133.155080,0.901390,1.000000,2.636402,0.000000,56.325301,0.000000,3.000000,4.910516,13.000000,60.036166,0.377732,3.000000,7.560842,29.000000,279.292929,0.260719,8.000000,2.782462,4.000000,129.411765,0.695616,1.000000,2.104829,3.000000,90.532544,0.701610,2.000000,2.380282,3.000000,119.858156,0.793427,1.000000,1.947245,4.000000,79.661017,0.486811,2.000000,2.505663,0.000000,56.012658,0.000000,4.000000,4.281843,5.000000,225.714286,0.856369,4.000000,1.933702,2.000000,46.666667,0.966851,3.000000,3.978780,9.000000,168.539326,0.442087,4.000000,2.000000,3.000000,63.000000,-1.000000,,,,78.005847,86.503067,88.604471,0.992877,-0.536268,1.529145,21.846405,49.957651,14.012423,14.288822,13.922195,1.337988,0.198940,,0.000000,,81.101041,67.392739,64.444444,2.921673,1.656776,1.264898,38.061929,57.345244,5.495095,7.107854,9.853026,0.859636,0.212763,1.203643,0.204082,1.000000,606.934307,56.325301,6.238724,2.033647
2026-02-04T03:45:00Z,1.122807,no_impulse,0,AARTIIND,1h,1.000000,112.500000,8.737864,6.000000,1.456311,7.242622,12.064893,14.944034,7.207207,1.000000,38.484666,7.207207,2.000000,87.281039,72.098617,79.000397,0.000000,2.336577,1.286919,1.049658,24.284720,56.901741,8.950111,10.321544,12.830601,13.501026,1.249196,0.153625,23.042816,7.000000,606.934307,3.291831,1.000000,86.185219,65.604330,83.037700,0.000000,1.653300,1.037822,0.615478,20.551435,61.214742,8.817839,10.256369,12.227946,12.514034,1.554435,0.108385,3.657723,5.000000,72.295515,0.731545,2.000000,54.723076,56.575682,68.283848,1.000000,1.077258,1.215772,-0.138514,21.519367,17.736274,23.984862,0.310016,1.844850,1.253385,0.539875,0.077989,5.329021,8.000000,99.736842,0.666128,3.000000,61.547727,77.969349,77.841635,0.000000,1.377584,1.159163,0.218421,24.368773,26.223982,14.013171,1.732835,3.197987,2.154223,0.701294,0.087603,5.072077,0.000000,67.137809,0.000000,1.000000,73.605058,91.501976,80.934653,0.000000,0.705739,0.414536,0.291203,18.599129,32.916293,18.590467,4.564062,5.046372,2.977898,1.395383,0.053411,8.172105,17.000000,317.977528,0.480712,1.000000,73.605058,91.501976,80.934653,1.000000,0.705739,0.414536,0.291203,18.599129,32.916293,18.590467,4.564062,5.046372,2.977898,1.395383,0.053411,2.505631,3.000000,98.342541,0.835210,2.000000,49.971305,37.751004,45.236349,1.000000,0.200383,0.187276,0.013106,23.478948,18.363567,26.126385,-0.035210,-0.452443,-3.561885,0.493255,0.052184,2.614473,2.000000,78.017241,1.307237,3.000000,58.217251,83.180428,63.577766,0.000000,0.324984,0.118680,0.206304,25.568790,23.319510,18.579907,1.378434,0.914369,-2.207757,0.718402,0.063997,3.242488,3.000000,93.172691,1.080829,2.000000,3.605560,4.000000,133.155080,0.901390,1.000000,2.636402,0.000000,56.325301,0.000000,3.000000,4.910516,13.000000,60.036166,0.377732,3.000000,7.560842,29.000000,279.292929,0.260719,8.000000,2.782462,4.000000,129.411765,0.695616,1.000000,2.104829,3.000000,90.532544,0.701610,2.000000,2.380282,3.000000,119.858156,0.793427,1.000000,1.947245,4.000000,79.661017,0.486811,2.000000,2.505663,0.000000,56.012658,0.000000,4.000000,4.281843,5.000000,225.714286,0.856369,4.000000,1.933702,2.000000,46.666667,0.966851,3.000000,1.000000,4.000000,69.000000,-1.000000,,,,80.351688,95.361528,91.523389,2.168092,0.017390,2.150702,24.400688,46.728481,12.569228,15.239195,15.841047,1.169693,0.268467,,0.000000,,71.225951,45.175439,38.530919,1.995370,2.362575,-0.367205,62.795948,42.864532,6.751721,2.534603,6.626686,1.189288,0.037728,1.355777,1.200000,7.000000,606.934307,38.484666,6.132433,1.825627
2026-02-04T03:45:00Z,1.068922,no_impulse,0,AARTIIND,1h,-1.000000,59.722222,4.799107,0.000000,0.000000,7.242622,12.064893,14.944034,8.737864,6.000000,112.500000,1.456311,1.000000,86.934824,81.219807,81.974051,0.000000,4.251864,3.215180,1.036684,42.729402,56.149690,6.768278,7.242622,12.064893,14.944034,0.779459,0.279402,7.207207,1.000000,38.484666,7.207207,2.000000,87.281039,72.098617,79.000397,0.000000,2.336577,1.286919,1.049658,24.284720,56.901741,8.950111,10.321544,12.830601,13.501026,1.249196,0.153625,23.042816,7.000000,606.934307,3.291831,1.000000,86.185219,65.604330,83.037700,0.000000,1.653300,1.037822,0.615478,20.551435,61.214742,8.817839,10.256369,12.227946,12.514034,1.554435,0.108385,3.657723,5.000000,72.295515,0.731545,2.000000,54.723076,56.575682,68.283848,1.000000,1.077258,1.215772,-0.138514,21.519367,17.736274,23.984862,0.310016,1.844850,1.253385,0.539875,0.077989,5.329021,8.000000,99.736842,0.666128,3.000000,61.547727,77.969349,77.841635,0.000000,1.377584,1.159163,0.218421,24.368773,26.223982,14.013171,1.732835,3.197987,2.154223,0.701294,0.087603,5.072077,0.000000,67.137809,0.000000,1.000000,73.605058,91.501976,80.934653,0.000000,0.705739,0.414536,0.291203,18.599129,32.916293,18.590467,4.564062,5.046372,2.977898,1.395383,0.053411,8.172105,17.000000,317.977528,0.480712,1.000000,73.605058,91.501976,80.934653,1.000000,0.705739,0.414536,0.291203,18.599129,32.916293,18.590467,4.564062,5.046372,2.977898,1.395383,0.053411,2.505631,3.000000,98.342541,0.835210,2.000000,49.971305,37.751004,45.236349,1.000000,0.200383,0.187276,0.013106,23.478948,18.363567,26.126385,-0.035210,-0.452443,-3.561885,0.493255,0.052184,2.614473,2.000000,78.017241,1.307237,3.000000,3.242488,3.000000,93.172691,1.080829,2.000000,3.605560,4.000000,133.155080,0.901390,1.000000,2.636402,0.000000,56.325301,0.000000,3.000000,4.910516,13.000000,60.036166,0.377732,3.000000,7.560842,29.000000,279.292929,0.260719,8.000000,2.782462,4.000000,129.411765,0.695616,1.000000,2.104829,3.000000,90.532544,0.701610,2.000000,2.380282,3.000000,119.858156,0.793427,1.000000,1.947245,4.000000,79.661017,0.486811,2.000000,2.505663,0.000000,56.012658,0.000000,4.000000,4.281843,5.000000,225.714286,0.856369,4.000000,1.000000,5.000000,69.000000,-1.000000,,,,80.351688,95.361528,91.523389,2.168092,0.017390,2.150702,24.400688,46.728481,12.569228,15.239195,15.841047,1.169693,0.268467,,0.000000,,71.225951,45.175439,38.530919,1.995370,2.362575,-0.367205,62.795948,42.864532,6.751721,2.534603,6.626686,1.189288,0.037728,0.689711,0.000000,7.000000,606.934307,38.484666,6.082966,2.773198
2026-02-05T09:45:00Z,1.143860,no_impulse,0,AARTIIND,1h,1.000000,139.069767,7.010551,13.000000,0.539273,4.208075,10.262987,16.744042,4.799107,0.000000,59.722222,0.000000,1.000000,86.934824,81.219807,81.974051,0.000000,4.251864,3.215180,1.036684,42.729402,56.149690,6.768278,7.242622,12.064893,14.944034,0.779459,0.279402,8.737864,6.000000,112.500000,1.456311,1.000000,86.934824,81.219807,81.974051,0.000000,4.251864,3.215180,1.036684,42.729402,56.149690,6.768278,7.242622,12.064893,14.944034,0.779459,0.279402,7.207207,1.000000,38.484666,7.207207,2.000000,87.281039,72.098617,79.000397,0.000000,2.336577,1.286919,1.049658,24.284720,56.901741,8.950111,10.321544,12.830601,13.501026,1.249196,0.153625,23.042816,7.000000,606.934307,3.291831,1.000000,86.185219,65.604330,83.037700,0.000000,1.653300,1.037822,0.615478,20.551435,61.214742,8.817839,10.256369,12.227946,12.514034,1.554435,0.108385,3.657723,5.000000,72.295515,0.731545,2.000000,54.723076,56.575682,68.283848,1.000000,1.077258,1.215772,-0.138514,21.519367,17.736274,23.984862,0.310016,1.844850,1.253385,0.539875,0.077989,5.329021,8.000000,99.736842,0.666128,3.000000,61.547727,77.969349,77.841635,0.000000,1.377584,1.159163,0.218421,24.368773,26.223982,14.013171,1.732835,3.197987,2.154223,0.701294,0.087603,5.072077,0.000000,67.137809,0.000000,1.000000,73.605058,91.501976,80.934653,0.000000,0.705739,0.414536,0.291203,18.599129,32.916293,18.590467,4.564062,5.046372,2.977898,1.395383,0.053411,8.172105,17.000000,317.977528,0.480712,1.000000,73.605058,91.501976,80.934653,1.000000,0.705739,0.414536,0.291203,18.599129,32.916293,18.590467,4.564062,5.046372,2.977898,1.395383,0.053411,2.505631,3.000000,98.342541,0.835210,2.000000,2.614473,2.000000,78.017241,1.307237,3.000000,3.242488,3.000000,93.172691,1.080829,2.000000,3.605560,4.000000,133.155080,0.901390,1.000000,2.636402,0.000000,56.325301,0.000000,3.000000,4.910516,13.000000,60.036166,0.377732,3.000000,7.560842,29.000000,279.292929,0.260719,8.000000,2.782462,4.000000,129.411765,0.695616,1.000000,2.104829,3.000000,90.532544,0.701610,2.000000,2.380282,3.000000,119.858156,0.793427,1.000000,1.947245,4.000000,79.661017,0.486811,2.000000,2.505663,0.000000,56.012658,0.000000,4.000000,1.000000,6.000000,82.000000,-1.000000,,,,74.000231,86.945501,93.313722,3.903190,1.318945,2.584245,29.224459,43.321428,11.370877,11.920678,14.171327,0.874765,0.361133,,0.000000,,65.645569,69.506726,85.349627,0.639556,0.591613,0.047943,49.349493,33.629250,8.237279,1.044191,2.831551,0.892980,0.026851,0.985486,2.653061,20.000000,606.934307,38.484666,5.996623,0.647657
2026-02-06T03:45:00Z,1.096617,no_impulse,0,AARTIIND,1h,-1.000000,63.043478,4.130149,1.000000,4.130149,1.378256,7.444107,14.267256,7.010551,13.000000,139.069767,0.539273,1.000000,82.126496,88.628763,89.481829,0.000000,3.653228,3.815822,-0.162594,66.671610,44.854649,4.520545,4.208075,10.262987,16.744042,1.018594,0.084708,4.799107,0.000000,59.722222,0.000000,1.000000,86.934824,81.219807,81.974051,0.000000,4.251864,3.215180,1.036684,42.729402,56.149690,6.768278,7.242622,12.064893,14.944034,0.779459,0.279402,8.737864,6.000000,112.500000,1.456311,1.000000,86.934824,81.219807,81.974051,0.000000,4.251864,3.215180,1.036684,42.729402,56.149690,6.768278,7.242622,12.064893,14.944034,0.779459,0.279402,7.207207,1.000000,38.484666,7.207207,2.000000,87.281039,72.098617,79.000397,0.000000,2.336577,1.286919,1.049658,24.284720,56.901741,8.950111,10.321544,12.830601,13.501026,1.249196,0.153625,23.042816,7.000000,606.934307,3.291831,1.000000,86.185219,65.604330,83.037700,0.000000,1.653300,1.037822,0.615478,20.551435,61.214742,8.817839,10.256369,12.227946,12.514034,1.554435,0.108385,3.657723,5.000000,72.295515,0.731545,2.000000,54.723076,56.575682,68.283848,1.000000,1.077258,1.215772,-0.138514,21.519367,17.736274,23.984862,0.310016,1.844850,1.253385,0.539875,0.077989,5.329021,8.000000,99.736842,0.666128,3.000000,61.547727,77.969349,77.841635,0.000000,1.377584,1.159163,0.218421,24.368773,26.223982,14.013171,1.732835,3.197987,2.154223,0.701294,0.087603,5.072077,0.000000,67.137809,0.000000,1.000000,73.605058,91.501976,80.934653,0.000000,0.705739,0.414536,0.291203,18.599129,32.916293,18.590467,4.564062,5.046372,2.977898,1.395383,0.053411,8.172105,17.000000,317.977528,0.480712,1.000000,2.505631,3.000000,98.342541,0.835210,2.000000,2.614473,2.000000,78.017241,1.307237,3.000000,3.242488,3.000000,93.172691,1.080829,2.000000,3.605560,4.000000,133.155080,0.901390,1.000000,2.636402,0.000000,56.325301,0.000000,3.000000,4.910516,13.000000,60.036166,0.377732,3.000000,7.560842,29.000000,279.292929,0.260719,8.000000,2.782462,4.000000,129.411765,0.695616,1.000000,2.104829,3.000000,90.532544,0.701610,2.000000,2.380282,3.000000,119.858156,0.793427,1.000000,1.947245,4.000000,79.661017,0.486811,2.000000,2.000000,7.000000,83.000000,-1.000000,,,,74.000231,86.945501,93.313722,3.903190,1.318945,2.584245,29.224459,43.321428,11.370877,11.920678,14.171327,0.874765,0.361133,,0.000000,,39.612927,4.069767,55.604403,0.428674,0.573120,-0.144446,46.146179,25.566943,27.978130,-1.721457,-0.059642,-0.048900,0.030831,0.546793,0.166667,21.000000,606.934307,38.484666,5.787626,0.605983
2026-02-10T03:45:00Z,1.189724,no_impulse,0,AARTIIND,1h,1.000000,197.082228,8.490458,14.000000,0.606461,2.562967,7.720954,16.459780,4.130149,1.000000,63.043478,4.130149,2.000000,63.518322,40.340909,75.521391,0.000000,3.424888,3.823192,-0.398303,64.839112,38.818636,16.236761,1.378256,7.444107,14.267256,0.684522,0.075737,7.010551,13.000000,139.069767,0.539273,1.000000,82.126496,88.628763,89.481829,0.000000,3.653228,3.815822,-0.162594,66.671610,44.854649,4.520545,4.208075,10.262987,16.744042,1.018594,0.084708,4.799107,0.000000,59.722222,0.000000,1.000000,86.934824,81.219807,81.974051,0.000000,4.251864,3.215180,1.036684,42.729402,56.149690,6.768278,7.242622,12.064893,14.944034,0.779459,0.279402,8.737864,6.000000,112.500000,1.456311,1.000000,86.934824,81.219807,81.974051,0.000000,4.251864,3.215180,1.036684,42.729402,56.149690,6.768278,7.242622,12.064893,14.944034,0.779459,0.279402,7.207207,1.000000,38.484666,7.207207,2.000000,87.281039,72.098617,79.000397,0.000000,2.336577,1.286919,1.049658,24.284720,56.901741,8.950111,10.321544,12.830601,13.501026,1.249196,0.153625,23.042816,7.000000,606.934307,3.291831,1.000000,86.185219,65.604330,83.037700,0.000000,1.653300,1.037822,0.615478,20.551435,61.214742,8.817839,10.256369,12.227946,12.514034,1.554435,0.108385,3.657723,5.000000,72.295515,0.731545,2.000000,54.723076,56.575682,68.283848,1.000000,1.077258,1.215772,-0.138514,21.519367,17.736274,23.984862,0.310016,1.844850,1.253385,0.539875,0.077989,5.329021,8.000000,99.736842,0.666128,3.000000,61.547727,77.969349,77.841635,0.000000,1.377584,1.159163,0.218421,24.368773,26.223982,14.013171,1.732835,3.197987,2.154223,0.701294,0.087603,5.072077,0.000000,67.137809,0.000000,1.000000,8.172105,17.000000,317.977528,0.480712,1.000000,2.505631,3.000000,98.342541,0.835210,2.000000,2.614473,2.000000,78.017241,1.307237,3.000000,3.242488,3.000000,93.172691,1.080829,2.000000,3.605560,4.000000,133.155080,0.901390,1.000000,2.636402,0.000000,56.325301,0.000000,3.000000,4.910516,13.000000,60.036166,0.377732,3.000000,7.560842,29.000000,279.292929,0.260719,8.000000,2.782462,4.000000,129.411765,0.695616,1.000000,2.104829,3.000000,90.532544,0.701610,2.000000,2.380282,3.000000,119.858156,0.793427,1.000000,1.000000,8.000000,97.000000,-1.000000,,,,77.666994,94.831461,93.552101,5.205062,2.570914,2.634147,34.165346,44.691269,9.320604,13.848650,17.608157,0.862800,0.443076,,0.000000,,77.384873,83.794466,81.689659,1.109976,1.094958,0.015018,59.871660,34.131278,6.549394,1.775592,3.569576,1.029886,0.034115,1.100390,2.413793,35.000000,606.934307,38.484666,5.651394,0.408840
2026-02-13T09:45:00Z,1.110526,no_impulse,0,AARTIIND,1h,-1.000000,85.060565,6.656836,27.000000,0.246549,-1.895042,-0.110844,9.736171,8.490458,14.000000,197.082228,0.606461,1.000000,69.449278,70.588235,86.343335,0.000000,2.482235,2.442210,0.040025,54.567834,36.369777,13.362931,2.562967,7.720954,16.459780,0.790322,0.090602,4.130149,1.000000,63.043478,4.130149,2.000000,63.518322,40.340909,75.521391,0.000000,3.424888,3.823192,-0.398303,64.839112,38.818636,16.236761,1.378256,7.444107,14.267256,0.684522,0.075737,7.010551,13.000000,139.069767,0.539273,1.000000,82.126496,88.628763,89.481829,0.000000,3.653228,3.815822,-0.162594,66.671610,44.854649,4.520545,4.208075,10.262987,16.744042,1.018594,0.084708,4.799107,0.000000,59.722222,0.000000,1.000000,86.934824,81.219807,81.974051,0.000000,4.251864,3.215180,1.036684,42.729402,56.149690,6.768278,7.242622,12.064893,14.944034,0.779459,0.279402,8.737864,6.000000,112.500000,1.456311,1.000000,86.934824,81.219807,81.974051,0.000000,4.251864,3.215180,1.036684,42.729402,56.149690,6.768278,7.242622,12.064893,14.944034,0.779459,0.279402,7.207207,1.000000,38.484666,7.207207,2.000000,87.281039,72.098617,79.000397,0.000000,2.336577,1.286919,1.049658,24.284720,56.901741,8.950111,10.321544,12.830601,13.501026,1.249196,0.153625,23.042816,7.000000,606.934307,3.291831,1.000000,86.185219,65.604330,83.037700,0.000000,1.653300,1.037822,0.615478,20.551435,61.214742,8.817839,10.256369,12.227946,12.514034,1.554435,0.108385,3.657723,5.000000,72.295515,0.731545,2.000000,54.723076,56.575682,68.283848,1.000000,1.077258,1.215772,-0.138514,21.519367,17.736274,23.984862,0.310016,1.844850,1.253385,0.539875,0.077989,5.329021,8.000000,99.736842,0.666128,3.000000,5.072077,0.000000,67.137809,0.000000,1.000000,8.172105,17.000000,317.977528,0.480712,1.000000,2.505631,3.000000,98.342541,0.835210,2.000000,2.614473,2.000000,78.017241,1.307237,3.000000,3.242488,3.000000,93.172691,1.080829,2.000000,3.605560,4.000000,133.155080,0.901390,1.000000,2.636402,0.000000,56.325301,0.000000,3.000000,4.910516,13.000000,60.036166,0.377732,3.000000,7.560842,29.000000,279.292929,0.260719,8.000000,2.782462,4.000000,129.411765,0.695616,1.000000,2.104829,3.000000,90.532544,0.701610,2.000000,2.000000,9.000000,124.000000,-1.000000,,,,65.419624,77.432217,88.172879,5.908448,4.295466,1.612981,37.574630,36.822546,17.464311,6.464938,11.783368,0.643643,0.481176,,9.000000,,35.176892,41.197183,20.465967,-0.581440,-0.490261,-0.091179,29.311383,10.033950,38.519192,-0.928949,-1.782914,0.111372,0.023683,0.859202,4.909091,62.000000,606.934307,38.484666,5.655145,0.946345
2026-02-16T08:45:00Z,1.158521,no_impulse,0,AARTIIND,1h,1.000000,60.601266,4.321824,6.000000,0.720304,-0.399650,0.710310,9.976933,6.656836,27.000000,85.060565,0.246549,2.000000,38.866082,23.493976,15.697068,1.000000,-0.389710,0.148601,-0.538311,28.785157,12.859813,31.812234,-1.895042,-0.110844,9.736171,0.169646,0.056297,8.490458,14.000000,197.082228,0.606461,1.000000,69.449278,70.588235,86.343335,0.000000,2.482235,2.442210,0.040025,54.567834,36.369777,13.362931,2.562967,7.720954,16.459780,0.790322,0.090602,4.130149,1.000000,63.043478,4.130149,2.000000,63.518322,40.340909,75.521391,0.000000,3.424888,3.823192,-0.398303,64.839112,38.818636,16.236761,1.378256,7.444107,14.267256,0.684522,0.075737,7.010551,13.000000,139.069767,0.539273,1.000000,82.126496,88.628763,89.481829,0.000000,3.653228,3.815822,-0.162594,66.671610,44.854649,4.520545,4.208075,10.262987,16.744042,1.018594,0.084708,4.799107,0.000000,59.722222,0.000000,1.000000,86.934824,81.219807,81.974051,0.000000,4.251864,3.215180,1.036684,42.729402,56.149690,6.768278,7.242622,12.064893,14.944034,0.779459,0.279402,8.737864,6.000000,112.500000,1.456311,1.000000,86.934824,81.219807,81.974051,0.000000,4.251864,3.215180,1.036684,42.729402,56.149690,6.768278,7.242622,12.064893,14.944034,0.779459,0.279402,7.207207,1.000000,38.484666,7.207207,2.000000,87.281039,72.098617,79.000397,0.000000,2.336577,1.286919,1.049658,24.284720,56.901741,8.950111,10.321544,12.830601,13.501026,1.249196,0.153625,23.042816,7.000000,606.934307,3.291831,1.000000,86.185219,65.604330,83.037700,0.000000,1.653300,1.037822,0.615478,20.551435,61.214742,8.817839,10.256369,12.227946,12.514034,1.554435,0.108385,3.657723,5.000000,72.295515,0.731545,2.000000,5.329021,8.000000,99.736842,0.666128,3.000000,5.072077,0.000000,67.137809,0.000000,1.000000,8.172105,17.000000,317.977528,0.480712,1.000000,2.505631,3.000000,98.342541,0.835210,2.000000,2.614473,2.000000,78.017241,1.307237,3.000000,3.242488,3.000000,93.172691,1.080829,2.000000,3.605560,4.000000,133.155080,0.901390,1.000000,2.636402,0.000000,56.325301,0.000000,3.000000,4.910516,13.000000,60.036166,0.377732,3.000000,7.560842,29.000000,279.292929,0.260719,8.000000,2.782462,4.000000,129.411765,0.695616,1.000000,3.000000,1.000000,130.000000,-1.000000,,,,67.545606,84.206317,82.042723,5.581575,4.728287,0.853288,37.489508,33.573650,15.454471,6.725427,12.405218,0.654214,0.467555,,4.000000,,51.085371,51.310861,69.912609,0.183013,-0.016980,0.199993,22.319138,23.974531,27.629171,0.106239,-0.179411,0.532218,0.033010,0.546639,0.731707,68.000000,606.934307,38.484666,5.593705,0.938188
2026-02-17T03:45:00Z,1.124436,no_impulse,0,AARTIIND,1h,-1.000000,71.018277,2.942131,2.000000,1.471065,-0.270551,0.686588,9.794545,4.321824,6.000000,60.601266,0.720304,3.000000,46.573795,40.361446,43.574297,1.000000,-0.416446,-0.313778,-0.102668,24.131532,24.794412,18.773449,-0.399650,0.710310,9.976933,0.430146,0.056984,6.656836,27.000000,85.060565,0.246549,2.000000,38.866082,23.493976,15.697068,1.000000,-0.389710,0.148601,-0.538311,28.785157,12.859813,31.812234,-1.895042,-0.110844,9.736171,0.169646,0.056297,8.490458,14.000000,197.082228,0.606461,1.000000,69.449278,70.588235,86.343335,0.000000,2.482235,2.442210,0.040025,54.567834,36.369777,13.362931,2.562967,7.720954,16.459780,0.790322,0.090602,4.130149,1.000000,63.043478,4.130149,2.000000,63.518322,40.340909,75.521391,0.000000,3.424888,3.823192,-0.398303,64.839112,38.818636,16.236761,1.378256,7.444107,14.267256,0.684522,0.075737,7.010551,13.000000,139.069767,0.539273,1.000000,82.126496,88.628763,89.481829,0.000000,3.653228,3.815822,-0.162594,66.671610,44.854649,4.520545,4.208075,10.262987,16.744042,1.018594,0.084708,4.799107,0.000000,59.722222,0.000000,1.000000,86.934824,81.219807,81.974051,0.000000,4.251864,3.215180,1.036684,42.729402,56.149690,6.768278,7.242622,12.064893,14.944034,0.779459,0.279402,8.737864,6.000000,112.500000,1.456311,1.000000,86.934824,81.219807,81.974051,0.000000,4.251864,3.215180,1.036684,42.729402,56.149690,6.768278,7.242622,12.064893,14.944034,0.779459,0.279402,7.207207,1.000000,38.484666,7.207207,2.000000,87.281039,72.098617,79.000397,0.000000,2.336577,1.286919,1.049658,24.284720,56.901741,8.950111,10.321544,12.830601,13.501026,1.249196,0.153625,23.042816,7.000000,606.934307,3.291831,1.000000,3.657723,5.000000,72.295515,0.731545,2.000000,5.329021,8.000000,99.736842,0.666128,3.000000,5.072077,0.000000,67.137809,0.000000,1.000000,8.172105,17.000000,317.977528,0.480712,1.000000,2.505631,3.000000,98.342541,0.835210,2.000000,2.614473,2.000000,78.017241,1.307237,3.000000,3.242488,3.000000,93.172691,1.080829,2.000000,3.605560,4.000000,133.155080,0.901390,1.000000,2.636402,0.000000,56.325301,0.000000,3.000000,4.910516,13.000000,60.036166,0.377732,3.000000,7.560842,29.000000,279.292929,0.260719,8.000000,2.000000,1.000000,132.000000,-1.000000,,,,67.545606,84.206317,82.042723,5.581575,4.728287,0.853288,37.489508,33.573650,15.454471,6.725427,12.405218,0.654214,0.467555,,1.000000,,43.008123,19.937695,30.425753,0.012291,0.056143,-0.043851,19.297228,29.679559,25.114878,-0.626697,-0.909775,0.302179,0.031483,0.376933,0.250000,70.000000,606.934307,38.484666,5.654008,1.221415
2026-02-18T05:45:00Z,1.174937,no_impulse,0,AARTIIND,1h,1.000000,148.161765,4.491252,9.000000,0.499028,0.988235,1.866482,10.367058,2.942131,2.000000,71.018277,1.471065,2.000000,47.400126,52.741514,44.263215,1.000000,-0.397307,-0.349559,-0.047748,21.492211,22.489724,21.612229,-0.270551,0.686588,9.794545,0.449022,0.052929,4.321824,6.000000,60.601266,0.720304,3.000000,46.573795,40.361446,43.574297,1.000000,-0.416446,-0.313778,-0.102668,24.131532,24.794412,18.773449,-0.399650,0.710310,9.976933,0.430146,0.056984,6.656836,27.000000,85.060565,0.246549,2.000000,38.866082,23.493976,15.697068,1.000000,-0.389710,0.148601,-0.538311,28.785157,12.859813,31.812234,-1.895042,-0.110844,9.736171,0.169646,0.056297,8.490458,14.000000,197.082228,0.606461,1.000000,69.449278,70.588235,86.343335,0.000000,2.482235,2.442210,0.040025,54.567834,36.369777,13.362931,2.562967,7.720954,16.459780,0.790322,0.090602,4.130149,1.000000,63.043478,4.130149,2.000000,63.518322,40.340909,75.521391,0.000000,3.424888,3.823192,-0.398303,64.839112,38.818636,16.236761,1.378256,7.444107,14.267256,0.684522,0.075737,7.010551,13.000000,139.069767,0.539273,1.000000,82.126496,88.628763,89.481829,0.000000,3.653228,3.815822,-0.162594,66.671610,44.854649,4.520545,4.208075,10.262987,16.744042,1.018594,0.084708,4.799107,0.000000,59.722222,0.000000,1.000000,86.934824,81.219807,81.974051,0.000000,4.251864,3.215180,1.036684,42.729402,56.149690,6.768278,7.242622,12.064893,14.944034,0.779459,0.279402,8.737864,6.000000,112.500000,1.456311,1.000000,86.934824,81.219807,81.974051,0.000000,4.251864,3.215180,1.036684,42.729402,56.149690,6.768278,7.242622,12.064893,14.944034,0.779459,0.279402,7.207207,1.000000,38.484666,7.207207,2.000000,23.042816,7.000000,606.934307,3.291831,1.000000,3.657723,5.000000,72.295515,0.731545,2.000000,5.329021,8.000000,99.736842,0.666128,3.000000,5.072077,0.000000,67.137809,0.000000,1.000000,8.172105,17.000000,317.977528,0.480712,1.000000,2.505631,3.000000,98.342541,0.835210,2.000000,2.614473,2.000000,78.017241,1.307237,3.000000,3.242488,3.000000,93.172691,1.080829,2.000000,3.605560,4.000000,133.155080,0.901390,1.000000,2.636402,0.000000,56.325301,0.000000,3.000000,4.910516,13.000000,60.036166,0.377732,3.000000,1.000000,2.000000,141.000000,-1.000000,,,,68.943245,87.220026,85.305326,5.441736,4.828230,0.613505,37.945311,36.764922,14.343345,7.038588,12.869799,0.668877,0.448344,,2.000000,,67.916370,93.574297,93.982130,0.579682,0.432711,0.146970,32.294217,30.323214,9.969773,1.028987,1.580242,0.812547,0.033265,0.580723,1.168831,79.000000,606.934307,38.484666,5.716519,0.709117
2026-02-24T04:45:00Z,1.095238,no_impulse,0,AARTIIND,1h,-1.000000,157.816377,6.783276,27.000000,0.251232,-1.925993,-2.609721,3.854081,4.491252,9.000000,148.161765,0.499028,1.000000,57.687057,63.938053,86.001950,1.000000,0.204367,-0.097928,0.302295,23.513199,32.621068,11.665860,0.988235,1.866482,10.367058,0.752883,0.039469,2.942131,2.000000,71.018277,1.471065,2.000000,47.400126,52.741514,44.263215,1.000000,-0.397307,-0.349559,-0.047748,21.492211,22.489724,21.612229,-0.270551,0.686588,9.794545,0.449022,0.052929,4.321824,6.000000,60.601266,0.720304,3.000000,46.573795,40.361446,43.574297,1.000000,-0.416446,-0.313778,-0.102668,24.131532,24.794412,18.773449,-0.399650,0.710310,9.976933,0.430146,0.056984,6.656836,27.000000,85.060565,0.246549,2.000000,38.866082,23.493976,15.697068,1.000000,-0.389710,0.148601,-0.538311,28.785157,12.859813,31.812234,-1.895042,-0.110844,9.736171,0.169646,0.056297,8.490458,14.000000,197.082228,0.606461,1.000000,69.449278,70.588235,86.343335,0.000000,2.482235,2.442210,0.040025,54.567834,36.369777,13.362931,2.562967,7.720954,16.459780,0.790322,0.090602,4.130149,1.000000,63.043478,4.130149,2.000000,63.518322,40.340909,75.521391,0.000000,3.424888,3.823192,-0.398303,64.839112,38.818636,16.236761,1.378256,7.444107,14.267256,0.684522,0.075737,7.010551,13.000000,139.069767,0.539273,1.000000,82.126496,88.628763,89.481829,0.000000,3.653228,3.815822,-0.162594,66.671610,44.854649,4.520545,4.208075,10.262987,16.744042,1.018594,0.084708,4.799107,0.000000,59.722222,0.000000,1.000000,86.934824,81.219807,81.974051,0.000000,4.251864,3.215180,1.036684,42.729402,56.149690,6.768278,7.242622,12.064893,14.944034,0.779459,0.279402,8.737864,6.000000,112.500000,1.456311,1.000000,7.207207,1.000000,38.484666,7.207207,2.000000,23.042816,7.000000,606.934307,3.291831,1.000000,3.657723,5.000000,72.295515,0.731545,2.000000,5.329021,8.000000,99.736842,0.666128,3.000000,5.072077,0.000000,67.137809,0.000000,1.000000,8.172105,17.000000,317.977528,0.480712,1.000000,2.505631,3.000000,98.342541,0.835210,2.000000,2.614473,2.000000,78.017241,1.307237,3.000000,3.242488,3.000000,93.172691,1.080829,2.000000,3.605560,4.000000,133.155080,0.901390,1.000000,2.636402,0.000000,56.325301,0.000000,3.000000,8.000000,1.000000,168.000000,-1.000000,,,,62.264499,33.952255,45.834571,4.383322,4.838283,-0.454961,35.921298,27.912277,18.193544,3.254887,9.241442,0.602212,0.329158,,15.000000,,33.395848,6.511628,8.460793,-0.453178,-0.422198,-0.030980,14.947084,22.144089,24.984522,-0.825641,-1.665208,-0.034999,0.015306,1.153866,3.417722,106.000000,197.082228,38.484666,1.995631,0.609791
2026-02-27T03:45:00Z,1.160276,no_impulse,0,AARTIIND,1h,1.000000,81.603774,5.938215,20.000000,0.296911,0.230844,0.505262,5.853383,6.783276,27.000000,157.816377,0.251232,8.000000,31.011603,9.000000,11.190216,0.000000,-0.898954,-0.707661,-0.191293,14.084021,20.496184,26.321766,-1.925993,-2.609721,3.854081,0.100699,0.047323,4.491252,9.000000,148.161765,0.499028,1.000000,57.687057,63.938053,86.001950,1.000000,0.204367,-0.097928,0.302295,23.513199,32.621068,11.665860,0.988235,1.866482,10.367058,0.752883,0.039469,2.942131,2.000000,71.018277,1.471065,2.000000,47.400126,52.741514,44.263215,1.000000,-0.397307,-0.349559,-0.047748,21.492211,22.489724,21.612229,-0.270551,0.686588,9.794545,0.449022,0.052929,4.321824,6.000000,60.601266,0.720304,3.000000,46.573795,40.361446,43.574297,1.000000,-0.416446,-0.313778,-0.102668,24.131532,24.794412,18.773449,-0.399650,0.710310,9.976933,0.430146,0.056984,6.656836,27.000000,85.060565,0.246549,2.000000,38.866082,23.493976,15.697068,1.000000,-0.389710,0.148601,-0.538311,28.785157,12.859813,31.812234,-1.895042,-0.110844,9.736171,0.169646,0.056297,8.490458,14.000000,197.082228,0.606461,1.000000,69.449278,70.588235,86.343335,0.000000,2.482235,2.442210,0.040025,54.567834,36.369777,13.362931,2.562967,7.720954,16.459780,0.790322,0.090602,4.130149,1.000000,63.043478,4.130149,2.000000,63.518322,40.340909,75.521391,0.000000,3.424888,3.823192,-0.398303,64.839112,38.818636,16.236761,1.378256,7.444107,14.267256,0.684522,0.075737,7.010551,13.000000,139.069767,0.539273,1.000000,82.126496,88.628763,89.481829,0.000000,3.653228,3.815822,-0.162594,66.671610,44.854649,4.520545,4.208075,10.262987,16.744042,1.018594,0.084708,4.799107,0.000000,59.722222,0.000000,1.000000,8.737864,6.000000,112.500000,1.456311,1.000000,7.207207,1.000000,38.484666,7.207207,2.000000,23.042816,7.000000,606.934307,3.291831,1.000000,3.657723,5.000000,72.295515,0.731545,2.000000,5.329021,8.000000,99.736842,0.666128,3.000000,5.072077,0.000000,67.137809,0.000000,1.000000,8.172105,17.000000,317.977528,0.480712,1.000000,2.505631,3.000000,98.342541,0.835210,2.000000,2.614473,2.000000,78.017241,1.307237,3.000000,3.242488,3.000000,93.172691,1.080829,2.000000,3.605560,4.000000,133.155080,0.901390,1.000000,3.000000,2.000000,20.000000,-1.000000,,,,58.637294,26.923077,42.617153,3.723568,4.431385,-0.707817,33.025937,25.817225,19.479544,1.660867,7.572724,0.592655,0.182279,,7.000000,,59.882619,39.682540,52.046079,0.132181,0.131112,0.001069,35.236251,34.580902,11.933061,0.399723,0.797929,1.074784,0.006982,1.017454,1.904762,126.000000,197.082228,59.722222,1.968594,0.730216
2026-03-02T03:45:00Z,1.042607,no_impulse,0,AARTIIND,1h,-1.000000,180.924855,10.141484,7.000000,1.448783,-1.911046,-2.028418,2.946001,5.938215,20.000000,81.603774,0.296911,3.000000,54.013707,38.566553,63.392254,0.000000,0.373685,0.300287,0.073398,30.000259,29.004623,9.120819,0.230844,0.505262,5.853383,0.553883,0.042941,6.783276,27.000000,157.816377,0.251232,8.000000,31.011603,9.000000,11.190216,0.000000,-0.898954,-0.707661,-0.191293,14.084021,20.496184,26.321766,-1.925993,-2.609721,3.854081,0.100699,0.047323,4.491252,9.000000,148.161765,0.499028,1.000000,57.687057,63.938053,86.001950,1.000000,0.204367,-0.097928,0.302295,23.513199,32.621068,11.665860,0.988235,1.866482,10.367058,0.752883,0.039469,2.942131,2.000000,71.018277,1.471065,2.000000,47.400126,52.741514,44.263215,1.000000,-0.397307,-0.349559,-0.047748,21.492211,22.489724,21.612229,-0.270551,0.686588,9.794545,0.449022,0.052929,4.321824,6.000000,60.601266,0.720304,3.000000,46.573795,40.361446,43.574297,1.000000,-0.416446,-0.313778,-0.102668,24.131532,24.794412,18.773449,-0.399650,0.710310,9.976933,0.430146,0.056984,6.656836,27.000000,85.060565,0.246549,2.000000,38.866082,23.493976,15.697068,1.000000,-0.389710,0.148601,-0.538311,28.785157,12.859813,31.812234,-1.895042,-0.110844,9.736171,0.169646,0.056297,8.490458,14.000000,197.082228,0.606461,1.000000,69.449278,70.588235,86.343335,0.000000,2.482235,2.442210,0.040025,54.567834,36.369777,13.362931,2.562967,7.720954,16.459780,0.790322,0.090602,4.130149,1.000000,63.043478,4.130149,2.000000,63.518322,40.340909,75.521391,0.000000,3.424888,3.823192,-0.398303,64.839112,38.818636,16.236761,1.378256,7.444107,14.267256,0.684522,0.075737,7.010551,13.000000,139.069767,0.539273,1.000000,4.799107,0.000000,59.722222,0.000000,1.000000,8.737864,6.000000,112.500000,1.456311,1.000000,7.207207,1.000000,38.484666,7.207207,2.000000,23.042816,7.000000,606.934307,3.291831,1.000000,3.657723,5.000000,72.295515,0.731545,2.000000,5.329021,8.000000,99.736842,0.666128,3.000000,5.072077,0.000000,67.137809,0.000000,1.000000,8.172105,17.000000,317.977528,0.480712,1.000000,2.505631,3.000000,98.342541,0.835210,2.000000,2.614473,2.000000,78.017241,1.307237,3.000000,3.242488,3.000000,93.172691,1.080829,2.000000,4.000000,3.000000,27.000000,-1.000000,,,,50.748434,31.388889,35.971363,3.262556,4.313892,-1.051336,31.779132,21.744211,29.764455,-1.415486,4.363182,0.356525,0.097281,,1.000000,,23.522339,75.564972,41.854991,-0.414647,-0.309278,-0.105369,24.825711,5.626724,63.527287,-1.475788,-1.874202,-0.317921,0.017781,1.825196,0.588235,133.000000,197.082228,59.722222,1.689380,1.236477
2026-03-02T03:45:00Z,1.128446,no_impulse,0,AARTIIND,1h,1.000000,72.949947,8.233173,0.000000,0.000000,-1.911046,-2.028418,2.946001,10.141484,7.000000,180.924855,1.448783,4.000000,30.766615,54.952077,24.259792,1.000000,-0.254483,0.051392,-0.305874,31.913726,12.292588,42.152759,-1.911046,-2.028418,2.946001,-0.050384,0.034071,5.938215,20.000000,81.603774,0.296911,3.000000,54.013707,38.566553,63.392254,0.000000,0.373685,0.300287,0.073398,30.000259,29.004623,9.120819,0.230844,0.505262,5.853383,0.553883,0.042941,6.783276,27.000000,157.816377,0.251232,8.000000,31.011603,9.000000,11.190216,0.000000,-0.898954,-0.707661,-0.191293,14.084021,20.496184,26.321766,-1.925993,-2.609721,3.854081,0.100699,0.047323,4.491252,9.000000,148.161765,0.499028,1.000000,57.687057,63.938053,86.001950,1.000000,0.204367,-0.097928,0.302295,23.513199,32.621068,11.665860,0.988235,1.866482,10.367058,0.752883,0.039469,2.942131,2.000000,71.018277,1.471065,2.000000,47.400126,52.741514,44.263215,1.000000,-0.397307,-0.349559,-0.047748,21.492211,22.489724,21.612229,-0.270551,0.686588,9.794545,0.449022,0.052929,4.321824,6.000000,60.601266,0.720304,3.000000,46.573795,40.361446,43.574297,1.000000,-0.416446,-0.313778,-0.102668,24.131532,24.794412,18.773449,-0.399650,0.710310,9.976933,0.430146,0.056984,6.656836,27.000000,85.060565,0.246549,2.000000,38.866082,23.493976,15.697068,1.000000,-0.389710,0.148601,-0.538311,28.785157,12.859813,31.812234,-1.895042,-0.110844,9.736171,0.169646,0.056297,8.490458,14.000000,197.082228,0.606461,1.000000,69.449278,70.588235,86.343335,0.000000,2.482235,2.442210,0.040025,54.567834,36.369777,13.362931,2.562967,7.720954,16.459780,0.790322,0.090602,4.130149,1.000000,63.043478,4.130149,2.000000,7.010551,13.000000,139.069767,0.539273,1.000000,4.799107,0.000000,59.722222,0.000000,1.000000,8.737864,6.000000,112.500000,1.456311,1.000000,7.207207,1.000000,38.484666,7.207207,2.000000,23.042816,7.000000,606.934307,3.291831,1.000000,3.657723,5.000000,72.295515,0.731545,2.000000,5.329021,8.000000,99.736842,0.666128,3.000000,5.072077,0.000000,67.137809,0.000000,1.000000,8.172105,17.000000,317.977528,0.480712,1.000000,2.505631,3.000000,98.342541,0.835210,2.000000,2.614473,2.000000,78.017241,1.307237,3.000000,4.000000,4.000000,27.000000,-1.000000,,,,50.748434,31.388889,35.971363,3.262556,4.313892,-1.051336,31.779132,21.744211,29.764455,-1.415486,4.363182,0.356525,0.097281,,0.000000,,23.522339,75.564972,41.854991,-0.414647,-0.309278,-0.105369,24.825711,5.626724,63.527287,-1.475788,-1.874202,-0.317921,0.017781,1.351780,0.000000,133.000000,197.082228,60.601266,2.192960,1.944923
2026-03-04T03:45:00Z,1.035088,no_impulse,0,AARTIIND,1h,-1.000000,108.759124,8.273182,7.000000,1.181883,-5.650959,-6.922576,-2.776440,8.233173,0.000000,72.949947,0.000000,4.000000,30.766615,54.952077,24.259792,0.000000,-0.254483,0.051392,-0.305874,31.913726,12.292588,42.152759,-1.911046,-2.028418,2.946001,-0.050384,0.034071,10.141484,7.000000,180.924855,1.448783,4.000000,30.766615,54.952077,24.259792,1.000000,-0.254483,0.051392,-0.305874,31.913726,12.292588,42.152759,-1.911046,-2.028418,2.946001,-0.050384,0.034071,5.938215,20.000000,81.603774,0.296911,3.000000,54.013707,38.566553,63.392254,0.000000,0.373685,0.300287,0.073398,30.000259,29.004623,9.120819,0.230844,0.505262,5.853383,0.553883,0.042941,6.783276,27.000000,157.816377,0.251232,8.000000,31.011603,9.000000,11.190216,0.000000,-0.898954,-0.707661,-0.191293,14.084021,20.496184,26.321766,-1.925993,-2.609721,3.854081,0.100699,0.047323,4.491252,9.000000,148.161765,0.499028,1.000000,57.687057,63.938053,86.001950,1.000000,0.204367,-0.097928,0.302295,23.513199,32.621068,11.665860,0.988235,1.866482,10.367058,0.752883,0.039469,2.942131,2.000000,71.018277,1.471065,2.000000,47.400126,52.741514,44.263215,1.000000,-0.397307,-0.349559,-0.047748,21.492211,22.489724,21.612229,-0.270551,0.686588,9.794545,0.449022,0.052929,4.321824,6.000000,60.601266,0.720304,3.000000,46.573795,40.361446,43.574297,1.000000,-0.416446,-0.313778,-0.102668,24.131532,24.794412,18.773449,-0.399650,0.710310,9.976933,0.430146,0.056984,6.656836,27.000000,85.060565,0.246549,2.000000,38.866082,23.493976,15.697068,1.000000,-0.389710,0.148601,-0.538311,28.785157,12.859813,31.812234,-1.895042,-0.110844,9.736171,0.169646,0.056297,8.490458,14.000000,197.082228,0.606461,1.000000,4.130149,1.000000,63.043478,4.130149,2.000000,7.010551,13.000000,139.069767,0.539273,1.000000,4.799107,0.000000,59.722222,0.000000,1.000000,8.737864,6.000000,112.500000,1.456311,1.000000,7.207207,1.000000,38.484666,7.207207,2.000000,23.042816,7.000000,606.934307,3.291831,1.000000,3.657723,5.000000,72.295515,0.731545,2.000000,5.329021,8.000000,99.736842,0.666128,3.000000,5.072077,0.000000,67.137809,0.000000,1.000000,8.172105,17.000000,317.977528,0.480712,1.000000,2.505631,3.000000,98.342541,0.835210,2.000000,4.000000,5.000000,34.000000,-1.000000,,,,41.987507,18.168605,25.493523,2.510275,4.124260,-1.613985,31.426571,18.689419,32.404775,-5.829594,-0.363259,0.035042,0.118473,,1.000000,,18.872420,12.017167,17.634110,-1.107859,-0.939510,-0.168348,49.317590,9.316590,55.347482,-3.778355,-5.335419,-0.185681,0.053097,1.331618,0.619469,140.000000,197.082228,60.601266,2.282212,1.710168
2026-03-04T03:45:00Z,1.071930,no_impulse,0,AARTIIND,1h,1.000000,39.463087,3.559322,0.000000,0.000000,-5.650959,-6.922576,-2.776440,8.273182,7.000000,108.759124,1.181883,4.000000,15.533672,10.975610,26.945722,1.000000,-1.471019,-0.788463,-0.682556,44.588624,7.281951,52.642599,-5.650959,-6.922576,-2.776440,-0.073528,0.093260,8.233173,0.000000,72.949947,0.000000,4.000000,30.766615,54.952077,24.259792,0.000000,-0.254483,0.051392,-0.305874,31.913726,12.292588,42.152759,-1.911046,-2.028418,2.946001,-0.050384,0.034071,10.141484,7.000000,180.924855,1.448783,4.000000,30.766615,54.952077,24.259792,1.000000,-0.254483,0.051392,-0.305874,31.913726,12.292588,42.152759,-1.911046,-2.028418,2.946001,-0.050384,0.034071,5.938215,20.000000,81.603774,0.296911,3.000000,54.013707,38.566553,63.392254,0.000000,0.373685,0.300287,0.073398,30.000259,29.004623,9.120819,0.230844,0.505262,5.853383,0.553883,0.042941,6.783276,27.000000,157.816377,0.251232,8.000000,31.011603,9.000000,11.190216,0.000000,-0.898954,-0.707661,-0.191293,14.084021,20.496184,26.321766,-1.925993,-2.609721,3.854081,0.100699,0.047323,4.491252,9.000000,148.161765,0.499028,1.000000,57.687057,63.938053,86.001950,1.000000,0.204367,-0.097928,0.302295,23.513199,32.621068,11.665860,0.988235,1.866482,10.367058,0.752883,0.039469,2.942131,2.000000,71.018277,1.471065,2.000000,47.400126,52.741514,44.263215,1.000000,-0.397307,-0.349559,-0.047748,21.492211,22.489724,21.612229,-0.270551,0.686588,9.794545,0.449022,0.052929,4.321824,6.000000,60.601266,0.720304,3.000000,46.573795,40.361446,43.574297,1.000000,-0.416446,-0.313778,-0.102668,24.131532,24.794412,18.773449,-0.399650,0.710310,9.976933,0.430146,0.056984,6.656836,27.000000,85.060565,0.246549,2.000000,8.490458,14.000000,197.082228,0.606461,1.000000,4.130149,1.000000,63.043478,4.130149,2.000000,7.010551,13.000000,139.069767,0.539273,1.000000,4.799107,0.000000,59.722222,0.000000,1.000000,8.737864,6.000000,112.500000,1.456311,1.000000,7.207207,1.000000,38.484666,7.207207,2.000000,23.042816,7.000000,606.934307,3.291831,1.000000,3.657723,5.000000,72.295515,0.731545,2.000000,5.329021,8.000000,99.736842,0.666128,3.000000,5.072077,0.000000,67.137809,0.000000,1.000000,8.172105,17.000000,317.977528,0.480712,1.000000,4.000000,6.000000,34.000000,-1.000000,,,,41.987507,18.168605,25.493523,2.510275,4.124260,-1.613985,31.426571,18.689419,32.404775,-5.829594,-0.363259,0.035042,0.118473,,0.000000,,18.872420,12.017167,17.634110,-1.107859,-0.939510,-0.168348,49.317590,9.316590,55.347482,-3.778355,-5.335419,-0.185681,0.053097,0.537079,0.000000,140.000000,197.082228,60.601266,2.237733,1.548146
2026-03-04T09:45:00Z,1.002506,no_impulse,0,AARTIIND,1h,-1.000000,188.435374,6.476502,6.000000,1.079417,-5.232090,-7.771468,-4.943600,3.559322,0.000000,39.463087,0.000000,4.000000,15.533672,10.975610,26.945722,0.000000,-1.471019,-0.788463,-0.682556,44.588624,7.281951,52.642599,-5.650959,-6.922576,-2.776440,-0.073528,0.093260,8.273182,7.000000,108.759124,1.181883,4.000000,15.533672,10.975610,26.945722,1.000000,-1.471019,-0.788463,-0.682556,44.588624,7.281951,52.642599,-5.650959,-6.922576,-2.776440,-0.073528,0.093260,8.233173,0.000000,72.949947,0.000000,4.000000,30.766615,54.952077,24.259792,0.000000,-0.254483,0.051392,-0.305874,31.913726,12.292588,42.152759,-1.911046,-2.028418,2.946001,-0.050384,0.034071,10.141484,7.000000,180.924855,1.448783,4.000000,30.766615,54.952077,24.259792,1.000000,-0.254483,0.051392,-0.305874,31.913726,12.292588,42.152759,-1.911046,-2.028418,2.946001,-0.050384,0.034071,5.938215,20.000000,81.603774,0.296911,3.000000,54.013707,38.566553,63.392254,0.000000,0.373685,0.300287,0.073398,30.000259,29.004623,9.120819,0.230844,0.505262,5.853383,0.553883,0.042941,6.783276,27.000000,157.816377,0.251232,8.000000,31.011603,9.000000,11.190216,0.000000,-0.898954,-0.707661,-0.191293,14.084021,20.496184,26.321766,-1.925993,-2.609721,3.854081,0.100699,0.047323,4.491252,9.000000,148.161765,0.499028,1.000000,57.687057,63.938053,86.001950,1.000000,0.204367,-0.097928,0.302295,23.513199,32.621068,11.665860,0.988235,1.866482,10.367058,0.752883,0.039469,2.942131,2.000000,71.018277,1.471065,2.000000,47.400126,52.741514,44.263215,1.000000,-0.397307,-0.349559,-0.047748,21.492211,22.489724,21.612229,-0.270551,0.686588,9.794545,0.449022,0.052929,4.321824,6.000000,60.601266,0.720304,3.000000,6.656836,27.000000,85.060565,0.246549,2.000000,8.490458,14.000000,197.082228,0.606461,1.000000,4.130149,1.000000,63.043478,4.130149,2.000000,7.010551,13.000000,139.069767,0.539273,1.000000,4.799107,0.000000,59.722222,0.000000,1.000000,8.737864,6.000000,112.500000,1.456311,1.000000,7.207207,1.000000,38.484666,7.207207,2.000000,23.042816,7.000000,606.934307,3.291831,1.000000,3.657723,5.000000,72.295515,0.731545,2.000000,5.329021,8.000000,99.736842,0.666128,3.000000,5.072077,0.000000,67.137809,0.000000,1.000000,4.000000,7.000000,40.000000,-1.000000,,,,46.532375,31.758721,27.105405,1.903229,3.606925,-1.703696,31.099193,17.421526,30.206429,-3.152152,1.788231,0.268649,0.132086,,2.000000,,26.867845,38.534279,34.335988,-0.969840,-1.004038,0.034198,48.056046,11.247435,46.109825,-2.328977,-4.400135,-0.378902,0.025896,1.055825,0.571429,146.000000,180.924855,39.463087,2.323202,0.877649
2026-03-05T03:45:00Z,1.061905,no_impulse,0,AARTIIND,1h,1.000000,85.559567,5.925000,1.000000,5.925000,-3.741183,-6.387194,-3.811206,6.476502,6.000000,188.435374,1.079417,4.000000,15.319279,16.218905,9.137431,1.000000,-2.404186,-1.796916,-0.607270,54.550441,6.407420,53.344355,-5.232090,-7.771468,-4.943600,0.119423,0.130642,3.559322,0.000000,39.463087,0.000000,4.000000,15.533672,10.975610,26.945722,0.000000,-1.471019,-0.788463,-0.682556,44.588624,7.281951,52.642599,-5.650959,-6.922576,-2.776440,-0.073528,0.093260,8.273182,7.000000,108.759124,1.181883,4.000000,15.533672,10.975610,26.945722,1.000000,-1.471019,-0.788463,-0.682556,44.588624,7.281951,52.642599,-5.650959,-6.922576,-2.776440,-0.073528,0.093260,8.233173,0.000000,72.949947,0.000000,4.000000,30.766615,54.952077,24.259792,0.000000,-0.254483,0.051392,-0.305874,31.913726,12.292588,42.152759,-1.911046,-2.028418,2.946001,-0.050384,0.034071,10.141484,7.000000,180.924855,1.448783,4.000000,30.766615,54.952077,24.259792,1.000000,-0.254483,0.051392,-0.305874,31.913726,12.292588,42.152759,-1.911046,-2.028418,2.946001,-0.050384,0.034071,5.938215,20.000000,81.603774,0.296911,3.000000,54.013707,38.566553,63.392254,0.000000,0.373685,0.300287,0.073398,30.000259,29.004623,9.120819,0.230844,0.505262,5.853383,0.553883,0.042941,6.783276,27.000000,157.816377,0.251232,8.000000,31.011603,9.000000,11.190216,0.000000,-0.898954,-0.707661,-0.191293,14.084021,20.496184,26.321766,-1.925993,-2.609721,3.854081,0.100699,0.047323,4.491252,9.000000,148.161765,0.499028,1.000000,57.687057,63.938053,86.001950,1.000000,0.204367,-0.097928,0.302295,23.513199,32.621068,11.665860,0.988235,1.866482,10.367058,0.752883,0.039469,2.942131,2.000000,71.018277,1.471065,2.000000,4.321824,6.000000,60.601266,0.720304,3.000000,6.656836,27.000000,85.060565,0.246549,2.000000,8.490458,14.000000,197.082228,0.606461,1.000000,4.130149,1.000000,63.043478,4.130149,2.000000,7.010551,13.000000,139.069767,0.539273,1.000000,4.799107,0.000000,59.722222,0.000000,1.000000,8.737864,6.000000,112.500000,1.456311,1.000000,7.207207,1.000000,38.484666,7.207207,2.000000,23.042816,7.000000,606.934307,3.291831,1.000000,3.657723,5.000000,72.295515,0.731545,2.000000,5.329021,8.000000,99.736842,0.666128,3.000000,3.000000,8.000000,41.000000,-1.000000,,,,46.532375,31.758721,27.105405,1.903229,3.606925,-1.703696,31.099193,17.421526,30.206429,-3.152152,1.788231,0.268649,0.132086,,0.000000,,43.194195,64.767932,39.039334,-0.884932,-0.966293,0.081361,46.217774,22.144120,34.869743,-0.502257,-2.488799,0.307764,0.025997,0.968765,0.119048,147.000000,188.435374,39.463087,2.319390,0.753058
2026-03-05T08:45:00Z,1.022180,no_impulse,0,AARTIIND,1h,-1.000000,66.877637,3.740854,5.000000,0.748171,0.052195,-2.769186,-1.170897,5.925000,1.000000,85.559567,5.925000,3.000000,24.302201,27.302632,16.207403,0.000000,-2.407102,-1.903966,-0.503136,54.383699,14.134155,45.024446,-3.741183,-6.387194,-3.811206,0.225308,0.131284,6.476502,6.000000,188.435374,1.079417,4.000000,15.319279,16.218905,9.137431,1.000000,-2.404186,-1.796916,-0.607270,54.550441,6.407420,53.344355,-5.232090,-7.771468,-4.943600,0.119423,0.130642,3.559322,0.000000,39.463087,0.000000,4.000000,15.533672,10.975610,26.945722,0.000000,-1.471019,-0.788463,-0.682556,44.588624,7.281951,52.642599,-5.650959,-6.922576,-2.776440,-0.073528,0.093260,8.273182,7.000000,108.759124,1.181883,4.000000,15.533672,10.975610,26.945722,1.000000,-1.471019,-0.788463,-0.682556,44.588624,7.281951,52.642599,-5.650959,-6.922576,-2.776440,-0.073528,0.093260,8.233173,0.000000,72.949947,0.000000,4.000000,30.766615,54.952077,24.259792,0.000000,-0.254483,0.051392,-0.305874,31.913726,12.292588,42.152759,-1.911046,-2.028418,2.946001,-0.050384,0.034071,10.141484,7.000000,180.924855,1.448783,4.000000,30.766615,54.952077,24.259792,1.000000,-0.254483,0.051392,-0.305874,31.913726,12.292588,42.152759,-1.911046,-2.028418,2.946001,-0.050384,0.034071,5.938215,20.000000,81.603774,0.296911,3.000000,54.013707,38.566553,63.392254,0.000000,0.373685,0.300287,0.073398,30.000259,29.004623,9.120819,0.230844,0.505262,5.853383,0.553883,0.042941,6.783276,27.000000,157.816377,0.251232,8.000000,31.011603,9.000000,11.190216,0.000000,-0.898954,-0.707661,-0.191293,14.084021,20.496184,26.321766,-1.925993,-2.609721,3.854081,0.100699,0.047323,4.491252,9.000000,148.161765,0.499028,1.000000,2.942131,2.000000,71.018277,1.471065,2.000000,4.321824,6.000000,60.601266,0.720304,3.000000,6.656836,27.000000,85.060565,0.246549,2.000000,8.490458,14.000000,197.082228,0.606461,1.000000,4.130149,1.000000,63.043478,4.130149,2.000000,7.010551,13.000000,139.069767,0.539273,1.000000,4.799107,0.000000,59.722222,0.000000,1.000000,8.737864,6.000000,112.500000,1.456311,1.000000,7.207207,1.000000,38.484666,7.207207,2.000000,23.042816,7.000000,606.934307,3.291831,1.000000,3.657723,5.000000,72.295515,0.731545,2.000000,2.000000,1.000000,46.000000,-1.000000,,,,45.505826,28.125000,26.017442,1.410609,3.184864,-1.774255,30.790817,16.548313,28.654496,-3.408333,1.155565,0.274747,0.146324,,0.000000,,38.902317,19.847328,13.778311,-0.538664,-0.570103,0.031439,31.276321,12.963534,26.958665,-0.647128,-2.126028,0.190044,0.020744,0.596024,0.632911,152.000000,188.435374,39.463087,2.235482,0.598954
2026-03-06T03:45:00Z,1.062030,no_impulse,0,AARTIIND,1h,1.000000,100.315457,3.898492,2.000000,1.949246,-0.152969,-2.803104,-1.415216,3.740854,5.000000,66.877637,0.748171,2.000000,46.102620,66.176471,40.820728,0.000000,-2.011391,-2.101026,0.089635,52.407699,21.457810,35.668863,0.052195,-2.769186,-1.170897,0.504817,0.108404,5.925000,1.000000,85.559567,5.925000,3.000000,24.302201,27.302632,16.207403,0.000000,-2.407102,-1.903966,-0.503136,54.383699,14.134155,45.024446,-3.741183,-6.387194,-3.811206,0.225308,0.131284,6.476502,6.000000,188.435374,1.079417,4.000000,15.319279,16.218905,9.137431,1.000000,-2.404186,-1.796916,-0.607270,54.550441,6.407420,53.344355,-5.232090,-7.771468,-4.943600,0.119423,0.130642,3.559322,0.000000,39.463087,0.000000,4.000000,15.533672,10.975610,26.945722,0.000000,-1.471019,-0.788463,-0.682556,44.588624,7.281951,52.642599,-5.650959,-6.922576,-2.776440,-0.073528,0.093260,8.273182,7.000000,108.759124,1.181883,4.000000,15.533672,10.975610,26.945722,1.000000,-1.471019,-0.788463,-0.682556,44.588624,7.281951,52.642599,-5.650959,-6.922576,-2.776440,-0.073528,0.093260,8.233173,0.000000,72.949947,0.000000,4.000000,30.766615,54.952077,24.259792,0.000000,-0.254483,0.051392,-0.305874,31.913726,12.292588,42.152759,-1.911046,-2.028418,2.946001,-0.050384,0.034071,10.141484,7.000000,180.924855,1.448783,4.000000,30.766615,54.952077,24.259792,1.000000,-0.254483,0.051392,-0.305874,31.913726,12.292588,42.152759,-1.911046,-2.028418,2.946001,-0.050384,0.034071,5.938215,20.000000,81.603774,0.296911,3.000000,54.013707,38.566553,63.392254,0.000000,0.373685,0.300287,0.073398,30.000259,29.004623,9.120819,0.230844,0.505262,5.853383,0.553883,0.042941,6.783276,27.000000,157.816377,0.251232,8.000000,4.491252,9.000000,148.161765,0.499028,1.000000,2.942131,2.000000,71.018277,1.471065,2.000000,4.321824,6.000000,60.601266,0.720304,3.000000,6.656836,27.000000,85.060565,0.246549,2.000000,8.490458,14.000000,197.082228,0.606461,1.000000,4.130149,1.000000,63.043478,4.130149,2.000000,7.010551,13.000000,139.069767,0.539273,1.000000,4.799107,0.000000,59.722222,0.000000,1.000000,8.737864,6.000000,112.500000,1.456311,1.000000,7.207207,1.000000,38.484666,7.207207,2.000000,23.042816,7.000000,606.934307,3.291831,1.000000,1.000000,2.000000,48.000000,-1.000000,,,,45.505826,28.125000,26.017442,1.410609,3.184864,-1.774255,30.790817,16.548313,28.654496,-3.408333,1.155565,0.274747,0.146324,,0.000000,,62.972597,90.614887,88.025890,0.229628,-0.176089,0.405717,28.089868,27.597523,22.846855,1.607945,0.859799,0.877747,0.043262,0.613334,0.243902,154.000000,188.435374,39.463087,2.114088,0.804476
2026-03-09T03:45:00Z,1.001003,no_impulse,0,AARTIIND,1h,-1.000000,153.144654,5.746313,7.000000,0.820902,-2.237322,-4.655889,-4.044889,3.898492,2.000000,100.315457,1.949246,1.000000,45.376077,89.894737,76.091124,0.000000,-1.607917,-1.960069,0.352151,48.907339,18.726821,34.000612,-0.152969,-2.803104,-1.415216,0.482394,0.086753,3.740854,5.000000,66.877637,0.748171,2.000000,46.102620,66.176471,40.820728,0.000000,-2.011391,-2.101026,0.089635,52.407699,21.457810,35.668863,0.052195,-2.769186,-1.170897,0.504817,0.108404,5.925000,1.000000,85.559567,5.925000,3.000000,24.302201,27.302632,16.207403,0.000000,-2.407102,-1.903966,-0.503136,54.383699,14.134155,45.024446,-3.741183,-6.387194,-3.811206,0.225308,0.131284,6.476502,6.000000,188.435374,1.079417,4.000000,15.319279,16.218905,9.137431,1.000000,-2.404186,-1.796916,-0.607270,54.550441,6.407420,53.344355,-5.232090,-7.771468,-4.943600,0.119423,0.130642,3.559322,0.000000,39.463087,0.000000,4.000000,15.533672,10.975610,26.945722,0.000000,-1.471019,-0.788463,-0.682556,44.588624,7.281951,52.642599,-5.650959,-6.922576,-2.776440,-0.073528,0.093260,8.273182,7.000000,108.759124,1.181883,4.000000,15.533672,10.975610,26.945722,1.000000,-1.471019,-0.788463,-0.682556,44.588624,7.281951,52.642599,-5.650959,-6.922576,-2.776440,-0.073528,0.093260,8.233173,0.000000,72.949947,0.000000,4.000000,30.766615,54.952077,24.259792,0.000000,-0.254483,0.051392,-0.305874,31.913726,12.292588,42.152759,-1.911046,-2.028418,2.946001,-0.050384,0.034071,10.141484,7.000000,180.924855,1.448783,4.000000,30.766615,54.952077,24.259792,1.000000,-0.254483,0.051392,-0.305874,31.913726,12.292588,42.152759,-1.911046,-2.028418,2.946001,-0.050384,0.034071,5.938215,20.000000,81.603774,0.296911,3.000000,6.783276,27.000000,157.816377,0.251232,8.000000,4.491252,9.000000,148.161765,0.499028,1.000000,2.942131,2.000000,71.018277,1.471065,2.000000,4.321824,6.000000,60.601266,0.720304,3.000000,6.656836,27.000000,85.060565,0.246549,2.000000,8.490458,14.000000,197.082228,0.606461,1.000000,4.130149,1.000000,63.043478,4.130149,2.000000,7.010551,13.000000,139.069767,0.539273,1.000000,4.799107,0.000000,59.722222,0.000000,1.000000,8.737864,6.000000,112.500000,1.456311,1.000000,7.207207,1.000000,38.484666,7.207207,2.000000,8.000000,1.000000,55.000000,-1.000000,,,,41.520588,14.193084,24.692268,0.827489,2.776269,-1.948781,31.111280,15.127220,31.617489,-5.392722,-1.233498,0.193604,0.166999,,5.000000,,31.122612,7.416268,64.073054,-0.204945,-0.039559,-0.165385,17.406119,16.775026,47.029782,-3.425661,-3.814225,-0.359256,0.038547,0.912555,0.933333,,188.435374,39.463087,2.179488,0.740857
2026-03-12T03:45:00Z,1.090100,no_impulse,0,AARTIIND,1h,1.000000,145.995893,8.900851,21.000000,0.423850,1.397483,1.138447,1.073521,5.746313,7.000000,153.144654,0.820902,8.000000,38.787232,43.531828,68.613886,1.000000,-1.108763,-1.384489,0.275726,43.036611,12.542539,40.355057,-2.237322,-4.655889,-4.044889,-0.008186,0.043062,3.898492,2.000000,100.315457,1.949246,1.000000,45.376077,89.894737,76.091124,0.000000,-1.607917,-1.960069,0.352151,48.907339,18.726821,34.000612,-0.152969,-2.803104,-1.415216,0.482394,0.086753,3.740854,5.000000,66.877637,0.748171,2.000000,46.102620,66.176471,40.820728,0.000000,-2.011391,-2.101026,0.089635,52.407699,21.457810,35.668863,0.052195,-2.769186,-1.170897,0.504817,0.108404,5.925000,1.000000,85.559567,5.925000,3.000000,24.302201,27.302632,16.207403,0.000000,-2.407102,-1.903966,-0.503136,54.383699,14.134155,45.024446,-3.741183,-6.387194,-3.811206,0.225308,0.131284,6.476502,6.000000,188.435374,1.079417,4.000000,15.319279,16.218905,9.137431,1.000000,-2.404186,-1.796916,-0.607270,54.550441,6.407420,53.344355,-5.232090,-7.771468,-4.943600,0.119423,0.130642,3.559322,0.000000,39.463087,0.000000,4.000000,15.533672,10.975610,26.945722,0.000000,-1.471019,-0.788463,-0.682556,44.588624,7.281951,52.642599,-5.650959,-6.922576,-2.776440,-0.073528,0.093260,8.273182,7.000000,108.759124,1.181883,4.000000,15.533672,10.975610,26.945722,1.000000,-1.471019,-0.788463,-0.682556,44.588624,7.281951,52.642599,-5.650959,-6.922576,-2.776440,-0.073528,0.093260,8.233173,0.000000,72.949947,0.000000,4.000000,30.766615,54.952077,24.259792,0.000000,-0.254483,0.051392,-0.305874,31.913726,12.292588,42.152759,-1.911046,-2.028418,2.946001,-0.050384,0.034071,10.141484,7.000000,180.924855,1.448783,4.000000,5.938215,20.000000,81.603774,0.296911,3.000000,6.783276,27.000000,157.816377,0.251232,8.000000,4.491252,9.000000,148.161765,0.499028,1.000000,2.942131,2.000000,71.018277,1.471065,2.000000,4.321824,6.000000,60.601266,0.720304,3.000000,6.656836,27.000000,85.060565,0.246549,2.000000,8.490458,14.000000,197.082228,0.606461,1.000000,4.130149,1.000000,63.043478,4.130149,2.000000,7.010551,13.000000,139.069767,0.539273,1.000000,4.799107,0.000000,59.722222,0.000000,1.000000,8.737864,6.000000,112.500000,1.456311,1.000000,1.000000,1.000000,21.000000,-1.000000,,,,57.344066,73.642801,53.170153,0.806901,1.637422,-0.830522,27.390957,28.659017,23.760336,3.108358,6.629156,0.713070,0.150565,,4.000000,,64.445337,92.342342,81.106412,0.373405,0.404554,-0.031149,30.830757,19.371768,34.007412,0.525773,1.390048,0.901119,0.013177,1.437185,3.818182,,188.435374,39.463087,2.178447,0.838657
2026-03-12T03:45:00Z,1.053383,no_impulse,0,AARTIIND,1h,-1.000000,41.209564,3.368203,0.000000,0.000000,1.397483,1.138447,1.073521,8.900851,21.000000,145.995893,0.423850,1.000000,60.889512,73.924731,86.741978,0.000000,0.708912,0.412252,0.296660,21.789852,19.467650,25.402513,1.397483,1.138447,1.073521,0.673402,0.081734,5.746313,7.000000,153.144654,0.820902,8.000000,38.787232,43.531828,68.613886,1.000000,-1.108763,-1.384489,0.275726,43.036611,12.542539,40.355057,-2.237322,-4.655889,-4.044889,-0.008186,0.043062,3.898492,2.000000,100.315457,1.949246,1.000000,45.376077,89.894737,76.091124,0.000000,-1.607917,-1.960069,0.352151,48.907339,18.726821,34.000612,-0.152969,-2.803104,-1.415216,0.482394,0.086753,3.740854,5.000000,66.877637,0.748171,2.000000,46.102620,66.176471,40.820728,0.000000,-2.011391,-2.101026,0.089635,52.407699,21.457810,35.668863,0.052195,-2.769186,-1.170897,0.504817,0.108404,5.925000,1.000000,85.559567,5.925000,3.000000,24.302201,27.302632,16.207403,0.000000,-2.407102,-1.903966,-0.503136,54.383699,14.134155,45.024446,-3.741183,-6.387194,-3.811206,0.225308,0.131284,6.476502,6.000000,188.435374,1.079417,4.000000,15.319279,16.218905,9.137431,1.000000,-2.404186,-1.796916,-0.607270,54.550441,6.407420,53.344355,-5.232090,-7.771468,-4.943600,0.119423,0.130642,3.559322,0.000000,39.463087,0.000000,4.000000,15.533672,10.975610,26.945722,0.000000,-1.471019,-0.788463,-0.682556,44.588624,7.281951,52.642599,-5.650959,-6.922576,-2.776440,-0.073528,0.093260,8.273182,7.000000,108.759124,1.181883,4.000000,15.533672,10.975610,26.945722,1.000000,-1.471019,-0.788463,-0.682556,44.588624,7.281951,52.642599,-5.650959,-6.922576,-2.776440,-0.073528,0.093260,8.233173,0.000000,72.949947,0.000000,4.000000,10.141484,7.000000,180.924855,1.448783,4.000000,5.938215,20.000000,81.603774,0.296911,3.000000,6.783276,27.000000,157.816377,0.251232,8.000000,4.491252,9.000000,148.161765,0.499028,1.000000,2.942131,2.000000,71.018277,1.471065,2.000000,4.321824,6.000000,60.601266,0.720304,3.000000,6.656836,27.000000,85.060565,0.246549,2.000000,8.490458,14.000000,197.082228,0.606461,1.000000,4.130149,1.000000,63.043478,4.130149,2.000000,7.010551,13.000000,139.069767,0.539273,1.000000,4.799107,0.000000,59.722222,0.000000,1.000000,1.000000,2.000000,21.000000,-1.000000,,,,57.344066,73.642801,53.170153,0.806901,1.637422,-0.830522,27.390957,28.659017,23.760336,3.108358,6.629156,0.713070,0.150565,,0.000000,,64.445337,92.342342,81.106412,0.373405,0.404554,-0.031149,30.830757,19.371768,34.007412,0.525773,1.390048,0.901119,0.013177,0.519022,0.000000,,188.435374,39.463087,2.335689,1.148882
2026-03-12T06:45:00Z,1.144737,no_impulse,0,AARTIIND,1h,1.000000,248.805461,8.672377,3.000000,2.890792,5.025278,5.754741,6.213457,3.368203,0.000000,41.209564,0.000000,1.000000,60.889512,73.924731,86.741978,0.000000,0.708912,0.412252,0.296660,21.789852,19.467650,25.402513,1.397483,1.138447,1.073521,0.673402,0.081734,8.900851,21.000000,145.995893,0.423850,1.000000,60.889512,73.924731,86.741978,0.000000,0.708912,0.412252,0.296660,21.789852,19.467650,25.402513,1.397483,1.138447,1.073521,0.673402,0.081734,5.746313,7.000000,153.144654,0.820902,8.000000,38.787232,43.531828,68.613886,1.000000,-1.108763,-1.384489,0.275726,43.036611,12.542539,40.355057,-2.237322,-4.655889,-4.044889,-0.008186,0.043062,3.898492,2.000000,100.315457,1.949246,1.000000,45.376077,89.894737,76.091124,0.000000,-1.607917,-1.960069,0.352151,48.907339,18.726821,34.000612,-0.152969,-2.803104,-1.415216,0.482394,0.086753,3.740854,5.000000,66.877637,0.748171,2.000000,46.102620,66.176471,40.820728,0.000000,-2.011391,-2.101026,0.089635,52.407699,21.457810,35.668863,0.052195,-2.769186,-1.170897,0.504817,0.108404,5.925000,1.000000,85.559567,5.925000,3.000000,24.302201,27.302632,16.207403,0.000000,-2.407102,-1.903966,-0.503136,54.383699,14.134155,45.024446,-3.741183,-6.387194,-3.811206,0.225308,0.131284,6.476502,6.000000,188.435374,1.079417,4.000000,15.319279,16.218905,9.137431,1.000000,-2.404186,-1.796916,-0.607270,54.550441,6.407420,53.344355,-5.232090,-7.771468,-4.943600,0.119423,0.130642,3.559322,0.000000,39.463087,0.000000,4.000000,15.533672,10.975610,26.945722,0.000000,-1.471019,-0.788463,-0.682556,44.588624,7.281951,52.642599,-5.650959,-6.922576,-2.776440,-0.073528,0.093260,8.273182,7.000000,108.759124,1.181883,4.000000,8.233173,0.000000,72.949947,0.000000,4.000000,10.141484,7.000000,180.924855,1.448783,4.000000,5.938215,20.000000,81.603774,0.296911,3.000000,6.783276,27.000000,157.816377,0.251232,8.000000,4.491252,9.000000,148.161765,0.499028,1.000000,2.942131,2.000000,71.018277,1.471065,2.000000,4.321824,6.000000,60.601266,0.720304,3.000000,6.656836,27.000000,85.060565,0.246549,2.000000,8.490458,14.000000,197.082228,0.606461,1.000000,4.130149,1.000000,63.043478,4.130149,2.000000,7.010551,13.000000,139.069767,0.539273,1.000000,1.000000,3.000000,24.000000,-1.000000,,,,47.138356,33.595594,50.920077,0.558368,1.500846,-0.942478,26.034490,25.477537,21.528806,-2.490220,0.942926,0.336016,0.148168,,2.000000,,76.292865,91.632373,95.519970,1.517112,1.089666,0.427445,37.598383,41.032447,10.816923,2.886319,4.770818,0.832484,0.089391,1.492102,0.612245,,188.435374,39.463087,2.132213,1.328141
2026-03-16T04:45:00Z,1.034211,no_impulse,0,AARTIIND,1h,-1.000000,120.987654,9.655172,12.000000,0.804598,-2.933605,-2.963492,-2.458117,8.672377,3.000000,248.805461,2.890792,1.000000,78.242791,94.240838,94.634122,0.000000,1.657521,0.890181,0.767340,23.727357,32.292962,16.077382,5.025278,5.754741,6.213457,0.965224,0.113734,3.368203,0.000000,41.209564,0.000000,1.000000,60.889512,73.924731,86.741978,0.000000,0.708912,0.412252,0.296660,21.789852,19.467650,25.402513,1.397483,1.138447,1.073521,0.673402,0.081734,8.900851,21.000000,145.995893,0.423850,1.000000,60.889512,73.924731,86.741978,0.000000,0.708912,0.412252,0.296660,21.789852,19.467650,25.402513,1.397483,1.138447,1.073521,0.673402,0.081734,5.746313,7.000000,153.144654,0.820902,8.000000,38.787232,43.531828,68.613886,1.000000,-1.108763,-1.384489,0.275726,43.036611,12.542539,40.355057,-2.237322,-4.655889,-4.044889,-0.008186,0.043062,3.898492,2.000000,100.315457,1.949246,1.000000,45.376077,89.894737,76.091124,0.000000,-1.607917,-1.960069,0.352151,48.907339,18.726821,34.000612,-0.152969,-2.803104,-1.415216,0.482394,0.086753,3.740854,5.000000,66.877637,0.748171,2.000000,46.102620,66.176471,40.820728,0.000000,-2.011391,-2.101026,0.089635,52.407699,21.457810,35.668863,0.052195,-2.769186,-1.170897,0.504817,0.108404,5.925000,1.000000,85.559567,5.925000,3.000000,24.302201,27.302632,16.207403,0.000000,-2.407102,-1.903966,-0.503136,54.383699,14.134155,45.024446,-3.741183,-6.387194,-3.811206,0.225308,0.131284,6.476502,6.000000,188.435374,1.079417,4.000000,15.319279,16.218905,9.137431,1.000000,-2.404186,-1.796916,-0.607270,54.550441,6.407420,53.344355,-5.232090,-7.771468,-4.943600,0.119423,0.130642,3.559322,0.000000,39.463087,0.000000,4.000000,8.273182,7.000000,108.759124,1.181883,4.000000,8.233173,0.000000,72.949947,0.000000,4.000000,10.141484,7.000000,180.924855,1.448783,4.000000,5.938215,20.000000,81.603774,0.296911,3.000000,6.783276,27.000000,157.816377,0.251232,8.000000,4.491252,9.000000,148.161765,0.499028,1.000000,2.942131,2.000000,71.018277,1.471065,2.000000,4.321824,6.000000,60.601266,0.720304,3.000000,6.656836,27.000000,85.060565,0.246549,2.000000,8.490458,14.000000,197.082228,0.606461,1.000000,4.130149,1.000000,63.043478,4.130149,2.000000,8.000000,1.000000,36.000000,-1.000000,,,,48.833815,40.519276,49.252557,0.398303,1.267911,-0.869608,24.347079,23.820480,22.699015,-1.293375,1.890916,0.415198,0.150570,,6.000000,,22.380081,6.753247,11.681521,-1.416166,-1.202135,-0.214031,51.735598,7.003359,41.436031,-2.581856,-4.032638,0.071452,0.058730,1.648735,2.307692,,248.805461,39.463087,2.191327,1.564468
2026-03-18T07:45:00Z,1.096867,no_impulse,0,AARTIIND,1h,1.000000,56.689342,6.058403,17.000000,0.356377,1.724584,1.724349,1.925498,9.655172,12.000000,120.987654,0.804598,8.000000,38.412620,8.956916,4.693575,1.000000,-0.477918,0.398118,-0.876036,25.828977,13.521223,34.452576,-2.933605,-2.963492,-2.458117,0.251468,0.114673,8.672377,3.000000,248.805461,2.890792,1.000000,78.242791,94.240838,94.634122,0.000000,1.657521,0.890181,0.767340,23.727357,32.292962,16.077382,5.025278,5.754741,6.213457,0.965224,0.113734,3.368203,0.000000,41.209564,0.000000,1.000000,60.889512,73.924731,86.741978,0.000000,0.708912,0.412252,0.296660,21.789852,19.467650,25.402513,1.397483,1.138447,1.073521,0.673402,0.081734,8.900851,21.000000,145.995893,0.423850,1.000000,60.889512,73.924731,86.741978,0.000000,0.708912,0.412252,0.296660,21.789852,19.467650,25.402513,1.397483,1.138447,1.073521,0.673402,0.081734,5.746313,7.000000,153.144654,0.820902,8.000000,38.787232,43.531828,68.613886,1.000000,-1.108763,-1.384489,0.275726,43.036611,12.542539,40.355057,-2.237322,-4.655889,-4.044889,-0.008186,0.043062,3.898492,2.000000,100.315457,1.949246,1.000000,45.376077,89.894737,76.091124,0.000000,-1.607917,-1.960069,0.352151,48.907339,18.726821,34.000612,-0.152969,-2.803104,-1.415216,0.482394,0.086753,3.740854,5.000000,66.877637,0.748171,2.000000,46.102620,66.176471,40.820728,0.000000,-2.011391,-2.101026,0.089635,52.407699,21.457810,35.668863,0.052195,-2.769186,-1.170897,0.504817,0.108404,5.925000,1.000000,85.559567,5.925000,3.000000,24.302201,27.302632,16.207403,0.000000,-2.407102,-1.903966,-0.503136,54.383699,14.134155,45.024446,-3.741183,-6.387194,-3.811206,0.225308,0.131284,6.476502,6.000000,188.435374,1.079417,4.000000,3.559322,0.000000,39.463087,0.000000,4.000000,8.273182,7.000000,108.759124,1.181883,4.000000,8.233173,0.000000,72.949947,0.000000,4.000000,10.141484,7.000000,180.924855,1.448783,4.000000,5.938215,20.000000,81.603774,0.296911,3.000000,6.783276,27.000000,157.816377,0.251232,8.000000,4.491252,9.000000,148.161765,0.499028,1.000000,2.942131,2.000000,71.018277,1.471065,2.000000,4.321824,6.000000,60.601266,0.720304,3.000000,6.656836,27.000000,85.060565,0.246549,2.000000,8.490458,14.000000,197.082228,0.606461,1.000000,3.000000,2.000000,17.000000,-1.000000,,,,44.076191,19.590873,37.503278,-0.050932,0.747377,-0.798309,20.429966,22.590131,23.369371,-4.068986,-1.440610,0.227340,0.143398,,6.000000,,73.097683,98.369565,95.662148,0.656592,0.517192,0.139399,31.363486,35.975702,11.728054,1.328598,1.956492,0.948084,0.030050,1.010693,2.982456,,248.805461,39.463087,2.394829,1.169856
2026-03-19T09:45:00Z,1.028446,no_impulse,0,AARTIIND,1h,-1.000000,109.200000,6.237861,9.000000,0.693096,-2.031952,-2.726165,-2.952933,6.058403,17.000000,56.689342,0.356377,3.000000,59.763543,87.529412,93.541657,1.000000,0.253249,-0.126980,0.380229,17.330355,35.679762,18.616596,1.724584,1.724349,1.925498,0.836412,0.052164,9.655172,12.000000,120.987654,0.804598,8.000000,38.412620,8.956916,4.693575,1.000000,-0.477918,0.398118,-0.876036,25.828977,13.521223,34.452576,-2.933605,-2.963492,-2.458117,0.251468,0.114673,8.672377,3.000000,248.805461,2.890792,1.000000,78.242791,94.240838,94.634122,0.000000,1.657521,0.890181,0.767340,23.727357,32.292962,16.077382,5.025278,5.754741,6.213457,0.965224,0.113734,3.368203,0.000000,41.209564,0.000000,1.000000,60.889512,73.924731,86.741978,0.000000,0.708912,0.412252,0.296660,21.789852,19.467650,25.402513,1.397483,1.138447,1.073521,0.673402,0.081734,8.900851,21.000000,145.995893,0.423850,1.000000,60.889512,73.924731,86.741978,0.000000,0.708912,0.412252,0.296660,21.789852,19.467650,25.402513,1.397483,1.138447,1.073521,0.673402,0.081734,5.746313,7.000000,153.144654,0.820902,8.000000,38.787232,43.531828,68.613886,1.000000,-1.108763,-1.384489,0.275726,43.036611,12.542539,40.355057,-2.237322,-4.655889,-4.044889,-0.008186,0.043062,3.898492,2.000000,100.315457,1.949246,1.000000,45.376077,89.894737,76.091124,0.000000,-1.607917,-1.960069,0.352151,48.907339,18.726821,34.000612,-0.152969,-2.803104,-1.415216,0.482394,0.086753,3.740854,5.000000,66.877637,0.748171,2.000000,46.102620,66.176471,40.820728,0.000000,-2.011391,-2.101026,0.089635,52.407699,21.457810,35.668863,0.052195,-2.769186,-1.170897,0.504817,0.108404,5.925000,1.000000,85.559567,5.925000,3.000000,6.476502,6.000000,188.435374,1.079417,4.000000,3.559322,0.000000,39.463087,0.000000,4.000000,8.273182,7.000000,108.759124,1.181883,4.000000,8.233173,0.000000,72.949947,0.000000,4.000000,10.141484,7.000000,180.924855,1.448783,4.000000,5.938215,20.000000,81.603774,0.296911,3.000000,6.783276,27.000000,157.816377,0.251232,8.000000,4.491252,9.000000,148.161765,0.499028,1.000000,2.942131,2.000000,71.018277,1.471065,2.000000,4.321824,6.000000,60.601266,0.720304,3.000000,6.656836,27.000000,85.060565,0.246549,2.000000,4.000000,3.000000,26.000000,-1.000000,,,,50.093524,48.735833,40.347035,-0.042416,0.567732,-0.610149,19.115577,22.590088,21.691820,-0.266362,2.150855,0.480593,0.136888,,1.000000,,34.754158,40.000000,15.423280,-0.773941,-0.752893,-0.021049,52.395887,7.472679,35.444621,-0.776907,-1.792394,0.147633,0.021878,0.998982,1.216216,,248.805461,41.209564,2.237739,1.353619
2026-03-20T07:45:00Z,1.077694,no_impulse,0,AARTIIND,1h,1.000000,71.978022,4.788595,5.000000,0.957719,1.348699,0.725718,0.367304,6.237861,9.000000,109.200000,0.693096,4.000000,38.267788,12.820513,4.836356,1.000000,-0.755396,-0.338096,-0.417301,17.780202,20.567393,35.667814,-2.031952,-2.726165,-2.952933,0.209173,0.068477,6.058403,17.000000,56.689342,0.356377,3.000000,59.763543,87.529412,93.541657,1.000000,0.253249,-0.126980,0.380229,17.330355,35.679762,18.616596,1.724584,1.724349,1.925498,0.836412,0.052164,9.655172,12.000000,120.987654,0.804598,8.000000,38.412620,8.956916,4.693575,1.000000,-0.477918,0.398118,-0.876036,25.828977,13.521223,34.452576,-2.933605,-2.963492,-2.458117,0.251468,0.114673,8.672377,3.000000,248.805461,2.890792,1.000000,78.242791,94.240838,94.634122,0.000000,1.657521,0.890181,0.767340,23.727357,32.292962,16.077382,5.025278,5.754741,6.213457,0.965224,0.113734,3.368203,0.000000,41.209564,0.000000,1.000000,60.889512,73.924731,86.741978,0.000000,0.708912,0.412252,0.296660,21.789852,19.467650,25.402513,1.397483,1.138447,1.073521,0.673402,0.081734,8.900851,21.000000,145.995893,0.423850,1.000000,60.889512,73.924731,86.741978,0.000000,0.708912,0.412252,0.296660,21.789852,19.467650,25.402513,1.397483,1.138447,1.073521,0.673402,0.081734,5.746313,7.000000,153.144654,0.820902,8.000000,38.787232,43.531828,68.613886,1.000000,-1.108763,-1.384489,0.275726,43.036611,12.542539,40.355057,-2.237322,-4.655889,-4.044889,-0.008186,0.043062,3.898492,2.000000,100.315457,1.949246,1.000000,45.376077,89.894737,76.091124,0.000000,-1.607917,-1.960069,0.352151,48.907339,18.726821,34.000612,-0.152969,-2.803104,-1.415216,0.482394,0.086753,3.740854,5.000000,66.877637,0.748171,2.000000,5.925000,1.000000,85.559567,5.925000,3.000000,6.476502,6.000000,188.435374,1.079417,4.000000,3.559322,0.000000,39.463087,0.000000,4.000000,8.273182,7.000000,108.759124,1.181883,4.000000,8.233173,0.000000,72.949947,0.000000,4.000000,10.141484,7.000000,180.924855,1.448783,4.000000,5.938215,20.000000,81.603774,0.296911,3.000000,6.783276,27.000000,157.816377,0.251232,8.000000,4.491252,9.000000,148.161765,0.499028,1.000000,2.942131,2.000000,71.018277,1.471065,2.000000,4.321824,6.000000,60.601266,0.720304,3.000000,3.000000,4.000000,31.000000,-1.000000,,,,50.093524,48.735833,40.347035,-0.042416,0.567732,-0.610149,19.115577,22.590088,21.691820,-0.266362,2.150855,0.480593,0.136888,,2.000000,,67.335002,89.380531,82.979785,0.154081,-0.092174,0.246254,27.701027,35.439068,13.829830,1.449171,1.140685,1.019933,0.028282,0.769827,0.649351,,248.805461,41.209564,2.236258,1.048230
2026-03-23T06:45:00Z,1.006642,no_impulse,0,AARTIIND,1h,-1.000000,144.274809,6.593023,6.000000,1.098837,-3.436761,-4.562412,-5.357719,4.788595,5.000000,71.978022,0.957719,3.000000,55.668814,66.276803,44.741840,0.000000,-0.416762,-0.511025,0.094263,15.229361,34.743785,23.402928,1.348699,0.725718,0.367304,0.692698,0.070947,6.237861,9.000000,109.200000,0.693096,4.000000,38.267788,12.820513,4.836356,1.000000,-0.755396,-0.338096,-0.417301,17.780202,20.567393,35.667814,-2.031952,-2.726165,-2.952933,0.209173,0.068477,6.058403,17.000000,56.689342,0.356377,3.000000,59.763543,87.529412,93.541657,1.000000,0.253249,-0.126980,0.380229,17.330355,35.679762,18.616596,1.724584,1.724349,1.925498,0.836412,0.052164,9.655172,12.000000,120.987654,0.804598,8.000000,38.412620,8.956916,4.693575,1.000000,-0.477918,0.398118,-0.876036,25.828977,13.521223,34.452576,-2.933605,-2.963492,-2.458117,0.251468,0.114673,8.672377,3.000000,248.805461,2.890792,1.000000,78.242791,94.240838,94.634122,0.000000,1.657521,0.890181,0.767340,23.727357,32.292962,16.077382,5.025278,5.754741,6.213457,0.965224,0.113734,3.368203,0.000000,41.209564,0.000000,1.000000,60.889512,73.924731,86.741978,0.000000,0.708912,0.412252,0.296660,21.789852,19.467650,25.402513,1.397483,1.138447,1.073521,0.673402,0.081734,8.900851,21.000000,145.995893,0.423850,1.000000,60.889512,73.924731,86.741978,0.000000,0.708912,0.412252,0.296660,21.789852,19.467650,25.402513,1.397483,1.138447,1.073521,0.673402,0.081734,5.746313,7.000000,153.144654,0.820902,8.000000,38.787232,43.531828,68.613886,1.000000,-1.108763,-1.384489,0.275726,43.036611,12.542539,40.355057,-2.237322,-4.655889,-4.044889,-0.008186,0.043062,3.898492,2.000000,100.315457,1.949246,1.000000,3.740854,5.000000,66.877637,0.748171,2.000000,5.925000,1.000000,85.559567,5.925000,3.000000,6.476502,6.000000,188.435374,1.079417,4.000000,3.559322,0.000000,39.463087,0.000000,4.000000,8.273182,7.000000,108.759124,1.181883,4.000000,8.233173,0.000000,72.949947,0.000000,4.000000,10.141484,7.000000,180.924855,1.448783,4.000000,5.938215,20.000000,81.603774,0.296911,3.000000,6.783276,27.000000,157.816377,0.251232,8.000000,4.491252,9.000000,148.161765,0.499028,1.000000,2.942131,2.000000,71.018277,1.471065,2.000000,4.000000,5.000000,37.000000,-1.000000,,,,47.843093,33.653008,30.804999,-0.523839,0.192419,-0.716258,17.586235,19.112769,22.442912,-1.634839,0.241357,0.385019,0.139896,,1.000000,,28.451147,1.656315,2.722973,-1.009864,-0.769388,-0.240476,35.696444,15.146321,34.376744,-1.748631,-2.865305,0.315111,0.092952,1.079635,0.740741,,248.805461,41.209564,2.281355,0.787475
2026-03-25T05:45:00Z,1.091479,no_impulse,0,AARTIIND,1h,1.000000,119.400353,8.427736,13.000000,0.648287,3.581855,3.383437,2.513944,6.593023,6.000000,144.274809,1.098837,4.000000,33.875872,6.349206,5.916402,0.000000,-1.010579,-0.614954,-0.395625,18.471250,20.803834,40.828175,-3.436761,-4.562412,-5.357719,0.082954,0.079669,4.788595,5.000000,71.978022,0.957719,3.000000,55.668814,66.276803,44.741840,0.000000,-0.416762,-0.511025,0.094263,15.229361,34.743785,23.402928,1.348699,0.725718,0.367304,0.692698,0.070947,6.237861,9.000000,109.200000,0.693096,4.000000,38.267788,12.820513,4.836356,1.000000,-0.755396,-0.338096,-0.417301,17.780202,20.567393,35.667814,-2.031952,-2.726165,-2.952933,0.209173,0.068477,6.058403,17.000000,56.689342,0.356377,3.000000,59.763543,87.529412,93.541657,1.000000,0.253249,-0.126980,0.380229,17.330355,35.679762,18.616596,1.724584,1.724349,1.925498,0.836412,0.052164,9.655172,12.000000,120.987654,0.804598,8.000000,38.412620,8.956916,4.693575,1.000000,-0.477918,0.398118,-0.876036,25.828977,13.521223,34.452576,-2.933605,-2.963492,-2.458117,0.251468,0.114673,8.672377,3.000000,248.805461,2.890792,1.000000,78.242791,94.240838,94.634122,0.000000,1.657521,0.890181,0.767340,23.727357,32.292962,16.077382,5.025278,5.754741,6.213457,0.965224,0.113734,3.368203,0.000000,41.209564,0.000000,1.000000,60.889512,73.924731,86.741978,0.000000,0.708912,0.412252,0.296660,21.789852,19.467650,25.402513,1.397483,1.138447,1.073521,0.673402,0.081734,8.900851,21.000000,145.995893,0.423850,1.000000,60.889512,73.924731,86.741978,0.000000,0.708912,0.412252,0.296660,21.789852,19.467650,25.402513,1.397483,1.138447,1.073521,0.673402,0.081734,5.746313,7.000000,153.144654,0.820902,8.000000,3.898492,2.000000,100.315457,1.949246,1.000000,3.740854,5.000000,66.877637,0.748171,2.000000,5.925000,1.000000,85.559567,5.925000,3.000000,6.476502,6.000000,188.435374,1.079417,4.000000,3.559322,0.000000,39.463087,0.000000,4.000000,8.273182,7.000000,108.759124,1.181883,4.000000,8.233173,0.000000,72.949947,0.000000,4.000000,10.141484,7.000000,180.924855,1.448783,4.000000,5.938215,20.000000,81.603774,0.296911,3.000000,6.783276,27.000000,157.816377,0.251232,8.000000,4.491252,9.000000,148.161765,0.499028,1.000000,7.000000,6.000000,50.000000,-1.000000,,,,51.944110,55.536181,33.071781,-0.318885,0.085678,-0.404563,16.821333,24.068076,20.970499,1.196893,3.021165,0.591510,0.132378,,5.000000,,70.626192,87.664042,82.761805,1.142654,0.946048,0.196606,39.002849,34.342454,9.124190,2.074024,3.291702,0.885881,0.054886,1.318496,1.585366,,248.805461,41.209564,2.125688,0.722526
2026-03-30T09:45:00Z,0.994987,no_impulse,0,AARTIIND,1h,-1.000000,113.737075,8.840413,18.000000,0.491134,-3.209116,-4.480127,-5.992714,8.427736,13.000000,119.400353,0.648287,7.000000,68.563138,98.522895,96.761003,0.000000,0.583335,-0.173476,0.756811,18.664054,38.548293,18.246740,3.581855,3.383437,2.513944,0.875079,0.099044,6.593023,6.000000,144.274809,1.098837,4.000000,33.875872,6.349206,5.916402,0.000000,-1.010579,-0.614954,-0.395625,18.471250,20.803834,40.828175,-3.436761,-4.562412,-5.357719,0.082954,0.079669,4.788595,5.000000,71.978022,0.957719,3.000000,55.668814,66.276803,44.741840,0.000000,-0.416762,-0.511025,0.094263,15.229361,34.743785,23.402928,1.348699,0.725718,0.367304,0.692698,0.070947,6.237861,9.000000,109.200000,0.693096,4.000000,38.267788,12.820513,4.836356,1.000000,-0.755396,-0.338096,-0.417301,17.780202,20.567393,35.667814,-2.031952,-2.726165,-2.952933,0.209173,0.068477,6.058403,17.000000,56.689342,0.356377,3.000000,59.763543,87.529412,93.541657,1.000000,0.253249,-0.126980,0.380229,17.330355,35.679762,18.616596,1.724584,1.724349,1.925498,0.836412,0.052164,9.655172,12.000000,120.987654,0.804598,8.000000,38.412620,8.956916,4.693575,1.000000,-0.477918,0.398118,-0.876036,25.828977,13.521223,34.452576,-2.933605,-2.963492,-2.458117,0.251468,0.114673,8.672377,3.000000,248.805461,2.890792,1.000000,78.242791,94.240838,94.634122,0.000000,1.657521,0.890181,0.767340,23.727357,32.292962,16.077382,5.025278,5.754741,6.213457,0.965224,0.113734,3.368203,0.000000,41.209564,0.000000,1.000000,60.889512,73.924731,86.741978,0.000000,0.708912,0.412252,0.296660,21.789852,19.467650,25.402513,1.397483,1.138447,1.073521,0.673402,0.081734,8.900851,21.000000,145.995893,0.423850,1.000000,5.746313,7.000000,153.144654,0.820902,8.000000,3.898492,2.000000,100.315457,1.949246,1.000000,3.740854,5.000000,66.877637,0.748171,2.000000,5.925000,1.000000,85.559567,5.925000,3.000000,6.476502,6.000000,188.435374,1.079417,4.000000,3.559322,0.000000,39.463087,0.000000,4.000000,8.273182,7.000000,108.759124,1.181883,4.000000,8.233173,0.000000,72.949947,0.000000,4.000000,10.141484,7.000000,180.924855,1.448783,4.000000,5.938215,20.000000,81.603774,0.296911,3.000000,6.783276,27.000000,157.816377,0.251232,8.000000,4.000000,7.000000,18.000000,-1.000000,,,,42.341751,3.430962,30.117790,-0.906545,-0.195159,-0.711386,15.544936,20.538024,26.949460,-5.942777,-4.608062,0.005059,0.113335,,5.000000,,29.854766,15.763547,20.802091,-0.715234,-0.717214,0.001980,49.562064,8.818423,37.072506,-1.539996,-2.883395,-0.240913,0.020470,1.291542,1.935484,,248.805461,41.209564,2.015022,0.902417
2026-04-01T03:45:00Z,1.044862,no_impulse,0,AARTIIND,1h,1.000000,51.688312,5.012594,1.000000,5.012594,0.537471,-0.605418,-2.066212,8.840413,18.000000,113.737075,0.491134,4.000000,34.468021,5.039370,8.919899,1.000000,-1.293225,-0.742523,-0.550702,30.210424,11.678031,36.257293,-3.209116,-4.480127,-5.992714,0.241526,0.120296,8.427736,13.000000,119.400353,0.648287,7.000000,68.563138,98.522895,96.761003,0.000000,0.583335,-0.173476,0.756811,18.664054,38.548293,18.246740,3.581855,3.383437,2.513944,0.875079,0.099044,6.593023,6.000000,144.274809,1.098837,4.000000,33.875872,6.349206,5.916402,0.000000,-1.010579,-0.614954,-0.395625,18.471250,20.803834,40.828175,-3.436761,-4.562412,-5.357719,0.082954,0.079669,4.788595,5.000000,71.978022,0.957719,3.000000,55.668814,66.276803,44.741840,0.000000,-0.416762,-0.511025,0.094263,15.229361,34.743785,23.402928,1.348699,0.725718,0.367304,0.692698,0.070947,6.237861,9.000000,109.200000,0.693096,4.000000,38.267788,12.820513,4.836356,1.000000,-0.755396,-0.338096,-0.417301,17.780202,20.567393,35.667814,-2.031952,-2.726165,-2.952933,0.209173,0.068477,6.058403,17.000000,56.689342,0.356377,3.000000,59.763543,87.529412,93.541657,1.000000,0.253249,-0.126980,0.380229,17.330355,35.679762,18.616596,1.724584,1.724349,1.925498,0.836412,0.052164,9.655172,12.000000,120.987654,0.804598,8.000000,38.412620,8.956916,4.693575,1.000000,-0.477918,0.398118,-0.876036,25.828977,13.521223,34.452576,-2.933605,-2.963492,-2.458117,0.251468,0.114673,8.672377,3.000000,248.805461,2.890792,1.000000,78.242791,94.240838,94.634122,0.000000,1.657521,0.890181,0.767340,23.727357,32.292962,16.077382,5.025278,5.754741,6.213457,0.965224,0.113734,3.368203,0.000000,41.209564,0.000000,1.000000,8.900851,21.000000,145.995893,0.423850,1.000000,5.746313,7.000000,153.144654,0.820902,8.000000,3.898492,2.000000,100.315457,1.949246,1.000000,3.740854,5.000000,66.877637,0.748171,2.000000,5.925000,1.000000,85.559567,5.925000,3.000000,6.476502,6.000000,188.435374,1.079417,4.000000,3.559322,0.000000,39.463087,0.000000,4.000000,8.273182,7.000000,108.759124,1.181883,4.000000,8.233173,0.000000,72.949947,0.000000,4.000000,10.141484,7.000000,180.924855,1.448783,4.000000,5.938215,20.000000,81.603774,0.296911,3.000000,3.000000,8.000000,19.000000,-1.000000,,,,46.552119,24.100418,19.639202,-0.971526,-0.345746,-0.625780,15.164361,20.434954,25.085752,-2.499345,-1.410226,0.263449,0.103081,,0.000000,,60.741588,99.096386,43.597999,-0.439666,-0.641096,0.201430,47.011267,34.176452,25.860754,1.906374,0.780058,1.164985,0.029225,0.700644,0.096154,,248.805461,41.209564,2.064541,1.396627
2026-04-02T04:45:00Z,0.992231,no_impulse,0,AARTIIND,1h,-1.000000,105.527638,5.037179,8.000000,0.629647,-3.049815,-4.227392,-6.019455,5.012594,1.000000,51.688312,5.012594,3.000000,50.543823,75.391499,28.231858,1.000000,-1.036824,-0.779494,-0.257330,28.119522,29.116731,28.575698,0.537471,-0.605418,-2.066212,0.547262,0.114335,8.840413,18.000000,113.737075,0.491134,4.000000,34.468021,5.039370,8.919899,1.000000,-1.293225,-0.742523,-0.550702,30.210424,11.678031,36.257293,-3.209116,-4.480127,-5.992714,0.241526,0.120296,8.427736,13.000000,119.400353,0.648287,7.000000,68.563138,98.522895,96.761003,0.000000,0.583335,-0.173476,0.756811,18.664054,38.548293,18.246740,3.581855,3.383437,2.513944,0.875079,0.099044,6.593023,6.000000,144.274809,1.098837,4.000000,33.875872,6.349206,5.916402,0.000000,-1.010579,-0.614954,-0.395625,18.471250,20.803834,40.828175,-3.436761,-4.562412,-5.357719,0.082954,0.079669,4.788595,5.000000,71.978022,0.957719,3.000000,55.668814,66.276803,44.741840,0.000000,-0.416762,-0.511025,0.094263,15.229361,34.743785,23.402928,1.348699,0.725718,0.367304,0.692698,0.070947,6.237861,9.000000,109.200000,0.693096,4.000000,38.267788,12.820513,4.836356,1.000000,-0.755396,-0.338096,-0.417301,17.780202,20.567393,35.667814,-2.031952,-2.726165,-2.952933,0.209173,0.068477,6.058403,17.000000,56.689342,0.356377,3.000000,59.763543,87.529412,93.541657,1.000000,0.253249,-0.126980,0.380229,17.330355,35.679762,18.616596,1.724584,1.724349,1.925498,0.836412,0.052164,9.655172,12.000000,120.987654,0.804598,8.000000,38.412620,8.956916,4.693575,1.000000,-0.477918,0.398118,-0.876036,25.828977,13.521223,34.452576,-2.933605,-2.963492,-2.458117,0.251468,0.114673,8.672377,3.000000,248.805461,2.890792,1.000000,3.368203,0.000000,41.209564,0.000000,1.000000,8.900851,21.000000,145.995893,0.423850,1.000000,5.746313,7.000000,153.144654,0.820902,8.000000,3.898492,2.000000,100.315457,1.949246,1.000000,3.740854,5.000000,66.877637,0.748171,2.000000,5.925000,1.000000,85.559567,5.925000,3.000000,6.476502,6.000000,188.435374,1.079417,4.000000,3.559322,0.000000,39.463087,0.000000,4.000000,8.273182,7.000000,108.759124,1.181883,4.000000,8.233173,0.000000,72.949947,0.000000,4.000000,10.141484,7.000000,180.924855,1.448783,4.000000,4.000000,9.000000,27.000000,-1.000000,,,,45.765297,21.035333,16.188905,-1.092209,-0.496866,-0.595344,15.304690,19.193689,27.128145,-2.873965,-1.998598,0.229350,0.103221,,5.000000,,27.756096,7.598039,7.458944,-0.686075,-0.244186,-0.441890,26.180615,14.196063,46.885102,-2.451521,-3.065432,0.067398,0.055313,0.744546,0.952381,,248.805461,41.209564,2.065195,1.264552
2026-04-06T03:45:00Z,1.030702,no_impulse,0,AARTIIND,1h,1.000000,73.095238,3.877242,6.000000,0.646207,-2.852495,-4.052806,-6.093372,5.037179,8.000000,105.527638,0.629647,4.000000,36.494542,7.380952,28.842227,1.000000,-0.842391,-0.673558,-0.168832,23.320889,18.232009,41.952454,-3.049815,-4.227392,-6.019455,0.052803,0.066180,5.012594,1.000000,51.688312,5.012594,3.000000,50.543823,75.391499,28.231858,1.000000,-1.036824,-0.779494,-0.257330,28.119522,29.116731,28.575698,0.537471,-0.605418,-2.066212,0.547262,0.114335,8.840413,18.000000,113.737075,0.491134,4.000000,34.468021,5.039370,8.919899,1.000000,-1.293225,-0.742523,-0.550702,30.210424,11.678031,36.257293,-3.209116,-4.480127,-5.992714,0.241526,0.120296,8.427736,13.000000,119.400353,0.648287,7.000000,68.563138,98.522895,96.761003,0.000000,0.583335,-0.173476,0.756811,18.664054,38.548293,18.246740,3.581855,3.383437,2.513944,0.875079,0.099044,6.593023,6.000000,144.274809,1.098837,4.000000,33.875872,6.349206,5.916402,0.000000,-1.010579,-0.614954,-0.395625,18.471250,20.803834,40.828175,-3.436761,-4.562412,-5.357719,0.082954,0.079669,4.788595,5.000000,71.978022,0.957719,3.000000,55.668814,66.276803,44.741840,0.000000,-0.416762,-0.511025,0.094263,15.229361,34.743785,23.402928,1.348699,0.725718,0.367304,0.692698,0.070947,6.237861,9.000000,109.200000,0.693096,4.000000,38.267788,12.820513,4.836356,1.000000,-0.755396,-0.338096,-0.417301,17.780202,20.567393,35.667814,-2.031952,-2.726165,-2.952933,0.209173,0.068477,6.058403,17.000000,56.689342,0.356377,3.000000,59.763543,87.529412,93.541657,1.000000,0.253249,-0.126980,0.380229,17.330355,35.679762,18.616596,1.724584,1.724349,1.925498,0.836412,0.052164,9.655172,12.000000,120.987654,0.804598,8.000000,8.672377,3.000000,248.805461,2.890792,1.000000,3.368203,0.000000,41.209564,0.000000,1.000000,8.900851,21.000000,145.995893,0.423850,1.000000,5.746313,7.000000,153.144654,0.820902,8.000000,3.898492,2.000000,100.315457,1.949246,1.000000,3.740854,5.000000,66.877637,0.748171,2.000000,5.925000,1.000000,85.559567,5.925000,3.000000,6.476502,6.000000,188.435374,1.079417,4.000000,3.559322,0.000000,39.463087,0.000000,4.000000,8.273182,7.000000,108.759124,1.181883,4.000000,8.233173,0.000000,72.949947,0.000000,4.000000,3.000000,10.000000,33.000000,-1.000000,,,,44.417802,17.994377,21.043376,-1.271115,-0.656141,-0.614974,15.504285,17.933534,25.859675,-3.636483,-3.011250,0.174269,0.107723,,0.000000,,32.636051,0.000000,54.498177,-0.037456,0.026062,-0.063518,19.971448,18.033013,37.218581,-2.032800,-2.303657,0.026038,0.042035,0.559298,0.652174,,248.805461,51.688312,1.812071,0.953599
2026-04-06T03:45:00Z,0.988972,no_impulse,0,AARTIIND,1h,-1.000000,108.469055,4.048632,0.000000,0.000000,-2.852495,-4.052806,-6.093372,3.877242,6.000000,73.095238,0.646207,3.000000,37.738365,7.834101,43.881208,0.000000,-0.726316,-0.682007,-0.044309,20.796694,21.218034,40.987783,-2.852495,-4.052806,-6.093372,0.028275,0.058792,5.037179,8.000000,105.527638,0.629647,4.000000,36.494542,7.380952,28.842227,1.000000,-0.842391,-0.673558,-0.168832,23.320889,18.232009,41.952454,-3.049815,-4.227392,-6.019455,0.052803,0.066180,5.012594,1.000000,51.688312,5.012594,3.000000,50.543823,75.391499,28.231858,1.000000,-1.036824,-0.779494,-0.257330,28.119522,29.116731,28.575698,0.537471,-0.605418,-2.066212,0.547262,0.114335,8.840413,18.000000,113.737075,0.491134,4.000000,34.468021,5.039370,8.919899,1.000000,-1.293225,-0.742523,-0.550702,30.210424,11.678031,36.257293,-3.209116,-4.480127,-5.992714,0.241526,0.120296,8.427736,13.000000,119.400353,0.648287,7.000000,68.563138,98.522895,96.761003,0.000000,0.583335,-0.173476,0.756811,18.664054,38.548293,18.246740,3.581855,3.383437,2.513944,0.875079,0.099044,6.593023,6.000000,144.274809,1.098837,4.000000,33.875872,6.349206,5.916402,0.000000,-1.010579,-0.614954,-0.395625,18.471250,20.803834,40.828175,-3.436761,-4.562412,-5.357719,0.082954,0.079669,4.788595,5.000000,71.978022,0.957719,3.000000,55.668814,66.276803,44.741840,0.000000,-0.416762,-0.511025,0.094263,15.229361,34.743785,23.402928,1.348699,0.725718,0.367304,0.692698,0.070947,6.237861,9.000000,109.200000,0.693096,4.000000,38.267788,12.820513,4.836356,1.000000,-0.755396,-0.338096,-0.417301,17.780202,20.567393,35.667814,-2.031952,-2.726165,-2.952933,0.209173,0.068477,6.058403,17.000000,56.689342,0.356377,3.000000,9.655172,12.000000,120.987654,0.804598,8.000000,8.672377,3.000000,248.805461,2.890792,1.000000,3.368203,0.000000,41.209564,0.000000,1.000000,8.900851,21.000000,145.995893,0.423850,1.000000,5.746313,7.000000,153.144654,0.820902,8.000000,3.898492,2.000000,100.315457,1.949246,1.000000,3.740854,5.000000,66.877637,0.748171,2.000000,5.925000,1.000000,85.559567,5.925000,3.000000,6.476502,6.000000,188.435374,1.079417,4.000000,3.559322,0.000000,39.463087,0.000000,4.000000,8.273182,7.000000,108.759124,1.181883,4.000000,3.000000,11.000000,33.000000,-1.000000,,,,44.417802,17.994377,21.043376,-1.271115,-0.656141,-0.614974,15.504285,17.933534,25.859675,-3.636483,-3.011250,0.174269,0.107723,,0.000000,,32.636051,0.000000,54.498177,-0.037456,0.026062,-0.063518,19.971448,18.033013,37.218581,-2.032800,-2.303657,0.026038,0.042035,0.627420,0.000000,,144.274809,51.688312,1.931002,0.583669
2026-04-08T04:45:00Z,1.071930,no_impulse,0,AARTIIND,1h,1.000000,198.798799,8.388241,15.000000,0.559216,4.203089,3.790182,1.749605,4.048632,0.000000,108.469055,0.000000,3.000000,37.738365,7.834101,43.881208,0.000000,-0.726316,-0.682007,-0.044309,20.796694,21.218034,40.987783,-2.852495,-4.052806,-6.093372,0.028275,0.058792,3.877242,6.000000,73.095238,0.646207,3.000000,37.738365,7.834101,43.881208,0.000000,-0.726316,-0.682007,-0.044309,20.796694,21.218034,40.987783,-2.852495,-4.052806,-6.093372,0.028275,0.058792,5.037179,8.000000,105.527638,0.629647,4.000000,36.494542,7.380952,28.842227,1.000000,-0.842391,-0.673558,-0.168832,23.320889,18.232009,41.952454,-3.049815,-4.227392,-6.019455,0.052803,0.066180,5.012594,1.000000,51.688312,5.012594,3.000000,50.543823,75.391499,28.231858,1.000000,-1.036824,-0.779494,-0.257330,28.119522,29.116731,28.575698,0.537471,-0.605418,-2.066212,0.547262,0.114335,8.840413,18.000000,113.737075,0.491134,4.000000,34.468021,5.039370,8.919899,1.000000,-1.293225,-0.742523,-0.550702,30.210424,11.678031,36.257293,-3.209116,-4.480127,-5.992714,0.241526,0.120296,8.427736,13.000000,119.400353,0.648287,7.000000,68.563138,98.522895,96.761003,0.000000,0.583335,-0.173476,0.756811,18.664054,38.548293,18.246740,3.581855,3.383437,2.513944,0.875079,0.099044,6.593023,6.000000,144.274809,1.098837,4.000000,33.875872,6.349206,5.916402,0.000000,-1.010579,-0.614954,-0.395625,18.471250,20.803834,40.828175,-3.436761,-4.562412,-5.357719,0.082954,0.079669,4.788595,5.000000,71.978022,0.957719,3.000000,55.668814,66.276803,44.741840,0.000000,-0.416762,-0.511025,0.094263,15.229361,34.743785,23.402928,1.348699,0.725718,0.367304,0.692698,0.070947,6.237861,9.000000,109.200000,0.693096,4.000000,6.058403,17.000000,56.689342,0.356377,3.000000,9.655172,12.000000,120.987654,0.804598,8.000000,8.672377,3.000000,248.805461,2.890792,1.000000,3.368203,0.000000,41.209564,0.000000,1.000000,8.900851,21.000000,145.995893,0.423850,1.000000,5.746313,7.000000,153.144654,0.820902,8.000000,3.898492,2.000000,100.315457,1.949246,1.000000,3.740854,5.000000,66.877637,0.748171,2.000000,5.925000,1.000000,85.559567,5.925000,3.000000,6.476502,6.000000,188.435374,1.079417,4.000000,3.559322,0.000000,39.463087,0.000000,4.000000,7.000000,12.000000,48.000000,-1.000000,,,,52.327986,73.170732,36.466573,-1.002597,-0.814664,-0.187933,14.654324,23.041910,22.497516,1.861732,2.316720,0.665559,0.114584,,5.000000,,84.304352,96.108949,95.832626,1.150735,0.579568,0.571168,29.964347,50.958095,9.068956,3.462267,4.409536,0.954492,0.078911,1.423626,1.807229,,144.274809,51.688312,1.697733,0.581805
2026-04-09T03:45:00Z,1.040226,no_impulse,0,AARTIIND,1h,-1.000000,38.217523,2.957681,6.000000,0.492947,0.685402,1.155482,-0.333653,8.388241,15.000000,198.798799,0.559216,7.000000,68.517013,93.934426,78.703370,1.000000,0.386851,-0.230143,0.616994,21.882366,40.997498,18.681700,4.203089,3.790182,1.749605,1.108428,0.072112,4.048632,0.000000,108.469055,0.000000,3.000000,37.738365,7.834101,43.881208,0.000000,-0.726316,-0.682007,-0.044309,20.796694,21.218034,40.987783,-2.852495,-4.052806,-6.093372,0.028275,0.058792,3.877242,6.000000,73.095238,0.646207,3.000000,37.738365,7.834101,43.881208,0.000000,-0.726316,-0.682007,-0.044309,20.796694,21.218034,40.987783,-2.852495,-4.052806,-6.093372,0.028275,0.058792,5.037179,8.000000,105.527638,0.629647,4.000000,36.494542,7.380952,28.842227,1.000000,-0.842391,-0.673558,-0.168832,23.320889,18.232009,41.952454,-3.049815,-4.227392,-6.019455,0.052803,0.066180,5.012594,1.000000,51.688312,5.012594,3.000000,50.543823,75.391499,28.231858,1.000000,-1.036824,-0.779494,-0.257330,28.119522,29.116731,28.575698,0.537471,-0.605418,-2.066212,0.547262,0.114335,8.840413,18.000000,113.737075,0.491134,4.000000,34.468021,5.039370,8.919899,1.000000,-1.293225,-0.742523,-0.550702,30.210424,11.678031,36.257293,-3.209116,-4.480127,-5.992714,0.241526,0.120296,8.427736,13.000000,119.400353,0.648287,7.000000,68.563138,98.522895,96.761003,0.000000,0.583335,-0.173476,0.756811,18.664054,38.548293,18.246740,3.581855,3.383437,2.513944,0.875079,0.099044,6.593023,6.000000,144.274809,1.098837,4.000000,33.875872,6.349206,5.916402,0.000000,-1.010579,-0.614954,-0.395625,18.471250,20.803834,40.828175,-3.436761,-4.562412,-5.357719,0.082954,0.079669,4.788595,5.000000,71.978022,0.957719,3.000000,6.237861,9.000000,109.200000,0.693096,4.000000,6.058403,17.000000,56.689342,0.356377,3.000000,9.655172,12.000000,120.987654,0.804598,8.000000,8.672377,3.000000,248.805461,2.890792,1.000000,3.368203,0.000000,41.209564,0.000000,1.000000,8.900851,21.000000,145.995893,0.423850,1.000000,5.746313,7.000000,153.144654,0.820902,8.000000,3.898492,2.000000,100.315457,1.949246,1.000000,3.740854,5.000000,66.877637,0.748171,2.000000,5.925000,1.000000,85.559567,5.925000,3.000000,6.476502,6.000000,188.435374,1.079417,4.000000,2.000000,1.000000,6.000000,-1.000000,,,,52.327986,73.170732,36.466573,-1.002597,-0.814664,-0.187933,14.654324,23.041910,22.497516,1.861732,2.316720,0.665559,0.114584,,1.000000,,65.264500,86.624204,55.429190,0.538228,0.739209,-0.200981,35.314530,20.731231,27.372704,0.523833,1.839627,1.057367,0.009448,0.482875,0.740741,,198.798799,51.688312,1.873814,0.863629
2026-04-10T03:45:00Z,1.082707,no_impulse,0,AARTIIND,1h,1.000000,133.992095,4.083845,7.000000,0.583406,2.410298,3.432619,2.631562,2.957681,6.000000,38.217523,0.492947,2.000000,55.301370,60.787992,74.320092,1.000000,1.001409,0.659182,0.342228,23.435825,28.951193,25.838835,0.685402,1.155482,-0.333653,0.570037,0.098539,8.388241,15.000000,198.798799,0.559216,7.000000,68.517013,93.934426,78.703370,1.000000,0.386851,-0.230143,0.616994,21.882366,40.997498,18.681700,4.203089,3.790182,1.749605,1.108428,0.072112,4.048632,0.000000,108.469055,0.000000,3.000000,37.738365,7.834101,43.881208,0.000000,-0.726316,-0.682007,-0.044309,20.796694,21.218034,40.987783,-2.852495,-4.052806,-6.093372,0.028275,0.058792,3.877242,6.000000,73.095238,0.646207,3.000000,37.738365,7.834101,43.881208,0.000000,-0.726316,-0.682007,-0.044309,20.796694,21.218034,40.987783,-2.852495,-4.052806,-6.093372,0.028275,0.058792,5.037179,8.000000,105.527638,0.629647,4.000000,36.494542,7.380952,28.842227,1.000000,-0.842391,-0.673558,-0.168832,23.320889,18.232009,41.952454,-3.049815,-4.227392,-6.019455,0.052803,0.066180,5.012594,1.000000,51.688312,5.012594,3.000000,50.543823,75.391499,28.231858,1.000000,-1.036824,-0.779494,-0.257330,28.119522,29.116731,28.575698,0.537471,-0.605418,-2.066212,0.547262,0.114335,8.840413,18.000000,113.737075,0.491134,4.000000,34.468021,5.039370,8.919899,1.000000,-1.293225,-0.742523,-0.550702,30.210424,11.678031,36.257293,-3.209116,-4.480127,-5.992714,0.241526,0.120296,8.427736,13.000000,119.400353,0.648287,7.000000,68.563138,98.522895,96.761003,0.000000,0.583335,-0.173476,0.756811,18.664054,38.548293,18.246740,3.581855,3.383437,2.513944,0.875079,0.099044,6.593023,6.000000,144.274809,1.098837,4.000000,4.788595,5.000000,71.978022,0.957719,3.000000,6.237861,9.000000,109.200000,0.693096,4.000000,6.058403,17.000000,56.689342,0.356377,3.000000,9.655172,12.000000,120.987654,0.804598,8.000000,8.672377,3.000000,248.805461,2.890792,1.000000,3.368203,0.000000,41.209564,0.000000,1.000000,8.900851,21.000000,145.995893,0.423850,1.000000,5.746313,7.000000,153.144654,0.820902,8.000000,3.898492,2.000000,100.315457,1.949246,1.000000,3.740854,5.000000,66.877637,0.748171,2.000000,5.925000,1.000000,85.559567,5.925000,3.000000,1.000000,2.000000,13.000000,-1.000000,,,,52.327986,73.170732,36.466573,-1.002597,-0.814664,-0.187933,14.654324,23.041910,22.497516,1.861732,2.316720,0.665559,0.114584,,5.000000,,57.927953,87.027027,46.175676,0.047241,0.130812,-0.083571,19.067556,24.306332,21.255262,0.732539,1.322283,0.801327,0.024490,0.704459,0.897436,,198.798799,38.217523,2.122494,1.105374
2026-04-13T03:45:00Z,1.027569,no_impulse,0,AARTIIND,1h,-1.000000,129.793510,5.092593,7.000000,0.727513,0.374519,1.516915,1.206141,4.083845,7.000000,133.992095,0.583406,1.000000,63.674671,90.855457,71.498738,1.000000,1.088744,1.004536,0.084208,18.035049,31.314298,21.857870,2.410298,3.432619,2.631562,0.775041,0.089798,2.957681,6.000000,38.217523,0.492947,2.000000,55.301370,60.787992,74.320092,1.000000,1.001409,0.659182,0.342228,23.435825,28.951193,25.838835,0.685402,1.155482,-0.333653,0.570037,0.098539,8.388241,15.000000,198.798799,0.559216,7.000000,68.517013,93.934426,78.703370,1.000000,0.386851,-0.230143,0.616994,21.882366,40.997498,18.681700,4.203089,3.790182,1.749605,1.108428,0.072112,4.048632,0.000000,108.469055,0.000000,3.000000,37.738365,7.834101,43.881208,0.000000,-0.726316,-0.682007,-0.044309,20.796694,21.218034,40.987783,-2.852495,-4.052806,-6.093372,0.028275,0.058792,3.877242,6.000000,73.095238,0.646207,3.000000,37.738365,7.834101,43.881208,0.000000,-0.726316,-0.682007,-0.044309,20.796694,21.218034,40.987783,-2.852495,-4.052806,-6.093372,0.028275,0.058792,5.037179,8.000000,105.527638,0.629647,4.000000,36.494542,7.380952,28.842227,1.000000,-0.842391,-0.673558,-0.168832,23.320889,18.232009,41.952454,-3.049815,-4.227392,-6.019455,0.052803,0.066180,5.012594,1.000000,51.688312,5.012594,3.000000,50.543823,75.391499,28.231858,1.000000,-1.036824,-0.779494,-0.257330,28.119522,29.116731,28.575698,0.537471,-0.605418,-2.066212,0.547262,0.114335,8.840413,18.000000,113.737075,0.491134,4.000000,34.468021,5.039370,8.919899,1.000000,-1.293225,-0.742523,-0.550702,30.210424,11.678031,36.257293,-3.209116,-4.480127,-5.992714,0.241526,0.120296,8.427736,13.000000,119.400353,0.648287,7.000000,6.593023,6.000000,144.274809,1.098837,4.000000,4.788595,5.000000,71.978022,0.957719,3.000000,6.237861,9.000000,109.200000,0.693096,4.000000,6.058403,17.000000,56.689342,0.356377,3.000000,9.655172,12.000000,120.987654,0.804598,8.000000,8.672377,3.000000,248.805461,2.890792,1.000000,3.368203,0.000000,41.209564,0.000000,1.000000,8.900851,21.000000,145.995893,0.423850,1.000000,5.746313,7.000000,153.144654,0.820902,8.000000,3.898492,2.000000,100.315457,1.949246,1.000000,3.740854,5.000000,66.877637,0.748171,2.000000,8.000000,1.000000,20.000000,-1.000000,,,,52.327986,73.170732,36.466573,-1.002597,-0.814664,-0.187933,14.654324,23.041910,22.497516,1.861732,2.316720,0.665559,0.114584,,1.000000,,21.391586,18.271605,20.405463,-0.385076,-0.084352,-0.300724,26.375680,8.684337,51.197983,-2.689862,-2.606724,-0.238470,0.035471,0.889278,0.875000,,198.798799,38.217523,2.170851,1.190288
2026-04-13T07:45:00Z,1.083835,no_impulse,0,AARTIIND,1h,1.000000,102.045455,5.475610,4.000000,1.368902,0.987003,2.152079,2.098375,5.092593,7.000000,129.793510,0.727513,8.000000,55.009428,67.045455,57.550058,0.000000,0.791017,0.971530,-0.180513,15.903789,18.913356,37.041021,0.374519,1.516915,1.206141,0.624785,0.030126,4.083845,7.000000,133.992095,0.583406,1.000000,63.674671,90.855457,71.498738,1.000000,1.088744,1.004536,0.084208,18.035049,31.314298,21.857870,2.410298,3.432619,2.631562,0.775041,0.089798,2.957681,6.000000,38.217523,0.492947,2.000000,55.301370,60.787992,74.320092,1.000000,1.001409,0.659182,0.342228,23.435825,28.951193,25.838835,0.685402,1.155482,-0.333653,0.570037,0.098539,8.388241,15.000000,198.798799,0.559216,7.000000,68.517013,93.934426,78.703370,1.000000,0.386851,-0.230143,0.616994,21.882366,40.997498,18.681700,4.203089,3.790182,1.749605,1.108428,0.072112,4.048632,0.000000,108.469055,0.000000,3.000000,37.738365,7.834101,43.881208,0.000000,-0.726316,-0.682007,-0.044309,20.796694,21.218034,40.987783,-2.852495,-4.052806,-6.093372,0.028275,0.058792,3.877242,6.000000,73.095238,0.646207,3.000000,37.738365,7.834101,43.881208,0.000000,-0.726316,-0.682007,-0.044309,20.796694,21.218034,40.987783,-2.852495,-4.052806,-6.093372,0.028275,0.058792,5.037179,8.000000,105.527638,0.629647,4.000000,36.494542,7.380952,28.842227,1.000000,-0.842391,-0.673558,-0.168832,23.320889,18.232009,41.952454,-3.049815,-4.227392,-6.019455,0.052803,0.066180,5.012594,1.000000,51.688312,5.012594,3.000000,50.543823,75.391499,28.231858,1.000000,-1.036824,-0.779494,-0.257330,28.119522,29.116731,28.575698,0.537471,-0.605418,-2.066212,0.547262,0.114335,8.840413,18.000000,113.737075,0.491134,4.000000,8.427736,13.000000,119.400353,0.648287,7.000000,6.593023,6.000000,144.274809,1.098837,4.000000,4.788595,5.000000,71.978022,0.957719,3.000000,6.237861,9.000000,109.200000,0.693096,4.000000,6.058403,17.000000,56.689342,0.356377,3.000000,9.655172,12.000000,120.987654,0.804598,8.000000,8.672377,3.000000,248.805461,2.890792,1.000000,3.368203,0.000000,41.209564,0.000000,1.000000,8.900851,21.000000,145.995893,0.423850,1.000000,5.746313,7.000000,153.144654,0.820902,8.000000,3.898492,2.000000,100.315457,1.949246,1.000000,1.000000,1.000000,4.000000,-1.000000,,,,52.327986,73.170732,36.466573,-1.002597,-0.814664,-0.187933,14.654324,23.041910,22.497516,1.861732,2.316720,0.665559,0.114584,,4.000000,,58.618761,80.859375,81.517787,0.215410,0.123000,0.092410,15.657469,31.797240,26.344597,0.714239,1.014788,0.671439,0.041961,0.981888,0.493827,,198.798799,38.217523,2.156120,0.743780
