timestamp,price,label,direction,symbol,timeframe,curr_direction,curr_retrace_pct,curr_leg_size_pct,curr_leg_duration,curr_leg_speed,curr_ema20_dist,curr_ema50_dist,curr_ema200_dist,p1_leg_size_pct,p1_leg_duration,p1_retrace_pct,p1_leg_speed,p1_trend_state,p1_rsi,p1_stoch_k,p1_stoch_d,p1_stoch_cross,p1_macd_line,p1_macd_signal,p1_macd_hist,p1_adx,p1_plus_di,p1_minus_di,p1_ema20_dist,p1_ema50_dist,p1_ema200_dist,p1_bb_position,p1_bb_bandwidth,p2_leg_size_pct,p2_leg_duration,p2_retrace_pct,p2_leg_speed,p2_trend_state,p2_rsi,p2_stoch_k,p2_stoch_d,p2_stoch_cross,p2_macd_line,p2_macd_signal,p2_macd_hist,p2_adx,p2_plus_di,p2_minus_di,p2_ema20_dist,p2_ema50_dist,p2_ema200_dist,p2_bb_position,p2_bb_bandwidth,p3_leg_size_pct,p3_leg_duration,p3_retrace_pct,p3_leg_speed,p3_trend_state,p3_rsi,p3_stoch_k,p3_stoch_d,p3_stoch_cross,p3_macd_line,p3_macd_signal,p3_macd_hist,p3_adx,p3_plus_di,p3_minus_di,p3_ema20_dist,p3_ema50_dist,p3_ema200_dist,p3_bb_position,p3_bb_bandwidth,p4_leg_size_pct,p4_leg_duration,p4_retrace_pct,p4_leg_speed,p4_trend_state,p4_rsi,p4_stoch_k,p4_stoch_d,p4_stoch_cross,p4_macd_line,p4_macd_signal,p4_macd_hist,p4_adx,p4_plus_di,p4_minus_di,p4_ema20_dist,p4_ema50_dist,p4_ema200_dist,p4_bb_position,p4_bb_bandwidth,p5_leg_size_pct,p5_leg_duration,p5_retrace_pct,p5_leg_speed,p5_trend_state,p5_rsi,p5_stoch_k,p5_stoch_d,p5_stoch_cross,p5_macd_line,p5_macd_signal,p5_macd_hist,p5_adx,p5_plus_di,p5_minus_di,p5_ema20_dist,p5_ema50_dist,p5_ema200_dist,p5_bb_position,p5_bb_bandwidth,p6_leg_size_pct,p6_leg_duration,p6_retrace_pct,p6_leg_speed,p6_trend_state,p6_rsi,p6_stoch_k,p6_stoch_d,p6_stoch_cross,p6_macd_line,p6_macd_signal,p6_macd_hist,p6_adx,p6_plus_di,p6_minus_di,p6_ema20_dist,p6_ema50_dist,p6_ema200_dist,p6_bb_position,p6_bb_bandwidth,p7_leg_size_pct,p7_leg_duration,p7_retrace_pct,p7_leg_speed,p7_trend_state,p7_rsi,p7_stoch_k,p7_stoch_d,p7_stoch_cross,p7_macd_line,p7_macd_signal,p7_macd_hist,p7_adx,p7_plus_di,p7_minus_di,p7_ema20_dist,p7_ema50_dist,p7_ema200_dist,p7_bb_position,p7_bb_bandwidth,p8_leg_size_pct,p8_leg_duration,p8_retrace_pct,p8_leg_speed,p8_trend_state,p8_rsi,p8_stoch_k,p8_stoch_d,p8_stoch_cross,p8_macd_line,p8_macd_signal,p8_macd_hist,p8_adx,p8_plus_di,p8_minus_di,p8_ema20_dist,p8_ema50_dist,p8_ema200_dist,p8_bb_position,p8_bb_bandwidth,p9_leg_size_pct,p9_leg_duration,p9_retrace_pct,p9_leg_speed,p9_trend_state,p10_leg_size_pct,p10_leg_duration,p10_retrace_pct,p10_leg_speed,p10_trend_state,p11_leg_size_pct,p11_leg_duration,p11_retrace_pct,p11_leg_speed,p11_trend_state,p12_leg_size_pct,p12_leg_duration,p12_retrace_pct,p12_leg_speed,p12_trend_state,p13_leg_size_pct,p13_leg_duration,p13_retrace_pct,p13_leg_speed,p13_trend_state,p14_leg_size_pct,p14_leg_duration,p14_retrace_pct,p14_leg_speed,p14_trend_state,p15_leg_size_pct,p15_leg_duration,p15_retrace_pct,p15_leg_speed,p15_trend_state,p16_leg_size_pct,p16_leg_duration,p16_retrace_pct,p16_leg_speed,p16_trend_state,p17_leg_size_pct,p17_leg_duration,p17_retrace_pct,p17_leg_speed,p17_trend_state,p18_leg_size_pct,p18_leg_duration,p18_retrace_pct,p18_leg_speed,p18_trend_state,p19_leg_size_pct,p19_leg_duration,p19_retrace_pct,p19_leg_speed,p19_trend_state,p20_leg_size_pct,p20_leg_duration,p20_retrace_pct,p20_leg_speed,p20_trend_state,mkt_trend_state,mkt_trend_streak,mkt_bars_since_reversal,mkt_last_break_type,htf_trend_state,htf_retrace_pct,htf_pivot_dist_pct,htf_rsi,htf_stoch_k,htf_stoch_d,htf_macd_line,htf_macd_signal,htf_macd_hist,htf_adx,htf_plus_di,htf_minus_di,htf_ema20_dist,htf_ema50_dist,htf_bb_position,htf_bb_bandwidth,ltf_trend_state,ltf_zigzag_count,ltf_trend_reversal_flag,ltf_rsi,ltf_stoch_k,ltf_stoch_d,ltf_macd_line,ltf_macd_signal,ltf_macd_hist,ltf_adx,ltf_plus_di,ltf_minus_di,ltf_ema20_dist,ltf_ema50_dist,ltf_bb_position,ltf_bb_bandwidth,leg_size_vs_avg,leg_duration_vs_avg,bars_since_large_leg,max_retrace_last10,min_retrace_last10,leg_size_stddev,legs_contracting
2025-09-12T03:45:00Z,1.000000,no_impulse,0,ABBOTINDIA,1h,-1.000000,,0.000000,0.000000,0.000000,0.146471,-0.660479,-3.466620,,,,,,,,,,,,,,,,,,,,,,,,,,,,,,,,,,,,,,,,,,,,,,,,,,,,,,,,,,,,,,,,,,,,,,,,,,,,,,,,,,,,,,,,,,,,,,,,,,,,,,,,,,,,,,,,,,,,,,,,,,,,,,,,,,,,,,,,,,,,,,,,,,,,,,,,,,,,,,,,,,,,,,,,,,,,,,,,,,,,,,,,,,,,,,,,,,,,,,,,,,,,,,,,,,,,,,,,,,,,,0.000000,1.000000,,-1.000000,,,,39.375985,19.686801,23.148833,-1.822052,-1.608192,-0.213861,31.603252,10.807992,22.798368,-2.711860,-4.465437,0.220870,0.094589,,0.000000,,50.843855,70.886076,38.056553,-0.124230,-0.090850,-0.033380,14.419260,23.473662,19.800610,0.086940,-0.015561,0.597972,0.008882,0.000000,0.000000,,,,0.000000,
2025-09-15T05:45:00Z,1.018984,no_impulse,0,ABBOTINDIA,1h,1.000000,,1.898426,9.000000,0.210936,0.724365,0.192316,-2.528418,0.000000,0.000000,,0.000000,0.000000,49.811640,61.235955,48.527354,0.000000,-0.248962,-0.341433,0.092471,11.671291,22.428874,20.385051,0.146471,-0.660479,-3.466620,0.555909,0.026236,,,,,,,,,,,,,,,,,,,,,,,,,,,,,,,,,,,,,,,,,,,,,,,,,,,,,,,,,,,,,,,,,,,,,,,,,,,,,,,,,,,,,,,,,,,,,,,,,,,,,,,,,,,,,,,,,,,,,,,,,,,,,,,,,,,,,,,,,,,,,,,,,,,,,,,,,,,,,,,,,,,,,,,,,,,,,,,,,,,,,,,,,,,,,,,,,,,,,,,,,0.000000,2.000000,,-1.000000,,,,38.839528,16.554810,18.568233,-1.833722,-1.656211,-0.177510,31.440531,11.783832,21.562775,-2.664040,-4.517621,0.210257,0.089559,,0.000000,,67.352748,95.348837,91.085271,0.200145,0.088708,0.111437,27.592353,28.372072,7.800140,0.533683,0.655751,0.818099,0.016867,1.000000,1.000000,,,,0.000000,
2025-09-16T08:45:00Z,0.996593,no_impulse,0,ABBOTINDIA,1h,-1.000000,117.948718,2.197452,10.000000,0.219745,-0.375331,-0.793007,-3.455633,1.898426,9.000000,,0.210936,0.000000,57.020548,89.743590,78.376584,0.000000,-0.029294,-0.171934,0.142640,10.803643,26.924851,16.005575,0.724365,0.192316,-2.528418,0.941613,0.016522,0.000000,0.000000,,0.000000,0.000000,49.811640,61.235955,48.527354,0.000000,-0.248962,-0.341433,0.092471,11.671291,22.428874,20.385051,0.146471,-0.660479,-3.466620,0.555909,0.026236,,,,,,,,,,,,,,,,,,,,,,,,,,,,,,,,,,,,,,,,,,,,,,,,,,,,,,,,,,,,,,,,,,,,,,,,,,,,,,,,,,,,,,,,,,,,,,,,,,,,,,,,,,,,,,,,,,,,,,,,,,,,,,,,,,,,,,,,,,,,,,,,,,,,,,,,,,,,,,,,,,,,,,,,,,,,,,,,,,,,,4.000000,1.000000,,-1.000000,,,,39.637573,19.239374,17.747949,-1.763373,-1.700206,-0.063167,31.429624,10.717121,20.510538,-2.006823,-3.978460,0.259852,0.081922,,0.000000,,51.800299,64.864865,75.390024,0.047704,0.022418,0.025286,20.100120,19.017833,13.373492,0.043053,0.062409,0.567088,0.006420,2.315025,2.222222,,,,1.342390,
2025-09-18T03:45:00Z,1.017524,no_impulse,0,ABBOTINDIA,1h,1.000000,93.478261,2.100293,9.000000,0.233366,0.198111,-0.124271,-2.653463,2.197452,10.000000,117.948718,0.219745,4.000000,44.828776,36.231884,49.647916,1.000000,-0.071373,-0.084294,0.012921,12.110617,23.539867,30.969663,-0.375331,-0.793007,-3.455633,0.273194,0.016487,1.898426,9.000000,,0.210936,0.000000,57.020548,89.743590,78.376584,0.000000,-0.029294,-0.171934,0.142640,10.803643,26.924851,16.005575,0.724365,0.192316,-2.528418,0.941613,0.016522,0.000000,0.000000,,0.000000,0.000000,49.811640,61.235955,48.527354,0.000000,-0.248962,-0.341433,0.092471,11.671291,22.428874,20.385051,0.146471,-0.660479,-3.466620,0.555909,0.026236,,,,,,,,,,,,,,,,,,,,,,,,,,,,,,,,,,,,,,,,,,,,,,,,,,,,,,,,,,,,,,,,,,,,,,,,,,,,,,,,,,,,,,,,,,,,,,,,,,,,,,,,,,,,,,,,,,,,,,,,,,,,,,,,,,,,,,,,,,,,,,,,,,,,,,,,,,,,,,,,,3.000000,2.000000,,-1.000000,,,,38.891131,15.659955,17.449664,-1.731780,-1.710043,-0.021737,31.019764,11.507386,19.464573,-2.054717,-4.081169,0.243836,0.078596,,0.000000,,62.232363,91.089109,44.974908,-0.087703,-0.082767,-0.004937,29.408862,26.436579,19.682853,0.698596,0.616963,0.992210,0.014293,1.538346,1.421053,,117.948718,117.948718,1.191794,
2025-09-19T08:45:00Z,0.980367,no_impulse,0,ABBOTINDIA,1h,-1.000000,177.519380,3.651730,12.000000,0.304311,-1.359849,-1.814400,-4.351442,2.100293,9.000000,93.478261,0.233366,3.000000,51.850562,63.565891,42.826057,1.000000,-0.070419,-0.060289,-0.010131,9.944763,26.418762,24.225628,0.198111,-0.124271,-2.653463,0.613819,0.017440,2.197452,10.000000,117.948718,0.219745,4.000000,44.828776,36.231884,49.647916,1.000000,-0.071373,-0.084294,0.012921,12.110617,23.539867,30.969663,-0.375331,-0.793007,-3.455633,0.273194,0.016487,1.898426,9.000000,,0.210936,0.000000,57.020548,89.743590,78.376584,0.000000,-0.029294,-0.171934,0.142640,10.803643,26.924851,16.005575,0.724365,0.192316,-2.528418,0.941613,0.016522,0.000000,0.000000,,0.000000,0.000000,49.811640,61.235955,48.527354,0.000000,-0.248962,-0.341433,0.092471,11.671291,22.428874,20.385051,0.146471,-0.660479,-3.466620,0.555909,0.026236,,,,,,,,,,,,,,,,,,,,,,,,,,,,,,,,,,,,,,,,,,,,,,,,,,,,,,,,,,,,,,,,,,,,,,,,,,,,,,,,,,,,,,,,,,,,,,,,,,,,,,,,,,,,,,,,,,,,,,,,,,,,,,,,,,,,,,,,,,,,,4.000000,3.000000,,-1.000000,,,,34.323093,8.884688,14.594672,-1.850748,-1.761837,-0.088911,31.681825,10.474196,24.608548,-3.455473,-5.650080,0.068570,0.077418,,0.000000,,28.039037,0.000000,5.803975,-0.180450,-0.160046,-0.020404,22.656854,15.311946,27.205761,-0.410458,-0.685984,0.040247,0.008891,2.357411,1.714286,,117.948718,93.478261,1.040178,
2025-09-19T08:45:00Z,1.000649,no_impulse,0,ABBOTINDIA,1h,1.000000,54.585153,2.068851,0.000000,0.000000,-1.359849,-1.814400,-4.351442,3.651730,12.000000,177.519380,0.304311,4.000000,32.587787,25.327511,10.390490,0.000000,-0.308884,-0.174680,-0.134204,11.306069,17.665972,40.870508,-1.359849,-1.814400,-4.351442,-0.117799,0.021716,2.100293,9.000000,93.478261,0.233366,3.000000,51.850562,63.565891,42.826057,1.000000,-0.070419,-0.060289,-0.010131,9.944763,26.418762,24.225628,0.198111,-0.124271,-2.653463,0.613819,0.017440,2.197452,10.000000,117.948718,0.219745,4.000000,44.828776,36.231884,49.647916,1.000000,-0.071373,-0.084294,0.012921,12.110617,23.539867,30.969663,-0.375331,-0.793007,-3.455633,0.273194,0.016487,1.898426,9.000000,,0.210936,0.000000,57.020548,89.743590,78.376584,0.000000,-0.029294,-0.171934,0.142640,10.803643,26.924851,16.005575,0.724365,0.192316,-2.528418,0.941613,0.016522,0.000000,0.000000,,0.000000,0.000000,49.811640,61.235955,48.527354,0.000000,-0.248962,-0.341433,0.092471,11.671291,22.428874,20.385051,0.146471,-0.660479,-3.466620,0.555909,0.026236,,,,,,,,,,,,,,,,,,,,,,,,,,,,,,,,,,,,,,,,,,,,,,,,,,,,,,,,,,,,,,,,,,,,,,,,,,,,,,,,,,,,,,,,,,,,,,,,,,,,,,,,,,,,,,,,,,,,,,,,,4.000000,4.000000,,-1.000000,,,,34.323093,8.884688,14.594672,-1.850748,-1.761837,-0.088911,31.681825,10.474196,24.608548,-3.455473,-5.650080,0.068570,0.077418,,0.000000,,28.039037,0.000000,5.803975,-0.180450,-0.160046,-0.020404,22.656854,15.311946,27.205761,-0.410458,-0.685984,0.040247,0.008891,1.050402,0.000000,,177.519380,93.478261,1.302205,
2025-09-25T03:45:00Z,0.975174,no_impulse,0,ABBOTINDIA,1h,-1.000000,125.600000,2.545808,23.000000,0.110687,-0.775288,-1.680730,-4.759848,2.068851,0.000000,54.585153,0.000000,4.000000,32.587787,25.327511,10.390490,0.000000,-0.308884,-0.174680,-0.134204,11.306069,17.665972,40.870508,-1.359849,-1.814400,-4.351442,-0.117799,0.021716,3.651730,12.000000,177.519380,0.304311,4.000000,32.587787,25.327511,10.390490,0.000000,-0.308884,-0.174680,-0.134204,11.306069,17.665972,40.870508,-1.359849,-1.814400,-4.351442,-0.117799,0.021716,2.100293,9.000000,93.478261,0.233366,3.000000,51.850562,63.565891,42.826057,1.000000,-0.070419,-0.060289,-0.010131,9.944763,26.418762,24.225628,0.198111,-0.124271,-2.653463,0.613819,0.017440,2.197452,10.000000,117.948718,0.219745,4.000000,44.828776,36.231884,49.647916,1.000000,-0.071373,-0.084294,0.012921,12.110617,23.539867,30.969663,-0.375331,-0.793007,-3.455633,0.273194,0.016487,1.898426,9.000000,,0.210936,0.000000,57.020548,89.743590,78.376584,0.000000,-0.029294,-0.171934,0.142640,10.803643,26.924851,16.005575,0.724365,0.192316,-2.528418,0.941613,0.016522,0.000000,0.000000,,0.000000,0.000000,49.811640,61.235955,48.527354,0.000000,-0.248962,-0.341433,0.092471,11.671291,22.428874,20.385051,0.146471,-0.660479,-3.466620,0.555909,0.026236,,,,,,,,,,,,,,,,,,,,,,,,,,,,,,,,,,,,,,,,,,,,,,,,,,,,,,,,,,,,,,,,,,,,,,,,,,,,,,,,,,,,,,,,,,,,,,,,,,,,,4.000000,5.000000,,-1.000000,,,,33.204644,10.493827,6.592363,-2.009394,-1.906358,-0.103036,34.012457,8.975378,21.669633,-2.713551,-5.325034,0.219454,0.094169,,0.000000,,41.562915,18.181818,25.252525,-0.122724,-0.098879,-0.023845,16.141587,19.918866,15.852073,-0.215341,-0.453447,0.341514,0.013558,1.281796,3.450000,,177.519380,54.585153,1.165432,1.909450
2025-09-25T05:45:00Z,0.989940,no_impulse,0,ABBOTINDIA,1h,1.000000,57.961783,1.514143,2.000000,0.757072,0.321264,-0.468813,-3.483718,2.545808,23.000000,125.600000,0.110687,4.000000,34.876551,7.228916,19.298527,1.000000,-0.466512,-0.489692,0.023180,23.078569,17.262390,23.100867,-0.775288,-1.680730,-4.759848,0.080956,0.018359,2.068851,0.000000,54.585153,0.000000,4.000000,32.587787,25.327511,10.390490,0.000000,-0.308884,-0.174680,-0.134204,11.306069,17.665972,40.870508,-1.359849,-1.814400,-4.351442,-0.117799,0.021716,3.651730,12.000000,177.519380,0.304311,4.000000,32.587787,25.327511,10.390490,0.000000,-0.308884,-0.174680,-0.134204,11.306069,17.665972,40.870508,-1.359849,-1.814400,-4.351442,-0.117799,0.021716,2.100293,9.000000,93.478261,0.233366,3.000000,51.850562,63.565891,42.826057,1.000000,-0.070419,-0.060289,-0.010131,9.944763,26.418762,24.225628,0.198111,-0.124271,-2.653463,0.613819,0.017440,2.197452,10.000000,117.948718,0.219745,4.000000,44.828776,36.231884,49.647916,1.000000,-0.071373,-0.084294,0.012921,12.110617,23.539867,30.969663,-0.375331,-0.793007,-3.455633,0.273194,0.016487,1.898426,9.000000,,0.210936,0.000000,57.020548,89.743590,78.376584,0.000000,-0.029294,-0.171934,0.142640,10.803643,26.924851,16.005575,0.724365,0.192316,-2.528418,0.941613,0.016522,0.000000,0.000000,,0.000000,0.000000,49.811640,61.235955,48.527354,0.000000,-0.248962,-0.341433,0.092471,11.671291,22.428874,20.385051,0.146471,-0.660479,-3.466620,0.555909,0.026236,,,,,,,,,,,,,,,,,,,,,,,,,,,,,,,,,,,,,,,,,,,,,,,,,,,,,,,,,,,,,,,,,,,,,,,,,,,,,,,,,3.000000,6.000000,,-1.000000,,,,33.204644,10.493827,6.592363,-2.009394,-1.906358,-0.103036,34.012457,8.975378,21.669633,-2.713551,-5.325034,0.219454,0.094169,,0.000000,,68.698194,98.876404,96.942290,0.092343,-0.037087,0.129429,19.565826,31.420813,12.470333,0.754277,0.675135,1.017551,0.014685,0.732858,0.222222,,177.519380,54.585153,1.084716,1.334113
2025-09-26T03:45:00Z,0.945968,no_impulse,0,ABBOTINDIA,1h,-1.000000,297.802198,4.441895,5.000000,0.888379,-2.005461,-2.893564,-6.076814,1.514143,2.000000,57.961783,0.757072,3.000000,51.759482,83.516484,58.762523,1.000000,-0.309328,-0.432806,0.123478,20.382444,21.379726,19.055427,0.321264,-0.468813,-3.483718,0.744879,0.013162,2.545808,23.000000,125.600000,0.110687,4.000000,34.876551,7.228916,19.298527,1.000000,-0.466512,-0.489692,0.023180,23.078569,17.262390,23.100867,-0.775288,-1.680730,-4.759848,0.080956,0.018359,2.068851,0.000000,54.585153,0.000000,4.000000,32.587787,25.327511,10.390490,0.000000,-0.308884,-0.174680,-0.134204,11.306069,17.665972,40.870508,-1.359849,-1.814400,-4.351442,-0.117799,0.021716,3.651730,12.000000,177.519380,0.304311,4.000000,32.587787,25.327511,10.390490,0.000000,-0.308884,-0.174680,-0.134204,11.306069,17.665972,40.870508,-1.359849,-1.814400,-4.351442,-0.117799,0.021716,2.100293,9.000000,93.478261,0.233366,3.000000,51.850562,63.565891,42.826057,1.000000,-0.070419,-0.060289,-0.010131,9.944763,26.418762,24.225628,0.198111,-0.124271,-2.653463,0.613819,0.017440,2.197452,10.000000,117.948718,0.219745,4.000000,44.828776,36.231884,49.647916,1.000000,-0.071373,-0.084294,0.012921,12.110617,23.539867,30.969663,-0.375331,-0.793007,-3.455633,0.273194,0.016487,1.898426,9.000000,,0.210936,0.000000,57.020548,89.743590,78.376584,0.000000,-0.029294,-0.171934,0.142640,10.803643,26.924851,16.005575,0.724365,0.192316,-2.528418,0.941613,0.016522,0.000000,0.000000,,0.000000,0.000000,49.811640,61.235955,48.527354,0.000000,-0.248962,-0.341433,0.092471,11.671291,22.428874,20.385051,0.146471,-0.660479,-3.466620,0.555909,0.026236,,,,,,,,,,,,,,,,,,,,,,,,,,,,,,,,,,,,,,,,,,,,,,,,,,,,,,,,,,,,,4.000000,7.000000,,-1.000000,,,,29.140043,25.159915,13.409635,-2.132544,-1.974928,-0.157615,35.590177,7.926577,28.185830,-3.876898,-6.664412,0.130349,0.100966,,0.000000,,25.776336,10.000000,24.650066,-0.293346,-0.125809,-0.167537,24.698046,17.734090,42.625558,-2.039033,-2.315467,-0.172393,0.029719,2.224186,0.615385,,177.519380,54.585153,1.023036,0.770969
2025-09-26T06:45:00Z,0.982638,no_impulse,0,ABBOTINDIA,1h,1.000000,83.394834,3.876501,3.000000,1.292167,0.091082,-0.831500,-4.027290,4.441895,5.000000,297.802198,0.888379,4.000000,30.055215,34.686347,32.395449,0.000000,-0.463763,-0.394975,-0.068788,20.439168,15.544529,42.084184,-2.005461,-2.893564,-6.076814,-0.385151,0.022211,1.514143,2.000000,57.961783,0.757072,3.000000,51.759482,83.516484,58.762523,1.000000,-0.309328,-0.432806,0.123478,20.382444,21.379726,19.055427,0.321264,-0.468813,-3.483718,0.744879,0.013162,2.545808,23.000000,125.600000,0.110687,4.000000,34.876551,7.228916,19.298527,1.000000,-0.466512,-0.489692,0.023180,23.078569,17.262390,23.100867,-0.775288,-1.680730,-4.759848,0.080956,0.018359,2.068851,0.000000,54.585153,0.000000,4.000000,32.587787,25.327511,10.390490,0.000000,-0.308884,-0.174680,-0.134204,11.306069,17.665972,40.870508,-1.359849,-1.814400,-4.351442,-0.117799,0.021716,3.651730,12.000000,177.519380,0.304311,4.000000,32.587787,25.327511,10.390490,0.000000,-0.308884,-0.174680,-0.134204,11.306069,17.665972,40.870508,-1.359849,-1.814400,-4.351442,-0.117799,0.021716,2.100293,9.000000,93.478261,0.233366,3.000000,51.850562,63.565891,42.826057,1.000000,-0.070419,-0.060289,-0.010131,9.944763,26.418762,24.225628,0.198111,-0.124271,-2.653463,0.613819,0.017440,2.197452,10.000000,117.948718,0.219745,4.000000,44.828776,36.231884,49.647916,1.000000,-0.071373,-0.084294,0.012921,12.110617,23.539867,30.969663,-0.375331,-0.793007,-3.455633,0.273194,0.016487,1.898426,9.000000,,0.210936,0.000000,57.020548,89.743590,78.376584,0.000000,-0.029294,-0.171934,0.142640,10.803643,26.924851,16.005575,0.724365,0.192316,-2.528418,0.941613,0.016522,0.000000,0.000000,,0.000000,0.000000,,,,,,,,,,,,,,,,,,,,,,,,,,,,,,,,,,,,,,,,,,,,,,,,,,,,,,,,3.000000,8.000000,,-1.000000,,,,29.140043,25.159915,13.409635,-2.132544,-1.974928,-0.157615,35.590177,7.926577,28.185830,-3.876898,-6.664412,0.130349,0.100966,,0.000000,,54.789608,72.177419,56.586022,-0.323626,-0.422356,0.098730,29.733234,26.025431,25.107043,0.572408,0.016010,0.680561,0.031884,1.708663,0.385714,,297.802198,54.585153,1.256939,1.087071
2025-09-30T08:45:00Z,0.943047,no_impulse,0,ABBOTINDIA,1h,-1.000000,107.964602,4.029062,16.000000,0.251816,-1.373864,-2.741886,-6.563201,3.876501,3.000000,83.394834,1.292167,3.000000,48.796778,74.538745,54.243542,0.000000,-0.491690,-0.456080,-0.035609,23.287755,24.349466,32.575072,0.091082,-0.831500,-4.027290,0.531828,0.028643,4.441895,5.000000,297.802198,0.888379,4.000000,30.055215,34.686347,32.395449,0.000000,-0.463763,-0.394975,-0.068788,20.439168,15.544529,42.084184,-2.005461,-2.893564,-6.076814,-0.385151,0.022211,1.514143,2.000000,57.961783,0.757072,3.000000,51.759482,83.516484,58.762523,1.000000,-0.309328,-0.432806,0.123478,20.382444,21.379726,19.055427,0.321264,-0.468813,-3.483718,0.744879,0.013162,2.545808,23.000000,125.600000,0.110687,4.000000,34.876551,7.228916,19.298527,1.000000,-0.466512,-0.489692,0.023180,23.078569,17.262390,23.100867,-0.775288,-1.680730,-4.759848,0.080956,0.018359,2.068851,0.000000,54.585153,0.000000,4.000000,32.587787,25.327511,10.390490,0.000000,-0.308884,-0.174680,-0.134204,11.306069,17.665972,40.870508,-1.359849,-1.814400,-4.351442,-0.117799,0.021716,3.651730,12.000000,177.519380,0.304311,4.000000,32.587787,25.327511,10.390490,0.000000,-0.308884,-0.174680,-0.134204,11.306069,17.665972,40.870508,-1.359849,-1.814400,-4.351442,-0.117799,0.021716,2.100293,9.000000,93.478261,0.233366,3.000000,51.850562,63.565891,42.826057,1.000000,-0.070419,-0.060289,-0.010131,9.944763,26.418762,24.225628,0.198111,-0.124271,-2.653463,0.613819,0.017440,2.197452,10.000000,117.948718,0.219745,4.000000,44.828776,36.231884,49.647916,1.000000,-0.071373,-0.084294,0.012921,12.110617,23.539867,30.969663,-0.375331,-0.793007,-3.455633,0.273194,0.016487,1.898426,9.000000,,0.210936,0.000000,0.000000,0.000000,,0.000000,0.000000,,,,,,,,,,,,,,,,,,,,,,,,,,,,,,,,,,,,,,,,,,,,,,,,,,,4.000000,9.000000,,-1.000000,,,,36.782352,35.470085,22.292430,-2.231992,-2.103653,-0.128339,39.632283,8.995946,27.021880,-2.253613,-5.333078,0.242754,0.085675,,0.000000,,26.963102,28.070175,31.792623,-0.388062,-0.427537,0.039474,48.673538,8.621038,28.848613,-0.487661,-1.229211,0.166582,0.014555,1.658385,2.191781,,297.802198,54.585153,1.289513,1.189460
2025-10-03T07:45:00Z,0.986533,no_impulse,0,ABBOTINDIA,1h,1.000000,109.836066,4.611149,13.000000,0.354704,1.070402,0.826342,-2.392228,4.029062,16.000000,107.964602,0.251816,4.000000,28.813823,13.829787,9.426998,0.000000,-0.869573,-0.740540,-0.129033,28.121512,13.671134,34.538443,-1.373864,-2.741886,-6.563201,0.139330,0.037576,3.876501,3.000000,83.394834,1.292167,3.000000,48.796778,74.538745,54.243542,0.000000,-0.491690,-0.456080,-0.035609,23.287755,24.349466,32.575072,0.091082,-0.831500,-4.027290,0.531828,0.028643,4.441895,5.000000,297.802198,0.888379,4.000000,30.055215,34.686347,32.395449,0.000000,-0.463763,-0.394975,-0.068788,20.439168,15.544529,42.084184,-2.005461,-2.893564,-6.076814,-0.385151,0.022211,1.514143,2.000000,57.961783,0.757072,3.000000,51.759482,83.516484,58.762523,1.000000,-0.309328,-0.432806,0.123478,20.382444,21.379726,19.055427,0.321264,-0.468813,-3.483718,0.744879,0.013162,2.545808,23.000000,125.600000,0.110687,4.000000,34.876551,7.228916,19.298527,1.000000,-0.466512,-0.489692,0.023180,23.078569,17.262390,23.100867,-0.775288,-1.680730,-4.759848,0.080956,0.018359,2.068851,0.000000,54.585153,0.000000,4.000000,32.587787,25.327511,10.390490,0.000000,-0.308884,-0.174680,-0.134204,11.306069,17.665972,40.870508,-1.359849,-1.814400,-4.351442,-0.117799,0.021716,3.651730,12.000000,177.519380,0.304311,4.000000,32.587787,25.327511,10.390490,0.000000,-0.308884,-0.174680,-0.134204,11.306069,17.665972,40.870508,-1.359849,-1.814400,-4.351442,-0.117799,0.021716,2.100293,9.000000,93.478261,0.233366,3.000000,51.850562,63.565891,42.826057,1.000000,-0.070419,-0.060289,-0.010131,9.944763,26.418762,24.225628,0.198111,-0.124271,-2.653463,0.613819,0.017440,2.197452,10.000000,117.948718,0.219745,4.000000,1.898426,9.000000,,0.210936,0.000000,0.000000,0.000000,,0.000000,0.000000,,,,,,,,,,,,,,,,,,,,,,,,,,,,,,,,,,,,,,,,,,,,,,7.000000,10.000000,,-1.000000,,,,38.037004,38.675214,27.863628,-2.113837,-2.101478,-0.012359,39.410036,11.813632,25.406860,-1.807425,-4.870636,0.256001,0.072760,,0.000000,,67.431692,98.837209,85.082489,0.376322,0.336650,0.039672,41.906027,36.792057,17.118331,0.886370,1.483072,0.969624,0.019043,1.627991,1.460674,,297.802198,54.585153,1.054004,2.014661
2025-10-03T08:45:00Z,0.968035,no_impulse,0,ABBOTINDIA,1h,-1.000000,42.537313,1.875000,1.000000,1.875000,0.192337,-0.032276,-3.247434,4.611149,13.000000,109.836066,0.354704,7.000000,61.507295,88.432836,93.268462,1.000000,0.364013,0.067671,0.296342,23.153120,29.202806,15.147010,1.070402,0.826342,-2.392228,0.715860,0.050124,4.029062,16.000000,107.964602,0.251816,4.000000,28.813823,13.829787,9.426998,0.000000,-0.869573,-0.740540,-0.129033,28.121512,13.671134,34.538443,-1.373864,-2.741886,-6.563201,0.139330,0.037576,3.876501,3.000000,83.394834,1.292167,3.000000,48.796778,74.538745,54.243542,0.000000,-0.491690,-0.456080,-0.035609,23.287755,24.349466,32.575072,0.091082,-0.831500,-4.027290,0.531828,0.028643,4.441895,5.000000,297.802198,0.888379,4.000000,30.055215,34.686347,32.395449,0.000000,-0.463763,-0.394975,-0.068788,20.439168,15.544529,42.084184,-2.005461,-2.893564,-6.076814,-0.385151,0.022211,1.514143,2.000000,57.961783,0.757072,3.000000,51.759482,83.516484,58.762523,1.000000,-0.309328,-0.432806,0.123478,20.382444,21.379726,19.055427,0.321264,-0.468813,-3.483718,0.744879,0.013162,2.545808,23.000000,125.600000,0.110687,4.000000,34.876551,7.228916,19.298527,1.000000,-0.466512,-0.489692,0.023180,23.078569,17.262390,23.100867,-0.775288,-1.680730,-4.759848,0.080956,0.018359,2.068851,0.000000,54.585153,0.000000,4.000000,32.587787,25.327511,10.390490,0.000000,-0.308884,-0.174680,-0.134204,11.306069,17.665972,40.870508,-1.359849,-1.814400,-4.351442,-0.117799,0.021716,3.651730,12.000000,177.519380,0.304311,4.000000,32.587787,25.327511,10.390490,0.000000,-0.308884,-0.174680,-0.134204,11.306069,17.665972,40.870508,-1.359849,-1.814400,-4.351442,-0.117799,0.021716,2.100293,9.000000,93.478261,0.233366,3.000000,2.197452,10.000000,117.948718,0.219745,4.000000,1.898426,9.000000,,0.210936,0.000000,0.000000,0.000000,,0.000000,0.000000,,,,,,,,,,,,,,,,,,,,,,,,,,,,,,,,,,,,,,,,,2.000000,1.000000,1.000000,-1.000000,,,,38.037004,38.675214,27.863628,-2.113837,-2.101478,-0.012359,39.410036,11.813632,25.406860,-1.807425,-4.870636,0.256001,0.072760,,0.000000,,42.810234,21.052632,53.684211,0.266751,0.345462,-0.078711,37.229317,23.420825,37.394789,-0.674819,-0.115230,0.128173,0.018027,0.604120,0.107527,,297.802198,54.585153,1.133038,1.472235
2025-10-06T06:45:00Z,0.991725,no_impulse,0,ABBOTINDIA,1h,1.000000,128.070175,2.447201,5.000000,0.489440,1.502248,1.578005,-1.308344,1.875000,1.000000,42.537313,1.875000,2.000000,52.345923,67.322835,85.251890,0.000000,0.332398,0.121086,0.211312,21.710677,24.766087,23.342591,0.192337,-0.032276,-3.247434,0.538139,0.050527,4.611149,13.000000,109.836066,0.354704,7.000000,61.507295,88.432836,93.268462,1.000000,0.364013,0.067671,0.296342,23.153120,29.202806,15.147010,1.070402,0.826342,-2.392228,0.715860,0.050124,4.029062,16.000000,107.964602,0.251816,4.000000,28.813823,13.829787,9.426998,0.000000,-0.869573,-0.740540,-0.129033,28.121512,13.671134,34.538443,-1.373864,-2.741886,-6.563201,0.139330,0.037576,3.876501,3.000000,83.394834,1.292167,3.000000,48.796778,74.538745,54.243542,0.000000,-0.491690,-0.456080,-0.035609,23.287755,24.349466,32.575072,0.091082,-0.831500,-4.027290,0.531828,0.028643,4.441895,5.000000,297.802198,0.888379,4.000000,30.055215,34.686347,32.395449,0.000000,-0.463763,-0.394975,-0.068788,20.439168,15.544529,42.084184,-2.005461,-2.893564,-6.076814,-0.385151,0.022211,1.514143,2.000000,57.961783,0.757072,3.000000,51.759482,83.516484,58.762523,1.000000,-0.309328,-0.432806,0.123478,20.382444,21.379726,19.055427,0.321264,-0.468813,-3.483718,0.744879,0.013162,2.545808,23.000000,125.600000,0.110687,4.000000,34.876551,7.228916,19.298527,1.000000,-0.466512,-0.489692,0.023180,23.078569,17.262390,23.100867,-0.775288,-1.680730,-4.759848,0.080956,0.018359,2.068851,0.000000,54.585153,0.000000,4.000000,32.587787,25.327511,10.390490,0.000000,-0.308884,-0.174680,-0.134204,11.306069,17.665972,40.870508,-1.359849,-1.814400,-4.351442,-0.117799,0.021716,3.651730,12.000000,177.519380,0.304311,4.000000,2.100293,9.000000,93.478261,0.233366,3.000000,2.197452,10.000000,117.948718,0.219745,4.000000,1.898426,9.000000,,0.210936,0.000000,0.000000,0.000000,,0.000000,0.000000,,,,,,,,,,,,,,,,,,,,,,,,,,,,,,,,,,,,1.000000,2.000000,6.000000,-1.000000,,,,36.823511,33.333333,37.946204,-1.925735,-2.055804,0.130069,38.378163,12.061415,24.221878,-1.927082,-4.975166,0.233351,0.070904,,0.000000,,62.933638,90.625000,88.006498,0.283507,0.178045,0.105462,27.839205,34.499584,13.056419,0.805832,1.260172,0.850689,0.023165,0.796759,0.595238,,297.802198,42.537313,1.165809,1.069430
2025-10-08T03:45:00Z,0.964952,no_impulse,0,ABBOTINDIA,1h,-1.000000,113.013699,2.699607,11.000000,0.245419,0.197358,0.194928,-2.434024,2.447201,5.000000,128.070175,0.489440,1.000000,64.977112,95.205479,90.366695,1.000000,0.484510,0.297163,0.187347,21.072607,33.650008,17.576504,1.502248,1.578005,-1.308344,0.876680,0.040490,1.875000,1.000000,42.537313,1.875000,2.000000,52.345923,67.322835,85.251890,0.000000,0.332398,0.121086,0.211312,21.710677,24.766087,23.342591,0.192337,-0.032276,-3.247434,0.538139,0.050527,4.611149,13.000000,109.836066,0.354704,7.000000,61.507295,88.432836,93.268462,1.000000,0.364013,0.067671,0.296342,23.153120,29.202806,15.147010,1.070402,0.826342,-2.392228,0.715860,0.050124,4.029062,16.000000,107.964602,0.251816,4.000000,28.813823,13.829787,9.426998,0.000000,-0.869573,-0.740540,-0.129033,28.121512,13.671134,34.538443,-1.373864,-2.741886,-6.563201,0.139330,0.037576,3.876501,3.000000,83.394834,1.292167,3.000000,48.796778,74.538745,54.243542,0.000000,-0.491690,-0.456080,-0.035609,23.287755,24.349466,32.575072,0.091082,-0.831500,-4.027290,0.531828,0.028643,4.441895,5.000000,297.802198,0.888379,4.000000,30.055215,34.686347,32.395449,0.000000,-0.463763,-0.394975,-0.068788,20.439168,15.544529,42.084184,-2.005461,-2.893564,-6.076814,-0.385151,0.022211,1.514143,2.000000,57.961783,0.757072,3.000000,51.759482,83.516484,58.762523,1.000000,-0.309328,-0.432806,0.123478,20.382444,21.379726,19.055427,0.321264,-0.468813,-3.483718,0.744879,0.013162,2.545808,23.000000,125.600000,0.110687,4.000000,34.876551,7.228916,19.298527,1.000000,-0.466512,-0.489692,0.023180,23.078569,17.262390,23.100867,-0.775288,-1.680730,-4.759848,0.080956,0.018359,2.068851,0.000000,54.585153,0.000000,4.000000,3.651730,12.000000,177.519380,0.304311,4.000000,2.100293,9.000000,93.478261,0.233366,3.000000,2.197452,10.000000,117.948718,0.219745,4.000000,1.898426,9.000000,,0.210936,0.000000,0.000000,0.000000,,0.000000,0.000000,,,,,,,,,,,,,,,,,,,,,,,,,,,,,,,8.000000,1.000000,17.000000,-1.000000,,,,38.707031,37.690632,37.618010,-1.815717,-2.002291,0.186573,37.836715,12.086360,22.844251,-1.435381,-4.443024,0.302166,0.071528,,0.000000,,47.937115,76.470588,51.516766,-0.181908,-0.197261,0.015354,27.309525,18.689146,22.066738,-0.018469,-0.225350,0.484881,0.012213,0.869121,1.375000,,297.802198,42.537313,1.138542,0.723497
2025-10-08T04:45:00Z,0.981827,no_impulse,0,ABBOTINDIA,1h,1.000000,63.030303,1.748781,1.000000,1.748781,0.238521,0.250957,-2.342464,2.699607,11.000000,113.013699,0.245419,8.000000,52.233838,44.242424,26.209820,0.000000,0.051247,0.148629,-0.097383,14.811335,21.949691,26.594448,0.197358,0.194928,-2.434024,0.577310,0.025579,2.447201,5.000000,128.070175,0.489440,1.000000,64.977112,95.205479,90.366695,1.000000,0.484510,0.297163,0.187347,21.072607,33.650008,17.576504,1.502248,1.578005,-1.308344,0.876680,0.040490,1.875000,1.000000,42.537313,1.875000,2.000000,52.345923,67.322835,85.251890,0.000000,0.332398,0.121086,0.211312,21.710677,24.766087,23.342591,0.192337,-0.032276,-3.247434,0.538139,0.050527,4.611149,13.000000,109.836066,0.354704,7.000000,61.507295,88.432836,93.268462,1.000000,0.364013,0.067671,0.296342,23.153120,29.202806,15.147010,1.070402,0.826342,-2.392228,0.715860,0.050124,4.029062,16.000000,107.964602,0.251816,4.000000,28.813823,13.829787,9.426998,0.000000,-0.869573,-0.740540,-0.129033,28.121512,13.671134,34.538443,-1.373864,-2.741886,-6.563201,0.139330,0.037576,3.876501,3.000000,83.394834,1.292167,3.000000,48.796778,74.538745,54.243542,0.000000,-0.491690,-0.456080,-0.035609,23.287755,24.349466,32.575072,0.091082,-0.831500,-4.027290,0.531828,0.028643,4.441895,5.000000,297.802198,0.888379,4.000000,30.055215,34.686347,32.395449,0.000000,-0.463763,-0.394975,-0.068788,20.439168,15.544529,42.084184,-2.005461,-2.893564,-6.076814,-0.385151,0.022211,1.514143,2.000000,57.961783,0.757072,3.000000,51.759482,83.516484,58.762523,1.000000,-0.309328,-0.432806,0.123478,20.382444,21.379726,19.055427,0.321264,-0.468813,-3.483718,0.744879,0.013162,2.545808,23.000000,125.600000,0.110687,4.000000,2.068851,0.000000,54.585153,0.000000,4.000000,3.651730,12.000000,177.519380,0.304311,4.000000,2.100293,9.000000,93.478261,0.233366,3.000000,2.197452,10.000000,117.948718,0.219745,4.000000,1.898426,9.000000,,0.210936,0.000000,0.000000,0.000000,,0.000000,0.000000,,,,,,,,,,,,,,,,,,,,,,,,,,3.000000,2.000000,1.000000,-1.000000,,,,38.707031,37.690632,37.618010,-1.815717,-2.002291,0.186573,37.836715,12.086360,22.844251,-1.435381,-4.443024,0.302166,0.071528,,0.000000,,58.742329,91.346154,68.408584,-0.090806,-0.178016,0.087209,26.211166,32.214292,16.309629,0.686305,0.511679,0.995254,0.013953,0.580812,0.126582,,297.802198,42.537313,1.127605,0.560995
2025-10-10T04:45:00Z,0.959760,no_impulse,0,ABBOTINDIA,1h,-1.000000,130.769231,2.247562,14.000000,0.160540,-0.788696,-1.130964,-3.666565,1.748781,1.000000,63.030303,1.748781,3.000000,52.813565,46.666667,40.668884,0.000000,0.067455,0.132316,-0.064860,13.801178,24.963656,25.299987,0.238521,0.250957,-2.342464,0.594119,0.025403,2.699607,11.000000,113.013699,0.245419,8.000000,52.233838,44.242424,26.209820,0.000000,0.051247,0.148629,-0.097383,14.811335,21.949691,26.594448,0.197358,0.194928,-2.434024,0.577310,0.025579,2.447201,5.000000,128.070175,0.489440,1.000000,64.977112,95.205479,90.366695,1.000000,0.484510,0.297163,0.187347,21.072607,33.650008,17.576504,1.502248,1.578005,-1.308344,0.876680,0.040490,1.875000,1.000000,42.537313,1.875000,2.000000,52.345923,67.322835,85.251890,0.000000,0.332398,0.121086,0.211312,21.710677,24.766087,23.342591,0.192337,-0.032276,-3.247434,0.538139,0.050527,4.611149,13.000000,109.836066,0.354704,7.000000,61.507295,88.432836,93.268462,1.000000,0.364013,0.067671,0.296342,23.153120,29.202806,15.147010,1.070402,0.826342,-2.392228,0.715860,0.050124,4.029062,16.000000,107.964602,0.251816,4.000000,28.813823,13.829787,9.426998,0.000000,-0.869573,-0.740540,-0.129033,28.121512,13.671134,34.538443,-1.373864,-2.741886,-6.563201,0.139330,0.037576,3.876501,3.000000,83.394834,1.292167,3.000000,48.796778,74.538745,54.243542,0.000000,-0.491690,-0.456080,-0.035609,23.287755,24.349466,32.575072,0.091082,-0.831500,-4.027290,0.531828,0.028643,4.441895,5.000000,297.802198,0.888379,4.000000,30.055215,34.686347,32.395449,0.000000,-0.463763,-0.394975,-0.068788,20.439168,15.544529,42.084184,-2.005461,-2.893564,-6.076814,-0.385151,0.022211,1.514143,2.000000,57.961783,0.757072,3.000000,2.545808,23.000000,125.600000,0.110687,4.000000,2.068851,0.000000,54.585153,0.000000,4.000000,3.651730,12.000000,177.519380,0.304311,4.000000,2.100293,9.000000,93.478261,0.233366,3.000000,2.197452,10.000000,117.948718,0.219745,4.000000,1.898426,9.000000,,0.210936,0.000000,0.000000,0.000000,,0.000000,0.000000,,,,,,,,,,,,,,,,,,,,,4.000000,3.000000,15.000000,-1.000000,,,,43.924144,66.459627,45.243069,-1.597322,-1.874520,0.277198,36.645491,12.698329,21.207544,-0.484207,-3.390389,0.425027,0.064273,,0.000000,,32.450499,0.000000,18.565760,-0.236132,-0.249526,0.013394,21.214977,16.901878,20.672532,-0.474634,-0.887553,-0.162468,0.007131,0.754490,1.750000,,297.802198,42.537313,1.161354,0.655773
2025-10-10T09:45:00Z,0.982801,no_impulse,0,ABBOTINDIA,1h,1.000000,104.411765,2.400676,5.000000,0.480135,1.152522,0.998524,-1.341519,2.247562,14.000000,130.769231,0.160540,4.000000,36.920505,5.343511,9.765667,1.000000,-0.339736,-0.213491,-0.126245,16.202121,20.210570,28.087938,-0.788696,-1.130964,-3.666565,0.160653,0.023060,1.748781,1.000000,63.030303,1.748781,3.000000,52.813565,46.666667,40.668884,0.000000,0.067455,0.132316,-0.064860,13.801178,24.963656,25.299987,0.238521,0.250957,-2.342464,0.594119,0.025403,2.699607,11.000000,113.013699,0.245419,8.000000,52.233838,44.242424,26.209820,0.000000,0.051247,0.148629,-0.097383,14.811335,21.949691,26.594448,0.197358,0.194928,-2.434024,0.577310,0.025579,2.447201,5.000000,128.070175,0.489440,1.000000,64.977112,95.205479,90.366695,1.000000,0.484510,0.297163,0.187347,21.072607,33.650008,17.576504,1.502248,1.578005,-1.308344,0.876680,0.040490,1.875000,1.000000,42.537313,1.875000,2.000000,52.345923,67.322835,85.251890,0.000000,0.332398,0.121086,0.211312,21.710677,24.766087,23.342591,0.192337,-0.032276,-3.247434,0.538139,0.050527,4.611149,13.000000,109.836066,0.354704,7.000000,61.507295,88.432836,93.268462,1.000000,0.364013,0.067671,0.296342,23.153120,29.202806,15.147010,1.070402,0.826342,-2.392228,0.715860,0.050124,4.029062,16.000000,107.964602,0.251816,4.000000,28.813823,13.829787,9.426998,0.000000,-0.869573,-0.740540,-0.129033,28.121512,13.671134,34.538443,-1.373864,-2.741886,-6.563201,0.139330,0.037576,3.876501,3.000000,83.394834,1.292167,3.000000,48.796778,74.538745,54.243542,0.000000,-0.491690,-0.456080,-0.035609,23.287755,24.349466,32.575072,0.091082,-0.831500,-4.027290,0.531828,0.028643,4.441895,5.000000,297.802198,0.888379,4.000000,1.514143,2.000000,57.961783,0.757072,3.000000,2.545808,23.000000,125.600000,0.110687,4.000000,2.068851,0.000000,54.585153,0.000000,4.000000,3.651730,12.000000,177.519380,0.304311,4.000000,2.100293,9.000000,93.478261,0.233366,3.000000,2.197452,10.000000,117.948718,0.219745,4.000000,1.898426,9.000000,,0.210936,0.000000,0.000000,0.000000,,0.000000,0.000000,,,,,,,,,,,,,,,,7.000000,4.000000,20.000000,-1.000000,,,,43.924144,66.459627,45.243069,-1.597322,-1.874520,0.277198,36.645491,12.698329,21.207544,-0.484207,-3.390389,0.425027,0.064273,,0.000000,,81.341428,94.642857,96.230159,0.305419,0.148789,0.156630,35.966262,43.048486,6.777114,1.200123,1.324176,1.062893,0.021580,0.814040,0.704225,,297.802198,42.537313,1.177431,0.749545
2025-10-14T05:45:00Z,0.967224,no_impulse,0,ABBOTINDIA,1h,-1.000000,67.605634,1.584943,10.000000,0.158494,0.184520,0.134696,-1.985805,2.400676,5.000000,104.411765,0.480135,7.000000,63.587122,95.774648,83.729164,1.000000,-0.003899,-0.166350,0.162451,15.602824,34.499611,18.164051,1.152522,0.998524,-1.341519,0.969626,0.024827,2.247562,14.000000,130.769231,0.160540,4.000000,36.920505,5.343511,9.765667,1.000000,-0.339736,-0.213491,-0.126245,16.202121,20.210570,28.087938,-0.788696,-1.130964,-3.666565,0.160653,0.023060,1.748781,1.000000,63.030303,1.748781,3.000000,52.813565,46.666667,40.668884,0.000000,0.067455,0.132316,-0.064860,13.801178,24.963656,25.299987,0.238521,0.250957,-2.342464,0.594119,0.025403,2.699607,11.000000,113.013699,0.245419,8.000000,52.233838,44.242424,26.209820,0.000000,0.051247,0.148629,-0.097383,14.811335,21.949691,26.594448,0.197358,0.194928,-2.434024,0.577310,0.025579,2.447201,5.000000,128.070175,0.489440,1.000000,64.977112,95.205479,90.366695,1.000000,0.484510,0.297163,0.187347,21.072607,33.650008,17.576504,1.502248,1.578005,-1.308344,0.876680,0.040490,1.875000,1.000000,42.537313,1.875000,2.000000,52.345923,67.322835,85.251890,0.000000,0.332398,0.121086,0.211312,21.710677,24.766087,23.342591,0.192337,-0.032276,-3.247434,0.538139,0.050527,4.611149,13.000000,109.836066,0.354704,7.000000,61.507295,88.432836,93.268462,1.000000,0.364013,0.067671,0.296342,23.153120,29.202806,15.147010,1.070402,0.826342,-2.392228,0.715860,0.050124,4.029062,16.000000,107.964602,0.251816,4.000000,28.813823,13.829787,9.426998,0.000000,-0.869573,-0.740540,-0.129033,28.121512,13.671134,34.538443,-1.373864,-2.741886,-6.563201,0.139330,0.037576,3.876501,3.000000,83.394834,1.292167,3.000000,4.441895,5.000000,297.802198,0.888379,4.000000,1.514143,2.000000,57.961783,0.757072,3.000000,2.545808,23.000000,125.600000,0.110687,4.000000,2.068851,0.000000,54.585153,0.000000,4.000000,3.651730,12.000000,177.519380,0.304311,4.000000,2.100293,9.000000,93.478261,0.233366,3.000000,2.197452,10.000000,117.948718,0.219745,4.000000,1.898426,9.000000,,0.210936,0.000000,0.000000,0.000000,,0.000000,0.000000,,,,,,,,,,,2.000000,1.000000,10.000000,-1.000000,,,,43.954990,69.000000,65.930987,-1.353290,-1.709452,0.356163,34.666434,13.114240,19.533702,-0.463399,-3.228166,0.416786,0.055431,,0.000000,,54.637868,54.411765,20.157457,-0.063356,-0.029265,-0.034091,16.316184,19.618892,14.236912,0.186736,0.195705,0.737255,0.007885,0.521750,1.351351,,297.802198,42.537313,1.087310,0.911022
2025-10-14T06:45:00Z,0.981665,no_impulse,0,ABBOTINDIA,1h,1.000000,92.708333,1.493038,1.000000,1.493038,0.750166,0.749055,-1.313973,1.584943,10.000000,67.605634,0.158494,2.000000,52.261683,45.714286,42.544725,0.000000,0.026880,0.024317,0.002563,16.843466,25.021314,14.853622,0.184520,0.134696,-1.985805,0.582612,0.022377,2.400676,5.000000,104.411765,0.480135,7.000000,63.587122,95.774648,83.729164,1.000000,-0.003899,-0.166350,0.162451,15.602824,34.499611,18.164051,1.152522,0.998524,-1.341519,0.969626,0.024827,2.247562,14.000000,130.769231,0.160540,4.000000,36.920505,5.343511,9.765667,1.000000,-0.339736,-0.213491,-0.126245,16.202121,20.210570,28.087938,-0.788696,-1.130964,-3.666565,0.160653,0.023060,1.748781,1.000000,63.030303,1.748781,3.000000,52.813565,46.666667,40.668884,0.000000,0.067455,0.132316,-0.064860,13.801178,24.963656,25.299987,0.238521,0.250957,-2.342464,0.594119,0.025403,2.699607,11.000000,113.013699,0.245419,8.000000,52.233838,44.242424,26.209820,0.000000,0.051247,0.148629,-0.097383,14.811335,21.949691,26.594448,0.197358,0.194928,-2.434024,0.577310,0.025579,2.447201,5.000000,128.070175,0.489440,1.000000,64.977112,95.205479,90.366695,1.000000,0.484510,0.297163,0.187347,21.072607,33.650008,17.576504,1.502248,1.578005,-1.308344,0.876680,0.040490,1.875000,1.000000,42.537313,1.875000,2.000000,52.345923,67.322835,85.251890,0.000000,0.332398,0.121086,0.211312,21.710677,24.766087,23.342591,0.192337,-0.032276,-3.247434,0.538139,0.050527,4.611149,13.000000,109.836066,0.354704,7.000000,61.507295,88.432836,93.268462,1.000000,0.364013,0.067671,0.296342,23.153120,29.202806,15.147010,1.070402,0.826342,-2.392228,0.715860,0.050124,4.029062,16.000000,107.964602,0.251816,4.000000,3.876501,3.000000,83.394834,1.292167,3.000000,4.441895,5.000000,297.802198,0.888379,4.000000,1.514143,2.000000,57.961783,0.757072,3.000000,2.545808,23.000000,125.600000,0.110687,4.000000,2.068851,0.000000,54.585153,0.000000,4.000000,3.651730,12.000000,177.519380,0.304311,4.000000,2.100293,9.000000,93.478261,0.233366,3.000000,2.197452,10.000000,117.948718,0.219745,4.000000,1.898426,9.000000,,0.210936,0.000000,0.000000,0.000000,,0.000000,0.000000,,,,,,3.000000,1.000000,11.000000,-1.000000,,,,40.443207,51.333333,60.888889,-1.315986,-1.642908,0.326922,33.820383,12.337025,19.633173,-1.226751,-3.982654,0.257898,0.050057,,0.000000,,56.560966,63.235294,54.411765,0.010662,-0.019308,0.029970,16.440376,18.046218,13.437351,0.221765,0.265602,0.768968,0.008263,0.542519,0.126582,,130.769231,42.537313,1.052138,0.903938
2025-10-20T05:45:00Z,0.960571,no_impulse,0,ABBOTINDIA,1h,-1.000000,146.067416,2.148760,27.000000,0.079584,-0.443641,-0.662031,-2.457317,1.493038,1.000000,92.708333,1.493038,3.000000,58.689156,82.524272,53.620890,0.000000,0.089092,0.037146,0.051946,18.519013,31.038867,13.207204,0.750166,0.749055,-1.313973,0.829447,0.022943,1.584943,10.000000,67.605634,0.158494,2.000000,52.261683,45.714286,42.544725,0.000000,0.026880,0.024317,0.002563,16.843466,25.021314,14.853622,0.184520,0.134696,-1.985805,0.582612,0.022377,2.400676,5.000000,104.411765,0.480135,7.000000,63.587122,95.774648,83.729164,1.000000,-0.003899,-0.166350,0.162451,15.602824,34.499611,18.164051,1.152522,0.998524,-1.341519,0.969626,0.024827,2.247562,14.000000,130.769231,0.160540,4.000000,36.920505,5.343511,9.765667,1.000000,-0.339736,-0.213491,-0.126245,16.202121,20.210570,28.087938,-0.788696,-1.130964,-3.666565,0.160653,0.023060,1.748781,1.000000,63.030303,1.748781,3.000000,52.813565,46.666667,40.668884,0.000000,0.067455,0.132316,-0.064860,13.801178,24.963656,25.299987,0.238521,0.250957,-2.342464,0.594119,0.025403,2.699607,11.000000,113.013699,0.245419,8.000000,52.233838,44.242424,26.209820,0.000000,0.051247,0.148629,-0.097383,14.811335,21.949691,26.594448,0.197358,0.194928,-2.434024,0.577310,0.025579,2.447201,5.000000,128.070175,0.489440,1.000000,64.977112,95.205479,90.366695,1.000000,0.484510,0.297163,0.187347,21.072607,33.650008,17.576504,1.502248,1.578005,-1.308344,0.876680,0.040490,1.875000,1.000000,42.537313,1.875000,2.000000,52.345923,67.322835,85.251890,0.000000,0.332398,0.121086,0.211312,21.710677,24.766087,23.342591,0.192337,-0.032276,-3.247434,0.538139,0.050527,4.611149,13.000000,109.836066,0.354704,7.000000,4.029062,16.000000,107.964602,0.251816,4.000000,3.876501,3.000000,83.394834,1.292167,3.000000,4.441895,5.000000,297.802198,0.888379,4.000000,1.514143,2.000000,57.961783,0.757072,3.000000,2.545808,23.000000,125.600000,0.110687,4.000000,2.068851,0.000000,54.585153,0.000000,4.000000,3.651730,12.000000,177.519380,0.304311,4.000000,2.100293,9.000000,93.478261,0.233366,3.000000,2.197452,10.000000,117.948718,0.219745,4.000000,1.898426,9.000000,,0.210936,0.000000,0.000000,0.000000,,0.000000,0.000000,4.000000,2.000000,38.000000,-1.000000,,,,42.780617,58.000000,53.111111,-1.121866,-1.416807,0.294941,30.590191,14.226716,16.978705,-0.597349,-3.196886,0.299912,0.029677,,0.000000,,37.482840,25.675676,15.831286,-0.108584,-0.078024,-0.030560,24.530190,14.594855,19.911210,-0.261269,-0.403914,0.088778,0.006337,0.854819,3.506494,,130.769231,42.537313,1.038994,0.818205
2025-10-20T07:45:00Z,0.981665,no_impulse,0,ABBOTINDIA,1h,1.000000,100.000000,2.195946,2.000000,1.097973,0.917080,0.771298,-0.947859,2.148760,27.000000,146.067416,0.079584,4.000000,38.633483,22.784810,20.221199,0.000000,-0.179985,-0.132088,-0.047897,10.759752,15.758563,17.476141,-0.443641,-0.662031,-2.457317,-0.012164,0.008624,1.493038,1.000000,92.708333,1.493038,3.000000,58.689156,82.524272,53.620890,0.000000,0.089092,0.037146,0.051946,18.519013,31.038867,13.207204,0.750166,0.749055,-1.313973,0.829447,0.022943,1.584943,10.000000,67.605634,0.158494,2.000000,52.261683,45.714286,42.544725,0.000000,0.026880,0.024317,0.002563,16.843466,25.021314,14.853622,0.184520,0.134696,-1.985805,0.582612,0.022377,2.400676,5.000000,104.411765,0.480135,7.000000,63.587122,95.774648,83.729164,1.000000,-0.003899,-0.166350,0.162451,15.602824,34.499611,18.164051,1.152522,0.998524,-1.341519,0.969626,0.024827,2.247562,14.000000,130.769231,0.160540,4.000000,36.920505,5.343511,9.765667,1.000000,-0.339736,-0.213491,-0.126245,16.202121,20.210570,28.087938,-0.788696,-1.130964,-3.666565,0.160653,0.023060,1.748781,1.000000,63.030303,1.748781,3.000000,52.813565,46.666667,40.668884,0.000000,0.067455,0.132316,-0.064860,13.801178,24.963656,25.299987,0.238521,0.250957,-2.342464,0.594119,0.025403,2.699607,11.000000,113.013699,0.245419,8.000000,52.233838,44.242424,26.209820,0.000000,0.051247,0.148629,-0.097383,14.811335,21.949691,26.594448,0.197358,0.194928,-2.434024,0.577310,0.025579,2.447201,5.000000,128.070175,0.489440,1.000000,64.977112,95.205479,90.366695,1.000000,0.484510,0.297163,0.187347,21.072607,33.650008,17.576504,1.502248,1.578005,-1.308344,0.876680,0.040490,1.875000,1.000000,42.537313,1.875000,2.000000,4.611149,13.000000,109.836066,0.354704,7.000000,4.029062,16.000000,107.964602,0.251816,4.000000,3.876501,3.000000,83.394834,1.292167,3.000000,4.441895,5.000000,297.802198,0.888379,4.000000,1.514143,2.000000,57.961783,0.757072,3.000000,2.545808,23.000000,125.600000,0.110687,4.000000,2.068851,0.000000,54.585153,0.000000,4.000000,3.651730,12.000000,177.519380,0.304311,4.000000,2.100293,9.000000,93.478261,0.233366,3.000000,2.197452,10.000000,117.948718,0.219745,4.000000,1.898426,9.000000,,0.210936,0.000000,3.000000,3.000000,40.000000,-1.000000,,,,49.112541,73.706897,60.457854,-0.945077,-1.310285,0.365208,28.772158,14.423045,15.985347,0.437245,-2.006447,0.645437,0.030196,,0.000000,,66.352376,100.000000,88.194444,0.006221,-0.067841,0.074062,22.440129,28.451783,11.861077,0.545450,0.460265,1.132311,0.008674,0.944220,0.227273,,146.067416,42.537313,0.894359,0.817059
2025-10-20T08:45:00Z,0.968035,no_impulse,0,ABBOTINDIA,1h,-1.000000,64.615385,1.388430,1.000000,1.388430,0.215517,0.087837,-1.623201,2.195946,2.000000,100.000000,1.097973,3.000000,63.563055,80.769231,51.395651,0.000000,-0.059813,-0.120997,0.061184,13.111453,33.538073,13.156929,0.917080,0.771298,-0.947859,1.256794,0.012230,2.148760,27.000000,146.067416,0.079584,4.000000,38.633483,22.784810,20.221199,0.000000,-0.179985,-0.132088,-0.047897,10.759752,15.758563,17.476141,-0.443641,-0.662031,-2.457317,-0.012164,0.008624,1.493038,1.000000,92.708333,1.493038,3.000000,58.689156,82.524272,53.620890,0.000000,0.089092,0.037146,0.051946,18.519013,31.038867,13.207204,0.750166,0.749055,-1.313973,0.829447,0.022943,1.584943,10.000000,67.605634,0.158494,2.000000,52.261683,45.714286,42.544725,0.000000,0.026880,0.024317,0.002563,16.843466,25.021314,14.853622,0.184520,0.134696,-1.985805,0.582612,0.022377,2.400676,5.000000,104.411765,0.480135,7.000000,63.587122,95.774648,83.729164,1.000000,-0.003899,-0.166350,0.162451,15.602824,34.499611,18.164051,1.152522,0.998524,-1.341519,0.969626,0.024827,2.247562,14.000000,130.769231,0.160540,4.000000,36.920505,5.343511,9.765667,1.000000,-0.339736,-0.213491,-0.126245,16.202121,20.210570,28.087938,-0.788696,-1.130964,-3.666565,0.160653,0.023060,1.748781,1.000000,63.030303,1.748781,3.000000,52.813565,46.666667,40.668884,0.000000,0.067455,0.132316,-0.064860,13.801178,24.963656,25.299987,0.238521,0.250957,-2.342464,0.594119,0.025403,2.699607,11.000000,113.013699,0.245419,8.000000,52.233838,44.242424,26.209820,0.000000,0.051247,0.148629,-0.097383,14.811335,21.949691,26.594448,0.197358,0.194928,-2.434024,0.577310,0.025579,2.447201,5.000000,128.070175,0.489440,1.000000,1.875000,1.000000,42.537313,1.875000,2.000000,4.611149,13.000000,109.836066,0.354704,7.000000,4.029062,16.000000,107.964602,0.251816,4.000000,3.876501,3.000000,83.394834,1.292167,3.000000,4.441895,5.000000,297.802198,0.888379,4.000000,1.514143,2.000000,57.961783,0.757072,3.000000,2.545808,23.000000,125.600000,0.110687,4.000000,2.068851,0.000000,54.585153,0.000000,4.000000,3.651730,12.000000,177.519380,0.304311,4.000000,2.100293,9.000000,93.478261,0.233366,3.000000,2.197452,10.000000,117.948718,0.219745,4.000000,2.000000,1.000000,41.000000,-1.000000,,,,49.112541,73.706897,60.457854,-0.945077,-1.310285,0.365208,28.772158,14.423045,15.985347,0.437245,-2.006447,0.645437,0.030196,,0.000000,,68.222009,72.307692,83.146853,0.221643,0.067702,0.153942,32.208394,37.279882,7.186650,0.656319,0.761559,0.843022,0.019260,0.666185,0.129870,78.000000,146.067416,42.537313,0.395670,0.936559
2025-10-21T08:15:00Z,0.984261,no_impulse,0,ABBOTINDIA,1h,1.000000,119.047619,1.676165,2.000000,0.838082,1.304627,1.283145,-0.329946,1.388430,1.000000,64.615385,1.388430,2.000000,52.532931,49.230769,60.210970,1.000000,-0.034574,-0.104376,0.069802,15.292590,28.959985,11.360953,0.215517,0.087837,-1.623201,0.673421,0.012454,2.195946,2.000000,100.000000,1.097973,3.000000,63.563055,80.769231,51.395651,0.000000,-0.059813,-0.120997,0.061184,13.111453,33.538073,13.156929,0.917080,0.771298,-0.947859,1.256794,0.012230,2.148760,27.000000,146.067416,0.079584,4.000000,38.633483,22.784810,20.221199,0.000000,-0.179985,-0.132088,-0.047897,10.759752,15.758563,17.476141,-0.443641,-0.662031,-2.457317,-0.012164,0.008624,1.493038,1.000000,92.708333,1.493038,3.000000,58.689156,82.524272,53.620890,0.000000,0.089092,0.037146,0.051946,18.519013,31.038867,13.207204,0.750166,0.749055,-1.313973,0.829447,0.022943,1.584943,10.000000,67.605634,0.158494,2.000000,52.261683,45.714286,42.544725,0.000000,0.026880,0.024317,0.002563,16.843466,25.021314,14.853622,0.184520,0.134696,-1.985805,0.582612,0.022377,2.400676,5.000000,104.411765,0.480135,7.000000,63.587122,95.774648,83.729164,1.000000,-0.003899,-0.166350,0.162451,15.602824,34.499611,18.164051,1.152522,0.998524,-1.341519,0.969626,0.024827,2.247562,14.000000,130.769231,0.160540,4.000000,36.920505,5.343511,9.765667,1.000000,-0.339736,-0.213491,-0.126245,16.202121,20.210570,28.087938,-0.788696,-1.130964,-3.666565,0.160653,0.023060,1.748781,1.000000,63.030303,1.748781,3.000000,52.813565,46.666667,40.668884,0.000000,0.067455,0.132316,-0.064860,13.801178,24.963656,25.299987,0.238521,0.250957,-2.342464,0.594119,0.025403,2.699607,11.000000,113.013699,0.245419,8.000000,2.447201,5.000000,128.070175,0.489440,1.000000,1.875000,1.000000,42.537313,1.875000,2.000000,4.611149,13.000000,109.836066,0.354704,7.000000,4.029062,16.000000,107.964602,0.251816,4.000000,3.876501,3.000000,83.394834,1.292167,3.000000,4.441895,5.000000,297.802198,0.888379,4.000000,1.514143,2.000000,57.961783,0.757072,3.000000,2.545808,23.000000,125.600000,0.110687,4.000000,2.068851,0.000000,54.585153,0.000000,4.000000,3.651730,12.000000,177.519380,0.304311,4.000000,2.100293,9.000000,93.478261,0.233366,3.000000,1.000000,2.000000,43.000000,-1.000000,,,,49.112541,73.706897,60.457854,-0.945077,-1.310285,0.365208,28.772158,14.423045,15.985347,0.437245,-2.006447,0.645437,0.030196,,0.000000,,69.015076,91.071429,63.690476,0.237753,0.166122,0.071632,32.201337,36.367952,16.367925,0.897608,1.086424,0.899561,0.022668,0.823468,0.259740,80.000000,146.067416,63.030303,0.450383,1.046449
2025-10-31T03:45:00Z,0.953432,no_impulse,0,ABBOTINDIA,1h,-1.000000,190.000000,3.132212,43.000000,0.072842,-0.811436,-1.163413,-2.565103,1.676165,2.000000,119.047619,0.838082,1.000000,65.403131,95.890411,65.553214,1.000000,0.105195,-0.046517,0.151712,20.309976,35.895936,9.197609,1.304627,1.283145,-0.329946,1.227288,0.018175,1.388430,1.000000,64.615385,1.388430,2.000000,52.532931,49.230769,60.210970,1.000000,-0.034574,-0.104376,0.069802,15.292590,28.959985,11.360953,0.215517,0.087837,-1.623201,0.673421,0.012454,2.195946,2.000000,100.000000,1.097973,3.000000,63.563055,80.769231,51.395651,0.000000,-0.059813,-0.120997,0.061184,13.111453,33.538073,13.156929,0.917080,0.771298,-0.947859,1.256794,0.012230,2.148760,27.000000,146.067416,0.079584,4.000000,38.633483,22.784810,20.221199,0.000000,-0.179985,-0.132088,-0.047897,10.759752,15.758563,17.476141,-0.443641,-0.662031,-2.457317,-0.012164,0.008624,1.493038,1.000000,92.708333,1.493038,3.000000,58.689156,82.524272,53.620890,0.000000,0.089092,0.037146,0.051946,18.519013,31.038867,13.207204,0.750166,0.749055,-1.313973,0.829447,0.022943,1.584943,10.000000,67.605634,0.158494,2.000000,52.261683,45.714286,42.544725,0.000000,0.026880,0.024317,0.002563,16.843466,25.021314,14.853622,0.184520,0.134696,-1.985805,0.582612,0.022377,2.400676,5.000000,104.411765,0.480135,7.000000,63.587122,95.774648,83.729164,1.000000,-0.003899,-0.166350,0.162451,15.602824,34.499611,18.164051,1.152522,0.998524,-1.341519,0.969626,0.024827,2.247562,14.000000,130.769231,0.160540,4.000000,36.920505,5.343511,9.765667,1.000000,-0.339736,-0.213491,-0.126245,16.202121,20.210570,28.087938,-0.788696,-1.130964,-3.666565,0.160653,0.023060,1.748781,1.000000,63.030303,1.748781,3.000000,2.699607,11.000000,113.013699,0.245419,8.000000,2.447201,5.000000,128.070175,0.489440,1.000000,1.875000,1.000000,42.537313,1.875000,2.000000,4.611149,13.000000,109.836066,0.354704,7.000000,4.029062,16.000000,107.964602,0.251816,4.000000,3.876501,3.000000,83.394834,1.292167,3.000000,4.441895,5.000000,297.802198,0.888379,4.000000,1.514143,2.000000,57.961783,0.757072,3.000000,2.545808,23.000000,125.600000,0.110687,4.000000,2.068851,0.000000,54.585153,0.000000,4.000000,3.651730,12.000000,177.519380,0.304311,4.000000,8.000000,1.000000,86.000000,-1.000000,,,,30.198419,6.643357,11.059557,-1.021771,-0.986953,-0.034818,24.252245,10.195535,23.814627,-3.048061,-5.438703,-0.363716,0.034246,,0.000000,,46.488960,47.619048,22.689978,-0.067448,-0.068973,0.001526,28.287449,20.121875,10.743718,-0.045314,-0.207756,0.380920,0.003804,1.599381,5.810811,123.000000,146.067416,63.030303,0.437895,1.006467
2025-10-31T03:45:00Z,0.964628,no_impulse,0,ABBOTINDIA,1h,1.000000,36.315789,1.174268,0.000000,0.000000,-0.811436,-1.163413,-2.565103,3.132212,43.000000,190.000000,0.072842,8.000000,29.254895,11.224490,14.706409,1.000000,-0.279929,-0.222344,-0.057584,15.441227,14.467570,20.124876,-0.811436,-1.163413,-2.565103,-0.029053,0.015214,1.676165,2.000000,119.047619,0.838082,1.000000,65.403131,95.890411,65.553214,1.000000,0.105195,-0.046517,0.151712,20.309976,35.895936,9.197609,1.304627,1.283145,-0.329946,1.227288,0.018175,1.388430,1.000000,64.615385,1.388430,2.000000,52.532931,49.230769,60.210970,1.000000,-0.034574,-0.104376,0.069802,15.292590,28.959985,11.360953,0.215517,0.087837,-1.623201,0.673421,0.012454,2.195946,2.000000,100.000000,1.097973,3.000000,63.563055,80.769231,51.395651,0.000000,-0.059813,-0.120997,0.061184,13.111453,33.538073,13.156929,0.917080,0.771298,-0.947859,1.256794,0.012230,2.148760,27.000000,146.067416,0.079584,4.000000,38.633483,22.784810,20.221199,0.000000,-0.179985,-0.132088,-0.047897,10.759752,15.758563,17.476141,-0.443641,-0.662031,-2.457317,-0.012164,0.008624,1.493038,1.000000,92.708333,1.493038,3.000000,58.689156,82.524272,53.620890,0.000000,0.089092,0.037146,0.051946,18.519013,31.038867,13.207204,0.750166,0.749055,-1.313973,0.829447,0.022943,1.584943,10.000000,67.605634,0.158494,2.000000,52.261683,45.714286,42.544725,0.000000,0.026880,0.024317,0.002563,16.843466,25.021314,14.853622,0.184520,0.134696,-1.985805,0.582612,0.022377,2.400676,5.000000,104.411765,0.480135,7.000000,63.587122,95.774648,83.729164,1.000000,-0.003899,-0.166350,0.162451,15.602824,34.499611,18.164051,1.152522,0.998524,-1.341519,0.969626,0.024827,2.247562,14.000000,130.769231,0.160540,4.000000,1.748781,1.000000,63.030303,1.748781,3.000000,2.699607,11.000000,113.013699,0.245419,8.000000,2.447201,5.000000,128.070175,0.489440,1.000000,1.875000,1.000000,42.537313,1.875000,2.000000,4.611149,13.000000,109.836066,0.354704,7.000000,4.029062,16.000000,107.964602,0.251816,4.000000,3.876501,3.000000,83.394834,1.292167,3.000000,4.441895,5.000000,297.802198,0.888379,4.000000,1.514143,2.000000,57.961783,0.757072,3.000000,2.545808,23.000000,125.600000,0.110687,4.000000,2.068851,0.000000,54.585153,0.000000,4.000000,8.000000,2.000000,0.000000,-1.000000,,,,30.198419,6.643357,11.059557,-1.021771,-0.986953,-0.034818,24.252245,10.195535,23.814627,-3.048061,-5.438703,-0.363716,0.034246,,0.000000,,46.488960,47.619048,22.689978,-0.067448,-0.068973,0.001526,28.287449,20.121875,10.743718,-0.045314,-0.207756,0.380920,0.003804,0.586650,0.000000,123.000000,190.000000,63.030303,0.530776,1.061507
2025-11-03T08:45:00Z,0.934123,no_impulse,0,ABBOTINDIA,1h,-1.000000,272.463768,3.162321,12.000000,0.263527,-0.396323,-1.355712,-3.300881,1.174268,0.000000,36.315789,0.000000,8.000000,29.254895,11.224490,14.706409,0.000000,-0.279929,-0.222344,-0.057584,15.441227,14.467570,20.124876,-0.811436,-1.163413,-2.565103,-0.029053,0.015214,3.132212,43.000000,190.000000,0.072842,8.000000,29.254895,11.224490,14.706409,1.000000,-0.279929,-0.222344,-0.057584,15.441227,14.467570,20.124876,-0.811436,-1.163413,-2.565103,-0.029053,0.015214,1.676165,2.000000,119.047619,0.838082,1.000000,65.403131,95.890411,65.553214,1.000000,0.105195,-0.046517,0.151712,20.309976,35.895936,9.197609,1.304627,1.283145,-0.329946,1.227288,0.018175,1.388430,1.000000,64.615385,1.388430,2.000000,52.532931,49.230769,60.210970,1.000000,-0.034574,-0.104376,0.069802,15.292590,28.959985,11.360953,0.215517,0.087837,-1.623201,0.673421,0.012454,2.195946,2.000000,100.000000,1.097973,3.000000,63.563055,80.769231,51.395651,0.000000,-0.059813,-0.120997,0.061184,13.111453,33.538073,13.156929,0.917080,0.771298,-0.947859,1.256794,0.012230,2.148760,27.000000,146.067416,0.079584,4.000000,38.633483,22.784810,20.221199,0.000000,-0.179985,-0.132088,-0.047897,10.759752,15.758563,17.476141,-0.443641,-0.662031,-2.457317,-0.012164,0.008624,1.493038,1.000000,92.708333,1.493038,3.000000,58.689156,82.524272,53.620890,0.000000,0.089092,0.037146,0.051946,18.519013,31.038867,13.207204,0.750166,0.749055,-1.313973,0.829447,0.022943,1.584943,10.000000,67.605634,0.158494,2.000000,52.261683,45.714286,42.544725,0.000000,0.026880,0.024317,0.002563,16.843466,25.021314,14.853622,0.184520,0.134696,-1.985805,0.582612,0.022377,2.400676,5.000000,104.411765,0.480135,7.000000,2.247562,14.000000,130.769231,0.160540,4.000000,1.748781,1.000000,63.030303,1.748781,3.000000,2.699607,11.000000,113.013699,0.245419,8.000000,2.447201,5.000000,128.070175,0.489440,1.000000,1.875000,1.000000,42.537313,1.875000,2.000000,4.611149,13.000000,109.836066,0.354704,7.000000,4.029062,16.000000,107.964602,0.251816,4.000000,3.876501,3.000000,83.394834,1.292167,3.000000,4.441895,5.000000,297.802198,0.888379,4.000000,1.514143,2.000000,57.961783,0.757072,3.000000,2.545808,23.000000,125.600000,0.110687,4.000000,4.000000,3.000000,12.000000,-1.000000,,,,39.182464,37.216828,20.013805,-1.106627,-1.024393,-0.082233,25.181027,14.785441,22.113718,-1.351056,-3.768786,0.192048,0.043287,,0.000000,,30.484415,2.040816,9.085756,-0.299600,-0.295463,-0.004136,29.860049,12.511163,27.534965,-0.505297,-1.123748,0.118259,0.013170,1.626541,1.142857,135.000000,190.000000,36.315789,0.589079,1.043521
2025-11-06T03:45:00Z,0.963816,no_impulse,0,ABBOTINDIA,1h,1.000000,97.340426,3.178739,9.000000,0.353193,0.122175,-0.384459,-2.236624,3.162321,12.000000,272.463768,0.263527,4.000000,40.586028,33.510638,11.546861,1.000000,-0.715288,-0.664332,-0.050956,26.884585,21.432021,24.488686,-0.396323,-1.355712,-3.300881,0.400805,0.039796,1.174268,0.000000,36.315789,0.000000,8.000000,29.254895,11.224490,14.706409,0.000000,-0.279929,-0.222344,-0.057584,15.441227,14.467570,20.124876,-0.811436,-1.163413,-2.565103,-0.029053,0.015214,3.132212,43.000000,190.000000,0.072842,8.000000,29.254895,11.224490,14.706409,1.000000,-0.279929,-0.222344,-0.057584,15.441227,14.467570,20.124876,-0.811436,-1.163413,-2.565103,-0.029053,0.015214,1.676165,2.000000,119.047619,0.838082,1.000000,65.403131,95.890411,65.553214,1.000000,0.105195,-0.046517,0.151712,20.309976,35.895936,9.197609,1.304627,1.283145,-0.329946,1.227288,0.018175,1.388430,1.000000,64.615385,1.388430,2.000000,52.532931,49.230769,60.210970,1.000000,-0.034574,-0.104376,0.069802,15.292590,28.959985,11.360953,0.215517,0.087837,-1.623201,0.673421,0.012454,2.195946,2.000000,100.000000,1.097973,3.000000,63.563055,80.769231,51.395651,0.000000,-0.059813,-0.120997,0.061184,13.111453,33.538073,13.156929,0.917080,0.771298,-0.947859,1.256794,0.012230,2.148760,27.000000,146.067416,0.079584,4.000000,38.633483,22.784810,20.221199,0.000000,-0.179985,-0.132088,-0.047897,10.759752,15.758563,17.476141,-0.443641,-0.662031,-2.457317,-0.012164,0.008624,1.493038,1.000000,92.708333,1.493038,3.000000,58.689156,82.524272,53.620890,0.000000,0.089092,0.037146,0.051946,18.519013,31.038867,13.207204,0.750166,0.749055,-1.313973,0.829447,0.022943,1.584943,10.000000,67.605634,0.158494,2.000000,2.400676,5.000000,104.411765,0.480135,7.000000,2.247562,14.000000,130.769231,0.160540,4.000000,1.748781,1.000000,63.030303,1.748781,3.000000,2.699607,11.000000,113.013699,0.245419,8.000000,2.447201,5.000000,128.070175,0.489440,1.000000,1.875000,1.000000,42.537313,1.875000,2.000000,4.611149,13.000000,109.836066,0.354704,7.000000,4.029062,16.000000,107.964602,0.251816,4.000000,3.876501,3.000000,83.394834,1.292167,3.000000,4.441895,5.000000,297.802198,0.888379,4.000000,1.514143,2.000000,57.961783,0.757072,3.000000,3.000000,4.000000,21.000000,-1.000000,,,,41.316259,39.296188,30.898082,-1.053970,-1.027666,-0.026305,24.252786,23.776056,18.610926,-0.926633,-3.299434,0.292873,0.044327,,0.000000,,61.669503,58.064516,42.587162,0.135242,0.179416,-0.044174,21.311102,29.100347,16.637438,0.415409,0.643919,0.936847,0.009549,1.561515,0.873786,144.000000,272.463768,36.315789,0.701683,1.419778
2025-11-06T04:45:00Z,0.950024,no_impulse,0,ABBOTINDIA,1h,-1.000000,46.448087,1.430976,1.000000,1.430976,1.295762,0.895614,-0.886791,3.178739,9.000000,97.340426,0.353193,3.000000,50.304573,61.202186,66.057294,1.000000,-0.085892,-0.252131,0.166239,22.874730,29.380076,16.855560,0.122175,-0.384459,-2.236624,0.542430,0.028830,3.162321,12.000000,272.463768,0.263527,4.000000,40.586028,33.510638,11.546861,1.000000,-0.715288,-0.664332,-0.050956,26.884585,21.432021,24.488686,-0.396323,-1.355712,-3.300881,0.400805,0.039796,1.174268,0.000000,36.315789,0.000000,8.000000,29.254895,11.224490,14.706409,0.000000,-0.279929,-0.222344,-0.057584,15.441227,14.467570,20.124876,-0.811436,-1.163413,-2.565103,-0.029053,0.015214,3.132212,43.000000,190.000000,0.072842,8.000000,29.254895,11.224490,14.706409,1.000000,-0.279929,-0.222344,-0.057584,15.441227,14.467570,20.124876,-0.811436,-1.163413,-2.565103,-0.029053,0.015214,1.676165,2.000000,119.047619,0.838082,1.000000,65.403131,95.890411,65.553214,1.000000,0.105195,-0.046517,0.151712,20.309976,35.895936,9.197609,1.304627,1.283145,-0.329946,1.227288,0.018175,1.388430,1.000000,64.615385,1.388430,2.000000,52.532931,49.230769,60.210970,1.000000,-0.034574,-0.104376,0.069802,15.292590,28.959985,11.360953,0.215517,0.087837,-1.623201,0.673421,0.012454,2.195946,2.000000,100.000000,1.097973,3.000000,63.563055,80.769231,51.395651,0.000000,-0.059813,-0.120997,0.061184,13.111453,33.538073,13.156929,0.917080,0.771298,-0.947859,1.256794,0.012230,2.148760,27.000000,146.067416,0.079584,4.000000,38.633483,22.784810,20.221199,0.000000,-0.179985,-0.132088,-0.047897,10.759752,15.758563,17.476141,-0.443641,-0.662031,-2.457317,-0.012164,0.008624,1.493038,1.000000,92.708333,1.493038,3.000000,1.584943,10.000000,67.605634,0.158494,2.000000,2.400676,5.000000,104.411765,0.480135,7.000000,2.247562,14.000000,130.769231,0.160540,4.000000,1.748781,1.000000,63.030303,1.748781,3.000000,2.699607,11.000000,113.013699,0.245419,8.000000,2.447201,5.000000,128.070175,0.489440,1.000000,1.875000,1.000000,42.537313,1.875000,2.000000,4.611149,13.000000,109.836066,0.354704,7.000000,4.029062,16.000000,107.964602,0.251816,4.000000,3.876501,3.000000,83.394834,1.292167,3.000000,4.441895,5.000000,297.802198,0.888379,4.000000,2.000000,1.000000,22.000000,-1.000000,,,,41.316259,39.296188,30.898082,-1.053970,-1.027666,-0.026305,24.252786,23.776056,18.610926,-0.926633,-3.299434,0.292873,0.044327,,0.000000,,47.005560,20.430108,28.315412,0.081412,0.140705,-0.059294,19.974337,21.151633,19.115464,-0.185526,0.012105,0.274024,0.008195,0.677070,0.093458,145.000000,272.463768,36.315789,0.784861,1.212774
2025-11-06T07:45:00Z,0.989453,no_impulse,0,ABBOTINDIA,1h,1.000000,285.882353,4.150299,3.000000,1.383433,0.280594,0.050046,-1.652276,1.430976,1.000000,46.448087,1.430976,2.000000,63.876205,97.435897,76.313705,1.000000,0.035928,-0.191874,0.227802,23.428816,26.653393,14.153466,1.295762,0.895614,-0.886791,0.896304,0.033125,3.178739,9.000000,97.340426,0.353193,3.000000,50.304573,61.202186,66.057294,1.000000,-0.085892,-0.252131,0.166239,22.874730,29.380076,16.855560,0.122175,-0.384459,-2.236624,0.542430,0.028830,3.162321,12.000000,272.463768,0.263527,4.000000,40.586028,33.510638,11.546861,1.000000,-0.715288,-0.664332,-0.050956,26.884585,21.432021,24.488686,-0.396323,-1.355712,-3.300881,0.400805,0.039796,1.174268,0.000000,36.315789,0.000000,8.000000,29.254895,11.224490,14.706409,0.000000,-0.279929,-0.222344,-0.057584,15.441227,14.467570,20.124876,-0.811436,-1.163413,-2.565103,-0.029053,0.015214,3.132212,43.000000,190.000000,0.072842,8.000000,29.254895,11.224490,14.706409,1.000000,-0.279929,-0.222344,-0.057584,15.441227,14.467570,20.124876,-0.811436,-1.163413,-2.565103,-0.029053,0.015214,1.676165,2.000000,119.047619,0.838082,1.000000,65.403131,95.890411,65.553214,1.000000,0.105195,-0.046517,0.151712,20.309976,35.895936,9.197609,1.304627,1.283145,-0.329946,1.227288,0.018175,1.388430,1.000000,64.615385,1.388430,2.000000,52.532931,49.230769,60.210970,1.000000,-0.034574,-0.104376,0.069802,15.292590,28.959985,11.360953,0.215517,0.087837,-1.623201,0.673421,0.012454,2.195946,2.000000,100.000000,1.097973,3.000000,63.563055,80.769231,51.395651,0.000000,-0.059813,-0.120997,0.061184,13.111453,33.538073,13.156929,0.917080,0.771298,-0.947859,1.256794,0.012230,2.148760,27.000000,146.067416,0.079584,4.000000,1.493038,1.000000,92.708333,1.493038,3.000000,1.584943,10.000000,67.605634,0.158494,2.000000,2.400676,5.000000,104.411765,0.480135,7.000000,2.247562,14.000000,130.769231,0.160540,4.000000,1.748781,1.000000,63.030303,1.748781,3.000000,2.699607,11.000000,113.013699,0.245419,8.000000,2.447201,5.000000,128.070175,0.489440,1.000000,1.875000,1.000000,42.537313,1.875000,2.000000,4.611149,13.000000,109.836066,0.354704,7.000000,4.029062,16.000000,107.964602,0.251816,4.000000,3.876501,3.000000,83.394834,1.292167,3.000000,1.000000,2.000000,25.000000,-1.000000,,,,32.622982,3.672316,26.728444,-1.212535,-1.083776,-0.128760,22.853256,21.021074,23.075703,-2.963821,-5.480153,-0.047800,0.052547,,0.000000,,64.153149,50.434783,52.026648,0.289781,0.260614,0.029168,25.706924,46.761935,14.802609,0.930542,1.352913,0.885235,0.024382,1.978136,0.306122,148.000000,272.463768,36.315789,0.797786,1.299097
2025-11-07T09:45:00Z,0.932014,no_impulse,0,ABBOTINDIA,1h,-1.000000,145.679012,5.805182,9.000000,0.645020,-1.483584,-2.032325,-3.906380,4.150299,3.000000,285.882353,1.383433,1.000000,53.245400,41.935484,67.582098,1.000000,0.170414,-0.020125,0.190539,24.360640,37.502518,16.603146,0.280594,0.050046,-1.652276,0.574501,0.037769,1.430976,1.000000,46.448087,1.430976,2.000000,63.876205,97.435897,76.313705,1.000000,0.035928,-0.191874,0.227802,23.428816,26.653393,14.153466,1.295762,0.895614,-0.886791,0.896304,0.033125,3.178739,9.000000,97.340426,0.353193,3.000000,50.304573,61.202186,66.057294,1.000000,-0.085892,-0.252131,0.166239,22.874730,29.380076,16.855560,0.122175,-0.384459,-2.236624,0.542430,0.028830,3.162321,12.000000,272.463768,0.263527,4.000000,40.586028,33.510638,11.546861,1.000000,-0.715288,-0.664332,-0.050956,26.884585,21.432021,24.488686,-0.396323,-1.355712,-3.300881,0.400805,0.039796,1.174268,0.000000,36.315789,0.000000,8.000000,29.254895,11.224490,14.706409,0.000000,-0.279929,-0.222344,-0.057584,15.441227,14.467570,20.124876,-0.811436,-1.163413,-2.565103,-0.029053,0.015214,3.132212,43.000000,190.000000,0.072842,8.000000,29.254895,11.224490,14.706409,1.000000,-0.279929,-0.222344,-0.057584,15.441227,14.467570,20.124876,-0.811436,-1.163413,-2.565103,-0.029053,0.015214,1.676165,2.000000,119.047619,0.838082,1.000000,65.403131,95.890411,65.553214,1.000000,0.105195,-0.046517,0.151712,20.309976,35.895936,9.197609,1.304627,1.283145,-0.329946,1.227288,0.018175,1.388430,1.000000,64.615385,1.388430,2.000000,52.532931,49.230769,60.210970,1.000000,-0.034574,-0.104376,0.069802,15.292590,28.959985,11.360953,0.215517,0.087837,-1.623201,0.673421,0.012454,2.195946,2.000000,100.000000,1.097973,3.000000,2.148760,27.000000,146.067416,0.079584,4.000000,1.493038,1.000000,92.708333,1.493038,3.000000,1.584943,10.000000,67.605634,0.158494,2.000000,2.400676,5.000000,104.411765,0.480135,7.000000,2.247562,14.000000,130.769231,0.160540,4.000000,1.748781,1.000000,63.030303,1.748781,3.000000,2.699607,11.000000,113.013699,0.245419,8.000000,2.447201,5.000000,128.070175,0.489440,1.000000,1.875000,1.000000,42.537313,1.875000,2.000000,4.611149,13.000000,109.836066,0.354704,7.000000,4.029062,16.000000,107.964602,0.251816,4.000000,8.000000,1.000000,34.000000,-1.000000,,,,32.622982,3.672316,26.728444,-1.212535,-1.083776,-0.128760,22.853256,21.021074,23.075703,-2.963821,-5.480153,-0.047800,0.052547,,0.000000,,25.461320,15.730337,9.449644,-0.555046,-0.497669,-0.057377,30.338279,9.786779,31.853806,-0.848658,-1.496339,0.166817,0.025257,2.455856,0.900000,,285.882353,36.315789,0.992614,1.172881
2025-11-11T03:45:00Z,0.964628,no_impulse,0,ABBOTINDIA,1h,1.000000,56.779661,3.499304,8.000000,0.437413,0.784556,0.575501,-1.119425,5.805182,9.000000,145.679012,0.645020,8.000000,31.409854,3.954802,3.480084,1.000000,-0.426226,-0.160951,-0.265276,19.486898,24.239835,26.970710,-1.483584,-2.032325,-3.906380,0.113287,0.037803,4.150299,3.000000,285.882353,1.383433,1.000000,53.245400,41.935484,67.582098,1.000000,0.170414,-0.020125,0.190539,24.360640,37.502518,16.603146,0.280594,0.050046,-1.652276,0.574501,0.037769,1.430976,1.000000,46.448087,1.430976,2.000000,63.876205,97.435897,76.313705,1.000000,0.035928,-0.191874,0.227802,23.428816,26.653393,14.153466,1.295762,0.895614,-0.886791,0.896304,0.033125,3.178739,9.000000,97.340426,0.353193,3.000000,50.304573,61.202186,66.057294,1.000000,-0.085892,-0.252131,0.166239,22.874730,29.380076,16.855560,0.122175,-0.384459,-2.236624,0.542430,0.028830,3.162321,12.000000,272.463768,0.263527,4.000000,40.586028,33.510638,11.546861,1.000000,-0.715288,-0.664332,-0.050956,26.884585,21.432021,24.488686,-0.396323,-1.355712,-3.300881,0.400805,0.039796,1.174268,0.000000,36.315789,0.000000,8.000000,29.254895,11.224490,14.706409,0.000000,-0.279929,-0.222344,-0.057584,15.441227,14.467570,20.124876,-0.811436,-1.163413,-2.565103,-0.029053,0.015214,3.132212,43.000000,190.000000,0.072842,8.000000,29.254895,11.224490,14.706409,1.000000,-0.279929,-0.222344,-0.057584,15.441227,14.467570,20.124876,-0.811436,-1.163413,-2.565103,-0.029053,0.015214,1.676165,2.000000,119.047619,0.838082,1.000000,65.403131,95.890411,65.553214,1.000000,0.105195,-0.046517,0.151712,20.309976,35.895936,9.197609,1.304627,1.283145,-0.329946,1.227288,0.018175,1.388430,1.000000,64.615385,1.388430,2.000000,2.195946,2.000000,100.000000,1.097973,3.000000,2.148760,27.000000,146.067416,0.079584,4.000000,1.493038,1.000000,92.708333,1.493038,3.000000,1.584943,10.000000,67.605634,0.158494,2.000000,2.400676,5.000000,104.411765,0.480135,7.000000,2.247562,14.000000,130.769231,0.160540,4.000000,1.748781,1.000000,63.030303,1.748781,3.000000,2.699607,11.000000,113.013699,0.245419,8.000000,2.447201,5.000000,128.070175,0.489440,1.000000,1.875000,1.000000,42.537313,1.875000,2.000000,4.611149,13.000000,109.836066,0.354704,7.000000,3.000000,2.000000,8.000000,-1.000000,,,,46.521634,46.892655,31.638418,-0.968519,-1.041461,0.072942,20.069865,20.056704,19.746195,-0.231032,-2.532296,0.455059,0.051289,,0.000000,,60.766902,63.768116,81.004000,0.369036,0.327731,0.041305,29.299648,23.634200,23.726765,0.246037,0.520844,0.599720,0.024734,1.282053,0.975610,8.000000,285.882353,36.315789,1.465431,1.515098
2025-11-14T09:45:00Z,0.928119,no_impulse,0,ABBOTINDIA,1h,-1.000000,111.940299,3.784693,27.000000,0.140174,-0.327954,-0.351885,-1.539952,3.499304,8.000000,56.779661,0.437413,3.000000,59.156989,81.592040,83.282003,1.000000,0.091465,-0.105932,0.197397,22.034456,35.854830,15.939994,0.784556,0.575501,-1.119425,0.702062,0.039134,5.805182,9.000000,145.679012,0.645020,8.000000,31.409854,3.954802,3.480084,1.000000,-0.426226,-0.160951,-0.265276,19.486898,24.239835,26.970710,-1.483584,-2.032325,-3.906380,0.113287,0.037803,4.150299,3.000000,285.882353,1.383433,1.000000,53.245400,41.935484,67.582098,1.000000,0.170414,-0.020125,0.190539,24.360640,37.502518,16.603146,0.280594,0.050046,-1.652276,0.574501,0.037769,1.430976,1.000000,46.448087,1.430976,2.000000,63.876205,97.435897,76.313705,1.000000,0.035928,-0.191874,0.227802,23.428816,26.653393,14.153466,1.295762,0.895614,-0.886791,0.896304,0.033125,3.178739,9.000000,97.340426,0.353193,3.000000,50.304573,61.202186,66.057294,1.000000,-0.085892,-0.252131,0.166239,22.874730,29.380076,16.855560,0.122175,-0.384459,-2.236624,0.542430,0.028830,3.162321,12.000000,272.463768,0.263527,4.000000,40.586028,33.510638,11.546861,1.000000,-0.715288,-0.664332,-0.050956,26.884585,21.432021,24.488686,-0.396323,-1.355712,-3.300881,0.400805,0.039796,1.174268,0.000000,36.315789,0.000000,8.000000,29.254895,11.224490,14.706409,0.000000,-0.279929,-0.222344,-0.057584,15.441227,14.467570,20.124876,-0.811436,-1.163413,-2.565103,-0.029053,0.015214,3.132212,43.000000,190.000000,0.072842,8.000000,29.254895,11.224490,14.706409,1.000000,-0.279929,-0.222344,-0.057584,15.441227,14.467570,20.124876,-0.811436,-1.163413,-2.565103,-0.029053,0.015214,1.676165,2.000000,119.047619,0.838082,1.000000,1.388430,1.000000,64.615385,1.388430,2.000000,2.195946,2.000000,100.000000,1.097973,3.000000,2.148760,27.000000,146.067416,0.079584,4.000000,1.493038,1.000000,92.708333,1.493038,3.000000,1.584943,10.000000,67.605634,0.158494,2.000000,2.400676,5.000000,104.411765,0.480135,7.000000,2.247562,14.000000,130.769231,0.160540,4.000000,1.748781,1.000000,63.030303,1.748781,3.000000,2.699607,11.000000,113.013699,0.245419,8.000000,2.447201,5.000000,128.070175,0.489440,1.000000,1.875000,1.000000,42.537313,1.875000,2.000000,4.000000,3.000000,35.000000,-1.000000,,,,43.280621,39.153439,45.066212,-0.768999,-0.928407,0.159408,17.962079,15.761293,24.728400,-0.831103,-2.954698,0.330481,0.048623,,0.000000,,44.660781,86.826347,77.487340,-0.112145,-0.131440,0.019295,27.397012,9.030092,51.264627,-0.170604,-0.321296,0.283458,0.007865,1.323417,3.068182,35.000000,285.882353,36.315789,1.470659,1.731179
2025-11-19T03:45:00Z,0.970307,no_impulse,0,ABBOTINDIA,1h,1.000000,115.555556,4.545455,15.000000,0.303030,0.096514,0.328325,-0.504591,3.784693,27.000000,111.940299,0.140174,4.000000,45.325187,68.720379,36.240126,1.000000,-0.074506,0.012362,-0.086869,19.285673,11.863498,38.753512,-0.327954,-0.351885,-1.539952,0.293583,0.015836,3.499304,8.000000,56.779661,0.437413,3.000000,59.156989,81.592040,83.282003,1.000000,0.091465,-0.105932,0.197397,22.034456,35.854830,15.939994,0.784556,0.575501,-1.119425,0.702062,0.039134,5.805182,9.000000,145.679012,0.645020,8.000000,31.409854,3.954802,3.480084,1.000000,-0.426226,-0.160951,-0.265276,19.486898,24.239835,26.970710,-1.483584,-2.032325,-3.906380,0.113287,0.037803,4.150299,3.000000,285.882353,1.383433,1.000000,53.245400,41.935484,67.582098,1.000000,0.170414,-0.020125,0.190539,24.360640,37.502518,16.603146,0.280594,0.050046,-1.652276,0.574501,0.037769,1.430976,1.000000,46.448087,1.430976,2.000000,63.876205,97.435897,76.313705,1.000000,0.035928,-0.191874,0.227802,23.428816,26.653393,14.153466,1.295762,0.895614,-0.886791,0.896304,0.033125,3.178739,9.000000,97.340426,0.353193,3.000000,50.304573,61.202186,66.057294,1.000000,-0.085892,-0.252131,0.166239,22.874730,29.380076,16.855560,0.122175,-0.384459,-2.236624,0.542430,0.028830,3.162321,12.000000,272.463768,0.263527,4.000000,40.586028,33.510638,11.546861,1.000000,-0.715288,-0.664332,-0.050956,26.884585,21.432021,24.488686,-0.396323,-1.355712,-3.300881,0.400805,0.039796,1.174268,0.000000,36.315789,0.000000,8.000000,29.254895,11.224490,14.706409,0.000000,-0.279929,-0.222344,-0.057584,15.441227,14.467570,20.124876,-0.811436,-1.163413,-2.565103,-0.029053,0.015214,3.132212,43.000000,190.000000,0.072842,8.000000,1.676165,2.000000,119.047619,0.838082,1.000000,1.388430,1.000000,64.615385,1.388430,2.000000,2.195946,2.000000,100.000000,1.097973,3.000000,2.148760,27.000000,146.067416,0.079584,4.000000,1.493038,1.000000,92.708333,1.493038,3.000000,1.584943,10.000000,67.605634,0.158494,2.000000,2.400676,5.000000,104.411765,0.480135,7.000000,2.247562,14.000000,130.769231,0.160540,4.000000,1.748781,1.000000,63.030303,1.748781,3.000000,2.699607,11.000000,113.013699,0.245419,8.000000,2.447201,5.000000,128.070175,0.489440,1.000000,7.000000,4.000000,50.000000,-1.000000,,,,46.962004,49.206349,52.116402,-0.535713,-0.760296,0.224583,17.716899,16.689837,21.162604,-0.182361,-2.053934,0.460708,0.046328,,0.000000,,54.955334,30.000000,44.375000,0.107270,0.122818,-0.015548,17.904583,27.992766,10.365778,0.112241,0.345174,0.837680,0.003328,1.466552,1.315789,,285.882353,36.315789,1.397692,1.494196
2025-11-20T07:45:00Z,0.952134,no_impulse,0,ABBOTINDIA,1h,-1.000000,43.076923,1.872910,11.000000,0.170265,-0.566222,-0.488260,-1.217225,4.545455,15.000000,115.555556,0.303030,7.000000,52.724922,58.333333,80.507663,1.000000,0.213344,0.174416,0.038928,16.255558,21.611403,15.938069,0.096514,0.328325,-0.504591,0.544327,0.021794,3.784693,27.000000,111.940299,0.140174,4.000000,45.325187,68.720379,36.240126,1.000000,-0.074506,0.012362,-0.086869,19.285673,11.863498,38.753512,-0.327954,-0.351885,-1.539952,0.293583,0.015836,3.499304,8.000000,56.779661,0.437413,3.000000,59.156989,81.592040,83.282003,1.000000,0.091465,-0.105932,0.197397,22.034456,35.854830,15.939994,0.784556,0.575501,-1.119425,0.702062,0.039134,5.805182,9.000000,145.679012,0.645020,8.000000,31.409854,3.954802,3.480084,1.000000,-0.426226,-0.160951,-0.265276,19.486898,24.239835,26.970710,-1.483584,-2.032325,-3.906380,0.113287,0.037803,4.150299,3.000000,285.882353,1.383433,1.000000,53.245400,41.935484,67.582098,1.000000,0.170414,-0.020125,0.190539,24.360640,37.502518,16.603146,0.280594,0.050046,-1.652276,0.574501,0.037769,1.430976,1.000000,46.448087,1.430976,2.000000,63.876205,97.435897,76.313705,1.000000,0.035928,-0.191874,0.227802,23.428816,26.653393,14.153466,1.295762,0.895614,-0.886791,0.896304,0.033125,3.178739,9.000000,97.340426,0.353193,3.000000,50.304573,61.202186,66.057294,1.000000,-0.085892,-0.252131,0.166239,22.874730,29.380076,16.855560,0.122175,-0.384459,-2.236624,0.542430,0.028830,3.162321,12.000000,272.463768,0.263527,4.000000,40.586028,33.510638,11.546861,1.000000,-0.715288,-0.664332,-0.050956,26.884585,21.432021,24.488686,-0.396323,-1.355712,-3.300881,0.400805,0.039796,1.174268,0.000000,36.315789,0.000000,8.000000,3.132212,43.000000,190.000000,0.072842,8.000000,1.676165,2.000000,119.047619,0.838082,1.000000,1.388430,1.000000,64.615385,1.388430,2.000000,2.195946,2.000000,100.000000,1.097973,3.000000,2.148760,27.000000,146.067416,0.079584,4.000000,1.493038,1.000000,92.708333,1.493038,3.000000,1.584943,10.000000,67.605634,0.158494,2.000000,2.400676,5.000000,104.411765,0.480135,7.000000,2.247562,14.000000,130.769231,0.160540,4.000000,1.748781,1.000000,63.030303,1.748781,3.000000,2.699607,11.000000,113.013699,0.245419,8.000000,2.000000,1.000000,11.000000,-1.000000,,,,47.854845,51.587302,50.970018,-0.427729,-0.647609,0.219880,17.623220,14.636566,21.448053,-0.027413,-1.753933,0.492520,0.036636,,0.000000,,34.953407,13.461538,16.181427,-0.143331,-0.092027,-0.051304,16.307007,18.319945,24.721301,-0.429359,-0.564420,0.034163,0.009178,0.553077,0.866142,,285.882353,36.315789,1.367235,1.038905
2025-11-21T03:45:00Z,0.965114,no_impulse,0,ABBOTINDIA,1h,1.000000,71.428571,1.363327,3.000000,0.454442,-0.017353,0.077300,-0.604090,1.872910,11.000000,43.076923,0.170265,2.000000,40.829421,5.357143,11.973892,0.000000,-0.046026,0.058122,-0.104148,13.617924,18.324988,17.595115,-0.566222,-0.488260,-1.217225,0.036229,0.012140,4.545455,15.000000,115.555556,0.303030,7.000000,52.724922,58.333333,80.507663,1.000000,0.213344,0.174416,0.038928,16.255558,21.611403,15.938069,0.096514,0.328325,-0.504591,0.544327,0.021794,3.784693,27.000000,111.940299,0.140174,4.000000,45.325187,68.720379,36.240126,1.000000,-0.074506,0.012362,-0.086869,19.285673,11.863498,38.753512,-0.327954,-0.351885,-1.539952,0.293583,0.015836,3.499304,8.000000,56.779661,0.437413,3.000000,59.156989,81.592040,83.282003,1.000000,0.091465,-0.105932,0.197397,22.034456,35.854830,15.939994,0.784556,0.575501,-1.119425,0.702062,0.039134,5.805182,9.000000,145.679012,0.645020,8.000000,31.409854,3.954802,3.480084,1.000000,-0.426226,-0.160951,-0.265276,19.486898,24.239835,26.970710,-1.483584,-2.032325,-3.906380,0.113287,0.037803,4.150299,3.000000,285.882353,1.383433,1.000000,53.245400,41.935484,67.582098,1.000000,0.170414,-0.020125,0.190539,24.360640,37.502518,16.603146,0.280594,0.050046,-1.652276,0.574501,0.037769,1.430976,1.000000,46.448087,1.430976,2.000000,63.876205,97.435897,76.313705,1.000000,0.035928,-0.191874,0.227802,23.428816,26.653393,14.153466,1.295762,0.895614,-0.886791,0.896304,0.033125,3.178739,9.000000,97.340426,0.353193,3.000000,50.304573,61.202186,66.057294,1.000000,-0.085892,-0.252131,0.166239,22.874730,29.380076,16.855560,0.122175,-0.384459,-2.236624,0.542430,0.028830,3.162321,12.000000,272.463768,0.263527,4.000000,1.174268,0.000000,36.315789,0.000000,8.000000,3.132212,43.000000,190.000000,0.072842,8.000000,1.676165,2.000000,119.047619,0.838082,1.000000,1.388430,1.000000,64.615385,1.388430,2.000000,2.195946,2.000000,100.000000,1.097973,3.000000,2.148760,27.000000,146.067416,0.079584,4.000000,1.493038,1.000000,92.708333,1.493038,3.000000,1.584943,10.000000,67.605634,0.158494,2.000000,2.400676,5.000000,104.411765,0.480135,7.000000,2.247562,14.000000,130.769231,0.160540,4.000000,1.748781,1.000000,63.030303,1.748781,3.000000,3.000000,1.000000,14.000000,-1.000000,,,,47.854845,51.587302,50.970018,-0.427729,-0.647609,0.219880,17.623220,14.636566,21.448053,-0.027413,-1.753933,0.492520,0.036636,,0.000000,,65.167749,87.500000,93.030257,0.040673,-0.064491,0.105164,20.902037,35.195540,12.550911,0.576158,0.529070,0.963224,0.012510,0.418145,0.315789,,285.882353,36.315789,1.448805,0.758322
2025-11-21T05:45:00Z,0.948077,no_impulse,0,ABBOTINDIA,1h,-1.000000,131.250000,1.765299,2.000000,0.882650,-0.343824,-0.322207,-1.024261,1.363327,3.000000,71.428571,0.454442,3.000000,49.983212,45.054945,47.756410,0.000000,0.004876,0.029017,-0.024141,14.004094,21.261497,18.409352,-0.017353,0.077300,-0.604090,0.485419,0.011899,1.872910,11.000000,43.076923,0.170265,2.000000,40.829421,5.357143,11.973892,0.000000,-0.046026,0.058122,-0.104148,13.617924,18.324988,17.595115,-0.566222,-0.488260,-1.217225,0.036229,0.012140,4.545455,15.000000,115.555556,0.303030,7.000000,52.724922,58.333333,80.507663,1.000000,0.213344,0.174416,0.038928,16.255558,21.611403,15.938069,0.096514,0.328325,-0.504591,0.544327,0.021794,3.784693,27.000000,111.940299,0.140174,4.000000,45.325187,68.720379,36.240126,1.000000,-0.074506,0.012362,-0.086869,19.285673,11.863498,38.753512,-0.327954,-0.351885,-1.539952,0.293583,0.015836,3.499304,8.000000,56.779661,0.437413,3.000000,59.156989,81.592040,83.282003,1.000000,0.091465,-0.105932,0.197397,22.034456,35.854830,15.939994,0.784556,0.575501,-1.119425,0.702062,0.039134,5.805182,9.000000,145.679012,0.645020,8.000000,31.409854,3.954802,3.480084,1.000000,-0.426226,-0.160951,-0.265276,19.486898,24.239835,26.970710,-1.483584,-2.032325,-3.906380,0.113287,0.037803,4.150299,3.000000,285.882353,1.383433,1.000000,53.245400,41.935484,67.582098,1.000000,0.170414,-0.020125,0.190539,24.360640,37.502518,16.603146,0.280594,0.050046,-1.652276,0.574501,0.037769,1.430976,1.000000,46.448087,1.430976,2.000000,63.876205,97.435897,76.313705,1.000000,0.035928,-0.191874,0.227802,23.428816,26.653393,14.153466,1.295762,0.895614,-0.886791,0.896304,0.033125,3.178739,9.000000,97.340426,0.353193,3.000000,3.162321,12.000000,272.463768,0.263527,4.000000,1.174268,0.000000,36.315789,0.000000,8.000000,3.132212,43.000000,190.000000,0.072842,8.000000,1.676165,2.000000,119.047619,0.838082,1.000000,1.388430,1.000000,64.615385,1.388430,2.000000,2.195946,2.000000,100.000000,1.097973,3.000000,2.148760,27.000000,146.067416,0.079584,4.000000,1.493038,1.000000,92.708333,1.493038,3.000000,1.584943,10.000000,67.605634,0.158494,2.000000,2.400676,5.000000,104.411765,0.480135,7.000000,2.247562,14.000000,130.769231,0.160540,4.000000,4.000000,2.000000,16.000000,-1.000000,,,,47.854845,51.587302,50.970018,-0.427729,-0.647609,0.219880,17.623220,14.636566,21.448053,-0.027413,-1.753933,0.492520,0.036636,,0.000000,,36.860044,7.216495,8.138661,-0.148639,-0.067574,-0.081065,19.258968,17.463096,25.913098,-0.548139,-0.711840,0.128113,0.014659,0.538313,0.204082,,285.882353,43.076923,1.419494,0.594513
2025-11-24T09:45:00Z,0.966899,no_impulse,0,ABBOTINDIA,1h,1.000000,110.476190,1.985282,11.000000,0.180480,0.731802,0.833110,0.266632,1.765299,2.000000,131.250000,0.882650,4.000000,45.502273,34.482759,28.130691,1.000000,-0.082605,-0.007673,-0.074932,14.055556,17.220555,24.254486,-0.343824,-0.322207,-1.024261,0.261645,0.014375,1.363327,3.000000,71.428571,0.454442,3.000000,49.983212,45.054945,47.756410,0.000000,0.004876,0.029017,-0.024141,14.004094,21.261497,18.409352,-0.017353,0.077300,-0.604090,0.485419,0.011899,1.872910,11.000000,43.076923,0.170265,2.000000,40.829421,5.357143,11.973892,0.000000,-0.046026,0.058122,-0.104148,13.617924,18.324988,17.595115,-0.566222,-0.488260,-1.217225,0.036229,0.012140,4.545455,15.000000,115.555556,0.303030,7.000000,52.724922,58.333333,80.507663,1.000000,0.213344,0.174416,0.038928,16.255558,21.611403,15.938069,0.096514,0.328325,-0.504591,0.544327,0.021794,3.784693,27.000000,111.940299,0.140174,4.000000,45.325187,68.720379,36.240126,1.000000,-0.074506,0.012362,-0.086869,19.285673,11.863498,38.753512,-0.327954,-0.351885,-1.539952,0.293583,0.015836,3.499304,8.000000,56.779661,0.437413,3.000000,59.156989,81.592040,83.282003,1.000000,0.091465,-0.105932,0.197397,22.034456,35.854830,15.939994,0.784556,0.575501,-1.119425,0.702062,0.039134,5.805182,9.000000,145.679012,0.645020,8.000000,31.409854,3.954802,3.480084,1.000000,-0.426226,-0.160951,-0.265276,19.486898,24.239835,26.970710,-1.483584,-2.032325,-3.906380,0.113287,0.037803,4.150299,3.000000,285.882353,1.383433,1.000000,53.245400,41.935484,67.582098,1.000000,0.170414,-0.020125,0.190539,24.360640,37.502518,16.603146,0.280594,0.050046,-1.652276,0.574501,0.037769,1.430976,1.000000,46.448087,1.430976,2.000000,3.178739,9.000000,97.340426,0.353193,3.000000,3.162321,12.000000,272.463768,0.263527,4.000000,1.174268,0.000000,36.315789,0.000000,8.000000,3.132212,43.000000,190.000000,0.072842,8.000000,1.676165,2.000000,119.047619,0.838082,1.000000,1.388430,1.000000,64.615385,1.388430,2.000000,2.195946,2.000000,100.000000,1.097973,3.000000,2.148760,27.000000,146.067416,0.079584,4.000000,1.493038,1.000000,92.708333,1.493038,3.000000,1.584943,10.000000,67.605634,0.158494,2.000000,2.400676,5.000000,104.411765,0.480135,7.000000,7.000000,3.000000,27.000000,-1.000000,,,,59.515983,78.102190,62.189266,-0.152721,-0.492423,0.339702,17.273737,22.657042,17.137435,1.836605,0.406182,0.970312,0.039781,,0.000000,,66.576751,94.915254,60.805085,0.136067,0.090400,0.045667,36.196256,31.762491,7.705625,0.699434,0.833687,1.248016,0.009416,0.632332,1.250000,,285.882353,43.076923,1.498817,0.422804
2025-11-25T03:45:00Z,0.953107,no_impulse,0,ABBOTINDIA,1h,-1.000000,73.275862,1.426414,1.000000,1.426414,0.008969,0.107567,-0.454077,1.985282,11.000000,110.476190,0.180480,7.000000,61.173685,97.413793,81.677614,0.000000,0.097635,0.013773,0.083862,9.605269,22.438363,16.980597,0.731802,0.833110,0.266632,1.022757,0.014102,1.765299,2.000000,131.250000,0.882650,4.000000,45.502273,34.482759,28.130691,1.000000,-0.082605,-0.007673,-0.074932,14.055556,17.220555,24.254486,-0.343824,-0.322207,-1.024261,0.261645,0.014375,1.363327,3.000000,71.428571,0.454442,3.000000,49.983212,45.054945,47.756410,0.000000,0.004876,0.029017,-0.024141,14.004094,21.261497,18.409352,-0.017353,0.077300,-0.604090,0.485419,0.011899,1.872910,11.000000,43.076923,0.170265,2.000000,40.829421,5.357143,11.973892,0.000000,-0.046026,0.058122,-0.104148,13.617924,18.324988,17.595115,-0.566222,-0.488260,-1.217225,0.036229,0.012140,4.545455,15.000000,115.555556,0.303030,7.000000,52.724922,58.333333,80.507663,1.000000,0.213344,0.174416,0.038928,16.255558,21.611403,15.938069,0.096514,0.328325,-0.504591,0.544327,0.021794,3.784693,27.000000,111.940299,0.140174,4.000000,45.325187,68.720379,36.240126,1.000000,-0.074506,0.012362,-0.086869,19.285673,11.863498,38.753512,-0.327954,-0.351885,-1.539952,0.293583,0.015836,3.499304,8.000000,56.779661,0.437413,3.000000,59.156989,81.592040,83.282003,1.000000,0.091465,-0.105932,0.197397,22.034456,35.854830,15.939994,0.784556,0.575501,-1.119425,0.702062,0.039134,5.805182,9.000000,145.679012,0.645020,8.000000,31.409854,3.954802,3.480084,1.000000,-0.426226,-0.160951,-0.265276,19.486898,24.239835,26.970710,-1.483584,-2.032325,-3.906380,0.113287,0.037803,4.150299,3.000000,285.882353,1.383433,1.000000,1.430976,1.000000,46.448087,1.430976,2.000000,3.178739,9.000000,97.340426,0.353193,3.000000,3.162321,12.000000,272.463768,0.263527,4.000000,1.174268,0.000000,36.315789,0.000000,8.000000,3.132212,43.000000,190.000000,0.072842,8.000000,1.676165,2.000000,119.047619,0.838082,1.000000,1.388430,1.000000,64.615385,1.388430,2.000000,2.195946,2.000000,100.000000,1.097973,3.000000,2.148760,27.000000,146.067416,0.079584,4.000000,1.493038,1.000000,92.708333,1.493038,3.000000,1.584943,10.000000,67.605634,0.158494,2.000000,2.000000,1.000000,1.000000,-1.000000,,,,59.515983,78.102190,62.189266,-0.152721,-0.492423,0.339702,17.273737,22.657042,17.137435,1.836605,0.406182,0.970312,0.039781,,0.000000,,47.814446,5.084746,54.166667,0.104544,0.093878,0.010666,36.086833,25.799220,12.517118,-0.173836,-0.054453,0.312929,0.009276,0.472280,0.111111,,285.882353,43.076923,1.542243,0.501213
2025-11-25T09:45:00Z,0.994808,no_impulse,0,ABBOTINDIA,1h,1.000000,302.352941,4.375213,6.000000,0.729202,1.279193,1.559298,1.169488,1.426414,1.000000,73.275862,1.426414,2.000000,50.484858,60.344828,78.617953,1.000000,0.086131,0.028325,0.057807,9.638009,18.906515,23.137694,0.008969,0.107567,-0.454077,0.506342,0.014143,1.985282,11.000000,110.476190,0.180480,7.000000,61.173685,97.413793,81.677614,0.000000,0.097635,0.013773,0.083862,9.605269,22.438363,16.980597,0.731802,0.833110,0.266632,1.022757,0.014102,1.765299,2.000000,131.250000,0.882650,4.000000,45.502273,34.482759,28.130691,1.000000,-0.082605,-0.007673,-0.074932,14.055556,17.220555,24.254486,-0.343824,-0.322207,-1.024261,0.261645,0.014375,1.363327,3.000000,71.428571,0.454442,3.000000,49.983212,45.054945,47.756410,0.000000,0.004876,0.029017,-0.024141,14.004094,21.261497,18.409352,-0.017353,0.077300,-0.604090,0.485419,0.011899,1.872910,11.000000,43.076923,0.170265,2.000000,40.829421,5.357143,11.973892,0.000000,-0.046026,0.058122,-0.104148,13.617924,18.324988,17.595115,-0.566222,-0.488260,-1.217225,0.036229,0.012140,4.545455,15.000000,115.555556,0.303030,7.000000,52.724922,58.333333,80.507663,1.000000,0.213344,0.174416,0.038928,16.255558,21.611403,15.938069,0.096514,0.328325,-0.504591,0.544327,0.021794,3.784693,27.000000,111.940299,0.140174,4.000000,45.325187,68.720379,36.240126,1.000000,-0.074506,0.012362,-0.086869,19.285673,11.863498,38.753512,-0.327954,-0.351885,-1.539952,0.293583,0.015836,3.499304,8.000000,56.779661,0.437413,3.000000,59.156989,81.592040,83.282003,1.000000,0.091465,-0.105932,0.197397,22.034456,35.854830,15.939994,0.784556,0.575501,-1.119425,0.702062,0.039134,5.805182,9.000000,145.679012,0.645020,8.000000,4.150299,3.000000,285.882353,1.383433,1.000000,1.430976,1.000000,46.448087,1.430976,2.000000,3.178739,9.000000,97.340426,0.353193,3.000000,3.162321,12.000000,272.463768,0.263527,4.000000,1.174268,0.000000,36.315789,0.000000,8.000000,3.132212,43.000000,190.000000,0.072842,8.000000,1.676165,2.000000,119.047619,0.838082,1.000000,1.388430,1.000000,64.615385,1.388430,2.000000,2.195946,2.000000,100.000000,1.097973,3.000000,2.148760,27.000000,146.067416,0.079584,4.000000,1.493038,1.000000,92.708333,1.493038,3.000000,1.000000,2.000000,7.000000,-1.000000,,,,55.643328,69.343066,68.107854,-0.043955,-0.405091,0.361136,17.030633,21.809251,16.496178,1.129247,-0.183398,0.772323,0.041941,,0.000000,,73.128378,47.136564,76.899403,0.320450,0.212822,0.107628,41.530136,58.764042,4.343625,1.007302,1.359911,1.024698,0.019393,1.448834,0.666667,,285.882353,43.076923,1.542766,0.665279
2025-11-27T03:45:00Z,0.967061,no_impulse,0,ABBOTINDIA,1h,-1.000000,66.536965,2.789105,8.000000,0.348638,-0.074431,0.423008,0.330973,4.375213,6.000000,302.352941,0.729202,1.000000,67.889183,53.307393,83.415390,0.000000,0.302284,0.137716,0.164568,13.190378,42.583757,13.935419,1.279193,1.559298,1.169488,1.040072,0.023993,1.426414,1.000000,73.275862,1.426414,2.000000,50.484858,60.344828,78.617953,1.000000,0.086131,0.028325,0.057807,9.638009,18.906515,23.137694,0.008969,0.107567,-0.454077,0.506342,0.014143,1.985282,11.000000,110.476190,0.180480,7.000000,61.173685,97.413793,81.677614,0.000000,0.097635,0.013773,0.083862,9.605269,22.438363,16.980597,0.731802,0.833110,0.266632,1.022757,0.014102,1.765299,2.000000,131.250000,0.882650,4.000000,45.502273,34.482759,28.130691,1.000000,-0.082605,-0.007673,-0.074932,14.055556,17.220555,24.254486,-0.343824,-0.322207,-1.024261,0.261645,0.014375,1.363327,3.000000,71.428571,0.454442,3.000000,49.983212,45.054945,47.756410,0.000000,0.004876,0.029017,-0.024141,14.004094,21.261497,18.409352,-0.017353,0.077300,-0.604090,0.485419,0.011899,1.872910,11.000000,43.076923,0.170265,2.000000,40.829421,5.357143,11.973892,0.000000,-0.046026,0.058122,-0.104148,13.617924,18.324988,17.595115,-0.566222,-0.488260,-1.217225,0.036229,0.012140,4.545455,15.000000,115.555556,0.303030,7.000000,52.724922,58.333333,80.507663,1.000000,0.213344,0.174416,0.038928,16.255558,21.611403,15.938069,0.096514,0.328325,-0.504591,0.544327,0.021794,3.784693,27.000000,111.940299,0.140174,4.000000,45.325187,68.720379,36.240126,1.000000,-0.074506,0.012362,-0.086869,19.285673,11.863498,38.753512,-0.327954,-0.351885,-1.539952,0.293583,0.015836,3.499304,8.000000,56.779661,0.437413,3.000000,5.805182,9.000000,145.679012,0.645020,8.000000,4.150299,3.000000,285.882353,1.383433,1.000000,1.430976,1.000000,46.448087,1.430976,2.000000,3.178739,9.000000,97.340426,0.353193,3.000000,3.162321,12.000000,272.463768,0.263527,4.000000,1.174268,0.000000,36.315789,0.000000,8.000000,3.132212,43.000000,190.000000,0.072842,8.000000,1.676165,2.000000,119.047619,0.838082,1.000000,1.388430,1.000000,64.615385,1.388430,2.000000,2.195946,2.000000,100.000000,1.097973,3.000000,2.148760,27.000000,146.067416,0.079584,4.000000,2.000000,3.000000,15.000000,-1.000000,,,,45.321676,40.875912,62.773723,-0.115192,-0.353551,0.238359,16.158462,19.433789,21.402181,-0.755843,-2.088875,0.319676,0.041601,,0.000000,,40.823098,3.658537,14.552846,0.102583,0.174397,-0.071814,74.999003,40.144821,3.223851,-0.313668,0.052313,-0.240095,0.004225,0.916773,0.860215,,302.352941,43.076923,1.562590,1.556904
2025-11-27T03:45:00Z,0.983287,no_impulse,0,ABBOTINDIA,1h,1.000000,58.479532,1.677852,0.000000,0.000000,-0.074431,0.423008,0.330973,2.789105,8.000000,66.536965,0.348638,2.000000,51.517401,28.448276,43.464600,0.000000,0.382121,0.374618,0.007503,31.160190,38.846323,9.019788,-0.074431,0.423008,0.330973,0.472984,0.027530,4.375213,6.000000,302.352941,0.729202,1.000000,67.889183,53.307393,83.415390,0.000000,0.302284,0.137716,0.164568,13.190378,42.583757,13.935419,1.279193,1.559298,1.169488,1.040072,0.023993,1.426414,1.000000,73.275862,1.426414,2.000000,50.484858,60.344828,78.617953,1.000000,0.086131,0.028325,0.057807,9.638009,18.906515,23.137694,0.008969,0.107567,-0.454077,0.506342,0.014143,1.985282,11.000000,110.476190,0.180480,7.000000,61.173685,97.413793,81.677614,0.000000,0.097635,0.013773,0.083862,9.605269,22.438363,16.980597,0.731802,0.833110,0.266632,1.022757,0.014102,1.765299,2.000000,131.250000,0.882650,4.000000,45.502273,34.482759,28.130691,1.000000,-0.082605,-0.007673,-0.074932,14.055556,17.220555,24.254486,-0.343824,-0.322207,-1.024261,0.261645,0.014375,1.363327,3.000000,71.428571,0.454442,3.000000,49.983212,45.054945,47.756410,0.000000,0.004876,0.029017,-0.024141,14.004094,21.261497,18.409352,-0.017353,0.077300,-0.604090,0.485419,0.011899,1.872910,11.000000,43.076923,0.170265,2.000000,40.829421,5.357143,11.973892,0.000000,-0.046026,0.058122,-0.104148,13.617924,18.324988,17.595115,-0.566222,-0.488260,-1.217225,0.036229,0.012140,4.545455,15.000000,115.555556,0.303030,7.000000,52.724922,58.333333,80.507663,1.000000,0.213344,0.174416,0.038928,16.255558,21.611403,15.938069,0.096514,0.328325,-0.504591,0.544327,0.021794,3.784693,27.000000,111.940299,0.140174,4.000000,3.499304,8.000000,56.779661,0.437413,3.000000,5.805182,9.000000,145.679012,0.645020,8.000000,4.150299,3.000000,285.882353,1.383433,1.000000,1.430976,1.000000,46.448087,1.430976,2.000000,3.178739,9.000000,97.340426,0.353193,3.000000,3.162321,12.000000,272.463768,0.263527,4.000000,1.174268,0.000000,36.315789,0.000000,8.000000,3.132212,43.000000,190.000000,0.072842,8.000000,1.676165,2.000000,119.047619,0.838082,1.000000,1.388430,1.000000,64.615385,1.388430,2.000000,2.195946,2.000000,100.000000,1.097973,3.000000,2.000000,4.000000,15.000000,-1.000000,,,,45.321676,40.875912,62.773723,-0.115192,-0.353551,0.238359,16.158462,19.433789,21.402181,-0.755843,-2.088875,0.319676,0.041601,,0.000000,,40.823098,3.658537,14.552846,0.102583,0.174397,-0.071814,74.999003,40.144821,3.223851,-0.313668,0.052313,-0.240095,0.004225,0.612198,0.000000,92.000000,302.352941,43.076923,1.224570,1.679876
2025-11-28T04:45:00Z,0.949213,no_impulse,0,ABBOTINDIA,1h,-1.000000,210.000000,3.465347,8.000000,0.433168,-1.100925,-1.132014,-1.385228,1.677852,0.000000,58.479532,0.000000,2.000000,51.517401,28.448276,43.464600,0.000000,0.382121,0.374618,0.007503,31.160190,38.846323,9.019788,-0.074431,0.423008,0.330973,0.472984,0.027530,2.789105,8.000000,66.536965,0.348638,2.000000,51.517401,28.448276,43.464600,0.000000,0.382121,0.374618,0.007503,31.160190,38.846323,9.019788,-0.074431,0.423008,0.330973,0.472984,0.027530,4.375213,6.000000,302.352941,0.729202,1.000000,67.889183,53.307393,83.415390,0.000000,0.302284,0.137716,0.164568,13.190378,42.583757,13.935419,1.279193,1.559298,1.169488,1.040072,0.023993,1.426414,1.000000,73.275862,1.426414,2.000000,50.484858,60.344828,78.617953,1.000000,0.086131,0.028325,0.057807,9.638009,18.906515,23.137694,0.008969,0.107567,-0.454077,0.506342,0.014143,1.985282,11.000000,110.476190,0.180480,7.000000,61.173685,97.413793,81.677614,0.000000,0.097635,0.013773,0.083862,9.605269,22.438363,16.980597,0.731802,0.833110,0.266632,1.022757,0.014102,1.765299,2.000000,131.250000,0.882650,4.000000,45.502273,34.482759,28.130691,1.000000,-0.082605,-0.007673,-0.074932,14.055556,17.220555,24.254486,-0.343824,-0.322207,-1.024261,0.261645,0.014375,1.363327,3.000000,71.428571,0.454442,3.000000,49.983212,45.054945,47.756410,0.000000,0.004876,0.029017,-0.024141,14.004094,21.261497,18.409352,-0.017353,0.077300,-0.604090,0.485419,0.011899,1.872910,11.000000,43.076923,0.170265,2.000000,40.829421,5.357143,11.973892,0.000000,-0.046026,0.058122,-0.104148,13.617924,18.324988,17.595115,-0.566222,-0.488260,-1.217225,0.036229,0.012140,4.545455,15.000000,115.555556,0.303030,7.000000,3.784693,27.000000,111.940299,0.140174,4.000000,3.499304,8.000000,56.779661,0.437413,3.000000,5.805182,9.000000,145.679012,0.645020,8.000000,4.150299,3.000000,285.882353,1.383433,1.000000,1.430976,1.000000,46.448087,1.430976,2.000000,3.178739,9.000000,97.340426,0.353193,3.000000,3.162321,12.000000,272.463768,0.263527,4.000000,1.174268,0.000000,36.315789,0.000000,8.000000,3.132212,43.000000,190.000000,0.072842,8.000000,1.676165,2.000000,119.047619,0.838082,1.000000,1.388430,1.000000,64.615385,1.388430,2.000000,4.000000,1.000000,23.000000,-1.000000,,,,55.065300,71.776156,60.665045,0.002991,-0.276270,0.279262,15.636311,17.107377,20.428698,1.240884,0.064005,0.780568,0.044783,,0.000000,,20.671704,3.030303,8.888739,-0.395199,-0.377978,-0.017221,22.506622,14.239491,16.661259,-0.603668,-1.125125,0.037240,0.012967,1.354416,0.952381,100.000000,302.352941,43.076923,1.234618,1.707974
2025-11-28T08:45:00Z,0.976797,no_impulse,0,ABBOTINDIA,1h,1.000000,80.952381,2.905983,4.000000,0.726496,1.291384,1.334937,1.128419,3.465347,8.000000,210.000000,0.433168,4.000000,29.820929,4.761905,4.751379,1.000000,-0.290185,-0.031509,-0.258676,28.109308,28.552322,18.770891,-1.100925,-1.132014,-1.385228,0.199554,0.036244,1.677852,0.000000,58.479532,0.000000,2.000000,51.517401,28.448276,43.464600,0.000000,0.382121,0.374618,0.007503,31.160190,38.846323,9.019788,-0.074431,0.423008,0.330973,0.472984,0.027530,2.789105,8.000000,66.536965,0.348638,2.000000,51.517401,28.448276,43.464600,0.000000,0.382121,0.374618,0.007503,31.160190,38.846323,9.019788,-0.074431,0.423008,0.330973,0.472984,0.027530,4.375213,6.000000,302.352941,0.729202,1.000000,67.889183,53.307393,83.415390,0.000000,0.302284,0.137716,0.164568,13.190378,42.583757,13.935419,1.279193,1.559298,1.169488,1.040072,0.023993,1.426414,1.000000,73.275862,1.426414,2.000000,50.484858,60.344828,78.617953,1.000000,0.086131,0.028325,0.057807,9.638009,18.906515,23.137694,0.008969,0.107567,-0.454077,0.506342,0.014143,1.985282,11.000000,110.476190,0.180480,7.000000,61.173685,97.413793,81.677614,0.000000,0.097635,0.013773,0.083862,9.605269,22.438363,16.980597,0.731802,0.833110,0.266632,1.022757,0.014102,1.765299,2.000000,131.250000,0.882650,4.000000,45.502273,34.482759,28.130691,1.000000,-0.082605,-0.007673,-0.074932,14.055556,17.220555,24.254486,-0.343824,-0.322207,-1.024261,0.261645,0.014375,1.363327,3.000000,71.428571,0.454442,3.000000,49.983212,45.054945,47.756410,0.000000,0.004876,0.029017,-0.024141,14.004094,21.261497,18.409352,-0.017353,0.077300,-0.604090,0.485419,0.011899,1.872910,11.000000,43.076923,0.170265,2.000000,4.545455,15.000000,115.555556,0.303030,7.000000,3.784693,27.000000,111.940299,0.140174,4.000000,3.499304,8.000000,56.779661,0.437413,3.000000,5.805182,9.000000,145.679012,0.645020,8.000000,4.150299,3.000000,285.882353,1.383433,1.000000,1.430976,1.000000,46.448087,1.430976,2.000000,3.178739,9.000000,97.340426,0.353193,3.000000,3.162321,12.000000,272.463768,0.263527,4.000000,1.174268,0.000000,36.315789,0.000000,8.000000,3.132212,43.000000,190.000000,0.072842,8.000000,1.676165,2.000000,119.047619,0.838082,1.000000,3.000000,2.000000,27.000000,-1.000000,,,,55.065300,71.776156,60.665045,0.002991,-0.276270,0.279262,15.636311,17.107377,20.428698,1.240884,0.064005,0.780568,0.044783,,0.000000,,68.128386,97.701149,95.384478,0.133165,0.013049,0.120117,40.003240,30.191787,6.524292,0.465479,0.364820,0.745008,0.019087,1.150146,0.615385,104.000000,302.352941,43.076923,1.203107,1.018672
2025-12-02T03:45:00Z,0.952458,no_impulse,0,ABBOTINDIA,1h,-1.000000,88.235294,2.491694,9.000000,0.276855,-1.135587,-1.060723,-1.189304,2.905983,4.000000,80.952381,0.726496,3.000000,65.178239,75.714286,48.888889,0.000000,-0.052868,-0.112170,0.059302,32.114621,44.990136,12.111949,1.291384,1.334937,1.128419,0.860667,0.036274,3.465347,8.000000,210.000000,0.433168,4.000000,29.820929,4.761905,4.751379,1.000000,-0.290185,-0.031509,-0.258676,28.109308,28.552322,18.770891,-1.100925,-1.132014,-1.385228,0.199554,0.036244,1.677852,0.000000,58.479532,0.000000,2.000000,51.517401,28.448276,43.464600,0.000000,0.382121,0.374618,0.007503,31.160190,38.846323,9.019788,-0.074431,0.423008,0.330973,0.472984,0.027530,2.789105,8.000000,66.536965,0.348638,2.000000,51.517401,28.448276,43.464600,0.000000,0.382121,0.374618,0.007503,31.160190,38.846323,9.019788,-0.074431,0.423008,0.330973,0.472984,0.027530,4.375213,6.000000,302.352941,0.729202,1.000000,67.889183,53.307393,83.415390,0.000000,0.302284,0.137716,0.164568,13.190378,42.583757,13.935419,1.279193,1.559298,1.169488,1.040072,0.023993,1.426414,1.000000,73.275862,1.426414,2.000000,50.484858,60.344828,78.617953,1.000000,0.086131,0.028325,0.057807,9.638009,18.906515,23.137694,0.008969,0.107567,-0.454077,0.506342,0.014143,1.985282,11.000000,110.476190,0.180480,7.000000,61.173685,97.413793,81.677614,0.000000,0.097635,0.013773,0.083862,9.605269,22.438363,16.980597,0.731802,0.833110,0.266632,1.022757,0.014102,1.765299,2.000000,131.250000,0.882650,4.000000,45.502273,34.482759,28.130691,1.000000,-0.082605,-0.007673,-0.074932,14.055556,17.220555,24.254486,-0.343824,-0.322207,-1.024261,0.261645,0.014375,1.363327,3.000000,71.428571,0.454442,3.000000,1.872910,11.000000,43.076923,0.170265,2.000000,4.545455,15.000000,115.555556,0.303030,7.000000,3.784693,27.000000,111.940299,0.140174,4.000000,3.499304,8.000000,56.779661,0.437413,3.000000,5.805182,9.000000,145.679012,0.645020,8.000000,4.150299,3.000000,285.882353,1.383433,1.000000,1.430976,1.000000,46.448087,1.430976,2.000000,3.178739,9.000000,97.340426,0.353193,3.000000,3.162321,12.000000,272.463768,0.263527,4.000000,1.174268,0.000000,36.315789,0.000000,8.000000,3.132212,43.000000,190.000000,0.072842,8.000000,2.000000,1.000000,36.000000,-1.000000,,,,43.509222,31.143552,53.933496,-0.115347,-0.201088,0.085741,15.655744,14.432175,22.674010,-1.460827,-2.648772,0.144147,0.040460,,0.000000,,40.233272,0.000000,36.734694,0.058614,0.100437,-0.041824,42.154448,19.218901,19.468189,-0.457606,-0.321622,0.018678,0.009464,1.054608,1.666667,113.000000,302.352941,43.076923,0.990322,0.936961
2025-12-02T03:45:00Z,0.973552,no_impulse,0,ABBOTINDIA,1h,1.000000,86.666667,2.214651,0.000000,0.000000,-1.135587,-1.060723,-1.189304,2.491694,9.000000,88.235294,0.276855,2.000000,40.073488,10.426540,37.914692,1.000000,-0.016663,0.030607,-0.047270,34.054440,30.361774,26.792861,-1.135587,-1.060723,-1.189304,0.129146,0.030277,2.905983,4.000000,80.952381,0.726496,3.000000,65.178239,75.714286,48.888889,0.000000,-0.052868,-0.112170,0.059302,32.114621,44.990136,12.111949,1.291384,1.334937,1.128419,0.860667,0.036274,3.465347,8.000000,210.000000,0.433168,4.000000,29.820929,4.761905,4.751379,1.000000,-0.290185,-0.031509,-0.258676,28.109308,28.552322,18.770891,-1.100925,-1.132014,-1.385228,0.199554,0.036244,1.677852,0.000000,58.479532,0.000000,2.000000,51.517401,28.448276,43.464600,0.000000,0.382121,0.374618,0.007503,31.160190,38.846323,9.019788,-0.074431,0.423008,0.330973,0.472984,0.027530,2.789105,8.000000,66.536965,0.348638,2.000000,51.517401,28.448276,43.464600,0.000000,0.382121,0.374618,0.007503,31.160190,38.846323,9.019788,-0.074431,0.423008,0.330973,0.472984,0.027530,4.375213,6.000000,302.352941,0.729202,1.000000,67.889183,53.307393,83.415390,0.000000,0.302284,0.137716,0.164568,13.190378,42.583757,13.935419,1.279193,1.559298,1.169488,1.040072,0.023993,1.426414,1.000000,73.275862,1.426414,2.000000,50.484858,60.344828,78.617953,1.000000,0.086131,0.028325,0.057807,9.638009,18.906515,23.137694,0.008969,0.107567,-0.454077,0.506342,0.014143,1.985282,11.000000,110.476190,0.180480,7.000000,61.173685,97.413793,81.677614,0.000000,0.097635,0.013773,0.083862,9.605269,22.438363,16.980597,0.731802,0.833110,0.266632,1.022757,0.014102,1.765299,2.000000,131.250000,0.882650,4.000000,1.363327,3.000000,71.428571,0.454442,3.000000,1.872910,11.000000,43.076923,0.170265,2.000000,4.545455,15.000000,115.555556,0.303030,7.000000,3.784693,27.000000,111.940299,0.140174,4.000000,3.499304,8.000000,56.779661,0.437413,3.000000,5.805182,9.000000,145.679012,0.645020,8.000000,4.150299,3.000000,285.882353,1.383433,1.000000,1.430976,1.000000,46.448087,1.430976,2.000000,3.178739,9.000000,97.340426,0.353193,3.000000,3.162321,12.000000,272.463768,0.263527,4.000000,1.174268,0.000000,36.315789,0.000000,8.000000,2.000000,2.000000,36.000000,-1.000000,,,,43.509222,31.143552,53.933496,-0.115347,-0.201088,0.085741,15.655744,14.432175,22.674010,-1.460827,-2.648772,0.144147,0.040460,,0.000000,,40.233272,0.000000,36.734694,0.058614,0.100437,-0.041824,42.154448,19.218901,19.468189,-0.457606,-0.321622,0.018678,0.009464,0.913427,0.000000,113.000000,302.352941,58.479532,0.975541,1.002358
2025-12-02T09:45:00Z,0.945319,no_impulse,0,ABBOTINDIA,1h,-1.000000,133.846154,2.900000,6.000000,0.483333,-1.020263,-1.317501,-1.655679,2.214651,0.000000,86.666667,0.000000,2.000000,40.073488,10.426540,37.914692,0.000000,-0.016663,0.030607,-0.047270,34.054440,30.361774,26.792861,-1.135587,-1.060723,-1.189304,0.129146,0.030277,2.491694,9.000000,88.235294,0.276855,2.000000,40.073488,10.426540,37.914692,1.000000,-0.016663,0.030607,-0.047270,34.054440,30.361774,26.792861,-1.135587,-1.060723,-1.189304,0.129146,0.030277,2.905983,4.000000,80.952381,0.726496,3.000000,65.178239,75.714286,48.888889,0.000000,-0.052868,-0.112170,0.059302,32.114621,44.990136,12.111949,1.291384,1.334937,1.128419,0.860667,0.036274,3.465347,8.000000,210.000000,0.433168,4.000000,29.820929,4.761905,4.751379,1.000000,-0.290185,-0.031509,-0.258676,28.109308,28.552322,18.770891,-1.100925,-1.132014,-1.385228,0.199554,0.036244,1.677852,0.000000,58.479532,0.000000,2.000000,51.517401,28.448276,43.464600,0.000000,0.382121,0.374618,0.007503,31.160190,38.846323,9.019788,-0.074431,0.423008,0.330973,0.472984,0.027530,2.789105,8.000000,66.536965,0.348638,2.000000,51.517401,28.448276,43.464600,0.000000,0.382121,0.374618,0.007503,31.160190,38.846323,9.019788,-0.074431,0.423008,0.330973,0.472984,0.027530,4.375213,6.000000,302.352941,0.729202,1.000000,67.889183,53.307393,83.415390,0.000000,0.302284,0.137716,0.164568,13.190378,42.583757,13.935419,1.279193,1.559298,1.169488,1.040072,0.023993,1.426414,1.000000,73.275862,1.426414,2.000000,50.484858,60.344828,78.617953,1.000000,0.086131,0.028325,0.057807,9.638009,18.906515,23.137694,0.008969,0.107567,-0.454077,0.506342,0.014143,1.985282,11.000000,110.476190,0.180480,7.000000,1.765299,2.000000,131.250000,0.882650,4.000000,1.363327,3.000000,71.428571,0.454442,3.000000,1.872910,11.000000,43.076923,0.170265,2.000000,4.545455,15.000000,115.555556,0.303030,7.000000,3.784693,27.000000,111.940299,0.140174,4.000000,3.499304,8.000000,56.779661,0.437413,3.000000,5.805182,9.000000,145.679012,0.645020,8.000000,4.150299,3.000000,285.882353,1.383433,1.000000,1.430976,1.000000,46.448087,1.430976,2.000000,3.178739,9.000000,97.340426,0.353193,3.000000,3.162321,12.000000,272.463768,0.263527,4.000000,4.000000,1.000000,42.000000,-1.000000,,,,39.664548,14.111922,34.712084,-0.322573,-0.227334,-0.095239,16.628597,13.030106,23.817495,-2.433824,-3.739712,-0.028336,0.044971,,0.000000,,38.656798,28.571429,31.859992,-0.312971,-0.356050,0.043078,30.554375,22.347459,20.951558,-0.290758,-0.798498,0.147271,0.008219,1.155524,1.224490,119.000000,302.352941,58.479532,0.907408,0.959662
2025-12-03T03:45:00Z,0.964465,no_impulse,0,ABBOTINDIA,1h,1.000000,67.816092,2.025403,1.000000,2.025403,-0.751263,-1.082825,-1.449991,2.900000,6.000000,133.846154,0.483333,4.000000,38.256754,6.542056,7.093192,0.000000,-0.408582,-0.224661,-0.183921,22.556580,24.616689,25.496420,-1.020263,-1.317501,-1.655679,0.232870,0.037808,2.214651,0.000000,86.666667,0.000000,2.000000,40.073488,10.426540,37.914692,0.000000,-0.016663,0.030607,-0.047270,34.054440,30.361774,26.792861,-1.135587,-1.060723,-1.189304,0.129146,0.030277,2.491694,9.000000,88.235294,0.276855,2.000000,40.073488,10.426540,37.914692,1.000000,-0.016663,0.030607,-0.047270,34.054440,30.361774,26.792861,-1.135587,-1.060723,-1.189304,0.129146,0.030277,2.905983,4.000000,80.952381,0.726496,3.000000,65.178239,75.714286,48.888889,0.000000,-0.052868,-0.112170,0.059302,32.114621,44.990136,12.111949,1.291384,1.334937,1.128419,0.860667,0.036274,3.465347,8.000000,210.000000,0.433168,4.000000,29.820929,4.761905,4.751379,1.000000,-0.290185,-0.031509,-0.258676,28.109308,28.552322,18.770891,-1.100925,-1.132014,-1.385228,0.199554,0.036244,1.677852,0.000000,58.479532,0.000000,2.000000,51.517401,28.448276,43.464600,0.000000,0.382121,0.374618,0.007503,31.160190,38.846323,9.019788,-0.074431,0.423008,0.330973,0.472984,0.027530,2.789105,8.000000,66.536965,0.348638,2.000000,51.517401,28.448276,43.464600,0.000000,0.382121,0.374618,0.007503,31.160190,38.846323,9.019788,-0.074431,0.423008,0.330973,0.472984,0.027530,4.375213,6.000000,302.352941,0.729202,1.000000,67.889183,53.307393,83.415390,0.000000,0.302284,0.137716,0.164568,13.190378,42.583757,13.935419,1.279193,1.559298,1.169488,1.040072,0.023993,1.426414,1.000000,73.275862,1.426414,2.000000,1.985282,11.000000,110.476190,0.180480,7.000000,1.765299,2.000000,131.250000,0.882650,4.000000,1.363327,3.000000,71.428571,0.454442,3.000000,1.872910,11.000000,43.076923,0.170265,2.000000,4.545455,15.000000,115.555556,0.303030,7.000000,3.784693,27.000000,111.940299,0.140174,4.000000,3.499304,8.000000,56.779661,0.437413,3.000000,5.805182,9.000000,145.679012,0.645020,8.000000,4.150299,3.000000,285.882353,1.383433,1.000000,1.430976,1.000000,46.448087,1.430976,2.000000,3.178739,9.000000,97.340426,0.353193,3.000000,3.000000,2.000000,43.000000,-1.000000,,,,39.664548,14.111922,34.712084,-0.322573,-0.227334,-0.095239,16.628597,13.030106,23.817495,-2.433824,-3.739712,-0.028336,0.044971,,0.000000,,48.135909,29.661017,40.892297,-0.269107,-0.337641,0.068533,31.685239,38.826228,14.219968,0.062052,-0.420185,0.575548,0.008219,0.772125,0.188679,120.000000,302.352941,58.479532,0.874325,0.944984
2025-12-05T03:45:00Z,0.930067,no_impulse,0,ABBOTINDIA,1h,-1.000000,179.661017,3.566622,14.000000,0.254759,-0.017497,-0.797484,-1.752906,2.025403,1.000000,67.816092,2.025403,3.000000,40.528860,14.367816,11.154662,1.000000,-0.421037,-0.263598,-0.157439,22.575570,33.348222,20.954921,-0.751263,-1.082825,-1.449991,0.304585,0.038158,2.900000,6.000000,133.846154,0.483333,4.000000,38.256754,6.542056,7.093192,0.000000,-0.408582,-0.224661,-0.183921,22.556580,24.616689,25.496420,-1.020263,-1.317501,-1.655679,0.232870,0.037808,2.214651,0.000000,86.666667,0.000000,2.000000,40.073488,10.426540,37.914692,0.000000,-0.016663,0.030607,-0.047270,34.054440,30.361774,26.792861,-1.135587,-1.060723,-1.189304,0.129146,0.030277,2.491694,9.000000,88.235294,0.276855,2.000000,40.073488,10.426540,37.914692,1.000000,-0.016663,0.030607,-0.047270,34.054440,30.361774,26.792861,-1.135587,-1.060723,-1.189304,0.129146,0.030277,2.905983,4.000000,80.952381,0.726496,3.000000,65.178239,75.714286,48.888889,0.000000,-0.052868,-0.112170,0.059302,32.114621,44.990136,12.111949,1.291384,1.334937,1.128419,0.860667,0.036274,3.465347,8.000000,210.000000,0.433168,4.000000,29.820929,4.761905,4.751379,1.000000,-0.290185,-0.031509,-0.258676,28.109308,28.552322,18.770891,-1.100925,-1.132014,-1.385228,0.199554,0.036244,1.677852,0.000000,58.479532,0.000000,2.000000,51.517401,28.448276,43.464600,0.000000,0.382121,0.374618,0.007503,31.160190,38.846323,9.019788,-0.074431,0.423008,0.330973,0.472984,0.027530,2.789105,8.000000,66.536965,0.348638,2.000000,51.517401,28.448276,43.464600,0.000000,0.382121,0.374618,0.007503,31.160190,38.846323,9.019788,-0.074431,0.423008,0.330973,0.472984,0.027530,4.375213,6.000000,302.352941,0.729202,1.000000,1.426414,1.000000,73.275862,1.426414,2.000000,1.985282,11.000000,110.476190,0.180480,7.000000,1.765299,2.000000,131.250000,0.882650,4.000000,1.363327,3.000000,71.428571,0.454442,3.000000,1.872910,11.000000,43.076923,0.170265,2.000000,4.545455,15.000000,115.555556,0.303030,7.000000,3.784693,27.000000,111.940299,0.140174,4.000000,3.499304,8.000000,56.779661,0.437413,3.000000,5.805182,9.000000,145.679012,0.645020,8.000000,4.150299,3.000000,285.882353,1.383433,1.000000,1.430976,1.000000,46.448087,1.430976,2.000000,4.000000,3.000000,57.000000,-1.000000,,,,40.865045,14.285714,10.880556,-0.590368,-0.341734,-0.248634,18.698575,11.750330,23.244183,-1.804702,-3.257822,0.128243,0.047685,,0.000000,,32.347434,13.114754,8.626904,-0.170203,-0.105001,-0.065202,15.450211,8.366654,23.924129,-0.625951,-0.964139,-0.144734,0.009648,1.357593,3.255814,134.000000,302.352941,58.479532,0.871159,0.805600
2025-12-05T09:45:00Z,0.945643,no_impulse,0,ABBOTINDIA,1h,1.000000,45.283019,1.674808,6.000000,0.279135,-0.408065,-1.142079,-2.241014,3.566622,14.000000,179.661017,0.254759,4.000000,47.097787,62.878788,22.012228,0.000000,-0.523259,-0.567870,0.044611,12.102452,26.300516,19.868435,-0.017497,-0.797484,-1.752906,0.491545,0.020690,2.025403,1.000000,67.816092,2.025403,3.000000,40.528860,14.367816,11.154662,1.000000,-0.421037,-0.263598,-0.157439,22.575570,33.348222,20.954921,-0.751263,-1.082825,-1.449991,0.304585,0.038158,2.900000,6.000000,133.846154,0.483333,4.000000,38.256754,6.542056,7.093192,0.000000,-0.408582,-0.224661,-0.183921,22.556580,24.616689,25.496420,-1.020263,-1.317501,-1.655679,0.232870,0.037808,2.214651,0.000000,86.666667,0.000000,2.000000,40.073488,10.426540,37.914692,0.000000,-0.016663,0.030607,-0.047270,34.054440,30.361774,26.792861,-1.135587,-1.060723,-1.189304,0.129146,0.030277,2.491694,9.000000,88.235294,0.276855,2.000000,40.073488,10.426540,37.914692,1.000000,-0.016663,0.030607,-0.047270,34.054440,30.361774,26.792861,-1.135587,-1.060723,-1.189304,0.129146,0.030277,2.905983,4.000000,80.952381,0.726496,3.000000,65.178239,75.714286,48.888889,0.000000,-0.052868,-0.112170,0.059302,32.114621,44.990136,12.111949,1.291384,1.334937,1.128419,0.860667,0.036274,3.465347,8.000000,210.000000,0.433168,4.000000,29.820929,4.761905,4.751379,1.000000,-0.290185,-0.031509,-0.258676,28.109308,28.552322,18.770891,-1.100925,-1.132014,-1.385228,0.199554,0.036244,1.677852,0.000000,58.479532,0.000000,2.000000,51.517401,28.448276,43.464600,0.000000,0.382121,0.374618,0.007503,31.160190,38.846323,9.019788,-0.074431,0.423008,0.330973,0.472984,0.027530,2.789105,8.000000,66.536965,0.348638,2.000000,4.375213,6.000000,302.352941,0.729202,1.000000,1.426414,1.000000,73.275862,1.426414,2.000000,1.985282,11.000000,110.476190,0.180480,7.000000,1.765299,2.000000,131.250000,0.882650,4.000000,1.363327,3.000000,71.428571,0.454442,3.000000,1.872910,11.000000,43.076923,0.170265,2.000000,4.545455,15.000000,115.555556,0.303030,7.000000,3.784693,27.000000,111.940299,0.140174,4.000000,3.499304,8.000000,56.779661,0.437413,3.000000,5.805182,9.000000,145.679012,0.645020,8.000000,4.150299,3.000000,285.882353,1.383433,1.000000,3.000000,4.000000,63.000000,-1.000000,,,,40.865045,14.285714,10.880556,-0.590368,-0.341734,-0.248634,18.698575,11.750330,23.244183,-1.804702,-3.257822,0.128243,0.047685,,0.000000,,47.841384,47.826087,40.147923,-0.090470,-0.065978,-0.024491,16.795926,19.815581,20.407339,-0.058242,-0.232887,0.431616,0.008512,0.589475,1.071429,140.000000,302.352941,58.479532,0.803671,1.115562
2025-12-08T05:45:00Z,0.921954,no_impulse,0,ABBOTINDIA,1h,-1.000000,152.083333,2.505148,3.000000,0.835049,-1.599660,-2.546345,-3.855388,1.674808,6.000000,45.283019,0.279135,3.000000,41.330593,45.283019,44.968553,0.000000,-0.388869,-0.454249,0.065381,11.126341,24.942832,22.405584,-0.408065,-1.142079,-2.241014,0.104720,0.010281,3.566622,14.000000,179.661017,0.254759,4.000000,47.097787,62.878788,22.012228,0.000000,-0.523259,-0.567870,0.044611,12.102452,26.300516,19.868435,-0.017497,-0.797484,-1.752906,0.491545,0.020690,2.025403,1.000000,67.816092,2.025403,3.000000,40.528860,14.367816,11.154662,1.000000,-0.421037,-0.263598,-0.157439,22.575570,33.348222,20.954921,-0.751263,-1.082825,-1.449991,0.304585,0.038158,2.900000,6.000000,133.846154,0.483333,4.000000,38.256754,6.542056,7.093192,0.000000,-0.408582,-0.224661,-0.183921,22.556580,24.616689,25.496420,-1.020263,-1.317501,-1.655679,0.232870,0.037808,2.214651,0.000000,86.666667,0.000000,2.000000,40.073488,10.426540,37.914692,0.000000,-0.016663,0.030607,-0.047270,34.054440,30.361774,26.792861,-1.135587,-1.060723,-1.189304,0.129146,0.030277,2.491694,9.000000,88.235294,0.276855,2.000000,40.073488,10.426540,37.914692,1.000000,-0.016663,0.030607,-0.047270,34.054440,30.361774,26.792861,-1.135587,-1.060723,-1.189304,0.129146,0.030277,2.905983,4.000000,80.952381,0.726496,3.000000,65.178239,75.714286,48.888889,0.000000,-0.052868,-0.112170,0.059302,32.114621,44.990136,12.111949,1.291384,1.334937,1.128419,0.860667,0.036274,3.465347,8.000000,210.000000,0.433168,4.000000,29.820929,4.761905,4.751379,1.000000,-0.290185,-0.031509,-0.258676,28.109308,28.552322,18.770891,-1.100925,-1.132014,-1.385228,0.199554,0.036244,1.677852,0.000000,58.479532,0.000000,2.000000,2.789105,8.000000,66.536965,0.348638,2.000000,4.375213,6.000000,302.352941,0.729202,1.000000,1.426414,1.000000,73.275862,1.426414,2.000000,1.985282,11.000000,110.476190,0.180480,7.000000,1.765299,2.000000,131.250000,0.882650,4.000000,1.363327,3.000000,71.428571,0.454442,3.000000,1.872910,11.000000,43.076923,0.170265,2.000000,4.545455,15.000000,115.555556,0.303030,7.000000,3.784693,27.000000,111.940299,0.140174,4.000000,3.499304,8.000000,56.779661,0.437413,3.000000,5.805182,9.000000,145.679012,0.645020,8.000000,4.000000,5.000000,66.000000,-1.000000,,,,38.306613,14.031180,10.853642,-0.728231,-0.421127,-0.307104,20.092344,11.032721,24.678432,-2.338273,-3.889886,0.072481,0.053444,,0.000000,,33.572060,7.246377,9.420290,-0.427257,-0.351788,-0.075469,24.735885,16.093037,29.628866,-0.620085,-1.158547,0.274483,0.027327,0.974331,0.535714,143.000000,210.000000,45.283019,0.674204,0.955365
2025-12-08T09:45:00Z,0.937206,no_impulse,0,ABBOTINDIA,1h,1.000000,64.383562,1.654347,4.000000,0.413587,-0.222615,-1.220895,-2.691470,2.505148,3.000000,152.083333,0.835049,4.000000,29.940773,1.369863,4.305035,1.000000,-0.640744,-0.520623,-0.120121,13.221116,19.695764,31.601003,-1.599660,-2.546345,-3.855388,-0.102362,0.026138,1.674808,6.000000,45.283019,0.279135,3.000000,41.330593,45.283019,44.968553,0.000000,-0.388869,-0.454249,0.065381,11.126341,24.942832,22.405584,-0.408065,-1.142079,-2.241014,0.104720,0.010281,3.566622,14.000000,179.661017,0.254759,4.000000,47.097787,62.878788,22.012228,0.000000,-0.523259,-0.567870,0.044611,12.102452,26.300516,19.868435,-0.017497,-0.797484,-1.752906,0.491545,0.020690,2.025403,1.000000,67.816092,2.025403,3.000000,40.528860,14.367816,11.154662,1.000000,-0.421037,-0.263598,-0.157439,22.575570,33.348222,20.954921,-0.751263,-1.082825,-1.449991,0.304585,0.038158,2.900000,6.000000,133.846154,0.483333,4.000000,38.256754,6.542056,7.093192,0.000000,-0.408582,-0.224661,-0.183921,22.556580,24.616689,25.496420,-1.020263,-1.317501,-1.655679,0.232870,0.037808,2.214651,0.000000,86.666667,0.000000,2.000000,40.073488,10.426540,37.914692,0.000000,-0.016663,0.030607,-0.047270,34.054440,30.361774,26.792861,-1.135587,-1.060723,-1.189304,0.129146,0.030277,2.491694,9.000000,88.235294,0.276855,2.000000,40.073488,10.426540,37.914692,1.000000,-0.016663,0.030607,-0.047270,34.054440,30.361774,26.792861,-1.135587,-1.060723,-1.189304,0.129146,0.030277,2.905983,4.000000,80.952381,0.726496,3.000000,65.178239,75.714286,48.888889,0.000000,-0.052868,-0.112170,0.059302,32.114621,44.990136,12.111949,1.291384,1.334937,1.128419,0.860667,0.036274,3.465347,8.000000,210.000000,0.433168,4.000000,1.677852,0.000000,58.479532,0.000000,2.000000,2.789105,8.000000,66.536965,0.348638,2.000000,4.375213,6.000000,302.352941,0.729202,1.000000,1.426414,1.000000,73.275862,1.426414,2.000000,1.985282,11.000000,110.476190,0.180480,7.000000,1.765299,2.000000,131.250000,0.882650,4.000000,1.363327,3.000000,71.428571,0.454442,3.000000,1.872910,11.000000,43.076923,0.170265,2.000000,4.545455,15.000000,115.555556,0.303030,7.000000,3.784693,27.000000,111.940299,0.140174,4.000000,3.499304,8.000000,56.779661,0.437413,3.000000,3.000000,6.000000,70.000000,-1.000000,,,,31.943378,2.087287,10.134727,-1.028179,-0.550338,-0.477842,21.908954,10.152800,27.122199,-4.259290,-6.048303,-0.099162,0.068183,,0.000000,,63.480750,62.765957,77.500933,-0.127817,-0.272988,0.145171,27.360127,36.980202,11.918925,0.618846,0.152137,1.130516,0.009876,0.650613,0.784314,,210.000000,45.283019,0.669971,1.084947
2025-12-10T09:45:00Z,0.901184,no_impulse,0,ABBOTINDIA,1h,-1.000000,236.170213,3.843490,14.000000,0.274535,-0.949009,-2.495624,-4.936061,1.654347,4.000000,64.383562,0.413587,3.000000,44.346293,40.410959,22.146119,1.000000,-0.612126,-0.600783,-0.011343,14.052358,29.995130,24.784642,-0.222615,-1.220895,-2.691470,0.428662,0.031136,2.505148,3.000000,152.083333,0.835049,4.000000,29.940773,1.369863,4.305035,1.000000,-0.640744,-0.520623,-0.120121,13.221116,19.695764,31.601003,-1.599660,-2.546345,-3.855388,-0.102362,0.026138,1.674808,6.000000,45.283019,0.279135,3.000000,41.330593,45.283019,44.968553,0.000000,-0.388869,-0.454249,0.065381,11.126341,24.942832,22.405584,-0.408065,-1.142079,-2.241014,0.104720,0.010281,3.566622,14.000000,179.661017,0.254759,4.000000,47.097787,62.878788,22.012228,0.000000,-0.523259,-0.567870,0.044611,12.102452,26.300516,19.868435,-0.017497,-0.797484,-1.752906,0.491545,0.020690,2.025403,1.000000,67.816092,2.025403,3.000000,40.528860,14.367816,11.154662,1.000000,-0.421037,-0.263598,-0.157439,22.575570,33.348222,20.954921,-0.751263,-1.082825,-1.449991,0.304585,0.038158,2.900000,6.000000,133.846154,0.483333,4.000000,38.256754,6.542056,7.093192,0.000000,-0.408582,-0.224661,-0.183921,22.556580,24.616689,25.496420,-1.020263,-1.317501,-1.655679,0.232870,0.037808,2.214651,0.000000,86.666667,0.000000,2.000000,40.073488,10.426540,37.914692,0.000000,-0.016663,0.030607,-0.047270,34.054440,30.361774,26.792861,-1.135587,-1.060723,-1.189304,0.129146,0.030277,2.491694,9.000000,88.235294,0.276855,2.000000,40.073488,10.426540,37.914692,1.000000,-0.016663,0.030607,-0.047270,34.054440,30.361774,26.792861,-1.135587,-1.060723,-1.189304,0.129146,0.030277,2.905983,4.000000,80.952381,0.726496,3.000000,3.465347,8.000000,210.000000,0.433168,4.000000,1.677852,0.000000,58.479532,0.000000,2.000000,2.789105,8.000000,66.536965,0.348638,2.000000,4.375213,6.000000,302.352941,0.729202,1.000000,1.426414,1.000000,73.275862,1.426414,2.000000,1.985282,11.000000,110.476190,0.180480,7.000000,1.765299,2.000000,131.250000,0.882650,4.000000,1.363327,3.000000,71.428571,0.454442,3.000000,1.872910,11.000000,43.076923,0.170265,2.000000,4.545455,15.000000,115.555556,0.303030,7.000000,3.784693,27.000000,111.940299,0.140174,4.000000,4.000000,7.000000,84.000000,-1.000000,,,,35.288804,15.077990,8.205872,-1.365217,-0.824917,-0.540301,25.711663,9.159569,27.041955,-3.026049,-5.102635,0.163036,0.087166,,0.000000,,46.046095,29.473684,37.914449,-0.132166,-0.218639,0.086473,25.785338,26.757628,15.219424,-0.056021,-0.567860,0.430065,0.008006,1.512947,2.545455,,210.000000,45.283019,0.673375,0.687033
2025-12-11T09:45:00Z,0.916761,no_impulse,0,ABBOTINDIA,1h,1.000000,43.243243,1.728484,7.000000,0.246926,0.210206,-0.981987,-3.538446,3.843490,14.000000,236.170213,0.274535,4.000000,34.008122,15.053763,10.727798,0.000000,-0.919247,-0.923281,0.004033,12.603966,28.229085,23.857447,-0.949009,-2.495624,-4.936061,0.246621,0.037102,1.654347,4.000000,64.383562,0.413587,3.000000,44.346293,40.410959,22.146119,1.000000,-0.612126,-0.600783,-0.011343,14.052358,29.995130,24.784642,-0.222615,-1.220895,-2.691470,0.428662,0.031136,2.505148,3.000000,152.083333,0.835049,4.000000,29.940773,1.369863,4.305035,1.000000,-0.640744,-0.520623,-0.120121,13.221116,19.695764,31.601003,-1.599660,-2.546345,-3.855388,-0.102362,0.026138,1.674808,6.000000,45.283019,0.279135,3.000000,41.330593,45.283019,44.968553,0.000000,-0.388869,-0.454249,0.065381,11.126341,24.942832,22.405584,-0.408065,-1.142079,-2.241014,0.104720,0.010281,3.566622,14.000000,179.661017,0.254759,4.000000,47.097787,62.878788,22.012228,0.000000,-0.523259,-0.567870,0.044611,12.102452,26.300516,19.868435,-0.017497,-0.797484,-1.752906,0.491545,0.020690,2.025403,1.000000,67.816092,2.025403,3.000000,40.528860,14.367816,11.154662,1.000000,-0.421037,-0.263598,-0.157439,22.575570,33.348222,20.954921,-0.751263,-1.082825,-1.449991,0.304585,0.038158,2.900000,6.000000,133.846154,0.483333,4.000000,38.256754,6.542056,7.093192,0.000000,-0.408582,-0.224661,-0.183921,22.556580,24.616689,25.496420,-1.020263,-1.317501,-1.655679,0.232870,0.037808,2.214651,0.000000,86.666667,0.000000,2.000000,40.073488,10.426540,37.914692,0.000000,-0.016663,0.030607,-0.047270,34.054440,30.361774,26.792861,-1.135587,-1.060723,-1.189304,0.129146,0.030277,2.491694,9.000000,88.235294,0.276855,2.000000,2.905983,4.000000,80.952381,0.726496,3.000000,3.465347,8.000000,210.000000,0.433168,4.000000,1.677852,0.000000,58.479532,0.000000,2.000000,2.789105,8.000000,66.536965,0.348638,2.000000,4.375213,6.000000,302.352941,0.729202,1.000000,1.426414,1.000000,73.275862,1.426414,2.000000,1.985282,11.000000,110.476190,0.180480,7.000000,1.765299,2.000000,131.250000,0.882650,4.000000,1.363327,3.000000,71.428571,0.454442,3.000000,1.872910,11.000000,43.076923,0.170265,2.000000,4.545455,15.000000,115.555556,0.303030,7.000000,3.000000,8.000000,91.000000,-1.000000,,,,33.382542,8.318891,10.283073,-1.499176,-0.964363,-0.534813,27.403457,8.867560,26.179853,-3.386792,-5.605541,0.156141,0.095267,,0.000000,,65.082640,85.185185,95.061728,0.195955,0.152874,0.043081,25.651477,22.328426,13.152489,0.355422,0.434635,0.881811,0.009342,0.670419,1.147541,,236.170213,45.283019,0.738552,1.101303
2025-12-18T03:45:00Z,0.890151,no_impulse,0,ABBOTINDIA,1h,-1.000000,170.833333,2.902655,29.000000,0.100092,-0.634182,-1.466494,-4.478413,1.728484,7.000000,43.243243,0.246926,3.000000,49.173910,91.666667,89.853801,0.000000,-0.399928,-0.639397,0.239469,13.908855,27.491873,17.381517,0.210206,-0.981987,-3.538446,0.610345,0.019090,3.843490,14.000000,236.170213,0.274535,4.000000,34.008122,15.053763,10.727798,0.000000,-0.919247,-0.923281,0.004033,12.603966,28.229085,23.857447,-0.949009,-2.495624,-4.936061,0.246621,0.037102,1.654347,4.000000,64.383562,0.413587,3.000000,44.346293,40.410959,22.146119,1.000000,-0.612126,-0.600783,-0.011343,14.052358,29.995130,24.784642,-0.222615,-1.220895,-2.691470,0.428662,0.031136,2.505148,3.000000,152.083333,0.835049,4.000000,29.940773,1.369863,4.305035,1.000000,-0.640744,-0.520623,-0.120121,13.221116,19.695764,31.601003,-1.599660,-2.546345,-3.855388,-0.102362,0.026138,1.674808,6.000000,45.283019,0.279135,3.000000,41.330593,45.283019,44.968553,0.000000,-0.388869,-0.454249,0.065381,11.126341,24.942832,22.405584,-0.408065,-1.142079,-2.241014,0.104720,0.010281,3.566622,14.000000,179.661017,0.254759,4.000000,47.097787,62.878788,22.012228,0.000000,-0.523259,-0.567870,0.044611,12.102452,26.300516,19.868435,-0.017497,-0.797484,-1.752906,0.491545,0.020690,2.025403,1.000000,67.816092,2.025403,3.000000,40.528860,14.367816,11.154662,1.000000,-0.421037,-0.263598,-0.157439,22.575570,33.348222,20.954921,-0.751263,-1.082825,-1.449991,0.304585,0.038158,2.900000,6.000000,133.846154,0.483333,4.000000,38.256754,6.542056,7.093192,0.000000,-0.408582,-0.224661,-0.183921,22.556580,24.616689,25.496420,-1.020263,-1.317501,-1.655679,0.232870,0.037808,2.214651,0.000000,86.666667,0.000000,2.000000,2.491694,9.000000,88.235294,0.276855,2.000000,2.905983,4.000000,80.952381,0.726496,3.000000,3.465347,8.000000,210.000000,0.433168,4.000000,1.677852,0.000000,58.479532,0.000000,2.000000,2.789105,8.000000,66.536965,0.348638,2.000000,4.375213,6.000000,302.352941,0.729202,1.000000,1.426414,1.000000,73.275862,1.426414,2.000000,1.985282,11.000000,110.476190,0.180480,7.000000,1.765299,2.000000,131.250000,0.882650,4.000000,1.363327,3.000000,71.428571,0.454442,3.000000,1.872910,11.000000,43.076923,0.170265,2.000000,4.000000,9.000000,120.000000,-1.000000,,,,37.021895,19.855596,8.163746,-1.779269,-1.426816,-0.352452,34.528975,7.170412,27.443402,-2.163261,-4.791530,0.319848,0.117537,,0.000000,,19.971604,12.987013,33.405483,-0.191483,-0.122393,-0.069089,43.686107,5.023406,39.415390,-0.869737,-1.107863,-0.318679,0.010532,1.179718,4.531250,,236.170213,43.243243,0.773526,0.932841
2025-12-19T08:45:00Z,0.915139,no_impulse,0,ABBOTINDIA,1h,1.000000,93.902439,2.807145,12.000000,0.233929,0.246196,0.002762,-2.655369,2.902655,29.000000,170.833333,0.100092,4.000000,27.584552,37.735849,30.504148,0.000000,-0.333626,-0.308835,-0.024791,13.474447,11.929714,29.152878,-0.634182,-1.466494,-4.478413,-0.117159,0.010211,1.728484,7.000000,43.243243,0.246926,3.000000,49.173910,91.666667,89.853801,0.000000,-0.399928,-0.639397,0.239469,13.908855,27.491873,17.381517,0.210206,-0.981987,-3.538446,0.610345,0.019090,3.843490,14.000000,236.170213,0.274535,4.000000,34.008122,15.053763,10.727798,0.000000,-0.919247,-0.923281,0.004033,12.603966,28.229085,23.857447,-0.949009,-2.495624,-4.936061,0.246621,0.037102,1.654347,4.000000,64.383562,0.413587,3.000000,44.346293,40.410959,22.146119,1.000000,-0.612126,-0.600783,-0.011343,14.052358,29.995130,24.784642,-0.222615,-1.220895,-2.691470,0.428662,0.031136,2.505148,3.000000,152.083333,0.835049,4.000000,29.940773,1.369863,4.305035,1.000000,-0.640744,-0.520623,-0.120121,13.221116,19.695764,31.601003,-1.599660,-2.546345,-3.855388,-0.102362,0.026138,1.674808,6.000000,45.283019,0.279135,3.000000,41.330593,45.283019,44.968553,0.000000,-0.388869,-0.454249,0.065381,11.126341,24.942832,22.405584,-0.408065,-1.142079,-2.241014,0.104720,0.010281,3.566622,14.000000,179.661017,0.254759,4.000000,47.097787,62.878788,22.012228,0.000000,-0.523259,-0.567870,0.044611,12.102452,26.300516,19.868435,-0.017497,-0.797484,-1.752906,0.491545,0.020690,2.025403,1.000000,67.816092,2.025403,3.000000,40.528860,14.367816,11.154662,1.000000,-0.421037,-0.263598,-0.157439,22.575570,33.348222,20.954921,-0.751263,-1.082825,-1.449991,0.304585,0.038158,2.900000,6.000000,133.846154,0.483333,4.000000,2.214651,0.000000,86.666667,0.000000,2.000000,2.491694,9.000000,88.235294,0.276855,2.000000,2.905983,4.000000,80.952381,0.726496,3.000000,3.465347,8.000000,210.000000,0.433168,4.000000,1.677852,0.000000,58.479532,0.000000,2.000000,2.789105,8.000000,66.536965,0.348638,2.000000,4.375213,6.000000,302.352941,0.729202,1.000000,1.426414,1.000000,73.275862,1.426414,2.000000,1.985282,11.000000,110.476190,0.180480,7.000000,1.765299,2.000000,131.250000,0.882650,4.000000,1.363327,3.000000,71.428571,0.454442,3.000000,3.000000,10.000000,132.000000,-1.000000,,,,38.111145,23.540856,15.550475,-1.710062,-1.481226,-0.228836,35.541015,9.039871,26.201601,-1.775897,-4.406105,0.351945,0.117856,,0.000000,,58.992970,58.333333,51.427015,0.184521,0.220126,-0.035604,32.150972,20.490409,15.669925,0.194548,0.524543,0.713724,0.009121,1.122158,1.428571,,236.170213,43.243243,0.786183,1.452552
2025-12-22T03:45:00Z,0.901347,no_impulse,0,ABBOTINDIA,1h,-1.000000,55.194805,1.507092,2.000000,0.753546,-0.008332,-0.220802,-2.839001,2.807145,12.000000,93.902439,0.233929,3.000000,54.708070,77.272727,86.147186,1.000000,0.175457,0.054056,0.121401,9.806797,20.137839,17.082818,0.246196,0.002762,-2.655369,0.612741,0.021891,2.902655,29.000000,170.833333,0.100092,4.000000,27.584552,37.735849,30.504148,0.000000,-0.333626,-0.308835,-0.024791,13.474447,11.929714,29.152878,-0.634182,-1.466494,-4.478413,-0.117159,0.010211,1.728484,7.000000,43.243243,0.246926,3.000000,49.173910,91.666667,89.853801,0.000000,-0.399928,-0.639397,0.239469,13.908855,27.491873,17.381517,0.210206,-0.981987,-3.538446,0.610345,0.019090,3.843490,14.000000,236.170213,0.274535,4.000000,34.008122,15.053763,10.727798,0.000000,-0.919247,-0.923281,0.004033,12.603966,28.229085,23.857447,-0.949009,-2.495624,-4.936061,0.246621,0.037102,1.654347,4.000000,64.383562,0.413587,3.000000,44.346293,40.410959,22.146119,1.000000,-0.612126,-0.600783,-0.011343,14.052358,29.995130,24.784642,-0.222615,-1.220895,-2.691470,0.428662,0.031136,2.505148,3.000000,152.083333,0.835049,4.000000,29.940773,1.369863,4.305035,1.000000,-0.640744,-0.520623,-0.120121,13.221116,19.695764,31.601003,-1.599660,-2.546345,-3.855388,-0.102362,0.026138,1.674808,6.000000,45.283019,0.279135,3.000000,41.330593,45.283019,44.968553,0.000000,-0.388869,-0.454249,0.065381,11.126341,24.942832,22.405584,-0.408065,-1.142079,-2.241014,0.104720,0.010281,3.566622,14.000000,179.661017,0.254759,4.000000,47.097787,62.878788,22.012228,0.000000,-0.523259,-0.567870,0.044611,12.102452,26.300516,19.868435,-0.017497,-0.797484,-1.752906,0.491545,0.020690,2.025403,1.000000,67.816092,2.025403,3.000000,2.900000,6.000000,133.846154,0.483333,4.000000,2.214651,0.000000,86.666667,0.000000,2.000000,2.491694,9.000000,88.235294,0.276855,2.000000,2.905983,4.000000,80.952381,0.726496,3.000000,3.465347,8.000000,210.000000,0.433168,4.000000,1.677852,0.000000,58.479532,0.000000,2.000000,2.789105,8.000000,66.536965,0.348638,2.000000,4.375213,6.000000,302.352941,0.729202,1.000000,1.426414,1.000000,73.275862,1.426414,2.000000,1.985282,11.000000,110.476190,0.180480,7.000000,1.765299,2.000000,131.250000,0.882650,4.000000,2.000000,1.000000,134.000000,-1.000000,,,,37.791189,25.327511,22.907988,-1.647669,-1.515572,-0.132097,36.621052,8.511957,25.992385,-1.688951,-4.322849,0.357467,0.116527,,0.000000,,45.136422,2.500000,8.418803,0.086252,0.164576,-0.078325,28.046705,32.826626,22.708038,-0.233351,0.034422,0.199110,0.007737,0.588522,0.208333,,236.170213,43.243243,0.784482,0.929439
2025-12-22T05:45:00Z,0.913192,no_impulse,0,ABBOTINDIA,1h,1.000000,85.882353,1.314131,2.000000,0.657066,0.393528,0.233720,-2.313817,1.507092,2.000000,55.194805,0.753546,2.000000,50.398137,57.894737,70.813397,0.000000,0.146393,0.091288,0.055106,10.394593,16.030525,24.166397,-0.008332,-0.220802,-2.839001,0.496215,0.022013,2.807145,12.000000,93.902439,0.233929,3.000000,54.708070,77.272727,86.147186,1.000000,0.175457,0.054056,0.121401,9.806797,20.137839,17.082818,0.246196,0.002762,-2.655369,0.612741,0.021891,2.902655,29.000000,170.833333,0.100092,4.000000,27.584552,37.735849,30.504148,0.000000,-0.333626,-0.308835,-0.024791,13.474447,11.929714,29.152878,-0.634182,-1.466494,-4.478413,-0.117159,0.010211,1.728484,7.000000,43.243243,0.246926,3.000000,49.173910,91.666667,89.853801,0.000000,-0.399928,-0.639397,0.239469,13.908855,27.491873,17.381517,0.210206,-0.981987,-3.538446,0.610345,0.019090,3.843490,14.000000,236.170213,0.274535,4.000000,34.008122,15.053763,10.727798,0.000000,-0.919247,-0.923281,0.004033,12.603966,28.229085,23.857447,-0.949009,-2.495624,-4.936061,0.246621,0.037102,1.654347,4.000000,64.383562,0.413587,3.000000,44.346293,40.410959,22.146119,1.000000,-0.612126,-0.600783,-0.011343,14.052358,29.995130,24.784642,-0.222615,-1.220895,-2.691470,0.428662,0.031136,2.505148,3.000000,152.083333,0.835049,4.000000,29.940773,1.369863,4.305035,1.000000,-0.640744,-0.520623,-0.120121,13.221116,19.695764,31.601003,-1.599660,-2.546345,-3.855388,-0.102362,0.026138,1.674808,6.000000,45.283019,0.279135,3.000000,41.330593,45.283019,44.968553,0.000000,-0.388869,-0.454249,0.065381,11.126341,24.942832,22.405584,-0.408065,-1.142079,-2.241014,0.104720,0.010281,3.566622,14.000000,179.661017,0.254759,4.000000,2.025403,1.000000,67.816092,2.025403,3.000000,2.900000,6.000000,133.846154,0.483333,4.000000,2.214651,0.000000,86.666667,0.000000,2.000000,2.491694,9.000000,88.235294,0.276855,2.000000,2.905983,4.000000,80.952381,0.726496,3.000000,3.465347,8.000000,210.000000,0.433168,4.000000,1.677852,0.000000,58.479532,0.000000,2.000000,2.789105,8.000000,66.536965,0.348638,2.000000,4.375213,6.000000,302.352941,0.729202,1.000000,1.426414,1.000000,73.275862,1.426414,2.000000,1.985282,11.000000,110.476190,0.180480,7.000000,3.000000,1.000000,136.000000,-1.000000,,,,37.791189,25.327511,22.907988,-1.647669,-1.515572,-0.132097,36.621052,8.511957,25.992385,-1.688951,-4.322849,0.357467,0.116527,,0.000000,,48.786327,58.823529,58.823529,-0.013875,0.028281,-0.042155,22.183420,22.359305,28.612457,-0.054782,0.086249,0.442712,0.009557,0.542689,0.217391,,236.170213,43.243243,0.839310,0.998695
2025-12-22T09:45:00Z,0.902158,no_impulse,0,ABBOTINDIA,1h,-1.000000,93.150685,1.208244,4.000000,0.302061,-0.160739,-0.267851,-2.726496,1.314131,2.000000,85.882353,0.657066,3.000000,57.846974,74.117647,63.219814,1.000000,0.157416,0.112363,0.045053,10.834107,18.792153,21.798101,0.393528,0.233720,-2.313817,0.681545,0.021762,1.507092,2.000000,55.194805,0.753546,2.000000,50.398137,57.894737,70.813397,0.000000,0.146393,0.091288,0.055106,10.394593,16.030525,24.166397,-0.008332,-0.220802,-2.839001,0.496215,0.022013,2.807145,12.000000,93.902439,0.233929,3.000000,54.708070,77.272727,86.147186,1.000000,0.175457,0.054056,0.121401,9.806797,20.137839,17.082818,0.246196,0.002762,-2.655369,0.612741,0.021891,2.902655,29.000000,170.833333,0.100092,4.000000,27.584552,37.735849,30.504148,0.000000,-0.333626,-0.308835,-0.024791,13.474447,11.929714,29.152878,-0.634182,-1.466494,-4.478413,-0.117159,0.010211,1.728484,7.000000,43.243243,0.246926,3.000000,49.173910,91.666667,89.853801,0.000000,-0.399928,-0.639397,0.239469,13.908855,27.491873,17.381517,0.210206,-0.981987,-3.538446,0.610345,0.019090,3.843490,14.000000,236.170213,0.274535,4.000000,34.008122,15.053763,10.727798,0.000000,-0.919247,-0.923281,0.004033,12.603966,28.229085,23.857447,-0.949009,-2.495624,-4.936061,0.246621,0.037102,1.654347,4.000000,64.383562,0.413587,3.000000,44.346293,40.410959,22.146119,1.000000,-0.612126,-0.600783,-0.011343,14.052358,29.995130,24.784642,-0.222615,-1.220895,-2.691470,0.428662,0.031136,2.505148,3.000000,152.083333,0.835049,4.000000,29.940773,1.369863,4.305035,1.000000,-0.640744,-0.520623,-0.120121,13.221116,19.695764,31.601003,-1.599660,-2.546345,-3.855388,-0.102362,0.026138,1.674808,6.000000,45.283019,0.279135,3.000000,3.566622,14.000000,179.661017,0.254759,4.000000,2.025403,1.000000,67.816092,2.025403,3.000000,2.900000,6.000000,133.846154,0.483333,4.000000,2.214651,0.000000,86.666667,0.000000,2.000000,2.491694,9.000000,88.235294,0.276855,2.000000,2.905983,4.000000,80.952381,0.726496,3.000000,3.465347,8.000000,210.000000,0.433168,4.000000,1.677852,0.000000,58.479532,0.000000,2.000000,2.789105,8.000000,66.536965,0.348638,2.000000,4.375213,6.000000,302.352941,0.729202,1.000000,1.426414,1.000000,73.275862,1.426414,2.000000,2.000000,1.000000,140.000000,-1.000000,,,,43.603885,49.147727,32.672031,-1.482561,-1.496758,0.014196,36.015247,13.166732,23.478668,-0.601390,-3.143746,0.443785,0.106340,,0.000000,,38.860097,44.776119,58.576167,-0.011669,0.006068,-0.017737,13.166358,17.538703,41.602850,-0.344732,-0.269497,-0.088963,0.005833,0.514061,0.430108,,236.170213,43.243243,0.904236,0.664143
2025-12-23T06:45:00Z,0.920818,no_impulse,0,ABBOTINDIA,1h,1.000000,169.117647,2.068345,4.000000,0.517086,1.202737,1.193404,-1.102985,1.208244,4.000000,93.150685,0.302061,2.000000,47.974621,41.176471,60.392157,1.000000,0.123278,0.130520,-0.007242,11.308493,15.870275,27.373595,-0.160739,-0.267851,-2.726496,0.363703,0.011774,1.314131,2.000000,85.882353,0.657066,3.000000,57.846974,74.117647,63.219814,1.000000,0.157416,0.112363,0.045053,10.834107,18.792153,21.798101,0.393528,0.233720,-2.313817,0.681545,0.021762,1.507092,2.000000,55.194805,0.753546,2.000000,50.398137,57.894737,70.813397,0.000000,0.146393,0.091288,0.055106,10.394593,16.030525,24.166397,-0.008332,-0.220802,-2.839001,0.496215,0.022013,2.807145,12.000000,93.902439,0.233929,3.000000,54.708070,77.272727,86.147186,1.000000,0.175457,0.054056,0.121401,9.806797,20.137839,17.082818,0.246196,0.002762,-2.655369,0.612741,0.021891,2.902655,29.000000,170.833333,0.100092,4.000000,27.584552,37.735849,30.504148,0.000000,-0.333626,-0.308835,-0.024791,13.474447,11.929714,29.152878,-0.634182,-1.466494,-4.478413,-0.117159,0.010211,1.728484,7.000000,43.243243,0.246926,3.000000,49.173910,91.666667,89.853801,0.000000,-0.399928,-0.639397,0.239469,13.908855,27.491873,17.381517,0.210206,-0.981987,-3.538446,0.610345,0.019090,3.843490,14.000000,236.170213,0.274535,4.000000,34.008122,15.053763,10.727798,0.000000,-0.919247,-0.923281,0.004033,12.603966,28.229085,23.857447,-0.949009,-2.495624,-4.936061,0.246621,0.037102,1.654347,4.000000,64.383562,0.413587,3.000000,44.346293,40.410959,22.146119,1.000000,-0.612126,-0.600783,-0.011343,14.052358,29.995130,24.784642,-0.222615,-1.220895,-2.691470,0.428662,0.031136,2.505148,3.000000,152.083333,0.835049,4.000000,1.674808,6.000000,45.283019,0.279135,3.000000,3.566622,14.000000,179.661017,0.254759,4.000000,2.025403,1.000000,67.816092,2.025403,3.000000,2.900000,6.000000,133.846154,0.483333,4.000000,2.214651,0.000000,86.666667,0.000000,2.000000,2.491694,9.000000,88.235294,0.276855,2.000000,2.905983,4.000000,80.952381,0.726496,3.000000,3.465347,8.000000,210.000000,0.433168,4.000000,1.677852,0.000000,58.479532,0.000000,2.000000,2.789105,8.000000,66.536965,0.348638,2.000000,4.375213,6.000000,302.352941,0.729202,1.000000,1.000000,2.000000,144.000000,-1.000000,,,,47.668778,63.450292,45.975177,-1.277354,-1.443639,0.166285,34.763081,14.363913,20.878432,0.158128,-2.255890,0.516528,0.095824,,0.000000,,49.530462,56.250000,61.250000,0.001944,-0.020073,0.022016,10.433702,22.142543,22.421145,-0.011744,0.013790,0.482102,0.006561,0.978147,0.481928,137.000000,236.170213,43.243243,0.858155,0.541720
2025-12-23T06:45:00Z,0.908324,no_impulse,0,ABBOTINDIA,1h,-1.000000,66.956522,1.356828,0.000000,0.000000,1.202737,1.193404,-1.102985,2.068345,4.000000,169.117647,0.517086,1.000000,68.120783,100.000000,72.156863,1.000000,0.185688,0.125506,0.060181,11.325518,29.292565,18.050340,1.202737,1.193404,-1.102985,1.364848,0.014076,1.208244,4.000000,93.150685,0.302061,2.000000,47.974621,41.176471,60.392157,1.000000,0.123278,0.130520,-0.007242,11.308493,15.870275,27.373595,-0.160739,-0.267851,-2.726496,0.363703,0.011774,1.314131,2.000000,85.882353,0.657066,3.000000,57.846974,74.117647,63.219814,1.000000,0.157416,0.112363,0.045053,10.834107,18.792153,21.798101,0.393528,0.233720,-2.313817,0.681545,0.021762,1.507092,2.000000,55.194805,0.753546,2.000000,50.398137,57.894737,70.813397,0.000000,0.146393,0.091288,0.055106,10.394593,16.030525,24.166397,-0.008332,-0.220802,-2.839001,0.496215,0.022013,2.807145,12.000000,93.902439,0.233929,3.000000,54.708070,77.272727,86.147186,1.000000,0.175457,0.054056,0.121401,9.806797,20.137839,17.082818,0.246196,0.002762,-2.655369,0.612741,0.021891,2.902655,29.000000,170.833333,0.100092,4.000000,27.584552,37.735849,30.504148,0.000000,-0.333626,-0.308835,-0.024791,13.474447,11.929714,29.152878,-0.634182,-1.466494,-4.478413,-0.117159,0.010211,1.728484,7.000000,43.243243,0.246926,3.000000,49.173910,91.666667,89.853801,0.000000,-0.399928,-0.639397,0.239469,13.908855,27.491873,17.381517,0.210206,-0.981987,-3.538446,0.610345,0.019090,3.843490,14.000000,236.170213,0.274535,4.000000,34.008122,15.053763,10.727798,0.000000,-0.919247,-0.923281,0.004033,12.603966,28.229085,23.857447,-0.949009,-2.495624,-4.936061,0.246621,0.037102,1.654347,4.000000,64.383562,0.413587,3.000000,2.505148,3.000000,152.083333,0.835049,4.000000,1.674808,6.000000,45.283019,0.279135,3.000000,3.566622,14.000000,179.661017,0.254759,4.000000,2.025403,1.000000,67.816092,2.025403,3.000000,2.900000,6.000000,133.846154,0.483333,4.000000,2.214651,0.000000,86.666667,0.000000,2.000000,2.491694,9.000000,88.235294,0.276855,2.000000,2.905983,4.000000,80.952381,0.726496,3.000000,3.465347,8.000000,210.000000,0.433168,4.000000,1.677852,0.000000,58.479532,0.000000,2.000000,2.789105,8.000000,66.536965,0.348638,2.000000,1.000000,3.000000,144.000000,-1.000000,,,,47.668778,63.450292,45.975177,-1.277354,-1.443639,0.166285,34.763081,14.363913,20.878432,0.158128,-2.255890,0.516528,0.095824,,0.000000,,49.530462,56.250000,61.250000,0.001944,-0.020073,0.022016,10.433702,22.142543,22.421145,-0.011744,0.013790,0.482102,0.006561,0.629938,0.000000,,236.170213,43.243243,0.844666,0.636108
2025-12-23T09:45:00Z,0.924874,no_impulse,0,ABBOTINDIA,1h,1.000000,132.467532,1.822079,3.000000,0.607360,0.507719,0.662552,-1.480192,1.356828,0.000000,66.956522,0.000000,1.000000,68.120783,100.000000,72.156863,0.000000,0.185688,0.125506,0.060181,11.325518,29.292565,18.050340,1.202737,1.193404,-1.102985,1.364848,0.014076,2.068345,4.000000,169.117647,0.517086,1.000000,68.120783,100.000000,72.156863,1.000000,0.185688,0.125506,0.060181,11.325518,29.292565,18.050340,1.202737,1.193404,-1.102985,1.364848,0.014076,1.208244,4.000000,93.150685,0.302061,2.000000,47.974621,41.176471,60.392157,1.000000,0.123278,0.130520,-0.007242,11.308493,15.870275,27.373595,-0.160739,-0.267851,-2.726496,0.363703,0.011774,1.314131,2.000000,85.882353,0.657066,3.000000,57.846974,74.117647,63.219814,1.000000,0.157416,0.112363,0.045053,10.834107,18.792153,21.798101,0.393528,0.233720,-2.313817,0.681545,0.021762,1.507092,2.000000,55.194805,0.753546,2.000000,50.398137,57.894737,70.813397,0.000000,0.146393,0.091288,0.055106,10.394593,16.030525,24.166397,-0.008332,-0.220802,-2.839001,0.496215,0.022013,2.807145,12.000000,93.902439,0.233929,3.000000,54.708070,77.272727,86.147186,1.000000,0.175457,0.054056,0.121401,9.806797,20.137839,17.082818,0.246196,0.002762,-2.655369,0.612741,0.021891,2.902655,29.000000,170.833333,0.100092,4.000000,27.584552,37.735849,30.504148,0.000000,-0.333626,-0.308835,-0.024791,13.474447,11.929714,29.152878,-0.634182,-1.466494,-4.478413,-0.117159,0.010211,1.728484,7.000000,43.243243,0.246926,3.000000,49.173910,91.666667,89.853801,0.000000,-0.399928,-0.639397,0.239469,13.908855,27.491873,17.381517,0.210206,-0.981987,-3.538446,0.610345,0.019090,3.843490,14.000000,236.170213,0.274535,4.000000,1.654347,4.000000,64.383562,0.413587,3.000000,2.505148,3.000000,152.083333,0.835049,4.000000,1.674808,6.000000,45.283019,0.279135,3.000000,3.566622,14.000000,179.661017,0.254759,4.000000,2.025403,1.000000,67.816092,2.025403,3.000000,2.900000,6.000000,133.846154,0.483333,4.000000,2.214651,0.000000,86.666667,0.000000,2.000000,2.491694,9.000000,88.235294,0.276855,2.000000,2.905983,4.000000,80.952381,0.726496,3.000000,3.465347,8.000000,210.000000,0.433168,4.000000,1.677852,0.000000,58.479532,0.000000,2.000000,1.000000,4.000000,147.000000,-1.000000,,,,47.668778,63.450292,45.975177,-1.277354,-1.443639,0.166285,34.763081,14.363913,20.878432,0.158128,-2.255890,0.516528,0.095824,,0.000000,,50.971231,44.262295,53.005464,0.328201,0.343359,-0.015157,25.859995,23.870132,26.127947,-0.093058,0.338446,0.468084,0.029130,0.893581,0.384615,,236.170213,43.243243,0.869307,0.823226
2025-12-24T08:45:00Z,0.907026,no_impulse,0,ABBOTINDIA,1h,-1.000000,107.843137,1.929825,6.000000,0.321637,1.281065,1.454384,-0.499932,1.822079,3.000000,132.467532,0.607360,1.000000,57.722123,58.787879,71.111111,1.000000,0.327007,0.220314,0.106694,14.672715,27.690589,18.932918,0.507719,0.662552,-1.480192,0.744841,0.020843,1.356828,0.000000,66.956522,0.000000,1.000000,68.120783,100.000000,72.156863,0.000000,0.185688,0.125506,0.060181,11.325518,29.292565,18.050340,1.202737,1.193404,-1.102985,1.364848,0.014076,2.068345,4.000000,169.117647,0.517086,1.000000,68.120783,100.000000,72.156863,1.000000,0.185688,0.125506,0.060181,11.325518,29.292565,18.050340,1.202737,1.193404,-1.102985,1.364848,0.014076,1.208244,4.000000,93.150685,0.302061,2.000000,47.974621,41.176471,60.392157,1.000000,0.123278,0.130520,-0.007242,11.308493,15.870275,27.373595,-0.160739,-0.267851,-2.726496,0.363703,0.011774,1.314131,2.000000,85.882353,0.657066,3.000000,57.846974,74.117647,63.219814,1.000000,0.157416,0.112363,0.045053,10.834107,18.792153,21.798101,0.393528,0.233720,-2.313817,0.681545,0.021762,1.507092,2.000000,55.194805,0.753546,2.000000,50.398137,57.894737,70.813397,0.000000,0.146393,0.091288,0.055106,10.394593,16.030525,24.166397,-0.008332,-0.220802,-2.839001,0.496215,0.022013,2.807145,12.000000,93.902439,0.233929,3.000000,54.708070,77.272727,86.147186,1.000000,0.175457,0.054056,0.121401,9.806797,20.137839,17.082818,0.246196,0.002762,-2.655369,0.612741,0.021891,2.902655,29.000000,170.833333,0.100092,4.000000,27.584552,37.735849,30.504148,0.000000,-0.333626,-0.308835,-0.024791,13.474447,11.929714,29.152878,-0.634182,-1.466494,-4.478413,-0.117159,0.010211,1.728484,7.000000,43.243243,0.246926,3.000000,3.843490,14.000000,236.170213,0.274535,4.000000,1.654347,4.000000,64.383562,0.413587,3.000000,2.505148,3.000000,152.083333,0.835049,4.000000,1.674808,6.000000,45.283019,0.279135,3.000000,3.566622,14.000000,179.661017,0.254759,4.000000,2.025403,1.000000,67.816092,2.025403,3.000000,2.900000,6.000000,133.846154,0.483333,4.000000,2.214651,0.000000,86.666667,0.000000,2.000000,2.491694,9.000000,88.235294,0.276855,2.000000,2.905983,4.000000,80.952381,0.726496,3.000000,3.465347,8.000000,210.000000,0.433168,4.000000,8.000000,1.000000,153.000000,-1.000000,,,,47.668778,63.450292,45.975177,-1.277354,-1.443639,0.166285,34.763081,14.363913,20.878432,0.158128,-2.255890,0.516528,0.095824,,0.000000,,35.219685,3.125000,12.152778,-0.110429,-0.081988,-0.028441,18.056951,13.122381,27.758306,-0.446253,-0.485519,-0.431995,0.004767,0.938699,0.779221,,236.170213,43.243243,0.862651,1.302220
2025-12-26T06:45:00Z,0.940776,no_impulse,0,ABBOTINDIA,1h,1.000000,189.090909,3.720930,5.000000,0.744186,1.186437,1.751540,0.190438,1.929825,6.000000,107.843137,0.321637,8.000000,64.477610,78.770950,50.631983,1.000000,0.233124,0.200269,0.032855,14.412831,36.491737,14.723641,1.281065,1.454384,-0.499932,1.043096,0.023894,1.822079,3.000000,132.467532,0.607360,1.000000,57.722123,58.787879,71.111111,1.000000,0.327007,0.220314,0.106694,14.672715,27.690589,18.932918,0.507719,0.662552,-1.480192,0.744841,0.020843,1.356828,0.000000,66.956522,0.000000,1.000000,68.120783,100.000000,72.156863,0.000000,0.185688,0.125506,0.060181,11.325518,29.292565,18.050340,1.202737,1.193404,-1.102985,1.364848,0.014076,2.068345,4.000000,169.117647,0.517086,1.000000,68.120783,100.000000,72.156863,1.000000,0.185688,0.125506,0.060181,11.325518,29.292565,18.050340,1.202737,1.193404,-1.102985,1.364848,0.014076,1.208244,4.000000,93.150685,0.302061,2.000000,47.974621,41.176471,60.392157,1.000000,0.123278,0.130520,-0.007242,11.308493,15.870275,27.373595,-0.160739,-0.267851,-2.726496,0.363703,0.011774,1.314131,2.000000,85.882353,0.657066,3.000000,57.846974,74.117647,63.219814,1.000000,0.157416,0.112363,0.045053,10.834107,18.792153,21.798101,0.393528,0.233720,-2.313817,0.681545,0.021762,1.507092,2.000000,55.194805,0.753546,2.000000,50.398137,57.894737,70.813397,0.000000,0.146393,0.091288,0.055106,10.394593,16.030525,24.166397,-0.008332,-0.220802,-2.839001,0.496215,0.022013,2.807145,12.000000,93.902439,0.233929,3.000000,54.708070,77.272727,86.147186,1.000000,0.175457,0.054056,0.121401,9.806797,20.137839,17.082818,0.246196,0.002762,-2.655369,0.612741,0.021891,2.902655,29.000000,170.833333,0.100092,4.000000,1.728484,7.000000,43.243243,0.246926,3.000000,3.843490,14.000000,236.170213,0.274535,4.000000,1.654347,4.000000,64.383562,0.413587,3.000000,2.505148,3.000000,152.083333,0.835049,4.000000,1.674808,6.000000,45.283019,0.279135,3.000000,3.566622,14.000000,179.661017,0.254759,4.000000,2.025403,1.000000,67.816092,2.025403,3.000000,2.900000,6.000000,133.846154,0.483333,4.000000,2.214651,0.000000,86.666667,0.000000,2.000000,2.491694,9.000000,88.235294,0.276855,2.000000,2.905983,4.000000,80.952381,0.726496,3.000000,1.000000,1.000000,5.000000,-1.000000,,,,53.998678,94.551282,69.049767,-0.988362,-1.337001,0.348639,33.022913,15.706654,19.353124,1.361886,-0.841844,0.650159,0.091949,,0.000000,,69.641057,75.221239,88.826023,0.575583,0.468451,0.107132,46.932878,41.030169,6.423933,0.973481,1.660645,0.752635,0.038912,1.995690,0.724638,74.000000,170.833333,43.243243,0.591750,1.112839
2025-12-29T07:45:00Z,0.918059,no_impulse,0,ABBOTINDIA,1h,-1.000000,67.307692,2.414626,8.000000,0.301828,-0.770230,-0.070152,-1.184467,3.720930,5.000000,189.090909,0.744186,1.000000,61.813541,72.596154,83.068114,1.000000,0.620824,0.418906,0.201917,24.991555,35.010991,10.071041,1.186437,1.751540,0.190438,0.793764,0.040872,1.929825,6.000000,107.843137,0.321637,8.000000,64.477610,78.770950,50.631983,1.000000,0.233124,0.200269,0.032855,14.412831,36.491737,14.723641,1.281065,1.454384,-0.499932,1.043096,0.023894,1.822079,3.000000,132.467532,0.607360,1.000000,57.722123,58.787879,71.111111,1.000000,0.327007,0.220314,0.106694,14.672715,27.690589,18.932918,0.507719,0.662552,-1.480192,0.744841,0.020843,1.356828,0.000000,66.956522,0.000000,1.000000,68.120783,100.000000,72.156863,0.000000,0.185688,0.125506,0.060181,11.325518,29.292565,18.050340,1.202737,1.193404,-1.102985,1.364848,0.014076,2.068345,4.000000,169.117647,0.517086,1.000000,68.120783,100.000000,72.156863,1.000000,0.185688,0.125506,0.060181,11.325518,29.292565,18.050340,1.202737,1.193404,-1.102985,1.364848,0.014076,1.208244,4.000000,93.150685,0.302061,2.000000,47.974621,41.176471,60.392157,1.000000,0.123278,0.130520,-0.007242,11.308493,15.870275,27.373595,-0.160739,-0.267851,-2.726496,0.363703,0.011774,1.314131,2.000000,85.882353,0.657066,3.000000,57.846974,74.117647,63.219814,1.000000,0.157416,0.112363,0.045053,10.834107,18.792153,21.798101,0.393528,0.233720,-2.313817,0.681545,0.021762,1.507092,2.000000,55.194805,0.753546,2.000000,50.398137,57.894737,70.813397,0.000000,0.146393,0.091288,0.055106,10.394593,16.030525,24.166397,-0.008332,-0.220802,-2.839001,0.496215,0.022013,2.807145,12.000000,93.902439,0.233929,3.000000,2.902655,29.000000,170.833333,0.100092,4.000000,1.728484,7.000000,43.243243,0.246926,3.000000,3.843490,14.000000,236.170213,0.274535,4.000000,1.654347,4.000000,64.383562,0.413587,3.000000,2.505148,3.000000,152.083333,0.835049,4.000000,1.674808,6.000000,45.283019,0.279135,3.000000,3.566622,14.000000,179.661017,0.254759,4.000000,2.025403,1.000000,67.816092,2.025403,3.000000,2.900000,6.000000,133.846154,0.483333,4.000000,2.214651,0.000000,86.666667,0.000000,2.000000,2.491694,9.000000,88.235294,0.276855,2.000000,2.000000,2.000000,13.000000,-1.000000,,,,49.955640,77.399381,88.833982,-0.646967,-1.115015,0.468048,30.307818,13.753287,17.427598,0.413775,-1.536962,0.564012,0.064909,,0.000000,,32.531108,7.812500,10.513771,-0.259516,-0.048134,-0.211383,39.278244,11.680516,40.089390,-1.017746,-0.893406,0.125915,0.026932,1.170031,1.194030,,189.090909,55.194805,0.828816,1.612812
2025-12-30T03:45:00Z,0.942560,no_impulse,0,ABBOTINDIA,1h,1.000000,107.857143,2.668788,3.000000,0.889596,-0.271663,0.459121,-0.487673,2.414626,8.000000,67.307692,0.301828,2.000000,45.146576,35.576923,49.519231,0.000000,0.440992,0.599731,-0.158738,26.885922,23.207001,29.602550,-0.770230,-0.070152,-1.184467,0.327431,0.044292,3.720930,5.000000,189.090909,0.744186,1.000000,61.813541,72.596154,83.068114,1.000000,0.620824,0.418906,0.201917,24.991555,35.010991,10.071041,1.186437,1.751540,0.190438,0.793764,0.040872,1.929825,6.000000,107.843137,0.321637,8.000000,64.477610,78.770950,50.631983,1.000000,0.233124,0.200269,0.032855,14.412831,36.491737,14.723641,1.281065,1.454384,-0.499932,1.043096,0.023894,1.822079,3.000000,132.467532,0.607360,1.000000,57.722123,58.787879,71.111111,1.000000,0.327007,0.220314,0.106694,14.672715,27.690589,18.932918,0.507719,0.662552,-1.480192,0.744841,0.020843,1.356828,0.000000,66.956522,0.000000,1.000000,68.120783,100.000000,72.156863,0.000000,0.185688,0.125506,0.060181,11.325518,29.292565,18.050340,1.202737,1.193404,-1.102985,1.364848,0.014076,2.068345,4.000000,169.117647,0.517086,1.000000,68.120783,100.000000,72.156863,1.000000,0.185688,0.125506,0.060181,11.325518,29.292565,18.050340,1.202737,1.193404,-1.102985,1.364848,0.014076,1.208244,4.000000,93.150685,0.302061,2.000000,47.974621,41.176471,60.392157,1.000000,0.123278,0.130520,-0.007242,11.308493,15.870275,27.373595,-0.160739,-0.267851,-2.726496,0.363703,0.011774,1.314131,2.000000,85.882353,0.657066,3.000000,57.846974,74.117647,63.219814,1.000000,0.157416,0.112363,0.045053,10.834107,18.792153,21.798101,0.393528,0.233720,-2.313817,0.681545,0.021762,1.507092,2.000000,55.194805,0.753546,2.000000,2.807145,12.000000,93.902439,0.233929,3.000000,2.902655,29.000000,170.833333,0.100092,4.000000,1.728484,7.000000,43.243243,0.246926,3.000000,3.843490,14.000000,236.170213,0.274535,4.000000,1.654347,4.000000,64.383562,0.413587,3.000000,2.505148,3.000000,152.083333,0.835049,4.000000,1.674808,6.000000,45.283019,0.279135,3.000000,3.566622,14.000000,179.661017,0.254759,4.000000,2.025403,1.000000,67.816092,2.025403,3.000000,2.900000,6.000000,133.846154,0.483333,4.000000,2.214651,0.000000,86.666667,0.000000,2.000000,1.000000,3.000000,16.000000,-1.000000,,,,49.955640,77.399381,88.833982,-0.646967,-1.115015,0.468048,30.307818,13.753287,17.427598,0.413775,-1.536962,0.564012,0.064909,,0.000000,,50.235355,49.006623,76.676173,0.067718,-0.076139,0.143857,36.075736,29.955216,30.585154,0.005508,0.165004,0.501765,0.031210,1.324510,0.652174,,189.090909,55.194805,0.787256,1.537067
2025-12-30T09:45:00Z,0.915950,no_impulse,0,ABBOTINDIA,1h,-1.000000,108.609272,2.823205,6.000000,0.470534,-0.346569,0.377303,-0.289507,2.668788,3.000000,107.857143,0.889596,1.000000,49.711465,30.463576,69.202144,0.000000,0.438843,0.539448,-0.100606,24.175341,27.693378,31.949843,-0.271663,0.459121,-0.487673,0.431853,0.039756,2.414626,8.000000,67.307692,0.301828,2.000000,45.146576,35.576923,49.519231,0.000000,0.440992,0.599731,-0.158738,26.885922,23.207001,29.602550,-0.770230,-0.070152,-1.184467,0.327431,0.044292,3.720930,5.000000,189.090909,0.744186,1.000000,61.813541,72.596154,83.068114,1.000000,0.620824,0.418906,0.201917,24.991555,35.010991,10.071041,1.186437,1.751540,0.190438,0.793764,0.040872,1.929825,6.000000,107.843137,0.321637,8.000000,64.477610,78.770950,50.631983,1.000000,0.233124,0.200269,0.032855,14.412831,36.491737,14.723641,1.281065,1.454384,-0.499932,1.043096,0.023894,1.822079,3.000000,132.467532,0.607360,1.000000,57.722123,58.787879,71.111111,1.000000,0.327007,0.220314,0.106694,14.672715,27.690589,18.932918,0.507719,0.662552,-1.480192,0.744841,0.020843,1.356828,0.000000,66.956522,0.000000,1.000000,68.120783,100.000000,72.156863,0.000000,0.185688,0.125506,0.060181,11.325518,29.292565,18.050340,1.202737,1.193404,-1.102985,1.364848,0.014076,2.068345,4.000000,169.117647,0.517086,1.000000,68.120783,100.000000,72.156863,1.000000,0.185688,0.125506,0.060181,11.325518,29.292565,18.050340,1.202737,1.193404,-1.102985,1.364848,0.014076,1.208244,4.000000,93.150685,0.302061,2.000000,47.974621,41.176471,60.392157,1.000000,0.123278,0.130520,-0.007242,11.308493,15.870275,27.373595,-0.160739,-0.267851,-2.726496,0.363703,0.011774,1.314131,2.000000,85.882353,0.657066,3.000000,1.507092,2.000000,55.194805,0.753546,2.000000,2.807145,12.000000,93.902439,0.233929,3.000000,2.902655,29.000000,170.833333,0.100092,4.000000,1.728484,7.000000,43.243243,0.246926,3.000000,3.843490,14.000000,236.170213,0.274535,4.000000,1.654347,4.000000,64.383562,0.413587,3.000000,2.505148,3.000000,152.083333,0.835049,4.000000,1.674808,6.000000,45.283019,0.279135,3.000000,3.566622,14.000000,179.661017,0.254759,4.000000,2.025403,1.000000,67.816092,2.025403,3.000000,2.900000,6.000000,133.846154,0.483333,4.000000,8.000000,1.000000,22.000000,-1.000000,,,,55.462136,87.637363,86.529342,-0.441787,-0.969767,0.527980,28.344621,15.164099,16.045151,1.445346,-0.317119,0.735410,0.062297,,0.000000,,35.157324,50.349650,31.842232,0.030537,0.162291,-0.131754,21.607715,13.875737,49.193809,-0.760317,-0.532184,-0.027237,0.014312,1.410835,1.621622,,189.090909,55.194805,0.772870,1.723391
2025-12-31T08:45:00Z,0.949213,no_impulse,0,ABBOTINDIA,1h,1.000000,125.000000,3.631532,6.000000,0.605255,0.770259,1.414075,0.953888,2.823205,6.000000,108.609272,0.470534,8.000000,48.923187,43.902439,57.901255,0.000000,0.351169,0.469335,-0.118166,22.204782,17.849995,40.733129,-0.346569,0.377303,-0.289507,0.365155,0.025613,2.668788,3.000000,107.857143,0.889596,1.000000,49.711465,30.463576,69.202144,0.000000,0.438843,0.539448,-0.100606,24.175341,27.693378,31.949843,-0.271663,0.459121,-0.487673,0.431853,0.039756,2.414626,8.000000,67.307692,0.301828,2.000000,45.146576,35.576923,49.519231,0.000000,0.440992,0.599731,-0.158738,26.885922,23.207001,29.602550,-0.770230,-0.070152,-1.184467,0.327431,0.044292,3.720930,5.000000,189.090909,0.744186,1.000000,61.813541,72.596154,83.068114,1.000000,0.620824,0.418906,0.201917,24.991555,35.010991,10.071041,1.186437,1.751540,0.190438,0.793764,0.040872,1.929825,6.000000,107.843137,0.321637,8.000000,64.477610,78.770950,50.631983,1.000000,0.233124,0.200269,0.032855,14.412831,36.491737,14.723641,1.281065,1.454384,-0.499932,1.043096,0.023894,1.822079,3.000000,132.467532,0.607360,1.000000,57.722123,58.787879,71.111111,1.000000,0.327007,0.220314,0.106694,14.672715,27.690589,18.932918,0.507719,0.662552,-1.480192,0.744841,0.020843,1.356828,0.000000,66.956522,0.000000,1.000000,68.120783,100.000000,72.156863,0.000000,0.185688,0.125506,0.060181,11.325518,29.292565,18.050340,1.202737,1.193404,-1.102985,1.364848,0.014076,2.068345,4.000000,169.117647,0.517086,1.000000,68.120783,100.000000,72.156863,1.000000,0.185688,0.125506,0.060181,11.325518,29.292565,18.050340,1.202737,1.193404,-1.102985,1.364848,0.014076,1.208244,4.000000,93.150685,0.302061,2.000000,1.314131,2.000000,85.882353,0.657066,3.000000,1.507092,2.000000,55.194805,0.753546,2.000000,2.807145,12.000000,93.902439,0.233929,3.000000,2.902655,29.000000,170.833333,0.100092,4.000000,1.728484,7.000000,43.243243,0.246926,3.000000,3.843490,14.000000,236.170213,0.274535,4.000000,1.654347,4.000000,64.383562,0.413587,3.000000,2.505148,3.000000,152.083333,0.835049,4.000000,1.674808,6.000000,45.283019,0.279135,3.000000,3.566622,14.000000,179.661017,0.254759,4.000000,2.025403,1.000000,67.816092,2.025403,3.000000,1.000000,1.000000,6.000000,-1.000000,,,,46.784836,57.967033,74.334592,-0.438597,-0.878240,0.439643,27.048389,14.021562,17.205949,-0.382704,-2.131851,0.436658,0.060188,,0.000000,,50.266934,42.553191,19.392730,-0.053201,-0.033566,-0.019635,14.407675,28.903158,19.532179,0.027552,0.047389,0.532211,0.008556,1.702786,1.463415,,189.090909,66.956522,0.791242,1.058048
2026-01-02T04:45:00Z,0.907188,no_impulse,0,ABBOTINDIA,1h,-1.000000,126.341463,4.427350,10.000000,0.442735,-2.098572,-1.976079,-2.433879,3.631532,6.000000,125.000000,0.605255,1.000000,57.287650,70.731707,60.162602,1.000000,0.272534,0.323336,-0.050802,19.997426,27.063079,25.753980,0.770259,1.414075,0.953888,0.808463,0.025165,2.823205,6.000000,108.609272,0.470534,8.000000,48.923187,43.902439,57.901255,0.000000,0.351169,0.469335,-0.118166,22.204782,17.849995,40.733129,-0.346569,0.377303,-0.289507,0.365155,0.025613,2.668788,3.000000,107.857143,0.889596,1.000000,49.711465,30.463576,69.202144,0.000000,0.438843,0.539448,-0.100606,24.175341,27.693378,31.949843,-0.271663,0.459121,-0.487673,0.431853,0.039756,2.414626,8.000000,67.307692,0.301828,2.000000,45.146576,35.576923,49.519231,0.000000,0.440992,0.599731,-0.158738,26.885922,23.207001,29.602550,-0.770230,-0.070152,-1.184467,0.327431,0.044292,3.720930,5.000000,189.090909,0.744186,1.000000,61.813541,72.596154,83.068114,1.000000,0.620824,0.418906,0.201917,24.991555,35.010991,10.071041,1.186437,1.751540,0.190438,0.793764,0.040872,1.929825,6.000000,107.843137,0.321637,8.000000,64.477610,78.770950,50.631983,1.000000,0.233124,0.200269,0.032855,14.412831,36.491737,14.723641,1.281065,1.454384,-0.499932,1.043096,0.023894,1.822079,3.000000,132.467532,0.607360,1.000000,57.722123,58.787879,71.111111,1.000000,0.327007,0.220314,0.106694,14.672715,27.690589,18.932918,0.507719,0.662552,-1.480192,0.744841,0.020843,1.356828,0.000000,66.956522,0.000000,1.000000,68.120783,100.000000,72.156863,0.000000,0.185688,0.125506,0.060181,11.325518,29.292565,18.050340,1.202737,1.193404,-1.102985,1.364848,0.014076,2.068345,4.000000,169.117647,0.517086,1.000000,1.208244,4.000000,93.150685,0.302061,2.000000,1.314131,2.000000,85.882353,0.657066,3.000000,1.507092,2.000000,55.194805,0.753546,2.000000,2.807145,12.000000,93.902439,0.233929,3.000000,2.902655,29.000000,170.833333,0.100092,4.000000,1.728484,7.000000,43.243243,0.246926,3.000000,3.843490,14.000000,236.170213,0.274535,4.000000,1.654347,4.000000,64.383562,0.413587,3.000000,2.505148,3.000000,152.083333,0.835049,4.000000,1.674808,6.000000,45.283019,0.279135,3.000000,3.566622,14.000000,179.661017,0.254759,4.000000,8.000000,1.000000,16.000000,-1.000000,,,,42.060352,38.186813,61.263736,-0.532080,-0.818002,0.285921,26.862517,13.104061,21.583956,-1.508784,-3.304270,0.245427,0.058386,,0.000000,,22.379816,0.000000,12.500000,-0.439329,-0.339529,-0.099800,25.859825,12.469170,38.722637,-1.050584,-1.543596,-0.012482,0.020287,1.872473,2.222222,,189.090909,66.956522,0.861135,1.131196
2026-01-07T04:45:00Z,0.928119,no_impulse,0,ABBOTINDIA,1h,1.000000,49.806950,2.307280,21.000000,0.109870,0.054791,-0.070925,-0.768194,4.427350,10.000000,126.341463,0.442735,8.000000,31.373035,1.930502,6.166183,1.000000,-0.321911,-0.012815,-0.309096,21.259831,15.475286,40.317623,-2.098572,-1.976079,-2.433879,-0.124218,0.032928,3.631532,6.000000,125.000000,0.605255,1.000000,57.287650,70.731707,60.162602,1.000000,0.272534,0.323336,-0.050802,19.997426,27.063079,25.753980,0.770259,1.414075,0.953888,0.808463,0.025165,2.823205,6.000000,108.609272,0.470534,8.000000,48.923187,43.902439,57.901255,0.000000,0.351169,0.469335,-0.118166,22.204782,17.849995,40.733129,-0.346569,0.377303,-0.289507,0.365155,0.025613,2.668788,3.000000,107.857143,0.889596,1.000000,49.711465,30.463576,69.202144,0.000000,0.438843,0.539448,-0.100606,24.175341,27.693378,31.949843,-0.271663,0.459121,-0.487673,0.431853,0.039756,2.414626,8.000000,67.307692,0.301828,2.000000,45.146576,35.576923,49.519231,0.000000,0.440992,0.599731,-0.158738,26.885922,23.207001,29.602550,-0.770230,-0.070152,-1.184467,0.327431,0.044292,3.720930,5.000000,189.090909,0.744186,1.000000,61.813541,72.596154,83.068114,1.000000,0.620824,0.418906,0.201917,24.991555,35.010991,10.071041,1.186437,1.751540,0.190438,0.793764,0.040872,1.929825,6.000000,107.843137,0.321637,8.000000,64.477610,78.770950,50.631983,1.000000,0.233124,0.200269,0.032855,14.412831,36.491737,14.723641,1.281065,1.454384,-0.499932,1.043096,0.023894,1.822079,3.000000,132.467532,0.607360,1.000000,57.722123,58.787879,71.111111,1.000000,0.327007,0.220314,0.106694,14.672715,27.690589,18.932918,0.507719,0.662552,-1.480192,0.744841,0.020843,1.356828,0.000000,66.956522,0.000000,1.000000,2.068345,4.000000,169.117647,0.517086,1.000000,1.208244,4.000000,93.150685,0.302061,2.000000,1.314131,2.000000,85.882353,0.657066,3.000000,1.507092,2.000000,55.194805,0.753546,2.000000,2.807145,12.000000,93.902439,0.233929,3.000000,2.902655,29.000000,170.833333,0.100092,4.000000,1.728484,7.000000,43.243243,0.246926,3.000000,3.843490,14.000000,236.170213,0.274535,4.000000,1.654347,4.000000,64.383562,0.413587,3.000000,2.505148,3.000000,152.083333,0.835049,4.000000,1.674808,6.000000,45.283019,0.279135,3.000000,3.000000,2.000000,21.000000,-1.000000,,,,48.154558,57.967033,51.098901,-0.481008,-0.669351,0.188343,24.442735,15.681967,18.637150,-0.063372,-1.724758,0.488135,0.053379,,0.000000,,60.914710,62.264151,79.874214,0.221022,0.200095,0.020927,34.222166,24.115674,6.879932,0.223558,0.510678,0.758726,0.008660,0.858890,4.117647,,189.090909,66.956522,0.975052,1.235991
2026-01-07T06:45:00Z,0.913192,no_impulse,0,ABBOTINDIA,1h,-1.000000,71.317829,1.608392,2.000000,0.804196,-0.386078,-0.524578,-1.229865,2.307280,21.000000,49.806950,0.109870,3.000000,50.253688,58.771930,78.697172,0.000000,0.026305,-0.132185,0.158491,20.500389,22.039391,14.783581,0.054791,-0.070925,-0.768194,0.525503,0.021496,4.427350,10.000000,126.341463,0.442735,8.000000,31.373035,1.930502,6.166183,1.000000,-0.321911,-0.012815,-0.309096,21.259831,15.475286,40.317623,-2.098572,-1.976079,-2.433879,-0.124218,0.032928,3.631532,6.000000,125.000000,0.605255,1.000000,57.287650,70.731707,60.162602,1.000000,0.272534,0.323336,-0.050802,19.997426,27.063079,25.753980,0.770259,1.414075,0.953888,0.808463,0.025165,2.823205,6.000000,108.609272,0.470534,8.000000,48.923187,43.902439,57.901255,0.000000,0.351169,0.469335,-0.118166,22.204782,17.849995,40.733129,-0.346569,0.377303,-0.289507,0.365155,0.025613,2.668788,3.000000,107.857143,0.889596,1.000000,49.711465,30.463576,69.202144,0.000000,0.438843,0.539448,-0.100606,24.175341,27.693378,31.949843,-0.271663,0.459121,-0.487673,0.431853,0.039756,2.414626,8.000000,67.307692,0.301828,2.000000,45.146576,35.576923,49.519231,0.000000,0.440992,0.599731,-0.158738,26.885922,23.207001,29.602550,-0.770230,-0.070152,-1.184467,0.327431,0.044292,3.720930,5.000000,189.090909,0.744186,1.000000,61.813541,72.596154,83.068114,1.000000,0.620824,0.418906,0.201917,24.991555,35.010991,10.071041,1.186437,1.751540,0.190438,0.793764,0.040872,1.929825,6.000000,107.843137,0.321637,8.000000,64.477610,78.770950,50.631983,1.000000,0.233124,0.200269,0.032855,14.412831,36.491737,14.723641,1.281065,1.454384,-0.499932,1.043096,0.023894,1.822079,3.000000,132.467532,0.607360,1.000000,1.356828,0.000000,66.956522,0.000000,1.000000,2.068345,4.000000,169.117647,0.517086,1.000000,1.208244,4.000000,93.150685,0.302061,2.000000,1.314131,2.000000,85.882353,0.657066,3.000000,1.507092,2.000000,55.194805,0.753546,2.000000,2.807145,12.000000,93.902439,0.233929,3.000000,2.902655,29.000000,170.833333,0.100092,4.000000,1.728484,7.000000,43.243243,0.246926,3.000000,3.843490,14.000000,236.170213,0.274535,4.000000,1.654347,4.000000,64.383562,0.413587,3.000000,2.505148,3.000000,152.083333,0.835049,4.000000,2.000000,1.000000,23.000000,-1.000000,,,,45.907216,38.305085,50.588874,-0.476642,-0.633549,0.156908,23.311889,14.898899,17.706517,-0.520546,-2.157178,0.401525,0.052587,,0.000000,,40.038960,22.077922,17.597403,0.003668,0.094520,-0.090851,26.806461,12.262415,25.878154,-0.365369,-0.219772,0.129321,0.009821,0.593449,0.294118,,189.090909,49.806950,0.961052,1.311074
2026-01-07T09:45:00Z,0.926497,no_impulse,0,ABBOTINDIA,1h,1.000000,89.130435,1.457001,3.000000,0.485667,0.623135,0.568641,-0.083177,1.608392,2.000000,71.317829,0.804196,2.000000,44.424805,35.087719,50.584795,0.000000,-0.016610,-0.084638,0.068028,18.986172,18.747343,22.369386,-0.386078,-0.524578,-1.229865,0.313720,0.020646,2.307280,21.000000,49.806950,0.109870,3.000000,50.253688,58.771930,78.697172,0.000000,0.026305,-0.132185,0.158491,20.500389,22.039391,14.783581,0.054791,-0.070925,-0.768194,0.525503,0.021496,4.427350,10.000000,126.341463,0.442735,8.000000,31.373035,1.930502,6.166183,1.000000,-0.321911,-0.012815,-0.309096,21.259831,15.475286,40.317623,-2.098572,-1.976079,-2.433879,-0.124218,0.032928,3.631532,6.000000,125.000000,0.605255,1.000000,57.287650,70.731707,60.162602,1.000000,0.272534,0.323336,-0.050802,19.997426,27.063079,25.753980,0.770259,1.414075,0.953888,0.808463,0.025165,2.823205,6.000000,108.609272,0.470534,8.000000,48.923187,43.902439,57.901255,0.000000,0.351169,0.469335,-0.118166,22.204782,17.849995,40.733129,-0.346569,0.377303,-0.289507,0.365155,0.025613,2.668788,3.000000,107.857143,0.889596,1.000000,49.711465,30.463576,69.202144,0.000000,0.438843,0.539448,-0.100606,24.175341,27.693378,31.949843,-0.271663,0.459121,-0.487673,0.431853,0.039756,2.414626,8.000000,67.307692,0.301828,2.000000,45.146576,35.576923,49.519231,0.000000,0.440992,0.599731,-0.158738,26.885922,23.207001,29.602550,-0.770230,-0.070152,-1.184467,0.327431,0.044292,3.720930,5.000000,189.090909,0.744186,1.000000,61.813541,72.596154,83.068114,1.000000,0.620824,0.418906,0.201917,24.991555,35.010991,10.071041,1.186437,1.751540,0.190438,0.793764,0.040872,1.929825,6.000000,107.843137,0.321637,8.000000,1.822079,3.000000,132.467532,0.607360,1.000000,1.356828,0.000000,66.956522,0.000000,1.000000,2.068345,4.000000,169.117647,0.517086,1.000000,1.208244,4.000000,93.150685,0.302061,2.000000,1.314131,2.000000,85.882353,0.657066,3.000000,1.507092,2.000000,55.194805,0.753546,2.000000,2.807145,12.000000,93.902439,0.233929,3.000000,2.902655,29.000000,170.833333,0.100092,4.000000,1.728484,7.000000,43.243243,0.246926,3.000000,3.843490,14.000000,236.170213,0.274535,4.000000,1.654347,4.000000,64.383562,0.413587,3.000000,3.000000,1.000000,26.000000,-1.000000,,,,45.907216,38.305085,50.588874,-0.476642,-0.633549,0.156908,23.311889,14.898899,17.706517,-0.520546,-2.157178,0.401525,0.052587,,0.000000,,65.138651,100.000000,95.358650,0.067270,-0.020289,0.087559,21.944232,24.441622,13.873618,0.587577,0.672873,0.922196,0.013999,0.532646,0.428571,,189.090909,49.806950,0.924278,0.914452
2026-01-09T03:45:00Z,0.907026,no_impulse,0,ABBOTINDIA,1h,-1.000000,146.341463,2.101576,8.000000,0.262697,-1.065211,-1.152097,-1.790514,1.457001,3.000000,89.130435,0.485667,3.000000,57.786419,90.000000,74.774056,1.000000,0.075088,-0.025486,0.100574,17.161131,22.549321,17.681919,0.623135,0.568641,-0.083177,0.797727,0.021061,1.608392,2.000000,71.317829,0.804196,2.000000,44.424805,35.087719,50.584795,0.000000,-0.016610,-0.084638,0.068028,18.986172,18.747343,22.369386,-0.386078,-0.524578,-1.229865,0.313720,0.020646,2.307280,21.000000,49.806950,0.109870,3.000000,50.253688,58.771930,78.697172,0.000000,0.026305,-0.132185,0.158491,20.500389,22.039391,14.783581,0.054791,-0.070925,-0.768194,0.525503,0.021496,4.427350,10.000000,126.341463,0.442735,8.000000,31.373035,1.930502,6.166183,1.000000,-0.321911,-0.012815,-0.309096,21.259831,15.475286,40.317623,-2.098572,-1.976079,-2.433879,-0.124218,0.032928,3.631532,6.000000,125.000000,0.605255,1.000000,57.287650,70.731707,60.162602,1.000000,0.272534,0.323336,-0.050802,19.997426,27.063079,25.753980,0.770259,1.414075,0.953888,0.808463,0.025165,2.823205,6.000000,108.609272,0.470534,8.000000,48.923187,43.902439,57.901255,0.000000,0.351169,0.469335,-0.118166,22.204782,17.849995,40.733129,-0.346569,0.377303,-0.289507,0.365155,0.025613,2.668788,3.000000,107.857143,0.889596,1.000000,49.711465,30.463576,69.202144,0.000000,0.438843,0.539448,-0.100606,24.175341,27.693378,31.949843,-0.271663,0.459121,-0.487673,0.431853,0.039756,2.414626,8.000000,67.307692,0.301828,2.000000,45.146576,35.576923,49.519231,0.000000,0.440992,0.599731,-0.158738,26.885922,23.207001,29.602550,-0.770230,-0.070152,-1.184467,0.327431,0.044292,3.720930,5.000000,189.090909,0.744186,1.000000,1.929825,6.000000,107.843137,0.321637,8.000000,1.822079,3.000000,132.467532,0.607360,1.000000,1.356828,0.000000,66.956522,0.000000,1.000000,2.068345,4.000000,169.117647,0.517086,1.000000,1.208244,4.000000,93.150685,0.302061,2.000000,1.314131,2.000000,85.882353,0.657066,3.000000,1.507092,2.000000,55.194805,0.753546,2.000000,2.807145,12.000000,93.902439,0.233929,3.000000,2.902655,29.000000,170.833333,0.100092,4.000000,1.728484,7.000000,43.243243,0.246926,3.000000,3.843490,14.000000,236.170213,0.274535,4.000000,4.000000,2.000000,34.000000,-1.000000,,,,42.313883,21.694915,39.322344,-0.539488,-0.619157,0.079669,23.186008,13.685581,21.204164,-1.264067,-2.928501,0.264253,0.052950,,0.000000,,33.148757,0.000000,40.523943,-0.110743,-0.042594,-0.068148,18.730998,13.694571,21.462065,-0.758908,-0.798500,-0.267968,0.009808,0.778681,1.142857,,189.090909,49.806950,0.970420,0.493717
2026-01-09T03:45:00Z,0.921467,no_impulse,0,ABBOTINDIA,1h,1.000000,74.166667,1.592129,0.000000,0.000000,-1.065211,-1.152097,-1.790514,2.101576,8.000000,146.341463,0.262697,4.000000,36.836831,16.153846,37.630992,1.000000,-0.064129,0.021994,-0.086123,15.964614,13.677420,26.527700,-1.065211,-1.152097,-1.790514,-0.175693,0.015599,1.457001,3.000000,89.130435,0.485667,3.000000,57.786419,90.000000,74.774056,1.000000,0.075088,-0.025486,0.100574,17.161131,22.549321,17.681919,0.623135,0.568641,-0.083177,0.797727,0.021061,1.608392,2.000000,71.317829,0.804196,2.000000,44.424805,35.087719,50.584795,0.000000,-0.016610,-0.084638,0.068028,18.986172,18.747343,22.369386,-0.386078,-0.524578,-1.229865,0.313720,0.020646,2.307280,21.000000,49.806950,0.109870,3.000000,50.253688,58.771930,78.697172,0.000000,0.026305,-0.132185,0.158491,20.500389,22.039391,14.783581,0.054791,-0.070925,-0.768194,0.525503,0.021496,4.427350,10.000000,126.341463,0.442735,8.000000,31.373035,1.930502,6.166183,1.000000,-0.321911,-0.012815,-0.309096,21.259831,15.475286,40.317623,-2.098572,-1.976079,-2.433879,-0.124218,0.032928,3.631532,6.000000,125.000000,0.605255,1.000000,57.287650,70.731707,60.162602,1.000000,0.272534,0.323336,-0.050802,19.997426,27.063079,25.753980,0.770259,1.414075,0.953888,0.808463,0.025165,2.823205,6.000000,108.609272,0.470534,8.000000,48.923187,43.902439,57.901255,0.000000,0.351169,0.469335,-0.118166,22.204782,17.849995,40.733129,-0.346569,0.377303,-0.289507,0.365155,0.025613,2.668788,3.000000,107.857143,0.889596,1.000000,49.711465,30.463576,69.202144,0.000000,0.438843,0.539448,-0.100606,24.175341,27.693378,31.949843,-0.271663,0.459121,-0.487673,0.431853,0.039756,2.414626,8.000000,67.307692,0.301828,2.000000,3.720930,5.000000,189.090909,0.744186,1.000000,1.929825,6.000000,107.843137,0.321637,8.000000,1.822079,3.000000,132.467532,0.607360,1.000000,1.356828,0.000000,66.956522,0.000000,1.000000,2.068345,4.000000,169.117647,0.517086,1.000000,1.208244,4.000000,93.150685,0.302061,2.000000,1.314131,2.000000,85.882353,0.657066,3.000000,1.507092,2.000000,55.194805,0.753546,2.000000,2.807145,12.000000,93.902439,0.233929,3.000000,2.902655,29.000000,170.833333,0.100092,4.000000,1.728484,7.000000,43.243243,0.246926,3.000000,4.000000,3.000000,34.000000,-1.000000,,,,42.313883,21.694915,39.322344,-0.539488,-0.619157,0.079669,23.186008,13.685581,21.204164,-1.264067,-2.928501,0.264253,0.052950,,0.000000,,33.148757,0.000000,40.523943,-0.110743,-0.042594,-0.068148,18.730998,13.694571,21.462065,-0.758908,-0.798500,-0.267968,0.009808,0.586189,0.000000,,189.090909,49.806950,0.956719,0.498446
2026-01-12T03:45:00Z,0.901184,no_impulse,0,ABBOTINDIA,1h,-1.000000,140.449438,2.201092,7.000000,0.314442,-0.671032,-1.028802,-1.844293,1.592129,0.000000,74.166667,0.000000,4.000000,36.836831,16.153846,37.630992,0.000000,-0.064129,0.021994,-0.086123,15.964614,13.677420,26.527700,-1.065211,-1.152097,-1.790514,-0.175693,0.015599,2.101576,8.000000,146.341463,0.262697,4.000000,36.836831,16.153846,37.630992,1.000000,-0.064129,0.021994,-0.086123,15.964614,13.677420,26.527700,-1.065211,-1.152097,-1.790514,-0.175693,0.015599,1.457001,3.000000,89.130435,0.485667,3.000000,57.786419,90.000000,74.774056,1.000000,0.075088,-0.025486,0.100574,17.161131,22.549321,17.681919,0.623135,0.568641,-0.083177,0.797727,0.021061,1.608392,2.000000,71.317829,0.804196,2.000000,44.424805,35.087719,50.584795,0.000000,-0.016610,-0.084638,0.068028,18.986172,18.747343,22.369386,-0.386078,-0.524578,-1.229865,0.313720,0.020646,2.307280,21.000000,49.806950,0.109870,3.000000,50.253688,58.771930,78.697172,0.000000,0.026305,-0.132185,0.158491,20.500389,22.039391,14.783581,0.054791,-0.070925,-0.768194,0.525503,0.021496,4.427350,10.000000,126.341463,0.442735,8.000000,31.373035,1.930502,6.166183,1.000000,-0.321911,-0.012815,-0.309096,21.259831,15.475286,40.317623,-2.098572,-1.976079,-2.433879,-0.124218,0.032928,3.631532,6.000000,125.000000,0.605255,1.000000,57.287650,70.731707,60.162602,1.000000,0.272534,0.323336,-0.050802,19.997426,27.063079,25.753980,0.770259,1.414075,0.953888,0.808463,0.025165,2.823205,6.000000,108.609272,0.470534,8.000000,48.923187,43.902439,57.901255,0.000000,0.351169,0.469335,-0.118166,22.204782,17.849995,40.733129,-0.346569,0.377303,-0.289507,0.365155,0.025613,2.668788,3.000000,107.857143,0.889596,1.000000,2.414626,8.000000,67.307692,0.301828,2.000000,3.720930,5.000000,189.090909,0.744186,1.000000,1.929825,6.000000,107.843137,0.321637,8.000000,1.822079,3.000000,132.467532,0.607360,1.000000,1.356828,0.000000,66.956522,0.000000,1.000000,2.068345,4.000000,169.117647,0.517086,1.000000,1.208244,4.000000,93.150685,0.302061,2.000000,1.314131,2.000000,85.882353,0.657066,3.000000,1.507092,2.000000,55.194805,0.753546,2.000000,2.807145,12.000000,93.902439,0.233929,3.000000,2.902655,29.000000,170.833333,0.100092,4.000000,4.000000,4.000000,41.000000,-1.000000,,,,47.465294,41.216216,33.738739,-0.493395,-0.589030,0.095635,22.660024,13.919885,19.152709,-0.223607,-1.820555,0.457288,0.052236,,0.000000,,32.206053,3.125000,43.672821,-0.173206,-0.181149,0.007944,24.470376,16.780302,27.234832,-0.977283,-1.336307,-0.327664,0.011693,0.879315,1.044776,,146.341463,49.806950,0.945052,0.617367
2026-01-13T03:45:00Z,0.925686,no_impulse,0,ABBOTINDIA,1h,1.000000,120.800000,2.718761,7.000000,0.388394,0.514841,0.297411,-0.496390,2.201092,7.000000,140.449438,0.314442,4.000000,40.576088,31.333333,39.071601,0.000000,-0.323494,-0.230950,-0.092544,21.156077,14.219875,27.742553,-0.671032,-1.028802,-1.844293,0.262047,0.028012,1.592129,0.000000,74.166667,0.000000,4.000000,36.836831,16.153846,37.630992,0.000000,-0.064129,0.021994,-0.086123,15.964614,13.677420,26.527700,-1.065211,-1.152097,-1.790514,-0.175693,0.015599,2.101576,8.000000,146.341463,0.262697,4.000000,36.836831,16.153846,37.630992,1.000000,-0.064129,0.021994,-0.086123,15.964614,13.677420,26.527700,-1.065211,-1.152097,-1.790514,-0.175693,0.015599,1.457001,3.000000,89.130435,0.485667,3.000000,57.786419,90.000000,74.774056,1.000000,0.075088,-0.025486,0.100574,17.161131,22.549321,17.681919,0.623135,0.568641,-0.083177,0.797727,0.021061,1.608392,2.000000,71.317829,0.804196,2.000000,44.424805,35.087719,50.584795,0.000000,-0.016610,-0.084638,0.068028,18.986172,18.747343,22.369386,-0.386078,-0.524578,-1.229865,0.313720,0.020646,2.307280,21.000000,49.806950,0.109870,3.000000,50.253688,58.771930,78.697172,0.000000,0.026305,-0.132185,0.158491,20.500389,22.039391,14.783581,0.054791,-0.070925,-0.768194,0.525503,0.021496,4.427350,10.000000,126.341463,0.442735,8.000000,31.373035,1.930502,6.166183,1.000000,-0.321911,-0.012815,-0.309096,21.259831,15.475286,40.317623,-2.098572,-1.976079,-2.433879,-0.124218,0.032928,3.631532,6.000000,125.000000,0.605255,1.000000,57.287650,70.731707,60.162602,1.000000,0.272534,0.323336,-0.050802,19.997426,27.063079,25.753980,0.770259,1.414075,0.953888,0.808463,0.025165,2.823205,6.000000,108.609272,0.470534,8.000000,2.668788,3.000000,107.857143,0.889596,1.000000,2.414626,8.000000,67.307692,0.301828,2.000000,3.720930,5.000000,189.090909,0.744186,1.000000,1.929825,6.000000,107.843137,0.321637,8.000000,1.822079,3.000000,132.467532,0.607360,1.000000,1.356828,0.000000,66.956522,0.000000,1.000000,2.068345,4.000000,169.117647,0.517086,1.000000,1.208244,4.000000,93.150685,0.302061,2.000000,1.314131,2.000000,85.882353,0.657066,3.000000,1.507092,2.000000,55.194805,0.753546,2.000000,2.807145,12.000000,93.902439,0.233929,3.000000,7.000000,5.000000,48.000000,-1.000000,,,,43.234489,21.621622,28.177584,-0.542967,-0.584682,0.041716,22.136775,13.098047,17.842658,-1.138472,-2.759129,0.279344,0.051014,,0.000000,,64.030220,77.173913,70.035213,0.255881,0.160047,0.095833,32.833801,30.242092,8.439163,0.714190,0.861143,0.950660,0.015962,1.095464,1.060606,,146.341463,49.806950,0.949676,1.097182
2026-01-19T03:45:00Z,0.895668,no_impulse,0,ABBOTINDIA,1h,-1.000000,122.516556,3.242770,21.000000,0.154418,-0.938085,-1.495594,-2.590118,2.718761,7.000000,120.800000,0.388394,7.000000,56.137767,78.145695,78.569770,0.000000,-0.046139,-0.178180,0.132041,17.529824,19.195221,19.554189,0.514841,0.297411,-0.496390,0.726826,0.022815,2.201092,7.000000,140.449438,0.314442,4.000000,40.576088,31.333333,39.071601,0.000000,-0.323494,-0.230950,-0.092544,21.156077,14.219875,27.742553,-0.671032,-1.028802,-1.844293,0.262047,0.028012,1.592129,0.000000,74.166667,0.000000,4.000000,36.836831,16.153846,37.630992,0.000000,-0.064129,0.021994,-0.086123,15.964614,13.677420,26.527700,-1.065211,-1.152097,-1.790514,-0.175693,0.015599,2.101576,8.000000,146.341463,0.262697,4.000000,36.836831,16.153846,37.630992,1.000000,-0.064129,0.021994,-0.086123,15.964614,13.677420,26.527700,-1.065211,-1.152097,-1.790514,-0.175693,0.015599,1.457001,3.000000,89.130435,0.485667,3.000000,57.786419,90.000000,74.774056,1.000000,0.075088,-0.025486,0.100574,17.161131,22.549321,17.681919,0.623135,0.568641,-0.083177,0.797727,0.021061,1.608392,2.000000,71.317829,0.804196,2.000000,44.424805,35.087719,50.584795,0.000000,-0.016610,-0.084638,0.068028,18.986172,18.747343,22.369386,-0.386078,-0.524578,-1.229865,0.313720,0.020646,2.307280,21.000000,49.806950,0.109870,3.000000,50.253688,58.771930,78.697172,0.000000,0.026305,-0.132185,0.158491,20.500389,22.039391,14.783581,0.054791,-0.070925,-0.768194,0.525503,0.021496,4.427350,10.000000,126.341463,0.442735,8.000000,31.373035,1.930502,6.166183,1.000000,-0.321911,-0.012815,-0.309096,21.259831,15.475286,40.317623,-2.098572,-1.976079,-2.433879,-0.124218,0.032928,3.631532,6.000000,125.000000,0.605255,1.000000,2.823205,6.000000,108.609272,0.470534,8.000000,2.668788,3.000000,107.857143,0.889596,1.000000,2.414626,8.000000,67.307692,0.301828,2.000000,3.720930,5.000000,189.090909,0.744186,1.000000,1.929825,6.000000,107.843137,0.321637,8.000000,1.822079,3.000000,132.467532,0.607360,1.000000,1.356828,0.000000,66.956522,0.000000,1.000000,2.068345,4.000000,169.117647,0.517086,1.000000,1.208244,4.000000,93.150685,0.302061,2.000000,1.314131,2.000000,85.882353,0.657066,3.000000,1.507092,2.000000,55.194805,0.753546,2.000000,4.000000,6.000000,21.000000,-1.000000,,,,38.740978,9.090909,7.695281,-0.808019,-0.664449,-0.143570,22.885145,10.815653,19.638645,-1.799038,-3.581368,0.154261,0.051115,,0.000000,,34.928605,17.021277,21.430848,-0.280101,-0.257073,-0.023029,28.518616,11.306179,28.590125,-0.491848,-0.922169,0.267268,0.021030,1.303976,3.000000,,146.341463,49.806950,0.950900,1.260310
2026-01-19T09:45:00Z,0.909297,no_impulse,0,ABBOTINDIA,1h,1.000000,45.405405,1.521739,6.000000,0.253623,-0.399823,-1.006330,-2.231079,3.242770,21.000000,122.516556,0.154418,4.000000,36.421415,12.000000,13.761905,0.000000,-0.448630,-0.331565,-0.117064,17.837739,14.834210,29.645235,-0.938085,-1.495594,-2.590118,0.166624,0.027877,2.718761,7.000000,120.800000,0.388394,7.000000,56.137767,78.145695,78.569770,0.000000,-0.046139,-0.178180,0.132041,17.529824,19.195221,19.554189,0.514841,0.297411,-0.496390,0.726826,0.022815,2.201092,7.000000,140.449438,0.314442,4.000000,40.576088,31.333333,39.071601,0.000000,-0.323494,-0.230950,-0.092544,21.156077,14.219875,27.742553,-0.671032,-1.028802,-1.844293,0.262047,0.028012,1.592129,0.000000,74.166667,0.000000,4.000000,36.836831,16.153846,37.630992,0.000000,-0.064129,0.021994,-0.086123,15.964614,13.677420,26.527700,-1.065211,-1.152097,-1.790514,-0.175693,0.015599,2.101576,8.000000,146.341463,0.262697,4.000000,36.836831,16.153846,37.630992,1.000000,-0.064129,0.021994,-0.086123,15.964614,13.677420,26.527700,-1.065211,-1.152097,-1.790514,-0.175693,0.015599,1.457001,3.000000,89.130435,0.485667,3.000000,57.786419,90.000000,74.774056,1.000000,0.075088,-0.025486,0.100574,17.161131,22.549321,17.681919,0.623135,0.568641,-0.083177,0.797727,0.021061,1.608392,2.000000,71.317829,0.804196,2.000000,44.424805,35.087719,50.584795,0.000000,-0.016610,-0.084638,0.068028,18.986172,18.747343,22.369386,-0.386078,-0.524578,-1.229865,0.313720,0.020646,2.307280,21.000000,49.806950,0.109870,3.000000,50.253688,58.771930,78.697172,0.000000,0.026305,-0.132185,0.158491,20.500389,22.039391,14.783581,0.054791,-0.070925,-0.768194,0.525503,0.021496,4.427350,10.000000,126.341463,0.442735,8.000000,3.631532,6.000000,125.000000,0.605255,1.000000,2.823205,6.000000,108.609272,0.470534,8.000000,2.668788,3.000000,107.857143,0.889596,1.000000,2.414626,8.000000,67.307692,0.301828,2.000000,3.720930,5.000000,189.090909,0.744186,1.000000,1.929825,6.000000,107.843137,0.321637,8.000000,1.822079,3.000000,132.467532,0.607360,1.000000,1.356828,0.000000,66.956522,0.000000,1.000000,2.068345,4.000000,169.117647,0.517086,1.000000,1.208244,4.000000,93.150685,0.302061,2.000000,1.314131,2.000000,85.882353,0.657066,3.000000,3.000000,7.000000,27.000000,-1.000000,,,,32.283013,3.317536,6.323648,-1.029182,-0.747945,-0.281237,24.229881,9.938390,24.162270,-3.455562,-5.415948,-0.045117,0.061274,,0.000000,,46.985580,18.181818,20.643939,-0.034871,-0.039702,0.004831,18.625763,31.898315,16.341842,-0.049033,-0.256880,0.423090,0.006372,0.601766,0.705882,,146.341463,49.806950,0.976308,1.584758
2026-01-21T04:45:00Z,0.873925,no_impulse,0,ABBOTINDIA,1h,-1.000000,259.523810,3.890079,9.000000,0.432231,-1.550521,-2.565757,-4.236936,1.521739,6.000000,45.405405,0.253623,3.000000,40.976055,28.301887,27.358491,1.000000,-0.392890,-0.393109,0.000218,18.168169,21.545216,21.698184,-0.399823,-1.006330,-2.231079,0.327169,0.023042,3.242770,21.000000,122.516556,0.154418,4.000000,36.421415,12.000000,13.761905,0.000000,-0.448630,-0.331565,-0.117064,17.837739,14.834210,29.645235,-0.938085,-1.495594,-2.590118,0.166624,0.027877,2.718761,7.000000,120.800000,0.388394,7.000000,56.137767,78.145695,78.569770,0.000000,-0.046139,-0.178180,0.132041,17.529824,19.195221,19.554189,0.514841,0.297411,-0.496390,0.726826,0.022815,2.201092,7.000000,140.449438,0.314442,4.000000,40.576088,31.333333,39.071601,0.000000,-0.323494,-0.230950,-0.092544,21.156077,14.219875,27.742553,-0.671032,-1.028802,-1.844293,0.262047,0.028012,1.592129,0.000000,74.166667,0.000000,4.000000,36.836831,16.153846,37.630992,0.000000,-0.064129,0.021994,-0.086123,15.964614,13.677420,26.527700,-1.065211,-1.152097,-1.790514,-0.175693,0.015599,2.101576,8.000000,146.341463,0.262697,4.000000,36.836831,16.153846,37.630992,1.000000,-0.064129,0.021994,-0.086123,15.964614,13.677420,26.527700,-1.065211,-1.152097,-1.790514,-0.175693,0.015599,1.457001,3.000000,89.130435,0.485667,3.000000,57.786419,90.000000,74.774056,1.000000,0.075088,-0.025486,0.100574,17.161131,22.549321,17.681919,0.623135,0.568641,-0.083177,0.797727,0.021061,1.608392,2.000000,71.317829,0.804196,2.000000,44.424805,35.087719,50.584795,0.000000,-0.016610,-0.084638,0.068028,18.986172,18.747343,22.369386,-0.386078,-0.524578,-1.229865,0.313720,0.020646,2.307280,21.000000,49.806950,0.109870,3.000000,4.427350,10.000000,126.341463,0.442735,8.000000,3.631532,6.000000,125.000000,0.605255,1.000000,2.823205,6.000000,108.609272,0.470534,8.000000,2.668788,3.000000,107.857143,0.889596,1.000000,2.414626,8.000000,67.307692,0.301828,2.000000,3.720930,5.000000,189.090909,0.744186,1.000000,1.929825,6.000000,107.843137,0.321637,8.000000,1.822079,3.000000,132.467532,0.607360,1.000000,1.356828,0.000000,66.956522,0.000000,1.000000,2.068345,4.000000,169.117647,0.517086,1.000000,1.208244,4.000000,93.150685,0.302061,2.000000,4.000000,8.000000,36.000000,-1.000000,,,,39.610729,31.310680,14.573041,-1.056979,-0.801831,-0.255148,25.815961,8.957176,24.486963,-1.887477,-3.862926,0.213677,0.064700,,0.000000,,32.561589,13.333333,22.491582,-0.400556,-0.389497,-0.011059,29.783279,11.173980,27.292635,-0.599621,-1.228065,0.248123,0.023664,1.678343,1.058824,,146.341463,45.405405,0.938768,1.269470
2026-01-23T05:45:00Z,0.911894,no_impulse,0,ABBOTINDIA,1h,1.000000,107.339450,4.344597,15.000000,0.289640,0.100979,-0.255718,-1.847280,3.890079,9.000000,259.523810,0.432231,4.000000,25.954050,18.807339,11.003962,0.000000,-0.762552,-0.598776,-0.163776,24.484757,13.804808,34.857085,-1.550521,-2.565757,-4.236936,0.021229,0.031891,1.521739,6.000000,45.405405,0.253623,3.000000,40.976055,28.301887,27.358491,1.000000,-0.392890,-0.393109,0.000218,18.168169,21.545216,21.698184,-0.399823,-1.006330,-2.231079,0.327169,0.023042,3.242770,21.000000,122.516556,0.154418,4.000000,36.421415,12.000000,13.761905,0.000000,-0.448630,-0.331565,-0.117064,17.837739,14.834210,29.645235,-0.938085,-1.495594,-2.590118,0.166624,0.027877,2.718761,7.000000,120.800000,0.388394,7.000000,56.137767,78.145695,78.569770,0.000000,-0.046139,-0.178180,0.132041,17.529824,19.195221,19.554189,0.514841,0.297411,-0.496390,0.726826,0.022815,2.201092,7.000000,140.449438,0.314442,4.000000,40.576088,31.333333,39.071601,0.000000,-0.323494,-0.230950,-0.092544,21.156077,14.219875,27.742553,-0.671032,-1.028802,-1.844293,0.262047,0.028012,1.592129,0.000000,74.166667,0.000000,4.000000,36.836831,16.153846,37.630992,0.000000,-0.064129,0.021994,-0.086123,15.964614,13.677420,26.527700,-1.065211,-1.152097,-1.790514,-0.175693,0.015599,2.101576,8.000000,146.341463,0.262697,4.000000,36.836831,16.153846,37.630992,1.000000,-0.064129,0.021994,-0.086123,15.964614,13.677420,26.527700,-1.065211,-1.152097,-1.790514,-0.175693,0.015599,1.457001,3.000000,89.130435,0.485667,3.000000,57.786419,90.000000,74.774056,1.000000,0.075088,-0.025486,0.100574,17.161131,22.549321,17.681919,0.623135,0.568641,-0.083177,0.797727,0.021061,1.608392,2.000000,71.317829,0.804196,2.000000,2.307280,21.000000,49.806950,0.109870,3.000000,4.427350,10.000000,126.341463,0.442735,8.000000,3.631532,6.000000,125.000000,0.605255,1.000000,2.823205,6.000000,108.609272,0.470534,8.000000,2.668788,3.000000,107.857143,0.889596,1.000000,2.414626,8.000000,67.307692,0.301828,2.000000,3.720930,5.000000,189.090909,0.744186,1.000000,1.929825,6.000000,107.843137,0.321637,8.000000,1.822079,3.000000,132.467532,0.607360,1.000000,1.356828,0.000000,66.956522,0.000000,1.000000,2.068345,4.000000,169.117647,0.517086,1.000000,7.000000,9.000000,51.000000,-1.000000,,,,43.392232,50.898204,43.271225,-0.980994,-0.869802,-0.111193,26.402530,13.129813,21.692351,-0.912542,-2.850920,0.366113,0.067541,,0.000000,,68.107645,75.000000,82.526882,0.184091,0.117262,0.066829,19.144582,36.923284,13.411430,0.803730,1.073420,1.173793,0.012025,1.918922,1.785714,,259.523810,45.405405,0.811348,1.329025
2026-01-27T03:45:00Z,0.887879,no_impulse,0,ABBOTINDIA,1h,-1.000000,63.247863,2.633452,5.000000,0.526690,-0.826168,-1.057455,-2.585194,4.344597,15.000000,107.339450,0.289640,7.000000,50.857558,50.000000,73.658984,1.000000,0.063216,-0.066675,0.129891,15.519732,23.747641,18.196244,0.100979,-0.255718,-1.847280,0.531117,0.032484,3.890079,9.000000,259.523810,0.432231,4.000000,25.954050,18.807339,11.003962,0.000000,-0.762552,-0.598776,-0.163776,24.484757,13.804808,34.857085,-1.550521,-2.565757,-4.236936,0.021229,0.031891,1.521739,6.000000,45.405405,0.253623,3.000000,40.976055,28.301887,27.358491,1.000000,-0.392890,-0.393109,0.000218,18.168169,21.545216,21.698184,-0.399823,-1.006330,-2.231079,0.327169,0.023042,3.242770,21.000000,122.516556,0.154418,4.000000,36.421415,12.000000,13.761905,0.000000,-0.448630,-0.331565,-0.117064,17.837739,14.834210,29.645235,-0.938085,-1.495594,-2.590118,0.166624,0.027877,2.718761,7.000000,120.800000,0.388394,7.000000,56.137767,78.145695,78.569770,0.000000,-0.046139,-0.178180,0.132041,17.529824,19.195221,19.554189,0.514841,0.297411,-0.496390,0.726826,0.022815,2.201092,7.000000,140.449438,0.314442,4.000000,40.576088,31.333333,39.071601,0.000000,-0.323494,-0.230950,-0.092544,21.156077,14.219875,27.742553,-0.671032,-1.028802,-1.844293,0.262047,0.028012,1.592129,0.000000,74.166667,0.000000,4.000000,36.836831,16.153846,37.630992,0.000000,-0.064129,0.021994,-0.086123,15.964614,13.677420,26.527700,-1.065211,-1.152097,-1.790514,-0.175693,0.015599,2.101576,8.000000,146.341463,0.262697,4.000000,36.836831,16.153846,37.630992,1.000000,-0.064129,0.021994,-0.086123,15.964614,13.677420,26.527700,-1.065211,-1.152097,-1.790514,-0.175693,0.015599,1.457001,3.000000,89.130435,0.485667,3.000000,1.608392,2.000000,71.317829,0.804196,2.000000,2.307280,21.000000,49.806950,0.109870,3.000000,4.427350,10.000000,126.341463,0.442735,8.000000,3.631532,6.000000,125.000000,0.605255,1.000000,2.823205,6.000000,108.609272,0.470534,8.000000,2.668788,3.000000,107.857143,0.889596,1.000000,2.414626,8.000000,67.307692,0.301828,2.000000,3.720930,5.000000,189.090909,0.744186,1.000000,1.929825,6.000000,107.843137,0.321637,8.000000,1.822079,3.000000,132.467532,0.607360,1.000000,1.356828,0.000000,66.956522,0.000000,1.000000,2.000000,1.000000,5.000000,-1.000000,,,,42.007089,45.209581,47.904192,-0.964850,-0.891199,-0.073651,26.906463,11.959956,23.986915,-1.138932,-3.078208,0.326925,0.065064,,0.000000,,36.330918,1.960784,46.764706,-0.047043,0.063290,-0.110333,15.240615,19.612711,33.735226,-1.241478,-1.108042,-0.229202,0.016816,1.067120,0.641026,,259.523810,45.405405,1.045423,1.195255
2026-01-27T03:45:00Z,0.905890,no_impulse,0,ABBOTINDIA,1h,1.000000,75.000000,2.028509,0.000000,0.000000,-0.826168,-1.057455,-2.585194,2.633452,5.000000,63.247863,0.526690,2.000000,42.326912,14.189189,41.336873,0.000000,0.078070,0.059994,0.018076,14.707021,18.166788,27.283586,-0.826168,-1.057455,-2.585194,0.137806,0.022623,4.344597,15.000000,107.339450,0.289640,7.000000,50.857558,50.000000,73.658984,1.000000,0.063216,-0.066675,0.129891,15.519732,23.747641,18.196244,0.100979,-0.255718,-1.847280,0.531117,0.032484,3.890079,9.000000,259.523810,0.432231,4.000000,25.954050,18.807339,11.003962,0.000000,-0.762552,-0.598776,-0.163776,24.484757,13.804808,34.857085,-1.550521,-2.565757,-4.236936,0.021229,0.031891,1.521739,6.000000,45.405405,0.253623,3.000000,40.976055,28.301887,27.358491,1.000000,-0.392890,-0.393109,0.000218,18.168169,21.545216,21.698184,-0.399823,-1.006330,-2.231079,0.327169,0.023042,3.242770,21.000000,122.516556,0.154418,4.000000,36.421415,12.000000,13.761905,0.000000,-0.448630,-0.331565,-0.117064,17.837739,14.834210,29.645235,-0.938085,-1.495594,-2.590118,0.166624,0.027877,2.718761,7.000000,120.800000,0.388394,7.000000,56.137767,78.145695,78.569770,0.000000,-0.046139,-0.178180,0.132041,17.529824,19.195221,19.554189,0.514841,0.297411,-0.496390,0.726826,0.022815,2.201092,7.000000,140.449438,0.314442,4.000000,40.576088,31.333333,39.071601,0.000000,-0.323494,-0.230950,-0.092544,21.156077,14.219875,27.742553,-0.671032,-1.028802,-1.844293,0.262047,0.028012,1.592129,0.000000,74.166667,0.000000,4.000000,36.836831,16.153846,37.630992,0.000000,-0.064129,0.021994,-0.086123,15.964614,13.677420,26.527700,-1.065211,-1.152097,-1.790514,-0.175693,0.015599,2.101576,8.000000,146.341463,0.262697,4.000000,1.457001,3.000000,89.130435,0.485667,3.000000,1.608392,2.000000,71.317829,0.804196,2.000000,2.307280,21.000000,49.806950,0.109870,3.000000,4.427350,10.000000,126.341463,0.442735,8.000000,3.631532,6.000000,125.000000,0.605255,1.000000,2.823205,6.000000,108.609272,0.470534,8.000000,2.668788,3.000000,107.857143,0.889596,1.000000,2.414626,8.000000,67.307692,0.301828,2.000000,3.720930,5.000000,189.090909,0.744186,1.000000,1.929825,6.000000,107.843137,0.321637,8.000000,1.822079,3.000000,132.467532,0.607360,1.000000,2.000000,2.000000,5.000000,-1.000000,,,,42.007089,45.209581,47.904192,-0.964850,-0.891199,-0.073651,26.906463,11.959956,23.986915,-1.138932,-3.078208,0.326925,0.065064,,0.000000,,36.330918,1.960784,46.764706,-0.047043,0.063290,-0.110333,15.240615,19.612711,33.735226,-1.241478,-1.108042,-0.229202,0.016816,0.789205,0.000000,,259.523810,45.405405,1.001107,1.452323
2026-01-27T07:45:00Z,0.888366,no_impulse,0,ABBOTINDIA,1h,-1.000000,97.297297,1.934444,4.000000,0.483611,-0.503835,-0.817894,-2.379137,2.028509,0.000000,75.000000,0.000000,2.000000,42.326912,14.189189,41.336873,0.000000,0.078070,0.059994,0.018076,14.707021,18.166788,27.283586,-0.826168,-1.057455,-2.585194,0.137806,0.022623,2.633452,5.000000,63.247863,0.526690,2.000000,42.326912,14.189189,41.336873,0.000000,0.078070,0.059994,0.018076,14.707021,18.166788,27.283586,-0.826168,-1.057455,-2.585194,0.137806,0.022623,4.344597,15.000000,107.339450,0.289640,7.000000,50.857558,50.000000,73.658984,1.000000,0.063216,-0.066675,0.129891,15.519732,23.747641,18.196244,0.100979,-0.255718,-1.847280,0.531117,0.032484,3.890079,9.000000,259.523810,0.432231,4.000000,25.954050,18.807339,11.003962,0.000000,-0.762552,-0.598776,-0.163776,24.484757,13.804808,34.857085,-1.550521,-2.565757,-4.236936,0.021229,0.031891,1.521739,6.000000,45.405405,0.253623,3.000000,40.976055,28.301887,27.358491,1.000000,-0.392890,-0.393109,0.000218,18.168169,21.545216,21.698184,-0.399823,-1.006330,-2.231079,0.327169,0.023042,3.242770,21.000000,122.516556,0.154418,4.000000,36.421415,12.000000,13.761905,0.000000,-0.448630,-0.331565,-0.117064,17.837739,14.834210,29.645235,-0.938085,-1.495594,-2.590118,0.166624,0.027877,2.718761,7.000000,120.800000,0.388394,7.000000,56.137767,78.145695,78.569770,0.000000,-0.046139,-0.178180,0.132041,17.529824,19.195221,19.554189,0.514841,0.297411,-0.496390,0.726826,0.022815,2.201092,7.000000,140.449438,0.314442,4.000000,40.576088,31.333333,39.071601,0.000000,-0.323494,-0.230950,-0.092544,21.156077,14.219875,27.742553,-0.671032,-1.028802,-1.844293,0.262047,0.028012,1.592129,0.000000,74.166667,0.000000,4.000000,2.101576,8.000000,146.341463,0.262697,4.000000,1.457001,3.000000,89.130435,0.485667,3.000000,1.608392,2.000000,71.317829,0.804196,2.000000,2.307280,21.000000,49.806950,0.109870,3.000000,4.427350,10.000000,126.341463,0.442735,8.000000,3.631532,6.000000,125.000000,0.605255,1.000000,2.823205,6.000000,108.609272,0.470534,8.000000,2.668788,3.000000,107.857143,0.889596,1.000000,2.414626,8.000000,67.307692,0.301828,2.000000,3.720930,5.000000,189.090909,0.744186,1.000000,1.929825,6.000000,107.843137,0.321637,8.000000,2.000000,3.000000,9.000000,-1.000000,,,,40.897153,40.718563,45.608782,-0.962788,-0.907454,-0.055334,27.374401,11.355509,22.774635,-1.279032,-3.226516,0.295574,0.061777,,0.000000,,50.934147,90.243902,71.138211,-0.151091,-0.201588,0.050497,19.739956,19.910888,25.628830,0.141436,-0.056560,0.567085,0.021113,0.736238,0.512821,,259.523810,45.405405,0.945243,1.040669
2026-01-28T03:45:00Z,0.905241,no_impulse,0,ABBOTINDIA,1h,1.000000,96.296296,1.899543,3.000000,0.633181,0.068678,-0.182748,-1.700082,1.934444,4.000000,97.297297,0.483611,2.000000,44.093863,30.459770,34.674330,0.000000,-0.102577,-0.009539,-0.093038,15.639546,17.834214,25.789643,-0.503835,-0.817894,-2.379137,0.222351,0.018056,2.028509,0.000000,75.000000,0.000000,2.000000,42.326912,14.189189,41.336873,0.000000,0.078070,0.059994,0.018076,14.707021,18.166788,27.283586,-0.826168,-1.057455,-2.585194,0.137806,0.022623,2.633452,5.000000,63.247863,0.526690,2.000000,42.326912,14.189189,41.336873,0.000000,0.078070,0.059994,0.018076,14.707021,18.166788,27.283586,-0.826168,-1.057455,-2.585194,0.137806,0.022623,4.344597,15.000000,107.339450,0.289640,7.000000,50.857558,50.000000,73.658984,1.000000,0.063216,-0.066675,0.129891,15.519732,23.747641,18.196244,0.100979,-0.255718,-1.847280,0.531117,0.032484,3.890079,9.000000,259.523810,0.432231,4.000000,25.954050,18.807339,11.003962,0.000000,-0.762552,-0.598776,-0.163776,24.484757,13.804808,34.857085,-1.550521,-2.565757,-4.236936,0.021229,0.031891,1.521739,6.000000,45.405405,0.253623,3.000000,40.976055,28.301887,27.358491,1.000000,-0.392890,-0.393109,0.000218,18.168169,21.545216,21.698184,-0.399823,-1.006330,-2.231079,0.327169,0.023042,3.242770,21.000000,122.516556,0.154418,4.000000,36.421415,12.000000,13.761905,0.000000,-0.448630,-0.331565,-0.117064,17.837739,14.834210,29.645235,-0.938085,-1.495594,-2.590118,0.166624,0.027877,2.718761,7.000000,120.800000,0.388394,7.000000,56.137767,78.145695,78.569770,0.000000,-0.046139,-0.178180,0.132041,17.529824,19.195221,19.554189,0.514841,0.297411,-0.496390,0.726826,0.022815,2.201092,7.000000,140.449438,0.314442,4.000000,1.592129,0.000000,74.166667,0.000000,4.000000,2.101576,8.000000,146.341463,0.262697,4.000000,1.457001,3.000000,89.130435,0.485667,3.000000,1.608392,2.000000,71.317829,0.804196,2.000000,2.307280,21.000000,49.806950,0.109870,3.000000,4.427350,10.000000,126.341463,0.442735,8.000000,3.631532,6.000000,125.000000,0.605255,1.000000,2.823205,6.000000,108.609272,0.470534,8.000000,2.668788,3.000000,107.857143,0.889596,1.000000,2.414626,8.000000,67.307692,0.301828,2.000000,3.720930,5.000000,189.090909,0.744186,1.000000,3.000000,1.000000,12.000000,-1.000000,,,,40.897153,40.718563,45.608782,-0.962788,-0.907454,-0.055334,27.374401,11.355509,22.774635,-1.279032,-3.226516,0.295574,0.061777,,0.000000,,60.641387,75.961538,71.474359,0.069386,-0.049715,0.119101,17.924228,27.797324,15.824491,0.596993,0.550002,0.934206,0.013832,0.727583,0.405405,,259.523810,45.405405,0.956979,0.676109
2026-01-30T03:45:00Z,0.857699,no_impulse,0,ABBOTINDIA,1h,-1.000000,281.730769,5.251837,14.000000,0.375131,-0.982635,-2.088486,-4.205249,1.899543,3.000000,96.296296,0.633181,3.000000,50.466819,50.000000,51.915709,0.000000,-0.036440,-0.030078,-0.006363,13.151848,23.302793,19.816639,0.068678,-0.182748,-1.700082,0.538294,0.017947,1.934444,4.000000,97.297297,0.483611,2.000000,44.093863,30.459770,34.674330,0.000000,-0.102577,-0.009539,-0.093038,15.639546,17.834214,25.789643,-0.503835,-0.817894,-2.379137,0.222351,0.018056,2.028509,0.000000,75.000000,0.000000,2.000000,42.326912,14.189189,41.336873,0.000000,0.078070,0.059994,0.018076,14.707021,18.166788,27.283586,-0.826168,-1.057455,-2.585194,0.137806,0.022623,2.633452,5.000000,63.247863,0.526690,2.000000,42.326912,14.189189,41.336873,0.000000,0.078070,0.059994,0.018076,14.707021,18.166788,27.283586,-0.826168,-1.057455,-2.585194,0.137806,0.022623,4.344597,15.000000,107.339450,0.289640,7.000000,50.857558,50.000000,73.658984,1.000000,0.063216,-0.066675,0.129891,15.519732,23.747641,18.196244,0.100979,-0.255718,-1.847280,0.531117,0.032484,3.890079,9.000000,259.523810,0.432231,4.000000,25.954050,18.807339,11.003962,0.000000,-0.762552,-0.598776,-0.163776,24.484757,13.804808,34.857085,-1.550521,-2.565757,-4.236936,0.021229,0.031891,1.521739,6.000000,45.405405,0.253623,3.000000,40.976055,28.301887,27.358491,1.000000,-0.392890,-0.393109,0.000218,18.168169,21.545216,21.698184,-0.399823,-1.006330,-2.231079,0.327169,0.023042,3.242770,21.000000,122.516556,0.154418,4.000000,36.421415,12.000000,13.761905,0.000000,-0.448630,-0.331565,-0.117064,17.837739,14.834210,29.645235,-0.938085,-1.495594,-2.590118,0.166624,0.027877,2.718761,7.000000,120.800000,0.388394,7.000000,2.201092,7.000000,140.449438,0.314442,4.000000,1.592129,0.000000,74.166667,0.000000,4.000000,2.101576,8.000000,146.341463,0.262697,4.000000,1.457001,3.000000,89.130435,0.485667,3.000000,1.608392,2.000000,71.317829,0.804196,2.000000,2.307280,21.000000,49.806950,0.109870,3.000000,4.427350,10.000000,126.341463,0.442735,8.000000,3.631532,6.000000,125.000000,0.605255,1.000000,2.823205,6.000000,108.609272,0.470534,8.000000,2.668788,3.000000,107.857143,0.889596,1.000000,2.414626,8.000000,67.307692,0.301828,2.000000,4.000000,2.000000,26.000000,-1.000000,,,,45.085774,54.176611,32.574312,-1.158256,-1.010467,-0.147789,29.491250,12.840077,26.039289,-0.891636,-3.006859,0.364299,0.065125,,0.000000,,29.710501,42.307692,17.724679,-0.572746,-0.662052,0.089305,38.032223,9.623785,34.627467,-0.408181,-1.496062,-0.056248,0.007308,1.988204,1.818182,,259.523810,45.405405,0.925026,0.539421
2026-01-30T07:45:00Z,0.900535,no_impulse,0,ABBOTINDIA,1h,1.000000,90.102389,4.994325,4.000000,1.248581,0.952067,-0.025689,-2.180554,5.251837,14.000000,281.730769,0.375131,4.000000,37.768870,32.713755,11.919978,1.000000,-0.965722,-0.709596,-0.256127,24.211035,19.210745,30.699394,-0.982635,-2.088486,-4.205249,0.350859,0.065245,1.899543,3.000000,96.296296,0.633181,3.000000,50.466819,50.000000,51.915709,0.000000,-0.036440,-0.030078,-0.006363,13.151848,23.302793,19.816639,0.068678,-0.182748,-1.700082,0.538294,0.017947,1.934444,4.000000,97.297297,0.483611,2.000000,44.093863,30.459770,34.674330,0.000000,-0.102577,-0.009539,-0.093038,15.639546,17.834214,25.789643,-0.503835,-0.817894,-2.379137,0.222351,0.018056,2.028509,0.000000,75.000000,0.000000,2.000000,42.326912,14.189189,41.336873,0.000000,0.078070,0.059994,0.018076,14.707021,18.166788,27.283586,-0.826168,-1.057455,-2.585194,0.137806,0.022623,2.633452,5.000000,63.247863,0.526690,2.000000,42.326912,14.189189,41.336873,0.000000,0.078070,0.059994,0.018076,14.707021,18.166788,27.283586,-0.826168,-1.057455,-2.585194,0.137806,0.022623,4.344597,15.000000,107.339450,0.289640,7.000000,50.857558,50.000000,73.658984,1.000000,0.063216,-0.066675,0.129891,15.519732,23.747641,18.196244,0.100979,-0.255718,-1.847280,0.531117,0.032484,3.890079,9.000000,259.523810,0.432231,4.000000,25.954050,18.807339,11.003962,0.000000,-0.762552,-0.598776,-0.163776,24.484757,13.804808,34.857085,-1.550521,-2.565757,-4.236936,0.021229,0.031891,1.521739,6.000000,45.405405,0.253623,3.000000,40.976055,28.301887,27.358491,1.000000,-0.392890,-0.393109,0.000218,18.168169,21.545216,21.698184,-0.399823,-1.006330,-2.231079,0.327169,0.023042,3.242770,21.000000,122.516556,0.154418,4.000000,2.718761,7.000000,120.800000,0.388394,7.000000,2.201092,7.000000,140.449438,0.314442,4.000000,1.592129,0.000000,74.166667,0.000000,4.000000,2.101576,8.000000,146.341463,0.262697,4.000000,1.457001,3.000000,89.130435,0.485667,3.000000,1.608392,2.000000,71.317829,0.804196,2.000000,2.307280,21.000000,49.806950,0.109870,3.000000,4.427350,10.000000,126.341463,0.442735,8.000000,3.631532,6.000000,125.000000,0.605255,1.000000,2.823205,6.000000,108.609272,0.470534,8.000000,2.668788,3.000000,107.857143,0.889596,1.000000,3.000000,3.000000,30.000000,-1.000000,,,,45.085774,54.176611,32.574312,-1.158256,-1.010467,-0.147789,29.491250,12.840077,26.039289,-0.891636,-3.006859,0.364299,0.065125,,0.000000,,64.518124,100.000000,95.545278,0.114761,-0.009249,0.124010,18.972051,20.493705,17.828450,0.461520,0.119277,0.749922,0.018552,1.694960,0.476190,,281.730769,45.405405,1.219757,1.008801
2026-01-30T07:45:00Z,0.875061,no_impulse,0,ABBOTINDIA,1h,-1.000000,59.469697,2.828829,0.000000,0.000000,0.952067,-0.025689,-2.180554,4.994325,4.000000,90.102389,1.248581,3.000000,55.532511,70.833333,51.207836,0.000000,-0.598018,-0.733720,0.135702,23.155364,38.434776,20.672142,0.952067,-0.025689,-2.180554,0.651409,0.063485,5.251837,14.000000,281.730769,0.375131,4.000000,37.768870,32.713755,11.919978,1.000000,-0.965722,-0.709596,-0.256127,24.211035,19.210745,30.699394,-0.982635,-2.088486,-4.205249,0.350859,0.065245,1.899543,3.000000,96.296296,0.633181,3.000000,50.466819,50.000000,51.915709,0.000000,-0.036440,-0.030078,-0.006363,13.151848,23.302793,19.816639,0.068678,-0.182748,-1.700082,0.538294,0.017947,1.934444,4.000000,97.297297,0.483611,2.000000,44.093863,30.459770,34.674330,0.000000,-0.102577,-0.009539,-0.093038,15.639546,17.834214,25.789643,-0.503835,-0.817894,-2.379137,0.222351,0.018056,2.028509,0.000000,75.000000,0.000000,2.000000,42.326912,14.189189,41.336873,0.000000,0.078070,0.059994,0.018076,14.707021,18.166788,27.283586,-0.826168,-1.057455,-2.585194,0.137806,0.022623,2.633452,5.000000,63.247863,0.526690,2.000000,42.326912,14.189189,41.336873,0.000000,0.078070,0.059994,0.018076,14.707021,18.166788,27.283586,-0.826168,-1.057455,-2.585194,0.137806,0.022623,4.344597,15.000000,107.339450,0.289640,7.000000,50.857558,50.000000,73.658984,1.000000,0.063216,-0.066675,0.129891,15.519732,23.747641,18.196244,0.100979,-0.255718,-1.847280,0.531117,0.032484,3.890079,9.000000,259.523810,0.432231,4.000000,25.954050,18.807339,11.003962,0.000000,-0.762552,-0.598776,-0.163776,24.484757,13.804808,34.857085,-1.550521,-2.565757,-4.236936,0.021229,0.031891,1.521739,6.000000,45.405405,0.253623,3.000000,3.242770,21.000000,122.516556,0.154418,4.000000,2.718761,7.000000,120.800000,0.388394,7.000000,2.201092,7.000000,140.449438,0.314442,4.000000,1.592129,0.000000,74.166667,0.000000,4.000000,2.101576,8.000000,146.341463,0.262697,4.000000,1.457001,3.000000,89.130435,0.485667,3.000000,1.608392,2.000000,71.317829,0.804196,2.000000,2.307280,21.000000,49.806950,0.109870,3.000000,4.427350,10.000000,126.341463,0.442735,8.000000,3.631532,6.000000,125.000000,0.605255,1.000000,2.823205,6.000000,108.609272,0.470534,8.000000,3.000000,4.000000,30.000000,-1.000000,,,,45.085774,54.176611,32.574312,-1.158256,-1.010467,-0.147789,29.491250,12.840077,26.039289,-0.891636,-3.006859,0.364299,0.065125,,0.000000,,64.518124,100.000000,95.545278,0.114761,-0.009249,0.124010,18.972051,20.493705,17.828450,0.461520,0.119277,0.749922,0.018552,0.891214,0.000000,,281.730769,45.405405,1.374928,1.841261
2026-02-01T03:45:00Z,0.898588,no_impulse,0,ABBOTINDIA,1h,1.000000,92.356688,2.688670,3.000000,0.896223,0.913651,0.303721,-1.713066,2.828829,0.000000,59.469697,0.000000,3.000000,55.532511,70.833333,51.207836,0.000000,-0.598018,-0.733720,0.135702,23.155364,38.434776,20.672142,0.952067,-0.025689,-2.180554,0.651409,0.063485,4.994325,4.000000,90.102389,1.248581,3.000000,55.532511,70.833333,51.207836,0.000000,-0.598018,-0.733720,0.135702,23.155364,38.434776,20.672142,0.952067,-0.025689,-2.180554,0.651409,0.063485,5.251837,14.000000,281.730769,0.375131,4.000000,37.768870,32.713755,11.919978,1.000000,-0.965722,-0.709596,-0.256127,24.211035,19.210745,30.699394,-0.982635,-2.088486,-4.205249,0.350859,0.065245,1.899543,3.000000,96.296296,0.633181,3.000000,50.466819,50.000000,51.915709,0.000000,-0.036440,-0.030078,-0.006363,13.151848,23.302793,19.816639,0.068678,-0.182748,-1.700082,0.538294,0.017947,1.934444,4.000000,97.297297,0.483611,2.000000,44.093863,30.459770,34.674330,0.000000,-0.102577,-0.009539,-0.093038,15.639546,17.834214,25.789643,-0.503835,-0.817894,-2.379137,0.222351,0.018056,2.028509,0.000000,75.000000,0.000000,2.000000,42.326912,14.189189,41.336873,0.000000,0.078070,0.059994,0.018076,14.707021,18.166788,27.283586,-0.826168,-1.057455,-2.585194,0.137806,0.022623,2.633452,5.000000,63.247863,0.526690,2.000000,42.326912,14.189189,41.336873,0.000000,0.078070,0.059994,0.018076,14.707021,18.166788,27.283586,-0.826168,-1.057455,-2.585194,0.137806,0.022623,4.344597,15.000000,107.339450,0.289640,7.000000,50.857558,50.000000,73.658984,1.000000,0.063216,-0.066675,0.129891,15.519732,23.747641,18.196244,0.100979,-0.255718,-1.847280,0.531117,0.032484,3.890079,9.000000,259.523810,0.432231,4.000000,1.521739,6.000000,45.405405,0.253623,3.000000,3.242770,21.000000,122.516556,0.154418,4.000000,2.718761,7.000000,120.800000,0.388394,7.000000,2.201092,7.000000,140.449438,0.314442,4.000000,1.592129,0.000000,74.166667,0.000000,4.000000,2.101576,8.000000,146.341463,0.262697,4.000000,1.457001,3.000000,89.130435,0.485667,3.000000,1.608392,2.000000,71.317829,0.804196,2.000000,2.307280,21.000000,49.806950,0.109870,3.000000,4.427350,10.000000,126.341463,0.442735,8.000000,3.631532,6.000000,125.000000,0.605255,1.000000,3.000000,5.000000,33.000000,-1.000000,,,,41.728138,38.902148,31.968841,-1.193859,-1.056640,-0.137219,29.809671,11.940411,24.214793,-1.878861,-4.051342,0.216706,0.065099,,0.000000,,62.636070,49.771689,68.223527,0.685015,0.504942,0.180073,42.876129,30.080682,3.283084,0.743170,1.162699,0.671997,0.043532,0.858250,0.500000,,281.730769,45.405405,1.378857,2.230277
2026-02-02T03:45:00Z,0.874250,no_impulse,0,ABBOTINDIA,1h,-1.000000,103.448276,2.708559,7.000000,0.386937,-0.288057,-0.748729,-2.741412,2.688670,3.000000,92.356688,0.896223,3.000000,56.076518,67.092652,78.652446,1.000000,-0.087397,-0.466170,0.378773,25.776258,31.003349,13.707687,0.913651,0.303721,-1.713066,0.652138,0.060608,2.828829,0.000000,59.469697,0.000000,3.000000,55.532511,70.833333,51.207836,0.000000,-0.598018,-0.733720,0.135702,23.155364,38.434776,20.672142,0.952067,-0.025689,-2.180554,0.651409,0.063485,4.994325,4.000000,90.102389,1.248581,3.000000,55.532511,70.833333,51.207836,0.000000,-0.598018,-0.733720,0.135702,23.155364,38.434776,20.672142,0.952067,-0.025689,-2.180554,0.651409,0.063485,5.251837,14.000000,281.730769,0.375131,4.000000,37.768870,32.713755,11.919978,1.000000,-0.965722,-0.709596,-0.256127,24.211035,19.210745,30.699394,-0.982635,-2.088486,-4.205249,0.350859,0.065245,1.899543,3.000000,96.296296,0.633181,3.000000,50.466819,50.000000,51.915709,0.000000,-0.036440,-0.030078,-0.006363,13.151848,23.302793,19.816639,0.068678,-0.182748,-1.700082,0.538294,0.017947,1.934444,4.000000,97.297297,0.483611,2.000000,44.093863,30.459770,34.674330,0.000000,-0.102577,-0.009539,-0.093038,15.639546,17.834214,25.789643,-0.503835,-0.817894,-2.379137,0.222351,0.018056,2.028509,0.000000,75.000000,0.000000,2.000000,42.326912,14.189189,41.336873,0.000000,0.078070,0.059994,0.018076,14.707021,18.166788,27.283586,-0.826168,-1.057455,-2.585194,0.137806,0.022623,2.633452,5.000000,63.247863,0.526690,2.000000,42.326912,14.189189,41.336873,0.000000,0.078070,0.059994,0.018076,14.707021,18.166788,27.283586,-0.826168,-1.057455,-2.585194,0.137806,0.022623,4.344597,15.000000,107.339450,0.289640,7.000000,3.890079,9.000000,259.523810,0.432231,4.000000,1.521739,6.000000,45.405405,0.253623,3.000000,3.242770,21.000000,122.516556,0.154418,4.000000,2.718761,7.000000,120.800000,0.388394,7.000000,2.201092,7.000000,140.449438,0.314442,4.000000,1.592129,0.000000,74.166667,0.000000,4.000000,2.101576,8.000000,146.341463,0.262697,4.000000,1.457001,3.000000,89.130435,0.485667,3.000000,1.608392,2.000000,71.317829,0.804196,2.000000,2.307280,21.000000,49.806950,0.109870,3.000000,4.427350,10.000000,126.341463,0.442735,8.000000,4.000000,6.000000,40.000000,-1.000000,,,,42.873535,42.720764,45.266508,-1.170628,-1.076963,-0.093666,30.285728,11.196159,24.053159,-1.430056,-3.599779,0.287107,0.066226,,0.000000,,47.964393,43.678161,25.024503,-0.075062,0.013510,-0.088572,32.366726,27.004406,17.223815,-0.136896,-0.011381,0.425389,0.018323,0.833549,1.228070,,281.730769,59.469697,1.272658,1.156948
2026-02-03T03:45:00Z,0.905728,no_impulse,0,ABBOTINDIA,1h,1.000000,129.333333,3.600594,7.000000,0.514371,0.437192,0.138720,-1.759954,2.708559,7.000000,103.448276,0.386937,4.000000,46.875951,32.931727,41.115687,0.000000,-0.080089,-0.123966,0.043876,25.664198,28.685634,13.828008,-0.288057,-0.748729,-2.741412,0.441966,0.049493,2.688670,3.000000,92.356688,0.896223,3.000000,56.076518,67.092652,78.652446,1.000000,-0.087397,-0.466170,0.378773,25.776258,31.003349,13.707687,0.913651,0.303721,-1.713066,0.652138,0.060608,2.828829,0.000000,59.469697,0.000000,3.000000,55.532511,70.833333,51.207836,0.000000,-0.598018,-0.733720,0.135702,23.155364,38.434776,20.672142,0.952067,-0.025689,-2.180554,0.651409,0.063485,4.994325,4.000000,90.102389,1.248581,3.000000,55.532511,70.833333,51.207836,0.000000,-0.598018,-0.733720,0.135702,23.155364,38.434776,20.672142,0.952067,-0.025689,-2.180554,0.651409,0.063485,5.251837,14.000000,281.730769,0.375131,4.000000,37.768870,32.713755,11.919978,1.000000,-0.965722,-0.709596,-0.256127,24.211035,19.210745,30.699394,-0.982635,-2.088486,-4.205249,0.350859,0.065245,1.899543,3.000000,96.296296,0.633181,3.000000,50.466819,50.000000,51.915709,0.000000,-0.036440,-0.030078,-0.006363,13.151848,23.302793,19.816639,0.068678,-0.182748,-1.700082,0.538294,0.017947,1.934444,4.000000,97.297297,0.483611,2.000000,44.093863,30.459770,34.674330,0.000000,-0.102577,-0.009539,-0.093038,15.639546,17.834214,25.789643,-0.503835,-0.817894,-2.379137,0.222351,0.018056,2.028509,0.000000,75.000000,0.000000,2.000000,42.326912,14.189189,41.336873,0.000000,0.078070,0.059994,0.018076,14.707021,18.166788,27.283586,-0.826168,-1.057455,-2.585194,0.137806,0.022623,2.633452,5.000000,63.247863,0.526690,2.000000,4.344597,15.000000,107.339450,0.289640,7.000000,3.890079,9.000000,259.523810,0.432231,4.000000,1.521739,6.000000,45.405405,0.253623,3.000000,3.242770,21.000000,122.516556,0.154418,4.000000,2.718761,7.000000,120.800000,0.388394,7.000000,2.201092,7.000000,140.449438,0.314442,4.000000,1.592129,0.000000,74.166667,0.000000,4.000000,2.101576,8.000000,146.341463,0.262697,4.000000,1.457001,3.000000,89.130435,0.485667,3.000000,1.608392,2.000000,71.317829,0.804196,2.000000,2.307280,21.000000,49.806950,0.109870,3.000000,7.000000,7.000000,47.000000,-1.000000,,,,38.357082,23.437500,35.020137,-1.292792,-1.134392,-0.158400,29.512721,14.296164,21.206217,-2.813119,-5.106452,0.114735,0.071020,,0.000000,,63.329536,46.913580,65.389104,0.093125,0.005070,0.088055,23.619789,45.770821,9.896007,0.784425,0.855035,1.118323,0.012787,1.149881,1.272727,,281.730769,59.469697,1.261368,0.677281
2026-02-03T06:45:00Z,0.869706,no_impulse,0,ABBOTINDIA,1h,-1.000000,114.432990,3.977069,3.000000,1.325690,-1.422136,-1.714395,-3.623854,3.600594,7.000000,129.333333,0.514371,7.000000,53.943539,45.360825,43.314061,1.000000,0.022648,-0.049273,0.071921,31.837678,35.624401,8.935464,0.437192,0.138720,-1.759954,0.658182,0.027760,2.708559,7.000000,103.448276,0.386937,4.000000,46.875951,32.931727,41.115687,0.000000,-0.080089,-0.123966,0.043876,25.664198,28.685634,13.828008,-0.288057,-0.748729,-2.741412,0.441966,0.049493,2.688670,3.000000,92.356688,0.896223,3.000000,56.076518,67.092652,78.652446,1.000000,-0.087397,-0.466170,0.378773,25.776258,31.003349,13.707687,0.913651,0.303721,-1.713066,0.652138,0.060608,2.828829,0.000000,59.469697,0.000000,3.000000,55.532511,70.833333,51.207836,0.000000,-0.598018,-0.733720,0.135702,23.155364,38.434776,20.672142,0.952067,-0.025689,-2.180554,0.651409,0.063485,4.994325,4.000000,90.102389,1.248581,3.000000,55.532511,70.833333,51.207836,0.000000,-0.598018,-0.733720,0.135702,23.155364,38.434776,20.672142,0.952067,-0.025689,-2.180554,0.651409,0.063485,5.251837,14.000000,281.730769,0.375131,4.000000,37.768870,32.713755,11.919978,1.000000,-0.965722,-0.709596,-0.256127,24.211035,19.210745,30.699394,-0.982635,-2.088486,-4.205249,0.350859,0.065245,1.899543,3.000000,96.296296,0.633181,3.000000,50.466819,50.000000,51.915709,0.000000,-0.036440,-0.030078,-0.006363,13.151848,23.302793,19.816639,0.068678,-0.182748,-1.700082,0.538294,0.017947,1.934444,4.000000,97.297297,0.483611,2.000000,44.093863,30.459770,34.674330,0.000000,-0.102577,-0.009539,-0.093038,15.639546,17.834214,25.789643,-0.503835,-0.817894,-2.379137,0.222351,0.018056,2.028509,0.000000,75.000000,0.000000,2.000000,2.633452,5.000000,63.247863,0.526690,2.000000,4.344597,15.000000,107.339450,0.289640,7.000000,3.890079,9.000000,259.523810,0.432231,4.000000,1.521739,6.000000,45.405405,0.253623,3.000000,3.242770,21.000000,122.516556,0.154418,4.000000,2.718761,7.000000,120.800000,0.388394,7.000000,2.201092,7.000000,140.449438,0.314442,4.000000,1.592129,0.000000,74.166667,0.000000,4.000000,2.101576,8.000000,146.341463,0.262697,4.000000,1.457001,3.000000,89.130435,0.485667,3.000000,1.608392,2.000000,71.317829,0.804196,2.000000,4.000000,8.000000,3.000000,-1.000000,,,,41.630786,39.411765,35.190009,-1.282799,-1.156706,-0.126093,28.794930,13.571480,20.131258,-1.790048,-4.086398,0.247074,0.069529,,0.000000,,47.480928,5.645161,21.643625,0.155376,0.186764,-0.031389,32.454862,26.285644,18.350608,-0.197945,0.032200,0.365340,0.014671,1.301024,0.638298,,281.730769,59.469697,1.202414,0.688171
2026-02-03T06:45:00Z,0.889340,no_impulse,0,ABBOTINDIA,1h,1.000000,54.504505,2.257463,0.000000,0.000000,-1.422136,-1.714395,-3.623854,3.977069,3.000000,114.432990,1.325690,4.000000,39.241262,6.306306,36.466363,1.000000,-0.036575,-0.004944,-0.031631,33.736081,27.455613,21.447587,-1.422136,-1.714395,-3.623854,-0.009846,0.027502,3.600594,7.000000,129.333333,0.514371,7.000000,53.943539,45.360825,43.314061,1.000000,0.022648,-0.049273,0.071921,31.837678,35.624401,8.935464,0.437192,0.138720,-1.759954,0.658182,0.027760,2.708559,7.000000,103.448276,0.386937,4.000000,46.875951,32.931727,41.115687,0.000000,-0.080089,-0.123966,0.043876,25.664198,28.685634,13.828008,-0.288057,-0.748729,-2.741412,0.441966,0.049493,2.688670,3.000000,92.356688,0.896223,3.000000,56.076518,67.092652,78.652446,1.000000,-0.087397,-0.466170,0.378773,25.776258,31.003349,13.707687,0.913651,0.303721,-1.713066,0.652138,0.060608,2.828829,0.000000,59.469697,0.000000,3.000000,55.532511,70.833333,51.207836,0.000000,-0.598018,-0.733720,0.135702,23.155364,38.434776,20.672142,0.952067,-0.025689,-2.180554,0.651409,0.063485,4.994325,4.000000,90.102389,1.248581,3.000000,55.532511,70.833333,51.207836,0.000000,-0.598018,-0.733720,0.135702,23.155364,38.434776,20.672142,0.952067,-0.025689,-2.180554,0.651409,0.063485,5.251837,14.000000,281.730769,0.375131,4.000000,37.768870,32.713755,11.919978,1.000000,-0.965722,-0.709596,-0.256127,24.211035,19.210745,30.699394,-0.982635,-2.088486,-4.205249,0.350859,0.065245,1.899543,3.000000,96.296296,0.633181,3.000000,50.466819,50.000000,51.915709,0.000000,-0.036440,-0.030078,-0.006363,13.151848,23.302793,19.816639,0.068678,-0.182748,-1.700082,0.538294,0.017947,1.934444,4.000000,97.297297,0.483611,2.000000,2.028509,0.000000,75.000000,0.000000,2.000000,2.633452,5.000000,63.247863,0.526690,2.000000,4.344597,15.000000,107.339450,0.289640,7.000000,3.890079,9.000000,259.523810,0.432231,4.000000,1.521739,6.000000,45.405405,0.253623,3.000000,3.242770,21.000000,122.516556,0.154418,4.000000,2.718761,7.000000,120.800000,0.388394,7.000000,2.201092,7.000000,140.449438,0.314442,4.000000,1.592129,0.000000,74.166667,0.000000,4.000000,2.101576,8.000000,146.341463,0.262697,4.000000,1.457001,3.000000,89.130435,0.485667,3.000000,4.000000,9.000000,3.000000,-1.000000,,,,41.630786,39.411765,35.190009,-1.282799,-1.156706,-0.126093,28.794930,13.571480,20.131258,-1.790048,-4.086398,0.247074,0.069529,,0.000000,,47.480928,5.645161,21.643625,0.155376,0.186764,-0.031389,32.454862,26.285644,18.350608,-0.197945,0.032200,0.365340,0.014671,0.707394,0.000000,,281.730769,59.469697,1.224706,0.978538
2026-02-04T06:45:00Z,0.870193,no_impulse,0,ABBOTINDIA,1h,-1.000000,97.520661,2.152892,7.000000,0.307556,-0.896947,-1.334860,-3.318932,2.257463,0.000000,54.504505,0.000000,4.000000,39.241262,6.306306,36.466363,0.000000,-0.036575,-0.004944,-0.031631,33.736081,27.455613,21.447587,-1.422136,-1.714395,-3.623854,-0.009846,0.027502,3.977069,3.000000,114.432990,1.325690,4.000000,39.241262,6.306306,36.466363,1.000000,-0.036575,-0.004944,-0.031631,33.736081,27.455613,21.447587,-1.422136,-1.714395,-3.623854,-0.009846,0.027502,3.600594,7.000000,129.333333,0.514371,7.000000,53.943539,45.360825,43.314061,1.000000,0.022648,-0.049273,0.071921,31.837678,35.624401,8.935464,0.437192,0.138720,-1.759954,0.658182,0.027760,2.708559,7.000000,103.448276,0.386937,4.000000,46.875951,32.931727,41.115687,0.000000,-0.080089,-0.123966,0.043876,25.664198,28.685634,13.828008,-0.288057,-0.748729,-2.741412,0.441966,0.049493,2.688670,3.000000,92.356688,0.896223,3.000000,56.076518,67.092652,78.652446,1.000000,-0.087397,-0.466170,0.378773,25.776258,31.003349,13.707687,0.913651,0.303721,-1.713066,0.652138,0.060608,2.828829,0.000000,59.469697,0.000000,3.000000,55.532511,70.833333,51.207836,0.000000,-0.598018,-0.733720,0.135702,23.155364,38.434776,20.672142,0.952067,-0.025689,-2.180554,0.651409,0.063485,4.994325,4.000000,90.102389,1.248581,3.000000,55.532511,70.833333,51.207836,0.000000,-0.598018,-0.733720,0.135702,23.155364,38.434776,20.672142,0.952067,-0.025689,-2.180554,0.651409,0.063485,5.251837,14.000000,281.730769,0.375131,4.000000,37.768870,32.713755,11.919978,1.000000,-0.965722,-0.709596,-0.256127,24.211035,19.210745,30.699394,-0.982635,-2.088486,-4.205249,0.350859,0.065245,1.899543,3.000000,96.296296,0.633181,3.000000,1.934444,4.000000,97.297297,0.483611,2.000000,2.028509,0.000000,75.000000,0.000000,2.000000,2.633452,5.000000,63.247863,0.526690,2.000000,4.344597,15.000000,107.339450,0.289640,7.000000,3.890079,9.000000,259.523810,0.432231,4.000000,1.521739,6.000000,45.405405,0.253623,3.000000,3.242770,21.000000,122.516556,0.154418,4.000000,2.718761,7.000000,120.800000,0.388394,7.000000,2.201092,7.000000,140.449438,0.314442,4.000000,1.592129,0.000000,74.166667,0.000000,4.000000,2.101576,8.000000,146.341463,0.262697,4.000000,2.000000,1.000000,10.000000,-1.000000,,,,43.325149,47.005988,36.618418,-1.229505,-1.167355,-0.062149,28.069372,13.135472,19.153143,-1.230406,-3.503567,0.313359,0.065123,,0.000000,,57.366562,86.363636,85.342186,0.024935,-0.085648,0.110583,20.444380,25.850616,14.212730,0.376313,0.241015,0.746429,0.015328,0.669820,1.555556,,281.730769,54.504505,1.202492,1.195606
2026-02-10T03:45:00Z,0.898913,no_impulse,0,ABBOTINDIA,1h,1.000000,150.000000,3.300392,25.000000,0.132016,0.507587,0.714710,-0.735047,2.152892,7.000000,97.520661,0.307556,2.000000,42.129318,8.558559,25.675676,0.000000,-0.237401,-0.172499,-0.064903,26.173507,23.107702,19.967585,-0.896947,-1.334860,-3.318932,0.165438,0.026571,2.257463,0.000000,54.504505,0.000000,4.000000,39.241262,6.306306,36.466363,0.000000,-0.036575,-0.004944,-0.031631,33.736081,27.455613,21.447587,-1.422136,-1.714395,-3.623854,-0.009846,0.027502,3.977069,3.000000,114.432990,1.325690,4.000000,39.241262,6.306306,36.466363,1.000000,-0.036575,-0.004944,-0.031631,33.736081,27.455613,21.447587,-1.422136,-1.714395,-3.623854,-0.009846,0.027502,3.600594,7.000000,129.333333,0.514371,7.000000,53.943539,45.360825,43.314061,1.000000,0.022648,-0.049273,0.071921,31.837678,35.624401,8.935464,0.437192,0.138720,-1.759954,0.658182,0.027760,2.708559,7.000000,103.448276,0.386937,4.000000,46.875951,32.931727,41.115687,0.000000,-0.080089,-0.123966,0.043876,25.664198,28.685634,13.828008,-0.288057,-0.748729,-2.741412,0.441966,0.049493,2.688670,3.000000,92.356688,0.896223,3.000000,56.076518,67.092652,78.652446,1.000000,-0.087397,-0.466170,0.378773,25.776258,31.003349,13.707687,0.913651,0.303721,-1.713066,0.652138,0.060608,2.828829,0.000000,59.469697,0.000000,3.000000,55.532511,70.833333,51.207836,0.000000,-0.598018,-0.733720,0.135702,23.155364,38.434776,20.672142,0.952067,-0.025689,-2.180554,0.651409,0.063485,4.994325,4.000000,90.102389,1.248581,3.000000,55.532511,70.833333,51.207836,0.000000,-0.598018,-0.733720,0.135702,23.155364,38.434776,20.672142,0.952067,-0.025689,-2.180554,0.651409,0.063485,5.251837,14.000000,281.730769,0.375131,4.000000,1.899543,3.000000,96.296296,0.633181,3.000000,1.934444,4.000000,97.297297,0.483611,2.000000,2.028509,0.000000,75.000000,0.000000,2.000000,2.633452,5.000000,63.247863,0.526690,2.000000,4.344597,15.000000,107.339450,0.289640,7.000000,3.890079,9.000000,259.523810,0.432231,4.000000,1.521739,6.000000,45.405405,0.253623,3.000000,3.242770,21.000000,122.516556,0.154418,4.000000,2.718761,7.000000,120.800000,0.388394,7.000000,2.201092,7.000000,140.449438,0.314442,4.000000,1.592129,0.000000,74.166667,0.000000,4.000000,1.000000,2.000000,35.000000,-1.000000,,,,44.818887,51.796407,56.886228,-0.957299,-1.093660,0.136361,23.846419,15.482847,17.114448,-0.769930,-2.873102,0.347847,0.050216,,0.000000,,64.719848,60.919540,65.652834,0.176897,0.207550,-0.030653,47.868608,30.182691,8.025192,0.260523,0.646407,1.062202,0.004646,1.019905,5.208333,,281.730769,54.504505,1.178405,0.932161
2026-02-11T03:45:00Z,0.875061,no_impulse,0,ABBOTINDIA,1h,-1.000000,83.050847,2.653430,7.000000,0.379061,-0.818331,-0.704561,-2.057448,3.300392,25.000000,150.000000,0.132016,1.000000,59.956011,67.808219,71.010383,0.000000,0.350253,0.253181,0.097072,31.756315,33.306684,10.225641,0.507587,0.714710,-0.735047,0.703622,0.025055,2.152892,7.000000,97.520661,0.307556,2.000000,42.129318,8.558559,25.675676,0.000000,-0.237401,-0.172499,-0.064903,26.173507,23.107702,19.967585,-0.896947,-1.334860,-3.318932,0.165438,0.026571,2.257463,0.000000,54.504505,0.000000,4.000000,39.241262,6.306306,36.466363,0.000000,-0.036575,-0.004944,-0.031631,33.736081,27.455613,21.447587,-1.422136,-1.714395,-3.623854,-0.009846,0.027502,3.977069,3.000000,114.432990,1.325690,4.000000,39.241262,6.306306,36.466363,1.000000,-0.036575,-0.004944,-0.031631,33.736081,27.455613,21.447587,-1.422136,-1.714395,-3.623854,-0.009846,0.027502,3.600594,7.000000,129.333333,0.514371,7.000000,53.943539,45.360825,43.314061,1.000000,0.022648,-0.049273,0.071921,31.837678,35.624401,8.935464,0.437192,0.138720,-1.759954,0.658182,0.027760,2.708559,7.000000,103.448276,0.386937,4.000000,46.875951,32.931727,41.115687,0.000000,-0.080089,-0.123966,0.043876,25.664198,28.685634,13.828008,-0.288057,-0.748729,-2.741412,0.441966,0.049493,2.688670,3.000000,92.356688,0.896223,3.000000,56.076518,67.092652,78.652446,1.000000,-0.087397,-0.466170,0.378773,25.776258,31.003349,13.707687,0.913651,0.303721,-1.713066,0.652138,0.060608,2.828829,0.000000,59.469697,0.000000,3.000000,55.532511,70.833333,51.207836,0.000000,-0.598018,-0.733720,0.135702,23.155364,38.434776,20.672142,0.952067,-0.025689,-2.180554,0.651409,0.063485,4.994325,4.000000,90.102389,1.248581,3.000000,5.251837,14.000000,281.730769,0.375131,4.000000,1.899543,3.000000,96.296296,0.633181,3.000000,1.934444,4.000000,97.297297,0.483611,2.000000,2.028509,0.000000,75.000000,0.000000,2.000000,2.633452,5.000000,63.247863,0.526690,2.000000,4.344597,15.000000,107.339450,0.289640,7.000000,3.890079,9.000000,259.523810,0.432231,4.000000,1.521739,6.000000,45.405405,0.253623,3.000000,3.242770,21.000000,122.516556,0.154418,4.000000,2.718761,7.000000,120.800000,0.388394,7.000000,2.201092,7.000000,140.449438,0.314442,4.000000,2.000000,3.000000,42.000000,-1.000000,,,,40.236165,29.041916,47.904192,-1.030818,-1.093444,0.062626,23.449693,14.253902,20.636064,-1.983828,-4.155890,0.098579,0.048459,,0.000000,,32.825871,24.637681,31.896771,-0.144944,-0.113917,-0.031028,24.331135,23.984881,12.496601,-0.371076,-0.423115,0.042862,0.008087,0.785954,1.000000,,281.730769,54.504505,1.081131,0.749619
2026-02-11T03:45:00Z,0.892260,no_impulse,0,ABBOTINDIA,1h,1.000000,72.108844,1.965511,0.000000,0.000000,-0.818331,-0.704561,-2.057448,2.653430,7.000000,83.050847,0.379061,2.000000,38.530204,16.326531,15.119596,1.000000,0.068029,0.199029,-0.131000,33.081775,21.743837,21.713867,-0.818331,-0.704561,-2.057448,0.087006,0.019654,3.300392,25.000000,150.000000,0.132016,1.000000,59.956011,67.808219,71.010383,0.000000,0.350253,0.253181,0.097072,31.756315,33.306684,10.225641,0.507587,0.714710,-0.735047,0.703622,0.025055,2.152892,7.000000,97.520661,0.307556,2.000000,42.129318,8.558559,25.675676,0.000000,-0.237401,-0.172499,-0.064903,26.173507,23.107702,19.967585,-0.896947,-1.334860,-3.318932,0.165438,0.026571,2.257463,0.000000,54.504505,0.000000,4.000000,39.241262,6.306306,36.466363,0.000000,-0.036575,-0.004944,-0.031631,33.736081,27.455613,21.447587,-1.422136,-1.714395,-3.623854,-0.009846,0.027502,3.977069,3.000000,114.432990,1.325690,4.000000,39.241262,6.306306,36.466363,1.000000,-0.036575,-0.004944,-0.031631,33.736081,27.455613,21.447587,-1.422136,-1.714395,-3.623854,-0.009846,0.027502,3.600594,7.000000,129.333333,0.514371,7.000000,53.943539,45.360825,43.314061,1.000000,0.022648,-0.049273,0.071921,31.837678,35.624401,8.935464,0.437192,0.138720,-1.759954,0.658182,0.027760,2.708559,7.000000,103.448276,0.386937,4.000000,46.875951,32.931727,41.115687,0.000000,-0.080089,-0.123966,0.043876,25.664198,28.685634,13.828008,-0.288057,-0.748729,-2.741412,0.441966,0.049493,2.688670,3.000000,92.356688,0.896223,3.000000,56.076518,67.092652,78.652446,1.000000,-0.087397,-0.466170,0.378773,25.776258,31.003349,13.707687,0.913651,0.303721,-1.713066,0.652138,0.060608,2.828829,0.000000,59.469697,0.000000,3.000000,4.994325,4.000000,90.102389,1.248581,3.000000,5.251837,14.000000,281.730769,0.375131,4.000000,1.899543,3.000000,96.296296,0.633181,3.000000,1.934444,4.000000,97.297297,0.483611,2.000000,2.028509,0.000000,75.000000,0.000000,2.000000,2.633452,5.000000,63.247863,0.526690,2.000000,4.344597,15.000000,107.339450,0.289640,7.000000,3.890079,9.000000,259.523810,0.432231,4.000000,1.521739,6.000000,45.405405,0.253623,3.000000,3.242770,21.000000,122.516556,0.154418,4.000000,2.718761,7.000000,120.800000,0.388394,7.000000,2.000000,4.000000,42.000000,-1.000000,,,,40.236165,29.041916,47.904192,-1.030818,-1.093444,0.062626,23.449693,14.253902,20.636064,-1.983828,-4.155890,0.098579,0.048459,,0.000000,,32.825871,24.637681,31.896771,-0.144944,-0.113917,-0.031028,24.331135,23.984881,12.496601,-0.371076,-0.423115,0.042862,0.008087,0.630735,0.000000,,150.000000,54.504505,0.872296,0.824261
2026-02-13T03:45:00Z,0.853480,no_impulse,0,ABBOTINDIA,1h,-1.000000,225.471698,4.346245,14.000000,0.310446,-1.832531,-2.533599,-4.322464,1.965511,0.000000,72.108844,0.000000,2.000000,38.530204,16.326531,15.119596,0.000000,0.068029,0.199029,-0.131000,33.081775,21.743837,21.713867,-0.818331,-0.704561,-2.057448,0.087006,0.019654,2.653430,7.000000,83.050847,0.379061,2.000000,38.530204,16.326531,15.119596,1.000000,0.068029,0.199029,-0.131000,33.081775,21.743837,21.713867,-0.818331,-0.704561,-2.057448,0.087006,0.019654,3.300392,25.000000,150.000000,0.132016,1.000000,59.956011,67.808219,71.010383,0.000000,0.350253,0.253181,0.097072,31.756315,33.306684,10.225641,0.507587,0.714710,-0.735047,0.703622,0.025055,2.152892,7.000000,97.520661,0.307556,2.000000,42.129318,8.558559,25.675676,0.000000,-0.237401,-0.172499,-0.064903,26.173507,23.107702,19.967585,-0.896947,-1.334860,-3.318932,0.165438,0.026571,2.257463,0.000000,54.504505,0.000000,4.000000,39.241262,6.306306,36.466363,0.000000,-0.036575,-0.004944,-0.031631,33.736081,27.455613,21.447587,-1.422136,-1.714395,-3.623854,-0.009846,0.027502,3.977069,3.000000,114.432990,1.325690,4.000000,39.241262,6.306306,36.466363,1.000000,-0.036575,-0.004944,-0.031631,33.736081,27.455613,21.447587,-1.422136,-1.714395,-3.623854,-0.009846,0.027502,3.600594,7.000000,129.333333,0.514371,7.000000,53.943539,45.360825,43.314061,1.000000,0.022648,-0.049273,0.071921,31.837678,35.624401,8.935464,0.437192,0.138720,-1.759954,0.658182,0.027760,2.708559,7.000000,103.448276,0.386937,4.000000,46.875951,32.931727,41.115687,0.000000,-0.080089,-0.123966,0.043876,25.664198,28.685634,13.828008,-0.288057,-0.748729,-2.741412,0.441966,0.049493,2.688670,3.000000,92.356688,0.896223,3.000000,2.828829,0.000000,59.469697,0.000000,3.000000,4.994325,4.000000,90.102389,1.248581,3.000000,5.251837,14.000000,281.730769,0.375131,4.000000,1.899543,3.000000,96.296296,0.633181,3.000000,1.934444,4.000000,97.297297,0.483611,2.000000,2.028509,0.000000,75.000000,0.000000,2.000000,2.633452,5.000000,63.247863,0.526690,2.000000,4.344597,15.000000,107.339450,0.289640,7.000000,3.890079,9.000000,259.523810,0.432231,4.000000,1.521739,6.000000,45.405405,0.253623,3.000000,3.242770,21.000000,122.516556,0.154418,4.000000,4.000000,1.000000,56.000000,-1.000000,,,,35.409606,9.439528,17.725977,-1.296689,-1.156982,-0.139707,24.178232,12.652266,24.378681,-3.124641,-5.518129,-0.036590,0.056467,,6.000000,,29.408108,8.888889,40.453159,-0.321328,-0.297231,-0.024098,25.091227,11.556212,30.318992,-1.090549,-1.699554,-0.217209,0.015041,1.544870,2.372881,,150.000000,54.504505,0.643566,0.944191
2026-02-16T04:45:00Z,0.865325,no_impulse,0,ABBOTINDIA,1h,1.000000,30.543933,1.387833,8.000000,0.173479,-0.170236,-1.042798,-3.086045,4.346245,14.000000,225.471698,0.310446,4.000000,26.054047,10.714286,13.624339,1.000000,-0.679069,-0.498735,-0.180335,21.495637,11.197465,26.556753,-1.832531,-2.533599,-4.322464,0.059737,0.040875,1.965511,0.000000,72.108844,0.000000,2.000000,38.530204,16.326531,15.119596,0.000000,0.068029,0.199029,-0.131000,33.081775,21.743837,21.713867,-0.818331,-0.704561,-2.057448,0.087006,0.019654,2.653430,7.000000,83.050847,0.379061,2.000000,38.530204,16.326531,15.119596,1.000000,0.068029,0.199029,-0.131000,33.081775,21.743837,21.713867,-0.818331,-0.704561,-2.057448,0.087006,0.019654,3.300392,25.000000,150.000000,0.132016,1.000000,59.956011,67.808219,71.010383,0.000000,0.350253,0.253181,0.097072,31.756315,33.306684,10.225641,0.507587,0.714710,-0.735047,0.703622,0.025055,2.152892,7.000000,97.520661,0.307556,2.000000,42.129318,8.558559,25.675676,0.000000,-0.237401,-0.172499,-0.064903,26.173507,23.107702,19.967585,-0.896947,-1.334860,-3.318932,0.165438,0.026571,2.257463,0.000000,54.504505,0.000000,4.000000,39.241262,6.306306,36.466363,0.000000,-0.036575,-0.004944,-0.031631,33.736081,27.455613,21.447587,-1.422136,-1.714395,-3.623854,-0.009846,0.027502,3.977069,3.000000,114.432990,1.325690,4.000000,39.241262,6.306306,36.466363,1.000000,-0.036575,-0.004944,-0.031631,33.736081,27.455613,21.447587,-1.422136,-1.714395,-3.623854,-0.009846,0.027502,3.600594,7.000000,129.333333,0.514371,7.000000,53.943539,45.360825,43.314061,1.000000,0.022648,-0.049273,0.071921,31.837678,35.624401,8.935464,0.437192,0.138720,-1.759954,0.658182,0.027760,2.708559,7.000000,103.448276,0.386937,4.000000,2.688670,3.000000,92.356688,0.896223,3.000000,2.828829,0.000000,59.469697,0.000000,3.000000,4.994325,4.000000,90.102389,1.248581,3.000000,5.251837,14.000000,281.730769,0.375131,4.000000,1.899543,3.000000,96.296296,0.633181,3.000000,1.934444,4.000000,97.297297,0.483611,2.000000,2.028509,0.000000,75.000000,0.000000,2.000000,2.633452,5.000000,63.247863,0.526690,2.000000,4.344597,15.000000,107.339450,0.289640,7.000000,3.890079,9.000000,259.523810,0.432231,4.000000,1.521739,6.000000,45.405405,0.253623,3.000000,3.000000,2.000000,64.000000,-1.000000,,,,33.714477,2.849003,8.995005,-1.448551,-1.221281,-0.227270,24.814078,11.988058,23.840006,-3.430386,-5.957290,-0.031274,0.062427,,3.000000,,58.108971,95.454545,79.772727,-0.030181,-0.107179,0.076998,18.745961,18.326855,11.419457,0.302028,-0.045515,1.058466,0.005425,0.468059,1.095890,,225.471698,54.504505,0.806012,1.162687
2026-02-17T03:45:00Z,0.850560,no_impulse,0,ABBOTINDIA,1h,-1.000000,124.657534,1.706357,6.000000,0.284393,-0.537230,-1.499563,-3.749017,1.387833,8.000000,30.543933,0.173479,3.000000,43.376915,65.346535,45.956686,1.000000,-0.588966,-0.644290,0.055324,27.891339,15.151508,20.012559,-0.170236,-1.042798,-3.086045,0.434643,0.026003,4.346245,14.000000,225.471698,0.310446,4.000000,26.054047,10.714286,13.624339,1.000000,-0.679069,-0.498735,-0.180335,21.495637,11.197465,26.556753,-1.832531,-2.533599,-4.322464,0.059737,0.040875,1.965511,0.000000,72.108844,0.000000,2.000000,38.530204,16.326531,15.119596,0.000000,0.068029,0.199029,-0.131000,33.081775,21.743837,21.713867,-0.818331,-0.704561,-2.057448,0.087006,0.019654,2.653430,7.000000,83.050847,0.379061,2.000000,38.530204,16.326531,15.119596,1.000000,0.068029,0.199029,-0.131000,33.081775,21.743837,21.713867,-0.818331,-0.704561,-2.057448,0.087006,0.019654,3.300392,25.000000,150.000000,0.132016,1.000000,59.956011,67.808219,71.010383,0.000000,0.350253,0.253181,0.097072,31.756315,33.306684,10.225641,0.507587,0.714710,-0.735047,0.703622,0.025055,2.152892,7.000000,97.520661,0.307556,2.000000,42.129318,8.558559,25.675676,0.000000,-0.237401,-0.172499,-0.064903,26.173507,23.107702,19.967585,-0.896947,-1.334860,-3.318932,0.165438,0.026571,2.257463,0.000000,54.504505,0.000000,4.000000,39.241262,6.306306,36.466363,0.000000,-0.036575,-0.004944,-0.031631,33.736081,27.455613,21.447587,-1.422136,-1.714395,-3.623854,-0.009846,0.027502,3.977069,3.000000,114.432990,1.325690,4.000000,39.241262,6.306306,36.466363,1.000000,-0.036575,-0.004944,-0.031631,33.736081,27.455613,21.447587,-1.422136,-1.714395,-3.623854,-0.009846,0.027502,3.600594,7.000000,129.333333,0.514371,7.000000,2.708559,7.000000,103.448276,0.386937,4.000000,2.688670,3.000000,92.356688,0.896223,3.000000,2.828829,0.000000,59.469697,0.000000,3.000000,4.994325,4.000000,90.102389,1.248581,3.000000,5.251837,14.000000,281.730769,0.375131,4.000000,1.899543,3.000000,96.296296,0.633181,3.000000,1.934444,4.000000,97.297297,0.483611,2.000000,2.028509,0.000000,75.000000,0.000000,2.000000,2.633452,5.000000,63.247863,0.526690,2.000000,4.344597,15.000000,107.339450,0.289640,7.000000,3.890079,9.000000,259.523810,0.432231,4.000000,4.000000,3.000000,70.000000,-1.000000,,,,39.744614,22.969188,11.752573,-1.426418,-1.250197,-0.176221,25.282563,11.691564,22.381157,-1.943602,-4.461661,0.207901,0.065270,,2.000000,,34.059491,11.538462,14.102564,-0.207305,-0.129431,-0.077874,24.615031,16.679929,23.123032,-0.521620,-0.854366,0.142525,0.014516,0.601890,0.769231,,225.471698,30.543933,0.948038,0.949779
2026-02-18T03:45:00Z,0.871329,no_impulse,0,ABBOTINDIA,1h,1.000000,140.659341,2.441816,7.000000,0.348831,0.324642,-0.374137,-2.618010,1.706357,6.000000,124.657534,0.284393,4.000000,39.523914,41.758242,19.861016,0.000000,-0.588218,-0.607874,0.019655,30.796001,13.001239,24.741961,-0.537230,-1.499563,-3.749017,0.241993,0.020711,1.387833,8.000000,30.543933,0.173479,3.000000,43.376915,65.346535,45.956686,1.000000,-0.588966,-0.644290,0.055324,27.891339,15.151508,20.012559,-0.170236,-1.042798,-3.086045,0.434643,0.026003,4.346245,14.000000,225.471698,0.310446,4.000000,26.054047,10.714286,13.624339,1.000000,-0.679069,-0.498735,-0.180335,21.495637,11.197465,26.556753,-1.832531,-2.533599,-4.322464,0.059737,0.040875,1.965511,0.000000,72.108844,0.000000,2.000000,38.530204,16.326531,15.119596,0.000000,0.068029,0.199029,-0.131000,33.081775,21.743837,21.713867,-0.818331,-0.704561,-2.057448,0.087006,0.019654,2.653430,7.000000,83.050847,0.379061,2.000000,38.530204,16.326531,15.119596,1.000000,0.068029,0.199029,-0.131000,33.081775,21.743837,21.713867,-0.818331,-0.704561,-2.057448,0.087006,0.019654,3.300392,25.000000,150.000000,0.132016,1.000000,59.956011,67.808219,71.010383,0.000000,0.350253,0.253181,0.097072,31.756315,33.306684,10.225641,0.507587,0.714710,-0.735047,0.703622,0.025055,2.152892,7.000000,97.520661,0.307556,2.000000,42.129318,8.558559,25.675676,0.000000,-0.237401,-0.172499,-0.064903,26.173507,23.107702,19.967585,-0.896947,-1.334860,-3.318932,0.165438,0.026571,2.257463,0.000000,54.504505,0.000000,4.000000,39.241262,6.306306,36.466363,0.000000,-0.036575,-0.004944,-0.031631,33.736081,27.455613,21.447587,-1.422136,-1.714395,-3.623854,-0.009846,0.027502,3.977069,3.000000,114.432990,1.325690,4.000000,3.600594,7.000000,129.333333,0.514371,7.000000,2.708559,7.000000,103.448276,0.386937,4.000000,2.688670,3.000000,92.356688,0.896223,3.000000,2.828829,0.000000,59.469697,0.000000,3.000000,4.994325,4.000000,90.102389,1.248581,3.000000,5.251837,14.000000,281.730769,0.375131,4.000000,1.899543,3.000000,96.296296,0.633181,3.000000,1.934444,4.000000,97.297297,0.483611,2.000000,2.028509,0.000000,75.000000,0.000000,2.000000,2.633452,5.000000,63.247863,0.526690,2.000000,4.344597,15.000000,107.339450,0.289640,7.000000,7.000000,4.000000,77.000000,-1.000000,,,,37.942330,14.705882,13.508024,-1.463634,-1.298932,-0.164702,25.193052,12.984229,21.198018,-2.316227,-4.893588,0.165747,0.067727,,1.000000,,70.859263,82.089552,89.287988,0.207221,0.106292,0.100928,30.202638,30.250306,6.785716,0.711539,0.805190,1.083069,0.012291,0.892875,0.909091,,225.471698,30.543933,1.013596,0.939528
2026-02-19T05:45:00Z,0.854616,no_impulse,0,ABBOTINDIA,1h,-1.000000,80.468750,1.918063,9.000000,0.213118,-0.595175,-1.180433,-3.455336,2.441816,7.000000,140.659341,0.348831,7.000000,52.474635,66.406250,85.243737,1.000000,-0.199643,-0.392702,0.193059,24.310033,26.975711,15.188748,0.324642,-0.374137,-2.618010,0.709335,0.015559,1.706357,6.000000,124.657534,0.284393,4.000000,39.523914,41.758242,19.861016,0.000000,-0.588218,-0.607874,0.019655,30.796001,13.001239,24.741961,-0.537230,-1.499563,-3.749017,0.241993,0.020711,1.387833,8.000000,30.543933,0.173479,3.000000,43.376915,65.346535,45.956686,1.000000,-0.588966,-0.644290,0.055324,27.891339,15.151508,20.012559,-0.170236,-1.042798,-3.086045,0.434643,0.026003,4.346245,14.000000,225.471698,0.310446,4.000000,26.054047,10.714286,13.624339,1.000000,-0.679069,-0.498735,-0.180335,21.495637,11.197465,26.556753,-1.832531,-2.533599,-4.322464,0.059737,0.040875,1.965511,0.000000,72.108844,0.000000,2.000000,38.530204,16.326531,15.119596,0.000000,0.068029,0.199029,-0.131000,33.081775,21.743837,21.713867,-0.818331,-0.704561,-2.057448,0.087006,0.019654,2.653430,7.000000,83.050847,0.379061,2.000000,38.530204,16.326531,15.119596,1.000000,0.068029,0.199029,-0.131000,33.081775,21.743837,21.713867,-0.818331,-0.704561,-2.057448,0.087006,0.019654,3.300392,25.000000,150.000000,0.132016,1.000000,59.956011,67.808219,71.010383,0.000000,0.350253,0.253181,0.097072,31.756315,33.306684,10.225641,0.507587,0.714710,-0.735047,0.703622,0.025055,2.152892,7.000000,97.520661,0.307556,2.000000,42.129318,8.558559,25.675676,0.000000,-0.237401,-0.172499,-0.064903,26.173507,23.107702,19.967585,-0.896947,-1.334860,-3.318932,0.165438,0.026571,2.257463,0.000000,54.504505,0.000000,4.000000,3.977069,3.000000,114.432990,1.325690,4.000000,3.600594,7.000000,129.333333,0.514371,7.000000,2.708559,7.000000,103.448276,0.386937,4.000000,2.688670,3.000000,92.356688,0.896223,3.000000,2.828829,0.000000,59.469697,0.000000,3.000000,4.994325,4.000000,90.102389,1.248581,3.000000,5.251837,14.000000,281.730769,0.375131,4.000000,1.899543,3.000000,96.296296,0.633181,3.000000,1.934444,4.000000,97.297297,0.483611,2.000000,2.028509,0.000000,75.000000,0.000000,2.000000,2.633452,5.000000,63.247863,0.526690,2.000000,2.000000,1.000000,9.000000,-1.000000,,,,37.204230,10.882353,16.185808,-1.492618,-1.340228,-0.152390,25.319306,12.620656,21.937836,-2.323601,-4.949863,0.167838,0.068365,,1.000000,,46.871797,51.351351,39.339339,-0.119384,-0.122946,0.003561,25.591333,12.850064,17.941910,-0.024177,-0.131426,0.477732,0.010854,0.732393,1.168831,107.000000,225.471698,30.543933,0.968866,0.617500
2026-02-20T03:45:00Z,0.869057,no_impulse,0,ABBOTINDIA,1h,1.000000,86.407767,1.689766,5.000000,0.337953,-0.178703,-0.727575,-3.006563,1.918063,9.000000,80.468750,0.213118,2.000000,38.356578,2.912621,9.730292,0.000000,-0.205396,-0.191435,-0.013961,18.345807,15.798700,21.784192,-0.595175,-1.180433,-3.455336,0.156299,0.017214,2.441816,7.000000,140.659341,0.348831,7.000000,52.474635,66.406250,85.243737,1.000000,-0.199643,-0.392702,0.193059,24.310033,26.975711,15.188748,0.324642,-0.374137,-2.618010,0.709335,0.015559,1.706357,6.000000,124.657534,0.284393,4.000000,39.523914,41.758242,19.861016,0.000000,-0.588218,-0.607874,0.019655,30.796001,13.001239,24.741961,-0.537230,-1.499563,-3.749017,0.241993,0.020711,1.387833,8.000000,30.543933,0.173479,3.000000,43.376915,65.346535,45.956686,1.000000,-0.588966,-0.644290,0.055324,27.891339,15.151508,20.012559,-0.170236,-1.042798,-3.086045,0.434643,0.026003,4.346245,14.000000,225.471698,0.310446,4.000000,26.054047,10.714286,13.624339,1.000000,-0.679069,-0.498735,-0.180335,21.495637,11.197465,26.556753,-1.832531,-2.533599,-4.322464,0.059737,0.040875,1.965511,0.000000,72.108844,0.000000,2.000000,38.530204,16.326531,15.119596,0.000000,0.068029,0.199029,-0.131000,33.081775,21.743837,21.713867,-0.818331,-0.704561,-2.057448,0.087006,0.019654,2.653430,7.000000,83.050847,0.379061,2.000000,38.530204,16.326531,15.119596,1.000000,0.068029,0.199029,-0.131000,33.081775,21.743837,21.713867,-0.818331,-0.704561,-2.057448,0.087006,0.019654,3.300392,25.000000,150.000000,0.132016,1.000000,59.956011,67.808219,71.010383,0.000000,0.350253,0.253181,0.097072,31.756315,33.306684,10.225641,0.507587,0.714710,-0.735047,0.703622,0.025055,2.152892,7.000000,97.520661,0.307556,2.000000,2.257463,0.000000,54.504505,0.000000,4.000000,3.977069,3.000000,114.432990,1.325690,4.000000,3.600594,7.000000,129.333333,0.514371,7.000000,2.708559,7.000000,103.448276,0.386937,4.000000,2.688670,3.000000,92.356688,0.896223,3.000000,2.828829,0.000000,59.469697,0.000000,3.000000,4.994325,4.000000,90.102389,1.248581,3.000000,5.251837,14.000000,281.730769,0.375131,4.000000,1.899543,3.000000,96.296296,0.633181,3.000000,1.934444,4.000000,97.297297,0.483611,2.000000,2.028509,0.000000,75.000000,0.000000,2.000000,3.000000,1.000000,14.000000,-1.000000,,,,36.042571,5.000000,10.196078,-1.531517,-1.382564,-0.148954,24.629804,14.863920,20.386324,-2.454382,-5.139223,0.147308,0.067923,,3.000000,,49.788801,40.816327,35.034014,-0.073497,-0.078092,0.004596,26.896030,26.880841,18.165313,0.031880,-0.094436,0.552620,0.006061,0.700276,0.602410,108.000000,225.471698,30.543933,0.860937,0.787865
2026-02-25T08:45:00Z,0.846990,no_impulse,0,ABBOTINDIA,1h,-1.000000,152.808989,2.539208,26.000000,0.097662,0.079831,-0.303137,-2.471745,1.689766,5.000000,86.407767,0.337953,3.000000,44.512498,20.224719,15.479437,1.000000,-0.197248,-0.198139,0.000890,17.485880,29.569275,15.489815,-0.178703,-0.727575,-3.006563,0.376956,0.014498,1.918063,9.000000,80.468750,0.213118,2.000000,38.356578,2.912621,9.730292,0.000000,-0.205396,-0.191435,-0.013961,18.345807,15.798700,21.784192,-0.595175,-1.180433,-3.455336,0.156299,0.017214,2.441816,7.000000,140.659341,0.348831,7.000000,52.474635,66.406250,85.243737,1.000000,-0.199643,-0.392702,0.193059,24.310033,26.975711,15.188748,0.324642,-0.374137,-2.618010,0.709335,0.015559,1.706357,6.000000,124.657534,0.284393,4.000000,39.523914,41.758242,19.861016,0.000000,-0.588218,-0.607874,0.019655,30.796001,13.001239,24.741961,-0.537230,-1.499563,-3.749017,0.241993,0.020711,1.387833,8.000000,30.543933,0.173479,3.000000,43.376915,65.346535,45.956686,1.000000,-0.588966,-0.644290,0.055324,27.891339,15.151508,20.012559,-0.170236,-1.042798,-3.086045,0.434643,0.026003,4.346245,14.000000,225.471698,0.310446,4.000000,26.054047,10.714286,13.624339,1.000000,-0.679069,-0.498735,-0.180335,21.495637,11.197465,26.556753,-1.832531,-2.533599,-4.322464,0.059737,0.040875,1.965511,0.000000,72.108844,0.000000,2.000000,38.530204,16.326531,15.119596,0.000000,0.068029,0.199029,-0.131000,33.081775,21.743837,21.713867,-0.818331,-0.704561,-2.057448,0.087006,0.019654,2.653430,7.000000,83.050847,0.379061,2.000000,38.530204,16.326531,15.119596,1.000000,0.068029,0.199029,-0.131000,33.081775,21.743837,21.713867,-0.818331,-0.704561,-2.057448,0.087006,0.019654,3.300392,25.000000,150.000000,0.132016,1.000000,2.152892,7.000000,97.520661,0.307556,2.000000,2.257463,0.000000,54.504505,0.000000,4.000000,3.977069,3.000000,114.432990,1.325690,4.000000,3.600594,7.000000,129.333333,0.514371,7.000000,2.708559,7.000000,103.448276,0.386937,4.000000,2.688670,3.000000,92.356688,0.896223,3.000000,2.828829,0.000000,59.469697,0.000000,3.000000,4.994325,4.000000,90.102389,1.248581,3.000000,5.251837,14.000000,281.730769,0.375131,4.000000,1.899543,3.000000,96.296296,0.633181,3.000000,1.934444,4.000000,97.297297,0.483611,2.000000,4.000000,2.000000,40.000000,-1.000000,,,,38.401203,15.937500,15.238395,-1.382308,-1.407592,0.025284,23.019426,12.955261,18.984559,-1.540092,-4.199711,0.253338,0.061490,,8.000000,,33.945533,15.189873,10.671589,-0.152575,-0.073779,-0.078796,26.537182,11.456583,25.167776,-0.510306,-0.679110,0.065369,0.011682,1.077657,2.954545,134.000000,225.471698,30.543933,0.890540,0.813077
2026-02-26T03:45:00Z,0.861269,no_impulse,0,ABBOTINDIA,1h,1.000000,64.705882,1.685824,2.000000,0.842912,0.291633,-0.030466,-2.155812,2.539208,26.000000,152.808989,0.097662,4.000000,50.009852,65.476190,33.990372,0.000000,-0.163311,-0.153625,-0.009686,13.288913,21.138687,19.120582,0.079831,-0.303137,-2.471745,0.556990,0.014019,1.689766,5.000000,86.407767,0.337953,3.000000,44.512498,20.224719,15.479437,1.000000,-0.197248,-0.198139,0.000890,17.485880,29.569275,15.489815,-0.178703,-0.727575,-3.006563,0.376956,0.014498,1.918063,9.000000,80.468750,0.213118,2.000000,38.356578,2.912621,9.730292,0.000000,-0.205396,-0.191435,-0.013961,18.345807,15.798700,21.784192,-0.595175,-1.180433,-3.455336,0.156299,0.017214,2.441816,7.000000,140.659341,0.348831,7.000000,52.474635,66.406250,85.243737,1.000000,-0.199643,-0.392702,0.193059,24.310033,26.975711,15.188748,0.324642,-0.374137,-2.618010,0.709335,0.015559,1.706357,6.000000,124.657534,0.284393,4.000000,39.523914,41.758242,19.861016,0.000000,-0.588218,-0.607874,0.019655,30.796001,13.001239,24.741961,-0.537230,-1.499563,-3.749017,0.241993,0.020711,1.387833,8.000000,30.543933,0.173479,3.000000,43.376915,65.346535,45.956686,1.000000,-0.588966,-0.644290,0.055324,27.891339,15.151508,20.012559,-0.170236,-1.042798,-3.086045,0.434643,0.026003,4.346245,14.000000,225.471698,0.310446,4.000000,26.054047,10.714286,13.624339,1.000000,-0.679069,-0.498735,-0.180335,21.495637,11.197465,26.556753,-1.832531,-2.533599,-4.322464,0.059737,0.040875,1.965511,0.000000,72.108844,0.000000,2.000000,38.530204,16.326531,15.119596,0.000000,0.068029,0.199029,-0.131000,33.081775,21.743837,21.713867,-0.818331,-0.704561,-2.057448,0.087006,0.019654,2.653430,7.000000,83.050847,0.379061,2.000000,3.300392,25.000000,150.000000,0.132016,1.000000,2.152892,7.000000,97.520661,0.307556,2.000000,2.257463,0.000000,54.504505,0.000000,4.000000,3.977069,3.000000,114.432990,1.325690,4.000000,3.600594,7.000000,129.333333,0.514371,7.000000,2.708559,7.000000,103.448276,0.386937,4.000000,2.688670,3.000000,92.356688,0.896223,3.000000,2.828829,0.000000,59.469697,0.000000,3.000000,4.994325,4.000000,90.102389,1.248581,3.000000,5.251837,14.000000,281.730769,0.375131,4.000000,1.899543,3.000000,96.296296,0.633181,3.000000,3.000000,3.000000,42.000000,-1.000000,,,,38.401203,15.937500,15.238395,-1.382308,-1.407592,0.025284,23.019426,12.955261,18.984559,-1.540092,-4.199711,0.253338,0.061490,,2.000000,,54.711174,65.909091,71.136364,0.012728,-0.046984,0.059711,26.354478,32.262029,14.459831,0.231211,0.168219,0.688737,0.012279,0.703934,0.186916,136.000000,225.471698,30.543933,0.889117,1.110374
2026-02-27T03:45:00Z,0.846179,no_impulse,0,ABBOTINDIA,1h,-1.000000,105.681818,1.752072,7.000000,0.250296,-0.414429,-0.688744,-2.760884,1.685824,2.000000,64.705882,0.842912,3.000000,54.015737,78.409091,72.961760,0.000000,-0.084476,-0.134921,0.050445,13.121036,24.167253,16.578852,0.291633,-0.030466,-2.155812,0.726577,0.012909,2.539208,26.000000,152.808989,0.097662,4.000000,50.009852,65.476190,33.990372,0.000000,-0.163311,-0.153625,-0.009686,13.288913,21.138687,19.120582,0.079831,-0.303137,-2.471745,0.556990,0.014019,1.689766,5.000000,86.407767,0.337953,3.000000,44.512498,20.224719,15.479437,1.000000,-0.197248,-0.198139,0.000890,17.485880,29.569275,15.489815,-0.178703,-0.727575,-3.006563,0.376956,0.014498,1.918063,9.000000,80.468750,0.213118,2.000000,38.356578,2.912621,9.730292,0.000000,-0.205396,-0.191435,-0.013961,18.345807,15.798700,21.784192,-0.595175,-1.180433,-3.455336,0.156299,0.017214,2.441816,7.000000,140.659341,0.348831,7.000000,52.474635,66.406250,85.243737,1.000000,-0.199643,-0.392702,0.193059,24.310033,26.975711,15.188748,0.324642,-0.374137,-2.618010,0.709335,0.015559,1.706357,6.000000,124.657534,0.284393,4.000000,39.523914,41.758242,19.861016,0.000000,-0.588218,-0.607874,0.019655,30.796001,13.001239,24.741961,-0.537230,-1.499563,-3.749017,0.241993,0.020711,1.387833,8.000000,30.543933,0.173479,3.000000,43.376915,65.346535,45.956686,1.000000,-0.588966,-0.644290,0.055324,27.891339,15.151508,20.012559,-0.170236,-1.042798,-3.086045,0.434643,0.026003,4.346245,14.000000,225.471698,0.310446,4.000000,26.054047,10.714286,13.624339,1.000000,-0.679069,-0.498735,-0.180335,21.495637,11.197465,26.556753,-1.832531,-2.533599,-4.322464,0.059737,0.040875,1.965511,0.000000,72.108844,0.000000,2.000000,2.653430,7.000000,83.050847,0.379061,2.000000,3.300392,25.000000,150.000000,0.132016,1.000000,2.152892,7.000000,97.520661,0.307556,2.000000,2.257463,0.000000,54.504505,0.000000,4.000000,3.977069,3.000000,114.432990,1.325690,4.000000,3.600594,7.000000,129.333333,0.514371,7.000000,2.708559,7.000000,103.448276,0.386937,4.000000,2.688670,3.000000,92.356688,0.896223,3.000000,2.828829,0.000000,59.469697,0.000000,3.000000,4.994325,4.000000,90.102389,1.248581,3.000000,5.251837,14.000000,281.730769,0.375131,4.000000,4.000000,4.000000,49.000000,-1.000000,,,,42.408475,28.000000,21.104167,-1.277307,-1.374107,0.096800,23.229158,11.956114,20.338366,-0.787417,-3.374638,0.369548,0.059889,,0.000000,,36.247232,38.805970,79.601990,-0.021691,-0.002678,-0.019013,15.021501,12.484868,31.413350,-0.532103,-0.556287,-0.253343,0.007026,0.784485,0.833333,143.000000,225.471698,30.543933,0.852241,0.975036
2026-03-02T03:45:00Z,0.867759,no_impulse,0,ABBOTINDIA,1h,1.000000,143.010753,2.550336,7.000000,0.364334,0.466467,0.330704,-1.603058,1.752072,7.000000,105.681818,0.250296,4.000000,42.285359,36.559140,58.398501,1.000000,-0.074181,-0.082829,0.008648,12.791003,17.165412,25.403725,-0.414429,-0.688744,-2.760884,0.084542,0.009934,1.685824,2.000000,64.705882,0.842912,3.000000,54.015737,78.409091,72.961760,0.000000,-0.084476,-0.134921,0.050445,13.121036,24.167253,16.578852,0.291633,-0.030466,-2.155812,0.726577,0.012909,2.539208,26.000000,152.808989,0.097662,4.000000,50.009852,65.476190,33.990372,0.000000,-0.163311,-0.153625,-0.009686,13.288913,21.138687,19.120582,0.079831,-0.303137,-2.471745,0.556990,0.014019,1.689766,5.000000,86.407767,0.337953,3.000000,44.512498,20.224719,15.479437,1.000000,-0.197248,-0.198139,0.000890,17.485880,29.569275,15.489815,-0.178703,-0.727575,-3.006563,0.376956,0.014498,1.918063,9.000000,80.468750,0.213118,2.000000,38.356578,2.912621,9.730292,0.000000,-0.205396,-0.191435,-0.013961,18.345807,15.798700,21.784192,-0.595175,-1.180433,-3.455336,0.156299,0.017214,2.441816,7.000000,140.659341,0.348831,7.000000,52.474635,66.406250,85.243737,1.000000,-0.199643,-0.392702,0.193059,24.310033,26.975711,15.188748,0.324642,-0.374137,-2.618010,0.709335,0.015559,1.706357,6.000000,124.657534,0.284393,4.000000,39.523914,41.758242,19.861016,0.000000,-0.588218,-0.607874,0.019655,30.796001,13.001239,24.741961,-0.537230,-1.499563,-3.749017,0.241993,0.020711,1.387833,8.000000,30.543933,0.173479,3.000000,43.376915,65.346535,45.956686,1.000000,-0.588966,-0.644290,0.055324,27.891339,15.151508,20.012559,-0.170236,-1.042798,-3.086045,0.434643,0.026003,4.346245,14.000000,225.471698,0.310446,4.000000,1.965511,0.000000,72.108844,0.000000,2.000000,2.653430,7.000000,83.050847,0.379061,2.000000,3.300392,25.000000,150.000000,0.132016,1.000000,2.152892,7.000000,97.520661,0.307556,2.000000,2.257463,0.000000,54.504505,0.000000,4.000000,3.977069,3.000000,114.432990,1.325690,4.000000,3.600594,7.000000,129.333333,0.514371,7.000000,2.708559,7.000000,103.448276,0.386937,4.000000,2.688670,3.000000,92.356688,0.896223,3.000000,2.828829,0.000000,59.469697,0.000000,3.000000,4.994325,4.000000,90.102389,1.248581,3.000000,7.000000,5.000000,56.000000,-1.000000,,,,48.120045,53.846154,32.594551,-1.093605,-1.306729,0.213124,22.244653,14.712688,17.782183,0.223105,-2.223340,0.539548,0.056540,,4.000000,,47.205242,50.420168,75.138980,0.192711,0.123882,0.068830,31.019813,22.066834,37.143715,-0.211620,-0.101113,0.401391,0.021415,1.189928,0.833333,77.000000,225.471698,30.543933,0.850545,0.988009
2026-03-02T03:45:00Z,0.843745,no_impulse,0,ABBOTINDIA,1h,-1.000000,111.278195,2.767390,0.000000,0.000000,0.466467,0.330704,-1.603058,2.550336,7.000000,143.010753,0.364334,7.000000,57.044508,68.243243,82.258410,0.000000,0.079822,-0.033888,0.113711,15.835246,19.438825,30.110704,0.466467,0.330704,-1.603058,0.761224,0.017941,1.752072,7.000000,105.681818,0.250296,4.000000,42.285359,36.559140,58.398501,1.000000,-0.074181,-0.082829,0.008648,12.791003,17.165412,25.403725,-0.414429,-0.688744,-2.760884,0.084542,0.009934,1.685824,2.000000,64.705882,0.842912,3.000000,54.015737,78.409091,72.961760,0.000000,-0.084476,-0.134921,0.050445,13.121036,24.167253,16.578852,0.291633,-0.030466,-2.155812,0.726577,0.012909,2.539208,26.000000,152.808989,0.097662,4.000000,50.009852,65.476190,33.990372,0.000000,-0.163311,-0.153625,-0.009686,13.288913,21.138687,19.120582,0.079831,-0.303137,-2.471745,0.556990,0.014019,1.689766,5.000000,86.407767,0.337953,3.000000,44.512498,20.224719,15.479437,1.000000,-0.197248,-0.198139,0.000890,17.485880,29.569275,15.489815,-0.178703,-0.727575,-3.006563,0.376956,0.014498,1.918063,9.000000,80.468750,0.213118,2.000000,38.356578,2.912621,9.730292,0.000000,-0.205396,-0.191435,-0.013961,18.345807,15.798700,21.784192,-0.595175,-1.180433,-3.455336,0.156299,0.017214,2.441816,7.000000,140.659341,0.348831,7.000000,52.474635,66.406250,85.243737,1.000000,-0.199643,-0.392702,0.193059,24.310033,26.975711,15.188748,0.324642,-0.374137,-2.618010,0.709335,0.015559,1.706357,6.000000,124.657534,0.284393,4.000000,39.523914,41.758242,19.861016,0.000000,-0.588218,-0.607874,0.019655,30.796001,13.001239,24.741961,-0.537230,-1.499563,-3.749017,0.241993,0.020711,1.387833,8.000000,30.543933,0.173479,3.000000,4.346245,14.000000,225.471698,0.310446,4.000000,1.965511,0.000000,72.108844,0.000000,2.000000,2.653430,7.000000,83.050847,0.379061,2.000000,3.300392,25.000000,150.000000,0.132016,1.000000,2.152892,7.000000,97.520661,0.307556,2.000000,2.257463,0.000000,54.504505,0.000000,4.000000,3.977069,3.000000,114.432990,1.325690,4.000000,3.600594,7.000000,129.333333,0.514371,7.000000,2.708559,7.000000,103.448276,0.386937,4.000000,2.688670,3.000000,92.356688,0.896223,3.000000,2.828829,0.000000,59.469697,0.000000,3.000000,7.000000,6.000000,0.000000,-1.000000,,,,48.120045,53.846154,32.594551,-1.093605,-1.306729,0.213124,22.244653,14.712688,17.782183,0.223105,-2.223340,0.539548,0.056540,,0.000000,,47.205242,50.420168,75.138980,0.192711,0.123882,0.068830,31.019813,22.066834,37.143715,-0.211620,-0.101113,0.401391,0.021415,1.256903,0.000000,,225.471698,30.543933,0.857046,0.974165
2026-03-04T03:45:00Z,0.882362,no_impulse,0,ABBOTINDIA,1h,1.000000,160.810811,4.576923,7.000000,0.653846,0.724727,0.970184,-0.617078,2.767390,0.000000,111.278195,0.000000,7.000000,57.044508,68.243243,82.258410,0.000000,0.079822,-0.033888,0.113711,15.835246,19.438825,30.110704,0.466467,0.330704,-1.603058,0.761224,0.017941,2.550336,7.000000,143.010753,0.364334,7.000000,57.044508,68.243243,82.258410,0.000000,0.079822,-0.033888,0.113711,15.835246,19.438825,30.110704,0.466467,0.330704,-1.603058,0.761224,0.017941,1.752072,7.000000,105.681818,0.250296,4.000000,42.285359,36.559140,58.398501,1.000000,-0.074181,-0.082829,0.008648,12.791003,17.165412,25.403725,-0.414429,-0.688744,-2.760884,0.084542,0.009934,1.685824,2.000000,64.705882,0.842912,3.000000,54.015737,78.409091,72.961760,0.000000,-0.084476,-0.134921,0.050445,13.121036,24.167253,16.578852,0.291633,-0.030466,-2.155812,0.726577,0.012909,2.539208,26.000000,152.808989,0.097662,4.000000,50.009852,65.476190,33.990372,0.000000,-0.163311,-0.153625,-0.009686,13.288913,21.138687,19.120582,0.079831,-0.303137,-2.471745,0.556990,0.014019,1.689766,5.000000,86.407767,0.337953,3.000000,44.512498,20.224719,15.479437,1.000000,-0.197248,-0.198139,0.000890,17.485880,29.569275,15.489815,-0.178703,-0.727575,-3.006563,0.376956,0.014498,1.918063,9.000000,80.468750,0.213118,2.000000,38.356578,2.912621,9.730292,0.000000,-0.205396,-0.191435,-0.013961,18.345807,15.798700,21.784192,-0.595175,-1.180433,-3.455336,0.156299,0.017214,2.441816,7.000000,140.659341,0.348831,7.000000,52.474635,66.406250,85.243737,1.000000,-0.199643,-0.392702,0.193059,24.310033,26.975711,15.188748,0.324642,-0.374137,-2.618010,0.709335,0.015559,1.706357,6.000000,124.657534,0.284393,4.000000,1.387833,8.000000,30.543933,0.173479,3.000000,4.346245,14.000000,225.471698,0.310446,4.000000,1.965511,0.000000,72.108844,0.000000,2.000000,2.653430,7.000000,83.050847,0.379061,2.000000,3.300392,25.000000,150.000000,0.132016,1.000000,2.152892,7.000000,97.520661,0.307556,2.000000,2.257463,0.000000,54.504505,0.000000,4.000000,3.977069,3.000000,114.432990,1.325690,4.000000,3.600594,7.000000,129.333333,0.514371,7.000000,2.708559,7.000000,103.448276,0.386937,4.000000,2.688670,3.000000,92.356688,0.896223,3.000000,7.000000,7.000000,7.000000,-1.000000,,,,62.840445,94.559585,58.801913,-0.620324,-1.131126,0.510802,22.504638,24.872517,14.643913,3.511105,1.464169,1.045292,0.066732,,2.000000,,58.113608,38.636364,68.696034,0.346536,0.352356,-0.005820,17.161833,35.977645,14.016824,0.279551,0.819056,0.658360,0.017702,2.239345,0.909091,84.000000,152.808989,30.543933,0.481037,1.195273
2026-03-04T03:45:00Z,0.860133,no_impulse,0,ABBOTINDIA,1h,-1.000000,57.563025,2.519309,0.000000,0.000000,0.724727,0.970184,-0.617078,4.576923,7.000000,160.810811,0.653846,7.000000,62.470085,63.025210,83.335844,0.000000,0.417246,0.245063,0.172183,14.979380,29.747125,15.736520,0.724727,0.970184,-0.617078,0.730827,0.031626,2.767390,0.000000,111.278195,0.000000,7.000000,57.044508,68.243243,82.258410,0.000000,0.079822,-0.033888,0.113711,15.835246,19.438825,30.110704,0.466467,0.330704,-1.603058,0.761224,0.017941,2.550336,7.000000,143.010753,0.364334,7.000000,57.044508,68.243243,82.258410,0.000000,0.079822,-0.033888,0.113711,15.835246,19.438825,30.110704,0.466467,0.330704,-1.603058,0.761224,0.017941,1.752072,7.000000,105.681818,0.250296,4.000000,42.285359,36.559140,58.398501,1.000000,-0.074181,-0.082829,0.008648,12.791003,17.165412,25.403725,-0.414429,-0.688744,-2.760884,0.084542,0.009934,1.685824,2.000000,64.705882,0.842912,3.000000,54.015737,78.409091,72.961760,0.000000,-0.084476,-0.134921,0.050445,13.121036,24.167253,16.578852,0.291633,-0.030466,-2.155812,0.726577,0.012909,2.539208,26.000000,152.808989,0.097662,4.000000,50.009852,65.476190,33.990372,0.000000,-0.163311,-0.153625,-0.009686,13.288913,21.138687,19.120582,0.079831,-0.303137,-2.471745,0.556990,0.014019,1.689766,5.000000,86.407767,0.337953,3.000000,44.512498,20.224719,15.479437,1.000000,-0.197248,-0.198139,0.000890,17.485880,29.569275,15.489815,-0.178703,-0.727575,-3.006563,0.376956,0.014498,1.918063,9.000000,80.468750,0.213118,2.000000,38.356578,2.912621,9.730292,0.000000,-0.205396,-0.191435,-0.013961,18.345807,15.798700,21.784192,-0.595175,-1.180433,-3.455336,0.156299,0.017214,2.441816,7.000000,140.659341,0.348831,7.000000,1.706357,6.000000,124.657534,0.284393,4.000000,1.387833,8.000000,30.543933,0.173479,3.000000,4.346245,14.000000,225.471698,0.310446,4.000000,1.965511,0.000000,72.108844,0.000000,2.000000,2.653430,7.000000,83.050847,0.379061,2.000000,3.300392,25.000000,150.000000,0.132016,1.000000,2.152892,7.000000,97.520661,0.307556,2.000000,2.257463,0.000000,54.504505,0.000000,4.000000,3.977069,3.000000,114.432990,1.325690,4.000000,3.600594,7.000000,129.333333,0.514371,7.000000,2.708559,7.000000,103.448276,0.386937,4.000000,7.000000,8.000000,0.000000,-1.000000,,,,62.840445,94.559585,58.801913,-0.620324,-1.131126,0.510802,22.504638,24.872517,14.643913,3.511105,1.464169,1.045292,0.066732,,0.000000,,58.113608,38.636364,68.696034,0.346536,0.352356,-0.005820,17.161833,35.977645,14.016824,0.279551,0.819056,0.658360,0.017702,1.066250,0.000000,,160.810811,64.705882,0.885158,1.655425
2026-03-04T07:45:00Z,0.895181,no_impulse,0,ABBOTINDIA,1h,1.000000,157.664234,4.074703,4.000000,1.018676,2.895867,3.507794,2.289383,2.519309,0.000000,57.563025,0.000000,7.000000,62.470085,63.025210,83.335844,0.000000,0.417246,0.245063,0.172183,14.979380,29.747125,15.736520,0.724727,0.970184,-0.617078,0.730827,0.031626,4.576923,7.000000,160.810811,0.653846,7.000000,62.470085,63.025210,83.335844,0.000000,0.417246,0.245063,0.172183,14.979380,29.747125,15.736520,0.724727,0.970184,-0.617078,0.730827,0.031626,2.767390,0.000000,111.278195,0.000000,7.000000,57.044508,68.243243,82.258410,0.000000,0.079822,-0.033888,0.113711,15.835246,19.438825,30.110704,0.466467,0.330704,-1.603058,0.761224,0.017941,2.550336,7.000000,143.010753,0.364334,7.000000,57.044508,68.243243,82.258410,0.000000,0.079822,-0.033888,0.113711,15.835246,19.438825,30.110704,0.466467,0.330704,-1.603058,0.761224,0.017941,1.752072,7.000000,105.681818,0.250296,4.000000,42.285359,36.559140,58.398501,1.000000,-0.074181,-0.082829,0.008648,12.791003,17.165412,25.403725,-0.414429,-0.688744,-2.760884,0.084542,0.009934,1.685824,2.000000,64.705882,0.842912,3.000000,54.015737,78.409091,72.961760,0.000000,-0.084476,-0.134921,0.050445,13.121036,24.167253,16.578852,0.291633,-0.030466,-2.155812,0.726577,0.012909,2.539208,26.000000,152.808989,0.097662,4.000000,50.009852,65.476190,33.990372,0.000000,-0.163311,-0.153625,-0.009686,13.288913,21.138687,19.120582,0.079831,-0.303137,-2.471745,0.556990,0.014019,1.689766,5.000000,86.407767,0.337953,3.000000,44.512498,20.224719,15.479437,1.000000,-0.197248,-0.198139,0.000890,17.485880,29.569275,15.489815,-0.178703,-0.727575,-3.006563,0.376956,0.014498,1.918063,9.000000,80.468750,0.213118,2.000000,2.441816,7.000000,140.659341,0.348831,7.000000,1.706357,6.000000,124.657534,0.284393,4.000000,1.387833,8.000000,30.543933,0.173479,3.000000,4.346245,14.000000,225.471698,0.310446,4.000000,1.965511,0.000000,72.108844,0.000000,2.000000,2.653430,7.000000,83.050847,0.379061,2.000000,3.300392,25.000000,150.000000,0.132016,1.000000,2.152892,7.000000,97.520661,0.307556,2.000000,2.257463,0.000000,54.504505,0.000000,4.000000,3.977069,3.000000,114.432990,1.325690,4.000000,3.600594,7.000000,129.333333,0.514371,7.000000,1.000000,1.000000,4.000000,-1.000000,,,,59.121101,64.859438,71.088392,-0.336606,-0.979104,0.642498,23.587604,28.636686,12.966399,2.512839,0.686814,0.861380,0.071327,,1.000000,,70.666505,100.000000,83.593750,0.413379,0.350484,0.062895,31.171164,37.546581,10.970191,1.451385,2.112143,1.069498,0.025861,1.667179,0.571429,,160.810811,57.563025,0.854989,1.647168
2026-03-04T07:45:00Z,0.875710,no_impulse,0,ABBOTINDIA,1h,-1.000000,55.555556,2.175095,0.000000,0.000000,2.895867,3.507794,2.289383,4.074703,4.000000,157.664234,1.018676,1.000000,78.735725,98.107256,88.024547,1.000000,0.755552,0.459874,0.295678,20.712678,35.193896,10.280746,2.895867,3.507794,2.289383,1.092028,0.050373,2.519309,0.000000,57.563025,0.000000,7.000000,62.470085,63.025210,83.335844,0.000000,0.417246,0.245063,0.172183,14.979380,29.747125,15.736520,0.724727,0.970184,-0.617078,0.730827,0.031626,4.576923,7.000000,160.810811,0.653846,7.000000,62.470085,63.025210,83.335844,0.000000,0.417246,0.245063,0.172183,14.979380,29.747125,15.736520,0.724727,0.970184,-0.617078,0.730827,0.031626,2.767390,0.000000,111.278195,0.000000,7.000000,57.044508,68.243243,82.258410,0.000000,0.079822,-0.033888,0.113711,15.835246,19.438825,30.110704,0.466467,0.330704,-1.603058,0.761224,0.017941,2.550336,7.000000,143.010753,0.364334,7.000000,57.044508,68.243243,82.258410,0.000000,0.079822,-0.033888,0.113711,15.835246,19.438825,30.110704,0.466467,0.330704,-1.603058,0.761224,0.017941,1.752072,7.000000,105.681818,0.250296,4.000000,42.285359,36.559140,58.398501,1.000000,-0.074181,-0.082829,0.008648,12.791003,17.165412,25.403725,-0.414429,-0.688744,-2.760884,0.084542,0.009934,1.685824,2.000000,64.705882,0.842912,3.000000,54.015737,78.409091,72.961760,0.000000,-0.084476,-0.134921,0.050445,13.121036,24.167253,16.578852,0.291633,-0.030466,-2.155812,0.726577,0.012909,2.539208,26.000000,152.808989,0.097662,4.000000,50.009852,65.476190,33.990372,0.000000,-0.163311,-0.153625,-0.009686,13.288913,21.138687,19.120582,0.079831,-0.303137,-2.471745,0.556990,0.014019,1.689766,5.000000,86.407767,0.337953,3.000000,1.918063,9.000000,80.468750,0.213118,2.000000,2.441816,7.000000,140.659341,0.348831,7.000000,1.706357,6.000000,124.657534,0.284393,4.000000,1.387833,8.000000,30.543933,0.173479,3.000000,4.346245,14.000000,225.471698,0.310446,4.000000,1.965511,0.000000,72.108844,0.000000,2.000000,2.653430,7.000000,83.050847,0.379061,2.000000,3.300392,25.000000,150.000000,0.132016,1.000000,2.152892,7.000000,97.520661,0.307556,2.000000,2.257463,0.000000,54.504505,0.000000,4.000000,3.977069,3.000000,114.432990,1.325690,4.000000,1.000000,2.000000,4.000000,-1.000000,,,,59.121101,64.859438,71.088392,-0.336606,-0.979104,0.642498,23.587604,28.636686,12.966399,2.512839,0.686814,0.861380,0.071327,,0.000000,,70.666505,100.000000,83.593750,0.413379,0.350484,0.062895,31.171164,37.546581,10.970191,1.451385,2.112143,1.069498,0.025861,0.834214,0.000000,,160.810811,57.563025,0.998409,1.580093
2026-03-05T04:45:00Z,0.924550,no_impulse,0,ABBOTINDIA,1h,1.000000,250.833333,5.577173,4.000000,1.394293,4.267131,5.674505,5.131298,2.175095,0.000000,55.555556,0.000000,1.000000,78.735725,98.107256,88.024547,0.000000,0.755552,0.459874,0.295678,20.712678,35.193896,10.280746,2.895867,3.507794,2.289383,1.092028,0.050373,4.074703,4.000000,157.664234,1.018676,1.000000,78.735725,98.107256,88.024547,1.000000,0.755552,0.459874,0.295678,20.712678,35.193896,10.280746,2.895867,3.507794,2.289383,1.092028,0.050373,2.519309,0.000000,57.563025,0.000000,7.000000,62.470085,63.025210,83.335844,0.000000,0.417246,0.245063,0.172183,14.979380,29.747125,15.736520,0.724727,0.970184,-0.617078,0.730827,0.031626,4.576923,7.000000,160.810811,0.653846,7.000000,62.470085,63.025210,83.335844,0.000000,0.417246,0.245063,0.172183,14.979380,29.747125,15.736520,0.724727,0.970184,-0.617078,0.730827,0.031626,2.767390,0.000000,111.278195,0.000000,7.000000,57.044508,68.243243,82.258410,0.000000,0.079822,-0.033888,0.113711,15.835246,19.438825,30.110704,0.466467,0.330704,-1.603058,0.761224,0.017941,2.550336,7.000000,143.010753,0.364334,7.000000,57.044508,68.243243,82.258410,0.000000,0.079822,-0.033888,0.113711,15.835246,19.438825,30.110704,0.466467,0.330704,-1.603058,0.761224,0.017941,1.752072,7.000000,105.681818,0.250296,4.000000,42.285359,36.559140,58.398501,1.000000,-0.074181,-0.082829,0.008648,12.791003,17.165412,25.403725,-0.414429,-0.688744,-2.760884,0.084542,0.009934,1.685824,2.000000,64.705882,0.842912,3.000000,54.015737,78.409091,72.961760,0.000000,-0.084476,-0.134921,0.050445,13.121036,24.167253,16.578852,0.291633,-0.030466,-2.155812,0.726577,0.012909,2.539208,26.000000,152.808989,0.097662,4.000000,1.689766,5.000000,86.407767,0.337953,3.000000,1.918063,9.000000,80.468750,0.213118,2.000000,2.441816,7.000000,140.659341,0.348831,7.000000,1.706357,6.000000,124.657534,0.284393,4.000000,1.387833,8.000000,30.543933,0.173479,3.000000,4.346245,14.000000,225.471698,0.310446,4.000000,1.965511,0.000000,72.108844,0.000000,2.000000,2.653430,7.000000,83.050847,0.379061,2.000000,3.300392,25.000000,150.000000,0.132016,1.000000,2.152892,7.000000,97.520661,0.307556,2.000000,2.257463,0.000000,54.504505,0.000000,4.000000,1.000000,3.000000,8.000000,-1.000000,,,,59.121101,64.859438,71.088392,-0.336606,-0.979104,0.642498,23.587604,28.636686,12.966399,2.512839,0.686814,0.861380,0.071327,,2.000000,,88.707405,99.003322,96.207524,1.360488,1.067989,0.292500,58.420264,48.646794,3.879890,2.649548,4.365686,0.872993,0.072968,2.118131,0.689655,,160.810811,55.555556,0.981864,0.886247
2026-03-09T03:45:00Z,0.867597,no_impulse,0,ABBOTINDIA,1h,-1.000000,116.611296,6.160056,13.000000,0.473850,-1.554650,-0.541830,-0.397924,5.577173,4.000000,250.833333,1.394293,1.000000,87.051835,96.977330,96.754407,0.000000,1.557916,0.945726,0.612190,32.917899,46.864152,7.304867,4.267131,5.674505,5.131298,0.985794,0.091753,2.175095,0.000000,55.555556,0.000000,1.000000,78.735725,98.107256,88.024547,0.000000,0.755552,0.459874,0.295678,20.712678,35.193896,10.280746,2.895867,3.507794,2.289383,1.092028,0.050373,4.074703,4.000000,157.664234,1.018676,1.000000,78.735725,98.107256,88.024547,1.000000,0.755552,0.459874,0.295678,20.712678,35.193896,10.280746,2.895867,3.507794,2.289383,1.092028,0.050373,2.519309,0.000000,57.563025,0.000000,7.000000,62.470085,63.025210,83.335844,0.000000,0.417246,0.245063,0.172183,14.979380,29.747125,15.736520,0.724727,0.970184,-0.617078,0.730827,0.031626,4.576923,7.000000,160.810811,0.653846,7.000000,62.470085,63.025210,83.335844,0.000000,0.417246,0.245063,0.172183,14.979380,29.747125,15.736520,0.724727,0.970184,-0.617078,0.730827,0.031626,2.767390,0.000000,111.278195,0.000000,7.000000,57.044508,68.243243,82.258410,0.000000,0.079822,-0.033888,0.113711,15.835246,19.438825,30.110704,0.466467,0.330704,-1.603058,0.761224,0.017941,2.550336,7.000000,143.010753,0.364334,7.000000,57.044508,68.243243,82.258410,0.000000,0.079822,-0.033888,0.113711,15.835246,19.438825,30.110704,0.466467,0.330704,-1.603058,0.761224,0.017941,1.752072,7.000000,105.681818,0.250296,4.000000,42.285359,36.559140,58.398501,1.000000,-0.074181,-0.082829,0.008648,12.791003,17.165412,25.403725,-0.414429,-0.688744,-2.760884,0.084542,0.009934,1.685824,2.000000,64.705882,0.842912,3.000000,2.539208,26.000000,152.808989,0.097662,4.000000,1.689766,5.000000,86.407767,0.337953,3.000000,1.918063,9.000000,80.468750,0.213118,2.000000,2.441816,7.000000,140.659341,0.348831,7.000000,1.706357,6.000000,124.657534,0.284393,4.000000,1.387833,8.000000,30.543933,0.173479,3.000000,4.346245,14.000000,225.471698,0.310446,4.000000,1.965511,0.000000,72.108844,0.000000,2.000000,2.653430,7.000000,83.050847,0.379061,2.000000,3.300392,25.000000,150.000000,0.132016,1.000000,2.152892,7.000000,97.520661,0.307556,2.000000,8.000000,1.000000,21.000000,-1.000000,,,,52.144948,47.590361,55.220884,-0.116217,-0.690753,0.574536,22.655279,25.107042,20.485898,0.750342,-0.835501,0.607034,0.070633,,5.000000,,23.384262,15.028902,11.279251,-0.369853,-0.279822,-0.090030,25.247052,11.085093,46.558175,-1.813353,-2.117681,-0.455901,0.018632,2.038537,2.280702,,250.833333,55.555556,1.288552,1.199050
2026-03-10T03:45:00Z,0.888042,no_impulse,0,ABBOTINDIA,1h,1.000000,35.897436,2.356462,7.000000,0.336637,-0.234093,0.380454,0.594448,6.160056,13.000000,116.611296,0.473850,8.000000,39.824971,10.826211,10.751594,0.000000,0.266827,0.691926,-0.425099,19.804808,21.845787,37.767824,-1.554650,-0.541830,-0.397924,0.248114,0.060776,5.577173,4.000000,250.833333,1.394293,1.000000,87.051835,96.977330,96.754407,0.000000,1.557916,0.945726,0.612190,32.917899,46.864152,7.304867,4.267131,5.674505,5.131298,0.985794,0.091753,2.175095,0.000000,55.555556,0.000000,1.000000,78.735725,98.107256,88.024547,0.000000,0.755552,0.459874,0.295678,20.712678,35.193896,10.280746,2.895867,3.507794,2.289383,1.092028,0.050373,4.074703,4.000000,157.664234,1.018676,1.000000,78.735725,98.107256,88.024547,1.000000,0.755552,0.459874,0.295678,20.712678,35.193896,10.280746,2.895867,3.507794,2.289383,1.092028,0.050373,2.519309,0.000000,57.563025,0.000000,7.000000,62.470085,63.025210,83.335844,0.000000,0.417246,0.245063,0.172183,14.979380,29.747125,15.736520,0.724727,0.970184,-0.617078,0.730827,0.031626,4.576923,7.000000,160.810811,0.653846,7.000000,62.470085,63.025210,83.335844,0.000000,0.417246,0.245063,0.172183,14.979380,29.747125,15.736520,0.724727,0.970184,-0.617078,0.730827,0.031626,2.767390,0.000000,111.278195,0.000000,7.000000,57.044508,68.243243,82.258410,0.000000,0.079822,-0.033888,0.113711,15.835246,19.438825,30.110704,0.466467,0.330704,-1.603058,0.761224,0.017941,2.550336,7.000000,143.010753,0.364334,7.000000,57.044508,68.243243,82.258410,0.000000,0.079822,-0.033888,0.113711,15.835246,19.438825,30.110704,0.466467,0.330704,-1.603058,0.761224,0.017941,1.752072,7.000000,105.681818,0.250296,4.000000,1.685824,2.000000,64.705882,0.842912,3.000000,2.539208,26.000000,152.808989,0.097662,4.000000,1.689766,5.000000,86.407767,0.337953,3.000000,1.918063,9.000000,80.468750,0.213118,2.000000,2.441816,7.000000,140.659341,0.348831,7.000000,1.706357,6.000000,124.657534,0.284393,4.000000,1.387833,8.000000,30.543933,0.173479,3.000000,4.346245,14.000000,225.471698,0.310446,4.000000,1.965511,0.000000,72.108844,0.000000,2.000000,2.653430,7.000000,83.050847,0.379061,2.000000,3.300392,25.000000,150.000000,0.132016,1.000000,3.000000,2.000000,7.000000,-1.000000,,,,46.706891,32.530120,44.444444,-0.166624,-0.593657,0.427033,21.877220,23.907125,18.874908,-0.577143,-2.157844,0.413918,0.066661,,2.000000,,51.962000,49.056604,40.518868,-0.076051,-0.112093,0.036042,17.034000,25.254448,19.854070,0.129757,-0.133181,0.755666,0.005082,0.696377,1.590909,,250.833333,55.555556,1.607205,1.245404
2026-03-11T07:45:00Z,0.864839,no_impulse,0,ABBOTINDIA,1h,-1.000000,113.492063,2.612827,11.000000,0.237530,-0.589001,-0.669919,-0.692700,2.356462,7.000000,35.897436,0.336637,3.000000,48.642601,54.335260,50.239719,0.000000,-0.015387,0.181110,-0.196497,17.899768,24.359306,27.739593,-0.234093,0.380454,0.594448,0.441723,0.040075,6.160056,13.000000,116.611296,0.473850,8.000000,39.824971,10.826211,10.751594,0.000000,0.266827,0.691926,-0.425099,19.804808,21.845787,37.767824,-1.554650,-0.541830,-0.397924,0.248114,0.060776,5.577173,4.000000,250.833333,1.394293,1.000000,87.051835,96.977330,96.754407,0.000000,1.557916,0.945726,0.612190,32.917899,46.864152,7.304867,4.267131,5.674505,5.131298,0.985794,0.091753,2.175095,0.000000,55.555556,0.000000,1.000000,78.735725,98.107256,88.024547,0.000000,0.755552,0.459874,0.295678,20.712678,35.193896,10.280746,2.895867,3.507794,2.289383,1.092028,0.050373,4.074703,4.000000,157.664234,1.018676,1.000000,78.735725,98.107256,88.024547,1.000000,0.755552,0.459874,0.295678,20.712678,35.193896,10.280746,2.895867,3.507794,2.289383,1.092028,0.050373,2.519309,0.000000,57.563025,0.000000,7.000000,62.470085,63.025210,83.335844,0.000000,0.417246,0.245063,0.172183,14.979380,29.747125,15.736520,0.724727,0.970184,-0.617078,0.730827,0.031626,4.576923,7.000000,160.810811,0.653846,7.000000,62.470085,63.025210,83.335844,0.000000,0.417246,0.245063,0.172183,14.979380,29.747125,15.736520,0.724727,0.970184,-0.617078,0.730827,0.031626,2.767390,0.000000,111.278195,0.000000,7.000000,57.044508,68.243243,82.258410,0.000000,0.079822,-0.033888,0.113711,15.835246,19.438825,30.110704,0.466467,0.330704,-1.603058,0.761224,0.017941,2.550336,7.000000,143.010753,0.364334,7.000000,1.752072,7.000000,105.681818,0.250296,4.000000,1.685824,2.000000,64.705882,0.842912,3.000000,2.539208,26.000000,152.808989,0.097662,4.000000,1.689766,5.000000,86.407767,0.337953,3.000000,1.918063,9.000000,80.468750,0.213118,2.000000,2.441816,7.000000,140.659341,0.348831,7.000000,1.706357,6.000000,124.657534,0.284393,4.000000,1.387833,8.000000,30.543933,0.173479,3.000000,4.346245,14.000000,225.471698,0.310446,4.000000,1.965511,0.000000,72.108844,0.000000,2.000000,2.653430,7.000000,83.050847,0.379061,2.000000,4.000000,3.000000,18.000000,-1.000000,,,,45.511625,27.510040,36.077644,-0.177515,-0.431193,0.253678,19.945549,20.274067,18.011296,-1.024409,-2.506375,0.345608,0.065678,,2.000000,,37.520122,26.829268,15.129958,-0.194347,-0.170954,-0.023393,23.019587,14.094185,32.042846,-0.335838,-0.734574,0.242949,0.013021,0.757132,2.244898,,250.833333,35.897436,1.541110,1.607198
2026-03-11T09:45:00Z,0.886743,no_impulse,0,ABBOTINDIA,1h,1.000000,94.405594,2.532833,2.000000,1.266417,0.413595,0.423233,0.442884,2.612827,11.000000,113.492063,0.237530,4.000000,42.642701,26.573427,19.211344,0.000000,-0.424993,-0.324845,-0.100148,18.813192,17.242527,29.667458,-0.589001,-0.669919,-0.692700,0.268170,0.025258,2.356462,7.000000,35.897436,0.336637,3.000000,48.642601,54.335260,50.239719,0.000000,-0.015387,0.181110,-0.196497,17.899768,24.359306,27.739593,-0.234093,0.380454,0.594448,0.441723,0.040075,6.160056,13.000000,116.611296,0.473850,8.000000,39.824971,10.826211,10.751594,0.000000,0.266827,0.691926,-0.425099,19.804808,21.845787,37.767824,-1.554650,-0.541830,-0.397924,0.248114,0.060776,5.577173,4.000000,250.833333,1.394293,1.000000,87.051835,96.977330,96.754407,0.000000,1.557916,0.945726,0.612190,32.917899,46.864152,7.304867,4.267131,5.674505,5.131298,0.985794,0.091753,2.175095,0.000000,55.555556,0.000000,1.000000,78.735725,98.107256,88.024547,0.000000,0.755552,0.459874,0.295678,20.712678,35.193896,10.280746,2.895867,3.507794,2.289383,1.092028,0.050373,4.074703,4.000000,157.664234,1.018676,1.000000,78.735725,98.107256,88.024547,1.000000,0.755552,0.459874,0.295678,20.712678,35.193896,10.280746,2.895867,3.507794,2.289383,1.092028,0.050373,2.519309,0.000000,57.563025,0.000000,7.000000,62.470085,63.025210,83.335844,0.000000,0.417246,0.245063,0.172183,14.979380,29.747125,15.736520,0.724727,0.970184,-0.617078,0.730827,0.031626,4.576923,7.000000,160.810811,0.653846,7.000000,62.470085,63.025210,83.335844,0.000000,0.417246,0.245063,0.172183,14.979380,29.747125,15.736520,0.724727,0.970184,-0.617078,0.730827,0.031626,2.767390,0.000000,111.278195,0.000000,7.000000,2.550336,7.000000,143.010753,0.364334,7.000000,1.752072,7.000000,105.681818,0.250296,4.000000,1.685824,2.000000,64.705882,0.842912,3.000000,2.539208,26.000000,152.808989,0.097662,4.000000,1.689766,5.000000,86.407767,0.337953,3.000000,1.918063,9.000000,80.468750,0.213118,2.000000,2.441816,7.000000,140.659341,0.348831,7.000000,1.706357,6.000000,124.657534,0.284393,4.000000,1.387833,8.000000,30.543933,0.173479,3.000000,4.346245,14.000000,225.471698,0.310446,4.000000,1.965511,0.000000,72.108844,0.000000,2.000000,3.000000,4.000000,20.000000,-1.000000,,,,45.511625,27.510040,36.077644,-0.177515,-0.431193,0.253678,19.945549,20.274067,18.011296,-1.024409,-2.506375,0.345608,0.065678,,1.000000,,63.537262,74.074074,85.757066,0.181787,-0.014346,0.196133,24.895408,35.988609,17.023110,0.761356,0.672035,0.858607,0.021394,0.716091,0.377358,,250.833333,35.897436,1.457446,0.941014
2026-03-13T06:45:00Z,0.853156,no_impulse,0,ABBOTINDIA,1h,-1.000000,153.333333,3.787740,11.000000,0.344340,-1.347610,-1.833719,-2.169943,2.532833,2.000000,94.405594,1.266417,3.000000,52.743336,69.930070,62.004662,0.000000,-0.206938,-0.291605,0.084667,17.057143,25.894667,22.797737,0.413595,0.423233,0.442884,0.661657,0.025691,2.612827,11.000000,113.492063,0.237530,4.000000,42.642701,26.573427,19.211344,0.000000,-0.424993,-0.324845,-0.100148,18.813192,17.242527,29.667458,-0.589001,-0.669919,-0.692700,0.268170,0.025258,2.356462,7.000000,35.897436,0.336637,3.000000,48.642601,54.335260,50.239719,0.000000,-0.015387,0.181110,-0.196497,17.899768,24.359306,27.739593,-0.234093,0.380454,0.594448,0.441723,0.040075,6.160056,13.000000,116.611296,0.473850,8.000000,39.824971,10.826211,10.751594,0.000000,0.266827,0.691926,-0.425099,19.804808,21.845787,37.767824,-1.554650,-0.541830,-0.397924,0.248114,0.060776,5.577173,4.000000,250.833333,1.394293,1.000000,87.051835,96.977330,96.754407,0.000000,1.557916,0.945726,0.612190,32.917899,46.864152,7.304867,4.267131,5.674505,5.131298,0.985794,0.091753,2.175095,0.000000,55.555556,0.000000,1.000000,78.735725,98.107256,88.024547,0.000000,0.755552,0.459874,0.295678,20.712678,35.193896,10.280746,2.895867,3.507794,2.289383,1.092028,0.050373,4.074703,4.000000,157.664234,1.018676,1.000000,78.735725,98.107256,88.024547,1.000000,0.755552,0.459874,0.295678,20.712678,35.193896,10.280746,2.895867,3.507794,2.289383,1.092028,0.050373,2.519309,0.000000,57.563025,0.000000,7.000000,62.470085,63.025210,83.335844,0.000000,0.417246,0.245063,0.172183,14.979380,29.747125,15.736520,0.724727,0.970184,-0.617078,0.730827,0.031626,4.576923,7.000000,160.810811,0.653846,7.000000,2.767390,0.000000,111.278195,0.000000,7.000000,2.550336,7.000000,143.010753,0.364334,7.000000,1.752072,7.000000,105.681818,0.250296,4.000000,1.685824,2.000000,64.705882,0.842912,3.000000,2.539208,26.000000,152.808989,0.097662,4.000000,1.689766,5.000000,86.407767,0.337953,3.000000,1.918063,9.000000,80.468750,0.213118,2.000000,2.441816,7.000000,140.659341,0.348831,7.000000,1.706357,6.000000,124.657534,0.284393,4.000000,1.387833,8.000000,30.543933,0.173479,3.000000,4.346245,14.000000,225.471698,0.310446,4.000000,4.000000,5.000000,31.000000,-1.000000,,,,49.287420,38.554217,38.085676,-0.162285,-0.373892,0.211608,19.473553,20.986258,16.046919,0.005492,-1.403494,0.500832,0.066001,,5.000000,,46.333720,50.704225,76.995305,-0.135449,-0.234689,0.099240,19.661533,23.087618,23.545817,-0.163948,-0.536537,0.394194,0.015470,1.071413,2.291667,,250.833333,35.897436,1.458773,0.539243
2026-03-13T08:45:00Z,0.884634,no_impulse,0,ABBOTINDIA,1h,1.000000,93.719807,3.689616,2.000000,1.844808,0.735018,0.277783,-0.084419,3.787740,11.000000,153.333333,0.344340,4.000000,39.706632,12.560386,20.491143,1.000000,-0.545895,-0.441269,-0.104626,17.872034,17.691401,27.892342,-1.347610,-1.833719,-2.169943,0.069663,0.030899,2.532833,2.000000,94.405594,1.266417,3.000000,52.743336,69.930070,62.004662,0.000000,-0.206938,-0.291605,0.084667,17.057143,25.894667,22.797737,0.413595,0.423233,0.442884,0.661657,0.025691,2.612827,11.000000,113.492063,0.237530,4.000000,42.642701,26.573427,19.211344,0.000000,-0.424993,-0.324845,-0.100148,18.813192,17.242527,29.667458,-0.589001,-0.669919,-0.692700,0.268170,0.025258,2.356462,7.000000,35.897436,0.336637,3.000000,48.642601,54.335260,50.239719,0.000000,-0.015387,0.181110,-0.196497,17.899768,24.359306,27.739593,-0.234093,0.380454,0.594448,0.441723,0.040075,6.160056,13.000000,116.611296,0.473850,8.000000,39.824971,10.826211,10.751594,0.000000,0.266827,0.691926,-0.425099,19.804808,21.845787,37.767824,-1.554650,-0.541830,-0.397924,0.248114,0.060776,5.577173,4.000000,250.833333,1.394293,1.000000,87.051835,96.977330,96.754407,0.000000,1.557916,0.945726,0.612190,32.917899,46.864152,7.304867,4.267131,5.674505,5.131298,0.985794,0.091753,2.175095,0.000000,55.555556,0.000000,1.000000,78.735725,98.107256,88.024547,0.000000,0.755552,0.459874,0.295678,20.712678,35.193896,10.280746,2.895867,3.507794,2.289383,1.092028,0.050373,4.074703,4.000000,157.664234,1.018676,1.000000,78.735725,98.107256,88.024547,1.000000,0.755552,0.459874,0.295678,20.712678,35.193896,10.280746,2.895867,3.507794,2.289383,1.092028,0.050373,2.519309,0.000000,57.563025,0.000000,7.000000,4.576923,7.000000,160.810811,0.653846,7.000000,2.767390,0.000000,111.278195,0.000000,7.000000,2.550336,7.000000,143.010753,0.364334,7.000000,1.752072,7.000000,105.681818,0.250296,4.000000,1.685824,2.000000,64.705882,0.842912,3.000000,2.539208,26.000000,152.808989,0.097662,4.000000,1.689766,5.000000,86.407767,0.337953,3.000000,1.918063,9.000000,80.468750,0.213118,2.000000,2.441816,7.000000,140.659341,0.348831,7.000000,1.706357,6.000000,124.657534,0.284393,4.000000,1.387833,8.000000,30.543933,0.173479,3.000000,3.000000,6.000000,33.000000,-1.000000,,,,49.287420,38.554217,38.085676,-0.162285,-0.373892,0.211608,19.473553,20.986258,16.046919,0.005492,-1.403494,0.500832,0.066001,,1.000000,,48.843662,55.434783,41.304348,-0.209455,-0.232708,0.023253,16.968831,23.421015,21.806635,0.028335,-0.409444,0.518284,0.015501,1.014380,0.338983,,250.833333,35.897436,1.434578,0.633858
2026-03-19T07:45:00Z,0.843745,no_impulse,0,ABBOTINDIA,1h,-1.000000,129.896907,4.622157,27.000000,0.171191,-1.409079,-2.119970,-3.054263,3.689616,2.000000,93.719807,1.844808,3.000000,53.272218,65.217391,31.400966,1.000000,-0.425989,-0.451689,0.025700,18.278712,31.402888,21.206644,0.735018,0.277783,-0.084419,0.727130,0.032601,3.787740,11.000000,153.333333,0.344340,4.000000,39.706632,12.560386,20.491143,1.000000,-0.545895,-0.441269,-0.104626,17.872034,17.691401,27.892342,-1.347610,-1.833719,-2.169943,0.069663,0.030899,2.532833,2.000000,94.405594,1.266417,3.000000,52.743336,69.930070,62.004662,0.000000,-0.206938,-0.291605,0.084667,17.057143,25.894667,22.797737,0.413595,0.423233,0.442884,0.661657,0.025691,2.612827,11.000000,113.492063,0.237530,4.000000,42.642701,26.573427,19.211344,0.000000,-0.424993,-0.324845,-0.100148,18.813192,17.242527,29.667458,-0.589001,-0.669919,-0.692700,0.268170,0.025258,2.356462,7.000000,35.897436,0.336637,3.000000,48.642601,54.335260,50.239719,0.000000,-0.015387,0.181110,-0.196497,17.899768,24.359306,27.739593,-0.234093,0.380454,0.594448,0.441723,0.040075,6.160056,13.000000,116.611296,0.473850,8.000000,39.824971,10.826211,10.751594,0.000000,0.266827,0.691926,-0.425099,19.804808,21.845787,37.767824,-1.554650,-0.541830,-0.397924,0.248114,0.060776,5.577173,4.000000,250.833333,1.394293,1.000000,87.051835,96.977330,96.754407,0.000000,1.557916,0.945726,0.612190,32.917899,46.864152,7.304867,4.267131,5.674505,5.131298,0.985794,0.091753,2.175095,0.000000,55.555556,0.000000,1.000000,78.735725,98.107256,88.024547,0.000000,0.755552,0.459874,0.295678,20.712678,35.193896,10.280746,2.895867,3.507794,2.289383,1.092028,0.050373,4.074703,4.000000,157.664234,1.018676,1.000000,2.519309,0.000000,57.563025,0.000000,7.000000,4.576923,7.000000,160.810811,0.653846,7.000000,2.767390,0.000000,111.278195,0.000000,7.000000,2.550336,7.000000,143.010753,0.364334,7.000000,1.752072,7.000000,105.681818,0.250296,4.000000,1.685824,2.000000,64.705882,0.842912,3.000000,2.539208,26.000000,152.808989,0.097662,4.000000,1.689766,5.000000,86.407767,0.337953,3.000000,1.918063,9.000000,80.468750,0.213118,2.000000,2.441816,7.000000,140.659341,0.348831,7.000000,1.706357,6.000000,124.657534,0.284393,4.000000,4.000000,7.000000,60.000000,-1.000000,,,,47.653756,28.714859,21.485944,-0.480465,-0.418574,-0.061891,16.279839,18.909086,14.283647,-0.308201,-1.796010,0.452225,0.064312,,13.000000,,34.808855,4.123711,15.120275,-0.378551,-0.296887,-0.081664,31.119426,13.147694,34.540128,-0.793146,-1.279322,0.091617,0.019269,1.302537,5.000000,,250.833333,35.897436,1.396952,0.899441
2026-03-19T08:45:00Z,0.879280,no_impulse,0,ABBOTINDIA,1h,1.000000,86.904762,4.211538,1.000000,4.211538,0.161705,-0.500602,-1.426364,4.622157,27.000000,129.896907,0.171191,4.000000,34.679435,12.857143,14.583817,1.000000,-0.528895,-0.390744,-0.138150,12.734304,15.545392,27.244128,-1.409079,-2.119970,-3.054263,-0.031444,0.026146,3.689616,2.000000,93.719807,1.844808,3.000000,53.272218,65.217391,31.400966,1.000000,-0.425989,-0.451689,0.025700,18.278712,31.402888,21.206644,0.735018,0.277783,-0.084419,0.727130,0.032601,3.787740,11.000000,153.333333,0.344340,4.000000,39.706632,12.560386,20.491143,1.000000,-0.545895,-0.441269,-0.104626,17.872034,17.691401,27.892342,-1.347610,-1.833719,-2.169943,0.069663,0.030899,2.532833,2.000000,94.405594,1.266417,3.000000,52.743336,69.930070,62.004662,0.000000,-0.206938,-0.291605,0.084667,17.057143,25.894667,22.797737,0.413595,0.423233,0.442884,0.661657,0.025691,2.612827,11.000000,113.492063,0.237530,4.000000,42.642701,26.573427,19.211344,0.000000,-0.424993,-0.324845,-0.100148,18.813192,17.242527,29.667458,-0.589001,-0.669919,-0.692700,0.268170,0.025258,2.356462,7.000000,35.897436,0.336637,3.000000,48.642601,54.335260,50.239719,0.000000,-0.015387,0.181110,-0.196497,17.899768,24.359306,27.739593,-0.234093,0.380454,0.594448,0.441723,0.040075,6.160056,13.000000,116.611296,0.473850,8.000000,39.824971,10.826211,10.751594,0.000000,0.266827,0.691926,-0.425099,19.804808,21.845787,37.767824,-1.554650,-0.541830,-0.397924,0.248114,0.060776,5.577173,4.000000,250.833333,1.394293,1.000000,87.051835,96.977330,96.754407,0.000000,1.557916,0.945726,0.612190,32.917899,46.864152,7.304867,4.267131,5.674505,5.131298,0.985794,0.091753,2.175095,0.000000,55.555556,0.000000,1.000000,4.074703,4.000000,157.664234,1.018676,1.000000,2.519309,0.000000,57.563025,0.000000,7.000000,4.576923,7.000000,160.810811,0.653846,7.000000,2.767390,0.000000,111.278195,0.000000,7.000000,2.550336,7.000000,143.010753,0.364334,7.000000,1.752072,7.000000,105.681818,0.250296,4.000000,1.685824,2.000000,64.705882,0.842912,3.000000,2.539208,26.000000,152.808989,0.097662,4.000000,1.689766,5.000000,86.407767,0.337953,3.000000,1.918063,9.000000,80.468750,0.213118,2.000000,2.441816,7.000000,140.659341,0.348831,7.000000,3.000000,8.000000,61.000000,-1.000000,,,,47.653756,28.714859,21.485944,-0.480465,-0.418574,-0.061891,16.279839,18.909086,14.283647,-0.308201,-1.796010,0.452225,0.064312,,1.000000,,35.439664,19.565217,17.992623,-0.396786,-0.352159,-0.044626,35.643090,11.484389,37.555967,-0.600411,-1.154085,0.218669,0.021214,1.120428,0.123457,,250.833333,35.897436,1.383001,1.612812
2026-03-23T03:45:00Z,0.841473,no_impulse,0,ABBOTINDIA,1h,-1.000000,106.392694,4.299686,9.000000,0.477743,-2.140019,-2.554559,-3.503077,4.211538,1.000000,86.904762,4.211538,3.000000,49.705777,46.118721,24.807673,1.000000,-0.441421,-0.395985,-0.045436,13.861992,35.488597,19.737146,0.161705,-0.500602,-1.426364,0.564425,0.025140,4.622157,27.000000,129.896907,0.171191,4.000000,34.679435,12.857143,14.583817,1.000000,-0.528895,-0.390744,-0.138150,12.734304,15.545392,27.244128,-1.409079,-2.119970,-3.054263,-0.031444,0.026146,3.689616,2.000000,93.719807,1.844808,3.000000,53.272218,65.217391,31.400966,1.000000,-0.425989,-0.451689,0.025700,18.278712,31.402888,21.206644,0.735018,0.277783,-0.084419,0.727130,0.032601,3.787740,11.000000,153.333333,0.344340,4.000000,39.706632,12.560386,20.491143,1.000000,-0.545895,-0.441269,-0.104626,17.872034,17.691401,27.892342,-1.347610,-1.833719,-2.169943,0.069663,0.030899,2.532833,2.000000,94.405594,1.266417,3.000000,52.743336,69.930070,62.004662,0.000000,-0.206938,-0.291605,0.084667,17.057143,25.894667,22.797737,0.413595,0.423233,0.442884,0.661657,0.025691,2.612827,11.000000,113.492063,0.237530,4.000000,42.642701,26.573427,19.211344,0.000000,-0.424993,-0.324845,-0.100148,18.813192,17.242527,29.667458,-0.589001,-0.669919,-0.692700,0.268170,0.025258,2.356462,7.000000,35.897436,0.336637,3.000000,48.642601,54.335260,50.239719,0.000000,-0.015387,0.181110,-0.196497,17.899768,24.359306,27.739593,-0.234093,0.380454,0.594448,0.441723,0.040075,6.160056,13.000000,116.611296,0.473850,8.000000,39.824971,10.826211,10.751594,0.000000,0.266827,0.691926,-0.425099,19.804808,21.845787,37.767824,-1.554650,-0.541830,-0.397924,0.248114,0.060776,5.577173,4.000000,250.833333,1.394293,1.000000,2.175095,0.000000,55.555556,0.000000,1.000000,4.074703,4.000000,157.664234,1.018676,1.000000,2.519309,0.000000,57.563025,0.000000,7.000000,4.576923,7.000000,160.810811,0.653846,7.000000,2.767390,0.000000,111.278195,0.000000,7.000000,2.550336,7.000000,143.010753,0.364334,7.000000,1.752072,7.000000,105.681818,0.250296,4.000000,1.685824,2.000000,64.705882,0.842912,3.000000,2.539208,26.000000,152.808989,0.097662,4.000000,1.689766,5.000000,86.407767,0.337953,3.000000,1.918063,9.000000,80.468750,0.213118,2.000000,4.000000,9.000000,70.000000,-1.000000,,,,34.640722,2.117264,17.171618,-0.855749,-0.522170,-0.333579,16.289928,16.310669,22.719917,-4.659021,-6.445960,-0.086770,0.075866,,5.000000,,36.477137,14.285714,62.786596,0.083536,0.212749,-0.129213,33.852290,19.161783,35.381748,-1.387554,-1.202754,-0.232793,0.018676,1.139730,1.153846,,250.833333,35.897436,1.387144,1.401853
2026-03-23T03:45:00Z,0.862242,no_impulse,0,ABBOTINDIA,1h,1.000000,54.935622,2.468184,0.000000,0.000000,-2.140019,-2.554559,-3.503077,4.299686,9.000000,106.392694,0.477743,4.000000,36.476192,1.287554,45.178043,1.000000,-0.141401,-0.140808,-0.000593,22.440143,22.109873,28.349336,-2.140019,-2.554559,-3.503077,-0.148136,0.032326,4.211538,1.000000,86.904762,4.211538,3.000000,49.705777,46.118721,24.807673,1.000000,-0.441421,-0.395985,-0.045436,13.861992,35.488597,19.737146,0.161705,-0.500602,-1.426364,0.564425,0.025140,4.622157,27.000000,129.896907,0.171191,4.000000,34.679435,12.857143,14.583817,1.000000,-0.528895,-0.390744,-0.138150,12.734304,15.545392,27.244128,-1.409079,-2.119970,-3.054263,-0.031444,0.026146,3.689616,2.000000,93.719807,1.844808,3.000000,53.272218,65.217391,31.400966,1.000000,-0.425989,-0.451689,0.025700,18.278712,31.402888,21.206644,0.735018,0.277783,-0.084419,0.727130,0.032601,3.787740,11.000000,153.333333,0.344340,4.000000,39.706632,12.560386,20.491143,1.000000,-0.545895,-0.441269,-0.104626,17.872034,17.691401,27.892342,-1.347610,-1.833719,-2.169943,0.069663,0.030899,2.532833,2.000000,94.405594,1.266417,3.000000,52.743336,69.930070,62.004662,0.000000,-0.206938,-0.291605,0.084667,17.057143,25.894667,22.797737,0.413595,0.423233,0.442884,0.661657,0.025691,2.612827,11.000000,113.492063,0.237530,4.000000,42.642701,26.573427,19.211344,0.000000,-0.424993,-0.324845,-0.100148,18.813192,17.242527,29.667458,-0.589001,-0.669919,-0.692700,0.268170,0.025258,2.356462,7.000000,35.897436,0.336637,3.000000,48.642601,54.335260,50.239719,0.000000,-0.015387,0.181110,-0.196497,17.899768,24.359306,27.739593,-0.234093,0.380454,0.594448,0.441723,0.040075,6.160056,13.000000,116.611296,0.473850,8.000000,5.577173,4.000000,250.833333,1.394293,1.000000,2.175095,0.000000,55.555556,0.000000,1.000000,4.074703,4.000000,157.664234,1.018676,1.000000,2.519309,0.000000,57.563025,0.000000,7.000000,4.576923,7.000000,160.810811,0.653846,7.000000,2.767390,0.000000,111.278195,0.000000,7.000000,2.550336,7.000000,143.010753,0.364334,7.000000,1.752072,7.000000,105.681818,0.250296,4.000000,1.685824,2.000000,64.705882,0.842912,3.000000,2.539208,26.000000,152.808989,0.097662,4.000000,1.689766,5.000000,86.407767,0.337953,3.000000,4.000000,10.000000,70.000000,-1.000000,,,,34.640722,2.117264,17.171618,-0.855749,-0.522170,-0.333579,16.289928,16.310669,22.719917,-4.659021,-6.445960,-0.086770,0.075866,,0.000000,,36.477137,14.285714,62.786596,0.083536,0.212749,-0.129213,33.852290,19.161783,35.381748,-1.387554,-1.202754,-0.232793,0.018676,0.619367,0.000000,,250.833333,35.897436,1.273322,1.312001
2026-03-24T03:45:00Z,0.822651,no_impulse,0,ABBOTINDIA,1h,-1.000000,190.625000,4.591645,7.000000,0.655949,-1.859948,-3.191778,-4.850794,2.468184,0.000000,54.935622,0.000000,4.000000,36.476192,1.287554,45.178043,0.000000,-0.141401,-0.140808,-0.000593,22.440143,22.109873,28.349336,-2.140019,-2.554559,-3.503077,-0.148136,0.032326,4.299686,9.000000,106.392694,0.477743,4.000000,36.476192,1.287554,45.178043,1.000000,-0.141401,-0.140808,-0.000593,22.440143,22.109873,28.349336,-2.140019,-2.554559,-3.503077,-0.148136,0.032326,4.211538,1.000000,86.904762,4.211538,3.000000,49.705777,46.118721,24.807673,1.000000,-0.441421,-0.395985,-0.045436,13.861992,35.488597,19.737146,0.161705,-0.500602,-1.426364,0.564425,0.025140,4.622157,27.000000,129.896907,0.171191,4.000000,34.679435,12.857143,14.583817,1.000000,-0.528895,-0.390744,-0.138150,12.734304,15.545392,27.244128,-1.409079,-2.119970,-3.054263,-0.031444,0.026146,3.689616,2.000000,93.719807,1.844808,3.000000,53.272218,65.217391,31.400966,1.000000,-0.425989,-0.451689,0.025700,18.278712,31.402888,21.206644,0.735018,0.277783,-0.084419,0.727130,0.032601,3.787740,11.000000,153.333333,0.344340,4.000000,39.706632,12.560386,20.491143,1.000000,-0.545895,-0.441269,-0.104626,17.872034,17.691401,27.892342,-1.347610,-1.833719,-2.169943,0.069663,0.030899,2.532833,2.000000,94.405594,1.266417,3.000000,52.743336,69.930070,62.004662,0.000000,-0.206938,-0.291605,0.084667,17.057143,25.894667,22.797737,0.413595,0.423233,0.442884,0.661657,0.025691,2.612827,11.000000,113.492063,0.237530,4.000000,42.642701,26.573427,19.211344,0.000000,-0.424993,-0.324845,-0.100148,18.813192,17.242527,29.667458,-0.589001,-0.669919,-0.692700,0.268170,0.025258,2.356462,7.000000,35.897436,0.336637,3.000000,6.160056,13.000000,116.611296,0.473850,8.000000,5.577173,4.000000,250.833333,1.394293,1.000000,2.175095,0.000000,55.555556,0.000000,1.000000,4.074703,4.000000,157.664234,1.018676,1.000000,2.519309,0.000000,57.563025,0.000000,7.000000,4.576923,7.000000,160.810811,0.653846,7.000000,2.767390,0.000000,111.278195,0.000000,7.000000,2.550336,7.000000,143.010753,0.364334,7.000000,1.752072,7.000000,105.681818,0.250296,4.000000,1.685824,2.000000,64.705882,0.842912,3.000000,2.539208,26.000000,152.808989,0.097662,4.000000,4.000000,11.000000,77.000000,-1.000000,,,,50.274554,46.178344,25.670156,-0.675389,-0.532317,-0.143072,15.369428,17.857418,19.115584,0.430938,-1.175000,0.557486,0.075288,,3.000000,,42.913254,47.368421,31.104789,-0.612680,-0.761459,0.148778,39.009294,24.455617,18.814225,-0.060089,-1.222724,0.428293,0.008375,1.249730,0.843373,,153.333333,35.897436,1.219806,0.907426
2026-03-25T03:45:00Z,0.879442,no_impulse,0,ABBOTINDIA,1h,1.000000,143.442623,6.903353,7.000000,0.986193,2.753889,2.401362,1.070448,4.591645,7.000000,190.625000,0.655949,4.000000,32.568039,12.323944,6.176108,1.000000,-1.138813,-0.795401,-0.343411,24.003982,22.439347,27.767476,-1.859948,-3.191778,-4.850794,0.259546,0.075939,2.468184,0.000000,54.935622,0.000000,4.000000,36.476192,1.287554,45.178043,0.000000,-0.141401,-0.140808,-0.000593,22.440143,22.109873,28.349336,-2.140019,-2.554559,-3.503077,-0.148136,0.032326,4.299686,9.000000,106.392694,0.477743,4.000000,36.476192,1.287554,45.178043,1.000000,-0.141401,-0.140808,-0.000593,22.440143,22.109873,28.349336,-2.140019,-2.554559,-3.503077,-0.148136,0.032326,4.211538,1.000000,86.904762,4.211538,3.000000,49.705777,46.118721,24.807673,1.000000,-0.441421,-0.395985,-0.045436,13.861992,35.488597,19.737146,0.161705,-0.500602,-1.426364,0.564425,0.025140,4.622157,27.000000,129.896907,0.171191,4.000000,34.679435,12.857143,14.583817,1.000000,-0.528895,-0.390744,-0.138150,12.734304,15.545392,27.244128,-1.409079,-2.119970,-3.054263,-0.031444,0.026146,3.689616,2.000000,93.719807,1.844808,3.000000,53.272218,65.217391,31.400966,1.000000,-0.425989,-0.451689,0.025700,18.278712,31.402888,21.206644,0.735018,0.277783,-0.084419,0.727130,0.032601,3.787740,11.000000,153.333333,0.344340,4.000000,39.706632,12.560386,20.491143,1.000000,-0.545895,-0.441269,-0.104626,17.872034,17.691401,27.892342,-1.347610,-1.833719,-2.169943,0.069663,0.030899,2.532833,2.000000,94.405594,1.266417,3.000000,52.743336,69.930070,62.004662,0.000000,-0.206938,-0.291605,0.084667,17.057143,25.894667,22.797737,0.413595,0.423233,0.442884,0.661657,0.025691,2.612827,11.000000,113.492063,0.237530,4.000000,2.356462,7.000000,35.897436,0.336637,3.000000,6.160056,13.000000,116.611296,0.473850,8.000000,5.577173,4.000000,250.833333,1.394293,1.000000,2.175095,0.000000,55.555556,0.000000,1.000000,4.074703,4.000000,157.664234,1.018676,1.000000,2.519309,0.000000,57.563025,0.000000,7.000000,4.576923,7.000000,160.810811,0.653846,7.000000,2.767390,0.000000,111.278195,0.000000,7.000000,2.550336,7.000000,143.010753,0.364334,7.000000,1.752072,7.000000,105.681818,0.250296,4.000000,1.685824,2.000000,64.705882,0.842912,3.000000,7.000000,12.000000,84.000000,-1.000000,,,,46.663828,46.271930,31.522513,-0.686983,-0.569621,-0.117362,14.313471,17.430921,17.636426,-0.957730,-2.583074,0.373753,0.075142,,7.000000,,73.934813,92.513369,85.977442,1.105508,0.884499,0.221009,42.912506,39.619574,10.927117,2.152595,3.107149,0.852561,0.062399,1.962703,0.909091,,190.625000,35.897436,0.931384,0.907070
2026-03-27T08:45:00Z,0.839364,no_impulse,0,ABBOTINDIA,1h,-1.000000,70.571429,4.557196,12.000000,0.379766,-1.044179,-1.221047,-2.394890,6.903353,7.000000,143.442623,0.986193,7.000000,67.004385,96.285714,91.590188,0.000000,0.307916,-0.300382,0.608298,27.764442,39.161873,13.962381,2.753889,2.401362,1.070448,0.824997,0.087135,4.591645,7.000000,190.625000,0.655949,4.000000,32.568039,12.323944,6.176108,1.000000,-1.138813,-0.795401,-0.343411,24.003982,22.439347,27.767476,-1.859948,-3.191778,-4.850794,0.259546,0.075939,2.468184,0.000000,54.935622,0.000000,4.000000,36.476192,1.287554,45.178043,0.000000,-0.141401,-0.140808,-0.000593,22.440143,22.109873,28.349336,-2.140019,-2.554559,-3.503077,-0.148136,0.032326,4.299686,9.000000,106.392694,0.477743,4.000000,36.476192,1.287554,45.178043,1.000000,-0.141401,-0.140808,-0.000593,22.440143,22.109873,28.349336,-2.140019,-2.554559,-3.503077,-0.148136,0.032326,4.211538,1.000000,86.904762,4.211538,3.000000,49.705777,46.118721,24.807673,1.000000,-0.441421,-0.395985,-0.045436,13.861992,35.488597,19.737146,0.161705,-0.500602,-1.426364,0.564425,0.025140,4.622157,27.000000,129.896907,0.171191,4.000000,34.679435,12.857143,14.583817,1.000000,-0.528895,-0.390744,-0.138150,12.734304,15.545392,27.244128,-1.409079,-2.119970,-3.054263,-0.031444,0.026146,3.689616,2.000000,93.719807,1.844808,3.000000,53.272218,65.217391,31.400966,1.000000,-0.425989,-0.451689,0.025700,18.278712,31.402888,21.206644,0.735018,0.277783,-0.084419,0.727130,0.032601,3.787740,11.000000,153.333333,0.344340,4.000000,39.706632,12.560386,20.491143,1.000000,-0.545895,-0.441269,-0.104626,17.872034,17.691401,27.892342,-1.347610,-1.833719,-2.169943,0.069663,0.030899,2.532833,2.000000,94.405594,1.266417,3.000000,2.612827,11.000000,113.492063,0.237530,4.000000,2.356462,7.000000,35.897436,0.336637,3.000000,6.160056,13.000000,116.611296,0.473850,8.000000,5.577173,4.000000,250.833333,1.394293,1.000000,2.175095,0.000000,55.555556,0.000000,1.000000,4.074703,4.000000,157.664234,1.018676,1.000000,2.519309,0.000000,57.563025,0.000000,7.000000,4.576923,7.000000,160.810811,0.653846,7.000000,2.767390,0.000000,111.278195,0.000000,7.000000,2.550336,7.000000,143.010753,0.364334,7.000000,1.752072,7.000000,105.681818,0.250296,4.000000,2.000000,1.000000,12.000000,-1.000000,,,,44.320657,38.957816,43.802697,-0.769762,-0.614357,-0.155405,14.120169,16.275576,20.550009,-1.810177,-3.500000,0.269765,0.077225,,3.000000,,39.935963,37.777778,54.697856,-0.265812,-0.303807,0.037996,21.823557,15.060354,19.339418,-0.328369,-0.576577,0.048509,0.007249,1.147342,1.558442,,190.625000,54.935622,1.327402,1.063182
2026-03-27T09:45:00Z,0.859971,no_impulse,0,ABBOTINDIA,1h,1.000000,51.417004,2.455055,1.000000,2.455055,-0.543535,-0.746377,-1.926174,4.557196,12.000000,70.571429,0.379766,2.000000,42.363030,18.218623,16.239541,0.000000,-0.065048,0.143384,-0.208433,20.650713,18.676420,28.300805,-1.044179,-1.221047,-2.394890,0.333716,0.062146,6.903353,7.000000,143.442623,0.986193,7.000000,67.004385,96.285714,91.590188,0.000000,0.307916,-0.300382,0.608298,27.764442,39.161873,13.962381,2.753889,2.401362,1.070448,0.824997,0.087135,4.591645,7.000000,190.625000,0.655949,4.000000,32.568039,12.323944,6.176108,1.000000,-1.138813,-0.795401,-0.343411,24.003982,22.439347,27.767476,-1.859948,-3.191778,-4.850794,0.259546,0.075939,2.468184,0.000000,54.935622,0.000000,4.000000,36.476192,1.287554,45.178043,0.000000,-0.141401,-0.140808,-0.000593,22.440143,22.109873,28.349336,-2.140019,-2.554559,-3.503077,-0.148136,0.032326,4.299686,9.000000,106.392694,0.477743,4.000000,36.476192,1.287554,45.178043,1.000000,-0.141401,-0.140808,-0.000593,22.440143,22.109873,28.349336,-2.140019,-2.554559,-3.503077,-0.148136,0.032326,4.211538,1.000000,86.904762,4.211538,3.000000,49.705777,46.118721,24.807673,1.000000,-0.441421,-0.395985,-0.045436,13.861992,35.488597,19.737146,0.161705,-0.500602,-1.426364,0.564425,0.025140,4.622157,27.000000,129.896907,0.171191,4.000000,34.679435,12.857143,14.583817,1.000000,-0.528895,-0.390744,-0.138150,12.734304,15.545392,27.244128,-1.409079,-2.119970,-3.054263,-0.031444,0.026146,3.689616,2.000000,93.719807,1.844808,3.000000,53.272218,65.217391,31.400966,1.000000,-0.425989,-0.451689,0.025700,18.278712,31.402888,21.206644,0.735018,0.277783,-0.084419,0.727130,0.032601,3.787740,11.000000,153.333333,0.344340,4.000000,2.532833,2.000000,94.405594,1.266417,3.000000,2.612827,11.000000,113.492063,0.237530,4.000000,2.356462,7.000000,35.897436,0.336637,3.000000,6.160056,13.000000,116.611296,0.473850,8.000000,5.577173,4.000000,250.833333,1.394293,1.000000,2.175095,0.000000,55.555556,0.000000,1.000000,4.074703,4.000000,157.664234,1.018676,1.000000,2.519309,0.000000,57.563025,0.000000,7.000000,4.576923,7.000000,160.810811,0.653846,7.000000,2.767390,0.000000,111.278195,0.000000,7.000000,2.550336,7.000000,143.010753,0.364334,7.000000,3.000000,1.000000,13.000000,-1.000000,,,,44.320657,38.957816,43.802697,-0.769762,-0.614357,-0.155405,14.120169,16.275576,20.550009,-1.810177,-3.500000,0.269765,0.077225,,1.000000,,43.455893,53.543307,32.733809,-0.324128,-0.313681,-0.010448,23.336885,21.592981,24.553540,-0.236820,-0.583417,0.296348,0.011601,0.589252,0.128205,,190.625000,54.935622,1.246113,1.462027
2026-03-30T05:45:00Z,0.834658,no_impulse,0,ABBOTINDIA,1h,-1.000000,122.834646,2.943396,3.000000,0.981132,-1.293650,-1.753562,-3.088636,2.455055,1.000000,51.417004,2.455055,3.000000,45.828208,27.530364,20.749663,0.000000,-0.103202,0.093564,-0.196766,19.626626,21.946130,24.904005,-0.543535,-0.746377,-1.926174,0.400297,0.054220,4.557196,12.000000,70.571429,0.379766,2.000000,42.363030,18.218623,16.239541,0.000000,-0.065048,0.143384,-0.208433,20.650713,18.676420,28.300805,-1.044179,-1.221047,-2.394890,0.333716,0.062146,6.903353,7.000000,143.442623,0.986193,7.000000,67.004385,96.285714,91.590188,0.000000,0.307916,-0.300382,0.608298,27.764442,39.161873,13.962381,2.753889,2.401362,1.070448,0.824997,0.087135,4.591645,7.000000,190.625000,0.655949,4.000000,32.568039,12.323944,6.176108,1.000000,-1.138813,-0.795401,-0.343411,24.003982,22.439347,27.767476,-1.859948,-3.191778,-4.850794,0.259546,0.075939,2.468184,0.000000,54.935622,0.000000,4.000000,36.476192,1.287554,45.178043,0.000000,-0.141401,-0.140808,-0.000593,22.440143,22.109873,28.349336,-2.140019,-2.554559,-3.503077,-0.148136,0.032326,4.299686,9.000000,106.392694,0.477743,4.000000,36.476192,1.287554,45.178043,1.000000,-0.141401,-0.140808,-0.000593,22.440143,22.109873,28.349336,-2.140019,-2.554559,-3.503077,-0.148136,0.032326,4.211538,1.000000,86.904762,4.211538,3.000000,49.705777,46.118721,24.807673,1.000000,-0.441421,-0.395985,-0.045436,13.861992,35.488597,19.737146,0.161705,-0.500602,-1.426364,0.564425,0.025140,4.622157,27.000000,129.896907,0.171191,4.000000,34.679435,12.857143,14.583817,1.000000,-0.528895,-0.390744,-0.138150,12.734304,15.545392,27.244128,-1.409079,-2.119970,-3.054263,-0.031444,0.026146,3.689616,2.000000,93.719807,1.844808,3.000000,3.787740,11.000000,153.333333,0.344340,4.000000,2.532833,2.000000,94.405594,1.266417,3.000000,2.612827,11.000000,113.492063,0.237530,4.000000,2.356462,7.000000,35.897436,0.336637,3.000000,6.160056,13.000000,116.611296,0.473850,8.000000,5.577173,4.000000,250.833333,1.394293,1.000000,2.175095,0.000000,55.555556,0.000000,1.000000,4.074703,4.000000,157.664234,1.018676,1.000000,2.519309,0.000000,57.563025,0.000000,7.000000,4.576923,7.000000,160.810811,0.653846,7.000000,2.767390,0.000000,111.278195,0.000000,7.000000,4.000000,2.000000,16.000000,-1.000000,,,,42.450204,28.039702,37.756483,-0.894969,-0.674651,-0.220318,14.187787,15.505634,21.006912,-2.419761,-4.206930,0.208948,0.081174,,0.000000,,28.871468,2.797203,2.334309,-0.587906,-0.507091,-0.080815,27.549175,18.435467,27.599527,-0.861432,-1.576721,0.208798,0.029329,0.707782,0.389610,,190.625000,51.417004,1.257631,1.225017
2026-04-02T05:45:00Z,0.861593,no_impulse,0,ABBOTINDIA,1h,1.000000,106.410256,3.227061,14.000000,0.230504,0.684977,0.576411,-0.620347,2.943396,3.000000,122.834646,0.981132,4.000000,39.817176,13.414634,7.089334,0.000000,-0.423194,-0.123543,-0.299651,19.255988,18.144165,27.165913,-1.293650,-1.753562,-3.088636,0.277437,0.057383,2.455055,1.000000,51.417004,2.455055,3.000000,45.828208,27.530364,20.749663,0.000000,-0.103202,0.093564,-0.196766,19.626626,21.946130,24.904005,-0.543535,-0.746377,-1.926174,0.400297,0.054220,4.557196,12.000000,70.571429,0.379766,2.000000,42.363030,18.218623,16.239541,0.000000,-0.065048,0.143384,-0.208433,20.650713,18.676420,28.300805,-1.044179,-1.221047,-2.394890,0.333716,0.062146,6.903353,7.000000,143.442623,0.986193,7.000000,67.004385,96.285714,91.590188,0.000000,0.307916,-0.300382,0.608298,27.764442,39.161873,13.962381,2.753889,2.401362,1.070448,0.824997,0.087135,4.591645,7.000000,190.625000,0.655949,4.000000,32.568039,12.323944,6.176108,1.000000,-1.138813,-0.795401,-0.343411,24.003982,22.439347,27.767476,-1.859948,-3.191778,-4.850794,0.259546,0.075939,2.468184,0.000000,54.935622,0.000000,4.000000,36.476192,1.287554,45.178043,0.000000,-0.141401,-0.140808,-0.000593,22.440143,22.109873,28.349336,-2.140019,-2.554559,-3.503077,-0.148136,0.032326,4.299686,9.000000,106.392694,0.477743,4.000000,36.476192,1.287554,45.178043,1.000000,-0.141401,-0.140808,-0.000593,22.440143,22.109873,28.349336,-2.140019,-2.554559,-3.503077,-0.148136,0.032326,4.211538,1.000000,86.904762,4.211538,3.000000,49.705777,46.118721,24.807673,1.000000,-0.441421,-0.395985,-0.045436,13.861992,35.488597,19.737146,0.161705,-0.500602,-1.426364,0.564425,0.025140,4.622157,27.000000,129.896907,0.171191,4.000000,3.689616,2.000000,93.719807,1.844808,3.000000,3.787740,11.000000,153.333333,0.344340,4.000000,2.532833,2.000000,94.405594,1.266417,3.000000,2.612827,11.000000,113.492063,0.237530,4.000000,2.356462,7.000000,35.897436,0.336637,3.000000,6.160056,13.000000,116.611296,0.473850,8.000000,5.577173,4.000000,250.833333,1.394293,1.000000,2.175095,0.000000,55.555556,0.000000,1.000000,4.074703,4.000000,157.664234,1.018676,1.000000,2.519309,0.000000,57.563025,0.000000,7.000000,4.576923,7.000000,160.810811,0.653846,7.000000,7.000000,3.000000,30.000000,-1.000000,,,,46.658502,48.952880,44.904700,-0.769916,-0.705999,-0.063918,12.845118,16.988090,18.567097,-0.867832,-2.558757,0.395760,0.082537,,7.000000,,55.489448,71.153846,55.128205,-0.038220,-0.000001,-0.038219,20.967950,24.188154,23.315289,0.316290,0.392771,0.653169,0.020715,0.792076,2.028986,,190.625000,51.417004,1.312447,0.712993
2026-04-07T07:45:00Z,0.830764,no_impulse,0,ABBOTINDIA,1h,-1.000000,114.457831,3.578154,16.000000,0.223635,-1.266120,-1.910655,-3.440435,3.227061,14.000000,106.410256,0.230504,7.000000,54.968453,88.194444,67.550759,0.000000,0.110711,0.002912,0.107799,13.976906,27.584518,25.423305,0.684977,0.576411,-0.620347,0.692672,0.035797,2.943396,3.000000,122.834646,0.981132,4.000000,39.817176,13.414634,7.089334,0.000000,-0.423194,-0.123543,-0.299651,19.255988,18.144165,27.165913,-1.293650,-1.753562,-3.088636,0.277437,0.057383,2.455055,1.000000,51.417004,2.455055,3.000000,45.828208,27.530364,20.749663,0.000000,-0.103202,0.093564,-0.196766,19.626626,21.946130,24.904005,-0.543535,-0.746377,-1.926174,0.400297,0.054220,4.557196,12.000000,70.571429,0.379766,2.000000,42.363030,18.218623,16.239541,0.000000,-0.065048,0.143384,-0.208433,20.650713,18.676420,28.300805,-1.044179,-1.221047,-2.394890,0.333716,0.062146,6.903353,7.000000,143.442623,0.986193,7.000000,67.004385,96.285714,91.590188,0.000000,0.307916,-0.300382,0.608298,27.764442,39.161873,13.962381,2.753889,2.401362,1.070448,0.824997,0.087135,4.591645,7.000000,190.625000,0.655949,4.000000,32.568039,12.323944,6.176108,1.000000,-1.138813,-0.795401,-0.343411,24.003982,22.439347,27.767476,-1.859948,-3.191778,-4.850794,0.259546,0.075939,2.468184,0.000000,54.935622,0.000000,4.000000,36.476192,1.287554,45.178043,0.000000,-0.141401,-0.140808,-0.000593,22.440143,22.109873,28.349336,-2.140019,-2.554559,-3.503077,-0.148136,0.032326,4.299686,9.000000,106.392694,0.477743,4.000000,36.476192,1.287554,45.178043,1.000000,-0.141401,-0.140808,-0.000593,22.440143,22.109873,28.349336,-2.140019,-2.554559,-3.503077,-0.148136,0.032326,4.211538,1.000000,86.904762,4.211538,3.000000,4.622157,27.000000,129.896907,0.171191,4.000000,3.689616,2.000000,93.719807,1.844808,3.000000,3.787740,11.000000,153.333333,0.344340,4.000000,2.532833,2.000000,94.405594,1.266417,3.000000,2.612827,11.000000,113.492063,0.237530,4.000000,2.356462,7.000000,35.897436,0.336637,3.000000,6.160056,13.000000,116.611296,0.473850,8.000000,5.577173,4.000000,250.833333,1.394293,1.000000,2.175095,0.000000,55.555556,0.000000,1.000000,4.074703,4.000000,157.664234,1.018676,1.000000,2.519309,0.000000,57.563025,0.000000,7.000000,4.000000,4.000000,16.000000,-1.000000,,,,43.624923,29.428571,25.320868,-1.047482,-0.851518,-0.195964,12.425336,16.153314,19.381027,-1.798246,-3.721465,0.252103,0.071259,,7.000000,,32.756083,18.181818,17.380867,-0.322463,-0.278720,-0.043743,28.205361,10.773768,27.660238,-0.461774,-0.976222,0.253695,0.018662,0.888336,1.975309,,190.625000,51.417004,1.335456,0.537342
2026-04-08T03:45:00Z,0.851371,no_impulse,0,ABBOTINDIA,1h,1.000000,66.842105,2.480469,3.000000,0.826823,0.747746,0.125515,-1.423671,3.578154,16.000000,114.457831,0.223635,4.000000,33.203384,5.952381,6.406211,1.000000,-0.553000,-0.383227,-0.169773,16.061875,16.954801,30.061626,-1.266120,-1.910655,-3.440435,0.168187,0.037681,3.227061,14.000000,106.410256,0.230504,7.000000,54.968453,88.194444,67.550759,0.000000,0.110711,0.002912,0.107799,13.976906,27.584518,25.423305,0.684977,0.576411,-0.620347,0.692672,0.035797,2.943396,3.000000,122.834646,0.981132,4.000000,39.817176,13.414634,7.089334,0.000000,-0.423194,-0.123543,-0.299651,19.255988,18.144165,27.165913,-1.293650,-1.753562,-3.088636,0.277437,0.057383,2.455055,1.000000,51.417004,2.455055,3.000000,45.828208,27.530364,20.749663,0.000000,-0.103202,0.093564,-0.196766,19.626626,21.946130,24.904005,-0.543535,-0.746377,-1.926174,0.400297,0.054220,4.557196,12.000000,70.571429,0.379766,2.000000,42.363030,18.218623,16.239541,0.000000,-0.065048,0.143384,-0.208433,20.650713,18.676420,28.300805,-1.044179,-1.221047,-2.394890,0.333716,0.062146,6.903353,7.000000,143.442623,0.986193,7.000000,67.004385,96.285714,91.590188,0.000000,0.307916,-0.300382,0.608298,27.764442,39.161873,13.962381,2.753889,2.401362,1.070448,0.824997,0.087135,4.591645,7.000000,190.625000,0.655949,4.000000,32.568039,12.323944,6.176108,1.000000,-1.138813,-0.795401,-0.343411,24.003982,22.439347,27.767476,-1.859948,-3.191778,-4.850794,0.259546,0.075939,2.468184,0.000000,54.935622,0.000000,4.000000,36.476192,1.287554,45.178043,0.000000,-0.141401,-0.140808,-0.000593,22.440143,22.109873,28.349336,-2.140019,-2.554559,-3.503077,-0.148136,0.032326,4.299686,9.000000,106.392694,0.477743,4.000000,4.211538,1.000000,86.904762,4.211538,3.000000,4.622157,27.000000,129.896907,0.171191,4.000000,3.689616,2.000000,93.719807,1.844808,3.000000,3.787740,11.000000,153.333333,0.344340,4.000000,2.532833,2.000000,94.405594,1.266417,3.000000,2.612827,11.000000,113.492063,0.237530,4.000000,2.356462,7.000000,35.897436,0.336637,3.000000,6.160056,13.000000,116.611296,0.473850,8.000000,5.577173,4.000000,250.833333,1.394293,1.000000,2.175095,0.000000,55.555556,0.000000,1.000000,4.074703,4.000000,157.664234,1.018676,1.000000,3.000000,5.000000,19.000000,-1.000000,,,,43.624923,29.428571,25.320868,-1.047482,-0.851518,-0.195964,12.425336,16.153314,19.381027,-1.798246,-3.721465,0.252103,0.071259,,1.000000,,67.764769,78.431373,65.995134,-0.136623,-0.252733,0.116109,34.861933,38.671198,18.254998,0.909952,0.483666,1.071835,0.016059,0.632204,0.428571,,190.625000,51.417004,1.324603,0.700553
2026-04-13T03:45:00Z,0.821353,no_impulse,0,ABBOTINDIA,1h,-1.000000,145.669291,3.525824,21.000000,0.167896,-0.347468,-0.809751,-2.514230,2.480469,3.000000,66.842105,0.826823,3.000000,55.340707,85.039370,35.886139,1.000000,-0.428333,-0.440048,0.011715,17.738677,32.816515,23.855203,0.747746,0.125515,-1.423671,0.704991,0.036752,3.578154,16.000000,114.457831,0.223635,4.000000,33.203384,5.952381,6.406211,1.000000,-0.553000,-0.383227,-0.169773,16.061875,16.954801,30.061626,-1.266120,-1.910655,-3.440435,0.168187,0.037681,3.227061,14.000000,106.410256,0.230504,7.000000,54.968453,88.194444,67.550759,0.000000,0.110711,0.002912,0.107799,13.976906,27.584518,25.423305,0.684977,0.576411,-0.620347,0.692672,0.035797,2.943396,3.000000,122.834646,0.981132,4.000000,39.817176,13.414634,7.089334,0.000000,-0.423194,-0.123543,-0.299651,19.255988,18.144165,27.165913,-1.293650,-1.753562,-3.088636,0.277437,0.057383,2.455055,1.000000,51.417004,2.455055,3.000000,45.828208,27.530364,20.749663,0.000000,-0.103202,0.093564,-0.196766,19.626626,21.946130,24.904005,-0.543535,-0.746377,-1.926174,0.400297,0.054220,4.557196,12.000000,70.571429,0.379766,2.000000,42.363030,18.218623,16.239541,0.000000,-0.065048,0.143384,-0.208433,20.650713,18.676420,28.300805,-1.044179,-1.221047,-2.394890,0.333716,0.062146,6.903353,7.000000,143.442623,0.986193,7.000000,67.004385,96.285714,91.590188,0.000000,0.307916,-0.300382,0.608298,27.764442,39.161873,13.962381,2.753889,2.401362,1.070448,0.824997,0.087135,4.591645,7.000000,190.625000,0.655949,4.000000,32.568039,12.323944,6.176108,1.000000,-1.138813,-0.795401,-0.343411,24.003982,22.439347,27.767476,-1.859948,-3.191778,-4.850794,0.259546,0.075939,2.468184,0.000000,54.935622,0.000000,4.000000,4.299686,9.000000,106.392694,0.477743,4.000000,4.211538,1.000000,86.904762,4.211538,3.000000,4.622157,27.000000,129.896907,0.171191,4.000000,3.689616,2.000000,93.719807,1.844808,3.000000,3.787740,11.000000,153.333333,0.344340,4.000000,2.532833,2.000000,94.405594,1.266417,3.000000,2.612827,11.000000,113.492063,0.237530,4.000000,2.356462,7.000000,35.897436,0.336637,3.000000,6.160056,13.000000,116.611296,0.473850,8.000000,5.577173,4.000000,250.833333,1.394293,1.000000,2.175095,0.000000,55.555556,0.000000,1.000000,4.000000,6.000000,40.000000,-1.000000,,,,43.624923,29.428571,25.320868,-1.047482,-0.851518,-0.195964,12.425336,16.153314,19.381027,-1.798246,-3.721465,0.252103,0.071259,,5.000000,,30.106551,49.074074,61.913580,-0.098622,-0.062207,-0.036415,19.957162,9.161708,37.685377,-0.752276,-0.886025,-0.286787,0.009490,0.940115,2.916667,,190.625000,51.417004,1.394074,0.932705
2026-04-13T04:45:00Z,0.840337,no_impulse,0,ABBOTINDIA,1h,1.000000,63.243243,2.311339,1.000000,2.311339,-0.085640,-0.533978,-2.233510,3.525824,21.000000,145.669291,0.167896,4.000000,41.314163,64.393939,46.811869,0.000000,-0.180560,-0.198518,0.017957,18.904208,18.734064,31.442334,-0.347468,-0.809751,-2.514230,-0.007549,0.006822,2.480469,3.000000,66.842105,0.826823,3.000000,55.340707,85.039370,35.886139,1.000000,-0.428333,-0.440048,0.011715,17.738677,32.816515,23.855203,0.747746,0.125515,-1.423671,0.704991,0.036752,3.578154,16.000000,114.457831,0.223635,4.000000,33.203384,5.952381,6.406211,1.000000,-0.553000,-0.383227,-0.169773,16.061875,16.954801,30.061626,-1.266120,-1.910655,-3.440435,0.168187,0.037681,3.227061,14.000000,106.410256,0.230504,7.000000,54.968453,88.194444,67.550759,0.000000,0.110711,0.002912,0.107799,13.976906,27.584518,25.423305,0.684977,0.576411,-0.620347,0.692672,0.035797,2.943396,3.000000,122.834646,0.981132,4.000000,39.817176,13.414634,7.089334,0.000000,-0.423194,-0.123543,-0.299651,19.255988,18.144165,27.165913,-1.293650,-1.753562,-3.088636,0.277437,0.057383,2.455055,1.000000,51.417004,2.455055,3.000000,45.828208,27.530364,20.749663,0.000000,-0.103202,0.093564,-0.196766,19.626626,21.946130,24.904005,-0.543535,-0.746377,-1.926174,0.400297,0.054220,4.557196,12.000000,70.571429,0.379766,2.000000,42.363030,18.218623,16.239541,0.000000,-0.065048,0.143384,-0.208433,20.650713,18.676420,28.300805,-1.044179,-1.221047,-2.394890,0.333716,0.062146,6.903353,7.000000,143.442623,0.986193,7.000000,67.004385,96.285714,91.590188,0.000000,0.307916,-0.300382,0.608298,27.764442,39.161873,13.962381,2.753889,2.401362,1.070448,0.824997,0.087135,4.591645,7.000000,190.625000,0.655949,4.000000,2.468184,0.000000,54.935622,0.000000,4.000000,4.299686,9.000000,106.392694,0.477743,4.000000,4.211538,1.000000,86.904762,4.211538,3.000000,4.622157,27.000000,129.896907,0.171191,4.000000,3.689616,2.000000,93.719807,1.844808,3.000000,3.787740,11.000000,153.333333,0.344340,4.000000,2.532833,2.000000,94.405594,1.266417,3.000000,2.612827,11.000000,113.492063,0.237530,4.000000,2.356462,7.000000,35.897436,0.336637,3.000000,6.160056,13.000000,116.611296,0.473850,8.000000,5.577173,4.000000,250.833333,1.394293,1.000000,3.000000,7.000000,41.000000,-1.000000,,,,43.624923,29.428571,25.320868,-1.047482,-0.851518,-0.195964,12.425336,16.153314,19.381027,-1.798246,-3.721465,0.252103,0.071259,,0.000000,,48.289230,81.132075,77.672956,-0.107685,-0.096825,-0.010860,24.620532,16.847233,29.528246,-0.021615,-0.179952,0.478274,0.009947,0.629273,0.119048,,190.625000,51.417004,1.381619,1.111174
