timestamp,price,label,direction,symbol,timeframe,curr_direction,curr_retrace_pct,curr_leg_size_pct,curr_leg_duration,curr_leg_speed,curr_ema20_dist,curr_ema50_dist,curr_ema200_dist,p1_leg_size_pct,p1_leg_duration,p1_retrace_pct,p1_leg_speed,p1_trend_state,p1_rsi,p1_stoch_k,p1_stoch_d,p1_stoch_cross,p1_macd_line,p1_macd_signal,p1_macd_hist,p1_adx,p1_plus_di,p1_minus_di,p1_ema20_dist,p1_ema50_dist,p1_ema200_dist,p1_bb_position,p1_bb_bandwidth,p2_leg_size_pct,p2_leg_duration,p2_retrace_pct,p2_leg_speed,p2_trend_state,p2_rsi,p2_stoch_k,p2_stoch_d,p2_stoch_cross,p2_macd_line,p2_macd_signal,p2_macd_hist,p2_adx,p2_plus_di,p2_minus_di,p2_ema20_dist,p2_ema50_dist,p2_ema200_dist,p2_bb_position,p2_bb_bandwidth,p3_leg_size_pct,p3_leg_duration,p3_retrace_pct,p3_leg_speed,p3_trend_state,p3_rsi,p3_stoch_k,p3_stoch_d,p3_stoch_cross,p3_macd_line,p3_macd_signal,p3_macd_hist,p3_adx,p3_plus_di,p3_minus_di,p3_ema20_dist,p3_ema50_dist,p3_ema200_dist,p3_bb_position,p3_bb_bandwidth,p4_leg_size_pct,p4_leg_duration,p4_retrace_pct,p4_leg_speed,p4_trend_state,p4_rsi,p4_stoch_k,p4_stoch_d,p4_stoch_cross,p4_macd_line,p4_macd_signal,p4_macd_hist,p4_adx,p4_plus_di,p4_minus_di,p4_ema20_dist,p4_ema50_dist,p4_ema200_dist,p4_bb_position,p4_bb_bandwidth,p5_leg_size_pct,p5_leg_duration,p5_retrace_pct,p5_leg_speed,p5_trend_state,p5_rsi,p5_stoch_k,p5_stoch_d,p5_stoch_cross,p5_macd_line,p5_macd_signal,p5_macd_hist,p5_adx,p5_plus_di,p5_minus_di,p5_ema20_dist,p5_ema50_dist,p5_ema200_dist,p5_bb_position,p5_bb_bandwidth,p6_leg_size_pct,p6_leg_duration,p6_retrace_pct,p6_leg_speed,p6_trend_state,p6_rsi,p6_stoch_k,p6_stoch_d,p6_stoch_cross,p6_macd_line,p6_macd_signal,p6_macd_hist,p6_adx,p6_plus_di,p6_minus_di,p6_ema20_dist,p6_ema50_dist,p6_ema200_dist,p6_bb_position,p6_bb_bandwidth,p7_leg_size_pct,p7_leg_duration,p7_retrace_pct,p7_leg_speed,p7_trend_state,p7_rsi,p7_stoch_k,p7_stoch_d,p7_stoch_cross,p7_macd_line,p7_macd_signal,p7_macd_hist,p7_adx,p7_plus_di,p7_minus_di,p7_ema20_dist,p7_ema50_dist,p7_ema200_dist,p7_bb_position,p7_bb_bandwidth,p8_leg_size_pct,p8_leg_duration,p8_retrace_pct,p8_leg_speed,p8_trend_state,p8_rsi,p8_stoch_k,p8_stoch_d,p8_stoch_cross,p8_macd_line,p8_macd_signal,p8_macd_hist,p8_adx,p8_plus_di,p8_minus_di,p8_ema20_dist,p8_ema50_dist,p8_ema200_dist,p8_bb_position,p8_bb_bandwidth,p9_leg_size_pct,p9_leg_duration,p9_retrace_pct,p9_leg_speed,p9_trend_state,p10_leg_size_pct,p10_leg_duration,p10_retrace_pct,p10_leg_speed,p10_trend_state,p11_leg_size_pct,p11_leg_duration,p11_retrace_pct,p11_leg_speed,p11_trend_state,p12_leg_size_pct,p12_leg_duration,p12_retrace_pct,p12_leg_speed,p12_trend_state,p13_leg_size_pct,p13_leg_duration,p13_retrace_pct,p13_leg_speed,p13_trend_state,p14_leg_size_pct,p14_leg_duration,p14_retrace_pct,p14_leg_speed,p14_trend_state,p15_leg_size_pct,p15_leg_duration,p15_retrace_pct,p15_leg_speed,p15_trend_state,p16_leg_size_pct,p16_leg_duration,p16_retrace_pct,p16_leg_speed,p16_trend_state,p17_leg_size_pct,p17_leg_duration,p17_retrace_pct,p17_leg_speed,p17_trend_state,p18_leg_size_pct,p18_leg_duration,p18_retrace_pct,p18_leg_speed,p18_trend_state,p19_leg_size_pct,p19_leg_duration,p19_retrace_pct,p19_leg_speed,p19_trend_state,p20_leg_size_pct,p20_leg_duration,p20_retrace_pct,p20_leg_speed,p20_trend_state,mkt_trend_state,mkt_trend_streak,mkt_bars_since_reversal,mkt_last_break_type,htf_trend_state,htf_retrace_pct,htf_pivot_dist_pct,htf_rsi,htf_stoch_k,htf_stoch_d,htf_macd_line,htf_macd_signal,htf_macd_hist,htf_adx,htf_plus_di,htf_minus_di,htf_ema20_dist,htf_ema50_dist,htf_bb_position,htf_bb_bandwidth,ltf_trend_state,ltf_zigzag_count,ltf_trend_reversal_flag,ltf_rsi,ltf_stoch_k,ltf_stoch_d,ltf_macd_line,ltf_macd_signal,ltf_macd_hist,ltf_adx,ltf_plus_di,ltf_minus_di,ltf_ema20_dist,ltf_ema50_dist,ltf_bb_position,ltf_bb_bandwidth,leg_size_vs_avg,leg_duration_vs_avg,bars_since_large_leg,max_retrace_last10,min_retrace_last10,leg_size_stddev,legs_contracting
2022-04-26T18:30:00Z,1.000000,no_impulse,0,ADANIENT,1d,1.000000,,0.000000,0.000000,0.000000,7.281863,14.900191,29.027123,,,,,,,,,,,,,,,,,,,,,,,,,,,,,,,,,,,,,,,,,,,,,,,,,,,,,,,,,,,,,,,,,,,,,,,,,,,,,,,,,,,,,,,,,,,,,,,,,,,,,,,,,,,,,,,,,,,,,,,,,,,,,,,,,,,,,,,,,,,,,,,,,,,,,,,,,,,,,,,,,,,,,,,,,,,,,,,,,,,,,,,,,,,,,,,,,,,,,,,,,,,,,,,,,,,,,,,,,,,,,0.000000,1.000000,,-1.000000,,,,0.000000,54.804270,54.804270,0.000000,0.000000,0.000000,0.000000,0.000000,0.000000,0.000000,0.000000,0.500000,0.000000,,0.000000,,0.000000,53.918495,53.918495,0.000000,0.000000,0.000000,0.000000,0.000000,0.000000,0.000000,0.000000,0.500000,0.000000,0.000000,0.000000,,,,0.000000,
2022-05-11T18:30:00Z,0.830685,no_impulse,0,ADANIENT,1d,-1.000000,,16.931533,10.000000,1.693153,-6.888964,-0.827007,16.356642,0.000000,0.000000,,0.000000,0.000000,70.470905,74.438373,87.044055,0.000000,5.341122,5.027016,0.314107,46.231086,35.812832,7.858779,7.281863,14.900191,29.027123,0.864282,0.215596,,,,,,,,,,,,,,,,,,,,,,,,,,,,,,,,,,,,,,,,,,,,,,,,,,,,,,,,,,,,,,,,,,,,,,,,,,,,,,,,,,,,,,,,,,,,,,,,,,,,,,,,,,,,,,,,,,,,,,,,,,,,,,,,,,,,,,,,,,,,,,,,,,,,,,,,,,,,,,,,,,,,,,,,,,,,,,,,,,,,,,,,,,,,,,,,,,,,,,,,,0.000000,2.000000,,-1.000000,,,,0.000000,54.804270,54.804270,0.000000,0.000000,0.000000,0.000000,0.000000,0.000000,0.000000,0.000000,0.500000,0.000000,,0.000000,,0.000000,53.918495,53.918495,0.000000,0.000000,0.000000,0.000000,0.000000,0.000000,0.000000,0.000000,0.500000,0.000000,1.000000,1.000000,,,,0.000000,
2022-05-22T18:30:00Z,0.927315,no_impulse,0,ADANIENT,1d,1.000000,57.070961,11.632559,7.000000,1.661794,0.029965,4.009203,19.827834,16.931533,10.000000,,1.693153,0.000000,39.700068,8.329139,8.107324,1.000000,1.362425,3.547257,-2.184832,35.636655,15.662201,27.400989,-6.888964,-0.827007,16.356642,0.105389,0.163325,0.000000,0.000000,,0.000000,0.000000,70.470905,74.438373,87.044055,0.000000,5.341122,5.027016,0.314107,46.231086,35.812832,7.858779,7.281863,14.900191,29.027123,0.864282,0.215596,,,,,,,,,,,,,,,,,,,,,,,,,,,,,,,,,,,,,,,,,,,,,,,,,,,,,,,,,,,,,,,,,,,,,,,,,,,,,,,,,,,,,,,,,,,,,,,,,,,,,,,,,,,,,,,,,,,,,,,,,,,,,,,,,,,,,,,,,,,,,,,,,,,,,,,,,,,,,,,,,,,,,,,,,,,,,,,,,,,,,3.000000,1.000000,,-1.000000,,,,0.000000,54.804270,54.804270,0.000000,0.000000,0.000000,0.000000,0.000000,0.000000,0.000000,0.000000,0.500000,0.000000,,0.000000,,0.000000,53.918495,53.918495,0.000000,0.000000,0.000000,0.000000,0.000000,0.000000,0.000000,0.000000,0.500000,0.000000,1.374070,1.400000,,,,11.972401,
2022-05-25T18:30:00Z,0.787355,no_impulse,0,ADANIENT,1d,-1.000000,144.841270,15.093039,3.000000,5.031013,-5.021280,-1.863001,14.452754,11.632559,7.000000,57.070961,1.661794,3.000000,51.138510,45.353269,43.887510,0.000000,0.434869,1.042775,-0.607906,24.829524,22.792324,21.234693,0.029965,4.009203,19.827834,0.501576,0.190188,16.931533,10.000000,,1.693153,0.000000,39.700068,8.329139,8.107324,1.000000,1.362425,3.547257,-2.184832,35.636655,15.662201,27.400989,-6.888964,-0.827007,16.356642,0.105389,0.163325,0.000000,0.000000,,0.000000,0.000000,70.470905,74.438373,87.044055,0.000000,5.341122,5.027016,0.314107,46.231086,35.812832,7.858779,7.281863,14.900191,29.027123,0.864282,0.215596,,,,,,,,,,,,,,,,,,,,,,,,,,,,,,,,,,,,,,,,,,,,,,,,,,,,,,,,,,,,,,,,,,,,,,,,,,,,,,,,,,,,,,,,,,,,,,,,,,,,,,,,,,,,,,,,,,,,,,,,,,,,,,,,,,,,,,,,,,,,,,,,,,,,,,,,,,,,,,,,,4.000000,2.000000,,-1.000000,,,,0.000000,54.804270,54.804270,0.000000,0.000000,0.000000,0.000000,0.000000,0.000000,0.000000,0.000000,0.500000,0.000000,,0.000000,,0.000000,53.918495,53.918495,0.000000,0.000000,0.000000,0.000000,0.000000,0.000000,0.000000,0.000000,0.500000,0.000000,1.585176,0.529412,,57.070961,57.070961,8.660950,
2022-06-06T18:30:00Z,0.931320,no_impulse,0,ADANIENT,1d,1.000000,102.861492,18.284632,8.000000,2.285579,2.611287,5.238253,19.933948,15.093039,3.000000,144.841270,5.031013,4.000000,41.919936,41.400304,39.168603,0.000000,-0.412872,0.534631,-0.947503,23.336639,16.954830,35.176974,-5.021280,-1.863001,14.452754,0.234680,0.180205,11.632559,7.000000,57.070961,1.661794,3.000000,51.138510,45.353269,43.887510,0.000000,0.434869,1.042775,-0.607906,24.829524,22.792324,21.234693,0.029965,4.009203,19.827834,0.501576,0.190188,16.931533,10.000000,,1.693153,0.000000,39.700068,8.329139,8.107324,1.000000,1.362425,3.547257,-2.184832,35.636655,15.662201,27.400989,-6.888964,-0.827007,16.356642,0.105389,0.163325,0.000000,0.000000,,0.000000,0.000000,70.470905,74.438373,87.044055,0.000000,5.341122,5.027016,0.314107,46.231086,35.812832,7.858779,7.281863,14.900191,29.027123,0.864282,0.215596,,,,,,,,,,,,,,,,,,,,,,,,,,,,,,,,,,,,,,,,,,,,,,,,,,,,,,,,,,,,,,,,,,,,,,,,,,,,,,,,,,,,,,,,,,,,,,,,,,,,,,,,,,,,,,,,,,,,,,,,,,,,,,,,,,,,,,,,,,,,,7.000000,3.000000,,-1.000000,,,,0.000000,54.804270,54.804270,0.000000,0.000000,0.000000,0.000000,0.000000,0.000000,0.000000,0.000000,0.500000,0.000000,,0.000000,,0.000000,53.918495,53.918495,0.000000,0.000000,0.000000,0.000000,0.000000,0.000000,0.000000,0.000000,0.500000,0.000000,1.675294,1.600000,,144.841270,57.070961,7.600587,
2022-06-13T18:30:00Z,0.848068,no_impulse,0,ADANIENT,1d,-1.000000,57.827760,8.939110,5.000000,1.787822,1.162179,3.370464,17.929278,18.284632,8.000000,102.861492,2.285579,7.000000,56.535572,92.216632,90.038725,0.000000,0.629870,0.246262,0.383609,16.883474,25.061421,24.361255,2.611287,5.238253,19.933948,0.745880,0.109049,15.093039,3.000000,144.841270,5.031013,4.000000,41.919936,41.400304,39.168603,0.000000,-0.412872,0.534631,-0.947503,23.336639,16.954830,35.176974,-5.021280,-1.863001,14.452754,0.234680,0.180205,11.632559,7.000000,57.070961,1.661794,3.000000,51.138510,45.353269,43.887510,0.000000,0.434869,1.042775,-0.607906,24.829524,22.792324,21.234693,0.029965,4.009203,19.827834,0.501576,0.190188,16.931533,10.000000,,1.693153,0.000000,39.700068,8.329139,8.107324,1.000000,1.362425,3.547257,-2.184832,35.636655,15.662201,27.400989,-6.888964,-0.827007,16.356642,0.105389,0.163325,0.000000,0.000000,,0.000000,0.000000,70.470905,74.438373,87.044055,0.000000,5.341122,5.027016,0.314107,46.231086,35.812832,7.858779,7.281863,14.900191,29.027123,0.864282,0.215596,,,,,,,,,,,,,,,,,,,,,,,,,,,,,,,,,,,,,,,,,,,,,,,,,,,,,,,,,,,,,,,,,,,,,,,,,,,,,,,,,,,,,,,,,,,,,,,,,,,,,,,,,,,,,,,,,,,,,,,,,2.000000,1.000000,5.000000,-1.000000,,,,0.000000,54.804270,54.804270,0.000000,0.000000,0.000000,0.000000,0.000000,0.000000,0.000000,0.000000,0.500000,0.000000,,0.000000,,0.000000,53.918495,53.918495,0.000000,0.000000,0.000000,0.000000,0.000000,0.000000,0.000000,0.000000,0.500000,0.000000,0.721574,0.892857,,144.841270,57.070961,7.361461,
2022-06-13T18:30:00Z,0.939287,no_impulse,0,ADANIENT,1d,1.000000,109.570113,10.756091,0.000000,0.000000,1.162179,3.370464,17.929278,8.939110,5.000000,57.827760,1.787822,2.000000,52.425201,78.911946,71.307435,0.000000,0.355383,0.410599,-0.055216,15.040842,23.019154,25.299288,1.162179,3.370464,17.929278,0.618145,0.099525,18.284632,8.000000,102.861492,2.285579,7.000000,56.535572,92.216632,90.038725,0.000000,0.629870,0.246262,0.383609,16.883474,25.061421,24.361255,2.611287,5.238253,19.933948,0.745880,0.109049,15.093039,3.000000,144.841270,5.031013,4.000000,41.919936,41.400304,39.168603,0.000000,-0.412872,0.534631,-0.947503,23.336639,16.954830,35.176974,-5.021280,-1.863001,14.452754,0.234680,0.180205,11.632559,7.000000,57.070961,1.661794,3.000000,51.138510,45.353269,43.887510,0.000000,0.434869,1.042775,-0.607906,24.829524,22.792324,21.234693,0.029965,4.009203,19.827834,0.501576,0.190188,16.931533,10.000000,,1.693153,0.000000,39.700068,8.329139,8.107324,1.000000,1.362425,3.547257,-2.184832,35.636655,15.662201,27.400989,-6.888964,-0.827007,16.356642,0.105389,0.163325,0.000000,0.000000,,0.000000,0.000000,70.470905,74.438373,87.044055,0.000000,5.341122,5.027016,0.314107,46.231086,35.812832,7.858779,7.281863,14.900191,29.027123,0.864282,0.215596,,,,,,,,,,,,,,,,,,,,,,,,,,,,,,,,,,,,,,,,,,,,,,,,,,,,,,,,,,,,,,,,,,,,,,,,,,,,,,,,,,,,,,,,,,,,,,,,,,,,,2.000000,2.000000,5.000000,-1.000000,,,,0.000000,54.804270,54.804270,0.000000,0.000000,0.000000,0.000000,0.000000,0.000000,0.000000,0.000000,0.500000,0.000000,,0.000000,,0.000000,53.918495,53.918495,0.000000,0.000000,0.000000,0.000000,0.000000,0.000000,0.000000,0.000000,0.500000,0.000000,0.910493,0.000000,,144.841270,57.070961,6.733184,1.481468
2022-06-19T18:30:00Z,0.836436,no_impulse,0,ADANIENT,1d,-1.000000,112.751051,10.949832,4.000000,2.737458,-3.365306,-1.951580,12.749734,10.756091,0.000000,109.570113,0.000000,2.000000,52.425201,78.911946,71.307435,0.000000,0.355383,0.410599,-0.055216,15.040842,23.019154,25.299288,1.162179,3.370464,17.929278,0.618145,0.099525,8.939110,5.000000,57.827760,1.787822,2.000000,52.425201,78.911946,71.307435,0.000000,0.355383,0.410599,-0.055216,15.040842,23.019154,25.299288,1.162179,3.370464,17.929278,0.618145,0.099525,18.284632,8.000000,102.861492,2.285579,7.000000,56.535572,92.216632,90.038725,0.000000,0.629870,0.246262,0.383609,16.883474,25.061421,24.361255,2.611287,5.238253,19.933948,0.745880,0.109049,15.093039,3.000000,144.841270,5.031013,4.000000,41.919936,41.400304,39.168603,0.000000,-0.412872,0.534631,-0.947503,23.336639,16.954830,35.176974,-5.021280,-1.863001,14.452754,0.234680,0.180205,11.632559,7.000000,57.070961,1.661794,3.000000,51.138510,45.353269,43.887510,0.000000,0.434869,1.042775,-0.607906,24.829524,22.792324,21.234693,0.029965,4.009203,19.827834,0.501576,0.190188,16.931533,10.000000,,1.693153,0.000000,39.700068,8.329139,8.107324,1.000000,1.362425,3.547257,-2.184832,35.636655,15.662201,27.400989,-6.888964,-0.827007,16.356642,0.105389,0.163325,0.000000,0.000000,,0.000000,0.000000,70.470905,74.438373,87.044055,0.000000,5.341122,5.027016,0.314107,46.231086,35.812832,7.858779,7.281863,14.900191,29.027123,0.864282,0.215596,,,,,,,,,,,,,,,,,,,,,,,,,,,,,,,,,,,,,,,,,,,,,,,,,,,,,,,,,,,,,,,,,,,,,,,,,,,,,,,,,8.000000,1.000000,9.000000,-1.000000,,,,0.000000,54.804270,54.804270,0.000000,0.000000,0.000000,0.000000,0.000000,0.000000,0.000000,0.000000,0.500000,0.000000,,0.000000,,0.000000,53.918495,53.918495,0.000000,0.000000,0.000000,0.000000,0.000000,0.000000,0.000000,0.000000,0.500000,0.000000,0.938899,0.848485,,144.841270,57.070961,6.159507,0.869957
2022-08-18T18:30:00Z,1.346129,no_impulse,0,ADANIENT,1d,1.000000,495.567523,60.936227,42.000000,1.450863,11.205575,19.000195,34.168195,10.949832,4.000000,112.751051,2.737458,8.000000,44.045567,22.038111,18.275509,0.000000,-0.504974,0.076793,-0.581767,15.994266,17.079065,29.352769,-3.365306,-1.951580,12.749734,0.199408,0.108311,10.756091,0.000000,109.570113,0.000000,2.000000,52.425201,78.911946,71.307435,0.000000,0.355383,0.410599,-0.055216,15.040842,23.019154,25.299288,1.162179,3.370464,17.929278,0.618145,0.099525,8.939110,5.000000,57.827760,1.787822,2.000000,52.425201,78.911946,71.307435,0.000000,0.355383,0.410599,-0.055216,15.040842,23.019154,25.299288,1.162179,3.370464,17.929278,0.618145,0.099525,18.284632,8.000000,102.861492,2.285579,7.000000,56.535572,92.216632,90.038725,0.000000,0.629870,0.246262,0.383609,16.883474,25.061421,24.361255,2.611287,5.238253,19.933948,0.745880,0.109049,15.093039,3.000000,144.841270,5.031013,4.000000,41.919936,41.400304,39.168603,0.000000,-0.412872,0.534631,-0.947503,23.336639,16.954830,35.176974,-5.021280,-1.863001,14.452754,0.234680,0.180205,11.632559,7.000000,57.070961,1.661794,3.000000,51.138510,45.353269,43.887510,0.000000,0.434869,1.042775,-0.607906,24.829524,22.792324,21.234693,0.029965,4.009203,19.827834,0.501576,0.190188,16.931533,10.000000,,1.693153,0.000000,39.700068,8.329139,8.107324,1.000000,1.362425,3.547257,-2.184832,35.636655,15.662201,27.400989,-6.888964,-0.827007,16.356642,0.105389,0.163325,0.000000,0.000000,,0.000000,0.000000,70.470905,74.438373,87.044055,0.000000,5.341122,5.027016,0.314107,46.231086,35.812832,7.858779,7.281863,14.900191,29.027123,0.864282,0.215596,,,,,,,,,,,,,,,,,,,,,,,,,,,,,,,,,,,,,,,,,,,,,,,,,,,,,,,,,,,,,1.000000,1.000000,42.000000,-1.000000,,,,0.000000,54.804270,54.804270,0.000000,0.000000,0.000000,0.000000,0.000000,0.000000,0.000000,0.000000,0.500000,0.000000,,0.000000,,0.000000,53.918495,53.918495,0.000000,0.000000,0.000000,0.000000,0.000000,0.000000,0.000000,0.000000,0.500000,0.000000,5.265220,9.081081,,144.841270,57.070961,5.708158,0.680846
2022-08-22T18:30:00Z,1.209194,no_impulse,0,ADANIENT,1d,-1.000000,26.866171,10.172496,2.000000,5.086248,6.726021,15.057435,31.365491,60.936227,42.000000,495.567523,1.450863,1.000000,88.648251,81.582054,90.885178,1.000000,5.799386,4.697208,1.102179,62.523929,53.091939,2.351057,11.205575,19.000195,34.168195,0.942395,0.285258,10.949832,4.000000,112.751051,2.737458,8.000000,44.045567,22.038111,18.275509,0.000000,-0.504974,0.076793,-0.581767,15.994266,17.079065,29.352769,-3.365306,-1.951580,12.749734,0.199408,0.108311,10.756091,0.000000,109.570113,0.000000,2.000000,52.425201,78.911946,71.307435,0.000000,0.355383,0.410599,-0.055216,15.040842,23.019154,25.299288,1.162179,3.370464,17.929278,0.618145,0.099525,8.939110,5.000000,57.827760,1.787822,2.000000,52.425201,78.911946,71.307435,0.000000,0.355383,0.410599,-0.055216,15.040842,23.019154,25.299288,1.162179,3.370464,17.929278,0.618145,0.099525,18.284632,8.000000,102.861492,2.285579,7.000000,56.535572,92.216632,90.038725,0.000000,0.629870,0.246262,0.383609,16.883474,25.061421,24.361255,2.611287,5.238253,19.933948,0.745880,0.109049,15.093039,3.000000,144.841270,5.031013,4.000000,41.919936,41.400304,39.168603,0.000000,-0.412872,0.534631,-0.947503,23.336639,16.954830,35.176974,-5.021280,-1.863001,14.452754,0.234680,0.180205,11.632559,7.000000,57.070961,1.661794,3.000000,51.138510,45.353269,43.887510,0.000000,0.434869,1.042775,-0.607906,24.829524,22.792324,21.234693,0.029965,4.009203,19.827834,0.501576,0.190188,16.931533,10.000000,,1.693153,0.000000,39.700068,8.329139,8.107324,1.000000,1.362425,3.547257,-2.184832,35.636655,15.662201,27.400989,-6.888964,-0.827007,16.356642,0.105389,0.163325,0.000000,0.000000,,0.000000,0.000000,,,,,,,,,,,,,,,,,,,,,,,,,,,,,,,,,,,,,,,,,,,,,,,,,,,,,,,,2.000000,2.000000,44.000000,-1.000000,,,,0.000000,54.804270,54.804270,0.000000,0.000000,0.000000,0.000000,0.000000,0.000000,0.000000,0.000000,0.500000,0.000000,,0.000000,,0.000000,53.918495,53.918495,0.000000,0.000000,0.000000,0.000000,0.000000,0.000000,0.000000,0.000000,0.500000,0.000000,0.596344,0.227848,2.000000,495.567523,57.070961,17.298957,1.952940
2022-09-19T18:30:00Z,1.604746,no_impulse,0,ADANIENT,1d,1.000000,288.861232,32.712026,19.000000,1.721686,10.378244,20.361924,39.624571,10.172496,2.000000,26.866171,5.086248,2.000000,74.936202,63.122813,71.548848,0.000000,5.813741,5.221310,0.592431,62.635756,40.478394,13.333169,6.726021,15.057435,31.365491,0.756965,0.280623,60.936227,42.000000,495.567523,1.450863,1.000000,88.648251,81.582054,90.885178,1.000000,5.799386,4.697208,1.102179,62.523929,53.091939,2.351057,11.205575,19.000195,34.168195,0.942395,0.285258,10.949832,4.000000,112.751051,2.737458,8.000000,44.045567,22.038111,18.275509,0.000000,-0.504974,0.076793,-0.581767,15.994266,17.079065,29.352769,-3.365306,-1.951580,12.749734,0.199408,0.108311,10.756091,0.000000,109.570113,0.000000,2.000000,52.425201,78.911946,71.307435,0.000000,0.355383,0.410599,-0.055216,15.040842,23.019154,25.299288,1.162179,3.370464,17.929278,0.618145,0.099525,8.939110,5.000000,57.827760,1.787822,2.000000,52.425201,78.911946,71.307435,0.000000,0.355383,0.410599,-0.055216,15.040842,23.019154,25.299288,1.162179,3.370464,17.929278,0.618145,0.099525,18.284632,8.000000,102.861492,2.285579,7.000000,56.535572,92.216632,90.038725,0.000000,0.629870,0.246262,0.383609,16.883474,25.061421,24.361255,2.611287,5.238253,19.933948,0.745880,0.109049,15.093039,3.000000,144.841270,5.031013,4.000000,41.919936,41.400304,39.168603,0.000000,-0.412872,0.534631,-0.947503,23.336639,16.954830,35.176974,-5.021280,-1.863001,14.452754,0.234680,0.180205,11.632559,7.000000,57.070961,1.661794,3.000000,51.138510,45.353269,43.887510,0.000000,0.434869,1.042775,-0.607906,24.829524,22.792324,21.234693,0.029965,4.009203,19.827834,0.501576,0.190188,16.931533,10.000000,,1.693153,0.000000,0.000000,0.000000,,0.000000,0.000000,,,,,,,,,,,,,,,,,,,,,,,,,,,,,,,,,,,,,,,,,,,,,,,,,,,1.000000,3.000000,63.000000,-1.000000,,,,0.000000,54.804270,54.804270,0.000000,0.000000,0.000000,0.000000,0.000000,0.000000,0.000000,0.000000,0.500000,0.000000,,0.000000,,0.000000,53.918495,53.918495,0.000000,0.000000,0.000000,0.000000,0.000000,0.000000,0.000000,0.000000,0.500000,0.000000,1.998346,2.345679,21.000000,495.567523,26.866171,16.454320,2.160582
2022-10-02T18:30:00Z,1.284692,no_impulse,0,ADANIENT,1d,-1.000000,80.913399,19.944245,9.000000,2.216027,-9.997703,-1.183562,23.361791,32.712026,19.000000,288.861232,1.721686,1.000000,85.286472,92.786692,86.795346,1.000000,6.181041,5.642578,0.538463,66.267193,42.117177,4.653790,10.378244,20.361924,39.624571,0.916227,0.278215,10.172496,2.000000,26.866171,5.086248,2.000000,74.936202,63.122813,71.548848,0.000000,5.813741,5.221310,0.592431,62.635756,40.478394,13.333169,6.726021,15.057435,31.365491,0.756965,0.280623,60.936227,42.000000,495.567523,1.450863,1.000000,88.648251,81.582054,90.885178,1.000000,5.799386,4.697208,1.102179,62.523929,53.091939,2.351057,11.205575,19.000195,34.168195,0.942395,0.285258,10.949832,4.000000,112.751051,2.737458,8.000000,44.045567,22.038111,18.275509,0.000000,-0.504974,0.076793,-0.581767,15.994266,17.079065,29.352769,-3.365306,-1.951580,12.749734,0.199408,0.108311,10.756091,0.000000,109.570113,0.000000,2.000000,52.425201,78.911946,71.307435,0.000000,0.355383,0.410599,-0.055216,15.040842,23.019154,25.299288,1.162179,3.370464,17.929278,0.618145,0.099525,8.939110,5.000000,57.827760,1.787822,2.000000,52.425201,78.911946,71.307435,0.000000,0.355383,0.410599,-0.055216,15.040842,23.019154,25.299288,1.162179,3.370464,17.929278,0.618145,0.099525,18.284632,8.000000,102.861492,2.285579,7.000000,56.535572,92.216632,90.038725,0.000000,0.629870,0.246262,0.383609,16.883474,25.061421,24.361255,2.611287,5.238253,19.933948,0.745880,0.109049,15.093039,3.000000,144.841270,5.031013,4.000000,41.919936,41.400304,39.168603,0.000000,-0.412872,0.534631,-0.947503,23.336639,16.954830,35.176974,-5.021280,-1.863001,14.452754,0.234680,0.180205,11.632559,7.000000,57.070961,1.661794,3.000000,16.931533,10.000000,,1.693153,0.000000,0.000000,0.000000,,0.000000,0.000000,,,,,,,,,,,,,,,,,,,,,,,,,,,,,,,,,,,,,,,,,,,,,,2.000000,4.000000,72.000000,-1.000000,,,,0.000000,54.804270,54.804270,0.000000,0.000000,0.000000,0.000000,0.000000,0.000000,0.000000,0.000000,0.500000,0.000000,,0.000000,,0.000000,53.918495,53.918495,0.000000,0.000000,0.000000,0.000000,0.000000,0.000000,0.000000,0.000000,0.500000,0.000000,1.015452,0.900000,30.000000,495.567523,26.866171,16.085910,3.387849
2022-10-02T18:30:00Z,1.429211,no_impulse,0,ADANIENT,1d,1.000000,45.154420,11.249295,0.000000,0.000000,-9.997703,-1.183562,23.361791,19.944245,9.000000,80.913399,2.216027,2.000000,36.719516,6.083600,11.071178,1.000000,2.291566,4.690032,-2.398466,43.033828,19.592849,29.783014,-9.997703,-1.183562,23.361791,-0.021589,0.174256,32.712026,19.000000,288.861232,1.721686,1.000000,85.286472,92.786692,86.795346,1.000000,6.181041,5.642578,0.538463,66.267193,42.117177,4.653790,10.378244,20.361924,39.624571,0.916227,0.278215,10.172496,2.000000,26.866171,5.086248,2.000000,74.936202,63.122813,71.548848,0.000000,5.813741,5.221310,0.592431,62.635756,40.478394,13.333169,6.726021,15.057435,31.365491,0.756965,0.280623,60.936227,42.000000,495.567523,1.450863,1.000000,88.648251,81.582054,90.885178,1.000000,5.799386,4.697208,1.102179,62.523929,53.091939,2.351057,11.205575,19.000195,34.168195,0.942395,0.285258,10.949832,4.000000,112.751051,2.737458,8.000000,44.045567,22.038111,18.275509,0.000000,-0.504974,0.076793,-0.581767,15.994266,17.079065,29.352769,-3.365306,-1.951580,12.749734,0.199408,0.108311,10.756091,0.000000,109.570113,0.000000,2.000000,52.425201,78.911946,71.307435,0.000000,0.355383,0.410599,-0.055216,15.040842,23.019154,25.299288,1.162179,3.370464,17.929278,0.618145,0.099525,8.939110,5.000000,57.827760,1.787822,2.000000,52.425201,78.911946,71.307435,0.000000,0.355383,0.410599,-0.055216,15.040842,23.019154,25.299288,1.162179,3.370464,17.929278,0.618145,0.099525,18.284632,8.000000,102.861492,2.285579,7.000000,56.535572,92.216632,90.038725,0.000000,0.629870,0.246262,0.383609,16.883474,25.061421,24.361255,2.611287,5.238253,19.933948,0.745880,0.109049,15.093039,3.000000,144.841270,5.031013,4.000000,11.632559,7.000000,57.070961,1.661794,3.000000,16.931533,10.000000,,1.693153,0.000000,0.000000,0.000000,,0.000000,0.000000,,,,,,,,,,,,,,,,,,,,,,,,,,,,,,,,,,,,,,,,,2.000000,5.000000,72.000000,-1.000000,,,,0.000000,54.804270,54.804270,0.000000,0.000000,0.000000,0.000000,0.000000,0.000000,0.000000,0.000000,0.500000,0.000000,,0.000000,,0.000000,53.918495,53.918495,0.000000,0.000000,0.000000,0.000000,0.000000,0.000000,0.000000,0.000000,0.500000,0.000000,0.564100,0.000000,30.000000,495.567523,26.866171,16.057719,0.760251
2022-10-16T18:30:00Z,1.295386,no_impulse,0,ADANIENT,1d,-1.000000,92.600236,9.363542,9.000000,1.040394,-3.787373,0.108322,22.472497,11.249295,0.000000,45.154420,0.000000,2.000000,36.719516,6.083600,11.071178,0.000000,2.291566,4.690032,-2.398466,43.033828,19.592849,29.783014,-9.997703,-1.183562,23.361791,-0.021589,0.174256,19.944245,9.000000,80.913399,2.216027,2.000000,36.719516,6.083600,11.071178,1.000000,2.291566,4.690032,-2.398466,43.033828,19.592849,29.783014,-9.997703,-1.183562,23.361791,-0.021589,0.174256,32.712026,19.000000,288.861232,1.721686,1.000000,85.286472,92.786692,86.795346,1.000000,6.181041,5.642578,0.538463,66.267193,42.117177,4.653790,10.378244,20.361924,39.624571,0.916227,0.278215,10.172496,2.000000,26.866171,5.086248,2.000000,74.936202,63.122813,71.548848,0.000000,5.813741,5.221310,0.592431,62.635756,40.478394,13.333169,6.726021,15.057435,31.365491,0.756965,0.280623,60.936227,42.000000,495.567523,1.450863,1.000000,88.648251,81.582054,90.885178,1.000000,5.799386,4.697208,1.102179,62.523929,53.091939,2.351057,11.205575,19.000195,34.168195,0.942395,0.285258,10.949832,4.000000,112.751051,2.737458,8.000000,44.045567,22.038111,18.275509,0.000000,-0.504974,0.076793,-0.581767,15.994266,17.079065,29.352769,-3.365306,-1.951580,12.749734,0.199408,0.108311,10.756091,0.000000,109.570113,0.000000,2.000000,52.425201,78.911946,71.307435,0.000000,0.355383,0.410599,-0.055216,15.040842,23.019154,25.299288,1.162179,3.370464,17.929278,0.618145,0.099525,8.939110,5.000000,57.827760,1.787822,2.000000,52.425201,78.911946,71.307435,0.000000,0.355383,0.410599,-0.055216,15.040842,23.019154,25.299288,1.162179,3.370464,17.929278,0.618145,0.099525,18.284632,8.000000,102.861492,2.285579,7.000000,15.093039,3.000000,144.841270,5.031013,4.000000,11.632559,7.000000,57.070961,1.661794,3.000000,16.931533,10.000000,,1.693153,0.000000,0.000000,0.000000,,0.000000,0.000000,,,,,,,,,,,,,,,,,,,,,,,,,,,,,,,,,,,,2.000000,6.000000,81.000000,-1.000000,,,,0.000000,54.804270,54.804270,0.000000,0.000000,0.000000,0.000000,0.000000,0.000000,0.000000,0.000000,0.500000,0.000000,,0.000000,,0.000000,53.918495,53.918495,0.000000,0.000000,0.000000,0.000000,0.000000,0.000000,0.000000,0.000000,0.500000,0.000000,0.470442,0.978261,39.000000,495.567523,26.866171,16.080197,0.778780
2022-11-15T18:30:00Z,1.691875,no_impulse,0,ADANIENT,1d,1.000000,296.275072,30.607815,20.000000,1.530391,5.992043,12.238229,31.797509,9.363542,9.000000,92.600236,1.040394,2.000000,41.327857,18.470982,18.685084,0.000000,-1.200592,0.142563,-1.343155,30.706011,17.368787,26.414262,-3.787373,0.108322,22.472497,0.358102,0.257167,11.249295,0.000000,45.154420,0.000000,2.000000,36.719516,6.083600,11.071178,0.000000,2.291566,4.690032,-2.398466,43.033828,19.592849,29.783014,-9.997703,-1.183562,23.361791,-0.021589,0.174256,19.944245,9.000000,80.913399,2.216027,2.000000,36.719516,6.083600,11.071178,1.000000,2.291566,4.690032,-2.398466,43.033828,19.592849,29.783014,-9.997703,-1.183562,23.361791,-0.021589,0.174256,32.712026,19.000000,288.861232,1.721686,1.000000,85.286472,92.786692,86.795346,1.000000,6.181041,5.642578,0.538463,66.267193,42.117177,4.653790,10.378244,20.361924,39.624571,0.916227,0.278215,10.172496,2.000000,26.866171,5.086248,2.000000,74.936202,63.122813,71.548848,0.000000,5.813741,5.221310,0.592431,62.635756,40.478394,13.333169,6.726021,15.057435,31.365491,0.756965,0.280623,60.936227,42.000000,495.567523,1.450863,1.000000,88.648251,81.582054,90.885178,1.000000,5.799386,4.697208,1.102179,62.523929,53.091939,2.351057,11.205575,19.000195,34.168195,0.942395,0.285258,10.949832,4.000000,112.751051,2.737458,8.000000,44.045567,22.038111,18.275509,0.000000,-0.504974,0.076793,-0.581767,15.994266,17.079065,29.352769,-3.365306,-1.951580,12.749734,0.199408,0.108311,10.756091,0.000000,109.570113,0.000000,2.000000,52.425201,78.911946,71.307435,0.000000,0.355383,0.410599,-0.055216,15.040842,23.019154,25.299288,1.162179,3.370464,17.929278,0.618145,0.099525,8.939110,5.000000,57.827760,1.787822,2.000000,18.284632,8.000000,102.861492,2.285579,7.000000,15.093039,3.000000,144.841270,5.031013,4.000000,11.632559,7.000000,57.070961,1.661794,3.000000,16.931533,10.000000,,1.693153,0.000000,0.000000,0.000000,,0.000000,0.000000,,,,,,,,,,,,,,,,,,,,,,,,,,,,,,,1.000000,7.000000,101.000000,-1.000000,,,,0.000000,54.804270,54.804270,0.000000,0.000000,0.000000,0.000000,0.000000,0.000000,0.000000,0.000000,0.500000,0.000000,,0.000000,,0.000000,53.918495,53.918495,0.000000,0.000000,0.000000,0.000000,0.000000,0.000000,0.000000,0.000000,0.500000,0.000000,1.583374,2.040816,59.000000,495.567523,26.866171,16.370110,0.390645
2022-12-04T18:30:00Z,1.573772,no_impulse,0,ADANIENT,1d,-1.000000,29.787234,6.980609,13.000000,0.536970,1.458870,6.859232,27.489496,30.607815,20.000000,296.275072,1.530391,1.000000,71.369025,82.558740,90.987072,0.000000,4.643274,3.463387,1.179887,39.966506,34.228463,16.068799,5.992043,12.238229,31.797509,0.691958,0.332051,9.363542,9.000000,92.600236,1.040394,2.000000,41.327857,18.470982,18.685084,0.000000,-1.200592,0.142563,-1.343155,30.706011,17.368787,26.414262,-3.787373,0.108322,22.472497,0.358102,0.257167,11.249295,0.000000,45.154420,0.000000,2.000000,36.719516,6.083600,11.071178,0.000000,2.291566,4.690032,-2.398466,43.033828,19.592849,29.783014,-9.997703,-1.183562,23.361791,-0.021589,0.174256,19.944245,9.000000,80.913399,2.216027,2.000000,36.719516,6.083600,11.071178,1.000000,2.291566,4.690032,-2.398466,43.033828,19.592849,29.783014,-9.997703,-1.183562,23.361791,-0.021589,0.174256,32.712026,19.000000,288.861232,1.721686,1.000000,85.286472,92.786692,86.795346,1.000000,6.181041,5.642578,0.538463,66.267193,42.117177,4.653790,10.378244,20.361924,39.624571,0.916227,0.278215,10.172496,2.000000,26.866171,5.086248,2.000000,74.936202,63.122813,71.548848,0.000000,5.813741,5.221310,0.592431,62.635756,40.478394,13.333169,6.726021,15.057435,31.365491,0.756965,0.280623,60.936227,42.000000,495.567523,1.450863,1.000000,88.648251,81.582054,90.885178,1.000000,5.799386,4.697208,1.102179,62.523929,53.091939,2.351057,11.205575,19.000195,34.168195,0.942395,0.285258,10.949832,4.000000,112.751051,2.737458,8.000000,44.045567,22.038111,18.275509,0.000000,-0.504974,0.076793,-0.581767,15.994266,17.079065,29.352769,-3.365306,-1.951580,12.749734,0.199408,0.108311,10.756091,0.000000,109.570113,0.000000,2.000000,8.939110,5.000000,57.827760,1.787822,2.000000,18.284632,8.000000,102.861492,2.285579,7.000000,15.093039,3.000000,144.841270,5.031013,4.000000,11.632559,7.000000,57.070961,1.661794,3.000000,16.931533,10.000000,,1.693153,0.000000,0.000000,0.000000,,0.000000,0.000000,,,,,,,,,,,,,,,,,,,,,,,,,,2.000000,8.000000,114.000000,-1.000000,,,,0.000000,54.804270,54.804270,0.000000,0.000000,0.000000,0.000000,0.000000,0.000000,0.000000,0.000000,0.500000,0.000000,,0.000000,,0.000000,53.918495,53.918495,0.000000,0.000000,0.000000,0.000000,0.000000,0.000000,0.000000,0.000000,0.500000,0.000000,0.339473,1.181818,72.000000,495.567523,26.866171,16.742216,0.815242
2022-12-20T18:30:00Z,1.730689,no_impulse,0,ADANIENT,1d,1.000000,132.864358,9.970762,12.000000,0.830897,-2.076593,2.573030,23.542007,6.980609,13.000000,29.787234,0.536970,2.000000,61.238405,42.099567,37.739116,1.000000,2.142433,2.833190,-0.690758,22.464694,20.649612,21.791110,1.458870,6.859232,27.489496,0.764519,0.055968,30.607815,20.000000,296.275072,1.530391,1.000000,71.369025,82.558740,90.987072,0.000000,4.643274,3.463387,1.179887,39.966506,34.228463,16.068799,5.992043,12.238229,31.797509,0.691958,0.332051,9.363542,9.000000,92.600236,1.040394,2.000000,41.327857,18.470982,18.685084,0.000000,-1.200592,0.142563,-1.343155,30.706011,17.368787,26.414262,-3.787373,0.108322,22.472497,0.358102,0.257167,11.249295,0.000000,45.154420,0.000000,2.000000,36.719516,6.083600,11.071178,0.000000,2.291566,4.690032,-2.398466,43.033828,19.592849,29.783014,-9.997703,-1.183562,23.361791,-0.021589,0.174256,19.944245,9.000000,80.913399,2.216027,2.000000,36.719516,6.083600,11.071178,1.000000,2.291566,4.690032,-2.398466,43.033828,19.592849,29.783014,-9.997703,-1.183562,23.361791,-0.021589,0.174256,32.712026,19.000000,288.861232,1.721686,1.000000,85.286472,92.786692,86.795346,1.000000,6.181041,5.642578,0.538463,66.267193,42.117177,4.653790,10.378244,20.361924,39.624571,0.916227,0.278215,10.172496,2.000000,26.866171,5.086248,2.000000,74.936202,63.122813,71.548848,0.000000,5.813741,5.221310,0.592431,62.635756,40.478394,13.333169,6.726021,15.057435,31.365491,0.756965,0.280623,60.936227,42.000000,495.567523,1.450863,1.000000,88.648251,81.582054,90.885178,1.000000,5.799386,4.697208,1.102179,62.523929,53.091939,2.351057,11.205575,19.000195,34.168195,0.942395,0.285258,10.949832,4.000000,112.751051,2.737458,8.000000,10.756091,0.000000,109.570113,0.000000,2.000000,8.939110,5.000000,57.827760,1.787822,2.000000,18.284632,8.000000,102.861492,2.285579,7.000000,15.093039,3.000000,144.841270,5.031013,4.000000,11.632559,7.000000,57.070961,1.661794,3.000000,16.931533,10.000000,,1.693153,0.000000,0.000000,0.000000,,0.000000,0.000000,,,,,,,,,,,,,,,,,,,,,1.000000,9.000000,126.000000,-1.000000,,,,0.000000,54.804270,54.804270,0.000000,0.000000,0.000000,0.000000,0.000000,0.000000,0.000000,0.000000,0.500000,0.000000,,0.000000,,0.000000,53.918495,53.918495,0.000000,0.000000,0.000000,0.000000,0.000000,0.000000,0.000000,0.000000,0.500000,0.000000,0.489550,1.016949,84.000000,495.567523,26.866171,16.903975,0.734709
2022-12-22T18:30:00Z,1.493929,no_impulse,0,ADANIENT,1d,-1.000000,150.882433,13.680116,2.000000,6.840058,-8.193827,-4.272153,17.670432,9.970762,12.000000,132.864358,0.830897,1.000000,47.161923,24.192235,70.850127,1.000000,1.617536,1.992505,-0.374970,15.400355,21.027061,27.289071,-2.076593,2.573030,23.542007,0.232941,0.076176,6.980609,13.000000,29.787234,0.536970,2.000000,61.238405,42.099567,37.739116,1.000000,2.142433,2.833190,-0.690758,22.464694,20.649612,21.791110,1.458870,6.859232,27.489496,0.764519,0.055968,30.607815,20.000000,296.275072,1.530391,1.000000,71.369025,82.558740,90.987072,0.000000,4.643274,3.463387,1.179887,39.966506,34.228463,16.068799,5.992043,12.238229,31.797509,0.691958,0.332051,9.363542,9.000000,92.600236,1.040394,2.000000,41.327857,18.470982,18.685084,0.000000,-1.200592,0.142563,-1.343155,30.706011,17.368787,26.414262,-3.787373,0.108322,22.472497,0.358102,0.257167,11.249295,0.000000,45.154420,0.000000,2.000000,36.719516,6.083600,11.071178,0.000000,2.291566,4.690032,-2.398466,43.033828,19.592849,29.783014,-9.997703,-1.183562,23.361791,-0.021589,0.174256,19.944245,9.000000,80.913399,2.216027,2.000000,36.719516,6.083600,11.071178,1.000000,2.291566,4.690032,-2.398466,43.033828,19.592849,29.783014,-9.997703,-1.183562,23.361791,-0.021589,0.174256,32.712026,19.000000,288.861232,1.721686,1.000000,85.286472,92.786692,86.795346,1.000000,6.181041,5.642578,0.538463,66.267193,42.117177,4.653790,10.378244,20.361924,39.624571,0.916227,0.278215,10.172496,2.000000,26.866171,5.086248,2.000000,74.936202,63.122813,71.548848,0.000000,5.813741,5.221310,0.592431,62.635756,40.478394,13.333169,6.726021,15.057435,31.365491,0.756965,0.280623,60.936227,42.000000,495.567523,1.450863,1.000000,10.949832,4.000000,112.751051,2.737458,8.000000,10.756091,0.000000,109.570113,0.000000,2.000000,8.939110,5.000000,57.827760,1.787822,2.000000,18.284632,8.000000,102.861492,2.285579,7.000000,15.093039,3.000000,144.841270,5.031013,4.000000,11.632559,7.000000,57.070961,1.661794,3.000000,16.931533,10.000000,,1.693153,0.000000,0.000000,0.000000,,0.000000,0.000000,,,,,,,,,,,,,,,,8.000000,1.000000,128.000000,-1.000000,,,,0.000000,54.804270,54.804270,0.000000,0.000000,0.000000,0.000000,0.000000,0.000000,0.000000,0.000000,0.500000,0.000000,,0.000000,,0.000000,53.918495,53.918495,0.000000,0.000000,0.000000,0.000000,0.000000,0.000000,0.000000,0.000000,0.500000,0.000000,0.674273,0.153846,86.000000,495.567523,26.866171,16.955334,1.172648
2022-12-29T18:30:00Z,1.610115,no_impulse,0,ADANIENT,1d,1.000000,49.073241,7.777207,5.000000,1.555441,-0.668298,1.589753,21.279596,13.680116,2.000000,150.882433,6.840058,8.000000,34.672831,4.444844,14.677379,0.000000,0.423804,1.656498,-1.232694,17.376660,16.400774,36.714071,-8.193827,-4.272153,17.670432,-0.199060,0.108335,9.970762,12.000000,132.864358,0.830897,1.000000,47.161923,24.192235,70.850127,1.000000,1.617536,1.992505,-0.374970,15.400355,21.027061,27.289071,-2.076593,2.573030,23.542007,0.232941,0.076176,6.980609,13.000000,29.787234,0.536970,2.000000,61.238405,42.099567,37.739116,1.000000,2.142433,2.833190,-0.690758,22.464694,20.649612,21.791110,1.458870,6.859232,27.489496,0.764519,0.055968,30.607815,20.000000,296.275072,1.530391,1.000000,71.369025,82.558740,90.987072,0.000000,4.643274,3.463387,1.179887,39.966506,34.228463,16.068799,5.992043,12.238229,31.797509,0.691958,0.332051,9.363542,9.000000,92.600236,1.040394,2.000000,41.327857,18.470982,18.685084,0.000000,-1.200592,0.142563,-1.343155,30.706011,17.368787,26.414262,-3.787373,0.108322,22.472497,0.358102,0.257167,11.249295,0.000000,45.154420,0.000000,2.000000,36.719516,6.083600,11.071178,0.000000,2.291566,4.690032,-2.398466,43.033828,19.592849,29.783014,-9.997703,-1.183562,23.361791,-0.021589,0.174256,19.944245,9.000000,80.913399,2.216027,2.000000,36.719516,6.083600,11.071178,1.000000,2.291566,4.690032,-2.398466,43.033828,19.592849,29.783014,-9.997703,-1.183562,23.361791,-0.021589,0.174256,32.712026,19.000000,288.861232,1.721686,1.000000,85.286472,92.786692,86.795346,1.000000,6.181041,5.642578,0.538463,66.267193,42.117177,4.653790,10.378244,20.361924,39.624571,0.916227,0.278215,10.172496,2.000000,26.866171,5.086248,2.000000,60.936227,42.000000,495.567523,1.450863,1.000000,10.949832,4.000000,112.751051,2.737458,8.000000,10.756091,0.000000,109.570113,0.000000,2.000000,8.939110,5.000000,57.827760,1.787822,2.000000,18.284632,8.000000,102.861492,2.285579,7.000000,15.093039,3.000000,144.841270,5.031013,4.000000,11.632559,7.000000,57.070961,1.661794,3.000000,16.931533,10.000000,,1.693153,0.000000,0.000000,0.000000,,0.000000,0.000000,,,,,,,,,,,3.000000,2.000000,5.000000,-1.000000,,,,0.000000,54.804270,54.804270,0.000000,0.000000,0.000000,0.000000,0.000000,0.000000,0.000000,0.000000,0.500000,0.000000,,0.000000,,0.000000,53.918495,53.918495,0.000000,0.000000,0.000000,0.000000,0.000000,0.000000,0.000000,0.000000,0.500000,0.000000,0.378237,0.390625,91.000000,495.567523,26.866171,16.809600,0.598030
2023-01-26T18:30:00Z,1.120191,no_impulse,0,ADANIENT,1d,-1.000000,421.672167,30.427880,19.000000,1.601467,-28.328157,-32.854098,-13.463031,7.777207,5.000000,49.073241,1.555441,3.000000,48.592599,42.145042,35.840681,1.000000,-0.556787,0.196633,-0.753421,19.839136,21.021089,27.314000,-0.668298,1.589753,21.279596,0.451638,0.137269,13.680116,2.000000,150.882433,6.840058,8.000000,34.672831,4.444844,14.677379,0.000000,0.423804,1.656498,-1.232694,17.376660,16.400774,36.714071,-8.193827,-4.272153,17.670432,-0.199060,0.108335,9.970762,12.000000,132.864358,0.830897,1.000000,47.161923,24.192235,70.850127,1.000000,1.617536,1.992505,-0.374970,15.400355,21.027061,27.289071,-2.076593,2.573030,23.542007,0.232941,0.076176,6.980609,13.000000,29.787234,0.536970,2.000000,61.238405,42.099567,37.739116,1.000000,2.142433,2.833190,-0.690758,22.464694,20.649612,21.791110,1.458870,6.859232,27.489496,0.764519,0.055968,30.607815,20.000000,296.275072,1.530391,1.000000,71.369025,82.558740,90.987072,0.000000,4.643274,3.463387,1.179887,39.966506,34.228463,16.068799,5.992043,12.238229,31.797509,0.691958,0.332051,9.363542,9.000000,92.600236,1.040394,2.000000,41.327857,18.470982,18.685084,0.000000,-1.200592,0.142563,-1.343155,30.706011,17.368787,26.414262,-3.787373,0.108322,22.472497,0.358102,0.257167,11.249295,0.000000,45.154420,0.000000,2.000000,36.719516,6.083600,11.071178,0.000000,2.291566,4.690032,-2.398466,43.033828,19.592849,29.783014,-9.997703,-1.183562,23.361791,-0.021589,0.174256,19.944245,9.000000,80.913399,2.216027,2.000000,36.719516,6.083600,11.071178,1.000000,2.291566,4.690032,-2.398466,43.033828,19.592849,29.783014,-9.997703,-1.183562,23.361791,-0.021589,0.174256,32.712026,19.000000,288.861232,1.721686,1.000000,10.172496,2.000000,26.866171,5.086248,2.000000,60.936227,42.000000,495.567523,1.450863,1.000000,10.949832,4.000000,112.751051,2.737458,8.000000,10.756091,0.000000,109.570113,0.000000,2.000000,8.939110,5.000000,57.827760,1.787822,2.000000,18.284632,8.000000,102.861492,2.285579,7.000000,15.093039,3.000000,144.841270,5.031013,4.000000,11.632559,7.000000,57.070961,1.661794,3.000000,16.931533,10.000000,,1.693153,0.000000,0.000000,0.000000,,0.000000,0.000000,,,,,,4.000000,3.000000,24.000000,-1.000000,,,,0.000000,54.804270,54.804270,0.000000,0.000000,0.000000,0.000000,0.000000,0.000000,0.000000,0.000000,0.500000,0.000000,,0.000000,,0.000000,53.918495,53.918495,0.000000,0.000000,0.000000,0.000000,0.000000,0.000000,0.000000,0.000000,0.500000,0.000000,1.995819,2.087912,51.000000,296.275072,26.866171,9.391592,0.669367
2023-01-26T18:30:00Z,1.382302,no_impulse,0,ADANIENT,1d,1.000000,53.500304,23.398752,0.000000,0.000000,-28.328157,-32.854098,-13.463031,30.427880,19.000000,421.672167,1.601467,4.000000,13.855908,4.238785,7.879394,1.000000,-6.126283,-3.711424,-2.414859,34.007720,8.846423,54.630097,-28.328157,-32.854098,-13.463031,-0.281018,0.282641,7.777207,5.000000,49.073241,1.555441,3.000000,48.592599,42.145042,35.840681,1.000000,-0.556787,0.196633,-0.753421,19.839136,21.021089,27.314000,-0.668298,1.589753,21.279596,0.451638,0.137269,13.680116,2.000000,150.882433,6.840058,8.000000,34.672831,4.444844,14.677379,0.000000,0.423804,1.656498,-1.232694,17.376660,16.400774,36.714071,-8.193827,-4.272153,17.670432,-0.199060,0.108335,9.970762,12.000000,132.864358,0.830897,1.000000,47.161923,24.192235,70.850127,1.000000,1.617536,1.992505,-0.374970,15.400355,21.027061,27.289071,-2.076593,2.573030,23.542007,0.232941,0.076176,6.980609,13.000000,29.787234,0.536970,2.000000,61.238405,42.099567,37.739116,1.000000,2.142433,2.833190,-0.690758,22.464694,20.649612,21.791110,1.458870,6.859232,27.489496,0.764519,0.055968,30.607815,20.000000,296.275072,1.530391,1.000000,71.369025,82.558740,90.987072,0.000000,4.643274,3.463387,1.179887,39.966506,34.228463,16.068799,5.992043,12.238229,31.797509,0.691958,0.332051,9.363542,9.000000,92.600236,1.040394,2.000000,41.327857,18.470982,18.685084,0.000000,-1.200592,0.142563,-1.343155,30.706011,17.368787,26.414262,-3.787373,0.108322,22.472497,0.358102,0.257167,11.249295,0.000000,45.154420,0.000000,2.000000,36.719516,6.083600,11.071178,0.000000,2.291566,4.690032,-2.398466,43.033828,19.592849,29.783014,-9.997703,-1.183562,23.361791,-0.021589,0.174256,19.944245,9.000000,80.913399,2.216027,2.000000,32.712026,19.000000,288.861232,1.721686,1.000000,10.172496,2.000000,26.866171,5.086248,2.000000,60.936227,42.000000,495.567523,1.450863,1.000000,10.949832,4.000000,112.751051,2.737458,8.000000,10.756091,0.000000,109.570113,0.000000,2.000000,8.939110,5.000000,57.827760,1.787822,2.000000,18.284632,8.000000,102.861492,2.285579,7.000000,15.093039,3.000000,144.841270,5.031013,4.000000,11.632559,7.000000,57.070961,1.661794,3.000000,16.931533,10.000000,,1.693153,0.000000,0.000000,0.000000,,0.000000,0.000000,4.000000,4.000000,24.000000,-1.000000,,,,0.000000,54.804270,54.804270,0.000000,0.000000,0.000000,0.000000,0.000000,0.000000,0.000000,0.000000,0.500000,0.000000,,0.000000,,0.000000,53.918495,53.918495,0.000000,0.000000,0.000000,0.000000,0.000000,0.000000,0.000000,0.000000,0.500000,0.000000,1.354773,0.000000,110.000000,421.672167,29.787234,10.314750,1.090961
2023-02-01T18:30:00Z,0.617400,no_impulse,0,ADANIENT,1d,-1.000000,291.823797,55.335347,4.000000,13.833837,-100.836699,-122.091828,-98.301138,23.398752,0.000000,53.500304,0.000000,4.000000,13.855908,4.238785,7.879394,0.000000,-6.126283,-3.711424,-2.414859,34.007720,8.846423,54.630097,-28.328157,-32.854098,-13.463031,-0.281018,0.282641,30.427880,19.000000,421.672167,1.601467,4.000000,13.855908,4.238785,7.879394,1.000000,-6.126283,-3.711424,-2.414859,34.007720,8.846423,54.630097,-28.328157,-32.854098,-13.463031,-0.281018,0.282641,7.777207,5.000000,49.073241,1.555441,3.000000,48.592599,42.145042,35.840681,1.000000,-0.556787,0.196633,-0.753421,19.839136,21.021089,27.314000,-0.668298,1.589753,21.279596,0.451638,0.137269,13.680116,2.000000,150.882433,6.840058,8.000000,34.672831,4.444844,14.677379,0.000000,0.423804,1.656498,-1.232694,17.376660,16.400774,36.714071,-8.193827,-4.272153,17.670432,-0.199060,0.108335,9.970762,12.000000,132.864358,0.830897,1.000000,47.161923,24.192235,70.850127,1.000000,1.617536,1.992505,-0.374970,15.400355,21.027061,27.289071,-2.076593,2.573030,23.542007,0.232941,0.076176,6.980609,13.000000,29.787234,0.536970,2.000000,61.238405,42.099567,37.739116,1.000000,2.142433,2.833190,-0.690758,22.464694,20.649612,21.791110,1.458870,6.859232,27.489496,0.764519,0.055968,30.607815,20.000000,296.275072,1.530391,1.000000,71.369025,82.558740,90.987072,0.000000,4.643274,3.463387,1.179887,39.966506,34.228463,16.068799,5.992043,12.238229,31.797509,0.691958,0.332051,9.363542,9.000000,92.600236,1.040394,2.000000,41.327857,18.470982,18.685084,0.000000,-1.200592,0.142563,-1.343155,30.706011,17.368787,26.414262,-3.787373,0.108322,22.472497,0.358102,0.257167,11.249295,0.000000,45.154420,0.000000,2.000000,19.944245,9.000000,80.913399,2.216027,2.000000,32.712026,19.000000,288.861232,1.721686,1.000000,10.172496,2.000000,26.866171,5.086248,2.000000,60.936227,42.000000,495.567523,1.450863,1.000000,10.949832,4.000000,112.751051,2.737458,8.000000,10.756091,0.000000,109.570113,0.000000,2.000000,8.939110,5.000000,57.827760,1.787822,2.000000,18.284632,8.000000,102.861492,2.285579,7.000000,15.093039,3.000000,144.841270,5.031013,4.000000,11.632559,7.000000,57.070961,1.661794,3.000000,16.931533,10.000000,,1.693153,0.000000,4.000000,5.000000,28.000000,-1.000000,,,,0.000000,54.804270,54.804270,0.000000,0.000000,0.000000,0.000000,0.000000,0.000000,0.000000,0.000000,0.500000,0.000000,,0.000000,,0.000000,53.918495,53.918495,0.000000,0.000000,0.000000,0.000000,0.000000,0.000000,0.000000,0.000000,0.500000,0.000000,3.386492,0.449438,93.000000,421.672167,29.787234,9.116551,2.011128
2023-02-01T18:30:00Z,0.970219,no_impulse,0,ADANIENT,1d,1.000000,46.125996,57.145815,0.000000,0.000000,-100.836699,-122.091828,-98.301138,55.335347,4.000000,291.823797,13.833837,4.000000,12.389728,3.142371,14.224979,0.000000,-25.055605,-13.717389,-11.338215,45.303035,4.311794,57.853533,-100.836699,-122.091828,-98.301138,-0.181147,0.737114,23.398752,0.000000,53.500304,0.000000,4.000000,13.855908,4.238785,7.879394,0.000000,-6.126283,-3.711424,-2.414859,34.007720,8.846423,54.630097,-28.328157,-32.854098,-13.463031,-0.281018,0.282641,30.427880,19.000000,421.672167,1.601467,4.000000,13.855908,4.238785,7.879394,1.000000,-6.126283,-3.711424,-2.414859,34.007720,8.846423,54.630097,-28.328157,-32.854098,-13.463031,-0.281018,0.282641,7.777207,5.000000,49.073241,1.555441,3.000000,48.592599,42.145042,35.840681,1.000000,-0.556787,0.196633,-0.753421,19.839136,21.021089,27.314000,-0.668298,1.589753,21.279596,0.451638,0.137269,13.680116,2.000000,150.882433,6.840058,8.000000,34.672831,4.444844,14.677379,0.000000,0.423804,1.656498,-1.232694,17.376660,16.400774,36.714071,-8.193827,-4.272153,17.670432,-0.199060,0.108335,9.970762,12.000000,132.864358,0.830897,1.000000,47.161923,24.192235,70.850127,1.000000,1.617536,1.992505,-0.374970,15.400355,21.027061,27.289071,-2.076593,2.573030,23.542007,0.232941,0.076176,6.980609,13.000000,29.787234,0.536970,2.000000,61.238405,42.099567,37.739116,1.000000,2.142433,2.833190,-0.690758,22.464694,20.649612,21.791110,1.458870,6.859232,27.489496,0.764519,0.055968,30.607815,20.000000,296.275072,1.530391,1.000000,71.369025,82.558740,90.987072,0.000000,4.643274,3.463387,1.179887,39.966506,34.228463,16.068799,5.992043,12.238229,31.797509,0.691958,0.332051,9.363542,9.000000,92.600236,1.040394,2.000000,11.249295,0.000000,45.154420,0.000000,2.000000,19.944245,9.000000,80.913399,2.216027,2.000000,32.712026,19.000000,288.861232,1.721686,1.000000,10.172496,2.000000,26.866171,5.086248,2.000000,60.936227,42.000000,495.567523,1.450863,1.000000,10.949832,4.000000,112.751051,2.737458,8.000000,10.756091,0.000000,109.570113,0.000000,2.000000,8.939110,5.000000,57.827760,1.787822,2.000000,18.284632,8.000000,102.861492,2.285579,7.000000,15.093039,3.000000,144.841270,5.031013,4.000000,11.632559,7.000000,57.070961,1.661794,3.000000,4.000000,6.000000,28.000000,-1.000000,,,,0.000000,54.804270,54.804270,0.000000,0.000000,0.000000,0.000000,0.000000,0.000000,0.000000,0.000000,0.500000,0.000000,,0.000000,,0.000000,53.918495,53.918495,0.000000,0.000000,0.000000,0.000000,0.000000,0.000000,0.000000,0.000000,0.500000,0.000000,2.874663,0.000000,0.000000,421.672167,29.787234,15.385402,3.473389
2023-02-06T18:30:00Z,0.630139,no_impulse,0,ADANIENT,1d,-1.000000,96.389325,35.051818,3.000000,11.683939,-53.041170,-81.404710,-69.786586,57.145815,0.000000,46.125996,0.000000,4.000000,12.389728,3.142371,14.224979,0.000000,-25.055605,-13.717389,-11.338215,45.303035,4.311794,57.853533,-100.836699,-122.091828,-98.301138,-0.181147,0.737114,55.335347,4.000000,291.823797,13.833837,4.000000,12.389728,3.142371,14.224979,0.000000,-25.055605,-13.717389,-11.338215,45.303035,4.311794,57.853533,-100.836699,-122.091828,-98.301138,-0.181147,0.737114,23.398752,0.000000,53.500304,0.000000,4.000000,13.855908,4.238785,7.879394,0.000000,-6.126283,-3.711424,-2.414859,34.007720,8.846423,54.630097,-28.328157,-32.854098,-13.463031,-0.281018,0.282641,30.427880,19.000000,421.672167,1.601467,4.000000,13.855908,4.238785,7.879394,1.000000,-6.126283,-3.711424,-2.414859,34.007720,8.846423,54.630097,-28.328157,-32.854098,-13.463031,-0.281018,0.282641,7.777207,5.000000,49.073241,1.555441,3.000000,48.592599,42.145042,35.840681,1.000000,-0.556787,0.196633,-0.753421,19.839136,21.021089,27.314000,-0.668298,1.589753,21.279596,0.451638,0.137269,13.680116,2.000000,150.882433,6.840058,8.000000,34.672831,4.444844,14.677379,0.000000,0.423804,1.656498,-1.232694,17.376660,16.400774,36.714071,-8.193827,-4.272153,17.670432,-0.199060,0.108335,9.970762,12.000000,132.864358,0.830897,1.000000,47.161923,24.192235,70.850127,1.000000,1.617536,1.992505,-0.374970,15.400355,21.027061,27.289071,-2.076593,2.573030,23.542007,0.232941,0.076176,6.980609,13.000000,29.787234,0.536970,2.000000,61.238405,42.099567,37.739116,1.000000,2.142433,2.833190,-0.690758,22.464694,20.649612,21.791110,1.458870,6.859232,27.489496,0.764519,0.055968,30.607815,20.000000,296.275072,1.530391,1.000000,9.363542,9.000000,92.600236,1.040394,2.000000,11.249295,0.000000,45.154420,0.000000,2.000000,19.944245,9.000000,80.913399,2.216027,2.000000,32.712026,19.000000,288.861232,1.721686,1.000000,10.172496,2.000000,26.866171,5.086248,2.000000,60.936227,42.000000,495.567523,1.450863,1.000000,10.949832,4.000000,112.751051,2.737458,8.000000,10.756091,0.000000,109.570113,0.000000,2.000000,8.939110,5.000000,57.827760,1.787822,2.000000,18.284632,8.000000,102.861492,2.285579,7.000000,15.093039,3.000000,144.841270,5.031013,4.000000,2.000000,1.000000,31.000000,-1.000000,,,,0.000000,54.804270,54.804270,0.000000,0.000000,0.000000,0.000000,0.000000,0.000000,0.000000,0.000000,0.500000,0.000000,,0.000000,,0.000000,53.918495,53.918495,0.000000,0.000000,0.000000,0.000000,0.000000,0.000000,0.000000,0.000000,0.500000,0.000000,1.432512,0.357143,3.000000,421.672167,29.787234,18.956318,2.618857
2023-02-07T18:30:00Z,0.917856,no_impulse,0,ADANIENT,1d,1.000000,84.602856,45.659229,1.000000,45.659229,-24.872398,-49.114062,-41.027928,35.051818,3.000000,96.389325,11.683939,2.000000,22.093977,29.859232,23.955997,1.000000,-29.776153,-19.967436,-9.808717,52.169334,11.347316,51.496201,-53.041170,-81.404710,-69.786586,0.194063,1.132851,57.145815,0.000000,46.125996,0.000000,4.000000,12.389728,3.142371,14.224979,0.000000,-25.055605,-13.717389,-11.338215,45.303035,4.311794,57.853533,-100.836699,-122.091828,-98.301138,-0.181147,0.737114,55.335347,4.000000,291.823797,13.833837,4.000000,12.389728,3.142371,14.224979,0.000000,-25.055605,-13.717389,-11.338215,45.303035,4.311794,57.853533,-100.836699,-122.091828,-98.301138,-0.181147,0.737114,23.398752,0.000000,53.500304,0.000000,4.000000,13.855908,4.238785,7.879394,0.000000,-6.126283,-3.711424,-2.414859,34.007720,8.846423,54.630097,-28.328157,-32.854098,-13.463031,-0.281018,0.282641,30.427880,19.000000,421.672167,1.601467,4.000000,13.855908,4.238785,7.879394,1.000000,-6.126283,-3.711424,-2.414859,34.007720,8.846423,54.630097,-28.328157,-32.854098,-13.463031,-0.281018,0.282641,7.777207,5.000000,49.073241,1.555441,3.000000,48.592599,42.145042,35.840681,1.000000,-0.556787,0.196633,-0.753421,19.839136,21.021089,27.314000,-0.668298,1.589753,21.279596,0.451638,0.137269,13.680116,2.000000,150.882433,6.840058,8.000000,34.672831,4.444844,14.677379,0.000000,0.423804,1.656498,-1.232694,17.376660,16.400774,36.714071,-8.193827,-4.272153,17.670432,-0.199060,0.108335,9.970762,12.000000,132.864358,0.830897,1.000000,47.161923,24.192235,70.850127,1.000000,1.617536,1.992505,-0.374970,15.400355,21.027061,27.289071,-2.076593,2.573030,23.542007,0.232941,0.076176,6.980609,13.000000,29.787234,0.536970,2.000000,30.607815,20.000000,296.275072,1.530391,1.000000,9.363542,9.000000,92.600236,1.040394,2.000000,11.249295,0.000000,45.154420,0.000000,2.000000,19.944245,9.000000,80.913399,2.216027,2.000000,32.712026,19.000000,288.861232,1.721686,1.000000,10.172496,2.000000,26.866171,5.086248,2.000000,60.936227,42.000000,495.567523,1.450863,1.000000,10.949832,4.000000,112.751051,2.737458,8.000000,10.756091,0.000000,109.570113,0.000000,2.000000,8.939110,5.000000,57.827760,1.787822,2.000000,18.284632,8.000000,102.861492,2.285579,7.000000,3.000000,1.000000,32.000000,-1.000000,,,,0.000000,54.804270,54.804270,0.000000,0.000000,0.000000,0.000000,0.000000,0.000000,0.000000,0.000000,0.500000,0.000000,,0.000000,,0.000000,53.918495,53.918495,0.000000,0.000000,0.000000,0.000000,0.000000,0.000000,0.000000,0.000000,0.500000,0.000000,1.688730,0.128205,4.000000,421.672167,29.787234,18.414732,2.394867
2023-02-27T18:30:00Z,0.455924,no_impulse,0,ADANIENT,1d,-1.000000,160.550866,50.327252,14.000000,3.594804,-32.655251,-84.394671,-109.800754,45.659229,1.000000,84.602856,45.659229,3.000000,33.670421,45.504031,32.152726,0.000000,-23.827846,-18.072625,-5.755221,51.891132,16.229112,46.521800,-24.872398,-49.114062,-41.027928,0.328958,1.164527,35.051818,3.000000,96.389325,11.683939,2.000000,22.093977,29.859232,23.955997,1.000000,-29.776153,-19.967436,-9.808717,52.169334,11.347316,51.496201,-53.041170,-81.404710,-69.786586,0.194063,1.132851,57.145815,0.000000,46.125996,0.000000,4.000000,12.389728,3.142371,14.224979,0.000000,-25.055605,-13.717389,-11.338215,45.303035,4.311794,57.853533,-100.836699,-122.091828,-98.301138,-0.181147,0.737114,55.335347,4.000000,291.823797,13.833837,4.000000,12.389728,3.142371,14.224979,0.000000,-25.055605,-13.717389,-11.338215,45.303035,4.311794,57.853533,-100.836699,-122.091828,-98.301138,-0.181147,0.737114,23.398752,0.000000,53.500304,0.000000,4.000000,13.855908,4.238785,7.879394,0.000000,-6.126283,-3.711424,-2.414859,34.007720,8.846423,54.630097,-28.328157,-32.854098,-13.463031,-0.281018,0.282641,30.427880,19.000000,421.672167,1.601467,4.000000,13.855908,4.238785,7.879394,1.000000,-6.126283,-3.711424,-2.414859,34.007720,8.846423,54.630097,-28.328157,-32.854098,-13.463031,-0.281018,0.282641,7.777207,5.000000,49.073241,1.555441,3.000000,48.592599,42.145042,35.840681,1.000000,-0.556787,0.196633,-0.753421,19.839136,21.021089,27.314000,-0.668298,1.589753,21.279596,0.451638,0.137269,13.680116,2.000000,150.882433,6.840058,8.000000,34.672831,4.444844,14.677379,0.000000,0.423804,1.656498,-1.232694,17.376660,16.400774,36.714071,-8.193827,-4.272153,17.670432,-0.199060,0.108335,9.970762,12.000000,132.864358,0.830897,1.000000,6.980609,13.000000,29.787234,0.536970,2.000000,30.607815,20.000000,296.275072,1.530391,1.000000,9.363542,9.000000,92.600236,1.040394,2.000000,11.249295,0.000000,45.154420,0.000000,2.000000,19.944245,9.000000,80.913399,2.216027,2.000000,32.712026,19.000000,288.861232,1.721686,1.000000,10.172496,2.000000,26.866171,5.086248,2.000000,60.936227,42.000000,495.567523,1.450863,1.000000,10.949832,4.000000,112.751051,2.737458,8.000000,10.756091,0.000000,109.570113,0.000000,2.000000,8.939110,5.000000,57.827760,1.787822,2.000000,4.000000,2.000000,46.000000,-1.000000,,,,0.000000,54.804270,54.804270,0.000000,0.000000,0.000000,0.000000,0.000000,0.000000,0.000000,0.000000,0.500000,0.000000,,0.000000,,0.000000,53.918495,53.918495,0.000000,0.000000,0.000000,0.000000,0.000000,0.000000,0.000000,0.000000,0.500000,0.000000,1.763223,2.372881,18.000000,421.672167,29.787234,19.331279,1.262865
2023-03-05T18:30:00Z,0.881897,no_impulse,0,ADANIENT,1d,1.000000,92.215458,93.430521,4.000000,23.357630,9.286605,-21.240912,-42.121071,50.327252,14.000000,160.550866,3.594804,4.000000,29.287505,24.435398,11.930472,0.000000,-32.110114,-33.165833,1.055719,54.785248,11.313854,41.053304,-32.655251,-84.394671,-109.800754,0.054915,0.553077,45.659229,1.000000,84.602856,45.659229,3.000000,33.670421,45.504031,32.152726,0.000000,-23.827846,-18.072625,-5.755221,51.891132,16.229112,46.521800,-24.872398,-49.114062,-41.027928,0.328958,1.164527,35.051818,3.000000,96.389325,11.683939,2.000000,22.093977,29.859232,23.955997,1.000000,-29.776153,-19.967436,-9.808717,52.169334,11.347316,51.496201,-53.041170,-81.404710,-69.786586,0.194063,1.132851,57.145815,0.000000,46.125996,0.000000,4.000000,12.389728,3.142371,14.224979,0.000000,-25.055605,-13.717389,-11.338215,45.303035,4.311794,57.853533,-100.836699,-122.091828,-98.301138,-0.181147,0.737114,55.335347,4.000000,291.823797,13.833837,4.000000,12.389728,3.142371,14.224979,0.000000,-25.055605,-13.717389,-11.338215,45.303035,4.311794,57.853533,-100.836699,-122.091828,-98.301138,-0.181147,0.737114,23.398752,0.000000,53.500304,0.000000,4.000000,13.855908,4.238785,7.879394,0.000000,-6.126283,-3.711424,-2.414859,34.007720,8.846423,54.630097,-28.328157,-32.854098,-13.463031,-0.281018,0.282641,30.427880,19.000000,421.672167,1.601467,4.000000,13.855908,4.238785,7.879394,1.000000,-6.126283,-3.711424,-2.414859,34.007720,8.846423,54.630097,-28.328157,-32.854098,-13.463031,-0.281018,0.282641,7.777207,5.000000,49.073241,1.555441,3.000000,48.592599,42.145042,35.840681,1.000000,-0.556787,0.196633,-0.753421,19.839136,21.021089,27.314000,-0.668298,1.589753,21.279596,0.451638,0.137269,13.680116,2.000000,150.882433,6.840058,8.000000,9.970762,12.000000,132.864358,0.830897,1.000000,6.980609,13.000000,29.787234,0.536970,2.000000,30.607815,20.000000,296.275072,1.530391,1.000000,9.363542,9.000000,92.600236,1.040394,2.000000,11.249295,0.000000,45.154420,0.000000,2.000000,19.944245,9.000000,80.913399,2.216027,2.000000,32.712026,19.000000,288.861232,1.721686,1.000000,10.172496,2.000000,26.866171,5.086248,2.000000,60.936227,42.000000,495.567523,1.450863,1.000000,10.949832,4.000000,112.751051,2.737458,8.000000,10.756091,0.000000,109.570113,0.000000,2.000000,3.000000,3.000000,50.000000,-1.000000,,,,0.000000,54.804270,54.804270,0.000000,0.000000,0.000000,0.000000,0.000000,0.000000,0.000000,0.000000,0.500000,0.000000,,0.000000,,0.000000,53.918495,53.918495,0.000000,0.000000,0.000000,0.000000,0.000000,0.000000,0.000000,0.000000,0.500000,0.000000,2.841784,0.666667,,421.672167,46.125996,18.812024,0.964368
2023-03-27T18:30:00Z,0.649738,no_impulse,0,ADANIENT,1d,-1.000000,54.500900,26.324943,15.000000,1.754996,-11.894784,-33.429229,-67.360724,93.430521,4.000000,92.215458,23.357630,3.000000,50.753172,85.247049,81.164502,0.000000,-13.359326,-19.063730,5.704404,46.341130,28.438979,29.454207,9.286605,-21.240912,-42.121071,0.690651,0.536965,50.327252,14.000000,160.550866,3.594804,4.000000,29.287505,24.435398,11.930472,0.000000,-32.110114,-33.165833,1.055719,54.785248,11.313854,41.053304,-32.655251,-84.394671,-109.800754,0.054915,0.553077,45.659229,1.000000,84.602856,45.659229,3.000000,33.670421,45.504031,32.152726,0.000000,-23.827846,-18.072625,-5.755221,51.891132,16.229112,46.521800,-24.872398,-49.114062,-41.027928,0.328958,1.164527,35.051818,3.000000,96.389325,11.683939,2.000000,22.093977,29.859232,23.955997,1.000000,-29.776153,-19.967436,-9.808717,52.169334,11.347316,51.496201,-53.041170,-81.404710,-69.786586,0.194063,1.132851,57.145815,0.000000,46.125996,0.000000,4.000000,12.389728,3.142371,14.224979,0.000000,-25.055605,-13.717389,-11.338215,45.303035,4.311794,57.853533,-100.836699,-122.091828,-98.301138,-0.181147,0.737114,55.335347,4.000000,291.823797,13.833837,4.000000,12.389728,3.142371,14.224979,0.000000,-25.055605,-13.717389,-11.338215,45.303035,4.311794,57.853533,-100.836699,-122.091828,-98.301138,-0.181147,0.737114,23.398752,0.000000,53.500304,0.000000,4.000000,13.855908,4.238785,7.879394,0.000000,-6.126283,-3.711424,-2.414859,34.007720,8.846423,54.630097,-28.328157,-32.854098,-13.463031,-0.281018,0.282641,30.427880,19.000000,421.672167,1.601467,4.000000,13.855908,4.238785,7.879394,1.000000,-6.126283,-3.711424,-2.414859,34.007720,8.846423,54.630097,-28.328157,-32.854098,-13.463031,-0.281018,0.282641,7.777207,5.000000,49.073241,1.555441,3.000000,13.680116,2.000000,150.882433,6.840058,8.000000,9.970762,12.000000,132.864358,0.830897,1.000000,6.980609,13.000000,29.787234,0.536970,2.000000,30.607815,20.000000,296.275072,1.530391,1.000000,9.363542,9.000000,92.600236,1.040394,2.000000,11.249295,0.000000,45.154420,0.000000,2.000000,19.944245,9.000000,80.913399,2.216027,2.000000,32.712026,19.000000,288.861232,1.721686,1.000000,10.172496,2.000000,26.866171,5.086248,2.000000,60.936227,42.000000,495.567523,1.450863,1.000000,10.949832,4.000000,112.751051,2.737458,8.000000,2.000000,1.000000,65.000000,-1.000000,,,,0.000000,54.804270,54.804270,0.000000,0.000000,0.000000,0.000000,0.000000,0.000000,0.000000,0.000000,0.500000,0.000000,,0.000000,,0.000000,53.918495,53.918495,0.000000,0.000000,0.000000,0.000000,0.000000,0.000000,0.000000,0.000000,0.500000,0.000000,0.638592,2.884615,15.000000,421.672167,46.125996,25.012087,1.283896
2023-05-21T18:30:00Z,0.969452,no_impulse,0,ADANIENT,1d,1.000000,137.713342,49.206557,34.000000,1.447252,16.792644,15.709618,-5.245761,26.324943,15.000000,54.500900,1.754996,2.000000,37.700207,5.616809,13.494285,1.000000,-5.031666,-5.895282,0.863616,26.971226,17.611732,34.374713,-11.894784,-33.429229,-67.360724,0.192287,0.345463,93.430521,4.000000,92.215458,23.357630,3.000000,50.753172,85.247049,81.164502,0.000000,-13.359326,-19.063730,5.704404,46.341130,28.438979,29.454207,9.286605,-21.240912,-42.121071,0.690651,0.536965,50.327252,14.000000,160.550866,3.594804,4.000000,29.287505,24.435398,11.930472,0.000000,-32.110114,-33.165833,1.055719,54.785248,11.313854,41.053304,-32.655251,-84.394671,-109.800754,0.054915,0.553077,45.659229,1.000000,84.602856,45.659229,3.000000,33.670421,45.504031,32.152726,0.000000,-23.827846,-18.072625,-5.755221,51.891132,16.229112,46.521800,-24.872398,-49.114062,-41.027928,0.328958,1.164527,35.051818,3.000000,96.389325,11.683939,2.000000,22.093977,29.859232,23.955997,1.000000,-29.776153,-19.967436,-9.808717,52.169334,11.347316,51.496201,-53.041170,-81.404710,-69.786586,0.194063,1.132851,57.145815,0.000000,46.125996,0.000000,4.000000,12.389728,3.142371,14.224979,0.000000,-25.055605,-13.717389,-11.338215,45.303035,4.311794,57.853533,-100.836699,-122.091828,-98.301138,-0.181147,0.737114,55.335347,4.000000,291.823797,13.833837,4.000000,12.389728,3.142371,14.224979,0.000000,-25.055605,-13.717389,-11.338215,45.303035,4.311794,57.853533,-100.836699,-122.091828,-98.301138,-0.181147,0.737114,23.398752,0.000000,53.500304,0.000000,4.000000,13.855908,4.238785,7.879394,0.000000,-6.126283,-3.711424,-2.414859,34.007720,8.846423,54.630097,-28.328157,-32.854098,-13.463031,-0.281018,0.282641,30.427880,19.000000,421.672167,1.601467,4.000000,7.777207,5.000000,49.073241,1.555441,3.000000,13.680116,2.000000,150.882433,6.840058,8.000000,9.970762,12.000000,132.864358,0.830897,1.000000,6.980609,13.000000,29.787234,0.536970,2.000000,30.607815,20.000000,296.275072,1.530391,1.000000,9.363542,9.000000,92.600236,1.040394,2.000000,11.249295,0.000000,45.154420,0.000000,2.000000,19.944245,9.000000,80.913399,2.216027,2.000000,32.712026,19.000000,288.861232,1.721686,1.000000,10.172496,2.000000,26.866171,5.086248,2.000000,60.936227,42.000000,495.567523,1.450863,1.000000,1.000000,2.000000,99.000000,-1.000000,,,,80.112709,96.271809,72.274283,1.983212,0.797969,1.185243,19.735753,43.234494,11.336013,16.477666,18.077328,1.428574,0.212460,,0.000000,,0.000000,53.918495,53.918495,0.000000,0.000000,0.000000,0.000000,0.000000,0.000000,0.000000,0.000000,0.500000,0.000000,1.158132,5.230769,49.000000,421.672167,46.125996,23.752855,1.233763
2023-05-21T18:30:00Z,0.819266,no_impulse,0,ADANIENT,1d,-1.000000,46.974947,15.491782,0.000000,0.000000,16.792644,15.709618,-5.245761,49.206557,34.000000,137.713342,1.447252,1.000000,76.052186,96.271809,72.274283,1.000000,2.338329,1.218591,1.119739,11.693393,43.878462,15.049073,16.792644,15.709618,-5.245761,1.446324,0.213264,26.324943,15.000000,54.500900,1.754996,2.000000,37.700207,5.616809,13.494285,1.000000,-5.031666,-5.895282,0.863616,26.971226,17.611732,34.374713,-11.894784,-33.429229,-67.360724,0.192287,0.345463,93.430521,4.000000,92.215458,23.357630,3.000000,50.753172,85.247049,81.164502,0.000000,-13.359326,-19.063730,5.704404,46.341130,28.438979,29.454207,9.286605,-21.240912,-42.121071,0.690651,0.536965,50.327252,14.000000,160.550866,3.594804,4.000000,29.287505,24.435398,11.930472,0.000000,-32.110114,-33.165833,1.055719,54.785248,11.313854,41.053304,-32.655251,-84.394671,-109.800754,0.054915,0.553077,45.659229,1.000000,84.602856,45.659229,3.000000,33.670421,45.504031,32.152726,0.000000,-23.827846,-18.072625,-5.755221,51.891132,16.229112,46.521800,-24.872398,-49.114062,-41.027928,0.328958,1.164527,35.051818,3.000000,96.389325,11.683939,2.000000,22.093977,29.859232,23.955997,1.000000,-29.776153,-19.967436,-9.808717,52.169334,11.347316,51.496201,-53.041170,-81.404710,-69.786586,0.194063,1.132851,57.145815,0.000000,46.125996,0.000000,4.000000,12.389728,3.142371,14.224979,0.000000,-25.055605,-13.717389,-11.338215,45.303035,4.311794,57.853533,-100.836699,-122.091828,-98.301138,-0.181147,0.737114,55.335347,4.000000,291.823797,13.833837,4.000000,12.389728,3.142371,14.224979,0.000000,-25.055605,-13.717389,-11.338215,45.303035,4.311794,57.853533,-100.836699,-122.091828,-98.301138,-0.181147,0.737114,23.398752,0.000000,53.500304,0.000000,4.000000,30.427880,19.000000,421.672167,1.601467,4.000000,7.777207,5.000000,49.073241,1.555441,3.000000,13.680116,2.000000,150.882433,6.840058,8.000000,9.970762,12.000000,132.864358,0.830897,1.000000,6.980609,13.000000,29.787234,0.536970,2.000000,30.607815,20.000000,296.275072,1.530391,1.000000,9.363542,9.000000,92.600236,1.040394,2.000000,11.249295,0.000000,45.154420,0.000000,2.000000,19.944245,9.000000,80.913399,2.216027,2.000000,32.712026,19.000000,288.861232,1.721686,1.000000,10.172496,2.000000,26.866171,5.086248,2.000000,1.000000,3.000000,99.000000,-1.000000,,,,80.112709,96.271809,72.274283,1.983212,0.797969,1.185243,19.735753,43.234494,11.336013,16.477666,18.077328,1.428574,0.212460,,0.000000,,0.000000,53.918495,53.918495,0.000000,0.000000,0.000000,0.000000,0.000000,0.000000,0.000000,0.000000,0.500000,0.000000,0.332222,0.000000,49.000000,421.672167,46.125996,20.402761,1.289409
2023-05-25T18:30:00Z,1.073921,no_impulse,0,ADANIENT,1d,1.000000,169.560284,31.083260,4.000000,7.770815,16.021926,19.533857,3.629290,15.491782,0.000000,46.974947,0.000000,1.000000,76.052186,96.271809,72.274283,0.000000,2.338329,1.218591,1.119739,11.693393,43.878462,15.049073,16.792644,15.709618,-5.245761,1.446324,0.213264,49.206557,34.000000,137.713342,1.447252,1.000000,76.052186,96.271809,72.274283,1.000000,2.338329,1.218591,1.119739,11.693393,43.878462,15.049073,16.792644,15.709618,-5.245761,1.446324,0.213264,26.324943,15.000000,54.500900,1.754996,2.000000,37.700207,5.616809,13.494285,1.000000,-5.031666,-5.895282,0.863616,26.971226,17.611732,34.374713,-11.894784,-33.429229,-67.360724,0.192287,0.345463,93.430521,4.000000,92.215458,23.357630,3.000000,50.753172,85.247049,81.164502,0.000000,-13.359326,-19.063730,5.704404,46.341130,28.438979,29.454207,9.286605,-21.240912,-42.121071,0.690651,0.536965,50.327252,14.000000,160.550866,3.594804,4.000000,29.287505,24.435398,11.930472,0.000000,-32.110114,-33.165833,1.055719,54.785248,11.313854,41.053304,-32.655251,-84.394671,-109.800754,0.054915,0.553077,45.659229,1.000000,84.602856,45.659229,3.000000,33.670421,45.504031,32.152726,0.000000,-23.827846,-18.072625,-5.755221,51.891132,16.229112,46.521800,-24.872398,-49.114062,-41.027928,0.328958,1.164527,35.051818,3.000000,96.389325,11.683939,2.000000,22.093977,29.859232,23.955997,1.000000,-29.776153,-19.967436,-9.808717,52.169334,11.347316,51.496201,-53.041170,-81.404710,-69.786586,0.194063,1.132851,57.145815,0.000000,46.125996,0.000000,4.000000,12.389728,3.142371,14.224979,0.000000,-25.055605,-13.717389,-11.338215,45.303035,4.311794,57.853533,-100.836699,-122.091828,-98.301138,-0.181147,0.737114,55.335347,4.000000,291.823797,13.833837,4.000000,23.398752,0.000000,53.500304,0.000000,4.000000,30.427880,19.000000,421.672167,1.601467,4.000000,7.777207,5.000000,49.073241,1.555441,3.000000,13.680116,2.000000,150.882433,6.840058,8.000000,9.970762,12.000000,132.864358,0.830897,1.000000,6.980609,13.000000,29.787234,0.536970,2.000000,30.607815,20.000000,296.275072,1.530391,1.000000,9.363542,9.000000,92.600236,1.040394,2.000000,11.249295,0.000000,45.154420,0.000000,2.000000,19.944245,9.000000,80.913399,2.216027,2.000000,32.712026,19.000000,288.861232,1.721686,1.000000,1.000000,4.000000,103.000000,-1.000000,,,,75.258987,76.146894,73.351638,6.282951,3.441107,2.841844,32.946683,43.410616,7.966652,15.828966,21.378369,0.883513,0.490354,,0.000000,,0.000000,53.918495,53.918495,0.000000,0.000000,0.000000,0.000000,0.000000,0.000000,0.000000,0.000000,0.500000,0.000000,0.688639,0.533333,53.000000,291.823797,46.125996,22.189210,0.480544
2023-06-22T18:30:00Z,0.893571,no_impulse,0,ADANIENT,1d,-1.000000,70.821482,16.793621,20.000000,0.839681,-6.676324,-1.240690,-9.705403,31.083260,4.000000,169.560284,7.770815,1.000000,73.327363,76.146894,73.351638,0.000000,6.533718,3.759488,2.774231,25.108172,43.755891,10.166257,16.021926,19.533857,3.629290,0.888188,0.491481,15.491782,0.000000,46.974947,0.000000,1.000000,76.052186,96.271809,72.274283,0.000000,2.338329,1.218591,1.119739,11.693393,43.878462,15.049073,16.792644,15.709618,-5.245761,1.446324,0.213264,49.206557,34.000000,137.713342,1.447252,1.000000,76.052186,96.271809,72.274283,1.000000,2.338329,1.218591,1.119739,11.693393,43.878462,15.049073,16.792644,15.709618,-5.245761,1.446324,0.213264,26.324943,15.000000,54.500900,1.754996,2.000000,37.700207,5.616809,13.494285,1.000000,-5.031666,-5.895282,0.863616,26.971226,17.611732,34.374713,-11.894784,-33.429229,-67.360724,0.192287,0.345463,93.430521,4.000000,92.215458,23.357630,3.000000,50.753172,85.247049,81.164502,0.000000,-13.359326,-19.063730,5.704404,46.341130,28.438979,29.454207,9.286605,-21.240912,-42.121071,0.690651,0.536965,50.327252,14.000000,160.550866,3.594804,4.000000,29.287505,24.435398,11.930472,0.000000,-32.110114,-33.165833,1.055719,54.785248,11.313854,41.053304,-32.655251,-84.394671,-109.800754,0.054915,0.553077,45.659229,1.000000,84.602856,45.659229,3.000000,33.670421,45.504031,32.152726,0.000000,-23.827846,-18.072625,-5.755221,51.891132,16.229112,46.521800,-24.872398,-49.114062,-41.027928,0.328958,1.164527,35.051818,3.000000,96.389325,11.683939,2.000000,22.093977,29.859232,23.955997,1.000000,-29.776153,-19.967436,-9.808717,52.169334,11.347316,51.496201,-53.041170,-81.404710,-69.786586,0.194063,1.132851,57.145815,0.000000,46.125996,0.000000,4.000000,55.335347,4.000000,291.823797,13.833837,4.000000,23.398752,0.000000,53.500304,0.000000,4.000000,30.427880,19.000000,421.672167,1.601467,4.000000,7.777207,5.000000,49.073241,1.555441,3.000000,13.680116,2.000000,150.882433,6.840058,8.000000,9.970762,12.000000,132.864358,0.830897,1.000000,6.980609,13.000000,29.787234,0.536970,2.000000,30.607815,20.000000,296.275072,1.530391,1.000000,9.363542,9.000000,92.600236,1.040394,2.000000,11.249295,0.000000,45.154420,0.000000,2.000000,19.944245,9.000000,80.913399,2.216027,2.000000,2.000000,5.000000,123.000000,-1.000000,,,,39.731940,19.313670,25.201652,1.979495,3.734719,-1.755224,26.842966,16.977152,32.213881,-6.706022,-0.296677,-0.111867,0.102711,,0.000000,,0.000000,53.918495,53.918495,0.000000,0.000000,0.000000,0.000000,0.000000,0.000000,0.000000,0.000000,0.500000,0.000000,0.365829,2.531646,73.000000,291.823797,46.125996,21.474267,0.563147
2023-08-17T18:30:00Z,1.101189,no_impulse,0,ADANIENT,1d,1.000000,115.119301,23.234635,38.000000,0.611438,3.546790,6.137366,4.983102,16.793621,20.000000,70.821482,0.839681,2.000000,40.225823,19.313670,25.201652,1.000000,2.046491,3.830911,-1.784420,23.658855,17.472543,32.536677,-6.676324,-1.240690,-9.705403,-0.109158,0.102740,31.083260,4.000000,169.560284,7.770815,1.000000,73.327363,76.146894,73.351638,0.000000,6.533718,3.759488,2.774231,25.108172,43.755891,10.166257,16.021926,19.533857,3.629290,0.888188,0.491481,15.491782,0.000000,46.974947,0.000000,1.000000,76.052186,96.271809,72.274283,0.000000,2.338329,1.218591,1.119739,11.693393,43.878462,15.049073,16.792644,15.709618,-5.245761,1.446324,0.213264,49.206557,34.000000,137.713342,1.447252,1.000000,76.052186,96.271809,72.274283,1.000000,2.338329,1.218591,1.119739,11.693393,43.878462,15.049073,16.792644,15.709618,-5.245761,1.446324,0.213264,26.324943,15.000000,54.500900,1.754996,2.000000,37.700207,5.616809,13.494285,1.000000,-5.031666,-5.895282,0.863616,26.971226,17.611732,34.374713,-11.894784,-33.429229,-67.360724,0.192287,0.345463,93.430521,4.000000,92.215458,23.357630,3.000000,50.753172,85.247049,81.164502,0.000000,-13.359326,-19.063730,5.704404,46.341130,28.438979,29.454207,9.286605,-21.240912,-42.121071,0.690651,0.536965,50.327252,14.000000,160.550866,3.594804,4.000000,29.287505,24.435398,11.930472,0.000000,-32.110114,-33.165833,1.055719,54.785248,11.313854,41.053304,-32.655251,-84.394671,-109.800754,0.054915,0.553077,45.659229,1.000000,84.602856,45.659229,3.000000,33.670421,45.504031,32.152726,0.000000,-23.827846,-18.072625,-5.755221,51.891132,16.229112,46.521800,-24.872398,-49.114062,-41.027928,0.328958,1.164527,35.051818,3.000000,96.389325,11.683939,2.000000,57.145815,0.000000,46.125996,0.000000,4.000000,55.335347,4.000000,291.823797,13.833837,4.000000,23.398752,0.000000,53.500304,0.000000,4.000000,30.427880,19.000000,421.672167,1.601467,4.000000,7.777207,5.000000,49.073241,1.555441,3.000000,13.680116,2.000000,150.882433,6.840058,8.000000,9.970762,12.000000,132.864358,0.830897,1.000000,6.980609,13.000000,29.787234,0.536970,2.000000,30.607815,20.000000,296.275072,1.530391,1.000000,9.363542,9.000000,92.600236,1.040394,2.000000,11.249295,0.000000,45.154420,0.000000,2.000000,1.000000,6.000000,161.000000,-1.000000,,,,61.499278,66.718386,45.669695,1.073207,1.138607,-0.065400,19.710512,33.628660,17.210173,3.546216,6.316249,0.997086,0.073963,,0.000000,,0.000000,53.918495,53.918495,0.000000,0.000000,0.000000,0.000000,0.000000,0.000000,0.000000,0.000000,0.500000,0.000000,0.552528,4.000000,111.000000,169.560284,46.125996,22.998411,0.375047
2023-08-17T18:30:00Z,1.016659,no_impulse,0,ADANIENT,1d,-1.000000,40.714139,7.676236,0.000000,0.000000,3.546790,6.137366,4.983102,23.234635,38.000000,115.119301,0.611438,1.000000,61.479086,66.718386,45.669695,1.000000,1.076375,1.143262,-0.066887,19.363148,33.648034,17.252205,3.546790,6.137366,4.983102,0.997166,0.073963,16.793621,20.000000,70.821482,0.839681,2.000000,40.225823,19.313670,25.201652,1.000000,2.046491,3.830911,-1.784420,23.658855,17.472543,32.536677,-6.676324,-1.240690,-9.705403,-0.109158,0.102740,31.083260,4.000000,169.560284,7.770815,1.000000,73.327363,76.146894,73.351638,0.000000,6.533718,3.759488,2.774231,25.108172,43.755891,10.166257,16.021926,19.533857,3.629290,0.888188,0.491481,15.491782,0.000000,46.974947,0.000000,1.000000,76.052186,96.271809,72.274283,0.000000,2.338329,1.218591,1.119739,11.693393,43.878462,15.049073,16.792644,15.709618,-5.245761,1.446324,0.213264,49.206557,34.000000,137.713342,1.447252,1.000000,76.052186,96.271809,72.274283,1.000000,2.338329,1.218591,1.119739,11.693393,43.878462,15.049073,16.792644,15.709618,-5.245761,1.446324,0.213264,26.324943,15.000000,54.500900,1.754996,2.000000,37.700207,5.616809,13.494285,1.000000,-5.031666,-5.895282,0.863616,26.971226,17.611732,34.374713,-11.894784,-33.429229,-67.360724,0.192287,0.345463,93.430521,4.000000,92.215458,23.357630,3.000000,50.753172,85.247049,81.164502,0.000000,-13.359326,-19.063730,5.704404,46.341130,28.438979,29.454207,9.286605,-21.240912,-42.121071,0.690651,0.536965,50.327252,14.000000,160.550866,3.594804,4.000000,29.287505,24.435398,11.930472,0.000000,-32.110114,-33.165833,1.055719,54.785248,11.313854,41.053304,-32.655251,-84.394671,-109.800754,0.054915,0.553077,45.659229,1.000000,84.602856,45.659229,3.000000,35.051818,3.000000,96.389325,11.683939,2.000000,57.145815,0.000000,46.125996,0.000000,4.000000,55.335347,4.000000,291.823797,13.833837,4.000000,23.398752,0.000000,53.500304,0.000000,4.000000,30.427880,19.000000,421.672167,1.601467,4.000000,7.777207,5.000000,49.073241,1.555441,3.000000,13.680116,2.000000,150.882433,6.840058,8.000000,9.970762,12.000000,132.864358,0.830897,1.000000,6.980609,13.000000,29.787234,0.536970,2.000000,30.607815,20.000000,296.275072,1.530391,1.000000,9.363542,9.000000,92.600236,1.040394,2.000000,1.000000,7.000000,161.000000,-1.000000,,,,61.499278,66.718386,45.669695,1.073207,1.138607,-0.065400,19.710512,33.628660,17.210173,3.546216,6.316249,0.997086,0.073963,,0.000000,,0.000000,53.918495,53.918495,0.000000,0.000000,0.000000,0.000000,0.000000,0.000000,0.000000,0.000000,0.500000,0.000000,0.198556,0.000000,111.000000,169.560284,46.974947,23.025542,0.781245
2023-08-22T18:30:00Z,1.124494,no_impulse,0,ADANIENT,1d,1.000000,127.570565,10.606823,3.000000,3.535608,0.387702,3.486099,3.010546,7.676236,0.000000,40.714139,0.000000,1.000000,61.479086,66.718386,45.669695,0.000000,1.076375,1.143262,-0.066887,19.363148,33.648034,17.252205,3.546790,6.137366,4.983102,0.997166,0.073963,23.234635,38.000000,115.119301,0.611438,1.000000,61.479086,66.718386,45.669695,1.000000,1.076375,1.143262,-0.066887,19.363148,33.648034,17.252205,3.546790,6.137366,4.983102,0.997166,0.073963,16.793621,20.000000,70.821482,0.839681,2.000000,40.225823,19.313670,25.201652,1.000000,2.046491,3.830911,-1.784420,23.658855,17.472543,32.536677,-6.676324,-1.240690,-9.705403,-0.109158,0.102740,31.083260,4.000000,169.560284,7.770815,1.000000,73.327363,76.146894,73.351638,0.000000,6.533718,3.759488,2.774231,25.108172,43.755891,10.166257,16.021926,19.533857,3.629290,0.888188,0.491481,15.491782,0.000000,46.974947,0.000000,1.000000,76.052186,96.271809,72.274283,0.000000,2.338329,1.218591,1.119739,11.693393,43.878462,15.049073,16.792644,15.709618,-5.245761,1.446324,0.213264,49.206557,34.000000,137.713342,1.447252,1.000000,76.052186,96.271809,72.274283,1.000000,2.338329,1.218591,1.119739,11.693393,43.878462,15.049073,16.792644,15.709618,-5.245761,1.446324,0.213264,26.324943,15.000000,54.500900,1.754996,2.000000,37.700207,5.616809,13.494285,1.000000,-5.031666,-5.895282,0.863616,26.971226,17.611732,34.374713,-11.894784,-33.429229,-67.360724,0.192287,0.345463,93.430521,4.000000,92.215458,23.357630,3.000000,50.753172,85.247049,81.164502,0.000000,-13.359326,-19.063730,5.704404,46.341130,28.438979,29.454207,9.286605,-21.240912,-42.121071,0.690651,0.536965,50.327252,14.000000,160.550866,3.594804,4.000000,45.659229,1.000000,84.602856,45.659229,3.000000,35.051818,3.000000,96.389325,11.683939,2.000000,57.145815,0.000000,46.125996,0.000000,4.000000,55.335347,4.000000,291.823797,13.833837,4.000000,23.398752,0.000000,53.500304,0.000000,4.000000,30.427880,19.000000,421.672167,1.601467,4.000000,7.777207,5.000000,49.073241,1.555441,3.000000,13.680116,2.000000,150.882433,6.840058,8.000000,9.970762,12.000000,132.864358,0.830897,1.000000,6.980609,13.000000,29.787234,0.536970,2.000000,30.607815,20.000000,296.275072,1.530391,1.000000,1.000000,8.000000,164.000000,-1.000000,,,,52.330103,40.416000,74.465864,1.692148,1.420595,0.271553,20.865080,28.358787,25.349298,0.387269,3.647707,0.537743,0.103005,,0.000000,,0.000000,53.918495,53.918495,0.000000,0.000000,0.000000,0.000000,0.000000,0.000000,0.000000,0.000000,0.500000,0.000000,0.295267,0.230769,114.000000,169.560284,40.714139,25.041371,0.498055
2023-08-31T18:30:00Z,0.983086,no_impulse,0,ADANIENT,1d,-1.000000,131.133939,12.575304,7.000000,1.796472,-2.038242,-0.083367,-0.250540,10.606823,3.000000,127.570565,3.535608,1.000000,52.332568,40.416000,74.465864,1.000000,1.694710,1.424360,0.270350,20.574842,28.376443,25.372108,0.387702,3.486099,3.010546,0.537785,0.103005,7.676236,0.000000,40.714139,0.000000,1.000000,61.479086,66.718386,45.669695,0.000000,1.076375,1.143262,-0.066887,19.363148,33.648034,17.252205,3.546790,6.137366,4.983102,0.997166,0.073963,23.234635,38.000000,115.119301,0.611438,1.000000,61.479086,66.718386,45.669695,1.000000,1.076375,1.143262,-0.066887,19.363148,33.648034,17.252205,3.546790,6.137366,4.983102,0.997166,0.073963,16.793621,20.000000,70.821482,0.839681,2.000000,40.225823,19.313670,25.201652,1.000000,2.046491,3.830911,-1.784420,23.658855,17.472543,32.536677,-6.676324,-1.240690,-9.705403,-0.109158,0.102740,31.083260,4.000000,169.560284,7.770815,1.000000,73.327363,76.146894,73.351638,0.000000,6.533718,3.759488,2.774231,25.108172,43.755891,10.166257,16.021926,19.533857,3.629290,0.888188,0.491481,15.491782,0.000000,46.974947,0.000000,1.000000,76.052186,96.271809,72.274283,0.000000,2.338329,1.218591,1.119739,11.693393,43.878462,15.049073,16.792644,15.709618,-5.245761,1.446324,0.213264,49.206557,34.000000,137.713342,1.447252,1.000000,76.052186,96.271809,72.274283,1.000000,2.338329,1.218591,1.119739,11.693393,43.878462,15.049073,16.792644,15.709618,-5.245761,1.446324,0.213264,26.324943,15.000000,54.500900,1.754996,2.000000,37.700207,5.616809,13.494285,1.000000,-5.031666,-5.895282,0.863616,26.971226,17.611732,34.374713,-11.894784,-33.429229,-67.360724,0.192287,0.345463,93.430521,4.000000,92.215458,23.357630,3.000000,50.327252,14.000000,160.550866,3.594804,4.000000,45.659229,1.000000,84.602856,45.659229,3.000000,35.051818,3.000000,96.389325,11.683939,2.000000,57.145815,0.000000,46.125996,0.000000,4.000000,55.335347,4.000000,291.823797,13.833837,4.000000,23.398752,0.000000,53.500304,0.000000,4.000000,30.427880,19.000000,421.672167,1.601467,4.000000,7.777207,5.000000,49.073241,1.555441,3.000000,13.680116,2.000000,150.882433,6.840058,8.000000,9.970762,12.000000,132.864358,0.830897,1.000000,6.980609,13.000000,29.787234,0.536970,2.000000,8.000000,1.000000,171.000000,-1.000000,,,,46.164929,20.457969,22.002730,0.153108,0.833854,-0.680746,15.407997,19.111228,26.486465,-2.038464,0.042770,0.307729,0.103902,,0.000000,,0.000000,53.918495,53.918495,0.000000,0.000000,0.000000,0.000000,0.000000,0.000000,0.000000,0.000000,0.500000,0.000000,0.387916,0.530303,121.000000,169.560284,40.714139,25.963363,0.655177
2023-09-10T18:30:00Z,1.086447,no_impulse,0,ADANIENT,1d,1.000000,73.094306,10.513998,6.000000,1.752333,3.976020,5.673354,5.934502,12.575304,7.000000,131.133939,1.796472,8.000000,46.172969,20.457969,22.002730,0.000000,0.154652,0.836124,-0.681472,15.231478,19.125945,26.499374,-2.038242,-0.083367,-0.250540,0.307750,0.103902,10.606823,3.000000,127.570565,3.535608,1.000000,52.332568,40.416000,74.465864,1.000000,1.694710,1.424360,0.270350,20.574842,28.376443,25.372108,0.387702,3.486099,3.010546,0.537785,0.103005,7.676236,0.000000,40.714139,0.000000,1.000000,61.479086,66.718386,45.669695,0.000000,1.076375,1.143262,-0.066887,19.363148,33.648034,17.252205,3.546790,6.137366,4.983102,0.997166,0.073963,23.234635,38.000000,115.119301,0.611438,1.000000,61.479086,66.718386,45.669695,1.000000,1.076375,1.143262,-0.066887,19.363148,33.648034,17.252205,3.546790,6.137366,4.983102,0.997166,0.073963,16.793621,20.000000,70.821482,0.839681,2.000000,40.225823,19.313670,25.201652,1.000000,2.046491,3.830911,-1.784420,23.658855,17.472543,32.536677,-6.676324,-1.240690,-9.705403,-0.109158,0.102740,31.083260,4.000000,169.560284,7.770815,1.000000,73.327363,76.146894,73.351638,0.000000,6.533718,3.759488,2.774231,25.108172,43.755891,10.166257,16.021926,19.533857,3.629290,0.888188,0.491481,15.491782,0.000000,46.974947,0.000000,1.000000,76.052186,96.271809,72.274283,0.000000,2.338329,1.218591,1.119739,11.693393,43.878462,15.049073,16.792644,15.709618,-5.245761,1.446324,0.213264,49.206557,34.000000,137.713342,1.447252,1.000000,76.052186,96.271809,72.274283,1.000000,2.338329,1.218591,1.119739,11.693393,43.878462,15.049073,16.792644,15.709618,-5.245761,1.446324,0.213264,26.324943,15.000000,54.500900,1.754996,2.000000,93.430521,4.000000,92.215458,23.357630,3.000000,50.327252,14.000000,160.550866,3.594804,4.000000,45.659229,1.000000,84.602856,45.659229,3.000000,35.051818,3.000000,96.389325,11.683939,2.000000,57.145815,0.000000,46.125996,0.000000,4.000000,55.335347,4.000000,291.823797,13.833837,4.000000,23.398752,0.000000,53.500304,0.000000,4.000000,30.427880,19.000000,421.672167,1.601467,4.000000,7.777207,5.000000,49.073241,1.555441,3.000000,13.680116,2.000000,150.882433,6.840058,8.000000,9.970762,12.000000,132.864358,0.830897,1.000000,3.000000,2.000000,6.000000,-1.000000,,,,61.156942,68.635131,49.040876,0.493659,0.352166,0.141493,12.955781,29.015218,20.255107,3.975906,5.766315,0.883606,0.107937,,0.000000,,0.000000,53.918495,53.918495,0.000000,0.000000,0.000000,0.000000,0.000000,0.000000,0.000000,0.000000,0.500000,0.000000,0.367079,0.480000,127.000000,169.560284,40.714139,25.814086,0.433943
2023-10-02T18:30:00Z,0.979762,no_impulse,0,ADANIENT,1d,-1.000000,103.215169,9.819608,14.000000,0.701401,-3.769328,-3.474193,-3.146356,10.513998,6.000000,73.094306,1.752333,3.000000,61.151500,68.635131,49.040876,1.000000,0.494571,0.353507,0.141065,12.840596,29.022941,20.267204,3.976020,5.673354,5.934502,0.883617,0.107937,12.575304,7.000000,131.133939,1.796472,8.000000,46.172969,20.457969,22.002730,0.000000,0.154652,0.836124,-0.681472,15.231478,19.125945,26.499374,-2.038242,-0.083367,-0.250540,0.307750,0.103902,10.606823,3.000000,127.570565,3.535608,1.000000,52.332568,40.416000,74.465864,1.000000,1.694710,1.424360,0.270350,20.574842,28.376443,25.372108,0.387702,3.486099,3.010546,0.537785,0.103005,7.676236,0.000000,40.714139,0.000000,1.000000,61.479086,66.718386,45.669695,0.000000,1.076375,1.143262,-0.066887,19.363148,33.648034,17.252205,3.546790,6.137366,4.983102,0.997166,0.073963,23.234635,38.000000,115.119301,0.611438,1.000000,61.479086,66.718386,45.669695,1.000000,1.076375,1.143262,-0.066887,19.363148,33.648034,17.252205,3.546790,6.137366,4.983102,0.997166,0.073963,16.793621,20.000000,70.821482,0.839681,2.000000,40.225823,19.313670,25.201652,1.000000,2.046491,3.830911,-1.784420,23.658855,17.472543,32.536677,-6.676324,-1.240690,-9.705403,-0.109158,0.102740,31.083260,4.000000,169.560284,7.770815,1.000000,73.327363,76.146894,73.351638,0.000000,6.533718,3.759488,2.774231,25.108172,43.755891,10.166257,16.021926,19.533857,3.629290,0.888188,0.491481,15.491782,0.000000,46.974947,0.000000,1.000000,76.052186,96.271809,72.274283,0.000000,2.338329,1.218591,1.119739,11.693393,43.878462,15.049073,16.792644,15.709618,-5.245761,1.446324,0.213264,49.206557,34.000000,137.713342,1.447252,1.000000,26.324943,15.000000,54.500900,1.754996,2.000000,93.430521,4.000000,92.215458,23.357630,3.000000,50.327252,14.000000,160.550866,3.594804,4.000000,45.659229,1.000000,84.602856,45.659229,3.000000,35.051818,3.000000,96.389325,11.683939,2.000000,57.145815,0.000000,46.125996,0.000000,4.000000,55.335347,4.000000,291.823797,13.833837,4.000000,23.398752,0.000000,53.500304,0.000000,4.000000,30.427880,19.000000,421.672167,1.601467,4.000000,7.777207,5.000000,49.073241,1.555441,3.000000,13.680116,2.000000,150.882433,6.840058,8.000000,4.000000,3.000000,20.000000,-1.000000,,,,38.146448,5.994330,11.579351,-0.780127,-0.266519,-0.513609,12.011034,14.745814,25.396554,-3.769359,-3.416031,0.012217,0.074468,,0.000000,,0.000000,53.918495,53.918495,0.000000,0.000000,0.000000,0.000000,0.000000,0.000000,0.000000,0.000000,0.500000,0.000000,0.482519,1.102362,92.000000,169.560284,40.714139,12.653158,0.706351
2023-10-10T18:30:00Z,1.048358,no_impulse,0,ADANIENT,1d,1.000000,64.297125,7.001218,6.000000,1.166870,0.504057,0.710833,1.030460,9.819608,14.000000,103.215169,0.701401,4.000000,38.151682,5.994330,11.579351,1.000000,-0.779787,-0.266018,-0.513769,11.966989,14.751106,25.400792,-3.769328,-3.474193,-3.146356,0.012221,0.074468,10.513998,6.000000,73.094306,1.752333,3.000000,61.151500,68.635131,49.040876,1.000000,0.494571,0.353507,0.141065,12.840596,29.022941,20.267204,3.976020,5.673354,5.934502,0.883617,0.107937,12.575304,7.000000,131.133939,1.796472,8.000000,46.172969,20.457969,22.002730,0.000000,0.154652,0.836124,-0.681472,15.231478,19.125945,26.499374,-2.038242,-0.083367,-0.250540,0.307750,0.103902,10.606823,3.000000,127.570565,3.535608,1.000000,52.332568,40.416000,74.465864,1.000000,1.694710,1.424360,0.270350,20.574842,28.376443,25.372108,0.387702,3.486099,3.010546,0.537785,0.103005,7.676236,0.000000,40.714139,0.000000,1.000000,61.479086,66.718386,45.669695,0.000000,1.076375,1.143262,-0.066887,19.363148,33.648034,17.252205,3.546790,6.137366,4.983102,0.997166,0.073963,23.234635,38.000000,115.119301,0.611438,1.000000,61.479086,66.718386,45.669695,1.000000,1.076375,1.143262,-0.066887,19.363148,33.648034,17.252205,3.546790,6.137366,4.983102,0.997166,0.073963,16.793621,20.000000,70.821482,0.839681,2.000000,40.225823,19.313670,25.201652,1.000000,2.046491,3.830911,-1.784420,23.658855,17.472543,32.536677,-6.676324,-1.240690,-9.705403,-0.109158,0.102740,31.083260,4.000000,169.560284,7.770815,1.000000,73.327363,76.146894,73.351638,0.000000,6.533718,3.759488,2.774231,25.108172,43.755891,10.166257,16.021926,19.533857,3.629290,0.888188,0.491481,15.491782,0.000000,46.974947,0.000000,1.000000,49.206557,34.000000,137.713342,1.447252,1.000000,26.324943,15.000000,54.500900,1.754996,2.000000,93.430521,4.000000,92.215458,23.357630,3.000000,50.327252,14.000000,160.550866,3.594804,4.000000,45.659229,1.000000,84.602856,45.659229,3.000000,35.051818,3.000000,96.389325,11.683939,2.000000,57.145815,0.000000,46.125996,0.000000,4.000000,55.335347,4.000000,291.823797,13.833837,4.000000,23.398752,0.000000,53.500304,0.000000,4.000000,30.427880,19.000000,421.672167,1.601467,4.000000,7.777207,5.000000,49.073241,1.555441,3.000000,3.000000,4.000000,26.000000,-1.000000,,,,51.181686,70.248447,62.345536,-0.313884,-0.419116,0.105232,9.871569,25.967050,21.313464,0.504040,0.754719,0.586470,0.058586,,0.000000,,0.000000,53.918495,53.918495,0.000000,0.000000,0.000000,0.000000,0.000000,0.000000,0.000000,0.000000,0.500000,0.000000,0.374393,0.476190,98.000000,169.560284,40.714139,12.862054,0.792648
2023-10-25T18:30:00Z,0.895105,no_impulse,0,ADANIENT,1d,-1.000000,223.416149,14.618386,10.000000,1.461839,-8.893276,-10.629079,-11.416856,7.001218,6.000000,64.297125,1.166870,3.000000,51.182263,70.248447,62.345536,1.000000,-0.313679,-0.418814,0.105135,9.842811,25.969358,21.316534,0.504057,0.710833,1.030460,0.586473,0.058586,9.819608,14.000000,103.215169,0.701401,4.000000,38.151682,5.994330,11.579351,1.000000,-0.779787,-0.266018,-0.513769,11.966989,14.751106,25.400792,-3.769328,-3.474193,-3.146356,0.012221,0.074468,10.513998,6.000000,73.094306,1.752333,3.000000,61.151500,68.635131,49.040876,1.000000,0.494571,0.353507,0.141065,12.840596,29.022941,20.267204,3.976020,5.673354,5.934502,0.883617,0.107937,12.575304,7.000000,131.133939,1.796472,8.000000,46.172969,20.457969,22.002730,0.000000,0.154652,0.836124,-0.681472,15.231478,19.125945,26.499374,-2.038242,-0.083367,-0.250540,0.307750,0.103902,10.606823,3.000000,127.570565,3.535608,1.000000,52.332568,40.416000,74.465864,1.000000,1.694710,1.424360,0.270350,20.574842,28.376443,25.372108,0.387702,3.486099,3.010546,0.537785,0.103005,7.676236,0.000000,40.714139,0.000000,1.000000,61.479086,66.718386,45.669695,0.000000,1.076375,1.143262,-0.066887,19.363148,33.648034,17.252205,3.546790,6.137366,4.983102,0.997166,0.073963,23.234635,38.000000,115.119301,0.611438,1.000000,61.479086,66.718386,45.669695,1.000000,1.076375,1.143262,-0.066887,19.363148,33.648034,17.252205,3.546790,6.137366,4.983102,0.997166,0.073963,16.793621,20.000000,70.821482,0.839681,2.000000,40.225823,19.313670,25.201652,1.000000,2.046491,3.830911,-1.784420,23.658855,17.472543,32.536677,-6.676324,-1.240690,-9.705403,-0.109158,0.102740,31.083260,4.000000,169.560284,7.770815,1.000000,15.491782,0.000000,46.974947,0.000000,1.000000,49.206557,34.000000,137.713342,1.447252,1.000000,26.324943,15.000000,54.500900,1.754996,2.000000,93.430521,4.000000,92.215458,23.357630,3.000000,50.327252,14.000000,160.550866,3.594804,4.000000,45.659229,1.000000,84.602856,45.659229,3.000000,35.051818,3.000000,96.389325,11.683939,2.000000,57.145815,0.000000,46.125996,0.000000,4.000000,55.335347,4.000000,291.823797,13.833837,4.000000,23.398752,0.000000,53.500304,0.000000,4.000000,30.427880,19.000000,421.672167,1.601467,4.000000,4.000000,5.000000,36.000000,-1.000000,,,,24.910883,9.758132,6.598418,-2.353898,-1.241514,-1.112385,15.221534,14.479860,38.258298,-8.893282,-10.595852,-0.124532,0.130769,,0.000000,,0.000000,53.918495,53.918495,0.000000,0.000000,0.000000,0.000000,0.000000,0.000000,0.000000,0.000000,0.500000,0.000000,1.009582,1.020408,104.000000,169.560284,40.714139,7.579135,0.885816
2023-10-30T18:30:00Z,0.958289,no_impulse,0,ADANIENT,1d,1.000000,41.228802,7.058880,3.000000,2.352960,-3.279437,-5.474601,-6.761058,14.618386,10.000000,223.416149,1.461839,4.000000,24.913638,9.758132,6.598418,0.000000,-2.353791,-1.241355,-1.112435,15.206774,14.481420,38.258984,-8.893276,-10.629079,-11.416856,-0.124532,0.130769,7.001218,6.000000,64.297125,1.166870,3.000000,51.182263,70.248447,62.345536,1.000000,-0.313679,-0.418814,0.105135,9.842811,25.969358,21.316534,0.504057,0.710833,1.030460,0.586473,0.058586,9.819608,14.000000,103.215169,0.701401,4.000000,38.151682,5.994330,11.579351,1.000000,-0.779787,-0.266018,-0.513769,11.966989,14.751106,25.400792,-3.769328,-3.474193,-3.146356,0.012221,0.074468,10.513998,6.000000,73.094306,1.752333,3.000000,61.151500,68.635131,49.040876,1.000000,0.494571,0.353507,0.141065,12.840596,29.022941,20.267204,3.976020,5.673354,5.934502,0.883617,0.107937,12.575304,7.000000,131.133939,1.796472,8.000000,46.172969,20.457969,22.002730,0.000000,0.154652,0.836124,-0.681472,15.231478,19.125945,26.499374,-2.038242,-0.083367,-0.250540,0.307750,0.103902,10.606823,3.000000,127.570565,3.535608,1.000000,52.332568,40.416000,74.465864,1.000000,1.694710,1.424360,0.270350,20.574842,28.376443,25.372108,0.387702,3.486099,3.010546,0.537785,0.103005,7.676236,0.000000,40.714139,0.000000,1.000000,61.479086,66.718386,45.669695,0.000000,1.076375,1.143262,-0.066887,19.363148,33.648034,17.252205,3.546790,6.137366,4.983102,0.997166,0.073963,23.234635,38.000000,115.119301,0.611438,1.000000,61.479086,66.718386,45.669695,1.000000,1.076375,1.143262,-0.066887,19.363148,33.648034,17.252205,3.546790,6.137366,4.983102,0.997166,0.073963,16.793621,20.000000,70.821482,0.839681,2.000000,31.083260,4.000000,169.560284,7.770815,1.000000,15.491782,0.000000,46.974947,0.000000,1.000000,49.206557,34.000000,137.713342,1.447252,1.000000,26.324943,15.000000,54.500900,1.754996,2.000000,93.430521,4.000000,92.215458,23.357630,3.000000,50.327252,14.000000,160.550866,3.594804,4.000000,45.659229,1.000000,84.602856,45.659229,3.000000,35.051818,3.000000,96.389325,11.683939,2.000000,57.145815,0.000000,46.125996,0.000000,4.000000,55.335347,4.000000,291.823797,13.833837,4.000000,23.398752,0.000000,53.500304,0.000000,4.000000,3.000000,6.000000,39.000000,-1.000000,,,,38.643548,34.389769,31.832082,-2.411746,-1.795134,-0.616613,18.146100,19.160402,31.638491,-3.279442,-5.446306,0.287931,0.149730,,0.000000,,0.000000,53.918495,53.918495,0.000000,0.000000,0.000000,0.000000,0.000000,0.000000,0.000000,0.000000,0.500000,0.000000,0.490462,0.277778,107.000000,223.416149,40.714139,7.571204,0.933022
2023-11-19T18:30:00Z,0.884751,no_impulse,0,ADANIENT,1d,-1.000000,116.385705,7.673840,14.000000,0.548131,-4.654189,-8.476373,-12.534323,7.058880,3.000000,41.228802,2.352960,3.000000,38.644714,34.389769,31.832082,0.000000,-2.411664,-1.795013,-0.616651,18.133873,19.161525,31.639294,-3.279437,-5.474601,-6.761058,0.287931,0.149730,14.618386,10.000000,223.416149,1.461839,4.000000,24.913638,9.758132,6.598418,0.000000,-2.353791,-1.241355,-1.112435,15.206774,14.481420,38.258984,-8.893276,-10.629079,-11.416856,-0.124532,0.130769,7.001218,6.000000,64.297125,1.166870,3.000000,51.182263,70.248447,62.345536,1.000000,-0.313679,-0.418814,0.105135,9.842811,25.969358,21.316534,0.504057,0.710833,1.030460,0.586473,0.058586,9.819608,14.000000,103.215169,0.701401,4.000000,38.151682,5.994330,11.579351,1.000000,-0.779787,-0.266018,-0.513769,11.966989,14.751106,25.400792,-3.769328,-3.474193,-3.146356,0.012221,0.074468,10.513998,6.000000,73.094306,1.752333,3.000000,61.151500,68.635131,49.040876,1.000000,0.494571,0.353507,0.141065,12.840596,29.022941,20.267204,3.976020,5.673354,5.934502,0.883617,0.107937,12.575304,7.000000,131.133939,1.796472,8.000000,46.172969,20.457969,22.002730,0.000000,0.154652,0.836124,-0.681472,15.231478,19.125945,26.499374,-2.038242,-0.083367,-0.250540,0.307750,0.103902,10.606823,3.000000,127.570565,3.535608,1.000000,52.332568,40.416000,74.465864,1.000000,1.694710,1.424360,0.270350,20.574842,28.376443,25.372108,0.387702,3.486099,3.010546,0.537785,0.103005,7.676236,0.000000,40.714139,0.000000,1.000000,61.479086,66.718386,45.669695,0.000000,1.076375,1.143262,-0.066887,19.363148,33.648034,17.252205,3.546790,6.137366,4.983102,0.997166,0.073963,23.234635,38.000000,115.119301,0.611438,1.000000,16.793621,20.000000,70.821482,0.839681,2.000000,31.083260,4.000000,169.560284,7.770815,1.000000,15.491782,0.000000,46.974947,0.000000,1.000000,49.206557,34.000000,137.713342,1.447252,1.000000,26.324943,15.000000,54.500900,1.754996,2.000000,93.430521,4.000000,92.215458,23.357630,3.000000,50.327252,14.000000,160.550866,3.594804,4.000000,45.659229,1.000000,84.602856,45.659229,3.000000,35.051818,3.000000,96.389325,11.683939,2.000000,57.145815,0.000000,46.125996,0.000000,4.000000,55.335347,4.000000,291.823797,13.833837,4.000000,4.000000,7.000000,53.000000,-1.000000,,,,30.894639,4.603271,7.836248,-2.504827,-2.557343,0.052516,25.602296,13.582410,30.166976,-4.654190,-8.459123,-0.169819,0.066394,,0.000000,,0.000000,53.918495,53.918495,0.000000,0.000000,0.000000,0.000000,0.000000,0.000000,0.000000,0.000000,0.500000,0.000000,0.640027,1.308411,121.000000,223.416149,40.714139,5.092286,0.871450
2023-11-27T18:30:00Z,1.037749,no_impulse,0,ADANIENT,1d,1.000000,208.053302,17.292690,5.000000,3.458538,7.172496,4.439840,0.534130,7.673840,14.000000,116.385705,0.548131,4.000000,30.895442,4.603271,7.836248,1.000000,-2.504797,-2.557299,0.052502,25.597100,13.582957,30.167330,-4.654189,-8.476373,-12.534323,-0.169819,0.066394,7.058880,3.000000,41.228802,2.352960,3.000000,38.644714,34.389769,31.832082,0.000000,-2.411664,-1.795013,-0.616651,18.133873,19.161525,31.639294,-3.279437,-5.474601,-6.761058,0.287931,0.149730,14.618386,10.000000,223.416149,1.461839,4.000000,24.913638,9.758132,6.598418,0.000000,-2.353791,-1.241355,-1.112435,15.206774,14.481420,38.258984,-8.893276,-10.629079,-11.416856,-0.124532,0.130769,7.001218,6.000000,64.297125,1.166870,3.000000,51.182263,70.248447,62.345536,1.000000,-0.313679,-0.418814,0.105135,9.842811,25.969358,21.316534,0.504057,0.710833,1.030460,0.586473,0.058586,9.819608,14.000000,103.215169,0.701401,4.000000,38.151682,5.994330,11.579351,1.000000,-0.779787,-0.266018,-0.513769,11.966989,14.751106,25.400792,-3.769328,-3.474193,-3.146356,0.012221,0.074468,10.513998,6.000000,73.094306,1.752333,3.000000,61.151500,68.635131,49.040876,1.000000,0.494571,0.353507,0.141065,12.840596,29.022941,20.267204,3.976020,5.673354,5.934502,0.883617,0.107937,12.575304,7.000000,131.133939,1.796472,8.000000,46.172969,20.457969,22.002730,0.000000,0.154652,0.836124,-0.681472,15.231478,19.125945,26.499374,-2.038242,-0.083367,-0.250540,0.307750,0.103902,10.606823,3.000000,127.570565,3.535608,1.000000,52.332568,40.416000,74.465864,1.000000,1.694710,1.424360,0.270350,20.574842,28.376443,25.372108,0.387702,3.486099,3.010546,0.537785,0.103005,7.676236,0.000000,40.714139,0.000000,1.000000,23.234635,38.000000,115.119301,0.611438,1.000000,16.793621,20.000000,70.821482,0.839681,2.000000,31.083260,4.000000,169.560284,7.770815,1.000000,15.491782,0.000000,46.974947,0.000000,1.000000,49.206557,34.000000,137.713342,1.447252,1.000000,26.324943,15.000000,54.500900,1.754996,2.000000,93.430521,4.000000,92.215458,23.357630,3.000000,50.327252,14.000000,160.550866,3.594804,4.000000,45.659229,1.000000,84.602856,45.659229,3.000000,35.051818,3.000000,96.389325,11.683939,2.000000,57.145815,0.000000,46.125996,0.000000,4.000000,7.000000,8.000000,58.000000,-1.000000,,,,65.473869,75.995544,50.271262,-0.988863,-1.889910,0.901047,26.815003,38.118191,15.764736,7.172496,4.452368,1.298569,0.096757,,0.000000,,0.000000,53.918495,53.918495,0.000000,0.000000,0.000000,0.000000,0.000000,0.000000,0.000000,0.000000,0.500000,0.000000,1.561009,0.495050,68.000000,223.416149,40.714139,4.951066,1.073762
2023-11-29T18:30:00Z,0.967833,no_impulse,0,ADANIENT,1d,-1.000000,45.697577,6.737283,2.000000,3.368641,3.642024,1.611093,-2.174281,17.292690,5.000000,208.053302,3.458538,7.000000,65.473687,75.995544,50.271262,1.000000,-0.988845,-1.889884,0.901039,26.811191,38.118286,15.765025,7.172496,4.439840,0.534130,1.298569,0.096757,7.673840,14.000000,116.385705,0.548131,4.000000,30.895442,4.603271,7.836248,1.000000,-2.504797,-2.557299,0.052502,25.597100,13.582957,30.167330,-4.654189,-8.476373,-12.534323,-0.169819,0.066394,7.058880,3.000000,41.228802,2.352960,3.000000,38.644714,34.389769,31.832082,0.000000,-2.411664,-1.795013,-0.616651,18.133873,19.161525,31.639294,-3.279437,-5.474601,-6.761058,0.287931,0.149730,14.618386,10.000000,223.416149,1.461839,4.000000,24.913638,9.758132,6.598418,0.000000,-2.353791,-1.241355,-1.112435,15.206774,14.481420,38.258984,-8.893276,-10.629079,-11.416856,-0.124532,0.130769,7.001218,6.000000,64.297125,1.166870,3.000000,51.182263,70.248447,62.345536,1.000000,-0.313679,-0.418814,0.105135,9.842811,25.969358,21.316534,0.504057,0.710833,1.030460,0.586473,0.058586,9.819608,14.000000,103.215169,0.701401,4.000000,38.151682,5.994330,11.579351,1.000000,-0.779787,-0.266018,-0.513769,11.966989,14.751106,25.400792,-3.769328,-3.474193,-3.146356,0.012221,0.074468,10.513998,6.000000,73.094306,1.752333,3.000000,61.151500,68.635131,49.040876,1.000000,0.494571,0.353507,0.141065,12.840596,29.022941,20.267204,3.976020,5.673354,5.934502,0.883617,0.107937,12.575304,7.000000,131.133939,1.796472,8.000000,46.172969,20.457969,22.002730,0.000000,0.154652,0.836124,-0.681472,15.231478,19.125945,26.499374,-2.038242,-0.083367,-0.250540,0.307750,0.103902,10.606823,3.000000,127.570565,3.535608,1.000000,7.676236,0.000000,40.714139,0.000000,1.000000,23.234635,38.000000,115.119301,0.611438,1.000000,16.793621,20.000000,70.821482,0.839681,2.000000,31.083260,4.000000,169.560284,7.770815,1.000000,15.491782,0.000000,46.974947,0.000000,1.000000,49.206557,34.000000,137.713342,1.447252,1.000000,26.324943,15.000000,54.500900,1.754996,2.000000,93.430521,4.000000,92.215458,23.357630,3.000000,50.327252,14.000000,160.550866,3.594804,4.000000,45.659229,1.000000,84.602856,45.659229,3.000000,35.051818,3.000000,96.389325,11.683939,2.000000,2.000000,1.000000,2.000000,-1.000000,,,,57.746604,58.479532,67.743433,-0.061742,-1.320990,1.259249,27.951161,32.798907,18.013170,3.642023,1.622976,0.806694,0.123239,,0.000000,,0.000000,53.918495,53.918495,0.000000,0.000000,0.000000,0.000000,0.000000,0.000000,0.000000,0.000000,0.500000,0.000000,0.642644,0.294118,70.000000,223.416149,40.714139,3.462884,1.018645
2023-12-04T18:30:00Z,1.239146,no_impulse,0,ADANIENT,1d,1.000000,388.056063,28.033104,3.000000,9.344368,20.002642,20.417626,18.357237,6.737283,2.000000,45.697577,3.368641,2.000000,57.746550,58.479532,67.743433,1.000000,-0.061726,-1.320967,1.259241,27.947799,32.799023,18.013404,3.642024,1.611093,-2.174281,0.806694,0.123239,17.292690,5.000000,208.053302,3.458538,7.000000,65.473687,75.995544,50.271262,1.000000,-0.988845,-1.889884,0.901039,26.811191,38.118286,15.765025,7.172496,4.439840,0.534130,1.298569,0.096757,7.673840,14.000000,116.385705,0.548131,4.000000,30.895442,4.603271,7.836248,1.000000,-2.504797,-2.557299,0.052502,25.597100,13.582957,30.167330,-4.654189,-8.476373,-12.534323,-0.169819,0.066394,7.058880,3.000000,41.228802,2.352960,3.000000,38.644714,34.389769,31.832082,0.000000,-2.411664,-1.795013,-0.616651,18.133873,19.161525,31.639294,-3.279437,-5.474601,-6.761058,0.287931,0.149730,14.618386,10.000000,223.416149,1.461839,4.000000,24.913638,9.758132,6.598418,0.000000,-2.353791,-1.241355,-1.112435,15.206774,14.481420,38.258984,-8.893276,-10.629079,-11.416856,-0.124532,0.130769,7.001218,6.000000,64.297125,1.166870,3.000000,51.182263,70.248447,62.345536,1.000000,-0.313679,-0.418814,0.105135,9.842811,25.969358,21.316534,0.504057,0.710833,1.030460,0.586473,0.058586,9.819608,14.000000,103.215169,0.701401,4.000000,38.151682,5.994330,11.579351,1.000000,-0.779787,-0.266018,-0.513769,11.966989,14.751106,25.400792,-3.769328,-3.474193,-3.146356,0.012221,0.074468,10.513998,6.000000,73.094306,1.752333,3.000000,61.151500,68.635131,49.040876,1.000000,0.494571,0.353507,0.141065,12.840596,29.022941,20.267204,3.976020,5.673354,5.934502,0.883617,0.107937,12.575304,7.000000,131.133939,1.796472,8.000000,10.606823,3.000000,127.570565,3.535608,1.000000,7.676236,0.000000,40.714139,0.000000,1.000000,23.234635,38.000000,115.119301,0.611438,1.000000,16.793621,20.000000,70.821482,0.839681,2.000000,31.083260,4.000000,169.560284,7.770815,1.000000,15.491782,0.000000,46.974947,0.000000,1.000000,49.206557,34.000000,137.713342,1.447252,1.000000,26.324943,15.000000,54.500900,1.754996,2.000000,93.430521,4.000000,92.215458,23.357630,3.000000,50.327252,14.000000,160.550866,3.594804,4.000000,45.659229,1.000000,84.602856,45.659229,3.000000,1.000000,2.000000,5.000000,-1.000000,,,,82.222955,95.263284,80.261891,2.453500,0.104927,2.348573,32.474934,54.721629,9.682301,20.002642,20.426025,1.320371,0.304790,,0.000000,,0.000000,53.918495,53.918495,0.000000,0.000000,0.000000,0.000000,0.000000,0.000000,0.000000,0.000000,0.500000,0.000000,2.698136,0.428571,73.000000,223.416149,41.228802,3.558866,1.105491
2023-12-04T18:30:00Z,1.045546,no_impulse,0,ADANIENT,1d,-1.000000,71.356784,15.623711,0.000000,0.000000,20.002642,20.417626,18.357237,28.033104,3.000000,388.056063,9.344368,1.000000,82.222791,95.263284,80.261891,1.000000,2.453510,0.104942,2.348568,32.472153,54.721614,9.682456,20.002642,20.417626,18.357237,1.320371,0.304790,6.737283,2.000000,45.697577,3.368641,2.000000,57.746550,58.479532,67.743433,1.000000,-0.061726,-1.320967,1.259241,27.947799,32.799023,18.013404,3.642024,1.611093,-2.174281,0.806694,0.123239,17.292690,5.000000,208.053302,3.458538,7.000000,65.473687,75.995544,50.271262,1.000000,-0.988845,-1.889884,0.901039,26.811191,38.118286,15.765025,7.172496,4.439840,0.534130,1.298569,0.096757,7.673840,14.000000,116.385705,0.548131,4.000000,30.895442,4.603271,7.836248,1.000000,-2.504797,-2.557299,0.052502,25.597100,13.582957,30.167330,-4.654189,-8.476373,-12.534323,-0.169819,0.066394,7.058880,3.000000,41.228802,2.352960,3.000000,38.644714,34.389769,31.832082,0.000000,-2.411664,-1.795013,-0.616651,18.133873,19.161525,31.639294,-3.279437,-5.474601,-6.761058,0.287931,0.149730,14.618386,10.000000,223.416149,1.461839,4.000000,24.913638,9.758132,6.598418,0.000000,-2.353791,-1.241355,-1.112435,15.206774,14.481420,38.258984,-8.893276,-10.629079,-11.416856,-0.124532,0.130769,7.001218,6.000000,64.297125,1.166870,3.000000,51.182263,70.248447,62.345536,1.000000,-0.313679,-0.418814,0.105135,9.842811,25.969358,21.316534,0.504057,0.710833,1.030460,0.586473,0.058586,9.819608,14.000000,103.215169,0.701401,4.000000,38.151682,5.994330,11.579351,1.000000,-0.779787,-0.266018,-0.513769,11.966989,14.751106,25.400792,-3.769328,-3.474193,-3.146356,0.012221,0.074468,10.513998,6.000000,73.094306,1.752333,3.000000,12.575304,7.000000,131.133939,1.796472,8.000000,10.606823,3.000000,127.570565,3.535608,1.000000,7.676236,0.000000,40.714139,0.000000,1.000000,23.234635,38.000000,115.119301,0.611438,1.000000,16.793621,20.000000,70.821482,0.839681,2.000000,31.083260,4.000000,169.560284,7.770815,1.000000,15.491782,0.000000,46.974947,0.000000,1.000000,49.206557,34.000000,137.713342,1.447252,1.000000,26.324943,15.000000,54.500900,1.754996,2.000000,93.430521,4.000000,92.215458,23.357630,3.000000,50.327252,14.000000,160.550866,3.594804,4.000000,1.000000,3.000000,5.000000,-1.000000,,,,82.222955,95.263284,80.261891,2.453500,0.104927,2.348573,32.474934,54.721629,9.682301,20.002642,20.426025,1.320371,0.304790,,0.000000,,0.000000,53.918495,53.918495,0.000000,0.000000,0.000000,0.000000,0.000000,0.000000,0.000000,0.000000,0.500000,0.000000,1.287764,0.000000,0.000000,388.056063,41.228802,6.623705,1.773803
2023-12-17T18:30:00Z,1.250650,no_impulse,0,ADANIENT,1d,1.000000,105.941901,19.616952,9.000000,2.179661,9.870823,15.475339,17.555654,15.623711,0.000000,71.356784,0.000000,1.000000,82.222791,95.263284,80.261891,0.000000,2.453510,0.104942,2.348568,32.472153,54.721614,9.682456,20.002642,20.417626,18.357237,1.320371,0.304790,28.033104,3.000000,388.056063,9.344368,1.000000,82.222791,95.263284,80.261891,1.000000,2.453510,0.104942,2.348568,32.472153,54.721614,9.682456,20.002642,20.417626,18.357237,1.320371,0.304790,6.737283,2.000000,45.697577,3.368641,2.000000,57.746550,58.479532,67.743433,1.000000,-0.061726,-1.320967,1.259241,27.947799,32.799023,18.013404,3.642024,1.611093,-2.174281,0.806694,0.123239,17.292690,5.000000,208.053302,3.458538,7.000000,65.473687,75.995544,50.271262,1.000000,-0.988845,-1.889884,0.901039,26.811191,38.118286,15.765025,7.172496,4.439840,0.534130,1.298569,0.096757,7.673840,14.000000,116.385705,0.548131,4.000000,30.895442,4.603271,7.836248,1.000000,-2.504797,-2.557299,0.052502,25.597100,13.582957,30.167330,-4.654189,-8.476373,-12.534323,-0.169819,0.066394,7.058880,3.000000,41.228802,2.352960,3.000000,38.644714,34.389769,31.832082,0.000000,-2.411664,-1.795013,-0.616651,18.133873,19.161525,31.639294,-3.279437,-5.474601,-6.761058,0.287931,0.149730,14.618386,10.000000,223.416149,1.461839,4.000000,24.913638,9.758132,6.598418,0.000000,-2.353791,-1.241355,-1.112435,15.206774,14.481420,38.258984,-8.893276,-10.629079,-11.416856,-0.124532,0.130769,7.001218,6.000000,64.297125,1.166870,3.000000,51.182263,70.248447,62.345536,1.000000,-0.313679,-0.418814,0.105135,9.842811,25.969358,21.316534,0.504057,0.710833,1.030460,0.586473,0.058586,9.819608,14.000000,103.215169,0.701401,4.000000,10.513998,6.000000,73.094306,1.752333,3.000000,12.575304,7.000000,131.133939,1.796472,8.000000,10.606823,3.000000,127.570565,3.535608,1.000000,7.676236,0.000000,40.714139,0.000000,1.000000,23.234635,38.000000,115.119301,0.611438,1.000000,16.793621,20.000000,70.821482,0.839681,2.000000,31.083260,4.000000,169.560284,7.770815,1.000000,15.491782,0.000000,46.974947,0.000000,1.000000,49.206557,34.000000,137.713342,1.447252,1.000000,26.324943,15.000000,54.500900,1.754996,2.000000,93.430521,4.000000,92.215458,23.357630,3.000000,1.000000,4.000000,14.000000,-1.000000,,,,75.472632,78.555993,77.942570,5.922751,4.679974,1.242777,45.769739,41.764928,10.745257,9.870823,15.481157,0.732923,0.470192,,0.000000,,0.000000,53.918495,53.918495,0.000000,0.000000,0.000000,0.000000,0.000000,0.000000,0.000000,0.000000,0.500000,0.000000,1.577271,1.428571,9.000000,388.056063,41.228802,6.715859,1.573566
2023-12-20T18:30:00Z,1.125559,no_impulse,0,ADANIENT,1d,-1.000000,60.988783,10.002044,3.000000,3.334015,2.654329,8.722011,11.825882,19.616952,9.000000,105.941901,2.179661,1.000000,75.472547,78.555993,77.942570,0.000000,5.922756,4.679981,1.242774,45.768181,41.764944,10.745336,9.870823,15.475339,17.555654,0.732923,0.470192,15.623711,0.000000,71.356784,0.000000,1.000000,82.222791,95.263284,80.261891,0.000000,2.453510,0.104942,2.348568,32.472153,54.721614,9.682456,20.002642,20.417626,18.357237,1.320371,0.304790,28.033104,3.000000,388.056063,9.344368,1.000000,82.222791,95.263284,80.261891,1.000000,2.453510,0.104942,2.348568,32.472153,54.721614,9.682456,20.002642,20.417626,18.357237,1.320371,0.304790,6.737283,2.000000,45.697577,3.368641,2.000000,57.746550,58.479532,67.743433,1.000000,-0.061726,-1.320967,1.259241,27.947799,32.799023,18.013404,3.642024,1.611093,-2.174281,0.806694,0.123239,17.292690,5.000000,208.053302,3.458538,7.000000,65.473687,75.995544,50.271262,1.000000,-0.988845,-1.889884,0.901039,26.811191,38.118286,15.765025,7.172496,4.439840,0.534130,1.298569,0.096757,7.673840,14.000000,116.385705,0.548131,4.000000,30.895442,4.603271,7.836248,1.000000,-2.504797,-2.557299,0.052502,25.597100,13.582957,30.167330,-4.654189,-8.476373,-12.534323,-0.169819,0.066394,7.058880,3.000000,41.228802,2.352960,3.000000,38.644714,34.389769,31.832082,0.000000,-2.411664,-1.795013,-0.616651,18.133873,19.161525,31.639294,-3.279437,-5.474601,-6.761058,0.287931,0.149730,14.618386,10.000000,223.416149,1.461839,4.000000,24.913638,9.758132,6.598418,0.000000,-2.353791,-1.241355,-1.112435,15.206774,14.481420,38.258984,-8.893276,-10.629079,-11.416856,-0.124532,0.130769,7.001218,6.000000,64.297125,1.166870,3.000000,9.819608,14.000000,103.215169,0.701401,4.000000,10.513998,6.000000,73.094306,1.752333,3.000000,12.575304,7.000000,131.133939,1.796472,8.000000,10.606823,3.000000,127.570565,3.535608,1.000000,7.676236,0.000000,40.714139,0.000000,1.000000,23.234635,38.000000,115.119301,0.611438,1.000000,16.793621,20.000000,70.821482,0.839681,2.000000,31.083260,4.000000,169.560284,7.770815,1.000000,15.491782,0.000000,46.974947,0.000000,1.000000,49.206557,34.000000,137.713342,1.447252,1.000000,26.324943,15.000000,54.500900,1.754996,2.000000,2.000000,5.000000,17.000000,-1.000000,,,,59.118323,46.815090,58.071212,5.178097,5.288013,-0.109917,42.729405,32.508363,22.134209,2.654329,8.727504,0.569350,0.393179,,0.000000,,0.000000,53.918495,53.918495,0.000000,0.000000,0.000000,0.000000,0.000000,0.000000,0.000000,0.000000,0.500000,0.000000,0.749353,0.454545,12.000000,388.056063,41.228802,7.035523,1.995778
2024-01-02T18:30:00Z,1.321375,no_impulse,0,ADANIENT,1d,1.000000,156.539510,17.397229,8.000000,2.174654,6.201652,11.909818,16.742510,10.002044,3.000000,60.988783,3.334015,2.000000,59.118307,46.815090,58.071212,1.000000,5.178101,5.288019,-0.109919,42.728137,32.508389,22.134254,2.654329,8.722011,11.825882,0.569350,0.393179,19.616952,9.000000,105.941901,2.179661,1.000000,75.472547,78.555993,77.942570,0.000000,5.922756,4.679981,1.242774,45.768181,41.764944,10.745336,9.870823,15.475339,17.555654,0.732923,0.470192,15.623711,0.000000,71.356784,0.000000,1.000000,82.222791,95.263284,80.261891,0.000000,2.453510,0.104942,2.348568,32.472153,54.721614,9.682456,20.002642,20.417626,18.357237,1.320371,0.304790,28.033104,3.000000,388.056063,9.344368,1.000000,82.222791,95.263284,80.261891,1.000000,2.453510,0.104942,2.348568,32.472153,54.721614,9.682456,20.002642,20.417626,18.357237,1.320371,0.304790,6.737283,2.000000,45.697577,3.368641,2.000000,57.746550,58.479532,67.743433,1.000000,-0.061726,-1.320967,1.259241,27.947799,32.799023,18.013404,3.642024,1.611093,-2.174281,0.806694,0.123239,17.292690,5.000000,208.053302,3.458538,7.000000,65.473687,75.995544,50.271262,1.000000,-0.988845,-1.889884,0.901039,26.811191,38.118286,15.765025,7.172496,4.439840,0.534130,1.298569,0.096757,7.673840,14.000000,116.385705,0.548131,4.000000,30.895442,4.603271,7.836248,1.000000,-2.504797,-2.557299,0.052502,25.597100,13.582957,30.167330,-4.654189,-8.476373,-12.534323,-0.169819,0.066394,7.058880,3.000000,41.228802,2.352960,3.000000,38.644714,34.389769,31.832082,0.000000,-2.411664,-1.795013,-0.616651,18.133873,19.161525,31.639294,-3.279437,-5.474601,-6.761058,0.287931,0.149730,14.618386,10.000000,223.416149,1.461839,4.000000,7.001218,6.000000,64.297125,1.166870,3.000000,9.819608,14.000000,103.215169,0.701401,4.000000,10.513998,6.000000,73.094306,1.752333,3.000000,12.575304,7.000000,131.133939,1.796472,8.000000,10.606823,3.000000,127.570565,3.535608,1.000000,7.676236,0.000000,40.714139,0.000000,1.000000,23.234635,38.000000,115.119301,0.611438,1.000000,16.793621,20.000000,70.821482,0.839681,2.000000,31.083260,4.000000,169.560284,7.770815,1.000000,15.491782,0.000000,46.974947,0.000000,1.000000,49.206557,34.000000,137.713342,1.447252,1.000000,1.000000,6.000000,25.000000,-1.000000,,,,68.344148,58.659704,63.547331,3.565540,3.853724,-0.288185,36.590864,41.753045,13.979653,6.201652,11.913537,1.242761,0.089015,,0.000000,,0.000000,53.918495,53.918495,0.000000,0.000000,0.000000,0.000000,0.000000,0.000000,0.000000,0.000000,0.500000,0.000000,1.301622,1.454545,20.000000,388.056063,41.228802,7.025588,0.868998
2024-01-24T18:30:00Z,1.158366,no_impulse,0,ADANIENT,1d,-1.000000,83.246301,12.336364,16.000000,0.771023,-1.609772,3.026164,11.082522,17.397229,8.000000,156.539510,2.174654,1.000000,68.344120,58.659704,63.547331,0.000000,3.565542,3.853728,-0.288186,36.590133,41.753052,13.979685,6.201652,11.909818,16.742510,1.242761,0.089015,10.002044,3.000000,60.988783,3.334015,2.000000,59.118307,46.815090,58.071212,1.000000,5.178101,5.288019,-0.109919,42.728137,32.508389,22.134254,2.654329,8.722011,11.825882,0.569350,0.393179,19.616952,9.000000,105.941901,2.179661,1.000000,75.472547,78.555993,77.942570,0.000000,5.922756,4.679981,1.242774,45.768181,41.764944,10.745336,9.870823,15.475339,17.555654,0.732923,0.470192,15.623711,0.000000,71.356784,0.000000,1.000000,82.222791,95.263284,80.261891,0.000000,2.453510,0.104942,2.348568,32.472153,54.721614,9.682456,20.002642,20.417626,18.357237,1.320371,0.304790,28.033104,3.000000,388.056063,9.344368,1.000000,82.222791,95.263284,80.261891,1.000000,2.453510,0.104942,2.348568,32.472153,54.721614,9.682456,20.002642,20.417626,18.357237,1.320371,0.304790,6.737283,2.000000,45.697577,3.368641,2.000000,57.746550,58.479532,67.743433,1.000000,-0.061726,-1.320967,1.259241,27.947799,32.799023,18.013404,3.642024,1.611093,-2.174281,0.806694,0.123239,17.292690,5.000000,208.053302,3.458538,7.000000,65.473687,75.995544,50.271262,1.000000,-0.988845,-1.889884,0.901039,26.811191,38.118286,15.765025,7.172496,4.439840,0.534130,1.298569,0.096757,7.673840,14.000000,116.385705,0.548131,4.000000,30.895442,4.603271,7.836248,1.000000,-2.504797,-2.557299,0.052502,25.597100,13.582957,30.167330,-4.654189,-8.476373,-12.534323,-0.169819,0.066394,7.058880,3.000000,41.228802,2.352960,3.000000,14.618386,10.000000,223.416149,1.461839,4.000000,7.001218,6.000000,64.297125,1.166870,3.000000,9.819608,14.000000,103.215169,0.701401,4.000000,10.513998,6.000000,73.094306,1.752333,3.000000,12.575304,7.000000,131.133939,1.796472,8.000000,10.606823,3.000000,127.570565,3.535608,1.000000,7.676236,0.000000,40.714139,0.000000,1.000000,23.234635,38.000000,115.119301,0.611438,1.000000,16.793621,20.000000,70.821482,0.839681,2.000000,31.083260,4.000000,169.560284,7.770815,1.000000,15.491782,0.000000,46.974947,0.000000,1.000000,2.000000,7.000000,41.000000,-1.000000,,,,48.305399,27.399430,14.850057,1.180424,2.281379,-1.100955,32.319907,23.035647,20.941159,-1.609772,3.028198,0.344473,0.101865,,0.000000,,0.000000,53.918495,53.918495,0.000000,0.000000,0.000000,0.000000,0.000000,0.000000,0.000000,0.000000,0.500000,0.000000,0.856370,2.807018,167.000000,388.056063,41.228802,6.742622,0.932971
2024-03-03T18:30:00Z,1.383750,no_impulse,0,ADANIENT,1d,1.000000,138.264506,19.457113,27.000000,0.720634,2.307216,6.803582,17.789706,12.336364,16.000000,83.246301,0.771023,2.000000,48.305403,27.399430,14.850057,1.000000,1.180425,2.281380,-1.100955,32.319657,23.035654,20.941169,-1.609772,3.026164,11.082522,0.344473,0.101865,17.397229,8.000000,156.539510,2.174654,1.000000,68.344120,58.659704,63.547331,0.000000,3.565542,3.853728,-0.288186,36.590133,41.753052,13.979685,6.201652,11.909818,16.742510,1.242761,0.089015,10.002044,3.000000,60.988783,3.334015,2.000000,59.118307,46.815090,58.071212,1.000000,5.178101,5.288019,-0.109919,42.728137,32.508389,22.134254,2.654329,8.722011,11.825882,0.569350,0.393179,19.616952,9.000000,105.941901,2.179661,1.000000,75.472547,78.555993,77.942570,0.000000,5.922756,4.679981,1.242774,45.768181,41.764944,10.745336,9.870823,15.475339,17.555654,0.732923,0.470192,15.623711,0.000000,71.356784,0.000000,1.000000,82.222791,95.263284,80.261891,0.000000,2.453510,0.104942,2.348568,32.472153,54.721614,9.682456,20.002642,20.417626,18.357237,1.320371,0.304790,28.033104,3.000000,388.056063,9.344368,1.000000,82.222791,95.263284,80.261891,1.000000,2.453510,0.104942,2.348568,32.472153,54.721614,9.682456,20.002642,20.417626,18.357237,1.320371,0.304790,6.737283,2.000000,45.697577,3.368641,2.000000,57.746550,58.479532,67.743433,1.000000,-0.061726,-1.320967,1.259241,27.947799,32.799023,18.013404,3.642024,1.611093,-2.174281,0.806694,0.123239,17.292690,5.000000,208.053302,3.458538,7.000000,65.473687,75.995544,50.271262,1.000000,-0.988845,-1.889884,0.901039,26.811191,38.118286,15.765025,7.172496,4.439840,0.534130,1.298569,0.096757,7.673840,14.000000,116.385705,0.548131,4.000000,7.058880,3.000000,41.228802,2.352960,3.000000,14.618386,10.000000,223.416149,1.461839,4.000000,7.001218,6.000000,64.297125,1.166870,3.000000,9.819608,14.000000,103.215169,0.701401,4.000000,10.513998,6.000000,73.094306,1.752333,3.000000,12.575304,7.000000,131.133939,1.796472,8.000000,10.606823,3.000000,127.570565,3.535608,1.000000,7.676236,0.000000,40.714139,0.000000,1.000000,23.234635,38.000000,115.119301,0.611438,1.000000,16.793621,20.000000,70.821482,0.839681,2.000000,31.083260,4.000000,169.560284,7.770815,1.000000,1.000000,8.000000,68.000000,-1.000000,,,,61.975886,80.174021,86.933504,1.979244,2.054242,-0.074998,29.186311,22.884658,14.166664,2.307216,6.804184,0.866823,0.064383,,0.000000,,0.000000,53.918495,53.918495,0.000000,0.000000,0.000000,0.000000,0.000000,0.000000,0.000000,0.000000,0.500000,0.000000,1.372422,4.285714,194.000000,388.056063,41.228802,6.773161,0.627995
2024-03-12T18:30:00Z,1.177283,no_impulse,0,ADANIENT,1d,-1.000000,91.606805,14.920870,6.000000,2.486812,-10.061339,-6.876554,5.285716,19.457113,27.000000,138.264506,0.720634,1.000000,61.975886,80.174021,86.933504,1.000000,1.979244,2.054242,-0.074998,29.186270,22.884659,14.166666,2.307216,6.803582,17.789706,0.866823,0.064383,12.336364,16.000000,83.246301,0.771023,2.000000,48.305403,27.399430,14.850057,1.000000,1.180425,2.281380,-1.100955,32.319657,23.035654,20.941169,-1.609772,3.026164,11.082522,0.344473,0.101865,17.397229,8.000000,156.539510,2.174654,1.000000,68.344120,58.659704,63.547331,0.000000,3.565542,3.853728,-0.288186,36.590133,41.753052,13.979685,6.201652,11.909818,16.742510,1.242761,0.089015,10.002044,3.000000,60.988783,3.334015,2.000000,59.118307,46.815090,58.071212,1.000000,5.178101,5.288019,-0.109919,42.728137,32.508389,22.134254,2.654329,8.722011,11.825882,0.569350,0.393179,19.616952,9.000000,105.941901,2.179661,1.000000,75.472547,78.555993,77.942570,0.000000,5.922756,4.679981,1.242774,45.768181,41.764944,10.745336,9.870823,15.475339,17.555654,0.732923,0.470192,15.623711,0.000000,71.356784,0.000000,1.000000,82.222791,95.263284,80.261891,0.000000,2.453510,0.104942,2.348568,32.472153,54.721614,9.682456,20.002642,20.417626,18.357237,1.320371,0.304790,28.033104,3.000000,388.056063,9.344368,1.000000,82.222791,95.263284,80.261891,1.000000,2.453510,0.104942,2.348568,32.472153,54.721614,9.682456,20.002642,20.417626,18.357237,1.320371,0.304790,6.737283,2.000000,45.697577,3.368641,2.000000,57.746550,58.479532,67.743433,1.000000,-0.061726,-1.320967,1.259241,27.947799,32.799023,18.013404,3.642024,1.611093,-2.174281,0.806694,0.123239,17.292690,5.000000,208.053302,3.458538,7.000000,7.673840,14.000000,116.385705,0.548131,4.000000,7.058880,3.000000,41.228802,2.352960,3.000000,14.618386,10.000000,223.416149,1.461839,4.000000,7.001218,6.000000,64.297125,1.166870,3.000000,9.819608,14.000000,103.215169,0.701401,4.000000,10.513998,6.000000,73.094306,1.752333,3.000000,12.575304,7.000000,131.133939,1.796472,8.000000,10.606823,3.000000,127.570565,3.535608,1.000000,7.676236,0.000000,40.714139,0.000000,1.000000,23.234635,38.000000,115.119301,0.611438,1.000000,16.793621,20.000000,70.821482,0.839681,2.000000,2.000000,9.000000,74.000000,-1.000000,,,,28.304432,11.205118,10.173300,-0.112311,1.363431,-1.475742,27.168424,12.386768,41.989567,-10.061339,-6.876012,-0.290203,0.115686,,0.000000,,0.000000,53.918495,53.918495,0.000000,0.000000,0.000000,0.000000,0.000000,0.000000,0.000000,0.000000,0.500000,0.000000,0.967817,0.689655,,388.056063,45.697577,6.452532,1.087263
2024-03-31T18:30:00Z,1.359721,no_impulse,0,ADANIENT,1d,1.000000,88.361535,15.496526,11.000000,1.408775,3.043731,4.314800,14.189050,14.920870,6.000000,91.606805,2.486812,2.000000,28.304433,11.205118,10.173300,1.000000,-0.112311,1.363431,-1.475742,27.168398,12.386769,41.989567,-10.061339,-6.876554,5.285716,-0.290203,0.115686,19.457113,27.000000,138.264506,0.720634,1.000000,61.975886,80.174021,86.933504,1.000000,1.979244,2.054242,-0.074998,29.186270,22.884659,14.166666,2.307216,6.803582,17.789706,0.866823,0.064383,12.336364,16.000000,83.246301,0.771023,2.000000,48.305403,27.399430,14.850057,1.000000,1.180425,2.281380,-1.100955,32.319657,23.035654,20.941169,-1.609772,3.026164,11.082522,0.344473,0.101865,17.397229,8.000000,156.539510,2.174654,1.000000,68.344120,58.659704,63.547331,0.000000,3.565542,3.853728,-0.288186,36.590133,41.753052,13.979685,6.201652,11.909818,16.742510,1.242761,0.089015,10.002044,3.000000,60.988783,3.334015,2.000000,59.118307,46.815090,58.071212,1.000000,5.178101,5.288019,-0.109919,42.728137,32.508389,22.134254,2.654329,8.722011,11.825882,0.569350,0.393179,19.616952,9.000000,105.941901,2.179661,1.000000,75.472547,78.555993,77.942570,0.000000,5.922756,4.679981,1.242774,45.768181,41.764944,10.745336,9.870823,15.475339,17.555654,0.732923,0.470192,15.623711,0.000000,71.356784,0.000000,1.000000,82.222791,95.263284,80.261891,0.000000,2.453510,0.104942,2.348568,32.472153,54.721614,9.682456,20.002642,20.417626,18.357237,1.320371,0.304790,28.033104,3.000000,388.056063,9.344368,1.000000,82.222791,95.263284,80.261891,1.000000,2.453510,0.104942,2.348568,32.472153,54.721614,9.682456,20.002642,20.417626,18.357237,1.320371,0.304790,6.737283,2.000000,45.697577,3.368641,2.000000,17.292690,5.000000,208.053302,3.458538,7.000000,7.673840,14.000000,116.385705,0.548131,4.000000,7.058880,3.000000,41.228802,2.352960,3.000000,14.618386,10.000000,223.416149,1.461839,4.000000,7.001218,6.000000,64.297125,1.166870,3.000000,9.819608,14.000000,103.215169,0.701401,4.000000,10.513998,6.000000,73.094306,1.752333,3.000000,12.575304,7.000000,131.133939,1.796472,8.000000,10.606823,3.000000,127.570565,3.535608,1.000000,7.676236,0.000000,40.714139,0.000000,1.000000,23.234635,38.000000,115.119301,0.611438,1.000000,3.000000,1.000000,85.000000,-1.000000,,,,58.246469,91.008874,77.578542,-0.192789,-0.462259,0.269470,28.614792,24.586410,22.682946,3.043731,4.315111,0.727242,0.138147,,0.000000,,0.000000,53.918495,53.918495,0.000000,0.000000,0.000000,0.000000,0.000000,0.000000,0.000000,0.000000,0.500000,0.000000,0.960028,1.392405,,388.056063,45.697577,5.866607,0.993579
2024-05-08T18:30:00Z,1.138384,no_impulse,0,ADANIENT,1d,-1.000000,121.321812,16.278122,25.000000,0.651125,-8.699697,-10.930844,-3.108573,15.496526,11.000000,88.361535,1.408775,3.000000,58.246468,91.008874,77.578542,0.000000,-0.192789,-0.462259,0.269470,28.614780,24.586410,22.682947,3.043731,4.314800,14.189050,0.727242,0.138147,14.920870,6.000000,91.606805,2.486812,2.000000,28.304433,11.205118,10.173300,1.000000,-0.112311,1.363431,-1.475742,27.168398,12.386769,41.989567,-10.061339,-6.876554,5.285716,-0.290203,0.115686,19.457113,27.000000,138.264506,0.720634,1.000000,61.975886,80.174021,86.933504,1.000000,1.979244,2.054242,-0.074998,29.186270,22.884659,14.166666,2.307216,6.803582,17.789706,0.866823,0.064383,12.336364,16.000000,83.246301,0.771023,2.000000,48.305403,27.399430,14.850057,1.000000,1.180425,2.281380,-1.100955,32.319657,23.035654,20.941169,-1.609772,3.026164,11.082522,0.344473,0.101865,17.397229,8.000000,156.539510,2.174654,1.000000,68.344120,58.659704,63.547331,0.000000,3.565542,3.853728,-0.288186,36.590133,41.753052,13.979685,6.201652,11.909818,16.742510,1.242761,0.089015,10.002044,3.000000,60.988783,3.334015,2.000000,59.118307,46.815090,58.071212,1.000000,5.178101,5.288019,-0.109919,42.728137,32.508389,22.134254,2.654329,8.722011,11.825882,0.569350,0.393179,19.616952,9.000000,105.941901,2.179661,1.000000,75.472547,78.555993,77.942570,0.000000,5.922756,4.679981,1.242774,45.768181,41.764944,10.745336,9.870823,15.475339,17.555654,0.732923,0.470192,15.623711,0.000000,71.356784,0.000000,1.000000,82.222791,95.263284,80.261891,0.000000,2.453510,0.104942,2.348568,32.472153,54.721614,9.682456,20.002642,20.417626,18.357237,1.320371,0.304790,28.033104,3.000000,388.056063,9.344368,1.000000,6.737283,2.000000,45.697577,3.368641,2.000000,17.292690,5.000000,208.053302,3.458538,7.000000,7.673840,14.000000,116.385705,0.548131,4.000000,7.058880,3.000000,41.228802,2.352960,3.000000,14.618386,10.000000,223.416149,1.461839,4.000000,7.001218,6.000000,64.297125,1.166870,3.000000,9.819608,14.000000,103.215169,0.701401,4.000000,10.513998,6.000000,73.094306,1.752333,3.000000,12.575304,7.000000,131.133939,1.796472,8.000000,10.606823,3.000000,127.570565,3.535608,1.000000,7.676236,0.000000,40.714139,0.000000,1.000000,4.000000,2.000000,110.000000,-1.000000,,,,25.781566,2.841379,6.533779,-2.931789,-1.836450,-1.095340,34.883138,7.770520,33.980847,-8.699697,-10.930709,0.008571,0.162860,,0.000000,,0.000000,53.918495,53.918495,0.000000,0.000000,0.000000,0.000000,0.000000,0.000000,0.000000,0.000000,0.500000,0.000000,1.019797,2.941176,,388.056063,45.697577,5.854938,1.255158
2024-05-22T18:30:00Z,1.406885,no_impulse,0,ADANIENT,1d,1.000000,121.308951,23.586212,10.000000,2.358621,9.580706,9.362286,15.198380,16.278122,25.000000,121.321812,0.651125,4.000000,25.781567,2.841379,6.533779,1.000000,-2.931789,-1.836450,-1.095340,34.883136,7.770520,33.980847,-8.699697,-10.930844,-3.108573,0.008571,0.162860,15.496526,11.000000,88.361535,1.408775,3.000000,58.246468,91.008874,77.578542,0.000000,-0.192789,-0.462259,0.269470,28.614780,24.586410,22.682947,3.043731,4.314800,14.189050,0.727242,0.138147,14.920870,6.000000,91.606805,2.486812,2.000000,28.304433,11.205118,10.173300,1.000000,-0.112311,1.363431,-1.475742,27.168398,12.386769,41.989567,-10.061339,-6.876554,5.285716,-0.290203,0.115686,19.457113,27.000000,138.264506,0.720634,1.000000,61.975886,80.174021,86.933504,1.000000,1.979244,2.054242,-0.074998,29.186270,22.884659,14.166666,2.307216,6.803582,17.789706,0.866823,0.064383,12.336364,16.000000,83.246301,0.771023,2.000000,48.305403,27.399430,14.850057,1.000000,1.180425,2.281380,-1.100955,32.319657,23.035654,20.941169,-1.609772,3.026164,11.082522,0.344473,0.101865,17.397229,8.000000,156.539510,2.174654,1.000000,68.344120,58.659704,63.547331,0.000000,3.565542,3.853728,-0.288186,36.590133,41.753052,13.979685,6.201652,11.909818,16.742510,1.242761,0.089015,10.002044,3.000000,60.988783,3.334015,2.000000,59.118307,46.815090,58.071212,1.000000,5.178101,5.288019,-0.109919,42.728137,32.508389,22.134254,2.654329,8.722011,11.825882,0.569350,0.393179,19.616952,9.000000,105.941901,2.179661,1.000000,75.472547,78.555993,77.942570,0.000000,5.922756,4.679981,1.242774,45.768181,41.764944,10.745336,9.870823,15.475339,17.555654,0.732923,0.470192,15.623711,0.000000,71.356784,0.000000,1.000000,28.033104,3.000000,388.056063,9.344368,1.000000,6.737283,2.000000,45.697577,3.368641,2.000000,17.292690,5.000000,208.053302,3.458538,7.000000,7.673840,14.000000,116.385705,0.548131,4.000000,7.058880,3.000000,41.228802,2.352960,3.000000,14.618386,10.000000,223.416149,1.461839,4.000000,7.001218,6.000000,64.297125,1.166870,3.000000,9.819608,14.000000,103.215169,0.701401,4.000000,10.513998,6.000000,73.094306,1.752333,3.000000,12.575304,7.000000,131.133939,1.796472,8.000000,10.606823,3.000000,127.570565,3.535608,1.000000,7.000000,3.000000,120.000000,-1.000000,,,,72.234609,97.112028,91.758498,0.768770,-0.637837,1.406607,26.220215,42.041340,16.767704,9.580706,9.362360,1.076685,0.183738,,0.000000,,0.000000,53.918495,53.918495,0.000000,0.000000,0.000000,0.000000,0.000000,0.000000,0.000000,0.000000,0.500000,0.000000,1.394297,0.925926,,388.056063,60.988783,4.881054,0.949275
2024-05-22T18:30:00Z,1.295173,no_impulse,0,ADANIENT,1d,-1.000000,41.605839,7.940402,0.000000,0.000000,9.580706,9.362286,15.198380,23.586212,10.000000,121.308951,2.358621,7.000000,72.234609,97.112028,91.758498,1.000000,0.768770,-0.637837,1.406607,26.220214,42.041340,16.767704,9.580706,9.362286,15.198380,1.076685,0.183738,16.278122,25.000000,121.321812,0.651125,4.000000,25.781567,2.841379,6.533779,1.000000,-2.931789,-1.836450,-1.095340,34.883136,7.770520,33.980847,-8.699697,-10.930844,-3.108573,0.008571,0.162860,15.496526,11.000000,88.361535,1.408775,3.000000,58.246468,91.008874,77.578542,0.000000,-0.192789,-0.462259,0.269470,28.614780,24.586410,22.682947,3.043731,4.314800,14.189050,0.727242,0.138147,14.920870,6.000000,91.606805,2.486812,2.000000,28.304433,11.205118,10.173300,1.000000,-0.112311,1.363431,-1.475742,27.168398,12.386769,41.989567,-10.061339,-6.876554,5.285716,-0.290203,0.115686,19.457113,27.000000,138.264506,0.720634,1.000000,61.975886,80.174021,86.933504,1.000000,1.979244,2.054242,-0.074998,29.186270,22.884659,14.166666,2.307216,6.803582,17.789706,0.866823,0.064383,12.336364,16.000000,83.246301,0.771023,2.000000,48.305403,27.399430,14.850057,1.000000,1.180425,2.281380,-1.100955,32.319657,23.035654,20.941169,-1.609772,3.026164,11.082522,0.344473,0.101865,17.397229,8.000000,156.539510,2.174654,1.000000,68.344120,58.659704,63.547331,0.000000,3.565542,3.853728,-0.288186,36.590133,41.753052,13.979685,6.201652,11.909818,16.742510,1.242761,0.089015,10.002044,3.000000,60.988783,3.334015,2.000000,59.118307,46.815090,58.071212,1.000000,5.178101,5.288019,-0.109919,42.728137,32.508389,22.134254,2.654329,8.722011,11.825882,0.569350,0.393179,19.616952,9.000000,105.941901,2.179661,1.000000,15.623711,0.000000,71.356784,0.000000,1.000000,28.033104,3.000000,388.056063,9.344368,1.000000,6.737283,2.000000,45.697577,3.368641,2.000000,17.292690,5.000000,208.053302,3.458538,7.000000,7.673840,14.000000,116.385705,0.548131,4.000000,7.058880,3.000000,41.228802,2.352960,3.000000,14.618386,10.000000,223.416149,1.461839,4.000000,7.001218,6.000000,64.297125,1.166870,3.000000,9.819608,14.000000,103.215169,0.701401,4.000000,10.513998,6.000000,73.094306,1.752333,3.000000,12.575304,7.000000,131.133939,1.796472,8.000000,7.000000,4.000000,0.000000,-1.000000,,,,72.234609,97.112028,91.758498,0.768770,-0.637837,1.406607,26.220215,42.041340,16.767704,9.580706,9.362360,1.076685,0.183738,,0.000000,,0.000000,53.918495,53.918495,0.000000,0.000000,0.000000,0.000000,0.000000,0.000000,0.000000,0.000000,0.500000,0.000000,0.482069,0.000000,,156.539510,60.988783,3.849217,1.185093
2024-06-02T18:30:00Z,1.546462,no_impulse,0,ADANIENT,1d,1.000000,224.942792,19.401954,7.000000,2.771708,11.834965,13.883191,20.317309,7.940402,0.000000,41.605839,0.000000,7.000000,72.234609,97.112028,91.758498,0.000000,0.768770,-0.637837,1.406607,26.220214,42.041340,16.767704,9.580706,9.362286,15.198380,1.076685,0.183738,23.586212,10.000000,121.308951,2.358621,7.000000,72.234609,97.112028,91.758498,1.000000,0.768770,-0.637837,1.406607,26.220214,42.041340,16.767704,9.580706,9.362286,15.198380,1.076685,0.183738,16.278122,25.000000,121.321812,0.651125,4.000000,25.781567,2.841379,6.533779,1.000000,-2.931789,-1.836450,-1.095340,34.883136,7.770520,33.980847,-8.699697,-10.930844,-3.108573,0.008571,0.162860,15.496526,11.000000,88.361535,1.408775,3.000000,58.246468,91.008874,77.578542,0.000000,-0.192789,-0.462259,0.269470,28.614780,24.586410,22.682947,3.043731,4.314800,14.189050,0.727242,0.138147,14.920870,6.000000,91.606805,2.486812,2.000000,28.304433,11.205118,10.173300,1.000000,-0.112311,1.363431,-1.475742,27.168398,12.386769,41.989567,-10.061339,-6.876554,5.285716,-0.290203,0.115686,19.457113,27.000000,138.264506,0.720634,1.000000,61.975886,80.174021,86.933504,1.000000,1.979244,2.054242,-0.074998,29.186270,22.884659,14.166666,2.307216,6.803582,17.789706,0.866823,0.064383,12.336364,16.000000,83.246301,0.771023,2.000000,48.305403,27.399430,14.850057,1.000000,1.180425,2.281380,-1.100955,32.319657,23.035654,20.941169,-1.609772,3.026164,11.082522,0.344473,0.101865,17.397229,8.000000,156.539510,2.174654,1.000000,68.344120,58.659704,63.547331,0.000000,3.565542,3.853728,-0.288186,36.590133,41.753052,13.979685,6.201652,11.909818,16.742510,1.242761,0.089015,10.002044,3.000000,60.988783,3.334015,2.000000,19.616952,9.000000,105.941901,2.179661,1.000000,15.623711,0.000000,71.356784,0.000000,1.000000,28.033104,3.000000,388.056063,9.344368,1.000000,6.737283,2.000000,45.697577,3.368641,2.000000,17.292690,5.000000,208.053302,3.458538,7.000000,7.673840,14.000000,116.385705,0.548131,4.000000,7.058880,3.000000,41.228802,2.352960,3.000000,14.618386,10.000000,223.416149,1.461839,4.000000,7.001218,6.000000,64.297125,1.166870,3.000000,9.819608,14.000000,103.215169,0.701401,4.000000,10.513998,6.000000,73.094306,1.752333,3.000000,1.000000,1.000000,7.000000,-1.000000,,,,73.253228,87.162978,79.905155,2.755758,1.425316,1.330442,28.644601,47.155268,15.408066,11.834965,13.883243,0.974952,0.282632,,0.000000,,0.000000,53.918495,53.918495,0.000000,0.000000,0.000000,0.000000,0.000000,0.000000,0.000000,0.000000,0.500000,0.000000,1.235543,0.608696,,156.539510,41.605839,4.708220,0.958500
2024-06-03T18:30:00Z,1.129266,no_impulse,0,ADANIENT,1d,-1.000000,166.022380,26.977436,1.000000,26.977436,-8.384550,-6.464800,1.233046,19.401954,7.000000,224.942792,2.771708,1.000000,73.253228,87.162978,79.905155,0.000000,2.755758,1.425316,1.330442,28.644600,47.155268,15.408066,11.834965,13.883191,20.317309,0.974952,0.282632,7.940402,0.000000,41.605839,0.000000,7.000000,72.234609,97.112028,91.758498,0.000000,0.768770,-0.637837,1.406607,26.220214,42.041340,16.767704,9.580706,9.362286,15.198380,1.076685,0.183738,23.586212,10.000000,121.308951,2.358621,7.000000,72.234609,97.112028,91.758498,1.000000,0.768770,-0.637837,1.406607,26.220214,42.041340,16.767704,9.580706,9.362286,15.198380,1.076685,0.183738,16.278122,25.000000,121.321812,0.651125,4.000000,25.781567,2.841379,6.533779,1.000000,-2.931789,-1.836450,-1.095340,34.883136,7.770520,33.980847,-8.699697,-10.930844,-3.108573,0.008571,0.162860,15.496526,11.000000,88.361535,1.408775,3.000000,58.246468,91.008874,77.578542,0.000000,-0.192789,-0.462259,0.269470,28.614780,24.586410,22.682947,3.043731,4.314800,14.189050,0.727242,0.138147,14.920870,6.000000,91.606805,2.486812,2.000000,28.304433,11.205118,10.173300,1.000000,-0.112311,1.363431,-1.475742,27.168398,12.386769,41.989567,-10.061339,-6.876554,5.285716,-0.290203,0.115686,19.457113,27.000000,138.264506,0.720634,1.000000,61.975886,80.174021,86.933504,1.000000,1.979244,2.054242,-0.074998,29.186270,22.884659,14.166666,2.307216,6.803582,17.789706,0.866823,0.064383,12.336364,16.000000,83.246301,0.771023,2.000000,48.305403,27.399430,14.850057,1.000000,1.180425,2.281380,-1.100955,32.319657,23.035654,20.941169,-1.609772,3.026164,11.082522,0.344473,0.101865,17.397229,8.000000,156.539510,2.174654,1.000000,10.002044,3.000000,60.988783,3.334015,2.000000,19.616952,9.000000,105.941901,2.179661,1.000000,15.623711,0.000000,71.356784,0.000000,1.000000,28.033104,3.000000,388.056063,9.344368,1.000000,6.737283,2.000000,45.697577,3.368641,2.000000,17.292690,5.000000,208.053302,3.458538,7.000000,7.673840,14.000000,116.385705,0.548131,4.000000,7.058880,3.000000,41.228802,2.352960,3.000000,14.618386,10.000000,223.416149,1.461839,4.000000,7.001218,6.000000,64.297125,1.166870,3.000000,9.819608,14.000000,103.215169,0.701401,4.000000,8.000000,1.000000,8.000000,-1.000000,,,,42.920618,20.526961,66.577460,2.227633,1.858696,0.368937,27.834612,30.411034,43.138620,-8.384550,-6.464739,0.221676,0.277946,,0.000000,,0.000000,53.918495,53.918495,0.000000,0.000000,0.000000,0.000000,0.000000,0.000000,0.000000,0.000000,0.500000,0.000000,1.720315,0.088496,,224.942792,41.605839,4.688813,1.090652
2024-06-17T18:30:00Z,1.381662,no_impulse,0,ADANIENT,1d,1.000000,60.498366,22.350500,9.000000,2.483389,2.894607,4.522426,11.390324,26.977436,1.000000,166.022380,26.977436,8.000000,42.920618,20.526961,66.577460,1.000000,2.227633,1.858696,0.368937,27.834611,30.411034,43.138620,-8.384550,-6.464800,1.233046,0.221676,0.277946,19.401954,7.000000,224.942792,2.771708,1.000000,73.253228,87.162978,79.905155,0.000000,2.755758,1.425316,1.330442,28.644600,47.155268,15.408066,11.834965,13.883191,20.317309,0.974952,0.282632,7.940402,0.000000,41.605839,0.000000,7.000000,72.234609,97.112028,91.758498,0.000000,0.768770,-0.637837,1.406607,26.220214,42.041340,16.767704,9.580706,9.362286,15.198380,1.076685,0.183738,23.586212,10.000000,121.308951,2.358621,7.000000,72.234609,97.112028,91.758498,1.000000,0.768770,-0.637837,1.406607,26.220214,42.041340,16.767704,9.580706,9.362286,15.198380,1.076685,0.183738,16.278122,25.000000,121.321812,0.651125,4.000000,25.781567,2.841379,6.533779,1.000000,-2.931789,-1.836450,-1.095340,34.883136,7.770520,33.980847,-8.699697,-10.930844,-3.108573,0.008571,0.162860,15.496526,11.000000,88.361535,1.408775,3.000000,58.246468,91.008874,77.578542,0.000000,-0.192789,-0.462259,0.269470,28.614780,24.586410,22.682947,3.043731,4.314800,14.189050,0.727242,0.138147,14.920870,6.000000,91.606805,2.486812,2.000000,28.304433,11.205118,10.173300,1.000000,-0.112311,1.363431,-1.475742,27.168398,12.386769,41.989567,-10.061339,-6.876554,5.285716,-0.290203,0.115686,19.457113,27.000000,138.264506,0.720634,1.000000,61.975886,80.174021,86.933504,1.000000,1.979244,2.054242,-0.074998,29.186270,22.884659,14.166666,2.307216,6.803582,17.789706,0.866823,0.064383,12.336364,16.000000,83.246301,0.771023,2.000000,17.397229,8.000000,156.539510,2.174654,1.000000,10.002044,3.000000,60.988783,3.334015,2.000000,19.616952,9.000000,105.941901,2.179661,1.000000,15.623711,0.000000,71.356784,0.000000,1.000000,28.033104,3.000000,388.056063,9.344368,1.000000,6.737283,2.000000,45.697577,3.368641,2.000000,17.292690,5.000000,208.053302,3.458538,7.000000,7.673840,14.000000,116.385705,0.548131,4.000000,7.058880,3.000000,41.228802,2.352960,3.000000,14.618386,10.000000,223.416149,1.461839,4.000000,7.001218,6.000000,64.297125,1.166870,3.000000,3.000000,2.000000,9.000000,-1.000000,,,,55.450916,56.944444,52.600763,1.175426,1.212803,-0.037377,18.240660,29.683553,29.319544,2.894607,4.522464,0.673959,0.171356,,0.000000,,0.000000,53.918495,53.918495,0.000000,0.000000,0.000000,0.000000,0.000000,0.000000,0.000000,0.000000,0.500000,0.000000,1.286047,0.810811,,224.942792,41.605839,5.419964,0.981195
2024-07-22T18:30:00Z,1.192237,no_impulse,0,ADANIENT,1d,-1.000000,75.050641,13.709951,24.000000,0.571248,-3.506251,-4.546846,0.714262,22.350500,9.000000,60.498366,2.483389,3.000000,55.450916,56.944444,52.600763,1.000000,1.175426,1.212803,-0.037377,18.240660,29.683553,29.319544,2.894607,4.522426,11.390324,0.673959,0.171356,26.977436,1.000000,166.022380,26.977436,8.000000,42.920618,20.526961,66.577460,1.000000,2.227633,1.858696,0.368937,27.834611,30.411034,43.138620,-8.384550,-6.464800,1.233046,0.221676,0.277946,19.401954,7.000000,224.942792,2.771708,1.000000,73.253228,87.162978,79.905155,0.000000,2.755758,1.425316,1.330442,28.644600,47.155268,15.408066,11.834965,13.883191,20.317309,0.974952,0.282632,7.940402,0.000000,41.605839,0.000000,7.000000,72.234609,97.112028,91.758498,0.000000,0.768770,-0.637837,1.406607,26.220214,42.041340,16.767704,9.580706,9.362286,15.198380,1.076685,0.183738,23.586212,10.000000,121.308951,2.358621,7.000000,72.234609,97.112028,91.758498,1.000000,0.768770,-0.637837,1.406607,26.220214,42.041340,16.767704,9.580706,9.362286,15.198380,1.076685,0.183738,16.278122,25.000000,121.321812,0.651125,4.000000,25.781567,2.841379,6.533779,1.000000,-2.931789,-1.836450,-1.095340,34.883136,7.770520,33.980847,-8.699697,-10.930844,-3.108573,0.008571,0.162860,15.496526,11.000000,88.361535,1.408775,3.000000,58.246468,91.008874,77.578542,0.000000,-0.192789,-0.462259,0.269470,28.614780,24.586410,22.682947,3.043731,4.314800,14.189050,0.727242,0.138147,14.920870,6.000000,91.606805,2.486812,2.000000,28.304433,11.205118,10.173300,1.000000,-0.112311,1.363431,-1.475742,27.168398,12.386769,41.989567,-10.061339,-6.876554,5.285716,-0.290203,0.115686,19.457113,27.000000,138.264506,0.720634,1.000000,12.336364,16.000000,83.246301,0.771023,2.000000,17.397229,8.000000,156.539510,2.174654,1.000000,10.002044,3.000000,60.988783,3.334015,2.000000,19.616952,9.000000,105.941901,2.179661,1.000000,15.623711,0.000000,71.356784,0.000000,1.000000,28.033104,3.000000,388.056063,9.344368,1.000000,6.737283,2.000000,45.697577,3.368641,2.000000,17.292690,5.000000,208.053302,3.458538,7.000000,7.673840,14.000000,116.385705,0.548131,4.000000,7.058880,3.000000,41.228802,2.352960,3.000000,14.618386,10.000000,223.416149,1.461839,4.000000,2.000000,1.000000,33.000000,-1.000000,,,,35.435117,35.341365,16.747959,-1.461159,-0.993511,-0.467648,24.500120,12.315489,35.929018,-3.506251,-4.546830,0.063032,0.077522,,0.000000,,0.000000,53.918495,53.918495,0.000000,0.000000,0.000000,0.000000,0.000000,0.000000,0.000000,0.000000,0.500000,0.000000,0.767010,2.142857,,224.942792,41.605839,5.643520,1.437721
2024-07-31T18:30:00Z,1.345746,no_impulse,0,ADANIENT,1d,1.000000,81.039136,12.875675,7.000000,1.839382,3.536179,2.930621,7.317027,13.709951,24.000000,75.050641,0.571248,2.000000,35.435117,35.341365,16.747959,0.000000,-1.461159,-0.993511,-0.467648,24.500120,12.315489,35.929018,-3.506251,-4.546846,0.714262,0.063032,0.077522,22.350500,9.000000,60.498366,2.483389,3.000000,55.450916,56.944444,52.600763,1.000000,1.175426,1.212803,-0.037377,18.240660,29.683553,29.319544,2.894607,4.522426,11.390324,0.673959,0.171356,26.977436,1.000000,166.022380,26.977436,8.000000,42.920618,20.526961,66.577460,1.000000,2.227633,1.858696,0.368937,27.834611,30.411034,43.138620,-8.384550,-6.464800,1.233046,0.221676,0.277946,19.401954,7.000000,224.942792,2.771708,1.000000,73.253228,87.162978,79.905155,0.000000,2.755758,1.425316,1.330442,28.644600,47.155268,15.408066,11.834965,13.883191,20.317309,0.974952,0.282632,7.940402,0.000000,41.605839,0.000000,7.000000,72.234609,97.112028,91.758498,0.000000,0.768770,-0.637837,1.406607,26.220214,42.041340,16.767704,9.580706,9.362286,15.198380,1.076685,0.183738,23.586212,10.000000,121.308951,2.358621,7.000000,72.234609,97.112028,91.758498,1.000000,0.768770,-0.637837,1.406607,26.220214,42.041340,16.767704,9.580706,9.362286,15.198380,1.076685,0.183738,16.278122,25.000000,121.321812,0.651125,4.000000,25.781567,2.841379,6.533779,1.000000,-2.931789,-1.836450,-1.095340,34.883136,7.770520,33.980847,-8.699697,-10.930844,-3.108573,0.008571,0.162860,15.496526,11.000000,88.361535,1.408775,3.000000,58.246468,91.008874,77.578542,0.000000,-0.192789,-0.462259,0.269470,28.614780,24.586410,22.682947,3.043731,4.314800,14.189050,0.727242,0.138147,14.920870,6.000000,91.606805,2.486812,2.000000,19.457113,27.000000,138.264506,0.720634,1.000000,12.336364,16.000000,83.246301,0.771023,2.000000,17.397229,8.000000,156.539510,2.174654,1.000000,10.002044,3.000000,60.988783,3.334015,2.000000,19.616952,9.000000,105.941901,2.179661,1.000000,15.623711,0.000000,71.356784,0.000000,1.000000,28.033104,3.000000,388.056063,9.344368,1.000000,6.737283,2.000000,45.697577,3.368641,2.000000,17.292690,5.000000,208.053302,3.458538,7.000000,7.673840,14.000000,116.385705,0.548131,4.000000,7.058880,3.000000,41.228802,2.352960,3.000000,3.000000,1.000000,40.000000,-1.000000,,,,61.792431,89.036914,90.088041,-0.204783,-0.862074,0.657291,23.517909,25.640520,21.919046,3.536179,2.930633,0.939918,0.083329,,0.000000,,0.000000,53.918495,53.918495,0.000000,0.000000,0.000000,0.000000,0.000000,0.000000,0.000000,0.000000,0.500000,0.000000,0.714842,0.583333,,224.942792,41.605839,5.508857,1.237771
2024-08-04T18:30:00Z,1.237655,no_impulse,0,ADANIENT,1d,-1.000000,70.413544,8.032040,2.000000,4.016020,-2.107107,-2.727922,1.778048,12.875675,7.000000,81.039136,1.839382,3.000000,61.792431,89.036914,90.088041,1.000000,-0.204783,-0.862074,0.657291,23.517908,25.640520,21.919046,3.536179,2.930621,7.317027,0.939918,0.083329,13.709951,24.000000,75.050641,0.571248,2.000000,35.435117,35.341365,16.747959,0.000000,-1.461159,-0.993511,-0.467648,24.500120,12.315489,35.929018,-3.506251,-4.546846,0.714262,0.063032,0.077522,22.350500,9.000000,60.498366,2.483389,3.000000,55.450916,56.944444,52.600763,1.000000,1.175426,1.212803,-0.037377,18.240660,29.683553,29.319544,2.894607,4.522426,11.390324,0.673959,0.171356,26.977436,1.000000,166.022380,26.977436,8.000000,42.920618,20.526961,66.577460,1.000000,2.227633,1.858696,0.368937,27.834611,30.411034,43.138620,-8.384550,-6.464800,1.233046,0.221676,0.277946,19.401954,7.000000,224.942792,2.771708,1.000000,73.253228,87.162978,79.905155,0.000000,2.755758,1.425316,1.330442,28.644600,47.155268,15.408066,11.834965,13.883191,20.317309,0.974952,0.282632,7.940402,0.000000,41.605839,0.000000,7.000000,72.234609,97.112028,91.758498,0.000000,0.768770,-0.637837,1.406607,26.220214,42.041340,16.767704,9.580706,9.362286,15.198380,1.076685,0.183738,23.586212,10.000000,121.308951,2.358621,7.000000,72.234609,97.112028,91.758498,1.000000,0.768770,-0.637837,1.406607,26.220214,42.041340,16.767704,9.580706,9.362286,15.198380,1.076685,0.183738,16.278122,25.000000,121.321812,0.651125,4.000000,25.781567,2.841379,6.533779,1.000000,-2.931789,-1.836450,-1.095340,34.883136,7.770520,33.980847,-8.699697,-10.930844,-3.108573,0.008571,0.162860,15.496526,11.000000,88.361535,1.408775,3.000000,14.920870,6.000000,91.606805,2.486812,2.000000,19.457113,27.000000,138.264506,0.720634,1.000000,12.336364,16.000000,83.246301,0.771023,2.000000,17.397229,8.000000,156.539510,2.174654,1.000000,10.002044,3.000000,60.988783,3.334015,2.000000,19.616952,9.000000,105.941901,2.179661,1.000000,15.623711,0.000000,71.356784,0.000000,1.000000,28.033104,3.000000,388.056063,9.344368,1.000000,6.737283,2.000000,45.697577,3.368641,2.000000,17.292690,5.000000,208.053302,3.458538,7.000000,7.673840,14.000000,116.385705,0.548131,4.000000,2.000000,1.000000,42.000000,-1.000000,,,,43.656591,40.854843,67.915626,-0.237414,-0.639429,0.402015,21.658193,20.159012,29.616023,-2.107107,-2.727911,0.252246,0.083293,,0.000000,,0.000000,53.918495,53.918495,0.000000,0.000000,0.000000,0.000000,0.000000,0.000000,0.000000,0.000000,0.500000,0.000000,0.462841,0.200000,,224.942792,41.605839,5.706607,0.900889
2024-08-07T18:30:00Z,1.339398,no_impulse,0,ADANIENT,1d,1.000000,94.126922,8.220593,3.000000,2.740198,1.711119,1.387673,5.641354,8.032040,2.000000,70.413544,4.016020,2.000000,43.656591,40.854843,67.915626,0.000000,-0.237414,-0.639429,0.402015,21.658193,20.159012,29.616023,-2.107107,-2.727922,1.778048,0.252246,0.083293,12.875675,7.000000,81.039136,1.839382,3.000000,61.792431,89.036914,90.088041,1.000000,-0.204783,-0.862074,0.657291,23.517908,25.640520,21.919046,3.536179,2.930621,7.317027,0.939918,0.083329,13.709951,24.000000,75.050641,0.571248,2.000000,35.435117,35.341365,16.747959,0.000000,-1.461159,-0.993511,-0.467648,24.500120,12.315489,35.929018,-3.506251,-4.546846,0.714262,0.063032,0.077522,22.350500,9.000000,60.498366,2.483389,3.000000,55.450916,56.944444,52.600763,1.000000,1.175426,1.212803,-0.037377,18.240660,29.683553,29.319544,2.894607,4.522426,11.390324,0.673959,0.171356,26.977436,1.000000,166.022380,26.977436,8.000000,42.920618,20.526961,66.577460,1.000000,2.227633,1.858696,0.368937,27.834611,30.411034,43.138620,-8.384550,-6.464800,1.233046,0.221676,0.277946,19.401954,7.000000,224.942792,2.771708,1.000000,73.253228,87.162978,79.905155,0.000000,2.755758,1.425316,1.330442,28.644600,47.155268,15.408066,11.834965,13.883191,20.317309,0.974952,0.282632,7.940402,0.000000,41.605839,0.000000,7.000000,72.234609,97.112028,91.758498,0.000000,0.768770,-0.637837,1.406607,26.220214,42.041340,16.767704,9.580706,9.362286,15.198380,1.076685,0.183738,23.586212,10.000000,121.308951,2.358621,7.000000,72.234609,97.112028,91.758498,1.000000,0.768770,-0.637837,1.406607,26.220214,42.041340,16.767704,9.580706,9.362286,15.198380,1.076685,0.183738,16.278122,25.000000,121.321812,0.651125,4.000000,15.496526,11.000000,88.361535,1.408775,3.000000,14.920870,6.000000,91.606805,2.486812,2.000000,19.457113,27.000000,138.264506,0.720634,1.000000,12.336364,16.000000,83.246301,0.771023,2.000000,17.397229,8.000000,156.539510,2.174654,1.000000,10.002044,3.000000,60.988783,3.334015,2.000000,19.616952,9.000000,105.941901,2.179661,1.000000,15.623711,0.000000,71.356784,0.000000,1.000000,28.033104,3.000000,388.056063,9.344368,1.000000,6.737283,2.000000,45.697577,3.368641,2.000000,17.292690,5.000000,208.053302,3.458538,7.000000,3.000000,1.000000,45.000000,-1.000000,,,,54.434027,75.659173,68.794523,0.114045,-0.332504,0.446550,19.026895,23.889006,22.967626,1.711119,1.387683,0.691962,0.090690,,0.000000,,0.000000,53.918495,53.918495,0.000000,0.000000,0.000000,0.000000,0.000000,0.000000,0.000000,0.000000,0.500000,0.000000,0.493288,0.312500,,224.942792,41.605839,6.405885,0.503677
2024-09-18T18:30:00Z,1.193899,no_impulse,0,ADANIENT,1d,-1.000000,143.006700,10.862996,29.000000,0.374586,-1.975111,-3.649539,-1.914709,8.220593,3.000000,94.126922,2.740198,3.000000,54.434027,75.659173,68.794523,1.000000,0.114045,-0.332504,0.446550,19.026895,23.889006,22.967626,1.711119,1.387673,5.641354,0.691962,0.090690,8.032040,2.000000,70.413544,4.016020,2.000000,43.656591,40.854843,67.915626,0.000000,-0.237414,-0.639429,0.402015,21.658193,20.159012,29.616023,-2.107107,-2.727922,1.778048,0.252246,0.083293,12.875675,7.000000,81.039136,1.839382,3.000000,61.792431,89.036914,90.088041,1.000000,-0.204783,-0.862074,0.657291,23.517908,25.640520,21.919046,3.536179,2.930621,7.317027,0.939918,0.083329,13.709951,24.000000,75.050641,0.571248,2.000000,35.435117,35.341365,16.747959,0.000000,-1.461159,-0.993511,-0.467648,24.500120,12.315489,35.929018,-3.506251,-4.546846,0.714262,0.063032,0.077522,22.350500,9.000000,60.498366,2.483389,3.000000,55.450916,56.944444,52.600763,1.000000,1.175426,1.212803,-0.037377,18.240660,29.683553,29.319544,2.894607,4.522426,11.390324,0.673959,0.171356,26.977436,1.000000,166.022380,26.977436,8.000000,42.920618,20.526961,66.577460,1.000000,2.227633,1.858696,0.368937,27.834611,30.411034,43.138620,-8.384550,-6.464800,1.233046,0.221676,0.277946,19.401954,7.000000,224.942792,2.771708,1.000000,73.253228,87.162978,79.905155,0.000000,2.755758,1.425316,1.330442,28.644600,47.155268,15.408066,11.834965,13.883191,20.317309,0.974952,0.282632,7.940402,0.000000,41.605839,0.000000,7.000000,72.234609,97.112028,91.758498,0.000000,0.768770,-0.637837,1.406607,26.220214,42.041340,16.767704,9.580706,9.362286,15.198380,1.076685,0.183738,23.586212,10.000000,121.308951,2.358621,7.000000,16.278122,25.000000,121.321812,0.651125,4.000000,15.496526,11.000000,88.361535,1.408775,3.000000,14.920870,6.000000,91.606805,2.486812,2.000000,19.457113,27.000000,138.264506,0.720634,1.000000,12.336364,16.000000,83.246301,0.771023,2.000000,17.397229,8.000000,156.539510,2.174654,1.000000,10.002044,3.000000,60.988783,3.334015,2.000000,19.616952,9.000000,105.941901,2.179661,1.000000,15.623711,0.000000,71.356784,0.000000,1.000000,28.033104,3.000000,388.056063,9.344368,1.000000,6.737283,2.000000,45.697577,3.368641,2.000000,4.000000,2.000000,74.000000,-1.000000,,,,38.800809,31.234719,33.238976,-1.161585,-1.087329,-0.074255,31.004364,12.331562,31.200243,-1.975111,-3.649536,0.141706,0.054058,,0.000000,,0.000000,53.918495,53.918495,0.000000,0.000000,0.000000,0.000000,0.000000,0.000000,0.000000,0.000000,0.500000,0.000000,0.681609,3.295455,,224.942792,41.605839,6.943945,0.462076
2024-09-29T18:30:00Z,1.325892,no_impulse,0,ADANIENT,1d,1.000000,90.717423,11.055599,7.000000,1.579371,2.715435,2.377780,4.150448,10.862996,29.000000,143.006700,0.374586,4.000000,38.800809,31.234719,33.238976,1.000000,-1.161585,-1.087329,-0.074255,31.004364,12.331562,31.200243,-1.975111,-3.649539,-1.914709,0.141706,0.054058,8.220593,3.000000,94.126922,2.740198,3.000000,54.434027,75.659173,68.794523,1.000000,0.114045,-0.332504,0.446550,19.026895,23.889006,22.967626,1.711119,1.387673,5.641354,0.691962,0.090690,8.032040,2.000000,70.413544,4.016020,2.000000,43.656591,40.854843,67.915626,0.000000,-0.237414,-0.639429,0.402015,21.658193,20.159012,29.616023,-2.107107,-2.727922,1.778048,0.252246,0.083293,12.875675,7.000000,81.039136,1.839382,3.000000,61.792431,89.036914,90.088041,1.000000,-0.204783,-0.862074,0.657291,23.517908,25.640520,21.919046,3.536179,2.930621,7.317027,0.939918,0.083329,13.709951,24.000000,75.050641,0.571248,2.000000,35.435117,35.341365,16.747959,0.000000,-1.461159,-0.993511,-0.467648,24.500120,12.315489,35.929018,-3.506251,-4.546846,0.714262,0.063032,0.077522,22.350500,9.000000,60.498366,2.483389,3.000000,55.450916,56.944444,52.600763,1.000000,1.175426,1.212803,-0.037377,18.240660,29.683553,29.319544,2.894607,4.522426,11.390324,0.673959,0.171356,26.977436,1.000000,166.022380,26.977436,8.000000,42.920618,20.526961,66.577460,1.000000,2.227633,1.858696,0.368937,27.834611,30.411034,43.138620,-8.384550,-6.464800,1.233046,0.221676,0.277946,19.401954,7.000000,224.942792,2.771708,1.000000,73.253228,87.162978,79.905155,0.000000,2.755758,1.425316,1.330442,28.644600,47.155268,15.408066,11.834965,13.883191,20.317309,0.974952,0.282632,7.940402,0.000000,41.605839,0.000000,7.000000,23.586212,10.000000,121.308951,2.358621,7.000000,16.278122,25.000000,121.321812,0.651125,4.000000,15.496526,11.000000,88.361535,1.408775,3.000000,14.920870,6.000000,91.606805,2.486812,2.000000,19.457113,27.000000,138.264506,0.720634,1.000000,12.336364,16.000000,83.246301,0.771023,2.000000,17.397229,8.000000,156.539510,2.174654,1.000000,10.002044,3.000000,60.988783,3.334015,2.000000,19.616952,9.000000,105.941901,2.179661,1.000000,15.623711,0.000000,71.356784,0.000000,1.000000,28.033104,3.000000,388.056063,9.344368,1.000000,3.000000,3.000000,81.000000,-1.000000,,,,63.312344,76.823757,83.380930,0.533430,-0.178913,0.712343,23.472397,27.681500,18.098317,2.715435,2.377782,0.837492,0.082705,,0.000000,,100.000000,75.725900,64.822198,0.038836,0.007767,0.031069,7.142857,7.368211,0.000000,0.440472,0.467746,0.952381,0.009780,0.718093,0.760870,,224.942792,41.605839,7.123242,0.554102
2024-10-06T18:30:00Z,1.231094,no_impulse,0,ADANIENT,1d,-1.000000,71.820529,7.149743,4.000000,1.787436,-1.637584,-1.650438,0.274475,11.055599,7.000000,90.717423,1.579371,3.000000,63.312344,76.823757,83.380930,0.000000,0.533430,-0.178913,0.712343,23.472397,27.681500,18.098317,2.715435,2.377780,4.150448,0.837492,0.082705,10.862996,29.000000,143.006700,0.374586,4.000000,38.800809,31.234719,33.238976,1.000000,-1.161585,-1.087329,-0.074255,31.004364,12.331562,31.200243,-1.975111,-3.649539,-1.914709,0.141706,0.054058,8.220593,3.000000,94.126922,2.740198,3.000000,54.434027,75.659173,68.794523,1.000000,0.114045,-0.332504,0.446550,19.026895,23.889006,22.967626,1.711119,1.387673,5.641354,0.691962,0.090690,8.032040,2.000000,70.413544,4.016020,2.000000,43.656591,40.854843,67.915626,0.000000,-0.237414,-0.639429,0.402015,21.658193,20.159012,29.616023,-2.107107,-2.727922,1.778048,0.252246,0.083293,12.875675,7.000000,81.039136,1.839382,3.000000,61.792431,89.036914,90.088041,1.000000,-0.204783,-0.862074,0.657291,23.517908,25.640520,21.919046,3.536179,2.930621,7.317027,0.939918,0.083329,13.709951,24.000000,75.050641,0.571248,2.000000,35.435117,35.341365,16.747959,0.000000,-1.461159,-0.993511,-0.467648,24.500120,12.315489,35.929018,-3.506251,-4.546846,0.714262,0.063032,0.077522,22.350500,9.000000,60.498366,2.483389,3.000000,55.450916,56.944444,52.600763,1.000000,1.175426,1.212803,-0.037377,18.240660,29.683553,29.319544,2.894607,4.522426,11.390324,0.673959,0.171356,26.977436,1.000000,166.022380,26.977436,8.000000,42.920618,20.526961,66.577460,1.000000,2.227633,1.858696,0.368937,27.834611,30.411034,43.138620,-8.384550,-6.464800,1.233046,0.221676,0.277946,19.401954,7.000000,224.942792,2.771708,1.000000,7.940402,0.000000,41.605839,0.000000,7.000000,23.586212,10.000000,121.308951,2.358621,7.000000,16.278122,25.000000,121.321812,0.651125,4.000000,15.496526,11.000000,88.361535,1.408775,3.000000,14.920870,6.000000,91.606805,2.486812,2.000000,19.457113,27.000000,138.264506,0.720634,1.000000,12.336364,16.000000,83.246301,0.771023,2.000000,17.397229,8.000000,156.539510,2.174654,1.000000,10.002044,3.000000,60.988783,3.334015,2.000000,19.616952,9.000000,105.941901,2.179661,1.000000,15.623711,0.000000,71.356784,0.000000,1.000000,2.000000,1.000000,85.000000,-1.000000,,,,44.712288,39.928986,59.812782,0.586643,0.370886,0.215757,20.539721,17.546013,24.078195,-1.637584,-1.650436,0.337153,0.098939,,0.000000,,34.351513,10.103627,22.943130,-0.434960,-0.250336,-0.184624,31.466997,10.879792,36.309748,-1.868082,-2.236139,0.048888,0.040651,0.505542,0.449438,,224.942792,41.605839,6.605700,0.870630
2024-10-09T18:30:00Z,1.326318,no_impulse,0,ADANIENT,1d,1.000000,100.449438,7.734902,3.000000,2.578301,2.579036,3.011256,5.038208,7.149743,4.000000,71.820529,1.787436,2.000000,44.712288,39.928986,59.812782,0.000000,0.586643,0.370886,0.215757,20.539721,17.546013,24.078195,-1.637584,-1.650438,0.274475,0.337153,0.098939,11.055599,7.000000,90.717423,1.579371,3.000000,63.312344,76.823757,83.380930,0.000000,0.533430,-0.178913,0.712343,23.472397,27.681500,18.098317,2.715435,2.377780,4.150448,0.837492,0.082705,10.862996,29.000000,143.006700,0.374586,4.000000,38.800809,31.234719,33.238976,1.000000,-1.161585,-1.087329,-0.074255,31.004364,12.331562,31.200243,-1.975111,-3.649539,-1.914709,0.141706,0.054058,8.220593,3.000000,94.126922,2.740198,3.000000,54.434027,75.659173,68.794523,1.000000,0.114045,-0.332504,0.446550,19.026895,23.889006,22.967626,1.711119,1.387673,5.641354,0.691962,0.090690,8.032040,2.000000,70.413544,4.016020,2.000000,43.656591,40.854843,67.915626,0.000000,-0.237414,-0.639429,0.402015,21.658193,20.159012,29.616023,-2.107107,-2.727922,1.778048,0.252246,0.083293,12.875675,7.000000,81.039136,1.839382,3.000000,61.792431,89.036914,90.088041,1.000000,-0.204783,-0.862074,0.657291,23.517908,25.640520,21.919046,3.536179,2.930621,7.317027,0.939918,0.083329,13.709951,24.000000,75.050641,0.571248,2.000000,35.435117,35.341365,16.747959,0.000000,-1.461159,-0.993511,-0.467648,24.500120,12.315489,35.929018,-3.506251,-4.546846,0.714262,0.063032,0.077522,22.350500,9.000000,60.498366,2.483389,3.000000,55.450916,56.944444,52.600763,1.000000,1.175426,1.212803,-0.037377,18.240660,29.683553,29.319544,2.894607,4.522426,11.390324,0.673959,0.171356,26.977436,1.000000,166.022380,26.977436,8.000000,19.401954,7.000000,224.942792,2.771708,1.000000,7.940402,0.000000,41.605839,0.000000,7.000000,23.586212,10.000000,121.308951,2.358621,7.000000,16.278122,25.000000,121.321812,0.651125,4.000000,15.496526,11.000000,88.361535,1.408775,3.000000,14.920870,6.000000,91.606805,2.486812,2.000000,19.457113,27.000000,138.264506,0.720634,1.000000,12.336364,16.000000,83.246301,0.771023,2.000000,17.397229,8.000000,156.539510,2.174654,1.000000,10.002044,3.000000,60.988783,3.334015,2.000000,19.616952,9.000000,105.941901,2.179661,1.000000,1.000000,2.000000,88.000000,-1.000000,,,,59.486441,86.306099,84.439025,0.934863,0.589740,0.345123,18.254636,16.201048,23.622124,2.579036,3.011258,0.759001,0.102212,,0.000000,,57.589806,85.116153,86.360991,0.525362,0.308502,0.216860,19.682248,18.696298,20.147261,0.762993,0.976398,0.593231,0.082468,0.549993,0.322581,,224.942792,60.498366,6.692350,0.997941
2024-10-24T18:30:00Z,1.096545,no_impulse,0,ADANIENT,1d,-1.000000,241.297539,17.324125,11.000000,1.574920,-10.478358,-12.508519,-11.683738,7.734902,3.000000,100.449438,2.578301,1.000000,59.486441,86.306099,84.439025,1.000000,0.934863,0.589740,0.345123,18.254636,16.201048,23.622124,2.579036,3.011256,5.038208,0.759001,0.102212,7.149743,4.000000,71.820529,1.787436,2.000000,44.712288,39.928986,59.812782,0.000000,0.586643,0.370886,0.215757,20.539721,17.546013,24.078195,-1.637584,-1.650438,0.274475,0.337153,0.098939,11.055599,7.000000,90.717423,1.579371,3.000000,63.312344,76.823757,83.380930,0.000000,0.533430,-0.178913,0.712343,23.472397,27.681500,18.098317,2.715435,2.377780,4.150448,0.837492,0.082705,10.862996,29.000000,143.006700,0.374586,4.000000,38.800809,31.234719,33.238976,1.000000,-1.161585,-1.087329,-0.074255,31.004364,12.331562,31.200243,-1.975111,-3.649539,-1.914709,0.141706,0.054058,8.220593,3.000000,94.126922,2.740198,3.000000,54.434027,75.659173,68.794523,1.000000,0.114045,-0.332504,0.446550,19.026895,23.889006,22.967626,1.711119,1.387673,5.641354,0.691962,0.090690,8.032040,2.000000,70.413544,4.016020,2.000000,43.656591,40.854843,67.915626,0.000000,-0.237414,-0.639429,0.402015,21.658193,20.159012,29.616023,-2.107107,-2.727922,1.778048,0.252246,0.083293,12.875675,7.000000,81.039136,1.839382,3.000000,61.792431,89.036914,90.088041,1.000000,-0.204783,-0.862074,0.657291,23.517908,25.640520,21.919046,3.536179,2.930621,7.317027,0.939918,0.083329,13.709951,24.000000,75.050641,0.571248,2.000000,35.435117,35.341365,16.747959,0.000000,-1.461159,-0.993511,-0.467648,24.500120,12.315489,35.929018,-3.506251,-4.546846,0.714262,0.063032,0.077522,22.350500,9.000000,60.498366,2.483389,3.000000,26.977436,1.000000,166.022380,26.977436,8.000000,19.401954,7.000000,224.942792,2.771708,1.000000,7.940402,0.000000,41.605839,0.000000,7.000000,23.586212,10.000000,121.308951,2.358621,7.000000,16.278122,25.000000,121.321812,0.651125,4.000000,15.496526,11.000000,88.361535,1.408775,3.000000,14.920870,6.000000,91.606805,2.486812,2.000000,19.457113,27.000000,138.264506,0.720634,1.000000,12.336364,16.000000,83.246301,0.771023,2.000000,17.397229,8.000000,156.539510,2.174654,1.000000,10.002044,3.000000,60.988783,3.334015,2.000000,8.000000,1.000000,99.000000,-1.000000,,,,23.791280,6.972001,5.653689,-2.543413,-0.938733,-1.604680,34.376246,6.868460,39.971079,-10.478358,-12.508518,-0.011813,0.185313,,0.000000,,34.469287,28.481013,35.771214,-1.110744,-1.290503,0.179759,49.420968,10.203240,28.647920,-1.174911,-3.582690,0.051855,0.025913,1.343274,1.235955,99.000000,166.022380,60.498366,6.675257,0.956653
2024-11-05T18:30:00Z,1.268075,no_impulse,0,ADANIENT,1d,1.000000,74.652327,15.642849,8.000000,1.955356,3.090612,1.457460,1.465226,17.324125,11.000000,241.297539,1.574920,8.000000,23.791280,6.972001,5.653689,0.000000,-2.543413,-0.938733,-1.604680,34.376246,6.868460,39.971079,-10.478358,-12.508519,-11.683738,-0.011813,0.185313,7.734902,3.000000,100.449438,2.578301,1.000000,59.486441,86.306099,84.439025,1.000000,0.934863,0.589740,0.345123,18.254636,16.201048,23.622124,2.579036,3.011256,5.038208,0.759001,0.102212,7.149743,4.000000,71.820529,1.787436,2.000000,44.712288,39.928986,59.812782,0.000000,0.586643,0.370886,0.215757,20.539721,17.546013,24.078195,-1.637584,-1.650438,0.274475,0.337153,0.098939,11.055599,7.000000,90.717423,1.579371,3.000000,63.312344,76.823757,83.380930,0.000000,0.533430,-0.178913,0.712343,23.472397,27.681500,18.098317,2.715435,2.377780,4.150448,0.837492,0.082705,10.862996,29.000000,143.006700,0.374586,4.000000,38.800809,31.234719,33.238976,1.000000,-1.161585,-1.087329,-0.074255,31.004364,12.331562,31.200243,-1.975111,-3.649539,-1.914709,0.141706,0.054058,8.220593,3.000000,94.126922,2.740198,3.000000,54.434027,75.659173,68.794523,1.000000,0.114045,-0.332504,0.446550,19.026895,23.889006,22.967626,1.711119,1.387673,5.641354,0.691962,0.090690,8.032040,2.000000,70.413544,4.016020,2.000000,43.656591,40.854843,67.915626,0.000000,-0.237414,-0.639429,0.402015,21.658193,20.159012,29.616023,-2.107107,-2.727922,1.778048,0.252246,0.083293,12.875675,7.000000,81.039136,1.839382,3.000000,61.792431,89.036914,90.088041,1.000000,-0.204783,-0.862074,0.657291,23.517908,25.640520,21.919046,3.536179,2.930621,7.317027,0.939918,0.083329,13.709951,24.000000,75.050641,0.571248,2.000000,22.350500,9.000000,60.498366,2.483389,3.000000,26.977436,1.000000,166.022380,26.977436,8.000000,19.401954,7.000000,224.942792,2.771708,1.000000,7.940402,0.000000,41.605839,0.000000,7.000000,23.586212,10.000000,121.308951,2.358621,7.000000,16.278122,25.000000,121.321812,0.651125,4.000000,15.496526,11.000000,88.361535,1.408775,3.000000,14.920870,6.000000,91.606805,2.486812,2.000000,19.457113,27.000000,138.264506,0.720634,1.000000,12.336364,16.000000,83.246301,0.771023,2.000000,17.397229,8.000000,156.539510,2.174654,1.000000,3.000000,2.000000,8.000000,-1.000000,,,,55.819493,94.287134,68.518817,-0.942483,-1.403613,0.461130,33.382566,23.262926,25.405666,3.090612,1.457461,0.688204,0.169453,,0.000000,,55.712922,70.146628,55.683157,0.149477,0.199354,-0.049876,14.678072,20.646994,20.611927,0.469547,0.786203,0.625255,0.037664,1.311042,0.808081,107.000000,241.297539,60.498366,4.865439,1.068667
2024-11-20T18:30:00Z,0.890162,no_impulse,0,ADANIENT,1d,-1.000000,220.317933,29.802103,9.000000,3.311345,-29.700603,-34.351351,-36.622774,15.642849,8.000000,74.652327,1.955356,3.000000,55.819493,94.287134,68.518817,0.000000,-0.942483,-1.403613,0.461130,33.382566,23.262926,25.405666,3.090612,1.457460,1.465226,0.688204,0.169453,17.324125,11.000000,241.297539,1.574920,8.000000,23.791280,6.972001,5.653689,0.000000,-2.543413,-0.938733,-1.604680,34.376246,6.868460,39.971079,-10.478358,-12.508519,-11.683738,-0.011813,0.185313,7.734902,3.000000,100.449438,2.578301,1.000000,59.486441,86.306099,84.439025,1.000000,0.934863,0.589740,0.345123,18.254636,16.201048,23.622124,2.579036,3.011256,5.038208,0.759001,0.102212,7.149743,4.000000,71.820529,1.787436,2.000000,44.712288,39.928986,59.812782,0.000000,0.586643,0.370886,0.215757,20.539721,17.546013,24.078195,-1.637584,-1.650438,0.274475,0.337153,0.098939,11.055599,7.000000,90.717423,1.579371,3.000000,63.312344,76.823757,83.380930,0.000000,0.533430,-0.178913,0.712343,23.472397,27.681500,18.098317,2.715435,2.377780,4.150448,0.837492,0.082705,10.862996,29.000000,143.006700,0.374586,4.000000,38.800809,31.234719,33.238976,1.000000,-1.161585,-1.087329,-0.074255,31.004364,12.331562,31.200243,-1.975111,-3.649539,-1.914709,0.141706,0.054058,8.220593,3.000000,94.126922,2.740198,3.000000,54.434027,75.659173,68.794523,1.000000,0.114045,-0.332504,0.446550,19.026895,23.889006,22.967626,1.711119,1.387673,5.641354,0.691962,0.090690,8.032040,2.000000,70.413544,4.016020,2.000000,43.656591,40.854843,67.915626,0.000000,-0.237414,-0.639429,0.402015,21.658193,20.159012,29.616023,-2.107107,-2.727922,1.778048,0.252246,0.083293,12.875675,7.000000,81.039136,1.839382,3.000000,13.709951,24.000000,75.050641,0.571248,2.000000,22.350500,9.000000,60.498366,2.483389,3.000000,26.977436,1.000000,166.022380,26.977436,8.000000,19.401954,7.000000,224.942792,2.771708,1.000000,7.940402,0.000000,41.605839,0.000000,7.000000,23.586212,10.000000,121.308951,2.358621,7.000000,16.278122,25.000000,121.321812,0.651125,4.000000,15.496526,11.000000,88.361535,1.408775,3.000000,14.920870,6.000000,91.606805,2.486812,2.000000,19.457113,27.000000,138.264506,0.720634,1.000000,12.336364,16.000000,83.246301,0.771023,2.000000,4.000000,3.000000,17.000000,-1.000000,,,,18.747218,3.122886,12.920284,-4.353927,-2.221018,-2.132909,28.875786,11.540056,52.014138,-29.700603,-34.351351,-0.454571,0.239892,,0.000000,,9.709624,0.000000,15.106732,-2.333196,-0.744380,-1.588816,20.208327,7.369758,70.741502,-23.554786,-25.897872,-0.534820,0.184228,2.646524,0.918367,116.000000,241.297539,70.413544,3.555485,1.400213
2024-11-20T18:30:00Z,1.048911,no_impulse,0,ADANIENT,1d,1.000000,42.006764,17.833724,0.000000,0.000000,-29.700603,-34.351351,-36.622774,29.802103,9.000000,220.317933,3.311345,4.000000,18.747218,3.122886,12.920284,1.000000,-4.353927,-2.221018,-2.132909,28.875786,11.540056,52.014138,-29.700603,-34.351351,-36.622774,-0.454571,0.239892,15.642849,8.000000,74.652327,1.955356,3.000000,55.819493,94.287134,68.518817,0.000000,-0.942483,-1.403613,0.461130,33.382566,23.262926,25.405666,3.090612,1.457460,1.465226,0.688204,0.169453,17.324125,11.000000,241.297539,1.574920,8.000000,23.791280,6.972001,5.653689,0.000000,-2.543413,-0.938733,-1.604680,34.376246,6.868460,39.971079,-10.478358,-12.508519,-11.683738,-0.011813,0.185313,7.734902,3.000000,100.449438,2.578301,1.000000,59.486441,86.306099,84.439025,1.000000,0.934863,0.589740,0.345123,18.254636,16.201048,23.622124,2.579036,3.011256,5.038208,0.759001,0.102212,7.149743,4.000000,71.820529,1.787436,2.000000,44.712288,39.928986,59.812782,0.000000,0.586643,0.370886,0.215757,20.539721,17.546013,24.078195,-1.637584,-1.650438,0.274475,0.337153,0.098939,11.055599,7.000000,90.717423,1.579371,3.000000,63.312344,76.823757,83.380930,0.000000,0.533430,-0.178913,0.712343,23.472397,27.681500,18.098317,2.715435,2.377780,4.150448,0.837492,0.082705,10.862996,29.000000,143.006700,0.374586,4.000000,38.800809,31.234719,33.238976,1.000000,-1.161585,-1.087329,-0.074255,31.004364,12.331562,31.200243,-1.975111,-3.649539,-1.914709,0.141706,0.054058,8.220593,3.000000,94.126922,2.740198,3.000000,54.434027,75.659173,68.794523,1.000000,0.114045,-0.332504,0.446550,19.026895,23.889006,22.967626,1.711119,1.387673,5.641354,0.691962,0.090690,8.032040,2.000000,70.413544,4.016020,2.000000,12.875675,7.000000,81.039136,1.839382,3.000000,13.709951,24.000000,75.050641,0.571248,2.000000,22.350500,9.000000,60.498366,2.483389,3.000000,26.977436,1.000000,166.022380,26.977436,8.000000,19.401954,7.000000,224.942792,2.771708,1.000000,7.940402,0.000000,41.605839,0.000000,7.000000,23.586212,10.000000,121.308951,2.358621,7.000000,16.278122,25.000000,121.321812,0.651125,4.000000,15.496526,11.000000,88.361535,1.408775,3.000000,14.920870,6.000000,91.606805,2.486812,2.000000,19.457113,27.000000,138.264506,0.720634,1.000000,4.000000,4.000000,17.000000,-1.000000,,,,18.747218,3.122886,12.920284,-4.353927,-2.221018,-2.132909,28.875786,11.540056,52.014138,-29.700603,-34.351351,-0.454571,0.239892,,0.000000,,9.709624,0.000000,15.106732,-2.333196,-0.744380,-1.588816,20.208327,7.369758,70.741502,-23.554786,-25.897872,-0.534820,0.184228,1.385675,0.000000,0.000000,241.297539,70.413544,6.877157,2.419757
2024-11-25T18:30:00Z,0.882280,no_impulse,0,ADANIENT,1d,-1.000000,104.965110,15.886104,3.000000,5.295368,-24.185638,-32.618821,-37.665863,17.833724,0.000000,42.006764,0.000000,4.000000,18.747218,3.122886,12.920284,0.000000,-4.353927,-2.221018,-2.132909,28.875786,11.540056,52.014138,-29.700603,-34.351351,-36.622774,-0.454571,0.239892,29.802103,9.000000,220.317933,3.311345,4.000000,18.747218,3.122886,12.920284,1.000000,-4.353927,-2.221018,-2.132909,28.875786,11.540056,52.014138,-29.700603,-34.351351,-36.622774,-0.454571,0.239892,15.642849,8.000000,74.652327,1.955356,3.000000,55.819493,94.287134,68.518817,0.000000,-0.942483,-1.403613,0.461130,33.382566,23.262926,25.405666,3.090612,1.457460,1.465226,0.688204,0.169453,17.324125,11.000000,241.297539,1.574920,8.000000,23.791280,6.972001,5.653689,0.000000,-2.543413,-0.938733,-1.604680,34.376246,6.868460,39.971079,-10.478358,-12.508519,-11.683738,-0.011813,0.185313,7.734902,3.000000,100.449438,2.578301,1.000000,59.486441,86.306099,84.439025,1.000000,0.934863,0.589740,0.345123,18.254636,16.201048,23.622124,2.579036,3.011256,5.038208,0.759001,0.102212,7.149743,4.000000,71.820529,1.787436,2.000000,44.712288,39.928986,59.812782,0.000000,0.586643,0.370886,0.215757,20.539721,17.546013,24.078195,-1.637584,-1.650438,0.274475,0.337153,0.098939,11.055599,7.000000,90.717423,1.579371,3.000000,63.312344,76.823757,83.380930,0.000000,0.533430,-0.178913,0.712343,23.472397,27.681500,18.098317,2.715435,2.377780,4.150448,0.837492,0.082705,10.862996,29.000000,143.006700,0.374586,4.000000,38.800809,31.234719,33.238976,1.000000,-1.161585,-1.087329,-0.074255,31.004364,12.331562,31.200243,-1.975111,-3.649539,-1.914709,0.141706,0.054058,8.220593,3.000000,94.126922,2.740198,3.000000,8.032040,2.000000,70.413544,4.016020,2.000000,12.875675,7.000000,81.039136,1.839382,3.000000,13.709951,24.000000,75.050641,0.571248,2.000000,22.350500,9.000000,60.498366,2.483389,3.000000,26.977436,1.000000,166.022380,26.977436,8.000000,19.401954,7.000000,224.942792,2.771708,1.000000,7.940402,0.000000,41.605839,0.000000,7.000000,23.586212,10.000000,121.308951,2.358621,7.000000,16.278122,25.000000,121.321812,0.651125,4.000000,15.496526,11.000000,88.361535,1.408775,3.000000,14.920870,6.000000,91.606805,2.486812,2.000000,4.000000,5.000000,20.000000,-1.000000,,,,21.730784,12.012634,17.895568,-8.430852,-4.777662,-3.653191,35.965335,10.756854,50.068409,-24.185638,-32.618820,0.041507,0.424770,,0.000000,,37.325330,77.822777,82.272261,-3.892902,-5.042536,1.149634,39.816809,19.363586,43.932468,-2.981167,-11.113481,0.189644,0.093276,1.188558,0.394737,3.000000,241.297539,42.006764,7.054055,1.964641
2024-12-02T18:30:00Z,1.056580,no_impulse,0,ADANIENT,1d,1.000000,104.602403,19.755650,5.000000,3.951130,-2.905672,-10.578414,-16.769741,15.886104,3.000000,104.965110,5.295368,4.000000,21.730784,12.012634,17.895568,0.000000,-8.430852,-4.777662,-3.653191,35.965335,10.756854,50.068409,-24.185638,-32.618821,-37.665863,0.041507,0.424770,17.833724,0.000000,42.006764,0.000000,4.000000,18.747218,3.122886,12.920284,0.000000,-4.353927,-2.221018,-2.132909,28.875786,11.540056,52.014138,-29.700603,-34.351351,-36.622774,-0.454571,0.239892,29.802103,9.000000,220.317933,3.311345,4.000000,18.747218,3.122886,12.920284,1.000000,-4.353927,-2.221018,-2.132909,28.875786,11.540056,52.014138,-29.700603,-34.351351,-36.622774,-0.454571,0.239892,15.642849,8.000000,74.652327,1.955356,3.000000,55.819493,94.287134,68.518817,0.000000,-0.942483,-1.403613,0.461130,33.382566,23.262926,25.405666,3.090612,1.457460,1.465226,0.688204,0.169453,17.324125,11.000000,241.297539,1.574920,8.000000,23.791280,6.972001,5.653689,0.000000,-2.543413,-0.938733,-1.604680,34.376246,6.868460,39.971079,-10.478358,-12.508519,-11.683738,-0.011813,0.185313,7.734902,3.000000,100.449438,2.578301,1.000000,59.486441,86.306099,84.439025,1.000000,0.934863,0.589740,0.345123,18.254636,16.201048,23.622124,2.579036,3.011256,5.038208,0.759001,0.102212,7.149743,4.000000,71.820529,1.787436,2.000000,44.712288,39.928986,59.812782,0.000000,0.586643,0.370886,0.215757,20.539721,17.546013,24.078195,-1.637584,-1.650438,0.274475,0.337153,0.098939,11.055599,7.000000,90.717423,1.579371,3.000000,63.312344,76.823757,83.380930,0.000000,0.533430,-0.178913,0.712343,23.472397,27.681500,18.098317,2.715435,2.377780,4.150448,0.837492,0.082705,10.862996,29.000000,143.006700,0.374586,4.000000,8.220593,3.000000,94.126922,2.740198,3.000000,8.032040,2.000000,70.413544,4.016020,2.000000,12.875675,7.000000,81.039136,1.839382,3.000000,13.709951,24.000000,75.050641,0.571248,2.000000,22.350500,9.000000,60.498366,2.483389,3.000000,26.977436,1.000000,166.022380,26.977436,8.000000,19.401954,7.000000,224.942792,2.771708,1.000000,7.940402,0.000000,41.605839,0.000000,7.000000,23.586212,10.000000,121.308951,2.358621,7.000000,16.278122,25.000000,121.321812,0.651125,4.000000,15.496526,11.000000,88.361535,1.408775,3.000000,7.000000,6.000000,25.000000,-1.000000,,,,43.177443,54.032809,48.692543,-5.681976,-5.595731,-0.086245,35.734947,19.487296,34.628547,-2.905672,-10.578414,0.437299,0.450334,,0.000000,,56.772084,44.166667,41.888889,0.883109,1.050075,-0.166965,31.965233,34.268711,15.627363,0.901218,0.809934,0.802879,0.030026,1.396033,0.649351,8.000000,241.297539,42.006764,6.827807,1.560663
2024-12-22T18:30:00Z,0.963572,no_impulse,0,ADANIENT,1d,-1.000000,53.361036,8.802774,14.000000,0.628770,-6.137700,-12.989343,-22.889707,19.755650,5.000000,104.602403,3.951130,7.000000,43.177443,54.032809,48.692543,1.000000,-5.681976,-5.595731,-0.086245,35.734947,19.487296,34.628547,-2.905672,-10.578414,-16.769741,0.437299,0.450334,15.886104,3.000000,104.965110,5.295368,4.000000,21.730784,12.012634,17.895568,0.000000,-8.430852,-4.777662,-3.653191,35.965335,10.756854,50.068409,-24.185638,-32.618821,-37.665863,0.041507,0.424770,17.833724,0.000000,42.006764,0.000000,4.000000,18.747218,3.122886,12.920284,0.000000,-4.353927,-2.221018,-2.132909,28.875786,11.540056,52.014138,-29.700603,-34.351351,-36.622774,-0.454571,0.239892,29.802103,9.000000,220.317933,3.311345,4.000000,18.747218,3.122886,12.920284,1.000000,-4.353927,-2.221018,-2.132909,28.875786,11.540056,52.014138,-29.700603,-34.351351,-36.622774,-0.454571,0.239892,15.642849,8.000000,74.652327,1.955356,3.000000,55.819493,94.287134,68.518817,0.000000,-0.942483,-1.403613,0.461130,33.382566,23.262926,25.405666,3.090612,1.457460,1.465226,0.688204,0.169453,17.324125,11.000000,241.297539,1.574920,8.000000,23.791280,6.972001,5.653689,0.000000,-2.543413,-0.938733,-1.604680,34.376246,6.868460,39.971079,-10.478358,-12.508519,-11.683738,-0.011813,0.185313,7.734902,3.000000,100.449438,2.578301,1.000000,59.486441,86.306099,84.439025,1.000000,0.934863,0.589740,0.345123,18.254636,16.201048,23.622124,2.579036,3.011256,5.038208,0.759001,0.102212,7.149743,4.000000,71.820529,1.787436,2.000000,44.712288,39.928986,59.812782,0.000000,0.586643,0.370886,0.215757,20.539721,17.546013,24.078195,-1.637584,-1.650438,0.274475,0.337153,0.098939,11.055599,7.000000,90.717423,1.579371,3.000000,10.862996,29.000000,143.006700,0.374586,4.000000,8.220593,3.000000,94.126922,2.740198,3.000000,8.032040,2.000000,70.413544,4.016020,2.000000,12.875675,7.000000,81.039136,1.839382,3.000000,13.709951,24.000000,75.050641,0.571248,2.000000,22.350500,9.000000,60.498366,2.483389,3.000000,26.977436,1.000000,166.022380,26.977436,8.000000,19.401954,7.000000,224.942792,2.771708,1.000000,7.940402,0.000000,41.605839,0.000000,7.000000,23.586212,10.000000,121.308951,2.358621,7.000000,16.278122,25.000000,121.321812,0.651125,4.000000,2.000000,1.000000,14.000000,-1.000000,,,,34.381679,2.916869,7.342141,-3.245511,-3.363146,0.117635,31.486882,14.522538,33.895283,-6.137700,-12.989343,0.083255,0.138760,,0.000000,,24.032572,13.115432,9.420099,-1.377834,-1.068647,-0.309187,35.226935,19.787645,35.095805,-2.754310,-4.307221,0.078573,0.063605,0.575165,1.772152,,241.297539,42.006764,6.687474,0.851940
2024-12-31T18:30:00Z,1.092199,no_impulse,0,ADANIENT,1d,1.000000,138.295923,13.348956,6.000000,2.224826,2.725514,-2.092932,-11.601165,8.802774,14.000000,53.361036,0.628770,2.000000,34.381679,2.916869,7.342141,1.000000,-3.245511,-3.363146,0.117635,31.486882,14.522538,33.895283,-6.137700,-12.989343,-22.889707,0.083255,0.138760,19.755650,5.000000,104.602403,3.951130,7.000000,43.177443,54.032809,48.692543,1.000000,-5.681976,-5.595731,-0.086245,35.734947,19.487296,34.628547,-2.905672,-10.578414,-16.769741,0.437299,0.450334,15.886104,3.000000,104.965110,5.295368,4.000000,21.730784,12.012634,17.895568,0.000000,-8.430852,-4.777662,-3.653191,35.965335,10.756854,50.068409,-24.185638,-32.618821,-37.665863,0.041507,0.424770,17.833724,0.000000,42.006764,0.000000,4.000000,18.747218,3.122886,12.920284,0.000000,-4.353927,-2.221018,-2.132909,28.875786,11.540056,52.014138,-29.700603,-34.351351,-36.622774,-0.454571,0.239892,29.802103,9.000000,220.317933,3.311345,4.000000,18.747218,3.122886,12.920284,1.000000,-4.353927,-2.221018,-2.132909,28.875786,11.540056,52.014138,-29.700603,-34.351351,-36.622774,-0.454571,0.239892,15.642849,8.000000,74.652327,1.955356,3.000000,55.819493,94.287134,68.518817,0.000000,-0.942483,-1.403613,0.461130,33.382566,23.262926,25.405666,3.090612,1.457460,1.465226,0.688204,0.169453,17.324125,11.000000,241.297539,1.574920,8.000000,23.791280,6.972001,5.653689,0.000000,-2.543413,-0.938733,-1.604680,34.376246,6.868460,39.971079,-10.478358,-12.508519,-11.683738,-0.011813,0.185313,7.734902,3.000000,100.449438,2.578301,1.000000,59.486441,86.306099,84.439025,1.000000,0.934863,0.589740,0.345123,18.254636,16.201048,23.622124,2.579036,3.011256,5.038208,0.759001,0.102212,7.149743,4.000000,71.820529,1.787436,2.000000,11.055599,7.000000,90.717423,1.579371,3.000000,10.862996,29.000000,143.006700,0.374586,4.000000,8.220593,3.000000,94.126922,2.740198,3.000000,8.032040,2.000000,70.413544,4.016020,2.000000,12.875675,7.000000,81.039136,1.839382,3.000000,13.709951,24.000000,75.050641,0.571248,2.000000,22.350500,9.000000,60.498366,2.483389,3.000000,26.977436,1.000000,166.022380,26.977436,8.000000,19.401954,7.000000,224.942792,2.771708,1.000000,7.940402,0.000000,41.605839,0.000000,7.000000,23.586212,10.000000,121.308951,2.358621,7.000000,1.000000,2.000000,20.000000,-1.000000,,,,53.484904,71.315005,78.521172,-1.156386,-2.240409,1.084023,27.009604,29.176268,20.468727,2.725514,-2.092932,0.757757,0.108702,,0.000000,,61.337609,57.458123,60.070805,1.204848,1.344646,-0.139798,30.570143,29.750714,17.849337,0.986570,2.452943,0.606845,0.093257,0.884110,0.937500,,241.297539,42.006764,6.868794,0.702362
2025-01-12T18:30:00Z,0.915726,no_impulse,0,ADANIENT,1d,-1.000000,137.197748,16.157597,8.000000,2.019700,-10.711006,-15.388756,-26.805296,13.348956,6.000000,138.295923,2.224826,1.000000,53.484904,71.315005,78.521172,0.000000,-1.156386,-2.240409,1.084023,27.009604,29.176268,20.468727,2.725514,-2.092932,-11.601165,0.757757,0.108702,8.802774,14.000000,53.361036,0.628770,2.000000,34.381679,2.916869,7.342141,1.000000,-3.245511,-3.363146,0.117635,31.486882,14.522538,33.895283,-6.137700,-12.989343,-22.889707,0.083255,0.138760,19.755650,5.000000,104.602403,3.951130,7.000000,43.177443,54.032809,48.692543,1.000000,-5.681976,-5.595731,-0.086245,35.734947,19.487296,34.628547,-2.905672,-10.578414,-16.769741,0.437299,0.450334,15.886104,3.000000,104.965110,5.295368,4.000000,21.730784,12.012634,17.895568,0.000000,-8.430852,-4.777662,-3.653191,35.965335,10.756854,50.068409,-24.185638,-32.618821,-37.665863,0.041507,0.424770,17.833724,0.000000,42.006764,0.000000,4.000000,18.747218,3.122886,12.920284,0.000000,-4.353927,-2.221018,-2.132909,28.875786,11.540056,52.014138,-29.700603,-34.351351,-36.622774,-0.454571,0.239892,29.802103,9.000000,220.317933,3.311345,4.000000,18.747218,3.122886,12.920284,1.000000,-4.353927,-2.221018,-2.132909,28.875786,11.540056,52.014138,-29.700603,-34.351351,-36.622774,-0.454571,0.239892,15.642849,8.000000,74.652327,1.955356,3.000000,55.819493,94.287134,68.518817,0.000000,-0.942483,-1.403613,0.461130,33.382566,23.262926,25.405666,3.090612,1.457460,1.465226,0.688204,0.169453,17.324125,11.000000,241.297539,1.574920,8.000000,23.791280,6.972001,5.653689,0.000000,-2.543413,-0.938733,-1.604680,34.376246,6.868460,39.971079,-10.478358,-12.508519,-11.683738,-0.011813,0.185313,7.734902,3.000000,100.449438,2.578301,1.000000,7.149743,4.000000,71.820529,1.787436,2.000000,11.055599,7.000000,90.717423,1.579371,3.000000,10.862996,29.000000,143.006700,0.374586,4.000000,8.220593,3.000000,94.126922,2.740198,3.000000,8.032040,2.000000,70.413544,4.016020,2.000000,12.875675,7.000000,81.039136,1.839382,3.000000,13.709951,24.000000,75.050641,0.571248,2.000000,22.350500,9.000000,60.498366,2.483389,3.000000,26.977436,1.000000,166.022380,26.977436,8.000000,19.401954,7.000000,224.942792,2.771708,1.000000,7.940402,0.000000,41.605839,0.000000,7.000000,8.000000,1.000000,28.000000,-1.000000,,,,32.861599,1.931434,20.628354,-1.721576,-1.141382,-0.580194,20.841823,17.874370,38.266755,-10.711006,-15.388756,-0.132413,0.152981,,0.000000,,21.587970,10.320988,7.661246,-1.675145,-1.155571,-0.519574,36.164782,7.230487,44.866842,-4.504199,-6.119125,0.022706,0.090302,1.054117,1.269841,,241.297539,42.006764,6.756164,0.659731
2025-01-15T18:30:00Z,1.061565,no_impulse,0,ADANIENT,1d,1.000000,82.641236,15.926115,3.000000,5.308705,-0.794745,-4.972696,-15.704843,16.157597,8.000000,137.197748,2.019700,8.000000,32.861599,1.931434,20.628354,0.000000,-1.721576,-1.141382,-0.580194,20.841823,17.874370,38.266755,-10.711006,-15.388756,-26.805296,-0.132413,0.152981,13.348956,6.000000,138.295923,2.224826,1.000000,53.484904,71.315005,78.521172,0.000000,-1.156386,-2.240409,1.084023,27.009604,29.176268,20.468727,2.725514,-2.092932,-11.601165,0.757757,0.108702,8.802774,14.000000,53.361036,0.628770,2.000000,34.381679,2.916869,7.342141,1.000000,-3.245511,-3.363146,0.117635,31.486882,14.522538,33.895283,-6.137700,-12.989343,-22.889707,0.083255,0.138760,19.755650,5.000000,104.602403,3.951130,7.000000,43.177443,54.032809,48.692543,1.000000,-5.681976,-5.595731,-0.086245,35.734947,19.487296,34.628547,-2.905672,-10.578414,-16.769741,0.437299,0.450334,15.886104,3.000000,104.965110,5.295368,4.000000,21.730784,12.012634,17.895568,0.000000,-8.430852,-4.777662,-3.653191,35.965335,10.756854,50.068409,-24.185638,-32.618821,-37.665863,0.041507,0.424770,17.833724,0.000000,42.006764,0.000000,4.000000,18.747218,3.122886,12.920284,0.000000,-4.353927,-2.221018,-2.132909,28.875786,11.540056,52.014138,-29.700603,-34.351351,-36.622774,-0.454571,0.239892,29.802103,9.000000,220.317933,3.311345,4.000000,18.747218,3.122886,12.920284,1.000000,-4.353927,-2.221018,-2.132909,28.875786,11.540056,52.014138,-29.700603,-34.351351,-36.622774,-0.454571,0.239892,15.642849,8.000000,74.652327,1.955356,3.000000,55.819493,94.287134,68.518817,0.000000,-0.942483,-1.403613,0.461130,33.382566,23.262926,25.405666,3.090612,1.457460,1.465226,0.688204,0.169453,17.324125,11.000000,241.297539,1.574920,8.000000,7.734902,3.000000,100.449438,2.578301,1.000000,7.149743,4.000000,71.820529,1.787436,2.000000,11.055599,7.000000,90.717423,1.579371,3.000000,10.862996,29.000000,143.006700,0.374586,4.000000,8.220593,3.000000,94.126922,2.740198,3.000000,8.032040,2.000000,70.413544,4.016020,2.000000,12.875675,7.000000,81.039136,1.839382,3.000000,13.709951,24.000000,75.050641,0.571248,2.000000,22.350500,9.000000,60.498366,2.483389,3.000000,26.977436,1.000000,166.022380,26.977436,8.000000,19.401954,7.000000,224.942792,2.771708,1.000000,3.000000,2.000000,3.000000,-1.000000,,,,47.462211,49.372284,42.580074,-1.555641,-1.329631,-0.226009,19.917662,27.045159,27.260254,-0.794745,-4.972696,0.449478,0.156065,,0.000000,,48.222948,75.082690,79.442347,-0.222672,-0.569576,0.346903,24.663314,27.584504,23.874620,-0.063040,-1.417474,0.493748,0.100772,0.981344,0.447761,,241.297539,42.006764,6.114648,0.716391
2025-01-29T18:30:00Z,0.909250,no_impulse,0,ADANIENT,1d,-1.000000,104.440549,14.348210,10.000000,1.434821,-5.257861,-10.025136,-22.726304,15.926115,3.000000,82.641236,5.308705,3.000000,47.462211,49.372284,42.580074,1.000000,-1.555641,-1.329631,-0.226009,19.917662,27.045159,27.260254,-0.794745,-4.972696,-15.704843,0.449478,0.156065,16.157597,8.000000,137.197748,2.019700,8.000000,32.861599,1.931434,20.628354,0.000000,-1.721576,-1.141382,-0.580194,20.841823,17.874370,38.266755,-10.711006,-15.388756,-26.805296,-0.132413,0.152981,13.348956,6.000000,138.295923,2.224826,1.000000,53.484904,71.315005,78.521172,0.000000,-1.156386,-2.240409,1.084023,27.009604,29.176268,20.468727,2.725514,-2.092932,-11.601165,0.757757,0.108702,8.802774,14.000000,53.361036,0.628770,2.000000,34.381679,2.916869,7.342141,1.000000,-3.245511,-3.363146,0.117635,31.486882,14.522538,33.895283,-6.137700,-12.989343,-22.889707,0.083255,0.138760,19.755650,5.000000,104.602403,3.951130,7.000000,43.177443,54.032809,48.692543,1.000000,-5.681976,-5.595731,-0.086245,35.734947,19.487296,34.628547,-2.905672,-10.578414,-16.769741,0.437299,0.450334,15.886104,3.000000,104.965110,5.295368,4.000000,21.730784,12.012634,17.895568,0.000000,-8.430852,-4.777662,-3.653191,35.965335,10.756854,50.068409,-24.185638,-32.618821,-37.665863,0.041507,0.424770,17.833724,0.000000,42.006764,0.000000,4.000000,18.747218,3.122886,12.920284,0.000000,-4.353927,-2.221018,-2.132909,28.875786,11.540056,52.014138,-29.700603,-34.351351,-36.622774,-0.454571,0.239892,29.802103,9.000000,220.317933,3.311345,4.000000,18.747218,3.122886,12.920284,1.000000,-4.353927,-2.221018,-2.132909,28.875786,11.540056,52.014138,-29.700603,-34.351351,-36.622774,-0.454571,0.239892,15.642849,8.000000,74.652327,1.955356,3.000000,17.324125,11.000000,241.297539,1.574920,8.000000,7.734902,3.000000,100.449438,2.578301,1.000000,7.149743,4.000000,71.820529,1.787436,2.000000,11.055599,7.000000,90.717423,1.579371,3.000000,10.862996,29.000000,143.006700,0.374586,4.000000,8.220593,3.000000,94.126922,2.740198,3.000000,8.032040,2.000000,70.413544,4.016020,2.000000,12.875675,7.000000,81.039136,1.839382,3.000000,13.709951,24.000000,75.050641,0.571248,2.000000,22.350500,9.000000,60.498366,2.483389,3.000000,26.977436,1.000000,166.022380,26.977436,8.000000,4.000000,3.000000,13.000000,-1.000000,,,,38.920004,13.930070,20.759824,-2.406983,-1.964502,-0.442481,20.113531,15.661684,32.968192,-5.257861,-10.025136,0.176376,0.154353,,0.000000,,52.517132,94.718101,92.344214,-0.224814,-0.526119,0.301304,16.983913,22.108559,20.528941,0.457386,-0.577219,0.631367,0.034977,0.841636,1.492537,,241.297539,42.006764,5.351373,1.022233
2025-02-10T18:30:00Z,0.990115,no_impulse,0,ADANIENT,1d,1.000000,53.090909,8.893679,9.000000,0.988187,-0.432213,-4.460460,-17.356426,14.348210,10.000000,104.440549,1.434821,4.000000,38.920004,13.930070,20.759824,1.000000,-2.406983,-1.964502,-0.442481,20.113531,15.661684,32.968192,-5.257861,-10.025136,-22.726304,0.176376,0.154353,15.926115,3.000000,82.641236,5.308705,3.000000,47.462211,49.372284,42.580074,1.000000,-1.555641,-1.329631,-0.226009,19.917662,27.045159,27.260254,-0.794745,-4.972696,-15.704843,0.449478,0.156065,16.157597,8.000000,137.197748,2.019700,8.000000,32.861599,1.931434,20.628354,0.000000,-1.721576,-1.141382,-0.580194,20.841823,17.874370,38.266755,-10.711006,-15.388756,-26.805296,-0.132413,0.152981,13.348956,6.000000,138.295923,2.224826,1.000000,53.484904,71.315005,78.521172,0.000000,-1.156386,-2.240409,1.084023,27.009604,29.176268,20.468727,2.725514,-2.092932,-11.601165,0.757757,0.108702,8.802774,14.000000,53.361036,0.628770,2.000000,34.381679,2.916869,7.342141,1.000000,-3.245511,-3.363146,0.117635,31.486882,14.522538,33.895283,-6.137700,-12.989343,-22.889707,0.083255,0.138760,19.755650,5.000000,104.602403,3.951130,7.000000,43.177443,54.032809,48.692543,1.000000,-5.681976,-5.595731,-0.086245,35.734947,19.487296,34.628547,-2.905672,-10.578414,-16.769741,0.437299,0.450334,15.886104,3.000000,104.965110,5.295368,4.000000,21.730784,12.012634,17.895568,0.000000,-8.430852,-4.777662,-3.653191,35.965335,10.756854,50.068409,-24.185638,-32.618821,-37.665863,0.041507,0.424770,17.833724,0.000000,42.006764,0.000000,4.000000,18.747218,3.122886,12.920284,0.000000,-4.353927,-2.221018,-2.132909,28.875786,11.540056,52.014138,-29.700603,-34.351351,-36.622774,-0.454571,0.239892,29.802103,9.000000,220.317933,3.311345,4.000000,15.642849,8.000000,74.652327,1.955356,3.000000,17.324125,11.000000,241.297539,1.574920,8.000000,7.734902,3.000000,100.449438,2.578301,1.000000,7.149743,4.000000,71.820529,1.787436,2.000000,11.055599,7.000000,90.717423,1.579371,3.000000,10.862996,29.000000,143.006700,0.374586,4.000000,8.220593,3.000000,94.126922,2.740198,3.000000,8.032040,2.000000,70.413544,4.016020,2.000000,12.875675,7.000000,81.039136,1.839382,3.000000,13.709951,24.000000,75.050641,0.571248,2.000000,22.350500,9.000000,60.498366,2.483389,3.000000,3.000000,4.000000,22.000000,-1.000000,,,,47.104625,58.841310,56.574307,-1.471389,-1.833374,0.361985,18.326363,21.836392,22.810468,-0.432213,-4.460460,0.454689,0.094978,,0.000000,,42.666231,11.023207,8.597046,-0.191979,0.060974,-0.252953,20.933891,21.792304,21.295441,-0.735753,-0.751982,0.301691,0.036830,0.530953,1.363636,,220.317933,42.006764,5.416658,1.107965
2025-03-02T18:30:00Z,0.837076,no_impulse,0,ADANIENT,1d,-1.000000,189.251844,15.456775,13.000000,1.188983,-3.999713,-9.571377,-25.514280,8.893679,9.000000,53.090909,0.988187,3.000000,47.104625,58.841310,56.574307,1.000000,-1.471389,-1.833374,0.361985,18.326363,21.836392,22.810468,-0.432213,-4.460460,-17.356426,0.454689,0.094978,14.348210,10.000000,104.440549,1.434821,4.000000,38.920004,13.930070,20.759824,1.000000,-2.406983,-1.964502,-0.442481,20.113531,15.661684,32.968192,-5.257861,-10.025136,-22.726304,0.176376,0.154353,15.926115,3.000000,82.641236,5.308705,3.000000,47.462211,49.372284,42.580074,1.000000,-1.555641,-1.329631,-0.226009,19.917662,27.045159,27.260254,-0.794745,-4.972696,-15.704843,0.449478,0.156065,16.157597,8.000000,137.197748,2.019700,8.000000,32.861599,1.931434,20.628354,0.000000,-1.721576,-1.141382,-0.580194,20.841823,17.874370,38.266755,-10.711006,-15.388756,-26.805296,-0.132413,0.152981,13.348956,6.000000,138.295923,2.224826,1.000000,53.484904,71.315005,78.521172,0.000000,-1.156386,-2.240409,1.084023,27.009604,29.176268,20.468727,2.725514,-2.092932,-11.601165,0.757757,0.108702,8.802774,14.000000,53.361036,0.628770,2.000000,34.381679,2.916869,7.342141,1.000000,-3.245511,-3.363146,0.117635,31.486882,14.522538,33.895283,-6.137700,-12.989343,-22.889707,0.083255,0.138760,19.755650,5.000000,104.602403,3.951130,7.000000,43.177443,54.032809,48.692543,1.000000,-5.681976,-5.595731,-0.086245,35.734947,19.487296,34.628547,-2.905672,-10.578414,-16.769741,0.437299,0.450334,15.886104,3.000000,104.965110,5.295368,4.000000,21.730784,12.012634,17.895568,0.000000,-8.430852,-4.777662,-3.653191,35.965335,10.756854,50.068409,-24.185638,-32.618821,-37.665863,0.041507,0.424770,17.833724,0.000000,42.006764,0.000000,4.000000,29.802103,9.000000,220.317933,3.311345,4.000000,15.642849,8.000000,74.652327,1.955356,3.000000,17.324125,11.000000,241.297539,1.574920,8.000000,7.734902,3.000000,100.449438,2.578301,1.000000,7.149743,4.000000,71.820529,1.787436,2.000000,11.055599,7.000000,90.717423,1.579371,3.000000,10.862996,29.000000,143.006700,0.374586,4.000000,8.220593,3.000000,94.126922,2.740198,3.000000,8.032040,2.000000,70.413544,4.016020,2.000000,12.875675,7.000000,81.039136,1.839382,3.000000,13.709951,24.000000,75.050641,0.571248,2.000000,4.000000,5.000000,35.000000,-1.000000,,,,37.249667,24.443207,12.181653,-3.117001,-2.776613,-0.340387,30.424190,9.994308,29.720962,-3.999713,-9.571376,0.253969,0.156317,,0.000000,,25.174800,1.581444,22.598052,-0.884720,-0.737666,-0.147054,27.781289,10.879659,32.643945,-2.975857,-4.612980,-0.107962,0.047534,0.961512,1.940299,,220.317933,42.006764,5.962923,1.022414
2025-04-02T18:30:00Z,1.003707,no_impulse,0,ADANIENT,1d,1.000000,108.880846,19.906347,21.000000,0.947921,4.139344,4.032599,-7.410856,15.456775,13.000000,189.251844,1.188983,4.000000,37.249667,24.443207,12.181653,0.000000,-3.117001,-2.776613,-0.340387,30.424190,9.994308,29.720962,-3.999713,-9.571377,-25.514280,0.253969,0.156317,8.893679,9.000000,53.090909,0.988187,3.000000,47.104625,58.841310,56.574307,1.000000,-1.471389,-1.833374,0.361985,18.326363,21.836392,22.810468,-0.432213,-4.460460,-17.356426,0.454689,0.094978,14.348210,10.000000,104.440549,1.434821,4.000000,38.920004,13.930070,20.759824,1.000000,-2.406983,-1.964502,-0.442481,20.113531,15.661684,32.968192,-5.257861,-10.025136,-22.726304,0.176376,0.154353,15.926115,3.000000,82.641236,5.308705,3.000000,47.462211,49.372284,42.580074,1.000000,-1.555641,-1.329631,-0.226009,19.917662,27.045159,27.260254,-0.794745,-4.972696,-15.704843,0.449478,0.156065,16.157597,8.000000,137.197748,2.019700,8.000000,32.861599,1.931434,20.628354,0.000000,-1.721576,-1.141382,-0.580194,20.841823,17.874370,38.266755,-10.711006,-15.388756,-26.805296,-0.132413,0.152981,13.348956,6.000000,138.295923,2.224826,1.000000,53.484904,71.315005,78.521172,0.000000,-1.156386,-2.240409,1.084023,27.009604,29.176268,20.468727,2.725514,-2.092932,-11.601165,0.757757,0.108702,8.802774,14.000000,53.361036,0.628770,2.000000,34.381679,2.916869,7.342141,1.000000,-3.245511,-3.363146,0.117635,31.486882,14.522538,33.895283,-6.137700,-12.989343,-22.889707,0.083255,0.138760,19.755650,5.000000,104.602403,3.951130,7.000000,43.177443,54.032809,48.692543,1.000000,-5.681976,-5.595731,-0.086245,35.734947,19.487296,34.628547,-2.905672,-10.578414,-16.769741,0.437299,0.450334,15.886104,3.000000,104.965110,5.295368,4.000000,17.833724,0.000000,42.006764,0.000000,4.000000,29.802103,9.000000,220.317933,3.311345,4.000000,15.642849,8.000000,74.652327,1.955356,3.000000,17.324125,11.000000,241.297539,1.574920,8.000000,7.734902,3.000000,100.449438,2.578301,1.000000,7.149743,4.000000,71.820529,1.787436,2.000000,11.055599,7.000000,90.717423,1.579371,3.000000,10.862996,29.000000,143.006700,0.374586,4.000000,8.220593,3.000000,94.126922,2.740198,3.000000,8.032040,2.000000,70.413544,4.016020,2.000000,12.875675,7.000000,81.039136,1.839382,3.000000,7.000000,6.000000,56.000000,-1.000000,,,,63.710669,91.729658,83.958079,1.408119,0.943963,0.464156,13.137901,20.147509,14.743539,4.139344,4.032599,0.952053,0.095522,,0.000000,,58.742750,83.576159,84.194474,0.321391,0.139173,0.182218,13.949412,27.356940,17.882150,0.804955,0.990682,0.772242,0.029808,1.359634,2.957746,92.000000,189.251844,42.006764,3.518083,0.851781
2025-04-06T18:30:00Z,0.885987,no_impulse,0,ADANIENT,1d,-1.000000,70.646893,11.728500,2.000000,5.864250,-4.109660,-4.413913,-16.741530,19.906347,21.000000,108.880846,0.947921,7.000000,63.710669,91.729658,83.958079,0.000000,1.408119,0.943963,0.464156,13.137901,20.147509,14.743539,4.139344,4.032599,-7.410856,0.952053,0.095522,15.456775,13.000000,189.251844,1.188983,4.000000,37.249667,24.443207,12.181653,0.000000,-3.117001,-2.776613,-0.340387,30.424190,9.994308,29.720962,-3.999713,-9.571377,-25.514280,0.253969,0.156317,8.893679,9.000000,53.090909,0.988187,3.000000,47.104625,58.841310,56.574307,1.000000,-1.471389,-1.833374,0.361985,18.326363,21.836392,22.810468,-0.432213,-4.460460,-17.356426,0.454689,0.094978,14.348210,10.000000,104.440549,1.434821,4.000000,38.920004,13.930070,20.759824,1.000000,-2.406983,-1.964502,-0.442481,20.113531,15.661684,32.968192,-5.257861,-10.025136,-22.726304,0.176376,0.154353,15.926115,3.000000,82.641236,5.308705,3.000000,47.462211,49.372284,42.580074,1.000000,-1.555641,-1.329631,-0.226009,19.917662,27.045159,27.260254,-0.794745,-4.972696,-15.704843,0.449478,0.156065,16.157597,8.000000,137.197748,2.019700,8.000000,32.861599,1.931434,20.628354,0.000000,-1.721576,-1.141382,-0.580194,20.841823,17.874370,38.266755,-10.711006,-15.388756,-26.805296,-0.132413,0.152981,13.348956,6.000000,138.295923,2.224826,1.000000,53.484904,71.315005,78.521172,0.000000,-1.156386,-2.240409,1.084023,27.009604,29.176268,20.468727,2.725514,-2.092932,-11.601165,0.757757,0.108702,8.802774,14.000000,53.361036,0.628770,2.000000,34.381679,2.916869,7.342141,1.000000,-3.245511,-3.363146,0.117635,31.486882,14.522538,33.895283,-6.137700,-12.989343,-22.889707,0.083255,0.138760,19.755650,5.000000,104.602403,3.951130,7.000000,15.886104,3.000000,104.965110,5.295368,4.000000,17.833724,0.000000,42.006764,0.000000,4.000000,29.802103,9.000000,220.317933,3.311345,4.000000,15.642849,8.000000,74.652327,1.955356,3.000000,17.324125,11.000000,241.297539,1.574920,8.000000,7.734902,3.000000,100.449438,2.578301,1.000000,7.149743,4.000000,71.820529,1.787436,2.000000,11.055599,7.000000,90.717423,1.579371,3.000000,10.862996,29.000000,143.006700,0.374586,4.000000,8.220593,3.000000,94.126922,2.740198,3.000000,8.032040,2.000000,70.413544,4.016020,2.000000,2.000000,1.000000,2.000000,-1.000000,,,,42.005867,23.778502,58.141078,0.869988,1.058967,-0.188980,13.984910,15.117862,28.383376,-4.109660,-4.413913,0.098533,0.098325,,0.000000,,22.104029,12.269273,16.311980,-0.788562,0.030341,-0.818903,25.299717,9.272241,55.983487,-7.438773,-7.699705,-0.272269,0.089654,0.789893,0.217391,94.000000,189.251844,53.090909,3.778494,0.953155
2025-04-21T18:30:00Z,1.025776,no_impulse,0,ADANIENT,1d,1.000000,118.747738,15.777831,8.000000,1.972229,3.907321,4.756976,-4.972335,11.728500,2.000000,70.646893,5.864250,2.000000,42.005867,23.778502,58.141078,1.000000,0.869988,1.058967,-0.188980,13.984910,15.117862,28.383376,-4.109660,-4.413913,-16.741530,0.098533,0.098325,19.906347,21.000000,108.880846,0.947921,7.000000,63.710669,91.729658,83.958079,0.000000,1.408119,0.943963,0.464156,13.137901,20.147509,14.743539,4.139344,4.032599,-7.410856,0.952053,0.095522,15.456775,13.000000,189.251844,1.188983,4.000000,37.249667,24.443207,12.181653,0.000000,-3.117001,-2.776613,-0.340387,30.424190,9.994308,29.720962,-3.999713,-9.571377,-25.514280,0.253969,0.156317,8.893679,9.000000,53.090909,0.988187,3.000000,47.104625,58.841310,56.574307,1.000000,-1.471389,-1.833374,0.361985,18.326363,21.836392,22.810468,-0.432213,-4.460460,-17.356426,0.454689,0.094978,14.348210,10.000000,104.440549,1.434821,4.000000,38.920004,13.930070,20.759824,1.000000,-2.406983,-1.964502,-0.442481,20.113531,15.661684,32.968192,-5.257861,-10.025136,-22.726304,0.176376,0.154353,15.926115,3.000000,82.641236,5.308705,3.000000,47.462211,49.372284,42.580074,1.000000,-1.555641,-1.329631,-0.226009,19.917662,27.045159,27.260254,-0.794745,-4.972696,-15.704843,0.449478,0.156065,16.157597,8.000000,137.197748,2.019700,8.000000,32.861599,1.931434,20.628354,0.000000,-1.721576,-1.141382,-0.580194,20.841823,17.874370,38.266755,-10.711006,-15.388756,-26.805296,-0.132413,0.152981,13.348956,6.000000,138.295923,2.224826,1.000000,53.484904,71.315005,78.521172,0.000000,-1.156386,-2.240409,1.084023,27.009604,29.176268,20.468727,2.725514,-2.092932,-11.601165,0.757757,0.108702,8.802774,14.000000,53.361036,0.628770,2.000000,19.755650,5.000000,104.602403,3.951130,7.000000,15.886104,3.000000,104.965110,5.295368,4.000000,17.833724,0.000000,42.006764,0.000000,4.000000,29.802103,9.000000,220.317933,3.311345,4.000000,15.642849,8.000000,74.652327,1.955356,3.000000,17.324125,11.000000,241.297539,1.574920,8.000000,7.734902,3.000000,100.449438,2.578301,1.000000,7.149743,4.000000,71.820529,1.787436,2.000000,11.055599,7.000000,90.717423,1.579371,3.000000,10.862996,29.000000,143.006700,0.374586,4.000000,8.220593,3.000000,94.126922,2.740198,3.000000,1.000000,2.000000,10.000000,-1.000000,,,,60.797540,88.814386,90.609675,1.564172,1.077173,0.486999,15.162261,27.852479,16.969707,3.907321,4.756976,0.885891,0.105372,,0.000000,,60.210772,65.770863,69.259783,0.917150,1.007552,-0.090402,25.911726,26.257061,18.355214,0.703319,2.317357,0.723967,0.031625,1.093218,0.879121,102.000000,189.251844,53.090909,3.879004,1.202298
2025-04-29T18:30:00Z,0.943846,no_impulse,0,ADANIENT,1d,-1.000000,58.610180,7.987207,6.000000,1.331201,-2.437292,-1.605783,-11.062339,15.777831,8.000000,118.747738,1.972229,1.000000,60.797540,88.814386,90.609675,0.000000,1.564172,1.077173,0.486999,15.162261,27.852479,16.969707,3.907321,4.756976,-4.972335,0.885891,0.105372,11.728500,2.000000,70.646893,5.864250,2.000000,42.005867,23.778502,58.141078,1.000000,0.869988,1.058967,-0.188980,13.984910,15.117862,28.383376,-4.109660,-4.413913,-16.741530,0.098533,0.098325,19.906347,21.000000,108.880846,0.947921,7.000000,63.710669,91.729658,83.958079,0.000000,1.408119,0.943963,0.464156,13.137901,20.147509,14.743539,4.139344,4.032599,-7.410856,0.952053,0.095522,15.456775,13.000000,189.251844,1.188983,4.000000,37.249667,24.443207,12.181653,0.000000,-3.117001,-2.776613,-0.340387,30.424190,9.994308,29.720962,-3.999713,-9.571377,-25.514280,0.253969,0.156317,8.893679,9.000000,53.090909,0.988187,3.000000,47.104625,58.841310,56.574307,1.000000,-1.471389,-1.833374,0.361985,18.326363,21.836392,22.810468,-0.432213,-4.460460,-17.356426,0.454689,0.094978,14.348210,10.000000,104.440549,1.434821,4.000000,38.920004,13.930070,20.759824,1.000000,-2.406983,-1.964502,-0.442481,20.113531,15.661684,32.968192,-5.257861,-10.025136,-22.726304,0.176376,0.154353,15.926115,3.000000,82.641236,5.308705,3.000000,47.462211,49.372284,42.580074,1.000000,-1.555641,-1.329631,-0.226009,19.917662,27.045159,27.260254,-0.794745,-4.972696,-15.704843,0.449478,0.156065,16.157597,8.000000,137.197748,2.019700,8.000000,32.861599,1.931434,20.628354,0.000000,-1.721576,-1.141382,-0.580194,20.841823,17.874370,38.266755,-10.711006,-15.388756,-26.805296,-0.132413,0.152981,13.348956,6.000000,138.295923,2.224826,1.000000,8.802774,14.000000,53.361036,0.628770,2.000000,19.755650,5.000000,104.602403,3.951130,7.000000,15.886104,3.000000,104.965110,5.295368,4.000000,17.833724,0.000000,42.006764,0.000000,4.000000,29.802103,9.000000,220.317933,3.311345,4.000000,15.642849,8.000000,74.652327,1.955356,3.000000,17.324125,11.000000,241.297539,1.574920,8.000000,7.734902,3.000000,100.449438,2.578301,1.000000,7.149743,4.000000,71.820529,1.787436,2.000000,11.055599,7.000000,90.717423,1.579371,3.000000,10.862996,29.000000,143.006700,0.374586,4.000000,2.000000,3.000000,16.000000,-1.000000,,,,45.157645,32.115385,51.139955,0.752391,1.238799,-0.486408,13.920659,18.394350,25.374100,-2.437292,-1.605783,0.295174,0.116162,,0.000000,,29.982242,6.477733,5.909259,-0.825838,-0.720449,-0.105389,17.318182,18.789243,27.703258,-1.498824,-2.315857,-0.003197,0.029346,0.569105,0.638298,108.000000,189.251844,53.090909,3.453041,1.225176
2025-05-04T18:30:00Z,1.031400,no_impulse,0,ADANIENT,1d,1.000000,106.864275,9.276396,2.000000,4.638198,3.836958,4.655358,-3.942039,7.987207,6.000000,58.610180,1.331201,2.000000,45.157645,32.115385,51.139955,0.000000,0.752391,1.238799,-0.486408,13.920659,18.394350,25.374100,-2.437292,-1.605783,-11.062339,0.295174,0.116162,15.777831,8.000000,118.747738,1.972229,1.000000,60.797540,88.814386,90.609675,0.000000,1.564172,1.077173,0.486999,15.162261,27.852479,16.969707,3.907321,4.756976,-4.972335,0.885891,0.105372,11.728500,2.000000,70.646893,5.864250,2.000000,42.005867,23.778502,58.141078,1.000000,0.869988,1.058967,-0.188980,13.984910,15.117862,28.383376,-4.109660,-4.413913,-16.741530,0.098533,0.098325,19.906347,21.000000,108.880846,0.947921,7.000000,63.710669,91.729658,83.958079,0.000000,1.408119,0.943963,0.464156,13.137901,20.147509,14.743539,4.139344,4.032599,-7.410856,0.952053,0.095522,15.456775,13.000000,189.251844,1.188983,4.000000,37.249667,24.443207,12.181653,0.000000,-3.117001,-2.776613,-0.340387,30.424190,9.994308,29.720962,-3.999713,-9.571377,-25.514280,0.253969,0.156317,8.893679,9.000000,53.090909,0.988187,3.000000,47.104625,58.841310,56.574307,1.000000,-1.471389,-1.833374,0.361985,18.326363,21.836392,22.810468,-0.432213,-4.460460,-17.356426,0.454689,0.094978,14.348210,10.000000,104.440549,1.434821,4.000000,38.920004,13.930070,20.759824,1.000000,-2.406983,-1.964502,-0.442481,20.113531,15.661684,32.968192,-5.257861,-10.025136,-22.726304,0.176376,0.154353,15.926115,3.000000,82.641236,5.308705,3.000000,47.462211,49.372284,42.580074,1.000000,-1.555641,-1.329631,-0.226009,19.917662,27.045159,27.260254,-0.794745,-4.972696,-15.704843,0.449478,0.156065,16.157597,8.000000,137.197748,2.019700,8.000000,13.348956,6.000000,138.295923,2.224826,1.000000,8.802774,14.000000,53.361036,0.628770,2.000000,19.755650,5.000000,104.602403,3.951130,7.000000,15.886104,3.000000,104.965110,5.295368,4.000000,17.833724,0.000000,42.006764,0.000000,4.000000,29.802103,9.000000,220.317933,3.311345,4.000000,15.642849,8.000000,74.652327,1.955356,3.000000,17.324125,11.000000,241.297539,1.574920,8.000000,7.734902,3.000000,100.449438,2.578301,1.000000,7.149743,4.000000,71.820529,1.787436,2.000000,11.055599,7.000000,90.717423,1.579371,3.000000,1.000000,4.000000,18.000000,-1.000000,,,,59.138828,80.802292,47.459738,0.714282,0.952953,-0.238671,13.720093,27.190720,19.320237,3.836958,4.655358,0.826661,0.122147,,0.000000,,61.993422,99.270073,39.977077,-0.468449,-0.753940,0.285491,18.748586,40.067315,18.662515,2.820262,1.789746,1.175815,0.042942,0.664826,0.232558,110.000000,189.251844,53.090909,3.596974,0.801991
2025-05-08T18:30:00Z,0.922372,no_impulse,0,ADANIENT,1d,-1.000000,124.525547,10.570886,4.000000,2.642721,-4.092283,-3.796563,-12.965551,9.276396,2.000000,106.864275,4.638198,1.000000,59.138828,80.802292,47.459738,1.000000,0.714282,0.952953,-0.238671,13.720093,27.190720,19.320237,3.836958,4.655358,-3.942039,0.826661,0.122147,7.987207,6.000000,58.610180,1.331201,2.000000,45.157645,32.115385,51.139955,0.000000,0.752391,1.238799,-0.486408,13.920659,18.394350,25.374100,-2.437292,-1.605783,-11.062339,0.295174,0.116162,15.777831,8.000000,118.747738,1.972229,1.000000,60.797540,88.814386,90.609675,0.000000,1.564172,1.077173,0.486999,15.162261,27.852479,16.969707,3.907321,4.756976,-4.972335,0.885891,0.105372,11.728500,2.000000,70.646893,5.864250,2.000000,42.005867,23.778502,58.141078,1.000000,0.869988,1.058967,-0.188980,13.984910,15.117862,28.383376,-4.109660,-4.413913,-16.741530,0.098533,0.098325,19.906347,21.000000,108.880846,0.947921,7.000000,63.710669,91.729658,83.958079,0.000000,1.408119,0.943963,0.464156,13.137901,20.147509,14.743539,4.139344,4.032599,-7.410856,0.952053,0.095522,15.456775,13.000000,189.251844,1.188983,4.000000,37.249667,24.443207,12.181653,0.000000,-3.117001,-2.776613,-0.340387,30.424190,9.994308,29.720962,-3.999713,-9.571377,-25.514280,0.253969,0.156317,8.893679,9.000000,53.090909,0.988187,3.000000,47.104625,58.841310,56.574307,1.000000,-1.471389,-1.833374,0.361985,18.326363,21.836392,22.810468,-0.432213,-4.460460,-17.356426,0.454689,0.094978,14.348210,10.000000,104.440549,1.434821,4.000000,38.920004,13.930070,20.759824,1.000000,-2.406983,-1.964502,-0.442481,20.113531,15.661684,32.968192,-5.257861,-10.025136,-22.726304,0.176376,0.154353,15.926115,3.000000,82.641236,5.308705,3.000000,16.157597,8.000000,137.197748,2.019700,8.000000,13.348956,6.000000,138.295923,2.224826,1.000000,8.802774,14.000000,53.361036,0.628770,2.000000,19.755650,5.000000,104.602403,3.951130,7.000000,15.886104,3.000000,104.965110,5.295368,4.000000,17.833724,0.000000,42.006764,0.000000,4.000000,29.802103,9.000000,220.317933,3.311345,4.000000,15.642849,8.000000,74.652327,1.955356,3.000000,17.324125,11.000000,241.297539,1.574920,8.000000,7.734902,3.000000,100.449438,2.578301,1.000000,7.149743,4.000000,71.820529,1.787436,2.000000,8.000000,1.000000,22.000000,-1.000000,,,,42.408510,6.799531,16.540427,-0.145611,0.573885,-0.719497,12.373992,20.166840,23.055544,-4.092283,-3.796563,0.169544,0.118969,,0.000000,,29.432047,8.369284,9.694224,-0.830692,-0.423698,-0.406994,22.483484,13.178982,37.879530,-3.080526,-3.834204,-0.100442,0.049771,0.780377,0.487805,114.000000,189.251844,53.090909,3.891475,0.701641
2025-06-09T18:30:00Z,1.100038,no_impulse,0,ADANIENT,1d,1.000000,162.954279,19.261860,22.000000,0.875539,3.983653,6.440054,2.882513,10.570886,4.000000,124.525547,2.642721,8.000000,42.408510,6.799531,16.540427,1.000000,-0.145611,0.573885,-0.719497,12.373992,20.166840,23.055544,-4.092283,-3.796563,-12.965551,0.169544,0.118969,9.276396,2.000000,106.864275,4.638198,1.000000,59.138828,80.802292,47.459738,1.000000,0.714282,0.952953,-0.238671,13.720093,27.190720,19.320237,3.836958,4.655358,-3.942039,0.826661,0.122147,7.987207,6.000000,58.610180,1.331201,2.000000,45.157645,32.115385,51.139955,0.000000,0.752391,1.238799,-0.486408,13.920659,18.394350,25.374100,-2.437292,-1.605783,-11.062339,0.295174,0.116162,15.777831,8.000000,118.747738,1.972229,1.000000,60.797540,88.814386,90.609675,0.000000,1.564172,1.077173,0.486999,15.162261,27.852479,16.969707,3.907321,4.756976,-4.972335,0.885891,0.105372,11.728500,2.000000,70.646893,5.864250,2.000000,42.005867,23.778502,58.141078,1.000000,0.869988,1.058967,-0.188980,13.984910,15.117862,28.383376,-4.109660,-4.413913,-16.741530,0.098533,0.098325,19.906347,21.000000,108.880846,0.947921,7.000000,63.710669,91.729658,83.958079,0.000000,1.408119,0.943963,0.464156,13.137901,20.147509,14.743539,4.139344,4.032599,-7.410856,0.952053,0.095522,15.456775,13.000000,189.251844,1.188983,4.000000,37.249667,24.443207,12.181653,0.000000,-3.117001,-2.776613,-0.340387,30.424190,9.994308,29.720962,-3.999713,-9.571377,-25.514280,0.253969,0.156317,8.893679,9.000000,53.090909,0.988187,3.000000,47.104625,58.841310,56.574307,1.000000,-1.471389,-1.833374,0.361985,18.326363,21.836392,22.810468,-0.432213,-4.460460,-17.356426,0.454689,0.094978,14.348210,10.000000,104.440549,1.434821,4.000000,15.926115,3.000000,82.641236,5.308705,3.000000,16.157597,8.000000,137.197748,2.019700,8.000000,13.348956,6.000000,138.295923,2.224826,1.000000,8.802774,14.000000,53.361036,0.628770,2.000000,19.755650,5.000000,104.602403,3.951130,7.000000,15.886104,3.000000,104.965110,5.295368,4.000000,17.833724,0.000000,42.006764,0.000000,4.000000,29.802103,9.000000,220.317933,3.311345,4.000000,15.642849,8.000000,74.652327,1.955356,3.000000,17.324125,11.000000,241.297539,1.574920,8.000000,7.734902,3.000000,100.449438,2.578301,1.000000,1.000000,1.000000,22.000000,-1.000000,,,,64.870647,77.473293,78.918727,1.537950,1.443516,0.094433,18.775829,32.160179,15.995065,3.983653,6.440054,1.238940,0.056147,,0.000000,,65.218191,76.907216,78.519969,0.776751,0.579886,0.196866,32.841702,30.917086,11.156548,1.245412,1.962282,0.773571,0.046098,1.483142,2.820513,136.000000,189.251844,53.090909,3.875857,0.587068
2025-06-18T18:30:00Z,0.993439,no_impulse,0,ADANIENT,1d,-1.000000,60.000000,9.690538,7.000000,1.384363,-3.400883,-1.586102,-4.753704,19.261860,22.000000,162.954279,0.875539,1.000000,64.870647,77.473293,78.918727,0.000000,1.537950,1.443516,0.094433,18.775829,32.160179,15.995065,3.983653,6.440054,2.882513,1.238940,0.056147,10.570886,4.000000,124.525547,2.642721,8.000000,42.408510,6.799531,16.540427,1.000000,-0.145611,0.573885,-0.719497,12.373992,20.166840,23.055544,-4.092283,-3.796563,-12.965551,0.169544,0.118969,9.276396,2.000000,106.864275,4.638198,1.000000,59.138828,80.802292,47.459738,1.000000,0.714282,0.952953,-0.238671,13.720093,27.190720,19.320237,3.836958,4.655358,-3.942039,0.826661,0.122147,7.987207,6.000000,58.610180,1.331201,2.000000,45.157645,32.115385,51.139955,0.000000,0.752391,1.238799,-0.486408,13.920659,18.394350,25.374100,-2.437292,-1.605783,-11.062339,0.295174,0.116162,15.777831,8.000000,118.747738,1.972229,1.000000,60.797540,88.814386,90.609675,0.000000,1.564172,1.077173,0.486999,15.162261,27.852479,16.969707,3.907321,4.756976,-4.972335,0.885891,0.105372,11.728500,2.000000,70.646893,5.864250,2.000000,42.005867,23.778502,58.141078,1.000000,0.869988,1.058967,-0.188980,13.984910,15.117862,28.383376,-4.109660,-4.413913,-16.741530,0.098533,0.098325,19.906347,21.000000,108.880846,0.947921,7.000000,63.710669,91.729658,83.958079,0.000000,1.408119,0.943963,0.464156,13.137901,20.147509,14.743539,4.139344,4.032599,-7.410856,0.952053,0.095522,15.456775,13.000000,189.251844,1.188983,4.000000,37.249667,24.443207,12.181653,0.000000,-3.117001,-2.776613,-0.340387,30.424190,9.994308,29.720962,-3.999713,-9.571377,-25.514280,0.253969,0.156317,8.893679,9.000000,53.090909,0.988187,3.000000,14.348210,10.000000,104.440549,1.434821,4.000000,15.926115,3.000000,82.641236,5.308705,3.000000,16.157597,8.000000,137.197748,2.019700,8.000000,13.348956,6.000000,138.295923,2.224826,1.000000,8.802774,14.000000,53.361036,0.628770,2.000000,19.755650,5.000000,104.602403,3.951130,7.000000,15.886104,3.000000,104.965110,5.295368,4.000000,17.833724,0.000000,42.006764,0.000000,4.000000,29.802103,9.000000,220.317933,3.311345,4.000000,15.642849,8.000000,74.652327,1.955356,3.000000,17.324125,11.000000,241.297539,1.574920,8.000000,2.000000,2.000000,29.000000,-1.000000,,,,41.816359,5.995204,11.829645,0.345117,1.078723,-0.733607,15.377360,22.416039,25.697251,-3.400883,-1.586102,0.026520,0.069465,,0.000000,,31.360777,12.376780,9.524222,-0.884192,-0.740577,-0.143615,41.364126,8.848541,34.311605,-1.371254,-2.423131,0.247857,0.053648,0.727476,0.721649,143.000000,189.251844,53.090909,4.279432,1.101867
2025-06-26T18:30:00Z,1.107665,no_impulse,0,ADANIENT,1d,1.000000,107.154277,11.498049,6.000000,1.916341,4.744825,6.460611,4.188087,9.690538,7.000000,60.000000,1.384363,2.000000,41.816359,5.995204,11.829645,0.000000,0.345117,1.078723,-0.733607,15.377360,22.416039,25.697251,-3.400883,-1.586102,-4.753704,0.026520,0.069465,19.261860,22.000000,162.954279,0.875539,1.000000,64.870647,77.473293,78.918727,0.000000,1.537950,1.443516,0.094433,18.775829,32.160179,15.995065,3.983653,6.440054,2.882513,1.238940,0.056147,10.570886,4.000000,124.525547,2.642721,8.000000,42.408510,6.799531,16.540427,1.000000,-0.145611,0.573885,-0.719497,12.373992,20.166840,23.055544,-4.092283,-3.796563,-12.965551,0.169544,0.118969,9.276396,2.000000,106.864275,4.638198,1.000000,59.138828,80.802292,47.459738,1.000000,0.714282,0.952953,-0.238671,13.720093,27.190720,19.320237,3.836958,4.655358,-3.942039,0.826661,0.122147,7.987207,6.000000,58.610180,1.331201,2.000000,45.157645,32.115385,51.139955,0.000000,0.752391,1.238799,-0.486408,13.920659,18.394350,25.374100,-2.437292,-1.605783,-11.062339,0.295174,0.116162,15.777831,8.000000,118.747738,1.972229,1.000000,60.797540,88.814386,90.609675,0.000000,1.564172,1.077173,0.486999,15.162261,27.852479,16.969707,3.907321,4.756976,-4.972335,0.885891,0.105372,11.728500,2.000000,70.646893,5.864250,2.000000,42.005867,23.778502,58.141078,1.000000,0.869988,1.058967,-0.188980,13.984910,15.117862,28.383376,-4.109660,-4.413913,-16.741530,0.098533,0.098325,19.906347,21.000000,108.880846,0.947921,7.000000,63.710669,91.729658,83.958079,0.000000,1.408119,0.943963,0.464156,13.137901,20.147509,14.743539,4.139344,4.032599,-7.410856,0.952053,0.095522,15.456775,13.000000,189.251844,1.188983,4.000000,8.893679,9.000000,53.090909,0.988187,3.000000,14.348210,10.000000,104.440549,1.434821,4.000000,15.926115,3.000000,82.641236,5.308705,3.000000,16.157597,8.000000,137.197748,2.019700,8.000000,13.348956,6.000000,138.295923,2.224826,1.000000,8.802774,14.000000,53.361036,0.628770,2.000000,19.755650,5.000000,104.602403,3.951130,7.000000,15.886104,3.000000,104.965110,5.295368,4.000000,17.833724,0.000000,42.006764,0.000000,4.000000,29.802103,9.000000,220.317933,3.311345,4.000000,15.642849,8.000000,74.652327,1.955356,3.000000,1.000000,3.000000,35.000000,-1.000000,,,,64.499946,87.206266,68.237421,0.802446,0.532064,0.270382,15.934671,35.659049,16.429785,4.744825,6.460611,1.055554,0.089661,,0.000000,,72.667579,83.312263,89.308493,0.883489,0.709748,0.173741,34.100726,40.760586,11.711466,1.682777,2.539333,0.988687,0.035024,0.894442,0.638298,149.000000,189.251844,53.090909,4.406755,1.196173
2025-08-07T18:30:00Z,0.894167,no_impulse,0,ADANIENT,1d,-1.000000,186.907870,19.274560,30.000000,0.642485,-11.791113,-14.063620,-16.181796,11.498049,6.000000,107.154277,1.916341,1.000000,64.499946,87.206266,68.237421,1.000000,0.802446,0.532064,0.270382,15.934671,35.659049,16.429785,4.744825,6.460611,4.188087,1.055554,0.089661,9.690538,7.000000,60.000000,1.384363,2.000000,41.816359,5.995204,11.829645,0.000000,0.345117,1.078723,-0.733607,15.377360,22.416039,25.697251,-3.400883,-1.586102,-4.753704,0.026520,0.069465,19.261860,22.000000,162.954279,0.875539,1.000000,64.870647,77.473293,78.918727,0.000000,1.537950,1.443516,0.094433,18.775829,32.160179,15.995065,3.983653,6.440054,2.882513,1.238940,0.056147,10.570886,4.000000,124.525547,2.642721,8.000000,42.408510,6.799531,16.540427,1.000000,-0.145611,0.573885,-0.719497,12.373992,20.166840,23.055544,-4.092283,-3.796563,-12.965551,0.169544,0.118969,9.276396,2.000000,106.864275,4.638198,1.000000,59.138828,80.802292,47.459738,1.000000,0.714282,0.952953,-0.238671,13.720093,27.190720,19.320237,3.836958,4.655358,-3.942039,0.826661,0.122147,7.987207,6.000000,58.610180,1.331201,2.000000,45.157645,32.115385,51.139955,0.000000,0.752391,1.238799,-0.486408,13.920659,18.394350,25.374100,-2.437292,-1.605783,-11.062339,0.295174,0.116162,15.777831,8.000000,118.747738,1.972229,1.000000,60.797540,88.814386,90.609675,0.000000,1.564172,1.077173,0.486999,15.162261,27.852479,16.969707,3.907321,4.756976,-4.972335,0.885891,0.105372,11.728500,2.000000,70.646893,5.864250,2.000000,42.005867,23.778502,58.141078,1.000000,0.869988,1.058967,-0.188980,13.984910,15.117862,28.383376,-4.109660,-4.413913,-16.741530,0.098533,0.098325,19.906347,21.000000,108.880846,0.947921,7.000000,15.456775,13.000000,189.251844,1.188983,4.000000,8.893679,9.000000,53.090909,0.988187,3.000000,14.348210,10.000000,104.440549,1.434821,4.000000,15.926115,3.000000,82.641236,5.308705,3.000000,16.157597,8.000000,137.197748,2.019700,8.000000,13.348956,6.000000,138.295923,2.224826,1.000000,8.802774,14.000000,53.361036,0.628770,2.000000,19.755650,5.000000,104.602403,3.951130,7.000000,15.886104,3.000000,104.965110,5.295368,4.000000,17.833724,0.000000,42.006764,0.000000,4.000000,29.802103,9.000000,220.317933,3.311345,4.000000,8.000000,1.000000,65.000000,-1.000000,,,,19.549629,2.860310,5.048364,-3.735389,-1.916675,-1.818714,36.176781,6.889883,43.201176,-11.791113,-14.063620,0.036085,0.227357,,0.000000,,31.378897,29.708600,27.718550,-1.811261,-1.768824,-0.042437,56.736861,12.898538,39.411864,-1.935200,-5.300402,0.231313,0.070657,1.469608,3.296703,179.000000,189.251844,58.610180,4.219615,1.453249
2025-08-19T18:30:00Z,0.993822,no_impulse,0,ADANIENT,1d,1.000000,46.677310,11.144995,7.000000,1.592142,0.242267,-2.428406,-5.412993,19.274560,30.000000,186.907870,0.642485,8.000000,19.549629,2.860310,5.048364,1.000000,-3.735389,-1.916675,-1.818714,36.176781,6.889883,43.201176,-11.791113,-14.063620,-16.181796,0.036085,0.227357,11.498049,6.000000,107.154277,1.916341,1.000000,64.499946,87.206266,68.237421,1.000000,0.802446,0.532064,0.270382,15.934671,35.659049,16.429785,4.744825,6.460611,4.188087,1.055554,0.089661,9.690538,7.000000,60.000000,1.384363,2.000000,41.816359,5.995204,11.829645,0.000000,0.345117,1.078723,-0.733607,15.377360,22.416039,25.697251,-3.400883,-1.586102,-4.753704,0.026520,0.069465,19.261860,22.000000,162.954279,0.875539,1.000000,64.870647,77.473293,78.918727,0.000000,1.537950,1.443516,0.094433,18.775829,32.160179,15.995065,3.983653,6.440054,2.882513,1.238940,0.056147,10.570886,4.000000,124.525547,2.642721,8.000000,42.408510,6.799531,16.540427,1.000000,-0.145611,0.573885,-0.719497,12.373992,20.166840,23.055544,-4.092283,-3.796563,-12.965551,0.169544,0.118969,9.276396,2.000000,106.864275,4.638198,1.000000,59.138828,80.802292,47.459738,1.000000,0.714282,0.952953,-0.238671,13.720093,27.190720,19.320237,3.836958,4.655358,-3.942039,0.826661,0.122147,7.987207,6.000000,58.610180,1.331201,2.000000,45.157645,32.115385,51.139955,0.000000,0.752391,1.238799,-0.486408,13.920659,18.394350,25.374100,-2.437292,-1.605783,-11.062339,0.295174,0.116162,15.777831,8.000000,118.747738,1.972229,1.000000,60.797540,88.814386,90.609675,0.000000,1.564172,1.077173,0.486999,15.162261,27.852479,16.969707,3.907321,4.756976,-4.972335,0.885891,0.105372,11.728500,2.000000,70.646893,5.864250,2.000000,19.906347,21.000000,108.880846,0.947921,7.000000,15.456775,13.000000,189.251844,1.188983,4.000000,8.893679,9.000000,53.090909,0.988187,3.000000,14.348210,10.000000,104.440549,1.434821,4.000000,15.926115,3.000000,82.641236,5.308705,3.000000,16.157597,8.000000,137.197748,2.019700,8.000000,13.348956,6.000000,138.295923,2.224826,1.000000,8.802774,14.000000,53.361036,0.628770,2.000000,19.755650,5.000000,104.602403,3.951130,7.000000,15.886104,3.000000,104.965110,5.295368,4.000000,17.833724,0.000000,42.006764,0.000000,4.000000,3.000000,2.000000,7.000000,-1.000000,,,,47.794496,62.601626,54.420313,-2.343214,-2.703324,0.360110,37.358495,18.473954,26.747819,0.242267,-2.428406,0.511509,0.211015,,0.000000,,67.483780,84.466019,89.174497,1.023416,0.864516,0.158900,25.911381,35.243080,16.371135,1.657897,2.482273,0.774608,0.061391,0.825725,0.648148,,186.907870,58.610180,4.609673,1.034621
2025-08-28T18:30:00Z,0.925227,no_impulse,0,ADANIENT,1d,-1.000000,68.832835,6.902169,6.000000,1.150362,-4.303694,-7.517647,-11.537994,11.144995,7.000000,46.677310,1.592142,3.000000,47.794496,62.601626,54.420313,1.000000,-2.343214,-2.703324,0.360110,37.358495,18.473954,26.747819,0.242267,-2.428406,-5.412993,0.511509,0.211015,19.274560,30.000000,186.907870,0.642485,8.000000,19.549629,2.860310,5.048364,1.000000,-3.735389,-1.916675,-1.818714,36.176781,6.889883,43.201176,-11.791113,-14.063620,-16.181796,0.036085,0.227357,11.498049,6.000000,107.154277,1.916341,1.000000,64.499946,87.206266,68.237421,1.000000,0.802446,0.532064,0.270382,15.934671,35.659049,16.429785,4.744825,6.460611,4.188087,1.055554,0.089661,9.690538,7.000000,60.000000,1.384363,2.000000,41.816359,5.995204,11.829645,0.000000,0.345117,1.078723,-0.733607,15.377360,22.416039,25.697251,-3.400883,-1.586102,-4.753704,0.026520,0.069465,19.261860,22.000000,162.954279,0.875539,1.000000,64.870647,77.473293,78.918727,0.000000,1.537950,1.443516,0.094433,18.775829,32.160179,15.995065,3.983653,6.440054,2.882513,1.238940,0.056147,10.570886,4.000000,124.525547,2.642721,8.000000,42.408510,6.799531,16.540427,1.000000,-0.145611,0.573885,-0.719497,12.373992,20.166840,23.055544,-4.092283,-3.796563,-12.965551,0.169544,0.118969,9.276396,2.000000,106.864275,4.638198,1.000000,59.138828,80.802292,47.459738,1.000000,0.714282,0.952953,-0.238671,13.720093,27.190720,19.320237,3.836958,4.655358,-3.942039,0.826661,0.122147,7.987207,6.000000,58.610180,1.331201,2.000000,45.157645,32.115385,51.139955,0.000000,0.752391,1.238799,-0.486408,13.920659,18.394350,25.374100,-2.437292,-1.605783,-11.062339,0.295174,0.116162,15.777831,8.000000,118.747738,1.972229,1.000000,11.728500,2.000000,70.646893,5.864250,2.000000,19.906347,21.000000,108.880846,0.947921,7.000000,15.456775,13.000000,189.251844,1.188983,4.000000,8.893679,9.000000,53.090909,0.988187,3.000000,14.348210,10.000000,104.440549,1.434821,4.000000,15.926115,3.000000,82.641236,5.308705,3.000000,16.157597,8.000000,137.197748,2.019700,8.000000,13.348956,6.000000,138.295923,2.224826,1.000000,8.802774,14.000000,53.361036,0.628770,2.000000,19.755650,5.000000,104.602403,3.951130,7.000000,15.886104,3.000000,104.965110,5.295368,4.000000,2.000000,1.000000,13.000000,-1.000000,,,,34.655964,33.133818,41.128687,-2.361483,-2.409066,0.047583,35.738756,14.605691,31.808636,-4.303694,-7.517647,0.085016,0.099428,,0.000000,,41.760112,41.655716,39.772230,-0.578350,-0.641209,0.062859,26.260704,17.954800,27.240267,-0.676840,-1.455967,0.294805,0.032764,0.546876,0.638298,,186.907870,46.677310,4.055471,1.060580
2025-09-22T18:30:00Z,1.113204,no_impulse,0,ADANIENT,1d,1.000000,274.037267,20.316817,17.000000,1.195107,9.514405,9.929537,7.104290,6.902169,6.000000,68.832835,1.150362,2.000000,34.655964,33.133818,41.128687,1.000000,-2.361483,-2.409066,0.047583,35.738756,14.605691,31.808636,-4.303694,-7.517647,-11.537994,0.085016,0.099428,11.144995,7.000000,46.677310,1.592142,3.000000,47.794496,62.601626,54.420313,1.000000,-2.343214,-2.703324,0.360110,37.358495,18.473954,26.747819,0.242267,-2.428406,-5.412993,0.511509,0.211015,19.274560,30.000000,186.907870,0.642485,8.000000,19.549629,2.860310,5.048364,1.000000,-3.735389,-1.916675,-1.818714,36.176781,6.889883,43.201176,-11.791113,-14.063620,-16.181796,0.036085,0.227357,11.498049,6.000000,107.154277,1.916341,1.000000,64.499946,87.206266,68.237421,1.000000,0.802446,0.532064,0.270382,15.934671,35.659049,16.429785,4.744825,6.460611,4.188087,1.055554,0.089661,9.690538,7.000000,60.000000,1.384363,2.000000,41.816359,5.995204,11.829645,0.000000,0.345117,1.078723,-0.733607,15.377360,22.416039,25.697251,-3.400883,-1.586102,-4.753704,0.026520,0.069465,19.261860,22.000000,162.954279,0.875539,1.000000,64.870647,77.473293,78.918727,0.000000,1.537950,1.443516,0.094433,18.775829,32.160179,15.995065,3.983653,6.440054,2.882513,1.238940,0.056147,10.570886,4.000000,124.525547,2.642721,8.000000,42.408510,6.799531,16.540427,1.000000,-0.145611,0.573885,-0.719497,12.373992,20.166840,23.055544,-4.092283,-3.796563,-12.965551,0.169544,0.118969,9.276396,2.000000,106.864275,4.638198,1.000000,59.138828,80.802292,47.459738,1.000000,0.714282,0.952953,-0.238671,13.720093,27.190720,19.320237,3.836958,4.655358,-3.942039,0.826661,0.122147,7.987207,6.000000,58.610180,1.331201,2.000000,15.777831,8.000000,118.747738,1.972229,1.000000,11.728500,2.000000,70.646893,5.864250,2.000000,19.906347,21.000000,108.880846,0.947921,7.000000,15.456775,13.000000,189.251844,1.188983,4.000000,8.893679,9.000000,53.090909,0.988187,3.000000,14.348210,10.000000,104.440549,1.434821,4.000000,15.926115,3.000000,82.641236,5.308705,3.000000,16.157597,8.000000,137.197748,2.019700,8.000000,13.348956,6.000000,138.295923,2.224826,1.000000,8.802774,14.000000,53.361036,0.628770,2.000000,19.755650,5.000000,104.602403,3.951130,7.000000,1.000000,2.000000,30.000000,-1.000000,,,,80.036532,95.823719,90.679090,2.014072,0.478394,1.535678,30.979053,41.772087,10.184114,9.514405,9.929537,1.047221,0.192150,,6.000000,,74.947750,82.095136,88.571271,2.275280,1.881771,0.393510,64.728594,49.885885,4.791791,3.143718,6.041029,0.735017,0.138107,1.673757,1.734694,,186.907870,46.677310,4.442241,0.922653
2025-09-30T18:30:00Z,1.021132,no_impulse,0,ADANIENT,1d,-1.000000,48.980054,8.270821,6.000000,1.378470,4.269500,5.820245,3.946545,20.316817,17.000000,274.037267,1.195107,1.000000,80.036532,95.823719,90.679090,1.000000,2.014072,0.478394,1.535678,30.979053,41.772087,10.184114,9.514405,9.929537,7.104290,1.047221,0.192150,6.902169,6.000000,68.832835,1.150362,2.000000,34.655964,33.133818,41.128687,1.000000,-2.361483,-2.409066,0.047583,35.738756,14.605691,31.808636,-4.303694,-7.517647,-11.537994,0.085016,0.099428,11.144995,7.000000,46.677310,1.592142,3.000000,47.794496,62.601626,54.420313,1.000000,-2.343214,-2.703324,0.360110,37.358495,18.473954,26.747819,0.242267,-2.428406,-5.412993,0.511509,0.211015,19.274560,30.000000,186.907870,0.642485,8.000000,19.549629,2.860310,5.048364,1.000000,-3.735389,-1.916675,-1.818714,36.176781,6.889883,43.201176,-11.791113,-14.063620,-16.181796,0.036085,0.227357,11.498049,6.000000,107.154277,1.916341,1.000000,64.499946,87.206266,68.237421,1.000000,0.802446,0.532064,0.270382,15.934671,35.659049,16.429785,4.744825,6.460611,4.188087,1.055554,0.089661,9.690538,7.000000,60.000000,1.384363,2.000000,41.816359,5.995204,11.829645,0.000000,0.345117,1.078723,-0.733607,15.377360,22.416039,25.697251,-3.400883,-1.586102,-4.753704,0.026520,0.069465,19.261860,22.000000,162.954279,0.875539,1.000000,64.870647,77.473293,78.918727,0.000000,1.537950,1.443516,0.094433,18.775829,32.160179,15.995065,3.983653,6.440054,2.882513,1.238940,0.056147,10.570886,4.000000,124.525547,2.642721,8.000000,42.408510,6.799531,16.540427,1.000000,-0.145611,0.573885,-0.719497,12.373992,20.166840,23.055544,-4.092283,-3.796563,-12.965551,0.169544,0.118969,9.276396,2.000000,106.864275,4.638198,1.000000,7.987207,6.000000,58.610180,1.331201,2.000000,15.777831,8.000000,118.747738,1.972229,1.000000,11.728500,2.000000,70.646893,5.864250,2.000000,19.906347,21.000000,108.880846,0.947921,7.000000,15.456775,13.000000,189.251844,1.188983,4.000000,8.893679,9.000000,53.090909,0.988187,3.000000,14.348210,10.000000,104.440549,1.434821,4.000000,15.926115,3.000000,82.641236,5.308705,3.000000,16.157597,8.000000,137.197748,2.019700,8.000000,13.348956,6.000000,138.295923,2.224826,1.000000,8.802774,14.000000,53.361036,0.628770,2.000000,2.000000,3.000000,36.000000,-1.000000,,,,63.448861,67.718842,54.745857,2.198100,1.806572,0.391528,32.323182,32.548353,16.679482,4.269500,5.820245,0.727814,0.195770,,3.000000,,38.570507,28.525641,17.948001,-0.869098,-0.822504,-0.046594,28.277860,15.416150,27.334017,-0.919868,-1.328333,0.245831,0.035861,0.656813,0.560748,,274.037267,46.677310,5.046252,0.948122
2025-10-06T18:30:00Z,1.081079,no_impulse,0,ADANIENT,1d,1.000000,65.108746,5.870572,3.000000,1.956857,1.499766,3.386855,1.946184,8.270821,6.000000,48.980054,1.378470,2.000000,63.448861,67.718842,54.745857,0.000000,2.198100,1.806572,0.391528,32.323182,32.548353,16.679482,4.269500,5.820245,3.946545,0.727814,0.195770,20.316817,17.000000,274.037267,1.195107,1.000000,80.036532,95.823719,90.679090,1.000000,2.014072,0.478394,1.535678,30.979053,41.772087,10.184114,9.514405,9.929537,7.104290,1.047221,0.192150,6.902169,6.000000,68.832835,1.150362,2.000000,34.655964,33.133818,41.128687,1.000000,-2.361483,-2.409066,0.047583,35.738756,14.605691,31.808636,-4.303694,-7.517647,-11.537994,0.085016,0.099428,11.144995,7.000000,46.677310,1.592142,3.000000,47.794496,62.601626,54.420313,1.000000,-2.343214,-2.703324,0.360110,37.358495,18.473954,26.747819,0.242267,-2.428406,-5.412993,0.511509,0.211015,19.274560,30.000000,186.907870,0.642485,8.000000,19.549629,2.860310,5.048364,1.000000,-3.735389,-1.916675,-1.818714,36.176781,6.889883,43.201176,-11.791113,-14.063620,-16.181796,0.036085,0.227357,11.498049,6.000000,107.154277,1.916341,1.000000,64.499946,87.206266,68.237421,1.000000,0.802446,0.532064,0.270382,15.934671,35.659049,16.429785,4.744825,6.460611,4.188087,1.055554,0.089661,9.690538,7.000000,60.000000,1.384363,2.000000,41.816359,5.995204,11.829645,0.000000,0.345117,1.078723,-0.733607,15.377360,22.416039,25.697251,-3.400883,-1.586102,-4.753704,0.026520,0.069465,19.261860,22.000000,162.954279,0.875539,1.000000,64.870647,77.473293,78.918727,0.000000,1.537950,1.443516,0.094433,18.775829,32.160179,15.995065,3.983653,6.440054,2.882513,1.238940,0.056147,10.570886,4.000000,124.525547,2.642721,8.000000,9.276396,2.000000,106.864275,4.638198,1.000000,7.987207,6.000000,58.610180,1.331201,2.000000,15.777831,8.000000,118.747738,1.972229,1.000000,11.728500,2.000000,70.646893,5.864250,2.000000,19.906347,21.000000,108.880846,0.947921,7.000000,15.456775,13.000000,189.251844,1.188983,4.000000,8.893679,9.000000,53.090909,0.988187,3.000000,14.348210,10.000000,104.440549,1.434821,4.000000,15.926115,3.000000,82.641236,5.308705,3.000000,16.157597,8.000000,137.197748,2.019700,8.000000,13.348956,6.000000,138.295923,2.224826,1.000000,3.000000,1.000000,39.000000,-1.000000,,,,56.820688,50.151362,59.140516,2.100354,2.017516,0.082839,31.840176,27.776294,17.148596,1.499766,3.386855,0.590875,0.167549,,3.000000,,53.376857,20.696721,29.695667,0.305700,0.331192,-0.025491,14.462264,18.646028,18.035002,0.178554,0.596563,0.534279,0.052182,0.465154,0.280374,,274.037267,46.677310,5.018213,0.846656
2025-11-06T18:30:00Z,0.946487,no_impulse,0,ADANIENT,1d,-1.000000,224.520256,12.449752,21.000000,0.592845,-4.489324,-4.492534,-5.259961,5.870572,3.000000,65.108746,1.956857,3.000000,56.820688,50.151362,59.140516,1.000000,2.100354,2.017516,0.082839,31.840176,27.776294,17.148596,1.499766,3.386855,1.946184,0.590875,0.167549,8.270821,6.000000,48.980054,1.378470,2.000000,63.448861,67.718842,54.745857,0.000000,2.198100,1.806572,0.391528,32.323182,32.548353,16.679482,4.269500,5.820245,3.946545,0.727814,0.195770,20.316817,17.000000,274.037267,1.195107,1.000000,80.036532,95.823719,90.679090,1.000000,2.014072,0.478394,1.535678,30.979053,41.772087,10.184114,9.514405,9.929537,7.104290,1.047221,0.192150,6.902169,6.000000,68.832835,1.150362,2.000000,34.655964,33.133818,41.128687,1.000000,-2.361483,-2.409066,0.047583,35.738756,14.605691,31.808636,-4.303694,-7.517647,-11.537994,0.085016,0.099428,11.144995,7.000000,46.677310,1.592142,3.000000,47.794496,62.601626,54.420313,1.000000,-2.343214,-2.703324,0.360110,37.358495,18.473954,26.747819,0.242267,-2.428406,-5.412993,0.511509,0.211015,19.274560,30.000000,186.907870,0.642485,8.000000,19.549629,2.860310,5.048364,1.000000,-3.735389,-1.916675,-1.818714,36.176781,6.889883,43.201176,-11.791113,-14.063620,-16.181796,0.036085,0.227357,11.498049,6.000000,107.154277,1.916341,1.000000,64.499946,87.206266,68.237421,1.000000,0.802446,0.532064,0.270382,15.934671,35.659049,16.429785,4.744825,6.460611,4.188087,1.055554,0.089661,9.690538,7.000000,60.000000,1.384363,2.000000,41.816359,5.995204,11.829645,0.000000,0.345117,1.078723,-0.733607,15.377360,22.416039,25.697251,-3.400883,-1.586102,-4.753704,0.026520,0.069465,19.261860,22.000000,162.954279,0.875539,1.000000,10.570886,4.000000,124.525547,2.642721,8.000000,9.276396,2.000000,106.864275,4.638198,1.000000,7.987207,6.000000,58.610180,1.331201,2.000000,15.777831,8.000000,118.747738,1.972229,1.000000,11.728500,2.000000,70.646893,5.864250,2.000000,19.906347,21.000000,108.880846,0.947921,7.000000,15.456775,13.000000,189.251844,1.188983,4.000000,8.893679,9.000000,53.090909,0.988187,3.000000,14.348210,10.000000,104.440549,1.434821,4.000000,15.926115,3.000000,82.641236,5.308705,3.000000,16.157597,8.000000,137.197748,2.019700,8.000000,4.000000,2.000000,60.000000,-1.000000,,,,36.460148,25.267380,13.833678,-1.120575,-0.099215,-1.021360,17.743682,14.387196,31.133253,-4.489324,-4.492534,0.081521,0.102668,,15.000000,,18.778713,1.877133,2.107193,-2.095585,-1.620500,-0.475085,30.344668,10.671845,39.283781,-3.738199,-6.183149,0.159293,0.105765,1.013813,1.944444,,274.037267,46.677310,5.373413,0.923275
2025-11-19T18:30:00Z,1.056154,no_impulse,0,ADANIENT,1d,1.000000,81.481481,11.586766,9.000000,1.287418,1.518062,1.772842,1.198018,12.449752,21.000000,224.520256,0.592845,4.000000,36.460148,25.267380,13.833678,1.000000,-1.120575,-0.099215,-1.021360,17.743682,14.387196,31.133253,-4.489324,-4.492534,-5.259961,0.081521,0.102668,5.870572,3.000000,65.108746,1.956857,3.000000,56.820688,50.151362,59.140516,1.000000,2.100354,2.017516,0.082839,31.840176,27.776294,17.148596,1.499766,3.386855,1.946184,0.590875,0.167549,8.270821,6.000000,48.980054,1.378470,2.000000,63.448861,67.718842,54.745857,0.000000,2.198100,1.806572,0.391528,32.323182,32.548353,16.679482,4.269500,5.820245,3.946545,0.727814,0.195770,20.316817,17.000000,274.037267,1.195107,1.000000,80.036532,95.823719,90.679090,1.000000,2.014072,0.478394,1.535678,30.979053,41.772087,10.184114,9.514405,9.929537,7.104290,1.047221,0.192150,6.902169,6.000000,68.832835,1.150362,2.000000,34.655964,33.133818,41.128687,1.000000,-2.361483,-2.409066,0.047583,35.738756,14.605691,31.808636,-4.303694,-7.517647,-11.537994,0.085016,0.099428,11.144995,7.000000,46.677310,1.592142,3.000000,47.794496,62.601626,54.420313,1.000000,-2.343214,-2.703324,0.360110,37.358495,18.473954,26.747819,0.242267,-2.428406,-5.412993,0.511509,0.211015,19.274560,30.000000,186.907870,0.642485,8.000000,19.549629,2.860310,5.048364,1.000000,-3.735389,-1.916675,-1.818714,36.176781,6.889883,43.201176,-11.791113,-14.063620,-16.181796,0.036085,0.227357,11.498049,6.000000,107.154277,1.916341,1.000000,64.499946,87.206266,68.237421,1.000000,0.802446,0.532064,0.270382,15.934671,35.659049,16.429785,4.744825,6.460611,4.188087,1.055554,0.089661,9.690538,7.000000,60.000000,1.384363,2.000000,19.261860,22.000000,162.954279,0.875539,1.000000,10.570886,4.000000,124.525547,2.642721,8.000000,9.276396,2.000000,106.864275,4.638198,1.000000,7.987207,6.000000,58.610180,1.331201,2.000000,15.777831,8.000000,118.747738,1.972229,1.000000,11.728500,2.000000,70.646893,5.864250,2.000000,19.906347,21.000000,108.880846,0.947921,7.000000,15.456775,13.000000,189.251844,1.188983,4.000000,8.893679,9.000000,53.090909,0.988187,3.000000,14.348210,10.000000,104.440549,1.434821,4.000000,15.926115,3.000000,82.641236,5.308705,3.000000,3.000000,3.000000,69.000000,-1.000000,,,,55.394986,87.257187,80.221004,0.133503,-0.288863,0.422367,14.271339,24.979816,20.866593,1.518062,1.772842,0.645231,0.106139,,5.000000,,48.643471,24.265842,32.715095,0.155135,0.321530,-0.166396,24.878253,21.796266,18.133819,-0.275618,0.500014,0.349627,0.018279,0.929319,0.720000,,274.037267,46.677310,5.339750,0.693128
2025-12-02T18:30:00Z,0.925483,no_impulse,0,ADANIENT,1d,-1.000000,119.153069,12.372423,9.000000,1.374714,-6.577875,-8.202835,-9.898310,11.586766,9.000000,81.481481,1.287418,3.000000,55.394986,87.257187,80.221004,0.000000,0.133503,-0.288863,0.422367,14.271339,24.979816,20.866593,1.518062,1.772842,1.198018,0.645231,0.106139,12.449752,21.000000,224.520256,0.592845,4.000000,36.460148,25.267380,13.833678,1.000000,-1.120575,-0.099215,-1.021360,17.743682,14.387196,31.133253,-4.489324,-4.492534,-5.259961,0.081521,0.102668,5.870572,3.000000,65.108746,1.956857,3.000000,56.820688,50.151362,59.140516,1.000000,2.100354,2.017516,0.082839,31.840176,27.776294,17.148596,1.499766,3.386855,1.946184,0.590875,0.167549,8.270821,6.000000,48.980054,1.378470,2.000000,63.448861,67.718842,54.745857,0.000000,2.198100,1.806572,0.391528,32.323182,32.548353,16.679482,4.269500,5.820245,3.946545,0.727814,0.195770,20.316817,17.000000,274.037267,1.195107,1.000000,80.036532,95.823719,90.679090,1.000000,2.014072,0.478394,1.535678,30.979053,41.772087,10.184114,9.514405,9.929537,7.104290,1.047221,0.192150,6.902169,6.000000,68.832835,1.150362,2.000000,34.655964,33.133818,41.128687,1.000000,-2.361483,-2.409066,0.047583,35.738756,14.605691,31.808636,-4.303694,-7.517647,-11.537994,0.085016,0.099428,11.144995,7.000000,46.677310,1.592142,3.000000,47.794496,62.601626,54.420313,1.000000,-2.343214,-2.703324,0.360110,37.358495,18.473954,26.747819,0.242267,-2.428406,-5.412993,0.511509,0.211015,19.274560,30.000000,186.907870,0.642485,8.000000,19.549629,2.860310,5.048364,1.000000,-3.735389,-1.916675,-1.818714,36.176781,6.889883,43.201176,-11.791113,-14.063620,-16.181796,0.036085,0.227357,11.498049,6.000000,107.154277,1.916341,1.000000,9.690538,7.000000,60.000000,1.384363,2.000000,19.261860,22.000000,162.954279,0.875539,1.000000,10.570886,4.000000,124.525547,2.642721,8.000000,9.276396,2.000000,106.864275,4.638198,1.000000,7.987207,6.000000,58.610180,1.331201,2.000000,15.777831,8.000000,118.747738,1.972229,1.000000,11.728500,2.000000,70.646893,5.864250,2.000000,19.906347,21.000000,108.880846,0.947921,7.000000,15.456775,13.000000,189.251844,1.188983,4.000000,8.893679,9.000000,53.090909,0.988187,3.000000,14.348210,10.000000,104.440549,1.434821,4.000000,4.000000,4.000000,78.000000,-1.000000,,,,29.819556,5.738507,5.597454,-2.030047,-1.120891,-0.909157,20.735466,13.957487,36.612490,-6.577875,-8.202835,0.068471,0.143024,,7.000000,,28.253332,9.470752,6.578599,-0.976413,-0.952588,-0.023825,31.138712,15.212259,35.202474,-1.207993,-3.049493,0.233265,0.044748,1.057427,0.803571,,274.037267,46.677310,4.776631,0.842695
2026-01-04T18:30:00Z,0.981594,no_impulse,0,ADANIENT,1d,1.000000,42.940985,6.062978,22.000000,0.275590,0.996670,-0.764320,-4.173884,12.372423,9.000000,119.153069,1.374714,4.000000,29.819556,5.738507,5.597454,0.000000,-2.030047,-1.120891,-0.909157,20.735466,13.957487,36.612490,-6.577875,-8.202835,-9.898310,0.068471,0.143024,11.586766,9.000000,81.481481,1.287418,3.000000,55.394986,87.257187,80.221004,0.000000,0.133503,-0.288863,0.422367,14.271339,24.979816,20.866593,1.518062,1.772842,1.198018,0.645231,0.106139,12.449752,21.000000,224.520256,0.592845,4.000000,36.460148,25.267380,13.833678,1.000000,-1.120575,-0.099215,-1.021360,17.743682,14.387196,31.133253,-4.489324,-4.492534,-5.259961,0.081521,0.102668,5.870572,3.000000,65.108746,1.956857,3.000000,56.820688,50.151362,59.140516,1.000000,2.100354,2.017516,0.082839,31.840176,27.776294,17.148596,1.499766,3.386855,1.946184,0.590875,0.167549,8.270821,6.000000,48.980054,1.378470,2.000000,63.448861,67.718842,54.745857,0.000000,2.198100,1.806572,0.391528,32.323182,32.548353,16.679482,4.269500,5.820245,3.946545,0.727814,0.195770,20.316817,17.000000,274.037267,1.195107,1.000000,80.036532,95.823719,90.679090,1.000000,2.014072,0.478394,1.535678,30.979053,41.772087,10.184114,9.514405,9.929537,7.104290,1.047221,0.192150,6.902169,6.000000,68.832835,1.150362,2.000000,34.655964,33.133818,41.128687,1.000000,-2.361483,-2.409066,0.047583,35.738756,14.605691,31.808636,-4.303694,-7.517647,-11.537994,0.085016,0.099428,11.144995,7.000000,46.677310,1.592142,3.000000,47.794496,62.601626,54.420313,1.000000,-2.343214,-2.703324,0.360110,37.358495,18.473954,26.747819,0.242267,-2.428406,-5.412993,0.511509,0.211015,19.274560,30.000000,186.907870,0.642485,8.000000,11.498049,6.000000,107.154277,1.916341,1.000000,9.690538,7.000000,60.000000,1.384363,2.000000,19.261860,22.000000,162.954279,0.875539,1.000000,10.570886,4.000000,124.525547,2.642721,8.000000,9.276396,2.000000,106.864275,4.638198,1.000000,7.987207,6.000000,58.610180,1.331201,2.000000,15.777831,8.000000,118.747738,1.972229,1.000000,11.728500,2.000000,70.646893,5.864250,2.000000,19.906347,21.000000,108.880846,0.947921,7.000000,15.456775,13.000000,189.251844,1.188983,4.000000,8.893679,9.000000,53.090909,0.988187,3.000000,3.000000,5.000000,100.000000,-1.000000,,,,52.323097,77.594123,73.420263,-0.607212,-1.044332,0.437119,22.188216,22.688717,20.547322,0.996670,-0.764320,0.728006,0.044153,,17.000000,,68.799594,75.302663,81.074860,0.565713,0.491552,0.074161,38.482254,35.220697,8.826868,0.891285,1.468715,0.830631,0.027200,0.506570,1.929825,,274.037267,46.677310,4.726264,1.056612
2026-01-22T18:30:00Z,0.787355,no_impulse,0,ADANIENT,1d,-1.000000,346.165528,19.788185,13.000000,1.522168,-14.841206,-19.323393,-25.771467,6.062978,22.000000,42.940985,0.275590,3.000000,52.323097,77.594123,73.420263,0.000000,-0.607212,-1.044332,0.437119,22.188216,22.688717,20.547322,0.996670,-0.764320,-4.173884,0.728006,0.044153,12.372423,9.000000,119.153069,1.374714,4.000000,29.819556,5.738507,5.597454,0.000000,-2.030047,-1.120891,-0.909157,20.735466,13.957487,36.612490,-6.577875,-8.202835,-9.898310,0.068471,0.143024,11.586766,9.000000,81.481481,1.287418,3.000000,55.394986,87.257187,80.221004,0.000000,0.133503,-0.288863,0.422367,14.271339,24.979816,20.866593,1.518062,1.772842,1.198018,0.645231,0.106139,12.449752,21.000000,224.520256,0.592845,4.000000,36.460148,25.267380,13.833678,1.000000,-1.120575,-0.099215,-1.021360,17.743682,14.387196,31.133253,-4.489324,-4.492534,-5.259961,0.081521,0.102668,5.870572,3.000000,65.108746,1.956857,3.000000,56.820688,50.151362,59.140516,1.000000,2.100354,2.017516,0.082839,31.840176,27.776294,17.148596,1.499766,3.386855,1.946184,0.590875,0.167549,8.270821,6.000000,48.980054,1.378470,2.000000,63.448861,67.718842,54.745857,0.000000,2.198100,1.806572,0.391528,32.323182,32.548353,16.679482,4.269500,5.820245,3.946545,0.727814,0.195770,20.316817,17.000000,274.037267,1.195107,1.000000,80.036532,95.823719,90.679090,1.000000,2.014072,0.478394,1.535678,30.979053,41.772087,10.184114,9.514405,9.929537,7.104290,1.047221,0.192150,6.902169,6.000000,68.832835,1.150362,2.000000,34.655964,33.133818,41.128687,1.000000,-2.361483,-2.409066,0.047583,35.738756,14.605691,31.808636,-4.303694,-7.517647,-11.537994,0.085016,0.099428,11.144995,7.000000,46.677310,1.592142,3.000000,19.274560,30.000000,186.907870,0.642485,8.000000,11.498049,6.000000,107.154277,1.916341,1.000000,9.690538,7.000000,60.000000,1.384363,2.000000,19.261860,22.000000,162.954279,0.875539,1.000000,10.570886,4.000000,124.525547,2.642721,8.000000,9.276396,2.000000,106.864275,4.638198,1.000000,7.987207,6.000000,58.610180,1.331201,2.000000,15.777831,8.000000,118.747738,1.972229,1.000000,11.728500,2.000000,70.646893,5.864250,2.000000,19.906347,21.000000,108.880846,0.947921,7.000000,15.456775,13.000000,189.251844,1.188983,4.000000,4.000000,6.000000,113.000000,-1.000000,,,,22.123673,3.553411,13.459320,-3.681258,-2.304760,-1.376498,31.673858,11.698604,49.058018,-14.841206,-19.323393,-0.193114,0.186452,,15.000000,,51.353997,88.259109,82.388664,-0.540675,-0.930673,0.389998,31.587675,25.220209,21.804744,0.568036,-1.062859,0.617043,0.048809,1.731979,1.000000,,274.037267,42.940985,5.085274,1.129029
2026-01-22T18:30:00Z,0.887265,no_impulse,0,ADANIENT,1d,1.000000,51.436719,12.689394,0.000000,0.000000,-14.841206,-19.323393,-25.771467,19.788185,13.000000,346.165528,1.522168,4.000000,22.123673,3.553411,13.459320,1.000000,-3.681258,-2.304760,-1.376498,31.673858,11.698604,49.058018,-14.841206,-19.323393,-25.771467,-0.193114,0.186452,6.062978,22.000000,42.940985,0.275590,3.000000,52.323097,77.594123,73.420263,0.000000,-0.607212,-1.044332,0.437119,22.188216,22.688717,20.547322,0.996670,-0.764320,-4.173884,0.728006,0.044153,12.372423,9.000000,119.153069,1.374714,4.000000,29.819556,5.738507,5.597454,0.000000,-2.030047,-1.120891,-0.909157,20.735466,13.957487,36.612490,-6.577875,-8.202835,-9.898310,0.068471,0.143024,11.586766,9.000000,81.481481,1.287418,3.000000,55.394986,87.257187,80.221004,0.000000,0.133503,-0.288863,0.422367,14.271339,24.979816,20.866593,1.518062,1.772842,1.198018,0.645231,0.106139,12.449752,21.000000,224.520256,0.592845,4.000000,36.460148,25.267380,13.833678,1.000000,-1.120575,-0.099215,-1.021360,17.743682,14.387196,31.133253,-4.489324,-4.492534,-5.259961,0.081521,0.102668,5.870572,3.000000,65.108746,1.956857,3.000000,56.820688,50.151362,59.140516,1.000000,2.100354,2.017516,0.082839,31.840176,27.776294,17.148596,1.499766,3.386855,1.946184,0.590875,0.167549,8.270821,6.000000,48.980054,1.378470,2.000000,63.448861,67.718842,54.745857,0.000000,2.198100,1.806572,0.391528,32.323182,32.548353,16.679482,4.269500,5.820245,3.946545,0.727814,0.195770,20.316817,17.000000,274.037267,1.195107,1.000000,80.036532,95.823719,90.679090,1.000000,2.014072,0.478394,1.535678,30.979053,41.772087,10.184114,9.514405,9.929537,7.104290,1.047221,0.192150,6.902169,6.000000,68.832835,1.150362,2.000000,11.144995,7.000000,46.677310,1.592142,3.000000,19.274560,30.000000,186.907870,0.642485,8.000000,11.498049,6.000000,107.154277,1.916341,1.000000,9.690538,7.000000,60.000000,1.384363,2.000000,19.261860,22.000000,162.954279,0.875539,1.000000,10.570886,4.000000,124.525547,2.642721,8.000000,9.276396,2.000000,106.864275,4.638198,1.000000,7.987207,6.000000,58.610180,1.331201,2.000000,15.777831,8.000000,118.747738,1.972229,1.000000,11.728500,2.000000,70.646893,5.864250,2.000000,19.906347,21.000000,108.880846,0.947921,7.000000,4.000000,7.000000,113.000000,-1.000000,,,,22.123673,3.553411,13.459320,-3.681258,-2.304760,-1.376498,31.673858,11.698604,49.058018,-14.841206,-19.323393,-0.193114,0.186452,,0.000000,,51.353997,88.259109,82.388664,-0.540675,-0.930673,0.389998,31.587675,25.220209,21.804744,0.568036,-1.062859,0.617043,0.048809,1.105680,0.000000,,346.165528,42.940985,5.175163,1.278078
2026-01-31T18:30:00Z,0.822717,no_impulse,0,ADANIENT,1d,-1.000000,64.605544,7.274910,5.000000,1.454982,-7.075085,-12.282425,-19.786102,12.689394,0.000000,51.436719,0.000000,4.000000,22.123673,3.553411,13.459320,0.000000,-3.681258,-2.304760,-1.376498,31.673858,11.698604,49.058018,-14.841206,-19.323393,-25.771467,-0.193114,0.186452,19.788185,13.000000,346.165528,1.522168,4.000000,22.123673,3.553411,13.459320,1.000000,-3.681258,-2.304760,-1.376498,31.673858,11.698604,49.058018,-14.841206,-19.323393,-25.771467,-0.193114,0.186452,6.062978,22.000000,42.940985,0.275590,3.000000,52.323097,77.594123,73.420263,0.000000,-0.607212,-1.044332,0.437119,22.188216,22.688717,20.547322,0.996670,-0.764320,-4.173884,0.728006,0.044153,12.372423,9.000000,119.153069,1.374714,4.000000,29.819556,5.738507,5.597454,0.000000,-2.030047,-1.120891,-0.909157,20.735466,13.957487,36.612490,-6.577875,-8.202835,-9.898310,0.068471,0.143024,11.586766,9.000000,81.481481,1.287418,3.000000,55.394986,87.257187,80.221004,0.000000,0.133503,-0.288863,0.422367,14.271339,24.979816,20.866593,1.518062,1.772842,1.198018,0.645231,0.106139,12.449752,21.000000,224.520256,0.592845,4.000000,36.460148,25.267380,13.833678,1.000000,-1.120575,-0.099215,-1.021360,17.743682,14.387196,31.133253,-4.489324,-4.492534,-5.259961,0.081521,0.102668,5.870572,3.000000,65.108746,1.956857,3.000000,56.820688,50.151362,59.140516,1.000000,2.100354,2.017516,0.082839,31.840176,27.776294,17.148596,1.499766,3.386855,1.946184,0.590875,0.167549,8.270821,6.000000,48.980054,1.378470,2.000000,63.448861,67.718842,54.745857,0.000000,2.198100,1.806572,0.391528,32.323182,32.548353,16.679482,4.269500,5.820245,3.946545,0.727814,0.195770,20.316817,17.000000,274.037267,1.195107,1.000000,6.902169,6.000000,68.832835,1.150362,2.000000,11.144995,7.000000,46.677310,1.592142,3.000000,19.274560,30.000000,186.907870,0.642485,8.000000,11.498049,6.000000,107.154277,1.916341,1.000000,9.690538,7.000000,60.000000,1.384363,2.000000,19.261860,22.000000,162.954279,0.875539,1.000000,10.570886,4.000000,124.525547,2.642721,8.000000,9.276396,2.000000,106.864275,4.638198,1.000000,7.987207,6.000000,58.610180,1.331201,2.000000,15.777831,8.000000,118.747738,1.972229,1.000000,11.728500,2.000000,70.646893,5.864250,2.000000,2.000000,1.000000,118.000000,-1.000000,,,,34.931974,27.406765,38.087980,-3.801531,-3.257662,-0.543869,37.012853,13.462731,38.760430,-7.075085,-12.282425,0.209844,0.227725,,4.000000,,50.819269,57.035928,65.419162,0.244933,0.121231,0.123702,10.862983,17.134351,28.483431,0.101448,-0.662950,0.531232,0.032515,0.625477,0.471698,,346.165528,42.940985,5.187200,1.058547
2026-02-08T18:30:00Z,0.974820,no_impulse,0,ADANIENT,1d,1.000000,235.643564,18.487830,6.000000,3.081305,5.135049,2.930077,-3.074205,7.274910,5.000000,64.605544,1.454982,2.000000,34.931974,27.406765,38.087980,0.000000,-3.801531,-3.257662,-0.543869,37.012853,13.462731,38.760430,-7.075085,-12.282425,-19.786102,0.209844,0.227725,12.689394,0.000000,51.436719,0.000000,4.000000,22.123673,3.553411,13.459320,0.000000,-3.681258,-2.304760,-1.376498,31.673858,11.698604,49.058018,-14.841206,-19.323393,-25.771467,-0.193114,0.186452,19.788185,13.000000,346.165528,1.522168,4.000000,22.123673,3.553411,13.459320,1.000000,-3.681258,-2.304760,-1.376498,31.673858,11.698604,49.058018,-14.841206,-19.323393,-25.771467,-0.193114,0.186452,6.062978,22.000000,42.940985,0.275590,3.000000,52.323097,77.594123,73.420263,0.000000,-0.607212,-1.044332,0.437119,22.188216,22.688717,20.547322,0.996670,-0.764320,-4.173884,0.728006,0.044153,12.372423,9.000000,119.153069,1.374714,4.000000,29.819556,5.738507,5.597454,0.000000,-2.030047,-1.120891,-0.909157,20.735466,13.957487,36.612490,-6.577875,-8.202835,-9.898310,0.068471,0.143024,11.586766,9.000000,81.481481,1.287418,3.000000,55.394986,87.257187,80.221004,0.000000,0.133503,-0.288863,0.422367,14.271339,24.979816,20.866593,1.518062,1.772842,1.198018,0.645231,0.106139,12.449752,21.000000,224.520256,0.592845,4.000000,36.460148,25.267380,13.833678,1.000000,-1.120575,-0.099215,-1.021360,17.743682,14.387196,31.133253,-4.489324,-4.492534,-5.259961,0.081521,0.102668,5.870572,3.000000,65.108746,1.956857,3.000000,56.820688,50.151362,59.140516,1.000000,2.100354,2.017516,0.082839,31.840176,27.776294,17.148596,1.499766,3.386855,1.946184,0.590875,0.167549,8.270821,6.000000,48.980054,1.378470,2.000000,20.316817,17.000000,274.037267,1.195107,1.000000,6.902169,6.000000,68.832835,1.150362,2.000000,11.144995,7.000000,46.677310,1.592142,3.000000,19.274560,30.000000,186.907870,0.642485,8.000000,11.498049,6.000000,107.154277,1.916341,1.000000,9.690538,7.000000,60.000000,1.384363,2.000000,19.261860,22.000000,162.954279,0.875539,1.000000,10.570886,4.000000,124.525547,2.642721,8.000000,9.276396,2.000000,106.864275,4.638198,1.000000,7.987207,6.000000,58.610180,1.331201,2.000000,15.777831,8.000000,118.747738,1.972229,1.000000,1.000000,2.000000,124.000000,-1.000000,,,,59.072531,91.386364,94.699977,0.099714,-1.443895,1.543609,28.083881,31.250918,24.411727,5.135049,2.930077,0.763073,0.205761,,5.000000,,64.953350,62.832930,57.972793,1.158155,1.427115,-0.268960,36.294736,35.271749,12.591574,1.819228,4.375766,1.504058,0.018454,1.584455,0.571429,,346.165528,42.940985,5.150654,1.324105
2026-02-15T18:30:00Z,0.896085,no_impulse,0,ADANIENT,1d,-1.000000,51.764706,8.076923,5.000000,1.615385,1.192343,-0.092469,-5.895661,18.487830,6.000000,235.643564,3.081305,1.000000,59.072531,91.386364,94.699977,0.000000,0.099714,-1.443895,1.543609,28.083881,31.250918,24.411727,5.135049,2.930077,-3.074205,0.763073,0.205761,7.274910,5.000000,64.605544,1.454982,2.000000,34.931974,27.406765,38.087980,0.000000,-3.801531,-3.257662,-0.543869,37.012853,13.462731,38.760430,-7.075085,-12.282425,-19.786102,0.209844,0.227725,12.689394,0.000000,51.436719,0.000000,4.000000,22.123673,3.553411,13.459320,0.000000,-3.681258,-2.304760,-1.376498,31.673858,11.698604,49.058018,-14.841206,-19.323393,-25.771467,-0.193114,0.186452,19.788185,13.000000,346.165528,1.522168,4.000000,22.123673,3.553411,13.459320,1.000000,-3.681258,-2.304760,-1.376498,31.673858,11.698604,49.058018,-14.841206,-19.323393,-25.771467,-0.193114,0.186452,6.062978,22.000000,42.940985,0.275590,3.000000,52.323097,77.594123,73.420263,0.000000,-0.607212,-1.044332,0.437119,22.188216,22.688717,20.547322,0.996670,-0.764320,-4.173884,0.728006,0.044153,12.372423,9.000000,119.153069,1.374714,4.000000,29.819556,5.738507,5.597454,0.000000,-2.030047,-1.120891,-0.909157,20.735466,13.957487,36.612490,-6.577875,-8.202835,-9.898310,0.068471,0.143024,11.586766,9.000000,81.481481,1.287418,3.000000,55.394986,87.257187,80.221004,0.000000,0.133503,-0.288863,0.422367,14.271339,24.979816,20.866593,1.518062,1.772842,1.198018,0.645231,0.106139,12.449752,21.000000,224.520256,0.592845,4.000000,36.460148,25.267380,13.833678,1.000000,-1.120575,-0.099215,-1.021360,17.743682,14.387196,31.133253,-4.489324,-4.492534,-5.259961,0.081521,0.102668,5.870572,3.000000,65.108746,1.956857,3.000000,8.270821,6.000000,48.980054,1.378470,2.000000,20.316817,17.000000,274.037267,1.195107,1.000000,6.902169,6.000000,68.832835,1.150362,2.000000,11.144995,7.000000,46.677310,1.592142,3.000000,19.274560,30.000000,186.907870,0.642485,8.000000,11.498049,6.000000,107.154277,1.916341,1.000000,9.690538,7.000000,60.000000,1.384363,2.000000,19.261860,22.000000,162.954279,0.875539,1.000000,10.570886,4.000000,124.525547,2.642721,8.000000,9.276396,2.000000,106.864275,4.638198,1.000000,7.987207,6.000000,58.610180,1.331201,2.000000,2.000000,3.000000,129.000000,-1.000000,,,,52.278152,71.036415,69.778771,0.586431,-0.079000,0.665431,22.243054,22.078394,33.106641,1.192343,-0.092469,0.554956,0.219582,,5.000000,,25.656110,23.243712,8.944498,-1.088838,-0.731660,-0.357178,42.777997,8.457469,42.841614,-2.219290,-2.610311,0.180000,0.067847,0.703236,0.531915,,346.165528,42.940985,4.832042,1.005979
2026-02-17T18:30:00Z,0.960334,no_impulse,0,ADANIENT,1d,1.000000,81.601732,7.170027,2.000000,3.585013,1.825514,0.972119,-4.544376,8.076923,5.000000,51.764706,1.615385,2.000000,52.278152,71.036415,69.778771,1.000000,0.586431,-0.079000,0.665431,22.243054,22.078394,33.106641,1.192343,-0.092469,-5.895661,0.554956,0.219582,18.487830,6.000000,235.643564,3.081305,1.000000,59.072531,91.386364,94.699977,0.000000,0.099714,-1.443895,1.543609,28.083881,31.250918,24.411727,5.135049,2.930077,-3.074205,0.763073,0.205761,7.274910,5.000000,64.605544,1.454982,2.000000,34.931974,27.406765,38.087980,0.000000,-3.801531,-3.257662,-0.543869,37.012853,13.462731,38.760430,-7.075085,-12.282425,-19.786102,0.209844,0.227725,12.689394,0.000000,51.436719,0.000000,4.000000,22.123673,3.553411,13.459320,0.000000,-3.681258,-2.304760,-1.376498,31.673858,11.698604,49.058018,-14.841206,-19.323393,-25.771467,-0.193114,0.186452,19.788185,13.000000,346.165528,1.522168,4.000000,22.123673,3.553411,13.459320,1.000000,-3.681258,-2.304760,-1.376498,31.673858,11.698604,49.058018,-14.841206,-19.323393,-25.771467,-0.193114,0.186452,6.062978,22.000000,42.940985,0.275590,3.000000,52.323097,77.594123,73.420263,0.000000,-0.607212,-1.044332,0.437119,22.188216,22.688717,20.547322,0.996670,-0.764320,-4.173884,0.728006,0.044153,12.372423,9.000000,119.153069,1.374714,4.000000,29.819556,5.738507,5.597454,0.000000,-2.030047,-1.120891,-0.909157,20.735466,13.957487,36.612490,-6.577875,-8.202835,-9.898310,0.068471,0.143024,11.586766,9.000000,81.481481,1.287418,3.000000,55.394986,87.257187,80.221004,0.000000,0.133503,-0.288863,0.422367,14.271339,24.979816,20.866593,1.518062,1.772842,1.198018,0.645231,0.106139,12.449752,21.000000,224.520256,0.592845,4.000000,5.870572,3.000000,65.108746,1.956857,3.000000,8.270821,6.000000,48.980054,1.378470,2.000000,20.316817,17.000000,274.037267,1.195107,1.000000,6.902169,6.000000,68.832835,1.150362,2.000000,11.144995,7.000000,46.677310,1.592142,3.000000,19.274560,30.000000,186.907870,0.642485,8.000000,11.498049,6.000000,107.154277,1.916341,1.000000,9.690538,7.000000,60.000000,1.384363,2.000000,19.261860,22.000000,162.954279,0.875539,1.000000,10.570886,4.000000,124.525547,2.642721,8.000000,9.276396,2.000000,106.864275,4.638198,1.000000,3.000000,1.000000,131.000000,-1.000000,,,,53.816537,78.487395,78.963585,0.838580,0.244790,0.593791,20.113480,24.846599,28.351321,1.825514,0.972119,0.582917,0.224256,,3.000000,,68.829109,94.892473,90.927419,0.476309,0.001814,0.474495,27.938348,33.389892,18.218598,1.974839,2.317172,0.808136,0.065381,0.625331,0.215054,,346.165528,42.940985,4.846741,0.878027
2026-03-29T18:30:00Z,0.746879,no_impulse,0,ADANIENT,1d,-1.000000,332.228117,22.227152,26.000000,0.854890,-10.920807,-16.884778,-27.511298,7.170027,2.000000,81.601732,3.585013,3.000000,53.816537,78.487395,78.963585,1.000000,0.838580,0.244790,0.593791,20.113480,24.846599,28.351321,1.825514,0.972119,-4.544376,0.582917,0.224256,8.076923,5.000000,51.764706,1.615385,2.000000,52.278152,71.036415,69.778771,1.000000,0.586431,-0.079000,0.665431,22.243054,22.078394,33.106641,1.192343,-0.092469,-5.895661,0.554956,0.219582,18.487830,6.000000,235.643564,3.081305,1.000000,59.072531,91.386364,94.699977,0.000000,0.099714,-1.443895,1.543609,28.083881,31.250918,24.411727,5.135049,2.930077,-3.074205,0.763073,0.205761,7.274910,5.000000,64.605544,1.454982,2.000000,34.931974,27.406765,38.087980,0.000000,-3.801531,-3.257662,-0.543869,37.012853,13.462731,38.760430,-7.075085,-12.282425,-19.786102,0.209844,0.227725,12.689394,0.000000,51.436719,0.000000,4.000000,22.123673,3.553411,13.459320,0.000000,-3.681258,-2.304760,-1.376498,31.673858,11.698604,49.058018,-14.841206,-19.323393,-25.771467,-0.193114,0.186452,19.788185,13.000000,346.165528,1.522168,4.000000,22.123673,3.553411,13.459320,1.000000,-3.681258,-2.304760,-1.376498,31.673858,11.698604,49.058018,-14.841206,-19.323393,-25.771467,-0.193114,0.186452,6.062978,22.000000,42.940985,0.275590,3.000000,52.323097,77.594123,73.420263,0.000000,-0.607212,-1.044332,0.437119,22.188216,22.688717,20.547322,0.996670,-0.764320,-4.173884,0.728006,0.044153,12.372423,9.000000,119.153069,1.374714,4.000000,29.819556,5.738507,5.597454,0.000000,-2.030047,-1.120891,-0.909157,20.735466,13.957487,36.612490,-6.577875,-8.202835,-9.898310,0.068471,0.143024,11.586766,9.000000,81.481481,1.287418,3.000000,12.449752,21.000000,224.520256,0.592845,4.000000,5.870572,3.000000,65.108746,1.956857,3.000000,8.270821,6.000000,48.980054,1.378470,2.000000,20.316817,17.000000,274.037267,1.195107,1.000000,6.902169,6.000000,68.832835,1.150362,2.000000,11.144995,7.000000,46.677310,1.592142,3.000000,19.274560,30.000000,186.907870,0.642485,8.000000,11.498049,6.000000,107.154277,1.916341,1.000000,9.690538,7.000000,60.000000,1.384363,2.000000,19.261860,22.000000,162.954279,0.875539,1.000000,10.570886,4.000000,124.525547,2.642721,8.000000,4.000000,2.000000,157.000000,-1.000000,,,,28.895043,2.093863,10.925937,-4.755944,-3.729991,-1.025953,36.226324,9.693584,35.320826,-10.920807,-16.884778,0.034971,0.211720,,29.000000,,32.323004,11.652174,8.892876,-1.018602,-0.837601,-0.181001,20.717182,18.348932,38.297616,-2.288828,-4.329859,0.177632,0.069412,1.916808,2.826087,,346.165528,42.940985,4.695102,0.848621
2026-04-07T18:30:00Z,0.894295,no_impulse,0,ADANIENT,1d,1.000000,69.061876,19.737593,5.000000,3.947519,5.330368,0.755247,-8.917082,22.227152,26.000000,332.228117,0.854890,4.000000,28.895043,2.093863,10.925937,0.000000,-4.755944,-3.729991,-1.025953,36.226324,9.693584,35.320826,-10.920807,-16.884778,-27.511298,0.034971,0.211720,7.170027,2.000000,81.601732,3.585013,3.000000,53.816537,78.487395,78.963585,1.000000,0.838580,0.244790,0.593791,20.113480,24.846599,28.351321,1.825514,0.972119,-4.544376,0.582917,0.224256,8.076923,5.000000,51.764706,1.615385,2.000000,52.278152,71.036415,69.778771,1.000000,0.586431,-0.079000,0.665431,22.243054,22.078394,33.106641,1.192343,-0.092469,-5.895661,0.554956,0.219582,18.487830,6.000000,235.643564,3.081305,1.000000,59.072531,91.386364,94.699977,0.000000,0.099714,-1.443895,1.543609,28.083881,31.250918,24.411727,5.135049,2.930077,-3.074205,0.763073,0.205761,7.274910,5.000000,64.605544,1.454982,2.000000,34.931974,27.406765,38.087980,0.000000,-3.801531,-3.257662,-0.543869,37.012853,13.462731,38.760430,-7.075085,-12.282425,-19.786102,0.209844,0.227725,12.689394,0.000000,51.436719,0.000000,4.000000,22.123673,3.553411,13.459320,0.000000,-3.681258,-2.304760,-1.376498,31.673858,11.698604,49.058018,-14.841206,-19.323393,-25.771467,-0.193114,0.186452,19.788185,13.000000,346.165528,1.522168,4.000000,22.123673,3.553411,13.459320,1.000000,-3.681258,-2.304760,-1.376498,31.673858,11.698604,49.058018,-14.841206,-19.323393,-25.771467,-0.193114,0.186452,6.062978,22.000000,42.940985,0.275590,3.000000,52.323097,77.594123,73.420263,0.000000,-0.607212,-1.044332,0.437119,22.188216,22.688717,20.547322,0.996670,-0.764320,-4.173884,0.728006,0.044153,12.372423,9.000000,119.153069,1.374714,4.000000,11.586766,9.000000,81.481481,1.287418,3.000000,12.449752,21.000000,224.520256,0.592845,4.000000,5.870572,3.000000,65.108746,1.956857,3.000000,8.270821,6.000000,48.980054,1.378470,2.000000,20.316817,17.000000,274.037267,1.195107,1.000000,6.902169,6.000000,68.832835,1.150362,2.000000,11.144995,7.000000,46.677310,1.592142,3.000000,19.274560,30.000000,186.907870,0.642485,8.000000,11.498049,6.000000,107.154277,1.916341,1.000000,9.690538,7.000000,60.000000,1.384363,2.000000,19.261860,22.000000,162.954279,0.875539,1.000000,3.000000,3.000000,162.000000,-1.000000,,,,56.335654,84.046243,61.871862,-2.412331,-3.241206,0.828876,34.848688,29.317068,22.852177,5.330368,0.755247,0.847528,0.162016,,3.000000,,58.788912,78.016838,72.435298,0.703347,0.590153,0.113194,12.652734,28.466894,23.678691,1.216654,1.392811,0.659762,0.077092,1.569757,0.515464,,346.165528,42.940985,5.784368,0.974565
