timestamp,price,label,direction,symbol,timeframe,curr_direction,curr_retrace_pct,curr_leg_size_pct,curr_leg_duration,curr_leg_speed,curr_ema20_dist,curr_ema50_dist,curr_ema200_dist,p1_leg_size_pct,p1_leg_duration,p1_retrace_pct,p1_leg_speed,p1_trend_state,p1_rsi,p1_stoch_k,p1_stoch_d,p1_stoch_cross,p1_macd_line,p1_macd_signal,p1_macd_hist,p1_adx,p1_plus_di,p1_minus_di,p1_ema20_dist,p1_ema50_dist,p1_ema200_dist,p1_bb_position,p1_bb_bandwidth,p2_leg_size_pct,p2_leg_duration,p2_retrace_pct,p2_leg_speed,p2_trend_state,p2_rsi,p2_stoch_k,p2_stoch_d,p2_stoch_cross,p2_macd_line,p2_macd_signal,p2_macd_hist,p2_adx,p2_plus_di,p2_minus_di,p2_ema20_dist,p2_ema50_dist,p2_ema200_dist,p2_bb_position,p2_bb_bandwidth,p3_leg_size_pct,p3_leg_duration,p3_retrace_pct,p3_leg_speed,p3_trend_state,p3_rsi,p3_stoch_k,p3_stoch_d,p3_stoch_cross,p3_macd_line,p3_macd_signal,p3_macd_hist,p3_adx,p3_plus_di,p3_minus_di,p3_ema20_dist,p3_ema50_dist,p3_ema200_dist,p3_bb_position,p3_bb_bandwidth,p4_leg_size_pct,p4_leg_duration,p4_retrace_pct,p4_leg_speed,p4_trend_state,p4_rsi,p4_stoch_k,p4_stoch_d,p4_stoch_cross,p4_macd_line,p4_macd_signal,p4_macd_hist,p4_adx,p4_plus_di,p4_minus_di,p4_ema20_dist,p4_ema50_dist,p4_ema200_dist,p4_bb_position,p4_bb_bandwidth,p5_leg_size_pct,p5_leg_duration,p5_retrace_pct,p5_leg_speed,p5_trend_state,p5_rsi,p5_stoch_k,p5_stoch_d,p5_stoch_cross,p5_macd_line,p5_macd_signal,p5_macd_hist,p5_adx,p5_plus_di,p5_minus_di,p5_ema20_dist,p5_ema50_dist,p5_ema200_dist,p5_bb_position,p5_bb_bandwidth,p6_leg_size_pct,p6_leg_duration,p6_retrace_pct,p6_leg_speed,p6_trend_state,p6_rsi,p6_stoch_k,p6_stoch_d,p6_stoch_cross,p6_macd_line,p6_macd_signal,p6_macd_hist,p6_adx,p6_plus_di,p6_minus_di,p6_ema20_dist,p6_ema50_dist,p6_ema200_dist,p6_bb_position,p6_bb_bandwidth,p7_leg_size_pct,p7_leg_duration,p7_retrace_pct,p7_leg_speed,p7_trend_state,p7_rsi,p7_stoch_k,p7_stoch_d,p7_stoch_cross,p7_macd_line,p7_macd_signal,p7_macd_hist,p7_adx,p7_plus_di,p7_minus_di,p7_ema20_dist,p7_ema50_dist,p7_ema200_dist,p7_bb_position,p7_bb_bandwidth,p8_leg_size_pct,p8_leg_duration,p8_retrace_pct,p8_leg_speed,p8_trend_state,p8_rsi,p8_stoch_k,p8_stoch_d,p8_stoch_cross,p8_macd_line,p8_macd_signal,p8_macd_hist,p8_adx,p8_plus_di,p8_minus_di,p8_ema20_dist,p8_ema50_dist,p8_ema200_dist,p8_bb_position,p8_bb_bandwidth,p9_leg_size_pct,p9_leg_duration,p9_retrace_pct,p9_leg_speed,p9_trend_state,p10_leg_size_pct,p10_leg_duration,p10_retrace_pct,p10_leg_speed,p10_trend_state,p11_leg_size_pct,p11_leg_duration,p11_retrace_pct,p11_leg_speed,p11_trend_state,p12_leg_size_pct,p12_leg_duration,p12_retrace_pct,p12_leg_speed,p12_trend_state,p13_leg_size_pct,p13_leg_duration,p13_retrace_pct,p13_leg_speed,p13_trend_state,p14_leg_size_pct,p14_leg_duration,p14_retrace_pct,p14_leg_speed,p14_trend_state,p15_leg_size_pct,p15_leg_duration,p15_retrace_pct,p15_leg_speed,p15_trend_state,p16_leg_size_pct,p16_leg_duration,p16_retrace_pct,p16_leg_speed,p16_trend_state,p17_leg_size_pct,p17_leg_duration,p17_retrace_pct,p17_leg_speed,p17_trend_state,p18_leg_size_pct,p18_leg_duration,p18_retrace_pct,p18_leg_speed,p18_trend_state,p19_leg_size_pct,p19_leg_duration,p19_retrace_pct,p19_leg_speed,p19_trend_state,p20_leg_size_pct,p20_leg_duration,p20_retrace_pct,p20_leg_speed,p20_trend_state,mkt_trend_state,mkt_trend_streak,mkt_bars_since_reversal,mkt_last_break_type,htf_trend_state,htf_retrace_pct,htf_pivot_dist_pct,htf_rsi,htf_stoch_k,htf_stoch_d,htf_macd_line,htf_macd_signal,htf_macd_hist,htf_adx,htf_plus_di,htf_minus_di,htf_ema20_dist,htf_ema50_dist,htf_bb_position,htf_bb_bandwidth,ltf_trend_state,ltf_zigzag_count,ltf_trend_reversal_flag,ltf_rsi,ltf_stoch_k,ltf_stoch_d,ltf_macd_line,ltf_macd_signal,ltf_macd_hist,ltf_adx,ltf_plus_di,ltf_minus_di,ltf_ema20_dist,ltf_ema50_dist,ltf_bb_position,ltf_bb_bandwidth,leg_size_vs_avg,leg_duration_vs_avg,bars_since_large_leg,max_retrace_last10,min_retrace_last10,leg_size_stddev,legs_contracting
2025-09-12T05:45:00Z,1.000000,no_impulse,0,APLAPOLLO,1h,-1.000000,,0.000000,0.000000,0.000000,-0.181726,0.279978,1.724559,,,,,,,,,,,,,,,,,,,,,,,,,,,,,,,,,,,,,,,,,,,,,,,,,,,,,,,,,,,,,,,,,,,,,,,,,,,,,,,,,,,,,,,,,,,,,,,,,,,,,,,,,,,,,,,,,,,,,,,,,,,,,,,,,,,,,,,,,,,,,,,,,,,,,,,,,,,,,,,,,,,,,,,,,,,,,,,,,,,,,,,,,,,,,,,,,,,,,,,,,,,,,,,,,,,,,,,,,,,,,0.000000,1.000000,,-1.000000,,,,62.063328,94.352410,87.148916,0.970586,0.489547,0.481039,14.478841,21.175128,14.464577,2.594639,2.563987,0.843401,0.077570,,0.000000,,53.528859,35.897436,28.351831,-0.024455,-0.042633,0.018177,19.938598,18.824369,17.626781,0.125365,0.051081,0.731906,0.005413,0.000000,0.000000,,,,0.000000,
2025-09-16T03:45:00Z,1.027514,no_impulse,0,APLAPOLLO,1h,1.000000,,2.751361,12.000000,0.229280,0.133602,0.715044,2.363115,0.000000,0.000000,,0.000000,0.000000,48.068257,31.365314,33.083310,0.000000,0.037989,0.129117,-0.091128,16.144398,21.471668,23.935414,-0.181726,0.279978,1.724559,0.386595,0.015995,,,,,,,,,,,,,,,,,,,,,,,,,,,,,,,,,,,,,,,,,,,,,,,,,,,,,,,,,,,,,,,,,,,,,,,,,,,,,,,,,,,,,,,,,,,,,,,,,,,,,,,,,,,,,,,,,,,,,,,,,,,,,,,,,,,,,,,,,,,,,,,,,,,,,,,,,,,,,,,,,,,,,,,,,,,,,,,,,,,,,,,,,,,,,,,,,,,,,,,,,0.000000,2.000000,,-1.000000,,,,60.270790,85.489635,90.720441,1.059263,0.692017,0.367246,15.360308,20.634792,12.977815,1.841002,2.058172,0.748082,0.075601,,0.000000,,60.309781,45.535714,61.851856,0.112331,0.078664,0.033667,15.660018,33.441244,10.392673,0.301222,0.500605,0.902399,0.007508,1.000000,1.000000,,,,0.000000,
2025-09-17T08:45:00Z,1.002751,no_impulse,0,APLAPOLLO,1h,-1.000000,90.000000,2.409919,12.000000,0.200827,-0.208224,0.069542,1.646880,2.751361,12.000000,,0.229280,0.000000,53.435658,54.565217,69.859357,0.000000,0.261053,0.253212,0.007841,12.614053,26.466114,16.729694,0.133602,0.715044,2.363115,0.560846,0.021987,0.000000,0.000000,,0.000000,0.000000,48.068257,31.365314,33.083310,0.000000,0.037989,0.129117,-0.091128,16.144398,21.471668,23.935414,-0.181726,0.279978,1.724559,0.386595,0.015995,,,,,,,,,,,,,,,,,,,,,,,,,,,,,,,,,,,,,,,,,,,,,,,,,,,,,,,,,,,,,,,,,,,,,,,,,,,,,,,,,,,,,,,,,,,,,,,,,,,,,,,,,,,,,,,,,,,,,,,,,,,,,,,,,,,,,,,,,,,,,,,,,,,,,,,,,,,,,,,,,,,,,,,,,,,,,,,,,,,,,2.000000,3.000000,,-1.000000,,,,59.358118,83.240223,82.738402,1.024388,0.812137,0.212251,15.196266,18.746357,13.937734,1.512987,1.879713,0.708518,0.073674,,0.000000,,24.625802,4.000000,8.037037,-0.167629,-0.100834,-0.066795,16.536083,11.927567,31.361058,-0.683565,-0.850557,-0.202633,0.009663,1.751802,2.000000,,,,1.945506,
2025-09-18T09:45:00Z,1.019798,no_impulse,0,APLAPOLLO,1h,1.000000,68.840580,1.699970,8.000000,0.212496,0.108313,0.323950,1.834549,2.409919,12.000000,90.000000,0.200827,2.000000,47.354491,29.468599,18.041392,1.000000,-0.040421,0.061599,-0.102021,11.591603,16.583581,22.501562,-0.208224,0.069542,1.646880,0.333539,0.012483,2.751361,12.000000,,0.229280,0.000000,53.435658,54.565217,69.859357,0.000000,0.261053,0.253212,0.007841,12.614053,26.466114,16.729694,0.133602,0.715044,2.363115,0.560846,0.021987,0.000000,0.000000,,0.000000,0.000000,48.068257,31.365314,33.083310,0.000000,0.037989,0.129117,-0.091128,16.144398,21.471668,23.935414,-0.181726,0.279978,1.724559,0.386595,0.015995,,,,,,,,,,,,,,,,,,,,,,,,,,,,,,,,,,,,,,,,,,,,,,,,,,,,,,,,,,,,,,,,,,,,,,,,,,,,,,,,,,,,,,,,,,,,,,,,,,,,,,,,,,,,,,,,,,,,,,,,,,,,,,,,,,,,,,,,,,,,,,,,,,,,,,,,,,,,,,,,,3.000000,1.000000,,-1.000000,,,,57.366438,69.614512,77.446694,0.987434,0.849425,0.138009,14.684559,17.507944,14.904458,1.063280,1.482671,0.644811,0.074214,,0.000000,,54.510463,47.000000,75.991342,0.067520,0.050694,0.016826,12.931792,36.275259,15.808711,0.102744,0.144482,0.717192,0.004735,0.988110,1.000000,,90.000000,90.000000,1.499682,
2025-09-19T06:45:00Z,0.997787,no_impulse,0,APLAPOLLO,1h,-1.000000,129.122807,2.158358,4.000000,0.539589,-0.499361,-0.475791,0.917474,1.699970,8.000000,68.840580,0.212496,3.000000,52.277910,62.807018,65.212402,1.000000,0.018127,0.002116,0.016011,17.984055,18.807658,23.229791,0.108313,0.323950,1.834549,0.609871,0.009869,2.409919,12.000000,90.000000,0.200827,2.000000,47.354491,29.468599,18.041392,1.000000,-0.040421,0.061599,-0.102021,11.591603,16.583581,22.501562,-0.208224,0.069542,1.646880,0.333539,0.012483,2.751361,12.000000,,0.229280,0.000000,53.435658,54.565217,69.859357,0.000000,0.261053,0.253212,0.007841,12.614053,26.466114,16.729694,0.133602,0.715044,2.363115,0.560846,0.021987,0.000000,0.000000,,0.000000,0.000000,48.068257,31.365314,33.083310,0.000000,0.037989,0.129117,-0.091128,16.144398,21.471668,23.935414,-0.181726,0.279978,1.724559,0.386595,0.015995,,,,,,,,,,,,,,,,,,,,,,,,,,,,,,,,,,,,,,,,,,,,,,,,,,,,,,,,,,,,,,,,,,,,,,,,,,,,,,,,,,,,,,,,,,,,,,,,,,,,,,,,,,,,,,,,,,,,,,,,,,,,,,,,,,,,,,,,,,,,,4.000000,2.000000,,-1.000000,,,,57.366438,69.614512,77.446694,0.987434,0.849425,0.138009,14.684559,17.507944,14.904458,1.063280,1.482671,0.644811,0.074214,,0.000000,,28.535228,9.510870,7.446286,-0.302733,-0.199587,-0.103145,19.986396,13.777085,32.047481,-0.612605,-0.905697,0.205259,0.020658,1.258288,0.500000,,90.000000,68.840580,1.224528,
2025-09-22T03:45:00Z,1.015312,no_impulse,0,APLAPOLLO,1h,1.000000,79.619565,1.756384,4.000000,0.439096,-0.069559,-0.023835,1.326407,2.158358,4.000000,129.122807,0.539589,4.000000,42.181427,30.163043,11.744638,1.000000,-0.189398,-0.076689,-0.112710,21.843990,17.046338,29.401866,-0.499361,-0.475791,0.917474,0.210646,0.017172,1.699970,8.000000,68.840580,0.212496,3.000000,52.277910,62.807018,65.212402,1.000000,0.018127,0.002116,0.016011,17.984055,18.807658,23.229791,0.108313,0.323950,1.834549,0.609871,0.009869,2.409919,12.000000,90.000000,0.200827,2.000000,47.354491,29.468599,18.041392,1.000000,-0.040421,0.061599,-0.102021,11.591603,16.583581,22.501562,-0.208224,0.069542,1.646880,0.333539,0.012483,2.751361,12.000000,,0.229280,0.000000,53.435658,54.565217,69.859357,0.000000,0.261053,0.253212,0.007841,12.614053,26.466114,16.729694,0.133602,0.715044,2.363115,0.560846,0.021987,0.000000,0.000000,,0.000000,0.000000,48.068257,31.365314,33.083310,0.000000,0.037989,0.129117,-0.091128,16.144398,21.471668,23.935414,-0.181726,0.279978,1.724559,0.386595,0.015995,,,,,,,,,,,,,,,,,,,,,,,,,,,,,,,,,,,,,,,,,,,,,,,,,,,,,,,,,,,,,,,,,,,,,,,,,,,,,,,,,,,,,,,,,,,,,,,,,,,,,,,,,,,,,,,,,,,,,,,,,3.000000,3.000000,,-1.000000,,,,53.437930,46.978022,66.610919,0.895059,0.863327,0.031732,14.209403,16.544897,14.084620,0.333023,0.759419,0.545404,0.073591,,0.000000,,60.012356,83.508772,88.051222,0.081303,-0.027922,0.109225,18.667467,27.667462,16.071393,0.381996,0.327173,0.741068,0.015907,0.973648,0.555556,,129.122807,68.840580,1.078823,
2025-09-23T04:45:00Z,0.995993,no_impulse,0,APLAPOLLO,1h,-1.000000,110.238908,1.902798,8.000000,0.237850,-0.886225,-1.040882,0.116701,1.756384,4.000000,79.619565,0.439096,3.000000,48.657339,51.902174,61.322464,1.000000,-0.076286,-0.091950,0.015665,18.107129,19.093405,22.123248,-0.069559,-0.023835,1.326407,0.455660,0.015677,2.158358,4.000000,129.122807,0.539589,4.000000,42.181427,30.163043,11.744638,1.000000,-0.189398,-0.076689,-0.112710,21.843990,17.046338,29.401866,-0.499361,-0.475791,0.917474,0.210646,0.017172,1.699970,8.000000,68.840580,0.212496,3.000000,52.277910,62.807018,65.212402,1.000000,0.018127,0.002116,0.016011,17.984055,18.807658,23.229791,0.108313,0.323950,1.834549,0.609871,0.009869,2.409919,12.000000,90.000000,0.200827,2.000000,47.354491,29.468599,18.041392,1.000000,-0.040421,0.061599,-0.102021,11.591603,16.583581,22.501562,-0.208224,0.069542,1.646880,0.333539,0.012483,2.751361,12.000000,,0.229280,0.000000,53.435658,54.565217,69.859357,0.000000,0.261053,0.253212,0.007841,12.614053,26.466114,16.729694,0.133602,0.715044,2.363115,0.560846,0.021987,0.000000,0.000000,,0.000000,0.000000,48.068257,31.365314,33.083310,0.000000,0.037989,0.129117,-0.091128,16.144398,21.471668,23.935414,-0.181726,0.279978,1.724559,0.386595,0.015995,,,,,,,,,,,,,,,,,,,,,,,,,,,,,,,,,,,,,,,,,,,,,,,,,,,,,,,,,,,,,,,,,,,,,,,,,,,,,,,,,,,,,,,,,,,,,,,,,,,,,4.000000,4.000000,,-1.000000,,,,54.490323,49.856322,55.482952,0.822812,0.853705,-0.030893,13.369439,15.465185,14.725540,0.499552,0.939258,0.569257,0.072493,,0.000000,,34.463732,9.243697,9.266274,-0.237539,-0.151350,-0.086189,13.577252,17.204270,26.099774,-0.665850,-0.912250,0.053637,0.014819,1.059465,1.200000,,129.122807,68.840580,0.965124,1.087853
2025-09-23T06:45:00Z,1.013757,no_impulse,0,APLAPOLLO,1h,1.000000,91.950464,1.783570,2.000000,0.891785,0.072039,-0.109413,0.983593,1.902798,8.000000,110.238908,0.237850,4.000000,34.943191,8.668731,15.609802,0.000000,-0.258560,-0.149034,-0.109526,21.505161,10.804929,26.553108,-0.886225,-1.040882,0.116701,0.066572,0.020267,1.756384,4.000000,79.619565,0.439096,3.000000,48.657339,51.902174,61.322464,1.000000,-0.076286,-0.091950,0.015665,18.107129,19.093405,22.123248,-0.069559,-0.023835,1.326407,0.455660,0.015677,2.158358,4.000000,129.122807,0.539589,4.000000,42.181427,30.163043,11.744638,1.000000,-0.189398,-0.076689,-0.112710,21.843990,17.046338,29.401866,-0.499361,-0.475791,0.917474,0.210646,0.017172,1.699970,8.000000,68.840580,0.212496,3.000000,52.277910,62.807018,65.212402,1.000000,0.018127,0.002116,0.016011,17.984055,18.807658,23.229791,0.108313,0.323950,1.834549,0.609871,0.009869,2.409919,12.000000,90.000000,0.200827,2.000000,47.354491,29.468599,18.041392,1.000000,-0.040421,0.061599,-0.102021,11.591603,16.583581,22.501562,-0.208224,0.069542,1.646880,0.333539,0.012483,2.751361,12.000000,,0.229280,0.000000,53.435658,54.565217,69.859357,0.000000,0.261053,0.253212,0.007841,12.614053,26.466114,16.729694,0.133602,0.715044,2.363115,0.560846,0.021987,0.000000,0.000000,,0.000000,0.000000,48.068257,31.365314,33.083310,0.000000,0.037989,0.129117,-0.091128,16.144398,21.471668,23.935414,-0.181726,0.279978,1.724559,0.386595,0.015995,,,,,,,,,,,,,,,,,,,,,,,,,,,,,,,,,,,,,,,,,,,,,,,,,,,,,,,,,,,,,,,,,,,,,,,,,,,,,,,,,3.000000,5.000000,,-1.000000,,,,52.157127,40.086207,45.640184,0.729088,0.831552,-0.102464,12.589473,14.763014,14.056951,0.086766,0.516315,0.512678,0.068495,,0.000000,,41.108241,17.226891,13.725490,-0.252020,-0.245127,-0.006893,14.256217,15.112409,21.520747,-0.218392,-0.564997,0.350039,0.014532,0.984714,0.291667,,129.122807,68.840580,0.881958,0.847883
2025-09-24T09:45:00Z,0.999761,no_impulse,0,APLAPOLLO,1h,-1.000000,78.787879,1.380612,10.000000,0.138061,-0.462482,-0.616492,0.324702,1.783570,2.000000,91.950464,0.891785,3.000000,49.680691,54.489164,24.871001,1.000000,-0.245637,-0.189928,-0.055710,21.702664,23.258098,21.002741,0.072039,-0.109413,0.983593,0.535015,0.020589,1.902798,8.000000,110.238908,0.237850,4.000000,34.943191,8.668731,15.609802,0.000000,-0.258560,-0.149034,-0.109526,21.505161,10.804929,26.553108,-0.886225,-1.040882,0.116701,0.066572,0.020267,1.756384,4.000000,79.619565,0.439096,3.000000,48.657339,51.902174,61.322464,1.000000,-0.076286,-0.091950,0.015665,18.107129,19.093405,22.123248,-0.069559,-0.023835,1.326407,0.455660,0.015677,2.158358,4.000000,129.122807,0.539589,4.000000,42.181427,30.163043,11.744638,1.000000,-0.189398,-0.076689,-0.112710,21.843990,17.046338,29.401866,-0.499361,-0.475791,0.917474,0.210646,0.017172,1.699970,8.000000,68.840580,0.212496,3.000000,52.277910,62.807018,65.212402,1.000000,0.018127,0.002116,0.016011,17.984055,18.807658,23.229791,0.108313,0.323950,1.834549,0.609871,0.009869,2.409919,12.000000,90.000000,0.200827,2.000000,47.354491,29.468599,18.041392,1.000000,-0.040421,0.061599,-0.102021,11.591603,16.583581,22.501562,-0.208224,0.069542,1.646880,0.333539,0.012483,2.751361,12.000000,,0.229280,0.000000,53.435658,54.565217,69.859357,0.000000,0.261053,0.253212,0.007841,12.614053,26.466114,16.729694,0.133602,0.715044,2.363115,0.560846,0.021987,0.000000,0.000000,,0.000000,0.000000,48.068257,31.365314,33.083310,0.000000,0.037989,0.129117,-0.091128,16.144398,21.471668,23.935414,-0.181726,0.279978,1.724559,0.386595,0.015995,,,,,,,,,,,,,,,,,,,,,,,,,,,,,,,,,,,,,,,,,,,,,,,,,,,,,,,,,,,,,2.000000,1.000000,,-1.000000,,,,55.785081,47.795414,45.912648,0.697285,0.799931,-0.102646,12.274857,15.613608,13.251076,0.726380,1.181103,0.632357,0.055282,,0.000000,,39.422712,9.142857,21.100738,-0.083232,-0.027195,-0.056038,13.760608,15.379457,21.362588,-0.366600,-0.424059,0.108992,0.009342,0.763700,1.600000,,129.122807,68.840580,0.816593,0.868305
2025-09-26T03:45:00Z,1.021592,no_impulse,0,APLAPOLLO,1h,1.000000,155.982906,2.183667,8.000000,0.272958,0.493280,0.519334,1.437422,1.380612,10.000000,78.787879,0.138061,2.000000,41.619053,26.599327,34.904602,1.000000,-0.125392,-0.114887,-0.010505,15.105006,15.103886,21.220983,-0.462482,-0.616492,0.324702,0.191132,0.014905,1.783570,2.000000,91.950464,0.891785,3.000000,49.680691,54.489164,24.871001,1.000000,-0.245637,-0.189928,-0.055710,21.702664,23.258098,21.002741,0.072039,-0.109413,0.983593,0.535015,0.020589,1.902798,8.000000,110.238908,0.237850,4.000000,34.943191,8.668731,15.609802,0.000000,-0.258560,-0.149034,-0.109526,21.505161,10.804929,26.553108,-0.886225,-1.040882,0.116701,0.066572,0.020267,1.756384,4.000000,79.619565,0.439096,3.000000,48.657339,51.902174,61.322464,1.000000,-0.076286,-0.091950,0.015665,18.107129,19.093405,22.123248,-0.069559,-0.023835,1.326407,0.455660,0.015677,2.158358,4.000000,129.122807,0.539589,4.000000,42.181427,30.163043,11.744638,1.000000,-0.189398,-0.076689,-0.112710,21.843990,17.046338,29.401866,-0.499361,-0.475791,0.917474,0.210646,0.017172,1.699970,8.000000,68.840580,0.212496,3.000000,52.277910,62.807018,65.212402,1.000000,0.018127,0.002116,0.016011,17.984055,18.807658,23.229791,0.108313,0.323950,1.834549,0.609871,0.009869,2.409919,12.000000,90.000000,0.200827,2.000000,47.354491,29.468599,18.041392,1.000000,-0.040421,0.061599,-0.102021,11.591603,16.583581,22.501562,-0.208224,0.069542,1.646880,0.333539,0.012483,2.751361,12.000000,,0.229280,0.000000,53.435658,54.565217,69.859357,0.000000,0.261053,0.253212,0.007841,12.614053,26.466114,16.729694,0.133602,0.715044,2.363115,0.560846,0.021987,0.000000,0.000000,,0.000000,0.000000,,,,,,,,,,,,,,,,,,,,,,,,,,,,,,,,,,,,,,,,,,,,,,,,,,,,,,,,1.000000,2.000000,,-1.000000,,,,46.865469,10.526316,32.802646,0.544364,0.759688,-0.215325,11.976099,13.755447,16.177712,-0.868548,-0.478016,0.280951,0.039309,,0.000000,,62.671438,70.496894,71.840197,0.162796,0.112586,0.050210,13.653835,27.247907,16.550070,0.570511,0.761403,0.972117,0.012153,1.240487,1.200000,,129.122807,68.840580,0.777012,0.902447
2025-09-26T08:45:00Z,0.988875,no_impulse,0,APLAPOLLO,1h,-1.000000,149.863014,3.202576,5.000000,0.640515,-0.932105,-1.101826,-0.322240,2.183667,8.000000,155.982906,0.272958,1.000000,57.170172,60.547945,65.515982,0.000000,0.105823,0.010533,0.095291,13.805273,25.390146,13.957151,0.493280,0.519334,1.437422,0.833363,0.014870,1.380612,10.000000,78.787879,0.138061,2.000000,41.619053,26.599327,34.904602,1.000000,-0.125392,-0.114887,-0.010505,15.105006,15.103886,21.220983,-0.462482,-0.616492,0.324702,0.191132,0.014905,1.783570,2.000000,91.950464,0.891785,3.000000,49.680691,54.489164,24.871001,1.000000,-0.245637,-0.189928,-0.055710,21.702664,23.258098,21.002741,0.072039,-0.109413,0.983593,0.535015,0.020589,1.902798,8.000000,110.238908,0.237850,4.000000,34.943191,8.668731,15.609802,0.000000,-0.258560,-0.149034,-0.109526,21.505161,10.804929,26.553108,-0.886225,-1.040882,0.116701,0.066572,0.020267,1.756384,4.000000,79.619565,0.439096,3.000000,48.657339,51.902174,61.322464,1.000000,-0.076286,-0.091950,0.015665,18.107129,19.093405,22.123248,-0.069559,-0.023835,1.326407,0.455660,0.015677,2.158358,4.000000,129.122807,0.539589,4.000000,42.181427,30.163043,11.744638,1.000000,-0.189398,-0.076689,-0.112710,21.843990,17.046338,29.401866,-0.499361,-0.475791,0.917474,0.210646,0.017172,1.699970,8.000000,68.840580,0.212496,3.000000,52.277910,62.807018,65.212402,1.000000,0.018127,0.002116,0.016011,17.984055,18.807658,23.229791,0.108313,0.323950,1.834549,0.609871,0.009869,2.409919,12.000000,90.000000,0.200827,2.000000,47.354491,29.468599,18.041392,1.000000,-0.040421,0.061599,-0.102021,11.591603,16.583581,22.501562,-0.208224,0.069542,1.646880,0.333539,0.012483,2.751361,12.000000,,0.229280,0.000000,0.000000,0.000000,,0.000000,0.000000,,,,,,,,,,,,,,,,,,,,,,,,,,,,,,,,,,,,,,,,,,,,,,,,,,,8.000000,1.000000,,-1.000000,,,,46.865469,10.526316,32.802646,0.544364,0.759688,-0.215325,11.976099,13.755447,16.177712,-0.868548,-0.478016,0.280951,0.039309,,0.000000,,27.626301,13.649852,18.563495,-0.359044,-0.267496,-0.091548,27.448093,10.202967,31.206112,-1.019352,-1.341019,0.142590,0.028233,1.776580,0.735294,,155.982906,68.840580,0.744705,0.919263
2025-09-30T03:45:00Z,1.020635,no_impulse,0,APLAPOLLO,1h,1.000000,97.074954,3.211758,9.000000,0.356862,0.173280,0.261650,1.053584,3.202576,5.000000,149.863014,0.640515,8.000000,37.142007,19.561243,11.095444,1.000000,-0.186620,-0.052408,-0.134213,13.052456,17.562063,27.674367,-0.932105,-1.101826,-0.322240,0.037787,0.019980,2.183667,8.000000,155.982906,0.272958,1.000000,57.170172,60.547945,65.515982,0.000000,0.105823,0.010533,0.095291,13.805273,25.390146,13.957151,0.493280,0.519334,1.437422,0.833363,0.014870,1.380612,10.000000,78.787879,0.138061,2.000000,41.619053,26.599327,34.904602,1.000000,-0.125392,-0.114887,-0.010505,15.105006,15.103886,21.220983,-0.462482,-0.616492,0.324702,0.191132,0.014905,1.783570,2.000000,91.950464,0.891785,3.000000,49.680691,54.489164,24.871001,1.000000,-0.245637,-0.189928,-0.055710,21.702664,23.258098,21.002741,0.072039,-0.109413,0.983593,0.535015,0.020589,1.902798,8.000000,110.238908,0.237850,4.000000,34.943191,8.668731,15.609802,0.000000,-0.258560,-0.149034,-0.109526,21.505161,10.804929,26.553108,-0.886225,-1.040882,0.116701,0.066572,0.020267,1.756384,4.000000,79.619565,0.439096,3.000000,48.657339,51.902174,61.322464,1.000000,-0.076286,-0.091950,0.015665,18.107129,19.093405,22.123248,-0.069559,-0.023835,1.326407,0.455660,0.015677,2.158358,4.000000,129.122807,0.539589,4.000000,42.181427,30.163043,11.744638,1.000000,-0.189398,-0.076689,-0.112710,21.843990,17.046338,29.401866,-0.499361,-0.475791,0.917474,0.210646,0.017172,1.699970,8.000000,68.840580,0.212496,3.000000,52.277910,62.807018,65.212402,1.000000,0.018127,0.002116,0.016011,17.984055,18.807658,23.229791,0.108313,0.323950,1.834549,0.609871,0.009869,2.409919,12.000000,90.000000,0.200827,2.000000,2.751361,12.000000,,0.229280,0.000000,0.000000,0.000000,,0.000000,0.000000,,,,,,,,,,,,,,,,,,,,,,,,,,,,,,,,,,,,,,,,,,,,,,3.000000,2.000000,9.000000,-1.000000,,,,53.559026,50.773994,42.466460,0.547954,0.679912,-0.131958,11.351024,12.021912,13.784897,0.511670,0.966871,0.685697,0.027696,,0.000000,,55.900767,40.119760,56.071086,0.236783,0.250041,-0.013258,23.064732,27.025737,12.461343,0.218341,0.527015,0.699155,0.010987,1.512895,1.232877,,155.982906,68.840580,0.545260,1.243278
2025-09-30T08:45:00Z,1.004426,no_impulse,0,APLAPOLLO,1h,-1.000000,51.035782,1.588139,5.000000,0.317628,-0.164535,-0.086144,0.685589,3.211758,9.000000,97.074954,0.356862,3.000000,52.312273,66.854991,76.276465,1.000000,0.179506,0.058295,0.121211,15.046346,25.216974,15.511339,0.173280,0.261650,1.053584,0.561942,0.028023,3.202576,5.000000,149.863014,0.640515,8.000000,37.142007,19.561243,11.095444,1.000000,-0.186620,-0.052408,-0.134213,13.052456,17.562063,27.674367,-0.932105,-1.101826,-0.322240,0.037787,0.019980,2.183667,8.000000,155.982906,0.272958,1.000000,57.170172,60.547945,65.515982,0.000000,0.105823,0.010533,0.095291,13.805273,25.390146,13.957151,0.493280,0.519334,1.437422,0.833363,0.014870,1.380612,10.000000,78.787879,0.138061,2.000000,41.619053,26.599327,34.904602,1.000000,-0.125392,-0.114887,-0.010505,15.105006,15.103886,21.220983,-0.462482,-0.616492,0.324702,0.191132,0.014905,1.783570,2.000000,91.950464,0.891785,3.000000,49.680691,54.489164,24.871001,1.000000,-0.245637,-0.189928,-0.055710,21.702664,23.258098,21.002741,0.072039,-0.109413,0.983593,0.535015,0.020589,1.902798,8.000000,110.238908,0.237850,4.000000,34.943191,8.668731,15.609802,0.000000,-0.258560,-0.149034,-0.109526,21.505161,10.804929,26.553108,-0.886225,-1.040882,0.116701,0.066572,0.020267,1.756384,4.000000,79.619565,0.439096,3.000000,48.657339,51.902174,61.322464,1.000000,-0.076286,-0.091950,0.015665,18.107129,19.093405,22.123248,-0.069559,-0.023835,1.326407,0.455660,0.015677,2.158358,4.000000,129.122807,0.539589,4.000000,42.181427,30.163043,11.744638,1.000000,-0.189398,-0.076689,-0.112710,21.843990,17.046338,29.401866,-0.499361,-0.475791,0.917474,0.210646,0.017172,1.699970,8.000000,68.840580,0.212496,3.000000,2.409919,12.000000,90.000000,0.200827,2.000000,2.751361,12.000000,,0.229280,0.000000,0.000000,0.000000,,0.000000,0.000000,,,,,,,,,,,,,,,,,,,,,,,,,,,,,,,,,,,,,,,,,2.000000,1.000000,14.000000,-1.000000,,,,62.791497,88.009050,68.294038,0.716180,0.673026,0.043154,11.887763,17.862706,12.192650,2.802837,3.402368,1.315278,0.035370,,0.000000,,39.422333,24.060150,46.168198,-0.040365,-0.010365,-0.030001,17.291760,16.570832,26.053673,-0.375099,-0.326923,-0.066452,0.006597,0.732212,0.714286,,155.982906,68.840580,0.618709,1.696869
2025-10-03T03:45:00Z,1.048209,no_impulse,0,APLAPOLLO,1h,1.000000,270.110701,4.358959,9.000000,0.484329,1.676882,2.292174,3.348143,1.588139,5.000000,51.035782,0.317628,2.000000,48.493018,54.166667,63.127746,0.000000,0.094040,0.101339,-0.007299,14.623076,20.057976,18.463188,-0.164535,-0.086144,0.685589,0.440347,0.027537,3.211758,9.000000,97.074954,0.356862,3.000000,52.312273,66.854991,76.276465,1.000000,0.179506,0.058295,0.121211,15.046346,25.216974,15.511339,0.173280,0.261650,1.053584,0.561942,0.028023,3.202576,5.000000,149.863014,0.640515,8.000000,37.142007,19.561243,11.095444,1.000000,-0.186620,-0.052408,-0.134213,13.052456,17.562063,27.674367,-0.932105,-1.101826,-0.322240,0.037787,0.019980,2.183667,8.000000,155.982906,0.272958,1.000000,57.170172,60.547945,65.515982,0.000000,0.105823,0.010533,0.095291,13.805273,25.390146,13.957151,0.493280,0.519334,1.437422,0.833363,0.014870,1.380612,10.000000,78.787879,0.138061,2.000000,41.619053,26.599327,34.904602,1.000000,-0.125392,-0.114887,-0.010505,15.105006,15.103886,21.220983,-0.462482,-0.616492,0.324702,0.191132,0.014905,1.783570,2.000000,91.950464,0.891785,3.000000,49.680691,54.489164,24.871001,1.000000,-0.245637,-0.189928,-0.055710,21.702664,23.258098,21.002741,0.072039,-0.109413,0.983593,0.535015,0.020589,1.902798,8.000000,110.238908,0.237850,4.000000,34.943191,8.668731,15.609802,0.000000,-0.258560,-0.149034,-0.109526,21.505161,10.804929,26.553108,-0.886225,-1.040882,0.116701,0.066572,0.020267,1.756384,4.000000,79.619565,0.439096,3.000000,48.657339,51.902174,61.322464,1.000000,-0.076286,-0.091950,0.015665,18.107129,19.093405,22.123248,-0.069559,-0.023835,1.326407,0.455660,0.015677,2.158358,4.000000,129.122807,0.539589,4.000000,1.699970,8.000000,68.840580,0.212496,3.000000,2.409919,12.000000,90.000000,0.200827,2.000000,2.751361,12.000000,,0.229280,0.000000,0.000000,0.000000,,0.000000,0.000000,,,,,,,,,,,,,,,,,,,,,,,,,,,,,,,,,,,,1.000000,2.000000,23.000000,-1.000000,,,,64.007296,85.584677,74.789240,0.880088,0.712239,0.167849,12.811733,19.039501,11.466816,2.895109,3.648040,1.204631,0.042312,,0.000000,,59.842271,51.398601,75.163545,0.544750,0.507627,0.037123,27.438272,33.273828,7.733662,0.431458,1.149212,0.632956,0.032592,2.088841,1.428571,,155.982906,51.035782,0.637440,1.496391
2025-10-06T03:45:00Z,1.026975,no_impulse,0,APLAPOLLO,1h,-1.000000,48.497268,2.025678,7.000000,0.289383,0.297472,1.245993,2.675929,4.358959,9.000000,270.110701,0.484329,1.000000,69.624365,73.770492,84.727573,0.000000,0.677282,0.392478,0.284805,27.306737,34.760386,7.720657,1.676882,2.292174,3.348143,0.926117,0.040024,1.588139,5.000000,51.035782,0.317628,2.000000,48.493018,54.166667,63.127746,0.000000,0.094040,0.101339,-0.007299,14.623076,20.057976,18.463188,-0.164535,-0.086144,0.685589,0.440347,0.027537,3.211758,9.000000,97.074954,0.356862,3.000000,52.312273,66.854991,76.276465,1.000000,0.179506,0.058295,0.121211,15.046346,25.216974,15.511339,0.173280,0.261650,1.053584,0.561942,0.028023,3.202576,5.000000,149.863014,0.640515,8.000000,37.142007,19.561243,11.095444,1.000000,-0.186620,-0.052408,-0.134213,13.052456,17.562063,27.674367,-0.932105,-1.101826,-0.322240,0.037787,0.019980,2.183667,8.000000,155.982906,0.272958,1.000000,57.170172,60.547945,65.515982,0.000000,0.105823,0.010533,0.095291,13.805273,25.390146,13.957151,0.493280,0.519334,1.437422,0.833363,0.014870,1.380612,10.000000,78.787879,0.138061,2.000000,41.619053,26.599327,34.904602,1.000000,-0.125392,-0.114887,-0.010505,15.105006,15.103886,21.220983,-0.462482,-0.616492,0.324702,0.191132,0.014905,1.783570,2.000000,91.950464,0.891785,3.000000,49.680691,54.489164,24.871001,1.000000,-0.245637,-0.189928,-0.055710,21.702664,23.258098,21.002741,0.072039,-0.109413,0.983593,0.535015,0.020589,1.902798,8.000000,110.238908,0.237850,4.000000,34.943191,8.668731,15.609802,0.000000,-0.258560,-0.149034,-0.109526,21.505161,10.804929,26.553108,-0.886225,-1.040882,0.116701,0.066572,0.020267,1.756384,4.000000,79.619565,0.439096,3.000000,2.158358,4.000000,129.122807,0.539589,4.000000,1.699970,8.000000,68.840580,0.212496,3.000000,2.409919,12.000000,90.000000,0.200827,2.000000,2.751361,12.000000,,0.229280,0.000000,0.000000,0.000000,,0.000000,0.000000,,,,,,,,,,,,,,,,,,,,,,,,,,,,,,,2.000000,3.000000,30.000000,-1.000000,,,,64.672631,89.415323,87.669683,1.015986,0.771746,0.244241,13.246816,17.918754,12.221392,2.811035,3.706919,1.120278,0.046630,,0.000000,,35.363892,3.816794,29.347661,0.155698,0.314937,-0.159239,37.846114,15.422030,25.665990,-0.887658,-0.272971,-0.072667,0.015364,0.861008,1.093750,,270.110701,51.035782,0.940633,1.353488
2025-10-08T04:45:00Z,1.052455,no_impulse,0,APLAPOLLO,1h,1.000000,120.000000,2.481072,15.000000,0.165405,0.367317,1.237946,3.086659,2.025678,7.000000,48.497268,0.289383,2.000000,56.652027,58.229814,72.975839,0.000000,0.763848,0.722782,0.041066,38.949449,27.123522,17.389425,0.297472,1.245993,2.675929,0.556452,0.052852,4.358959,9.000000,270.110701,0.484329,1.000000,69.624365,73.770492,84.727573,0.000000,0.677282,0.392478,0.284805,27.306737,34.760386,7.720657,1.676882,2.292174,3.348143,0.926117,0.040024,1.588139,5.000000,51.035782,0.317628,2.000000,48.493018,54.166667,63.127746,0.000000,0.094040,0.101339,-0.007299,14.623076,20.057976,18.463188,-0.164535,-0.086144,0.685589,0.440347,0.027537,3.211758,9.000000,97.074954,0.356862,3.000000,52.312273,66.854991,76.276465,1.000000,0.179506,0.058295,0.121211,15.046346,25.216974,15.511339,0.173280,0.261650,1.053584,0.561942,0.028023,3.202576,5.000000,149.863014,0.640515,8.000000,37.142007,19.561243,11.095444,1.000000,-0.186620,-0.052408,-0.134213,13.052456,17.562063,27.674367,-0.932105,-1.101826,-0.322240,0.037787,0.019980,2.183667,8.000000,155.982906,0.272958,1.000000,57.170172,60.547945,65.515982,0.000000,0.105823,0.010533,0.095291,13.805273,25.390146,13.957151,0.493280,0.519334,1.437422,0.833363,0.014870,1.380612,10.000000,78.787879,0.138061,2.000000,41.619053,26.599327,34.904602,1.000000,-0.125392,-0.114887,-0.010505,15.105006,15.103886,21.220983,-0.462482,-0.616492,0.324702,0.191132,0.014905,1.783570,2.000000,91.950464,0.891785,3.000000,49.680691,54.489164,24.871001,1.000000,-0.245637,-0.189928,-0.055710,21.702664,23.258098,21.002741,0.072039,-0.109413,0.983593,0.535015,0.020589,1.902798,8.000000,110.238908,0.237850,4.000000,1.756384,4.000000,79.619565,0.439096,3.000000,2.158358,4.000000,129.122807,0.539589,4.000000,1.699970,8.000000,68.840580,0.212496,3.000000,2.409919,12.000000,90.000000,0.200827,2.000000,2.751361,12.000000,,0.229280,0.000000,0.000000,0.000000,,0.000000,0.000000,,,,,,,,,,,,,,,,,,,,,,,,,,1.000000,4.000000,45.000000,-1.000000,,,,59.106214,67.356538,80.147072,1.087450,0.891832,0.195618,13.976388,16.981285,12.746996,1.455437,2.515770,0.781728,0.052424,,0.000000,,55.174742,73.737374,79.292929,0.036541,-0.002889,0.039431,15.434726,22.263653,15.154269,0.222125,0.335303,0.767760,0.008314,1.060553,2.238806,,270.110701,48.497268,0.944606,0.927282
2025-10-09T03:45:00Z,1.026317,no_impulse,0,APLAPOLLO,1h,-1.000000,102.582160,2.483519,6.000000,0.413920,0.570224,1.187767,3.017634,2.481072,15.000000,120.000000,0.165405,1.000000,57.920699,41.423948,51.777981,0.000000,0.388075,0.480494,-0.092419,32.552469,24.770999,10.620871,0.367317,1.237946,3.086659,0.897974,0.009264,2.025678,7.000000,48.497268,0.289383,2.000000,56.652027,58.229814,72.975839,0.000000,0.763848,0.722782,0.041066,38.949449,27.123522,17.389425,0.297472,1.245993,2.675929,0.556452,0.052852,4.358959,9.000000,270.110701,0.484329,1.000000,69.624365,73.770492,84.727573,0.000000,0.677282,0.392478,0.284805,27.306737,34.760386,7.720657,1.676882,2.292174,3.348143,0.926117,0.040024,1.588139,5.000000,51.035782,0.317628,2.000000,48.493018,54.166667,63.127746,0.000000,0.094040,0.101339,-0.007299,14.623076,20.057976,18.463188,-0.164535,-0.086144,0.685589,0.440347,0.027537,3.211758,9.000000,97.074954,0.356862,3.000000,52.312273,66.854991,76.276465,1.000000,0.179506,0.058295,0.121211,15.046346,25.216974,15.511339,0.173280,0.261650,1.053584,0.561942,0.028023,3.202576,5.000000,149.863014,0.640515,8.000000,37.142007,19.561243,11.095444,1.000000,-0.186620,-0.052408,-0.134213,13.052456,17.562063,27.674367,-0.932105,-1.101826,-0.322240,0.037787,0.019980,2.183667,8.000000,155.982906,0.272958,1.000000,57.170172,60.547945,65.515982,0.000000,0.105823,0.010533,0.095291,13.805273,25.390146,13.957151,0.493280,0.519334,1.437422,0.833363,0.014870,1.380612,10.000000,78.787879,0.138061,2.000000,41.619053,26.599327,34.904602,1.000000,-0.125392,-0.114887,-0.010505,15.105006,15.103886,21.220983,-0.462482,-0.616492,0.324702,0.191132,0.014905,1.783570,2.000000,91.950464,0.891785,3.000000,1.902798,8.000000,110.238908,0.237850,4.000000,1.756384,4.000000,79.619565,0.439096,3.000000,2.158358,4.000000,129.122807,0.539589,4.000000,1.699970,8.000000,68.840580,0.212496,3.000000,2.409919,12.000000,90.000000,0.200827,2.000000,2.751361,12.000000,,0.229280,0.000000,0.000000,0.000000,,0.000000,0.000000,,,,,,,,,,,,,,,,,,,,,8.000000,1.000000,51.000000,-1.000000,,,,61.277864,76.857949,75.961281,1.107758,0.930864,0.176894,13.836218,15.675711,12.313132,1.835850,2.962346,0.838553,0.055241,,0.000000,,47.816162,70.952381,36.943503,-0.195450,-0.162680,-0.032770,19.426988,17.351207,26.363561,-0.045470,-0.217261,0.470270,0.015287,1.029701,0.769231,,270.110701,48.497268,0.922445,1.107871
2025-10-09T04:45:00Z,1.048209,no_impulse,0,APLAPOLLO,1h,1.000000,83.752860,2.132991,1.000000,2.132991,0.670505,1.304329,3.152605,2.483519,6.000000,102.582160,0.413920,8.000000,57.548397,61.556064,26.264174,1.000000,0.124159,0.250190,-0.126031,25.000457,24.819305,15.056357,0.570224,1.187767,3.017634,0.883289,0.014962,2.481072,15.000000,120.000000,0.165405,1.000000,57.920699,41.423948,51.777981,0.000000,0.388075,0.480494,-0.092419,32.552469,24.770999,10.620871,0.367317,1.237946,3.086659,0.897974,0.009264,2.025678,7.000000,48.497268,0.289383,2.000000,56.652027,58.229814,72.975839,0.000000,0.763848,0.722782,0.041066,38.949449,27.123522,17.389425,0.297472,1.245993,2.675929,0.556452,0.052852,4.358959,9.000000,270.110701,0.484329,1.000000,69.624365,73.770492,84.727573,0.000000,0.677282,0.392478,0.284805,27.306737,34.760386,7.720657,1.676882,2.292174,3.348143,0.926117,0.040024,1.588139,5.000000,51.035782,0.317628,2.000000,48.493018,54.166667,63.127746,0.000000,0.094040,0.101339,-0.007299,14.623076,20.057976,18.463188,-0.164535,-0.086144,0.685589,0.440347,0.027537,3.211758,9.000000,97.074954,0.356862,3.000000,52.312273,66.854991,76.276465,1.000000,0.179506,0.058295,0.121211,15.046346,25.216974,15.511339,0.173280,0.261650,1.053584,0.561942,0.028023,3.202576,5.000000,149.863014,0.640515,8.000000,37.142007,19.561243,11.095444,1.000000,-0.186620,-0.052408,-0.134213,13.052456,17.562063,27.674367,-0.932105,-1.101826,-0.322240,0.037787,0.019980,2.183667,8.000000,155.982906,0.272958,1.000000,57.170172,60.547945,65.515982,0.000000,0.105823,0.010533,0.095291,13.805273,25.390146,13.957151,0.493280,0.519334,1.437422,0.833363,0.014870,1.380612,10.000000,78.787879,0.138061,2.000000,1.783570,2.000000,91.950464,0.891785,3.000000,1.902798,8.000000,110.238908,0.237850,4.000000,1.756384,4.000000,79.619565,0.439096,3.000000,2.158358,4.000000,129.122807,0.539589,4.000000,1.699970,8.000000,68.840580,0.212496,3.000000,2.409919,12.000000,90.000000,0.200827,2.000000,2.751361,12.000000,,0.229280,0.000000,0.000000,0.000000,,0.000000,0.000000,,,,,,,,,,,,,,,,3.000000,2.000000,1.000000,-1.000000,,,,61.277864,76.857949,75.961281,1.107758,0.930864,0.176894,13.836218,15.675711,12.313132,1.835850,2.962346,0.838553,0.055241,,0.000000,,64.330726,92.349727,81.742627,0.007478,-0.113567,0.121045,18.478810,31.936800,18.021179,0.882536,0.826210,1.127182,0.014197,0.863575,0.131579,,270.110701,48.497268,0.904948,0.763225
2025-10-13T03:45:00Z,1.031521,no_impulse,0,APLAPOLLO,1h,-1.000000,76.229508,1.592011,13.000000,0.122462,-0.116736,0.349909,2.237063,2.132991,1.000000,83.752860,2.132991,3.000000,59.094874,68.421053,45.839899,0.000000,0.171751,0.234158,-0.062408,25.361817,26.125852,14.049380,0.670505,1.304329,3.152605,0.930307,0.015687,2.483519,6.000000,102.582160,0.413920,8.000000,57.548397,61.556064,26.264174,1.000000,0.124159,0.250190,-0.126031,25.000457,24.819305,15.056357,0.570224,1.187767,3.017634,0.883289,0.014962,2.481072,15.000000,120.000000,0.165405,1.000000,57.920699,41.423948,51.777981,0.000000,0.388075,0.480494,-0.092419,32.552469,24.770999,10.620871,0.367317,1.237946,3.086659,0.897974,0.009264,2.025678,7.000000,48.497268,0.289383,2.000000,56.652027,58.229814,72.975839,0.000000,0.763848,0.722782,0.041066,38.949449,27.123522,17.389425,0.297472,1.245993,2.675929,0.556452,0.052852,4.358959,9.000000,270.110701,0.484329,1.000000,69.624365,73.770492,84.727573,0.000000,0.677282,0.392478,0.284805,27.306737,34.760386,7.720657,1.676882,2.292174,3.348143,0.926117,0.040024,1.588139,5.000000,51.035782,0.317628,2.000000,48.493018,54.166667,63.127746,0.000000,0.094040,0.101339,-0.007299,14.623076,20.057976,18.463188,-0.164535,-0.086144,0.685589,0.440347,0.027537,3.211758,9.000000,97.074954,0.356862,3.000000,52.312273,66.854991,76.276465,1.000000,0.179506,0.058295,0.121211,15.046346,25.216974,15.511339,0.173280,0.261650,1.053584,0.561942,0.028023,3.202576,5.000000,149.863014,0.640515,8.000000,37.142007,19.561243,11.095444,1.000000,-0.186620,-0.052408,-0.134213,13.052456,17.562063,27.674367,-0.932105,-1.101826,-0.322240,0.037787,0.019980,2.183667,8.000000,155.982906,0.272958,1.000000,1.380612,10.000000,78.787879,0.138061,2.000000,1.783570,2.000000,91.950464,0.891785,3.000000,1.902798,8.000000,110.238908,0.237850,4.000000,1.756384,4.000000,79.619565,0.439096,3.000000,2.158358,4.000000,129.122807,0.539589,4.000000,1.699970,8.000000,68.840580,0.212496,3.000000,2.409919,12.000000,90.000000,0.200827,2.000000,2.751361,12.000000,,0.229280,0.000000,0.000000,0.000000,,0.000000,0.000000,,,,,,,,,,,2.000000,1.000000,14.000000,-1.000000,,,,62.850652,83.631232,80.244591,1.150855,1.003922,0.146933,13.713801,14.557098,11.023307,1.852711,3.112538,0.814377,0.060045,,0.000000,,42.537654,53.947368,27.756892,0.011595,0.072584,-0.060989,15.464667,16.312682,37.183583,-0.207550,-0.126693,0.214694,0.007260,0.635560,1.733333,,270.110701,48.497268,0.881955,0.890227
2025-10-14T03:45:00Z,1.047371,no_impulse,0,APLAPOLLO,1h,1.000000,94.982079,1.536588,7.000000,0.219513,-0.350241,0.011918,1.861921,1.592011,13.000000,76.229508,0.122462,2.000000,49.450184,38.709677,51.609965,1.000000,0.115216,0.152027,-0.036811,16.377711,17.832191,25.667769,-0.116736,0.349909,2.237063,0.427850,0.016161,2.132991,1.000000,83.752860,2.132991,3.000000,59.094874,68.421053,45.839899,0.000000,0.171751,0.234158,-0.062408,25.361817,26.125852,14.049380,0.670505,1.304329,3.152605,0.930307,0.015687,2.483519,6.000000,102.582160,0.413920,8.000000,57.548397,61.556064,26.264174,1.000000,0.124159,0.250190,-0.126031,25.000457,24.819305,15.056357,0.570224,1.187767,3.017634,0.883289,0.014962,2.481072,15.000000,120.000000,0.165405,1.000000,57.920699,41.423948,51.777981,0.000000,0.388075,0.480494,-0.092419,32.552469,24.770999,10.620871,0.367317,1.237946,3.086659,0.897974,0.009264,2.025678,7.000000,48.497268,0.289383,2.000000,56.652027,58.229814,72.975839,0.000000,0.763848,0.722782,0.041066,38.949449,27.123522,17.389425,0.297472,1.245993,2.675929,0.556452,0.052852,4.358959,9.000000,270.110701,0.484329,1.000000,69.624365,73.770492,84.727573,0.000000,0.677282,0.392478,0.284805,27.306737,34.760386,7.720657,1.676882,2.292174,3.348143,0.926117,0.040024,1.588139,5.000000,51.035782,0.317628,2.000000,48.493018,54.166667,63.127746,0.000000,0.094040,0.101339,-0.007299,14.623076,20.057976,18.463188,-0.164535,-0.086144,0.685589,0.440347,0.027537,3.211758,9.000000,97.074954,0.356862,3.000000,52.312273,66.854991,76.276465,1.000000,0.179506,0.058295,0.121211,15.046346,25.216974,15.511339,0.173280,0.261650,1.053584,0.561942,0.028023,3.202576,5.000000,149.863014,0.640515,8.000000,2.183667,8.000000,155.982906,0.272958,1.000000,1.380612,10.000000,78.787879,0.138061,2.000000,1.783570,2.000000,91.950464,0.891785,3.000000,1.902798,8.000000,110.238908,0.237850,4.000000,1.756384,4.000000,79.619565,0.439096,3.000000,2.158358,4.000000,129.122807,0.539589,4.000000,1.699970,8.000000,68.840580,0.212496,3.000000,2.409919,12.000000,90.000000,0.200827,2.000000,2.751361,12.000000,,0.229280,0.000000,0.000000,0.000000,,0.000000,0.000000,,,,,,3.000000,1.000000,21.000000,-1.000000,,,,56.705778,67.450611,77.108812,1.087727,1.028691,0.059036,13.072146,13.090468,14.390493,0.790837,2.062296,0.631522,0.060609,,0.000000,,47.012564,25.142857,43.948923,0.056878,0.044551,0.012327,22.947065,23.584797,15.132066,-0.135407,-0.073864,0.332540,0.008075,0.608300,0.897436,,270.110701,48.497268,0.854106,0.700285
2025-10-14T05:45:00Z,1.018841,no_impulse,0,APLAPOLLO,1h,-1.000000,180.000000,2.724002,2.000000,1.362001,-1.543223,-1.350936,0.430455,1.536588,7.000000,94.982079,0.219513,3.000000,45.786195,26.415094,54.305665,0.000000,0.065035,0.094474,-0.029439,14.242873,17.619993,22.296088,-0.350241,0.011918,1.861921,0.147443,0.009900,1.592011,13.000000,76.229508,0.122462,2.000000,49.450184,38.709677,51.609965,1.000000,0.115216,0.152027,-0.036811,16.377711,17.832191,25.667769,-0.116736,0.349909,2.237063,0.427850,0.016161,2.132991,1.000000,83.752860,2.132991,3.000000,59.094874,68.421053,45.839899,0.000000,0.171751,0.234158,-0.062408,25.361817,26.125852,14.049380,0.670505,1.304329,3.152605,0.930307,0.015687,2.483519,6.000000,102.582160,0.413920,8.000000,57.548397,61.556064,26.264174,1.000000,0.124159,0.250190,-0.126031,25.000457,24.819305,15.056357,0.570224,1.187767,3.017634,0.883289,0.014962,2.481072,15.000000,120.000000,0.165405,1.000000,57.920699,41.423948,51.777981,0.000000,0.388075,0.480494,-0.092419,32.552469,24.770999,10.620871,0.367317,1.237946,3.086659,0.897974,0.009264,2.025678,7.000000,48.497268,0.289383,2.000000,56.652027,58.229814,72.975839,0.000000,0.763848,0.722782,0.041066,38.949449,27.123522,17.389425,0.297472,1.245993,2.675929,0.556452,0.052852,4.358959,9.000000,270.110701,0.484329,1.000000,69.624365,73.770492,84.727573,0.000000,0.677282,0.392478,0.284805,27.306737,34.760386,7.720657,1.676882,2.292174,3.348143,0.926117,0.040024,1.588139,5.000000,51.035782,0.317628,2.000000,48.493018,54.166667,63.127746,0.000000,0.094040,0.101339,-0.007299,14.623076,20.057976,18.463188,-0.164535,-0.086144,0.685589,0.440347,0.027537,3.211758,9.000000,97.074954,0.356862,3.000000,3.202576,5.000000,149.863014,0.640515,8.000000,2.183667,8.000000,155.982906,0.272958,1.000000,1.380612,10.000000,78.787879,0.138061,2.000000,1.783570,2.000000,91.950464,0.891785,3.000000,1.902798,8.000000,110.238908,0.237850,4.000000,1.756384,4.000000,79.619565,0.439096,3.000000,2.158358,4.000000,129.122807,0.539589,4.000000,1.699970,8.000000,68.840580,0.212496,3.000000,2.409919,12.000000,90.000000,0.200827,2.000000,2.751361,12.000000,,0.229280,0.000000,0.000000,0.000000,,0.000000,0.000000,4.000000,2.000000,23.000000,-1.000000,,,,56.705778,67.450611,77.108812,1.087727,1.028691,0.059036,13.072146,13.090468,14.390493,0.790837,2.062296,0.631522,0.060609,,0.000000,,34.240381,6.886228,11.258070,-0.249230,-0.126549,-0.122681,24.679148,11.079398,28.749565,-0.715341,-0.915195,0.124593,0.018920,1.106720,0.259740,,270.110701,48.497268,0.905869,0.752702
2025-10-15T03:45:00Z,1.037502,no_impulse,0,APLAPOLLO,1h,1.000000,65.408805,1.831631,5.000000,0.366326,0.040535,0.082935,1.704643,2.724002,2.000000,180.000000,1.362001,4.000000,32.298649,7.547170,14.924358,0.000000,-0.148793,0.028884,-0.177677,17.063880,14.115343,33.925136,-1.543223,-1.350936,0.430455,-0.267249,0.019808,1.536588,7.000000,94.982079,0.219513,3.000000,45.786195,26.415094,54.305665,0.000000,0.065035,0.094474,-0.029439,14.242873,17.619993,22.296088,-0.350241,0.011918,1.861921,0.147443,0.009900,1.592011,13.000000,76.229508,0.122462,2.000000,49.450184,38.709677,51.609965,1.000000,0.115216,0.152027,-0.036811,16.377711,17.832191,25.667769,-0.116736,0.349909,2.237063,0.427850,0.016161,2.132991,1.000000,83.752860,2.132991,3.000000,59.094874,68.421053,45.839899,0.000000,0.171751,0.234158,-0.062408,25.361817,26.125852,14.049380,0.670505,1.304329,3.152605,0.930307,0.015687,2.483519,6.000000,102.582160,0.413920,8.000000,57.548397,61.556064,26.264174,1.000000,0.124159,0.250190,-0.126031,25.000457,24.819305,15.056357,0.570224,1.187767,3.017634,0.883289,0.014962,2.481072,15.000000,120.000000,0.165405,1.000000,57.920699,41.423948,51.777981,0.000000,0.388075,0.480494,-0.092419,32.552469,24.770999,10.620871,0.367317,1.237946,3.086659,0.897974,0.009264,2.025678,7.000000,48.497268,0.289383,2.000000,56.652027,58.229814,72.975839,0.000000,0.763848,0.722782,0.041066,38.949449,27.123522,17.389425,0.297472,1.245993,2.675929,0.556452,0.052852,4.358959,9.000000,270.110701,0.484329,1.000000,69.624365,73.770492,84.727573,0.000000,0.677282,0.392478,0.284805,27.306737,34.760386,7.720657,1.676882,2.292174,3.348143,0.926117,0.040024,1.588139,5.000000,51.035782,0.317628,2.000000,3.211758,9.000000,97.074954,0.356862,3.000000,3.202576,5.000000,149.863014,0.640515,8.000000,2.183667,8.000000,155.982906,0.272958,1.000000,1.380612,10.000000,78.787879,0.138061,2.000000,1.783570,2.000000,91.950464,0.891785,3.000000,1.902798,8.000000,110.238908,0.237850,4.000000,1.756384,4.000000,79.619565,0.439096,3.000000,2.158358,4.000000,129.122807,0.539589,4.000000,1.699970,8.000000,68.840580,0.212496,3.000000,2.409919,12.000000,90.000000,0.200827,2.000000,2.751361,12.000000,,0.229280,0.000000,3.000000,3.000000,28.000000,-1.000000,,,,58.990261,76.011289,75.697711,1.053407,1.029316,0.024091,12.476324,12.094578,13.295700,1.186554,2.475213,0.694667,0.061685,,0.000000,,54.191081,81.992337,77.636029,-0.053029,-0.157416,0.104387,26.459365,14.431120,26.822804,0.258053,0.010589,0.676578,0.014652,0.758920,0.675676,,270.110701,48.497268,0.874455,0.824591
2025-10-15T03:45:00Z,1.021353,no_impulse,0,APLAPOLLO,1h,-1.000000,86.538462,1.556555,0.000000,0.000000,0.040535,0.082935,1.704643,1.831631,5.000000,65.408805,0.366326,3.000000,49.818560,56.394130,47.589099,1.000000,-0.188097,-0.131908,-0.056189,20.802784,14.947174,30.007165,0.040535,0.082935,1.704643,0.517061,0.023769,2.724002,2.000000,180.000000,1.362001,4.000000,32.298649,7.547170,14.924358,0.000000,-0.148793,0.028884,-0.177677,17.063880,14.115343,33.925136,-1.543223,-1.350936,0.430455,-0.267249,0.019808,1.536588,7.000000,94.982079,0.219513,3.000000,45.786195,26.415094,54.305665,0.000000,0.065035,0.094474,-0.029439,14.242873,17.619993,22.296088,-0.350241,0.011918,1.861921,0.147443,0.009900,1.592011,13.000000,76.229508,0.122462,2.000000,49.450184,38.709677,51.609965,1.000000,0.115216,0.152027,-0.036811,16.377711,17.832191,25.667769,-0.116736,0.349909,2.237063,0.427850,0.016161,2.132991,1.000000,83.752860,2.132991,3.000000,59.094874,68.421053,45.839899,0.000000,0.171751,0.234158,-0.062408,25.361817,26.125852,14.049380,0.670505,1.304329,3.152605,0.930307,0.015687,2.483519,6.000000,102.582160,0.413920,8.000000,57.548397,61.556064,26.264174,1.000000,0.124159,0.250190,-0.126031,25.000457,24.819305,15.056357,0.570224,1.187767,3.017634,0.883289,0.014962,2.481072,15.000000,120.000000,0.165405,1.000000,57.920699,41.423948,51.777981,0.000000,0.388075,0.480494,-0.092419,32.552469,24.770999,10.620871,0.367317,1.237946,3.086659,0.897974,0.009264,2.025678,7.000000,48.497268,0.289383,2.000000,56.652027,58.229814,72.975839,0.000000,0.763848,0.722782,0.041066,38.949449,27.123522,17.389425,0.297472,1.245993,2.675929,0.556452,0.052852,4.358959,9.000000,270.110701,0.484329,1.000000,1.588139,5.000000,51.035782,0.317628,2.000000,3.211758,9.000000,97.074954,0.356862,3.000000,3.202576,5.000000,149.863014,0.640515,8.000000,2.183667,8.000000,155.982906,0.272958,1.000000,1.380612,10.000000,78.787879,0.138061,2.000000,1.783570,2.000000,91.950464,0.891785,3.000000,1.902798,8.000000,110.238908,0.237850,4.000000,1.756384,4.000000,79.619565,0.439096,3.000000,2.158358,4.000000,129.122807,0.539589,4.000000,1.699970,8.000000,68.840580,0.212496,3.000000,2.409919,12.000000,90.000000,0.200827,2.000000,3.000000,4.000000,28.000000,-1.000000,,,,58.990261,76.011289,75.697711,1.053407,1.029316,0.024091,12.476324,12.094578,13.295700,1.186554,2.475213,0.694667,0.061685,,0.000000,,54.191081,81.992337,77.636029,-0.053029,-0.157416,0.104387,26.459365,14.431120,26.822804,0.258053,0.010589,0.676578,0.014652,0.684062,0.000000,,270.110701,48.497268,0.842802,0.981268
2025-10-16T03:45:00Z,1.044022,no_impulse,0,APLAPOLLO,1h,1.000000,140.370370,2.219489,7.000000,0.317070,-0.516833,-0.448025,1.114139,1.556555,0.000000,86.538462,0.000000,3.000000,49.818560,56.394130,47.589099,0.000000,-0.188097,-0.131908,-0.056189,20.802784,14.947174,30.007165,0.040535,0.082935,1.704643,0.517061,0.023769,1.831631,5.000000,65.408805,0.366326,3.000000,49.818560,56.394130,47.589099,1.000000,-0.188097,-0.131908,-0.056189,20.802784,14.947174,30.007165,0.040535,0.082935,1.704643,0.517061,0.023769,2.724002,2.000000,180.000000,1.362001,4.000000,32.298649,7.547170,14.924358,0.000000,-0.148793,0.028884,-0.177677,17.063880,14.115343,33.925136,-1.543223,-1.350936,0.430455,-0.267249,0.019808,1.536588,7.000000,94.982079,0.219513,3.000000,45.786195,26.415094,54.305665,0.000000,0.065035,0.094474,-0.029439,14.242873,17.619993,22.296088,-0.350241,0.011918,1.861921,0.147443,0.009900,1.592011,13.000000,76.229508,0.122462,2.000000,49.450184,38.709677,51.609965,1.000000,0.115216,0.152027,-0.036811,16.377711,17.832191,25.667769,-0.116736,0.349909,2.237063,0.427850,0.016161,2.132991,1.000000,83.752860,2.132991,3.000000,59.094874,68.421053,45.839899,0.000000,0.171751,0.234158,-0.062408,25.361817,26.125852,14.049380,0.670505,1.304329,3.152605,0.930307,0.015687,2.483519,6.000000,102.582160,0.413920,8.000000,57.548397,61.556064,26.264174,1.000000,0.124159,0.250190,-0.126031,25.000457,24.819305,15.056357,0.570224,1.187767,3.017634,0.883289,0.014962,2.481072,15.000000,120.000000,0.165405,1.000000,57.920699,41.423948,51.777981,0.000000,0.388075,0.480494,-0.092419,32.552469,24.770999,10.620871,0.367317,1.237946,3.086659,0.897974,0.009264,2.025678,7.000000,48.497268,0.289383,2.000000,4.358959,9.000000,270.110701,0.484329,1.000000,1.588139,5.000000,51.035782,0.317628,2.000000,3.211758,9.000000,97.074954,0.356862,3.000000,3.202576,5.000000,149.863014,0.640515,8.000000,2.183667,8.000000,155.982906,0.272958,1.000000,1.380612,10.000000,78.787879,0.138061,2.000000,1.783570,2.000000,91.950464,0.891785,3.000000,1.902798,8.000000,110.238908,0.237850,4.000000,1.756384,4.000000,79.619565,0.439096,3.000000,2.158358,4.000000,129.122807,0.539589,4.000000,1.699970,8.000000,68.840580,0.212496,3.000000,1.000000,1.000000,35.000000,-1.000000,,,,56.825671,70.272813,71.244904,0.994422,1.025244,-0.030822,11.811393,11.553662,12.309477,0.757950,2.047375,0.624624,0.061283,,0.000000,,39.881563,49.152542,22.966306,0.019181,0.079540,-0.060360,13.639138,10.979228,35.863499,-0.343228,-0.284906,0.093398,0.008413,0.976759,1.076923,,270.110701,48.497268,0.845718,1.161661
2025-10-16T03:45:00Z,1.022848,no_impulse,0,APLAPOLLO,1h,-1.000000,93.403694,2.028072,0.000000,0.000000,-0.516833,-0.448025,1.114139,2.219489,7.000000,140.370370,0.317070,1.000000,43.416132,44.655582,56.115103,1.000000,-0.056754,-0.059927,0.003173,21.937891,13.268805,33.230017,-0.516833,-0.448025,1.114139,0.265303,0.021908,1.556555,0.000000,86.538462,0.000000,3.000000,49.818560,56.394130,47.589099,0.000000,-0.188097,-0.131908,-0.056189,20.802784,14.947174,30.007165,0.040535,0.082935,1.704643,0.517061,0.023769,1.831631,5.000000,65.408805,0.366326,3.000000,49.818560,56.394130,47.589099,1.000000,-0.188097,-0.131908,-0.056189,20.802784,14.947174,30.007165,0.040535,0.082935,1.704643,0.517061,0.023769,2.724002,2.000000,180.000000,1.362001,4.000000,32.298649,7.547170,14.924358,0.000000,-0.148793,0.028884,-0.177677,17.063880,14.115343,33.925136,-1.543223,-1.350936,0.430455,-0.267249,0.019808,1.536588,7.000000,94.982079,0.219513,3.000000,45.786195,26.415094,54.305665,0.000000,0.065035,0.094474,-0.029439,14.242873,17.619993,22.296088,-0.350241,0.011918,1.861921,0.147443,0.009900,1.592011,13.000000,76.229508,0.122462,2.000000,49.450184,38.709677,51.609965,1.000000,0.115216,0.152027,-0.036811,16.377711,17.832191,25.667769,-0.116736,0.349909,2.237063,0.427850,0.016161,2.132991,1.000000,83.752860,2.132991,3.000000,59.094874,68.421053,45.839899,0.000000,0.171751,0.234158,-0.062408,25.361817,26.125852,14.049380,0.670505,1.304329,3.152605,0.930307,0.015687,2.483519,6.000000,102.582160,0.413920,8.000000,57.548397,61.556064,26.264174,1.000000,0.124159,0.250190,-0.126031,25.000457,24.819305,15.056357,0.570224,1.187767,3.017634,0.883289,0.014962,2.481072,15.000000,120.000000,0.165405,1.000000,2.025678,7.000000,48.497268,0.289383,2.000000,4.358959,9.000000,270.110701,0.484329,1.000000,1.588139,5.000000,51.035782,0.317628,2.000000,3.211758,9.000000,97.074954,0.356862,3.000000,3.202576,5.000000,149.863014,0.640515,8.000000,2.183667,8.000000,155.982906,0.272958,1.000000,1.380612,10.000000,78.787879,0.138061,2.000000,1.783570,2.000000,91.950464,0.891785,3.000000,1.902798,8.000000,110.238908,0.237850,4.000000,1.756384,4.000000,79.619565,0.439096,3.000000,2.158358,4.000000,129.122807,0.539589,4.000000,1.000000,2.000000,35.000000,-1.000000,,,,56.825671,70.272813,71.244904,0.994422,1.025244,-0.030822,11.811393,11.553662,12.309477,0.757950,2.047375,0.624624,0.061283,,0.000000,,39.881563,49.152542,22.966306,0.019181,0.079540,-0.060360,13.639138,10.979228,35.863499,-0.343228,-0.284906,0.093398,0.008413,0.985289,0.000000,63.000000,180.000000,48.497268,0.425319,0.958151
2025-10-17T06:45:00Z,1.054489,no_impulse,0,APLAPOLLO,1h,1.000000,149.435028,3.093386,10.000000,0.309339,1.141280,1.260014,2.692048,2.028072,0.000000,93.403694,0.000000,1.000000,43.416132,44.655582,56.115103,0.000000,-0.056754,-0.059927,0.003173,21.937891,13.268805,33.230017,-0.516833,-0.448025,1.114139,0.265303,0.021908,2.219489,7.000000,140.370370,0.317070,1.000000,43.416132,44.655582,56.115103,1.000000,-0.056754,-0.059927,0.003173,21.937891,13.268805,33.230017,-0.516833,-0.448025,1.114139,0.265303,0.021908,1.556555,0.000000,86.538462,0.000000,3.000000,49.818560,56.394130,47.589099,0.000000,-0.188097,-0.131908,-0.056189,20.802784,14.947174,30.007165,0.040535,0.082935,1.704643,0.517061,0.023769,1.831631,5.000000,65.408805,0.366326,3.000000,49.818560,56.394130,47.589099,1.000000,-0.188097,-0.131908,-0.056189,20.802784,14.947174,30.007165,0.040535,0.082935,1.704643,0.517061,0.023769,2.724002,2.000000,180.000000,1.362001,4.000000,32.298649,7.547170,14.924358,0.000000,-0.148793,0.028884,-0.177677,17.063880,14.115343,33.925136,-1.543223,-1.350936,0.430455,-0.267249,0.019808,1.536588,7.000000,94.982079,0.219513,3.000000,45.786195,26.415094,54.305665,0.000000,0.065035,0.094474,-0.029439,14.242873,17.619993,22.296088,-0.350241,0.011918,1.861921,0.147443,0.009900,1.592011,13.000000,76.229508,0.122462,2.000000,49.450184,38.709677,51.609965,1.000000,0.115216,0.152027,-0.036811,16.377711,17.832191,25.667769,-0.116736,0.349909,2.237063,0.427850,0.016161,2.132991,1.000000,83.752860,2.132991,3.000000,59.094874,68.421053,45.839899,0.000000,0.171751,0.234158,-0.062408,25.361817,26.125852,14.049380,0.670505,1.304329,3.152605,0.930307,0.015687,2.483519,6.000000,102.582160,0.413920,8.000000,2.481072,15.000000,120.000000,0.165405,1.000000,2.025678,7.000000,48.497268,0.289383,2.000000,4.358959,9.000000,270.110701,0.484329,1.000000,1.588139,5.000000,51.035782,0.317628,2.000000,3.211758,9.000000,97.074954,0.356862,3.000000,3.202576,5.000000,149.863014,0.640515,8.000000,2.183667,8.000000,155.982906,0.272958,1.000000,1.380612,10.000000,78.787879,0.138061,2.000000,1.783570,2.000000,91.950464,0.891785,3.000000,1.902798,8.000000,110.238908,0.237850,4.000000,1.756384,4.000000,79.619565,0.439096,3.000000,1.000000,3.000000,45.000000,-1.000000,,,,63.069805,88.934850,78.406317,1.038762,1.015743,0.023019,11.878816,14.200816,10.987914,2.021794,3.367408,0.821285,0.064227,,0.000000,,60.031434,83.818770,81.877023,0.146484,0.102246,0.044238,17.040061,20.702469,17.957687,0.268682,0.376382,0.683655,0.014669,1.502670,1.785714,73.000000,180.000000,65.408805,0.425299,0.952709
2025-10-17T06:45:00Z,1.037323,no_impulse,0,APLAPOLLO,1h,-1.000000,54.253308,1.627907,0.000000,0.000000,1.141280,1.260014,2.692048,3.093386,10.000000,149.435028,0.309339,1.000000,65.163345,81.096408,75.996355,1.000000,0.107587,-0.017285,0.124871,30.127992,25.170472,24.508507,1.141280,1.260014,2.692048,1.194587,0.016621,2.028072,0.000000,93.403694,0.000000,1.000000,43.416132,44.655582,56.115103,0.000000,-0.056754,-0.059927,0.003173,21.937891,13.268805,33.230017,-0.516833,-0.448025,1.114139,0.265303,0.021908,2.219489,7.000000,140.370370,0.317070,1.000000,43.416132,44.655582,56.115103,1.000000,-0.056754,-0.059927,0.003173,21.937891,13.268805,33.230017,-0.516833,-0.448025,1.114139,0.265303,0.021908,1.556555,0.000000,86.538462,0.000000,3.000000,49.818560,56.394130,47.589099,0.000000,-0.188097,-0.131908,-0.056189,20.802784,14.947174,30.007165,0.040535,0.082935,1.704643,0.517061,0.023769,1.831631,5.000000,65.408805,0.366326,3.000000,49.818560,56.394130,47.589099,1.000000,-0.188097,-0.131908,-0.056189,20.802784,14.947174,30.007165,0.040535,0.082935,1.704643,0.517061,0.023769,2.724002,2.000000,180.000000,1.362001,4.000000,32.298649,7.547170,14.924358,0.000000,-0.148793,0.028884,-0.177677,17.063880,14.115343,33.925136,-1.543223,-1.350936,0.430455,-0.267249,0.019808,1.536588,7.000000,94.982079,0.219513,3.000000,45.786195,26.415094,54.305665,0.000000,0.065035,0.094474,-0.029439,14.242873,17.619993,22.296088,-0.350241,0.011918,1.861921,0.147443,0.009900,1.592011,13.000000,76.229508,0.122462,2.000000,49.450184,38.709677,51.609965,1.000000,0.115216,0.152027,-0.036811,16.377711,17.832191,25.667769,-0.116736,0.349909,2.237063,0.427850,0.016161,2.132991,1.000000,83.752860,2.132991,3.000000,2.483519,6.000000,102.582160,0.413920,8.000000,2.481072,15.000000,120.000000,0.165405,1.000000,2.025678,7.000000,48.497268,0.289383,2.000000,4.358959,9.000000,270.110701,0.484329,1.000000,1.588139,5.000000,51.035782,0.317628,2.000000,3.211758,9.000000,97.074954,0.356862,3.000000,3.202576,5.000000,149.863014,0.640515,8.000000,2.183667,8.000000,155.982906,0.272958,1.000000,1.380612,10.000000,78.787879,0.138061,2.000000,1.783570,2.000000,91.950464,0.891785,3.000000,1.902798,8.000000,110.238908,0.237850,4.000000,1.000000,4.000000,45.000000,-1.000000,,,,63.069805,88.934850,78.406317,1.038762,1.015743,0.023019,11.878816,14.200816,10.987914,2.021794,3.367408,0.821285,0.064227,,0.000000,,60.031434,83.818770,81.877023,0.146484,0.102246,0.044238,17.040061,20.702469,17.957687,0.268682,0.376382,0.683655,0.014669,0.767944,0.000000,73.000000,180.000000,65.408805,0.525223,1.201034
2025-10-23T03:45:00Z,1.059274,no_impulse,0,APLAPOLLO,1h,1.000000,127.874564,2.116128,12.000000,0.176344,0.580311,0.997092,2.598112,1.627907,0.000000,54.253308,0.000000,1.000000,65.163345,81.096408,75.996355,0.000000,0.107587,-0.017285,0.124871,30.127992,25.170472,24.508507,1.141280,1.260014,2.692048,1.194587,0.016621,3.093386,10.000000,149.435028,0.309339,1.000000,65.163345,81.096408,75.996355,1.000000,0.107587,-0.017285,0.124871,30.127992,25.170472,24.508507,1.141280,1.260014,2.692048,1.194587,0.016621,2.028072,0.000000,93.403694,0.000000,1.000000,43.416132,44.655582,56.115103,0.000000,-0.056754,-0.059927,0.003173,21.937891,13.268805,33.230017,-0.516833,-0.448025,1.114139,0.265303,0.021908,2.219489,7.000000,140.370370,0.317070,1.000000,43.416132,44.655582,56.115103,1.000000,-0.056754,-0.059927,0.003173,21.937891,13.268805,33.230017,-0.516833,-0.448025,1.114139,0.265303,0.021908,1.556555,0.000000,86.538462,0.000000,3.000000,49.818560,56.394130,47.589099,0.000000,-0.188097,-0.131908,-0.056189,20.802784,14.947174,30.007165,0.040535,0.082935,1.704643,0.517061,0.023769,1.831631,5.000000,65.408805,0.366326,3.000000,49.818560,56.394130,47.589099,1.000000,-0.188097,-0.131908,-0.056189,20.802784,14.947174,30.007165,0.040535,0.082935,1.704643,0.517061,0.023769,2.724002,2.000000,180.000000,1.362001,4.000000,32.298649,7.547170,14.924358,0.000000,-0.148793,0.028884,-0.177677,17.063880,14.115343,33.925136,-1.543223,-1.350936,0.430455,-0.267249,0.019808,1.536588,7.000000,94.982079,0.219513,3.000000,45.786195,26.415094,54.305665,0.000000,0.065035,0.094474,-0.029439,14.242873,17.619993,22.296088,-0.350241,0.011918,1.861921,0.147443,0.009900,1.592011,13.000000,76.229508,0.122462,2.000000,2.132991,1.000000,83.752860,2.132991,3.000000,2.483519,6.000000,102.582160,0.413920,8.000000,2.481072,15.000000,120.000000,0.165405,1.000000,2.025678,7.000000,48.497268,0.289383,2.000000,4.358959,9.000000,270.110701,0.484329,1.000000,1.588139,5.000000,51.035782,0.317628,2.000000,3.211758,9.000000,97.074954,0.356862,3.000000,3.202576,5.000000,149.863014,0.640515,8.000000,2.183667,8.000000,155.982906,0.272958,1.000000,1.380612,10.000000,78.787879,0.138061,2.000000,1.783570,2.000000,91.950464,0.891785,3.000000,1.000000,5.000000,57.000000,-1.000000,,,,62.327512,74.260355,79.054330,1.064955,1.037577,0.027378,12.827699,14.211927,9.541584,1.504093,2.974651,0.744293,0.062509,,0.000000,,62.878882,84.210526,50.870671,0.086303,0.039704,0.046599,24.888367,30.069987,12.112890,0.788991,1.009128,1.132826,0.012567,1.040243,2.666667,85.000000,180.000000,54.253308,0.529070,1.203594
2025-10-24T07:45:00Z,1.041510,no_impulse,0,APLAPOLLO,1h,-1.000000,80.926431,1.677019,11.000000,0.152456,0.026918,0.376652,2.001312,2.116128,12.000000,127.874564,0.176344,1.000000,59.747316,62.334218,60.388346,0.000000,0.289447,0.288671,0.000776,16.921456,23.144916,16.359433,0.580311,0.997092,2.598112,0.713561,0.027332,1.627907,0.000000,54.253308,0.000000,1.000000,65.163345,81.096408,75.996355,0.000000,0.107587,-0.017285,0.124871,30.127992,25.170472,24.508507,1.141280,1.260014,2.692048,1.194587,0.016621,3.093386,10.000000,149.435028,0.309339,1.000000,65.163345,81.096408,75.996355,1.000000,0.107587,-0.017285,0.124871,30.127992,25.170472,24.508507,1.141280,1.260014,2.692048,1.194587,0.016621,2.028072,0.000000,93.403694,0.000000,1.000000,43.416132,44.655582,56.115103,0.000000,-0.056754,-0.059927,0.003173,21.937891,13.268805,33.230017,-0.516833,-0.448025,1.114139,0.265303,0.021908,2.219489,7.000000,140.370370,0.317070,1.000000,43.416132,44.655582,56.115103,1.000000,-0.056754,-0.059927,0.003173,21.937891,13.268805,33.230017,-0.516833,-0.448025,1.114139,0.265303,0.021908,1.556555,0.000000,86.538462,0.000000,3.000000,49.818560,56.394130,47.589099,0.000000,-0.188097,-0.131908,-0.056189,20.802784,14.947174,30.007165,0.040535,0.082935,1.704643,0.517061,0.023769,1.831631,5.000000,65.408805,0.366326,3.000000,49.818560,56.394130,47.589099,1.000000,-0.188097,-0.131908,-0.056189,20.802784,14.947174,30.007165,0.040535,0.082935,1.704643,0.517061,0.023769,2.724002,2.000000,180.000000,1.362001,4.000000,32.298649,7.547170,14.924358,0.000000,-0.148793,0.028884,-0.177677,17.063880,14.115343,33.925136,-1.543223,-1.350936,0.430455,-0.267249,0.019808,1.536588,7.000000,94.982079,0.219513,3.000000,1.592011,13.000000,76.229508,0.122462,2.000000,2.132991,1.000000,83.752860,2.132991,3.000000,2.483519,6.000000,102.582160,0.413920,8.000000,2.481072,15.000000,120.000000,0.165405,1.000000,2.025678,7.000000,48.497268,0.289383,2.000000,4.358959,9.000000,270.110701,0.484329,1.000000,1.588139,5.000000,51.035782,0.317628,2.000000,3.211758,9.000000,97.074954,0.356862,3.000000,3.202576,5.000000,149.863014,0.640515,8.000000,2.183667,8.000000,155.982906,0.272958,1.000000,1.380612,10.000000,78.787879,0.138061,2.000000,2.000000,6.000000,68.000000,-1.000000,,,,62.538337,75.443787,76.989783,1.058523,1.041388,0.017136,12.637754,13.518577,11.023067,1.401482,2.900506,0.742799,0.058542,,0.000000,,39.353154,12.195122,13.828294,-0.144011,-0.097417,-0.046595,14.960626,14.839543,22.137005,-0.358063,-0.442249,0.173179,0.010917,0.825070,1.964286,96.000000,180.000000,54.253308,0.528747,1.178030
2025-10-27T05:45:00Z,1.065315,no_impulse,0,APLAPOLLO,1h,1.000000,134.006734,2.285649,5.000000,0.457130,0.939127,1.420508,3.108296,1.677019,11.000000,80.926431,0.152456,2.000000,51.473884,30.976431,23.483372,0.000000,0.120948,0.203190,-0.082242,12.468026,18.783150,17.275508,0.026918,0.376652,2.001312,0.527317,0.009857,2.116128,12.000000,127.874564,0.176344,1.000000,59.747316,62.334218,60.388346,0.000000,0.289447,0.288671,0.000776,16.921456,23.144916,16.359433,0.580311,0.997092,2.598112,0.713561,0.027332,1.627907,0.000000,54.253308,0.000000,1.000000,65.163345,81.096408,75.996355,0.000000,0.107587,-0.017285,0.124871,30.127992,25.170472,24.508507,1.141280,1.260014,2.692048,1.194587,0.016621,3.093386,10.000000,149.435028,0.309339,1.000000,65.163345,81.096408,75.996355,1.000000,0.107587,-0.017285,0.124871,30.127992,25.170472,24.508507,1.141280,1.260014,2.692048,1.194587,0.016621,2.028072,0.000000,93.403694,0.000000,1.000000,43.416132,44.655582,56.115103,0.000000,-0.056754,-0.059927,0.003173,21.937891,13.268805,33.230017,-0.516833,-0.448025,1.114139,0.265303,0.021908,2.219489,7.000000,140.370370,0.317070,1.000000,43.416132,44.655582,56.115103,1.000000,-0.056754,-0.059927,0.003173,21.937891,13.268805,33.230017,-0.516833,-0.448025,1.114139,0.265303,0.021908,1.556555,0.000000,86.538462,0.000000,3.000000,49.818560,56.394130,47.589099,0.000000,-0.188097,-0.131908,-0.056189,20.802784,14.947174,30.007165,0.040535,0.082935,1.704643,0.517061,0.023769,1.831631,5.000000,65.408805,0.366326,3.000000,49.818560,56.394130,47.589099,1.000000,-0.188097,-0.131908,-0.056189,20.802784,14.947174,30.007165,0.040535,0.082935,1.704643,0.517061,0.023769,2.724002,2.000000,180.000000,1.362001,4.000000,1.536588,7.000000,94.982079,0.219513,3.000000,1.592011,13.000000,76.229508,0.122462,2.000000,2.132991,1.000000,83.752860,2.132991,3.000000,2.483519,6.000000,102.582160,0.413920,8.000000,2.481072,15.000000,120.000000,0.165405,1.000000,2.025678,7.000000,48.497268,0.289383,2.000000,4.358959,9.000000,270.110701,0.484329,1.000000,1.588139,5.000000,51.035782,0.317628,2.000000,3.211758,9.000000,97.074954,0.356862,3.000000,3.202576,5.000000,149.863014,0.640515,8.000000,2.183667,8.000000,155.982906,0.272958,1.000000,1.000000,7.000000,73.000000,-1.000000,,,,65.785969,81.853282,77.185808,1.091256,1.045421,0.045836,13.425223,16.652667,10.279818,1.904127,3.451999,0.838064,0.057418,,0.000000,,71.842138,96.808511,96.154315,0.320016,0.207642,0.112374,29.632184,30.884457,11.017706,0.817621,1.117438,0.842351,0.024079,1.119824,0.925926,101.000000,180.000000,54.253308,0.521511,0.738468
2025-10-28T03:45:00Z,1.048567,no_impulse,0,APLAPOLLO,1h,-1.000000,70.351759,1.572062,5.000000,0.314412,0.691794,1.209377,2.953539,2.285649,5.000000,134.006734,0.457130,1.000000,65.379647,79.648241,90.485000,1.000000,0.317647,0.223109,0.094538,16.639841,27.789623,11.721455,0.939127,1.420508,3.108296,1.020625,0.018209,1.677019,11.000000,80.926431,0.152456,2.000000,51.473884,30.976431,23.483372,0.000000,0.120948,0.203190,-0.082242,12.468026,18.783150,17.275508,0.026918,0.376652,2.001312,0.527317,0.009857,2.116128,12.000000,127.874564,0.176344,1.000000,59.747316,62.334218,60.388346,0.000000,0.289447,0.288671,0.000776,16.921456,23.144916,16.359433,0.580311,0.997092,2.598112,0.713561,0.027332,1.627907,0.000000,54.253308,0.000000,1.000000,65.163345,81.096408,75.996355,0.000000,0.107587,-0.017285,0.124871,30.127992,25.170472,24.508507,1.141280,1.260014,2.692048,1.194587,0.016621,3.093386,10.000000,149.435028,0.309339,1.000000,65.163345,81.096408,75.996355,1.000000,0.107587,-0.017285,0.124871,30.127992,25.170472,24.508507,1.141280,1.260014,2.692048,1.194587,0.016621,2.028072,0.000000,93.403694,0.000000,1.000000,43.416132,44.655582,56.115103,0.000000,-0.056754,-0.059927,0.003173,21.937891,13.268805,33.230017,-0.516833,-0.448025,1.114139,0.265303,0.021908,2.219489,7.000000,140.370370,0.317070,1.000000,43.416132,44.655582,56.115103,1.000000,-0.056754,-0.059927,0.003173,21.937891,13.268805,33.230017,-0.516833,-0.448025,1.114139,0.265303,0.021908,1.556555,0.000000,86.538462,0.000000,3.000000,49.818560,56.394130,47.589099,0.000000,-0.188097,-0.131908,-0.056189,20.802784,14.947174,30.007165,0.040535,0.082935,1.704643,0.517061,0.023769,1.831631,5.000000,65.408805,0.366326,3.000000,2.724002,2.000000,180.000000,1.362001,4.000000,1.536588,7.000000,94.982079,0.219513,3.000000,1.592011,13.000000,76.229508,0.122462,2.000000,2.132991,1.000000,83.752860,2.132991,3.000000,2.483519,6.000000,102.582160,0.413920,8.000000,2.481072,15.000000,120.000000,0.165405,1.000000,2.025678,7.000000,48.497268,0.289383,2.000000,4.358959,9.000000,270.110701,0.484329,1.000000,1.588139,5.000000,51.035782,0.317628,2.000000,3.211758,9.000000,97.074954,0.356862,3.000000,3.202576,5.000000,149.863014,0.640515,8.000000,2.000000,8.000000,78.000000,-1.000000,,,,68.146203,82.051282,79.782784,1.149022,1.061435,0.087588,14.687245,17.830857,9.372402,2.222238,3.838640,0.979969,0.047352,,0.000000,,51.586827,58.653846,38.926596,0.048193,0.092227,-0.044034,16.799205,18.472338,26.331852,0.015273,0.211934,0.513714,0.011139,0.742946,0.961538,106.000000,180.000000,54.253308,0.494071,0.900647
2025-10-29T03:45:00Z,1.080806,no_impulse,0,APLAPOLLO,1h,1.000000,192.500000,3.074554,7.000000,0.439222,1.265256,1.941938,3.829722,1.572062,5.000000,70.351759,0.314412,2.000000,61.626062,78.643216,65.996650,1.000000,0.316676,0.279399,0.037277,19.747602,27.457069,13.075212,0.691794,1.209377,2.953539,0.856007,0.019567,2.285649,5.000000,134.006734,0.457130,1.000000,65.379647,79.648241,90.485000,1.000000,0.317647,0.223109,0.094538,16.639841,27.789623,11.721455,0.939127,1.420508,3.108296,1.020625,0.018209,1.677019,11.000000,80.926431,0.152456,2.000000,51.473884,30.976431,23.483372,0.000000,0.120948,0.203190,-0.082242,12.468026,18.783150,17.275508,0.026918,0.376652,2.001312,0.527317,0.009857,2.116128,12.000000,127.874564,0.176344,1.000000,59.747316,62.334218,60.388346,0.000000,0.289447,0.288671,0.000776,16.921456,23.144916,16.359433,0.580311,0.997092,2.598112,0.713561,0.027332,1.627907,0.000000,54.253308,0.000000,1.000000,65.163345,81.096408,75.996355,0.000000,0.107587,-0.017285,0.124871,30.127992,25.170472,24.508507,1.141280,1.260014,2.692048,1.194587,0.016621,3.093386,10.000000,149.435028,0.309339,1.000000,65.163345,81.096408,75.996355,1.000000,0.107587,-0.017285,0.124871,30.127992,25.170472,24.508507,1.141280,1.260014,2.692048,1.194587,0.016621,2.028072,0.000000,93.403694,0.000000,1.000000,43.416132,44.655582,56.115103,0.000000,-0.056754,-0.059927,0.003173,21.937891,13.268805,33.230017,-0.516833,-0.448025,1.114139,0.265303,0.021908,2.219489,7.000000,140.370370,0.317070,1.000000,43.416132,44.655582,56.115103,1.000000,-0.056754,-0.059927,0.003173,21.937891,13.268805,33.230017,-0.516833,-0.448025,1.114139,0.265303,0.021908,1.556555,0.000000,86.538462,0.000000,3.000000,1.831631,5.000000,65.408805,0.366326,3.000000,2.724002,2.000000,180.000000,1.362001,4.000000,1.536588,7.000000,94.982079,0.219513,3.000000,1.592011,13.000000,76.229508,0.122462,2.000000,2.132991,1.000000,83.752860,2.132991,3.000000,2.483519,6.000000,102.582160,0.413920,8.000000,2.481072,15.000000,120.000000,0.165405,1.000000,2.025678,7.000000,48.497268,0.289383,2.000000,4.358959,9.000000,270.110701,0.484329,1.000000,1.588139,5.000000,51.035782,0.317628,2.000000,3.211758,9.000000,97.074954,0.356862,3.000000,1.000000,9.000000,85.000000,-1.000000,,,,73.598807,85.281749,83.062104,1.290605,1.094189,0.196416,16.859495,21.957678,8.308163,3.373265,5.111227,1.163773,0.052594,,0.000000,,72.841964,100.000000,53.391053,0.191533,0.146088,0.045445,25.466812,28.137129,6.803563,1.098141,1.430438,1.536859,0.010709,1.536670,1.272727,113.000000,149.435028,54.253308,0.470275,0.809476
2025-10-29T03:45:00Z,1.057719,no_impulse,0,APLAPOLLO,1h,-1.000000,71.614100,2.136137,0.000000,0.000000,1.265256,1.941938,3.829722,3.074554,7.000000,192.500000,0.439222,1.000000,71.716133,73.840445,65.645228,0.000000,0.453952,0.376947,0.077005,27.787526,33.809225,9.855144,1.265256,1.941938,3.829722,0.979943,0.026700,1.572062,5.000000,70.351759,0.314412,2.000000,61.626062,78.643216,65.996650,1.000000,0.316676,0.279399,0.037277,19.747602,27.457069,13.075212,0.691794,1.209377,2.953539,0.856007,0.019567,2.285649,5.000000,134.006734,0.457130,1.000000,65.379647,79.648241,90.485000,1.000000,0.317647,0.223109,0.094538,16.639841,27.789623,11.721455,0.939127,1.420508,3.108296,1.020625,0.018209,1.677019,11.000000,80.926431,0.152456,2.000000,51.473884,30.976431,23.483372,0.000000,0.120948,0.203190,-0.082242,12.468026,18.783150,17.275508,0.026918,0.376652,2.001312,0.527317,0.009857,2.116128,12.000000,127.874564,0.176344,1.000000,59.747316,62.334218,60.388346,0.000000,0.289447,0.288671,0.000776,16.921456,23.144916,16.359433,0.580311,0.997092,2.598112,0.713561,0.027332,1.627907,0.000000,54.253308,0.000000,1.000000,65.163345,81.096408,75.996355,0.000000,0.107587,-0.017285,0.124871,30.127992,25.170472,24.508507,1.141280,1.260014,2.692048,1.194587,0.016621,3.093386,10.000000,149.435028,0.309339,1.000000,65.163345,81.096408,75.996355,1.000000,0.107587,-0.017285,0.124871,30.127992,25.170472,24.508507,1.141280,1.260014,2.692048,1.194587,0.016621,2.028072,0.000000,93.403694,0.000000,1.000000,43.416132,44.655582,56.115103,0.000000,-0.056754,-0.059927,0.003173,21.937891,13.268805,33.230017,-0.516833,-0.448025,1.114139,0.265303,0.021908,2.219489,7.000000,140.370370,0.317070,1.000000,1.556555,0.000000,86.538462,0.000000,3.000000,1.831631,5.000000,65.408805,0.366326,3.000000,2.724002,2.000000,180.000000,1.362001,4.000000,1.536588,7.000000,94.982079,0.219513,3.000000,1.592011,13.000000,76.229508,0.122462,2.000000,2.132991,1.000000,83.752860,2.132991,3.000000,2.483519,6.000000,102.582160,0.413920,8.000000,2.481072,15.000000,120.000000,0.165405,1.000000,2.025678,7.000000,48.497268,0.289383,2.000000,4.358959,9.000000,270.110701,0.484329,1.000000,1.588139,5.000000,51.035782,0.317628,2.000000,1.000000,10.000000,85.000000,-1.000000,,,,73.598807,85.281749,83.062104,1.290605,1.094189,0.196416,16.859495,21.957678,8.308163,3.373265,5.111227,1.163773,0.052594,,0.000000,,72.841964,100.000000,53.391053,0.191533,0.146088,0.045445,25.466812,28.137129,6.803563,1.098141,1.430438,1.536859,0.010709,1.005202,0.000000,113.000000,192.500000,54.253308,0.573517,1.278767
2025-10-30T03:45:00Z,1.091572,no_impulse,0,APLAPOLLO,1h,1.000000,146.632124,3.200633,7.000000,0.457233,-0.561631,0.348641,2.527145,2.136137,0.000000,71.614100,0.000000,1.000000,71.716133,73.840445,65.645228,0.000000,0.453952,0.376947,0.077005,27.787526,33.809225,9.855144,1.265256,1.941938,3.829722,0.979943,0.026700,3.074554,7.000000,192.500000,0.439222,1.000000,71.716133,73.840445,65.645228,0.000000,0.453952,0.376947,0.077005,27.787526,33.809225,9.855144,1.265256,1.941938,3.829722,0.979943,0.026700,1.572062,5.000000,70.351759,0.314412,2.000000,61.626062,78.643216,65.996650,1.000000,0.316676,0.279399,0.037277,19.747602,27.457069,13.075212,0.691794,1.209377,2.953539,0.856007,0.019567,2.285649,5.000000,134.006734,0.457130,1.000000,65.379647,79.648241,90.485000,1.000000,0.317647,0.223109,0.094538,16.639841,27.789623,11.721455,0.939127,1.420508,3.108296,1.020625,0.018209,1.677019,11.000000,80.926431,0.152456,2.000000,51.473884,30.976431,23.483372,0.000000,0.120948,0.203190,-0.082242,12.468026,18.783150,17.275508,0.026918,0.376652,2.001312,0.527317,0.009857,2.116128,12.000000,127.874564,0.176344,1.000000,59.747316,62.334218,60.388346,0.000000,0.289447,0.288671,0.000776,16.921456,23.144916,16.359433,0.580311,0.997092,2.598112,0.713561,0.027332,1.627907,0.000000,54.253308,0.000000,1.000000,65.163345,81.096408,75.996355,0.000000,0.107587,-0.017285,0.124871,30.127992,25.170472,24.508507,1.141280,1.260014,2.692048,1.194587,0.016621,3.093386,10.000000,149.435028,0.309339,1.000000,65.163345,81.096408,75.996355,1.000000,0.107587,-0.017285,0.124871,30.127992,25.170472,24.508507,1.141280,1.260014,2.692048,1.194587,0.016621,2.028072,0.000000,93.403694,0.000000,1.000000,2.219489,7.000000,140.370370,0.317070,1.000000,1.556555,0.000000,86.538462,0.000000,3.000000,1.831631,5.000000,65.408805,0.366326,3.000000,2.724002,2.000000,180.000000,1.362001,4.000000,1.536588,7.000000,94.982079,0.219513,3.000000,1.592011,13.000000,76.229508,0.122462,2.000000,2.132991,1.000000,83.752860,2.132991,3.000000,2.483519,6.000000,102.582160,0.413920,8.000000,2.481072,15.000000,120.000000,0.165405,1.000000,2.025678,7.000000,48.497268,0.289383,2.000000,4.358959,9.000000,270.110701,0.484329,1.000000,1.000000,11.000000,92.000000,-1.000000,,,,64.904962,66.776316,78.036449,1.326251,1.150510,0.175741,17.885863,18.922511,9.916482,2.062441,3.878855,0.949275,0.046873,,0.000000,,33.005568,17.821782,35.863586,0.112909,0.273802,-0.160893,39.006466,14.371138,30.508149,-1.717590,-1.258436,-0.401275,0.018736,1.466136,1.228070,,192.500000,54.253308,0.537856,1.115806
2025-10-30T03:45:00Z,1.049285,no_impulse,0,APLAPOLLO,1h,-1.000000,124.911661,3.873973,0.000000,0.000000,-0.561631,0.348641,2.527145,3.200633,7.000000,146.632124,0.457233,1.000000,46.913976,28.005658,59.913254,1.000000,0.576517,0.585037,-0.008520,36.940673,20.965760,23.458610,-0.561631,0.348641,2.527145,0.331815,0.033207,2.136137,0.000000,71.614100,0.000000,1.000000,71.716133,73.840445,65.645228,0.000000,0.453952,0.376947,0.077005,27.787526,33.809225,9.855144,1.265256,1.941938,3.829722,0.979943,0.026700,3.074554,7.000000,192.500000,0.439222,1.000000,71.716133,73.840445,65.645228,0.000000,0.453952,0.376947,0.077005,27.787526,33.809225,9.855144,1.265256,1.941938,3.829722,0.979943,0.026700,1.572062,5.000000,70.351759,0.314412,2.000000,61.626062,78.643216,65.996650,1.000000,0.316676,0.279399,0.037277,19.747602,27.457069,13.075212,0.691794,1.209377,2.953539,0.856007,0.019567,2.285649,5.000000,134.006734,0.457130,1.000000,65.379647,79.648241,90.485000,1.000000,0.317647,0.223109,0.094538,16.639841,27.789623,11.721455,0.939127,1.420508,3.108296,1.020625,0.018209,1.677019,11.000000,80.926431,0.152456,2.000000,51.473884,30.976431,23.483372,0.000000,0.120948,0.203190,-0.082242,12.468026,18.783150,17.275508,0.026918,0.376652,2.001312,0.527317,0.009857,2.116128,12.000000,127.874564,0.176344,1.000000,59.747316,62.334218,60.388346,0.000000,0.289447,0.288671,0.000776,16.921456,23.144916,16.359433,0.580311,0.997092,2.598112,0.713561,0.027332,1.627907,0.000000,54.253308,0.000000,1.000000,65.163345,81.096408,75.996355,0.000000,0.107587,-0.017285,0.124871,30.127992,25.170472,24.508507,1.141280,1.260014,2.692048,1.194587,0.016621,3.093386,10.000000,149.435028,0.309339,1.000000,2.028072,0.000000,93.403694,0.000000,1.000000,2.219489,7.000000,140.370370,0.317070,1.000000,1.556555,0.000000,86.538462,0.000000,3.000000,1.831631,5.000000,65.408805,0.366326,3.000000,2.724002,2.000000,180.000000,1.362001,4.000000,1.536588,7.000000,94.982079,0.219513,3.000000,1.592011,13.000000,76.229508,0.122462,2.000000,2.132991,1.000000,83.752860,2.132991,3.000000,2.483519,6.000000,102.582160,0.413920,8.000000,2.481072,15.000000,120.000000,0.165405,1.000000,2.025678,7.000000,48.497268,0.289383,2.000000,1.000000,12.000000,92.000000,-1.000000,,,,64.904962,66.776316,78.036449,1.326251,1.150510,0.175741,17.885863,18.922511,9.916482,2.062441,3.878855,0.949275,0.046873,,0.000000,,33.005568,17.821782,35.863586,0.112909,0.273802,-0.160893,39.006466,14.371138,30.508149,-1.717590,-1.258436,-0.401275,0.018736,1.698251,0.000000,,192.500000,54.253308,0.627296,1.519735
2025-10-31T03:45:00Z,1.088582,no_impulse,0,APLAPOLLO,1h,1.000000,92.927864,3.745084,7.000000,0.535012,1.499806,2.285340,4.495103,3.873973,0.000000,124.911661,0.000000,1.000000,46.913976,28.005658,59.913254,0.000000,0.576517,0.585037,-0.008520,36.940673,20.965760,23.458610,-0.561631,0.348641,2.527145,0.331815,0.033207,3.200633,7.000000,146.632124,0.457233,1.000000,46.913976,28.005658,59.913254,1.000000,0.576517,0.585037,-0.008520,36.940673,20.965760,23.458610,-0.561631,0.348641,2.527145,0.331815,0.033207,2.136137,0.000000,71.614100,0.000000,1.000000,71.716133,73.840445,65.645228,0.000000,0.453952,0.376947,0.077005,27.787526,33.809225,9.855144,1.265256,1.941938,3.829722,0.979943,0.026700,3.074554,7.000000,192.500000,0.439222,1.000000,71.716133,73.840445,65.645228,0.000000,0.453952,0.376947,0.077005,27.787526,33.809225,9.855144,1.265256,1.941938,3.829722,0.979943,0.026700,1.572062,5.000000,70.351759,0.314412,2.000000,61.626062,78.643216,65.996650,1.000000,0.316676,0.279399,0.037277,19.747602,27.457069,13.075212,0.691794,1.209377,2.953539,0.856007,0.019567,2.285649,5.000000,134.006734,0.457130,1.000000,65.379647,79.648241,90.485000,1.000000,0.317647,0.223109,0.094538,16.639841,27.789623,11.721455,0.939127,1.420508,3.108296,1.020625,0.018209,1.677019,11.000000,80.926431,0.152456,2.000000,51.473884,30.976431,23.483372,0.000000,0.120948,0.203190,-0.082242,12.468026,18.783150,17.275508,0.026918,0.376652,2.001312,0.527317,0.009857,2.116128,12.000000,127.874564,0.176344,1.000000,59.747316,62.334218,60.388346,0.000000,0.289447,0.288671,0.000776,16.921456,23.144916,16.359433,0.580311,0.997092,2.598112,0.713561,0.027332,1.627907,0.000000,54.253308,0.000000,1.000000,3.093386,10.000000,149.435028,0.309339,1.000000,2.028072,0.000000,93.403694,0.000000,1.000000,2.219489,7.000000,140.370370,0.317070,1.000000,1.556555,0.000000,86.538462,0.000000,3.000000,1.831631,5.000000,65.408805,0.366326,3.000000,2.724002,2.000000,180.000000,1.362001,4.000000,1.536588,7.000000,94.982079,0.219513,3.000000,1.592011,13.000000,76.229508,0.122462,2.000000,2.132991,1.000000,83.752860,2.132991,3.000000,2.483519,6.000000,102.582160,0.413920,8.000000,2.481072,15.000000,120.000000,0.165405,1.000000,3.000000,1.000000,99.000000,-1.000000,,,,66.366453,72.450658,74.836241,1.353230,1.187509,0.165721,18.838920,17.609941,9.228620,2.207302,4.082437,0.947963,0.050386,,0.000000,,57.997043,86.122449,51.230006,-0.037234,-0.094826,0.057593,21.339176,25.053306,17.121818,0.547435,0.542069,0.892351,0.014029,1.518845,1.228070,,192.500000,54.253308,0.793990,1.328677
2025-11-04T06:45:00Z,1.051917,no_impulse,0,APLAPOLLO,1h,-1.000000,93.302892,3.368132,17.000000,0.198125,-0.713259,-0.344958,1.915705,3.745084,7.000000,92.927864,0.535012,3.000000,64.554425,85.855728,56.388496,1.000000,0.380752,0.415505,-0.034752,27.321672,27.325754,17.943165,1.499806,2.285340,4.495103,1.057226,0.027325,3.873973,0.000000,124.911661,0.000000,1.000000,46.913976,28.005658,59.913254,0.000000,0.576517,0.585037,-0.008520,36.940673,20.965760,23.458610,-0.561631,0.348641,2.527145,0.331815,0.033207,3.200633,7.000000,146.632124,0.457233,1.000000,46.913976,28.005658,59.913254,1.000000,0.576517,0.585037,-0.008520,36.940673,20.965760,23.458610,-0.561631,0.348641,2.527145,0.331815,0.033207,2.136137,0.000000,71.614100,0.000000,1.000000,71.716133,73.840445,65.645228,0.000000,0.453952,0.376947,0.077005,27.787526,33.809225,9.855144,1.265256,1.941938,3.829722,0.979943,0.026700,3.074554,7.000000,192.500000,0.439222,1.000000,71.716133,73.840445,65.645228,0.000000,0.453952,0.376947,0.077005,27.787526,33.809225,9.855144,1.265256,1.941938,3.829722,0.979943,0.026700,1.572062,5.000000,70.351759,0.314412,2.000000,61.626062,78.643216,65.996650,1.000000,0.316676,0.279399,0.037277,19.747602,27.457069,13.075212,0.691794,1.209377,2.953539,0.856007,0.019567,2.285649,5.000000,134.006734,0.457130,1.000000,65.379647,79.648241,90.485000,1.000000,0.317647,0.223109,0.094538,16.639841,27.789623,11.721455,0.939127,1.420508,3.108296,1.020625,0.018209,1.677019,11.000000,80.926431,0.152456,2.000000,51.473884,30.976431,23.483372,0.000000,0.120948,0.203190,-0.082242,12.468026,18.783150,17.275508,0.026918,0.376652,2.001312,0.527317,0.009857,2.116128,12.000000,127.874564,0.176344,1.000000,1.627907,0.000000,54.253308,0.000000,1.000000,3.093386,10.000000,149.435028,0.309339,1.000000,2.028072,0.000000,93.403694,0.000000,1.000000,2.219489,7.000000,140.370370,0.317070,1.000000,1.556555,0.000000,86.538462,0.000000,3.000000,1.831631,5.000000,65.408805,0.366326,3.000000,2.724002,2.000000,180.000000,1.362001,4.000000,1.536588,7.000000,94.982079,0.219513,3.000000,1.592011,13.000000,76.229508,0.122462,2.000000,2.132991,1.000000,83.752860,2.132991,3.000000,2.483519,6.000000,102.582160,0.413920,8.000000,2.000000,1.000000,116.000000,-1.000000,,,,60.390439,60.988075,69.918174,1.325519,1.253314,0.072205,18.585511,15.050794,12.856937,1.171132,3.120412,0.714807,0.055166,,0.000000,,22.885861,0.209205,2.986542,-0.481872,-0.313508,-0.168364,26.746444,10.720143,35.046086,-1.239225,-1.695857,0.074037,0.028736,1.330796,3.148148,,192.500000,54.253308,0.873949,1.595177
2025-11-06T06:45:00Z,1.083199,no_impulse,0,APLAPOLLO,1h,1.000000,85.318108,2.973787,7.000000,0.424827,0.655512,1.014284,3.188663,3.368132,17.000000,93.302892,0.198125,2.000000,43.648165,37.044534,17.188506,0.000000,-0.114814,0.108892,-0.223706,17.358865,12.304940,26.078090,-0.713259,-0.344958,1.915705,0.248030,0.028107,3.745084,7.000000,92.927864,0.535012,3.000000,64.554425,85.855728,56.388496,1.000000,0.380752,0.415505,-0.034752,27.321672,27.325754,17.943165,1.499806,2.285340,4.495103,1.057226,0.027325,3.873973,0.000000,124.911661,0.000000,1.000000,46.913976,28.005658,59.913254,0.000000,0.576517,0.585037,-0.008520,36.940673,20.965760,23.458610,-0.561631,0.348641,2.527145,0.331815,0.033207,3.200633,7.000000,146.632124,0.457233,1.000000,46.913976,28.005658,59.913254,1.000000,0.576517,0.585037,-0.008520,36.940673,20.965760,23.458610,-0.561631,0.348641,2.527145,0.331815,0.033207,2.136137,0.000000,71.614100,0.000000,1.000000,71.716133,73.840445,65.645228,0.000000,0.453952,0.376947,0.077005,27.787526,33.809225,9.855144,1.265256,1.941938,3.829722,0.979943,0.026700,3.074554,7.000000,192.500000,0.439222,1.000000,71.716133,73.840445,65.645228,0.000000,0.453952,0.376947,0.077005,27.787526,33.809225,9.855144,1.265256,1.941938,3.829722,0.979943,0.026700,1.572062,5.000000,70.351759,0.314412,2.000000,61.626062,78.643216,65.996650,1.000000,0.316676,0.279399,0.037277,19.747602,27.457069,13.075212,0.691794,1.209377,2.953539,0.856007,0.019567,2.285649,5.000000,134.006734,0.457130,1.000000,65.379647,79.648241,90.485000,1.000000,0.317647,0.223109,0.094538,16.639841,27.789623,11.721455,0.939127,1.420508,3.108296,1.020625,0.018209,1.677019,11.000000,80.926431,0.152456,2.000000,2.116128,12.000000,127.874564,0.176344,1.000000,1.627907,0.000000,54.253308,0.000000,1.000000,3.093386,10.000000,149.435028,0.309339,1.000000,2.028072,0.000000,93.403694,0.000000,1.000000,2.219489,7.000000,140.370370,0.317070,1.000000,1.556555,0.000000,86.538462,0.000000,3.000000,1.831631,5.000000,65.408805,0.366326,3.000000,2.724002,2.000000,180.000000,1.362001,4.000000,1.536588,7.000000,94.982079,0.219513,3.000000,1.592011,13.000000,76.229508,0.122462,2.000000,2.132991,1.000000,83.752860,2.132991,3.000000,3.000000,1.000000,123.000000,-1.000000,,,,65.470964,78.414097,68.399506,1.291876,1.254387,0.037489,17.319683,13.928204,11.670796,1.986571,3.969407,0.859246,0.056419,,0.000000,,63.638587,76.969697,89.202920,0.345931,0.246680,0.099252,36.433793,32.522826,8.552348,0.453795,0.673804,0.672067,0.026493,1.099393,0.985915,,192.500000,70.351759,0.847005,1.306238
2025-11-07T03:45:00Z,1.063221,no_impulse,0,APLAPOLLO,1h,-1.000000,63.862333,1.844285,4.000000,0.461071,-0.557848,-0.326465,1.786811,2.973787,7.000000,85.318108,0.424827,3.000000,57.339441,86.233270,92.087300,1.000000,0.106126,0.001120,0.105006,17.033526,22.265642,17.209123,0.655512,1.014284,3.188663,0.764491,0.024947,3.368132,17.000000,93.302892,0.198125,2.000000,43.648165,37.044534,17.188506,0.000000,-0.114814,0.108892,-0.223706,17.358865,12.304940,26.078090,-0.713259,-0.344958,1.915705,0.248030,0.028107,3.745084,7.000000,92.927864,0.535012,3.000000,64.554425,85.855728,56.388496,1.000000,0.380752,0.415505,-0.034752,27.321672,27.325754,17.943165,1.499806,2.285340,4.495103,1.057226,0.027325,3.873973,0.000000,124.911661,0.000000,1.000000,46.913976,28.005658,59.913254,0.000000,0.576517,0.585037,-0.008520,36.940673,20.965760,23.458610,-0.561631,0.348641,2.527145,0.331815,0.033207,3.200633,7.000000,146.632124,0.457233,1.000000,46.913976,28.005658,59.913254,1.000000,0.576517,0.585037,-0.008520,36.940673,20.965760,23.458610,-0.561631,0.348641,2.527145,0.331815,0.033207,2.136137,0.000000,71.614100,0.000000,1.000000,71.716133,73.840445,65.645228,0.000000,0.453952,0.376947,0.077005,27.787526,33.809225,9.855144,1.265256,1.941938,3.829722,0.979943,0.026700,3.074554,7.000000,192.500000,0.439222,1.000000,71.716133,73.840445,65.645228,0.000000,0.453952,0.376947,0.077005,27.787526,33.809225,9.855144,1.265256,1.941938,3.829722,0.979943,0.026700,1.572062,5.000000,70.351759,0.314412,2.000000,61.626062,78.643216,65.996650,1.000000,0.316676,0.279399,0.037277,19.747602,27.457069,13.075212,0.691794,1.209377,2.953539,0.856007,0.019567,2.285649,5.000000,134.006734,0.457130,1.000000,1.677019,11.000000,80.926431,0.152456,2.000000,2.116128,12.000000,127.874564,0.176344,1.000000,1.627907,0.000000,54.253308,0.000000,1.000000,3.093386,10.000000,149.435028,0.309339,1.000000,2.028072,0.000000,93.403694,0.000000,1.000000,2.219489,7.000000,140.370370,0.317070,1.000000,1.556555,0.000000,86.538462,0.000000,3.000000,1.831631,5.000000,65.408805,0.366326,3.000000,2.724002,2.000000,180.000000,1.362001,4.000000,1.536588,7.000000,94.982079,0.219513,3.000000,1.592011,13.000000,76.229508,0.122462,2.000000,2.000000,1.000000,127.000000,-1.000000,,,,65.470964,78.414097,68.399506,1.291876,1.254387,0.037489,17.319683,13.928204,11.670796,1.986571,3.969407,0.859246,0.056419,,0.000000,,49.282476,42.138365,16.624388,-0.036072,0.073326,-0.109398,23.236611,22.761562,19.734321,-0.050996,0.012236,0.469229,0.016564,0.660868,0.606061,,192.500000,70.351759,0.823865,1.095135
2025-11-10T03:45:00Z,1.082601,no_impulse,0,APLAPOLLO,1h,1.000000,97.005988,1.822682,7.000000,0.260383,-0.088187,0.193881,2.261279,1.844285,4.000000,63.862333,0.461071,2.000000,44.142704,39.961759,45.124283,0.000000,-0.039074,0.011376,-0.050449,14.129419,21.161692,18.770885,-0.557848,-0.326465,1.786811,0.277315,0.024912,2.973787,7.000000,85.318108,0.424827,3.000000,57.339441,86.233270,92.087300,1.000000,0.106126,0.001120,0.105006,17.033526,22.265642,17.209123,0.655512,1.014284,3.188663,0.764491,0.024947,3.368132,17.000000,93.302892,0.198125,2.000000,43.648165,37.044534,17.188506,0.000000,-0.114814,0.108892,-0.223706,17.358865,12.304940,26.078090,-0.713259,-0.344958,1.915705,0.248030,0.028107,3.745084,7.000000,92.927864,0.535012,3.000000,64.554425,85.855728,56.388496,1.000000,0.380752,0.415505,-0.034752,27.321672,27.325754,17.943165,1.499806,2.285340,4.495103,1.057226,0.027325,3.873973,0.000000,124.911661,0.000000,1.000000,46.913976,28.005658,59.913254,0.000000,0.576517,0.585037,-0.008520,36.940673,20.965760,23.458610,-0.561631,0.348641,2.527145,0.331815,0.033207,3.200633,7.000000,146.632124,0.457233,1.000000,46.913976,28.005658,59.913254,1.000000,0.576517,0.585037,-0.008520,36.940673,20.965760,23.458610,-0.561631,0.348641,2.527145,0.331815,0.033207,2.136137,0.000000,71.614100,0.000000,1.000000,71.716133,73.840445,65.645228,0.000000,0.453952,0.376947,0.077005,27.787526,33.809225,9.855144,1.265256,1.941938,3.829722,0.979943,0.026700,3.074554,7.000000,192.500000,0.439222,1.000000,71.716133,73.840445,65.645228,0.000000,0.453952,0.376947,0.077005,27.787526,33.809225,9.855144,1.265256,1.941938,3.829722,0.979943,0.026700,1.572062,5.000000,70.351759,0.314412,2.000000,2.285649,5.000000,134.006734,0.457130,1.000000,1.677019,11.000000,80.926431,0.152456,2.000000,2.116128,12.000000,127.874564,0.176344,1.000000,1.627907,0.000000,54.253308,0.000000,1.000000,3.093386,10.000000,149.435028,0.309339,1.000000,2.028072,0.000000,93.403694,0.000000,1.000000,2.219489,7.000000,140.370370,0.317070,1.000000,1.556555,0.000000,86.538462,0.000000,3.000000,1.831631,5.000000,65.408805,0.366326,3.000000,2.724002,2.000000,180.000000,1.362001,4.000000,1.536588,7.000000,94.982079,0.219513,3.000000,3.000000,1.000000,134.000000,-1.000000,,,,64.868891,69.312796,71.174413,1.288213,1.261933,0.026280,16.974849,14.237826,11.075663,1.728366,3.741947,0.807864,0.057128,,0.000000,,42.024983,3.862661,61.752670,0.114499,0.117317,-0.002818,19.882563,16.664384,22.302055,-0.484152,-0.348492,0.159551,0.014152,0.649235,1.186441,,192.500000,63.862333,0.800098,0.756603
2025-11-14T03:45:00Z,1.040732,no_impulse,0,APLAPOLLO,1h,-1.000000,216.049383,3.867403,28.000000,0.138122,-1.935370,-2.212127,-0.686600,1.822682,7.000000,97.005988,0.260383,3.000000,49.539584,41.916168,65.469062,0.000000,0.109392,0.061634,0.047758,13.735622,20.999297,20.257610,-0.088187,0.193881,2.261279,0.465383,0.025453,1.844285,4.000000,63.862333,0.461071,2.000000,44.142704,39.961759,45.124283,0.000000,-0.039074,0.011376,-0.050449,14.129419,21.161692,18.770885,-0.557848,-0.326465,1.786811,0.277315,0.024912,2.973787,7.000000,85.318108,0.424827,3.000000,57.339441,86.233270,92.087300,1.000000,0.106126,0.001120,0.105006,17.033526,22.265642,17.209123,0.655512,1.014284,3.188663,0.764491,0.024947,3.368132,17.000000,93.302892,0.198125,2.000000,43.648165,37.044534,17.188506,0.000000,-0.114814,0.108892,-0.223706,17.358865,12.304940,26.078090,-0.713259,-0.344958,1.915705,0.248030,0.028107,3.745084,7.000000,92.927864,0.535012,3.000000,64.554425,85.855728,56.388496,1.000000,0.380752,0.415505,-0.034752,27.321672,27.325754,17.943165,1.499806,2.285340,4.495103,1.057226,0.027325,3.873973,0.000000,124.911661,0.000000,1.000000,46.913976,28.005658,59.913254,0.000000,0.576517,0.585037,-0.008520,36.940673,20.965760,23.458610,-0.561631,0.348641,2.527145,0.331815,0.033207,3.200633,7.000000,146.632124,0.457233,1.000000,46.913976,28.005658,59.913254,1.000000,0.576517,0.585037,-0.008520,36.940673,20.965760,23.458610,-0.561631,0.348641,2.527145,0.331815,0.033207,2.136137,0.000000,71.614100,0.000000,1.000000,71.716133,73.840445,65.645228,0.000000,0.453952,0.376947,0.077005,27.787526,33.809225,9.855144,1.265256,1.941938,3.829722,0.979943,0.026700,3.074554,7.000000,192.500000,0.439222,1.000000,1.572062,5.000000,70.351759,0.314412,2.000000,2.285649,5.000000,134.006734,0.457130,1.000000,1.677019,11.000000,80.926431,0.152456,2.000000,2.116128,12.000000,127.874564,0.176344,1.000000,1.627907,0.000000,54.253308,0.000000,1.000000,3.093386,10.000000,149.435028,0.309339,1.000000,2.028072,0.000000,93.403694,0.000000,1.000000,2.219489,7.000000,140.370370,0.317070,1.000000,1.556555,0.000000,86.538462,0.000000,3.000000,1.831631,5.000000,65.408805,0.366326,3.000000,2.724002,2.000000,180.000000,1.362001,4.000000,4.000000,2.000000,162.000000,-1.000000,,,,50.304031,29.886364,41.503340,0.882762,1.157019,-0.274257,16.149565,10.830791,18.478203,-0.446215,1.396211,0.406210,0.047364,,0.000000,,19.731471,31.517510,15.616349,-0.444370,-0.285444,-0.158926,32.283455,10.852099,51.857200,-1.220901,-1.663625,0.025104,0.025399,1.400658,4.590164,,192.500000,63.862333,0.845737,0.604409
2025-11-17T03:45:00Z,1.069203,no_impulse,0,APLAPOLLO,1h,1.000000,68.000000,2.735632,7.000000,0.390805,0.388495,0.033296,1.271242,3.867403,28.000000,216.049383,0.138122,4.000000,25.306136,13.280000,7.897383,1.000000,-0.452045,-0.193911,-0.258134,17.117966,11.576987,34.873064,-1.935370,-2.212127,-0.686600,-0.131883,0.030047,1.822682,7.000000,97.005988,0.260383,3.000000,49.539584,41.916168,65.469062,0.000000,0.109392,0.061634,0.047758,13.735622,20.999297,20.257610,-0.088187,0.193881,2.261279,0.465383,0.025453,1.844285,4.000000,63.862333,0.461071,2.000000,44.142704,39.961759,45.124283,0.000000,-0.039074,0.011376,-0.050449,14.129419,21.161692,18.770885,-0.557848,-0.326465,1.786811,0.277315,0.024912,2.973787,7.000000,85.318108,0.424827,3.000000,57.339441,86.233270,92.087300,1.000000,0.106126,0.001120,0.105006,17.033526,22.265642,17.209123,0.655512,1.014284,3.188663,0.764491,0.024947,3.368132,17.000000,93.302892,0.198125,2.000000,43.648165,37.044534,17.188506,0.000000,-0.114814,0.108892,-0.223706,17.358865,12.304940,26.078090,-0.713259,-0.344958,1.915705,0.248030,0.028107,3.745084,7.000000,92.927864,0.535012,3.000000,64.554425,85.855728,56.388496,1.000000,0.380752,0.415505,-0.034752,27.321672,27.325754,17.943165,1.499806,2.285340,4.495103,1.057226,0.027325,3.873973,0.000000,124.911661,0.000000,1.000000,46.913976,28.005658,59.913254,0.000000,0.576517,0.585037,-0.008520,36.940673,20.965760,23.458610,-0.561631,0.348641,2.527145,0.331815,0.033207,3.200633,7.000000,146.632124,0.457233,1.000000,46.913976,28.005658,59.913254,1.000000,0.576517,0.585037,-0.008520,36.940673,20.965760,23.458610,-0.561631,0.348641,2.527145,0.331815,0.033207,2.136137,0.000000,71.614100,0.000000,1.000000,3.074554,7.000000,192.500000,0.439222,1.000000,1.572062,5.000000,70.351759,0.314412,2.000000,2.285649,5.000000,134.006734,0.457130,1.000000,1.677019,11.000000,80.926431,0.152456,2.000000,2.116128,12.000000,127.874564,0.176344,1.000000,1.627907,0.000000,54.253308,0.000000,1.000000,3.093386,10.000000,149.435028,0.309339,1.000000,2.028072,0.000000,93.403694,0.000000,1.000000,2.219489,7.000000,140.370370,0.317070,1.000000,1.556555,0.000000,86.538462,0.000000,3.000000,1.831631,5.000000,65.408805,0.366326,3.000000,3.000000,3.000000,169.000000,-1.000000,,,,54.818269,46.250000,34.976558,0.803836,1.078885,-0.275049,16.230216,12.358443,17.521262,0.332441,2.108861,0.581913,0.040720,,0.000000,,61.168398,88.965517,55.308767,-0.029226,-0.076664,0.047439,19.130813,30.856286,22.326387,0.718774,0.475226,1.111722,0.011835,0.914723,0.833333,,216.049383,63.862333,0.797254,0.746938
2025-11-19T03:45:00Z,1.042945,no_impulse,0,APLAPOLLO,1h,-1.000000,92.226891,2.455807,14.000000,0.175415,-0.953679,-1.349157,-0.483829,2.735632,7.000000,68.000000,0.390805,3.000000,52.550648,73.082942,53.114161,0.000000,-0.316181,-0.345851,0.029671,23.155286,18.483120,25.592543,0.388495,0.033296,1.271242,0.621490,0.032102,3.867403,28.000000,216.049383,0.138122,4.000000,25.306136,13.280000,7.897383,1.000000,-0.452045,-0.193911,-0.258134,17.117966,11.576987,34.873064,-1.935370,-2.212127,-0.686600,-0.131883,0.030047,1.822682,7.000000,97.005988,0.260383,3.000000,49.539584,41.916168,65.469062,0.000000,0.109392,0.061634,0.047758,13.735622,20.999297,20.257610,-0.088187,0.193881,2.261279,0.465383,0.025453,1.844285,4.000000,63.862333,0.461071,2.000000,44.142704,39.961759,45.124283,0.000000,-0.039074,0.011376,-0.050449,14.129419,21.161692,18.770885,-0.557848,-0.326465,1.786811,0.277315,0.024912,2.973787,7.000000,85.318108,0.424827,3.000000,57.339441,86.233270,92.087300,1.000000,0.106126,0.001120,0.105006,17.033526,22.265642,17.209123,0.655512,1.014284,3.188663,0.764491,0.024947,3.368132,17.000000,93.302892,0.198125,2.000000,43.648165,37.044534,17.188506,0.000000,-0.114814,0.108892,-0.223706,17.358865,12.304940,26.078090,-0.713259,-0.344958,1.915705,0.248030,0.028107,3.745084,7.000000,92.927864,0.535012,3.000000,64.554425,85.855728,56.388496,1.000000,0.380752,0.415505,-0.034752,27.321672,27.325754,17.943165,1.499806,2.285340,4.495103,1.057226,0.027325,3.873973,0.000000,124.911661,0.000000,1.000000,46.913976,28.005658,59.913254,0.000000,0.576517,0.585037,-0.008520,36.940673,20.965760,23.458610,-0.561631,0.348641,2.527145,0.331815,0.033207,3.200633,7.000000,146.632124,0.457233,1.000000,2.136137,0.000000,71.614100,0.000000,1.000000,3.074554,7.000000,192.500000,0.439222,1.000000,1.572062,5.000000,70.351759,0.314412,2.000000,2.285649,5.000000,134.006734,0.457130,1.000000,1.677019,11.000000,80.926431,0.152456,2.000000,2.116128,12.000000,127.874564,0.176344,1.000000,1.627907,0.000000,54.253308,0.000000,1.000000,3.093386,10.000000,149.435028,0.309339,1.000000,2.028072,0.000000,93.403694,0.000000,1.000000,2.219489,7.000000,140.370370,0.317070,1.000000,1.556555,0.000000,86.538462,0.000000,3.000000,2.000000,1.000000,183.000000,-1.000000,,,,38.925640,3.611111,26.771886,0.388152,0.902648,-0.514496,18.245351,10.374472,24.224717,-2.635540,-1.129775,-0.049588,0.046723,,0.000000,,30.109467,14.732143,16.958851,-0.147326,-0.098981,-0.048345,23.955273,14.325159,32.736963,-0.580181,-0.773936,-0.058050,0.010337,0.830569,1.666667,,216.049383,63.862333,0.800489,1.029258
2025-11-19T03:45:00Z,1.059035,no_impulse,0,APLAPOLLO,1h,1.000000,61.275626,1.542697,0.000000,0.000000,-0.953679,-1.349157,-0.483829,2.455807,14.000000,92.226891,0.175415,2.000000,37.791006,23.990499,24.224903,1.000000,-0.276967,-0.220342,-0.056625,25.635202,12.304615,33.374115,-0.953679,-1.349157,-0.483829,-0.060368,0.016858,2.735632,7.000000,68.000000,0.390805,3.000000,52.550648,73.082942,53.114161,0.000000,-0.316181,-0.345851,0.029671,23.155286,18.483120,25.592543,0.388495,0.033296,1.271242,0.621490,0.032102,3.867403,28.000000,216.049383,0.138122,4.000000,25.306136,13.280000,7.897383,1.000000,-0.452045,-0.193911,-0.258134,17.117966,11.576987,34.873064,-1.935370,-2.212127,-0.686600,-0.131883,0.030047,1.822682,7.000000,97.005988,0.260383,3.000000,49.539584,41.916168,65.469062,0.000000,0.109392,0.061634,0.047758,13.735622,20.999297,20.257610,-0.088187,0.193881,2.261279,0.465383,0.025453,1.844285,4.000000,63.862333,0.461071,2.000000,44.142704,39.961759,45.124283,0.000000,-0.039074,0.011376,-0.050449,14.129419,21.161692,18.770885,-0.557848,-0.326465,1.786811,0.277315,0.024912,2.973787,7.000000,85.318108,0.424827,3.000000,57.339441,86.233270,92.087300,1.000000,0.106126,0.001120,0.105006,17.033526,22.265642,17.209123,0.655512,1.014284,3.188663,0.764491,0.024947,3.368132,17.000000,93.302892,0.198125,2.000000,43.648165,37.044534,17.188506,0.000000,-0.114814,0.108892,-0.223706,17.358865,12.304940,26.078090,-0.713259,-0.344958,1.915705,0.248030,0.028107,3.745084,7.000000,92.927864,0.535012,3.000000,64.554425,85.855728,56.388496,1.000000,0.380752,0.415505,-0.034752,27.321672,27.325754,17.943165,1.499806,2.285340,4.495103,1.057226,0.027325,3.873973,0.000000,124.911661,0.000000,1.000000,3.200633,7.000000,146.632124,0.457233,1.000000,2.136137,0.000000,71.614100,0.000000,1.000000,3.074554,7.000000,192.500000,0.439222,1.000000,1.572062,5.000000,70.351759,0.314412,2.000000,2.285649,5.000000,134.006734,0.457130,1.000000,1.677019,11.000000,80.926431,0.152456,2.000000,2.116128,12.000000,127.874564,0.176344,1.000000,1.627907,0.000000,54.253308,0.000000,1.000000,3.093386,10.000000,149.435028,0.309339,1.000000,2.028072,0.000000,93.403694,0.000000,1.000000,2.219489,7.000000,140.370370,0.317070,1.000000,2.000000,2.000000,183.000000,-1.000000,,,,38.925640,3.611111,26.771886,0.388152,0.902648,-0.514496,18.245351,10.374472,24.224717,-2.635540,-1.129775,-0.049588,0.046723,,0.000000,,30.109467,14.732143,16.958851,-0.147326,-0.098981,-0.048345,23.955273,14.325159,32.736963,-0.580181,-0.773936,-0.058050,0.010337,0.516169,0.000000,,216.049383,63.862333,0.769874,1.364128
2025-11-19T09:45:00Z,1.026975,no_impulse,0,APLAPOLLO,1h,-1.000000,199.256506,3.027222,6.000000,0.504537,-2.108877,-2.973871,-2.541633,1.542697,0.000000,61.275626,0.000000,2.000000,37.791006,23.990499,24.224903,0.000000,-0.276967,-0.220342,-0.056625,25.635202,12.304615,33.374115,-0.953679,-1.349157,-0.483829,-0.060368,0.016858,2.455807,14.000000,92.226891,0.175415,2.000000,37.791006,23.990499,24.224903,1.000000,-0.276967,-0.220342,-0.056625,25.635202,12.304615,33.374115,-0.953679,-1.349157,-0.483829,-0.060368,0.016858,2.735632,7.000000,68.000000,0.390805,3.000000,52.550648,73.082942,53.114161,0.000000,-0.316181,-0.345851,0.029671,23.155286,18.483120,25.592543,0.388495,0.033296,1.271242,0.621490,0.032102,3.867403,28.000000,216.049383,0.138122,4.000000,25.306136,13.280000,7.897383,1.000000,-0.452045,-0.193911,-0.258134,17.117966,11.576987,34.873064,-1.935370,-2.212127,-0.686600,-0.131883,0.030047,1.822682,7.000000,97.005988,0.260383,3.000000,49.539584,41.916168,65.469062,0.000000,0.109392,0.061634,0.047758,13.735622,20.999297,20.257610,-0.088187,0.193881,2.261279,0.465383,0.025453,1.844285,4.000000,63.862333,0.461071,2.000000,44.142704,39.961759,45.124283,0.000000,-0.039074,0.011376,-0.050449,14.129419,21.161692,18.770885,-0.557848,-0.326465,1.786811,0.277315,0.024912,2.973787,7.000000,85.318108,0.424827,3.000000,57.339441,86.233270,92.087300,1.000000,0.106126,0.001120,0.105006,17.033526,22.265642,17.209123,0.655512,1.014284,3.188663,0.764491,0.024947,3.368132,17.000000,93.302892,0.198125,2.000000,43.648165,37.044534,17.188506,0.000000,-0.114814,0.108892,-0.223706,17.358865,12.304940,26.078090,-0.713259,-0.344958,1.915705,0.248030,0.028107,3.745084,7.000000,92.927864,0.535012,3.000000,3.873973,0.000000,124.911661,0.000000,1.000000,3.200633,7.000000,146.632124,0.457233,1.000000,2.136137,0.000000,71.614100,0.000000,1.000000,3.074554,7.000000,192.500000,0.439222,1.000000,1.572062,5.000000,70.351759,0.314412,2.000000,2.285649,5.000000,134.006734,0.457130,1.000000,1.677019,11.000000,80.926431,0.152456,2.000000,2.116128,12.000000,127.874564,0.176344,1.000000,1.627907,0.000000,54.253308,0.000000,1.000000,3.093386,10.000000,149.435028,0.309339,1.000000,2.028072,0.000000,93.403694,0.000000,1.000000,4.000000,1.000000,189.000000,-1.000000,,,,39.027974,6.792453,13.619370,0.142037,0.750400,-0.608363,19.882850,9.680148,23.228926,-2.368351,-1.068534,0.063668,0.053023,,0.000000,,13.341089,0.000000,2.058638,-0.570998,-0.449785,-0.121213,50.647367,5.518873,44.906927,-1.218330,-1.991084,-0.007434,0.023721,1.072362,0.659341,,216.049383,61.275626,0.888546,0.893789
2025-11-20T03:45:00Z,1.044381,no_impulse,0,APLAPOLLO,1h,1.000000,54.291045,1.694817,1.000000,1.694817,-1.055090,-1.943820,-1.579043,3.027222,6.000000,199.256506,0.504537,4.000000,26.012830,0.000000,1.325405,0.000000,-0.781596,-0.500115,-0.281481,36.162362,8.478812,38.898355,-2.108877,-2.973871,-2.541633,0.033550,0.044277,1.542697,0.000000,61.275626,0.000000,2.000000,37.791006,23.990499,24.224903,0.000000,-0.276967,-0.220342,-0.056625,25.635202,12.304615,33.374115,-0.953679,-1.349157,-0.483829,-0.060368,0.016858,2.455807,14.000000,92.226891,0.175415,2.000000,37.791006,23.990499,24.224903,1.000000,-0.276967,-0.220342,-0.056625,25.635202,12.304615,33.374115,-0.953679,-1.349157,-0.483829,-0.060368,0.016858,2.735632,7.000000,68.000000,0.390805,3.000000,52.550648,73.082942,53.114161,0.000000,-0.316181,-0.345851,0.029671,23.155286,18.483120,25.592543,0.388495,0.033296,1.271242,0.621490,0.032102,3.867403,28.000000,216.049383,0.138122,4.000000,25.306136,13.280000,7.897383,1.000000,-0.452045,-0.193911,-0.258134,17.117966,11.576987,34.873064,-1.935370,-2.212127,-0.686600,-0.131883,0.030047,1.822682,7.000000,97.005988,0.260383,3.000000,49.539584,41.916168,65.469062,0.000000,0.109392,0.061634,0.047758,13.735622,20.999297,20.257610,-0.088187,0.193881,2.261279,0.465383,0.025453,1.844285,4.000000,63.862333,0.461071,2.000000,44.142704,39.961759,45.124283,0.000000,-0.039074,0.011376,-0.050449,14.129419,21.161692,18.770885,-0.557848,-0.326465,1.786811,0.277315,0.024912,2.973787,7.000000,85.318108,0.424827,3.000000,57.339441,86.233270,92.087300,1.000000,0.106126,0.001120,0.105006,17.033526,22.265642,17.209123,0.655512,1.014284,3.188663,0.764491,0.024947,3.368132,17.000000,93.302892,0.198125,2.000000,3.745084,7.000000,92.927864,0.535012,3.000000,3.873973,0.000000,124.911661,0.000000,1.000000,3.200633,7.000000,146.632124,0.457233,1.000000,2.136137,0.000000,71.614100,0.000000,1.000000,3.074554,7.000000,192.500000,0.439222,1.000000,1.572062,5.000000,70.351759,0.314412,2.000000,2.285649,5.000000,134.006734,0.457130,1.000000,1.677019,11.000000,80.926431,0.152456,2.000000,2.116128,12.000000,127.874564,0.176344,1.000000,1.627907,0.000000,54.253308,0.000000,1.000000,3.093386,10.000000,149.435028,0.309339,1.000000,3.000000,2.000000,190.000000,-1.000000,,,,39.027974,6.792453,13.619370,0.142037,0.750400,-0.608363,19.882850,9.680148,23.228926,-2.368351,-1.068534,0.063668,0.053023,,0.000000,,51.907116,83.030303,28.620164,-0.462370,-0.446650,-0.015720,47.136864,31.653931,30.718147,0.336162,-0.373811,0.642997,0.023588,0.618936,0.103093,,216.049383,61.275626,0.814521,0.833843
2025-11-21T04:45:00Z,1.018602,no_impulse,0,APLAPOLLO,1h,-1.000000,148.109966,2.468358,8.000000,0.308545,-1.574503,-2.794073,-3.015556,1.694817,1.000000,54.291045,1.694817,3.000000,37.596372,26.711185,9.368125,1.000000,-0.768988,-0.550196,-0.218792,34.905924,22.141477,32.241631,-1.055090,-1.943820,-1.579043,0.270591,0.045511,3.027222,6.000000,199.256506,0.504537,4.000000,26.012830,0.000000,1.325405,0.000000,-0.781596,-0.500115,-0.281481,36.162362,8.478812,38.898355,-2.108877,-2.973871,-2.541633,0.033550,0.044277,1.542697,0.000000,61.275626,0.000000,2.000000,37.791006,23.990499,24.224903,0.000000,-0.276967,-0.220342,-0.056625,25.635202,12.304615,33.374115,-0.953679,-1.349157,-0.483829,-0.060368,0.016858,2.455807,14.000000,92.226891,0.175415,2.000000,37.791006,23.990499,24.224903,1.000000,-0.276967,-0.220342,-0.056625,25.635202,12.304615,33.374115,-0.953679,-1.349157,-0.483829,-0.060368,0.016858,2.735632,7.000000,68.000000,0.390805,3.000000,52.550648,73.082942,53.114161,0.000000,-0.316181,-0.345851,0.029671,23.155286,18.483120,25.592543,0.388495,0.033296,1.271242,0.621490,0.032102,3.867403,28.000000,216.049383,0.138122,4.000000,25.306136,13.280000,7.897383,1.000000,-0.452045,-0.193911,-0.258134,17.117966,11.576987,34.873064,-1.935370,-2.212127,-0.686600,-0.131883,0.030047,1.822682,7.000000,97.005988,0.260383,3.000000,49.539584,41.916168,65.469062,0.000000,0.109392,0.061634,0.047758,13.735622,20.999297,20.257610,-0.088187,0.193881,2.261279,0.465383,0.025453,1.844285,4.000000,63.862333,0.461071,2.000000,44.142704,39.961759,45.124283,0.000000,-0.039074,0.011376,-0.050449,14.129419,21.161692,18.770885,-0.557848,-0.326465,1.786811,0.277315,0.024912,2.973787,7.000000,85.318108,0.424827,3.000000,3.368132,17.000000,93.302892,0.198125,2.000000,3.745084,7.000000,92.927864,0.535012,3.000000,3.873973,0.000000,124.911661,0.000000,1.000000,3.200633,7.000000,146.632124,0.457233,1.000000,2.136137,0.000000,71.614100,0.000000,1.000000,3.074554,7.000000,192.500000,0.439222,1.000000,1.572062,5.000000,70.351759,0.314412,2.000000,2.285649,5.000000,134.006734,0.457130,1.000000,1.677019,11.000000,80.926431,0.152456,2.000000,2.116128,12.000000,127.874564,0.176344,1.000000,1.627907,0.000000,54.253308,0.000000,1.000000,4.000000,3.000000,198.000000,-1.000000,,,,41.356007,22.962963,11.122176,-0.021681,0.593690,-0.615372,21.696740,9.074977,24.092164,-1.789000,-0.655701,0.192485,0.057154,,0.000000,,32.009926,12.244898,10.396870,-0.330078,-0.288783,-0.041295,33.122092,12.782976,32.271177,-0.737428,-1.394269,-0.061247,0.013043,0.974385,0.879121,,216.049383,54.291045,0.790624,0.691560
2025-11-24T03:45:00Z,1.036366,no_impulse,0,APLAPOLLO,1h,1.000000,68.909513,1.743981,6.000000,0.290664,-0.249145,-1.265613,-1.703942,2.468358,8.000000,148.109966,0.308545,4.000000,31.468157,5.744681,8.994929,1.000000,-0.877222,-0.795073,-0.082149,32.969638,13.664807,32.972131,-1.574503,-2.794073,-3.015556,0.166680,0.046505,1.694817,1.000000,54.291045,1.694817,3.000000,37.596372,26.711185,9.368125,1.000000,-0.768988,-0.550196,-0.218792,34.905924,22.141477,32.241631,-1.055090,-1.943820,-1.579043,0.270591,0.045511,3.027222,6.000000,199.256506,0.504537,4.000000,26.012830,0.000000,1.325405,0.000000,-0.781596,-0.500115,-0.281481,36.162362,8.478812,38.898355,-2.108877,-2.973871,-2.541633,0.033550,0.044277,1.542697,0.000000,61.275626,0.000000,2.000000,37.791006,23.990499,24.224903,0.000000,-0.276967,-0.220342,-0.056625,25.635202,12.304615,33.374115,-0.953679,-1.349157,-0.483829,-0.060368,0.016858,2.455807,14.000000,92.226891,0.175415,2.000000,37.791006,23.990499,24.224903,1.000000,-0.276967,-0.220342,-0.056625,25.635202,12.304615,33.374115,-0.953679,-1.349157,-0.483829,-0.060368,0.016858,2.735632,7.000000,68.000000,0.390805,3.000000,52.550648,73.082942,53.114161,0.000000,-0.316181,-0.345851,0.029671,23.155286,18.483120,25.592543,0.388495,0.033296,1.271242,0.621490,0.032102,3.867403,28.000000,216.049383,0.138122,4.000000,25.306136,13.280000,7.897383,1.000000,-0.452045,-0.193911,-0.258134,17.117966,11.576987,34.873064,-1.935370,-2.212127,-0.686600,-0.131883,0.030047,1.822682,7.000000,97.005988,0.260383,3.000000,49.539584,41.916168,65.469062,0.000000,0.109392,0.061634,0.047758,13.735622,20.999297,20.257610,-0.088187,0.193881,2.261279,0.465383,0.025453,1.844285,4.000000,63.862333,0.461071,2.000000,2.973787,7.000000,85.318108,0.424827,3.000000,3.368132,17.000000,93.302892,0.198125,2.000000,3.745084,7.000000,92.927864,0.535012,3.000000,3.873973,0.000000,124.911661,0.000000,1.000000,3.200633,7.000000,146.632124,0.457233,1.000000,2.136137,0.000000,71.614100,0.000000,1.000000,3.074554,7.000000,192.500000,0.439222,1.000000,1.572062,5.000000,70.351759,0.314412,2.000000,2.285649,5.000000,134.006734,0.457130,1.000000,1.677019,11.000000,80.926431,0.152456,2.000000,2.116128,12.000000,127.874564,0.176344,1.000000,3.000000,4.000000,204.000000,-1.000000,,,,38.568655,12.222222,13.992546,-0.204207,0.437321,-0.641528,23.381066,8.579065,22.775622,-2.241099,-1.283651,0.154218,0.063392,,0.000000,,44.707531,29.353234,65.681150,0.094231,0.083791,0.010439,22.739006,16.791338,25.089607,-0.287073,-0.419942,0.347336,0.018750,0.713790,0.731707,,216.049383,54.291045,0.734241,1.067754
2025-11-25T09:45:00Z,1.010946,no_impulse,0,APLAPOLLO,1h,-1.000000,143.097643,2.452819,13.000000,0.188678,-1.456911,-2.518990,-3.541247,1.743981,6.000000,68.909513,0.290664,3.000000,44.244236,71.875000,64.252224,1.000000,-0.480323,-0.635587,0.155264,26.256393,16.947766,29.209977,-0.249145,-1.265613,-1.703942,0.391961,0.023003,2.468358,8.000000,148.109966,0.308545,4.000000,31.468157,5.744681,8.994929,1.000000,-0.877222,-0.795073,-0.082149,32.969638,13.664807,32.972131,-1.574503,-2.794073,-3.015556,0.166680,0.046505,1.694817,1.000000,54.291045,1.694817,3.000000,37.596372,26.711185,9.368125,1.000000,-0.768988,-0.550196,-0.218792,34.905924,22.141477,32.241631,-1.055090,-1.943820,-1.579043,0.270591,0.045511,3.027222,6.000000,199.256506,0.504537,4.000000,26.012830,0.000000,1.325405,0.000000,-0.781596,-0.500115,-0.281481,36.162362,8.478812,38.898355,-2.108877,-2.973871,-2.541633,0.033550,0.044277,1.542697,0.000000,61.275626,0.000000,2.000000,37.791006,23.990499,24.224903,0.000000,-0.276967,-0.220342,-0.056625,25.635202,12.304615,33.374115,-0.953679,-1.349157,-0.483829,-0.060368,0.016858,2.455807,14.000000,92.226891,0.175415,2.000000,37.791006,23.990499,24.224903,1.000000,-0.276967,-0.220342,-0.056625,25.635202,12.304615,33.374115,-0.953679,-1.349157,-0.483829,-0.060368,0.016858,2.735632,7.000000,68.000000,0.390805,3.000000,52.550648,73.082942,53.114161,0.000000,-0.316181,-0.345851,0.029671,23.155286,18.483120,25.592543,0.388495,0.033296,1.271242,0.621490,0.032102,3.867403,28.000000,216.049383,0.138122,4.000000,25.306136,13.280000,7.897383,1.000000,-0.452045,-0.193911,-0.258134,17.117966,11.576987,34.873064,-1.935370,-2.212127,-0.686600,-0.131883,0.030047,1.822682,7.000000,97.005988,0.260383,3.000000,1.844285,4.000000,63.862333,0.461071,2.000000,2.973787,7.000000,85.318108,0.424827,3.000000,3.368132,17.000000,93.302892,0.198125,2.000000,3.745084,7.000000,92.927864,0.535012,3.000000,3.873973,0.000000,124.911661,0.000000,1.000000,3.200633,7.000000,146.632124,0.457233,1.000000,2.136137,0.000000,71.614100,0.000000,1.000000,3.074554,7.000000,192.500000,0.439222,1.000000,1.572062,5.000000,70.351759,0.314412,2.000000,2.285649,5.000000,134.006734,0.457130,1.000000,1.677019,11.000000,80.926431,0.152456,2.000000,4.000000,5.000000,217.000000,-1.000000,,,,45.972258,35.666667,18.277013,-0.433494,0.122760,-0.556254,26.506999,9.371963,22.452322,-0.861710,-0.214471,0.386443,0.075235,,0.000000,,24.362402,0.000000,12.653296,-0.295598,-0.213869,-0.081729,36.554015,8.880048,36.832901,-0.951180,-1.327314,-0.036196,0.017572,1.057118,1.604938,,216.049383,54.291045,0.738490,0.840789
2025-11-27T03:45:00Z,1.040134,no_impulse,0,APLAPOLLO,1h,1.000000,114.823529,2.887232,8.000000,0.360904,-0.186331,-0.771913,-1.788639,2.452819,13.000000,143.097643,0.188678,4.000000,26.811301,0.000000,10.115684,1.000000,-0.556780,-0.486146,-0.070635,28.102520,12.212925,30.693314,-1.456911,-2.518990,-3.541247,-0.101327,0.023880,1.743981,6.000000,68.909513,0.290664,3.000000,44.244236,71.875000,64.252224,1.000000,-0.480323,-0.635587,0.155264,26.256393,16.947766,29.209977,-0.249145,-1.265613,-1.703942,0.391961,0.023003,2.468358,8.000000,148.109966,0.308545,4.000000,31.468157,5.744681,8.994929,1.000000,-0.877222,-0.795073,-0.082149,32.969638,13.664807,32.972131,-1.574503,-2.794073,-3.015556,0.166680,0.046505,1.694817,1.000000,54.291045,1.694817,3.000000,37.596372,26.711185,9.368125,1.000000,-0.768988,-0.550196,-0.218792,34.905924,22.141477,32.241631,-1.055090,-1.943820,-1.579043,0.270591,0.045511,3.027222,6.000000,199.256506,0.504537,4.000000,26.012830,0.000000,1.325405,0.000000,-0.781596,-0.500115,-0.281481,36.162362,8.478812,38.898355,-2.108877,-2.973871,-2.541633,0.033550,0.044277,1.542697,0.000000,61.275626,0.000000,2.000000,37.791006,23.990499,24.224903,0.000000,-0.276967,-0.220342,-0.056625,25.635202,12.304615,33.374115,-0.953679,-1.349157,-0.483829,-0.060368,0.016858,2.455807,14.000000,92.226891,0.175415,2.000000,37.791006,23.990499,24.224903,1.000000,-0.276967,-0.220342,-0.056625,25.635202,12.304615,33.374115,-0.953679,-1.349157,-0.483829,-0.060368,0.016858,2.735632,7.000000,68.000000,0.390805,3.000000,52.550648,73.082942,53.114161,0.000000,-0.316181,-0.345851,0.029671,23.155286,18.483120,25.592543,0.388495,0.033296,1.271242,0.621490,0.032102,3.867403,28.000000,216.049383,0.138122,4.000000,1.822682,7.000000,97.005988,0.260383,3.000000,1.844285,4.000000,63.862333,0.461071,2.000000,2.973787,7.000000,85.318108,0.424827,3.000000,3.368132,17.000000,93.302892,0.198125,2.000000,3.745084,7.000000,92.927864,0.535012,3.000000,3.873973,0.000000,124.911661,0.000000,1.000000,3.200633,7.000000,146.632124,0.457233,1.000000,2.136137,0.000000,71.614100,0.000000,1.000000,3.074554,7.000000,192.500000,0.439222,1.000000,1.572062,5.000000,70.351759,0.314412,2.000000,2.285649,5.000000,134.006734,0.457130,1.000000,7.000000,6.000000,225.000000,-1.000000,,,,46.578367,37.416667,26.675161,-0.426269,0.012835,-0.439105,27.100741,10.105619,20.902432,-0.669182,-0.089514,0.410011,0.073869,,0.000000,,48.407983,43.793103,67.195104,0.207195,0.222958,-0.015763,23.442037,19.515086,29.884904,-0.170601,0.083769,0.337605,0.010487,1.212541,0.888889,,216.049383,54.291045,0.719742,1.063917
2025-11-27T03:45:00Z,1.022788,no_impulse,0,APLAPOLLO,1h,-1.000000,59.426230,1.667625,0.000000,0.000000,-0.186331,-0.771913,-1.788639,2.887232,8.000000,114.823529,0.360904,7.000000,47.021080,55.737705,80.462880,0.000000,-0.027082,-0.189145,0.162063,19.525945,20.411497,26.532961,-0.186331,-0.771913,-1.788639,0.420918,0.023518,2.452819,13.000000,143.097643,0.188678,4.000000,26.811301,0.000000,10.115684,1.000000,-0.556780,-0.486146,-0.070635,28.102520,12.212925,30.693314,-1.456911,-2.518990,-3.541247,-0.101327,0.023880,1.743981,6.000000,68.909513,0.290664,3.000000,44.244236,71.875000,64.252224,1.000000,-0.480323,-0.635587,0.155264,26.256393,16.947766,29.209977,-0.249145,-1.265613,-1.703942,0.391961,0.023003,2.468358,8.000000,148.109966,0.308545,4.000000,31.468157,5.744681,8.994929,1.000000,-0.877222,-0.795073,-0.082149,32.969638,13.664807,32.972131,-1.574503,-2.794073,-3.015556,0.166680,0.046505,1.694817,1.000000,54.291045,1.694817,3.000000,37.596372,26.711185,9.368125,1.000000,-0.768988,-0.550196,-0.218792,34.905924,22.141477,32.241631,-1.055090,-1.943820,-1.579043,0.270591,0.045511,3.027222,6.000000,199.256506,0.504537,4.000000,26.012830,0.000000,1.325405,0.000000,-0.781596,-0.500115,-0.281481,36.162362,8.478812,38.898355,-2.108877,-2.973871,-2.541633,0.033550,0.044277,1.542697,0.000000,61.275626,0.000000,2.000000,37.791006,23.990499,24.224903,0.000000,-0.276967,-0.220342,-0.056625,25.635202,12.304615,33.374115,-0.953679,-1.349157,-0.483829,-0.060368,0.016858,2.455807,14.000000,92.226891,0.175415,2.000000,37.791006,23.990499,24.224903,1.000000,-0.276967,-0.220342,-0.056625,25.635202,12.304615,33.374115,-0.953679,-1.349157,-0.483829,-0.060368,0.016858,2.735632,7.000000,68.000000,0.390805,3.000000,3.867403,28.000000,216.049383,0.138122,4.000000,1.822682,7.000000,97.005988,0.260383,3.000000,1.844285,4.000000,63.862333,0.461071,2.000000,2.973787,7.000000,85.318108,0.424827,3.000000,3.368132,17.000000,93.302892,0.198125,2.000000,3.745084,7.000000,92.927864,0.535012,3.000000,3.873973,0.000000,124.911661,0.000000,1.000000,3.200633,7.000000,146.632124,0.457233,1.000000,2.136137,0.000000,71.614100,0.000000,1.000000,3.074554,7.000000,192.500000,0.439222,1.000000,1.572062,5.000000,70.351759,0.314412,2.000000,7.000000,7.000000,0.000000,-1.000000,,,,46.578367,37.416667,26.675161,-0.426269,0.012835,-0.439105,27.100741,10.105619,20.902432,-0.669182,-0.089514,0.410011,0.073869,,0.000000,,48.407983,43.793103,67.195104,0.207195,0.222958,-0.015763,23.442037,19.515086,29.884904,-0.170601,0.083769,0.337605,0.010487,0.670376,0.000000,,216.049383,54.291045,0.706571,0.985207
2025-11-27T09:45:00Z,1.042526,no_impulse,0,APLAPOLLO,1h,1.000000,113.793103,1.929825,6.000000,0.321637,0.216170,-0.158440,-1.149114,1.667625,0.000000,59.426230,0.000000,7.000000,47.021080,55.737705,80.462880,0.000000,-0.027082,-0.189145,0.162063,19.525945,20.411497,26.532961,-0.186331,-0.771913,-1.788639,0.420918,0.023518,2.887232,8.000000,114.823529,0.360904,7.000000,47.021080,55.737705,80.462880,0.000000,-0.027082,-0.189145,0.162063,19.525945,20.411497,26.532961,-0.186331,-0.771913,-1.788639,0.420918,0.023518,2.452819,13.000000,143.097643,0.188678,4.000000,26.811301,0.000000,10.115684,1.000000,-0.556780,-0.486146,-0.070635,28.102520,12.212925,30.693314,-1.456911,-2.518990,-3.541247,-0.101327,0.023880,1.743981,6.000000,68.909513,0.290664,3.000000,44.244236,71.875000,64.252224,1.000000,-0.480323,-0.635587,0.155264,26.256393,16.947766,29.209977,-0.249145,-1.265613,-1.703942,0.391961,0.023003,2.468358,8.000000,148.109966,0.308545,4.000000,31.468157,5.744681,8.994929,1.000000,-0.877222,-0.795073,-0.082149,32.969638,13.664807,32.972131,-1.574503,-2.794073,-3.015556,0.166680,0.046505,1.694817,1.000000,54.291045,1.694817,3.000000,37.596372,26.711185,9.368125,1.000000,-0.768988,-0.550196,-0.218792,34.905924,22.141477,32.241631,-1.055090,-1.943820,-1.579043,0.270591,0.045511,3.027222,6.000000,199.256506,0.504537,4.000000,26.012830,0.000000,1.325405,0.000000,-0.781596,-0.500115,-0.281481,36.162362,8.478812,38.898355,-2.108877,-2.973871,-2.541633,0.033550,0.044277,1.542697,0.000000,61.275626,0.000000,2.000000,37.791006,23.990499,24.224903,0.000000,-0.276967,-0.220342,-0.056625,25.635202,12.304615,33.374115,-0.953679,-1.349157,-0.483829,-0.060368,0.016858,2.455807,14.000000,92.226891,0.175415,2.000000,2.735632,7.000000,68.000000,0.390805,3.000000,3.867403,28.000000,216.049383,0.138122,4.000000,1.822682,7.000000,97.005988,0.260383,3.000000,1.844285,4.000000,63.862333,0.461071,2.000000,2.973787,7.000000,85.318108,0.424827,3.000000,3.368132,17.000000,93.302892,0.198125,2.000000,3.745084,7.000000,92.927864,0.535012,3.000000,3.873973,0.000000,124.911661,0.000000,1.000000,3.200633,7.000000,146.632124,0.457233,1.000000,2.136137,0.000000,71.614100,0.000000,1.000000,3.074554,7.000000,192.500000,0.439222,1.000000,1.000000,1.000000,6.000000,-1.000000,,,,42.652269,24.721985,32.601773,-0.494290,-0.088494,-0.405796,27.675630,9.396497,19.582311,-1.453264,-0.981129,0.311617,0.076039,,0.000000,,53.557599,27.272727,67.169140,0.086469,0.062240,0.024229,18.077210,31.701618,14.424240,0.056876,0.196597,0.589487,0.006359,0.851036,0.952381,,199.256506,54.291045,0.555555,1.186303
2025-11-28T07:45:00Z,1.022370,no_impulse,0,APLAPOLLO,1h,-1.000000,102.121212,1.933448,5.000000,0.386690,-0.065660,-0.425761,-1.453009,1.929825,6.000000,113.793103,0.321637,1.000000,52.617850,68.063872,76.103258,0.000000,0.071028,-0.020303,0.091331,16.109047,26.633470,19.000865,0.216170,-0.158440,-1.149114,0.584408,0.025666,1.667625,0.000000,59.426230,0.000000,7.000000,47.021080,55.737705,80.462880,0.000000,-0.027082,-0.189145,0.162063,19.525945,20.411497,26.532961,-0.186331,-0.771913,-1.788639,0.420918,0.023518,2.887232,8.000000,114.823529,0.360904,7.000000,47.021080,55.737705,80.462880,0.000000,-0.027082,-0.189145,0.162063,19.525945,20.411497,26.532961,-0.186331,-0.771913,-1.788639,0.420918,0.023518,2.452819,13.000000,143.097643,0.188678,4.000000,26.811301,0.000000,10.115684,1.000000,-0.556780,-0.486146,-0.070635,28.102520,12.212925,30.693314,-1.456911,-2.518990,-3.541247,-0.101327,0.023880,1.743981,6.000000,68.909513,0.290664,3.000000,44.244236,71.875000,64.252224,1.000000,-0.480323,-0.635587,0.155264,26.256393,16.947766,29.209977,-0.249145,-1.265613,-1.703942,0.391961,0.023003,2.468358,8.000000,148.109966,0.308545,4.000000,31.468157,5.744681,8.994929,1.000000,-0.877222,-0.795073,-0.082149,32.969638,13.664807,32.972131,-1.574503,-2.794073,-3.015556,0.166680,0.046505,1.694817,1.000000,54.291045,1.694817,3.000000,37.596372,26.711185,9.368125,1.000000,-0.768988,-0.550196,-0.218792,34.905924,22.141477,32.241631,-1.055090,-1.943820,-1.579043,0.270591,0.045511,3.027222,6.000000,199.256506,0.504537,4.000000,26.012830,0.000000,1.325405,0.000000,-0.781596,-0.500115,-0.281481,36.162362,8.478812,38.898355,-2.108877,-2.973871,-2.541633,0.033550,0.044277,1.542697,0.000000,61.275626,0.000000,2.000000,2.455807,14.000000,92.226891,0.175415,2.000000,2.735632,7.000000,68.000000,0.390805,3.000000,3.867403,28.000000,216.049383,0.138122,4.000000,1.822682,7.000000,97.005988,0.260383,3.000000,1.844285,4.000000,63.862333,0.461071,2.000000,2.973787,7.000000,85.318108,0.424827,3.000000,3.368132,17.000000,93.302892,0.198125,2.000000,3.745084,7.000000,92.927864,0.535012,3.000000,3.873973,0.000000,124.911661,0.000000,1.000000,3.200633,7.000000,146.632124,0.457233,1.000000,2.136137,0.000000,71.614100,0.000000,1.000000,8.000000,1.000000,11.000000,-1.000000,,,,42.652269,24.721985,32.601773,-0.494290,-0.088494,-0.405796,27.675630,9.396497,19.582311,-1.453264,-0.981129,0.311617,0.076039,,0.000000,,44.075428,44.666667,33.417027,-0.120895,-0.088890,-0.032005,17.145155,18.052197,27.086466,-0.191470,-0.277191,0.313015,0.010220,0.884049,0.806452,,199.256506,54.291045,0.538300,0.972922
2025-12-01T03:45:00Z,1.039596,no_impulse,0,APLAPOLLO,1h,1.000000,85.459941,1.684900,3.000000,0.561633,0.540407,0.232065,-0.785818,1.933448,5.000000,102.121212,0.386690,8.000000,48.515128,33.234421,25.219555,1.000000,-0.034719,-0.010977,-0.023742,13.216490,16.840419,21.010491,-0.065660,-0.425761,-1.453009,0.468487,0.020823,1.929825,6.000000,113.793103,0.321637,1.000000,52.617850,68.063872,76.103258,0.000000,0.071028,-0.020303,0.091331,16.109047,26.633470,19.000865,0.216170,-0.158440,-1.149114,0.584408,0.025666,1.667625,0.000000,59.426230,0.000000,7.000000,47.021080,55.737705,80.462880,0.000000,-0.027082,-0.189145,0.162063,19.525945,20.411497,26.532961,-0.186331,-0.771913,-1.788639,0.420918,0.023518,2.887232,8.000000,114.823529,0.360904,7.000000,47.021080,55.737705,80.462880,0.000000,-0.027082,-0.189145,0.162063,19.525945,20.411497,26.532961,-0.186331,-0.771913,-1.788639,0.420918,0.023518,2.452819,13.000000,143.097643,0.188678,4.000000,26.811301,0.000000,10.115684,1.000000,-0.556780,-0.486146,-0.070635,28.102520,12.212925,30.693314,-1.456911,-2.518990,-3.541247,-0.101327,0.023880,1.743981,6.000000,68.909513,0.290664,3.000000,44.244236,71.875000,64.252224,1.000000,-0.480323,-0.635587,0.155264,26.256393,16.947766,29.209977,-0.249145,-1.265613,-1.703942,0.391961,0.023003,2.468358,8.000000,148.109966,0.308545,4.000000,31.468157,5.744681,8.994929,1.000000,-0.877222,-0.795073,-0.082149,32.969638,13.664807,32.972131,-1.574503,-2.794073,-3.015556,0.166680,0.046505,1.694817,1.000000,54.291045,1.694817,3.000000,37.596372,26.711185,9.368125,1.000000,-0.768988,-0.550196,-0.218792,34.905924,22.141477,32.241631,-1.055090,-1.943820,-1.579043,0.270591,0.045511,3.027222,6.000000,199.256506,0.504537,4.000000,1.542697,0.000000,61.275626,0.000000,2.000000,2.455807,14.000000,92.226891,0.175415,2.000000,2.735632,7.000000,68.000000,0.390805,3.000000,3.867403,28.000000,216.049383,0.138122,4.000000,1.822682,7.000000,97.005988,0.260383,3.000000,1.844285,4.000000,63.862333,0.461071,2.000000,2.973787,7.000000,85.318108,0.424827,3.000000,3.368132,17.000000,93.302892,0.198125,2.000000,3.745084,7.000000,92.927864,0.535012,3.000000,3.873973,0.000000,124.911661,0.000000,1.000000,3.200633,7.000000,146.632124,0.457233,1.000000,3.000000,2.000000,3.000000,-1.000000,,,,47.260149,37.895637,33.344763,-0.463222,-0.162811,-0.300411,28.209455,9.000581,18.757222,-0.499784,-0.081139,0.433716,0.075025,,0.000000,,62.947829,85.036496,64.020146,-0.014045,-0.089231,0.075185,18.495633,31.658831,16.537461,0.760109,0.695350,1.246084,0.010266,0.789253,0.566038,,199.256506,54.291045,0.534654,0.780756
2025-12-02T03:45:00Z,1.023985,no_impulse,0,APLAPOLLO,1h,-1.000000,90.625000,1.501640,7.000000,0.214520,-0.383240,-0.506978,-1.444312,1.684900,3.000000,85.459941,0.561633,3.000000,56.983543,64.985163,37.487636,0.000000,-0.007317,-0.024524,0.017206,12.926277,25.767097,16.827613,0.540407,0.232065,-0.785818,0.926654,0.012735,1.933448,5.000000,102.121212,0.386690,8.000000,48.515128,33.234421,25.219555,1.000000,-0.034719,-0.010977,-0.023742,13.216490,16.840419,21.010491,-0.065660,-0.425761,-1.453009,0.468487,0.020823,1.929825,6.000000,113.793103,0.321637,1.000000,52.617850,68.063872,76.103258,0.000000,0.071028,-0.020303,0.091331,16.109047,26.633470,19.000865,0.216170,-0.158440,-1.149114,0.584408,0.025666,1.667625,0.000000,59.426230,0.000000,7.000000,47.021080,55.737705,80.462880,0.000000,-0.027082,-0.189145,0.162063,19.525945,20.411497,26.532961,-0.186331,-0.771913,-1.788639,0.420918,0.023518,2.887232,8.000000,114.823529,0.360904,7.000000,47.021080,55.737705,80.462880,0.000000,-0.027082,-0.189145,0.162063,19.525945,20.411497,26.532961,-0.186331,-0.771913,-1.788639,0.420918,0.023518,2.452819,13.000000,143.097643,0.188678,4.000000,26.811301,0.000000,10.115684,1.000000,-0.556780,-0.486146,-0.070635,28.102520,12.212925,30.693314,-1.456911,-2.518990,-3.541247,-0.101327,0.023880,1.743981,6.000000,68.909513,0.290664,3.000000,44.244236,71.875000,64.252224,1.000000,-0.480323,-0.635587,0.155264,26.256393,16.947766,29.209977,-0.249145,-1.265613,-1.703942,0.391961,0.023003,2.468358,8.000000,148.109966,0.308545,4.000000,31.468157,5.744681,8.994929,1.000000,-0.877222,-0.795073,-0.082149,32.969638,13.664807,32.972131,-1.574503,-2.794073,-3.015556,0.166680,0.046505,1.694817,1.000000,54.291045,1.694817,3.000000,3.027222,6.000000,199.256506,0.504537,4.000000,1.542697,0.000000,61.275626,0.000000,2.000000,2.455807,14.000000,92.226891,0.175415,2.000000,2.735632,7.000000,68.000000,0.390805,3.000000,3.867403,28.000000,216.049383,0.138122,4.000000,1.822682,7.000000,97.005988,0.260383,3.000000,1.844285,4.000000,63.862333,0.461071,2.000000,2.973787,7.000000,85.318108,0.424827,3.000000,3.368132,17.000000,93.302892,0.198125,2.000000,3.745084,7.000000,92.927864,0.535012,3.000000,3.873973,0.000000,124.911661,0.000000,1.000000,2.000000,1.000000,10.000000,-1.000000,,,,47.348901,39.644444,34.087355,-0.435585,-0.217344,-0.218242,28.948004,8.500160,19.164745,-0.436460,-0.061326,0.440222,0.072696,,0.000000,,46.842767,7.352941,64.372328,0.129693,0.139859,-0.010166,20.354548,23.737083,27.917119,-0.240668,-0.054146,0.290413,0.011455,0.698755,1.250000,,199.256506,54.291045,0.518812,0.791728
2025-12-03T03:45:00Z,1.044141,no_impulse,0,APLAPOLLO,1h,1.000000,129.118774,1.968458,7.000000,0.281208,-0.217659,-0.258330,-1.119580,1.501640,7.000000,90.625000,0.214520,2.000000,45.842146,33.333333,65.779313,1.000000,0.111109,0.071102,0.040007,16.793879,19.618012,24.379104,-0.383240,-0.506978,-1.444312,0.244637,0.014950,1.684900,3.000000,85.459941,0.561633,3.000000,56.983543,64.985163,37.487636,0.000000,-0.007317,-0.024524,0.017206,12.926277,25.767097,16.827613,0.540407,0.232065,-0.785818,0.926654,0.012735,1.933448,5.000000,102.121212,0.386690,8.000000,48.515128,33.234421,25.219555,1.000000,-0.034719,-0.010977,-0.023742,13.216490,16.840419,21.010491,-0.065660,-0.425761,-1.453009,0.468487,0.020823,1.929825,6.000000,113.793103,0.321637,1.000000,52.617850,68.063872,76.103258,0.000000,0.071028,-0.020303,0.091331,16.109047,26.633470,19.000865,0.216170,-0.158440,-1.149114,0.584408,0.025666,1.667625,0.000000,59.426230,0.000000,7.000000,47.021080,55.737705,80.462880,0.000000,-0.027082,-0.189145,0.162063,19.525945,20.411497,26.532961,-0.186331,-0.771913,-1.788639,0.420918,0.023518,2.887232,8.000000,114.823529,0.360904,7.000000,47.021080,55.737705,80.462880,0.000000,-0.027082,-0.189145,0.162063,19.525945,20.411497,26.532961,-0.186331,-0.771913,-1.788639,0.420918,0.023518,2.452819,13.000000,143.097643,0.188678,4.000000,26.811301,0.000000,10.115684,1.000000,-0.556780,-0.486146,-0.070635,28.102520,12.212925,30.693314,-1.456911,-2.518990,-3.541247,-0.101327,0.023880,1.743981,6.000000,68.909513,0.290664,3.000000,44.244236,71.875000,64.252224,1.000000,-0.480323,-0.635587,0.155264,26.256393,16.947766,29.209977,-0.249145,-1.265613,-1.703942,0.391961,0.023003,2.468358,8.000000,148.109966,0.308545,4.000000,1.694817,1.000000,54.291045,1.694817,3.000000,3.027222,6.000000,199.256506,0.504537,4.000000,1.542697,0.000000,61.275626,0.000000,2.000000,2.455807,14.000000,92.226891,0.175415,2.000000,2.735632,7.000000,68.000000,0.390805,3.000000,3.867403,28.000000,216.049383,0.138122,4.000000,1.822682,7.000000,97.005988,0.260383,3.000000,1.844285,4.000000,63.862333,0.461071,2.000000,2.973787,7.000000,85.318108,0.424827,3.000000,3.368132,17.000000,93.302892,0.198125,2.000000,3.745084,7.000000,92.927864,0.535012,3.000000,1.000000,2.000000,17.000000,-1.000000,,,,52.382795,63.627049,47.055710,-0.325269,-0.237192,-0.088077,28.181811,12.063672,17.439543,0.512730,0.901300,0.572235,0.071346,,0.000000,,63.244976,63.043478,81.876243,0.109949,0.046488,0.063461,17.015836,30.092700,11.944198,0.482205,0.595468,0.956144,0.010623,0.985972,1.228070,,148.109966,54.291045,0.451863,0.789551
2025-12-03T05:45:00Z,1.026138,no_impulse,0,APLAPOLLO,1h,-1.000000,89.317507,1.724237,2.000000,0.862118,1.089619,1.094335,0.280058,1.968458,7.000000,129.118774,0.281208,1.000000,47.815669,33.827893,72.067791,0.000000,0.102909,0.096032,0.006878,13.835707,24.716468,15.732920,-0.217659,-0.258330,-1.119580,0.366252,0.016239,1.501640,7.000000,90.625000,0.214520,2.000000,45.842146,33.333333,65.779313,1.000000,0.111109,0.071102,0.040007,16.793879,19.618012,24.379104,-0.383240,-0.506978,-1.444312,0.244637,0.014950,1.684900,3.000000,85.459941,0.561633,3.000000,56.983543,64.985163,37.487636,0.000000,-0.007317,-0.024524,0.017206,12.926277,25.767097,16.827613,0.540407,0.232065,-0.785818,0.926654,0.012735,1.933448,5.000000,102.121212,0.386690,8.000000,48.515128,33.234421,25.219555,1.000000,-0.034719,-0.010977,-0.023742,13.216490,16.840419,21.010491,-0.065660,-0.425761,-1.453009,0.468487,0.020823,1.929825,6.000000,113.793103,0.321637,1.000000,52.617850,68.063872,76.103258,0.000000,0.071028,-0.020303,0.091331,16.109047,26.633470,19.000865,0.216170,-0.158440,-1.149114,0.584408,0.025666,1.667625,0.000000,59.426230,0.000000,7.000000,47.021080,55.737705,80.462880,0.000000,-0.027082,-0.189145,0.162063,19.525945,20.411497,26.532961,-0.186331,-0.771913,-1.788639,0.420918,0.023518,2.887232,8.000000,114.823529,0.360904,7.000000,47.021080,55.737705,80.462880,0.000000,-0.027082,-0.189145,0.162063,19.525945,20.411497,26.532961,-0.186331,-0.771913,-1.788639,0.420918,0.023518,2.452819,13.000000,143.097643,0.188678,4.000000,26.811301,0.000000,10.115684,1.000000,-0.556780,-0.486146,-0.070635,28.102520,12.212925,30.693314,-1.456911,-2.518990,-3.541247,-0.101327,0.023880,1.743981,6.000000,68.909513,0.290664,3.000000,2.468358,8.000000,148.109966,0.308545,4.000000,1.694817,1.000000,54.291045,1.694817,3.000000,3.027222,6.000000,199.256506,0.504537,4.000000,1.542697,0.000000,61.275626,0.000000,2.000000,2.455807,14.000000,92.226891,0.175415,2.000000,2.735632,7.000000,68.000000,0.390805,3.000000,3.867403,28.000000,216.049383,0.138122,4.000000,1.822682,7.000000,97.005988,0.260383,3.000000,1.844285,4.000000,63.862333,0.461071,2.000000,2.973787,7.000000,85.318108,0.424827,3.000000,3.368132,17.000000,93.302892,0.198125,2.000000,2.000000,3.000000,19.000000,-1.000000,,,,52.382795,63.627049,47.055710,-0.325269,-0.237192,-0.088077,28.181811,12.063672,17.439543,0.512730,0.901300,0.572235,0.071346,,0.000000,,37.696135,3.322259,3.362105,-0.103208,-0.016348,-0.086860,16.221387,17.164093,18.996373,-0.491353,-0.527905,0.106573,0.012428,0.851968,0.317460,,148.109966,59.426230,0.439687,0.932036
2025-12-05T04:45:00Z,1.065435,no_impulse,0,APLAPOLLO,1h,1.000000,218.272425,3.829564,13.000000,0.294582,1.275937,2.003243,1.874232,1.724237,2.000000,89.317507,0.862118,2.000000,60.885834,98.607242,50.871059,1.000000,0.140506,0.096795,0.043711,15.441792,31.105137,14.578801,1.089619,1.094335,0.280058,1.096478,0.018469,1.968458,7.000000,129.118774,0.281208,1.000000,47.815669,33.827893,72.067791,0.000000,0.102909,0.096032,0.006878,13.835707,24.716468,15.732920,-0.217659,-0.258330,-1.119580,0.366252,0.016239,1.501640,7.000000,90.625000,0.214520,2.000000,45.842146,33.333333,65.779313,1.000000,0.111109,0.071102,0.040007,16.793879,19.618012,24.379104,-0.383240,-0.506978,-1.444312,0.244637,0.014950,1.684900,3.000000,85.459941,0.561633,3.000000,56.983543,64.985163,37.487636,0.000000,-0.007317,-0.024524,0.017206,12.926277,25.767097,16.827613,0.540407,0.232065,-0.785818,0.926654,0.012735,1.933448,5.000000,102.121212,0.386690,8.000000,48.515128,33.234421,25.219555,1.000000,-0.034719,-0.010977,-0.023742,13.216490,16.840419,21.010491,-0.065660,-0.425761,-1.453009,0.468487,0.020823,1.929825,6.000000,113.793103,0.321637,1.000000,52.617850,68.063872,76.103258,0.000000,0.071028,-0.020303,0.091331,16.109047,26.633470,19.000865,0.216170,-0.158440,-1.149114,0.584408,0.025666,1.667625,0.000000,59.426230,0.000000,7.000000,47.021080,55.737705,80.462880,0.000000,-0.027082,-0.189145,0.162063,19.525945,20.411497,26.532961,-0.186331,-0.771913,-1.788639,0.420918,0.023518,2.887232,8.000000,114.823529,0.360904,7.000000,47.021080,55.737705,80.462880,0.000000,-0.027082,-0.189145,0.162063,19.525945,20.411497,26.532961,-0.186331,-0.771913,-1.788639,0.420918,0.023518,2.452819,13.000000,143.097643,0.188678,4.000000,1.743981,6.000000,68.909513,0.290664,3.000000,2.468358,8.000000,148.109966,0.308545,4.000000,1.694817,1.000000,54.291045,1.694817,3.000000,3.027222,6.000000,199.256506,0.504537,4.000000,1.542697,0.000000,61.275626,0.000000,2.000000,2.455807,14.000000,92.226891,0.175415,2.000000,2.735632,7.000000,68.000000,0.390805,3.000000,3.867403,28.000000,216.049383,0.138122,4.000000,1.822682,7.000000,97.005988,0.260383,3.000000,1.844285,4.000000,63.862333,0.461071,2.000000,2.973787,7.000000,85.318108,0.424827,3.000000,1.000000,4.000000,32.000000,-1.000000,,,,56.963752,87.284483,78.616686,-0.008613,-0.174674,0.166061,24.561121,16.104617,15.866556,1.279592,1.804208,0.697050,0.065779,,0.000000,,60.430352,62.500000,62.351371,0.263432,0.293264,-0.029833,45.213542,25.505594,11.602305,0.189129,0.755722,0.649429,0.012681,1.964467,2.280702,,143.097643,59.426230,0.418556,0.936224
2025-12-08T04:45:00Z,1.040672,no_impulse,0,APLAPOLLO,1h,-1.000000,63.013699,2.324145,7.000000,0.332021,-0.694737,-0.033209,0.065784,3.829564,13.000000,218.272425,0.294582,1.000000,72.008570,95.433790,93.511043,0.000000,0.687232,0.564805,0.122427,33.067102,32.957722,13.021018,1.275937,2.003243,1.874232,0.817582,0.040696,1.724237,2.000000,89.317507,0.862118,2.000000,60.885834,98.607242,50.871059,1.000000,0.140506,0.096795,0.043711,15.441792,31.105137,14.578801,1.089619,1.094335,0.280058,1.096478,0.018469,1.968458,7.000000,129.118774,0.281208,1.000000,47.815669,33.827893,72.067791,0.000000,0.102909,0.096032,0.006878,13.835707,24.716468,15.732920,-0.217659,-0.258330,-1.119580,0.366252,0.016239,1.501640,7.000000,90.625000,0.214520,2.000000,45.842146,33.333333,65.779313,1.000000,0.111109,0.071102,0.040007,16.793879,19.618012,24.379104,-0.383240,-0.506978,-1.444312,0.244637,0.014950,1.684900,3.000000,85.459941,0.561633,3.000000,56.983543,64.985163,37.487636,0.000000,-0.007317,-0.024524,0.017206,12.926277,25.767097,16.827613,0.540407,0.232065,-0.785818,0.926654,0.012735,1.933448,5.000000,102.121212,0.386690,8.000000,48.515128,33.234421,25.219555,1.000000,-0.034719,-0.010977,-0.023742,13.216490,16.840419,21.010491,-0.065660,-0.425761,-1.453009,0.468487,0.020823,1.929825,6.000000,113.793103,0.321637,1.000000,52.617850,68.063872,76.103258,0.000000,0.071028,-0.020303,0.091331,16.109047,26.633470,19.000865,0.216170,-0.158440,-1.149114,0.584408,0.025666,1.667625,0.000000,59.426230,0.000000,7.000000,47.021080,55.737705,80.462880,0.000000,-0.027082,-0.189145,0.162063,19.525945,20.411497,26.532961,-0.186331,-0.771913,-1.788639,0.420918,0.023518,2.887232,8.000000,114.823529,0.360904,7.000000,2.452819,13.000000,143.097643,0.188678,4.000000,1.743981,6.000000,68.909513,0.290664,3.000000,2.468358,8.000000,148.109966,0.308545,4.000000,1.694817,1.000000,54.291045,1.694817,3.000000,3.027222,6.000000,199.256506,0.504537,4.000000,1.542697,0.000000,61.275626,0.000000,2.000000,2.455807,14.000000,92.226891,0.175415,2.000000,2.735632,7.000000,68.000000,0.390805,3.000000,3.867403,28.000000,216.049383,0.138122,4.000000,1.822682,7.000000,97.005988,0.260383,3.000000,1.844285,4.000000,63.862333,0.461071,2.000000,2.000000,5.000000,39.000000,-1.000000,,,,47.080382,50.492881,74.238629,-0.062199,-0.154988,0.092790,24.538642,14.157527,23.220315,-0.637801,-0.163118,0.395634,0.060724,,0.000000,,40.189536,30.513595,13.518284,-0.184592,-0.047271,-0.137321,24.810197,22.107596,28.569060,-0.458276,-0.365403,0.218868,0.016227,1.077003,1.093750,,218.272425,59.426230,0.717595,1.469195
2025-12-08T04:45:00Z,1.056582,no_impulse,0,APLAPOLLO,1h,1.000000,64.251208,1.528823,0.000000,0.000000,-0.694737,-0.033209,0.065784,2.324145,7.000000,63.013699,0.332021,2.000000,43.446026,18.357488,26.979577,1.000000,0.345803,0.540550,-0.194747,31.075858,18.875308,23.961316,-0.694737,-0.033209,0.065784,0.211068,0.023879,3.829564,13.000000,218.272425,0.294582,1.000000,72.008570,95.433790,93.511043,0.000000,0.687232,0.564805,0.122427,33.067102,32.957722,13.021018,1.275937,2.003243,1.874232,0.817582,0.040696,1.724237,2.000000,89.317507,0.862118,2.000000,60.885834,98.607242,50.871059,1.000000,0.140506,0.096795,0.043711,15.441792,31.105137,14.578801,1.089619,1.094335,0.280058,1.096478,0.018469,1.968458,7.000000,129.118774,0.281208,1.000000,47.815669,33.827893,72.067791,0.000000,0.102909,0.096032,0.006878,13.835707,24.716468,15.732920,-0.217659,-0.258330,-1.119580,0.366252,0.016239,1.501640,7.000000,90.625000,0.214520,2.000000,45.842146,33.333333,65.779313,1.000000,0.111109,0.071102,0.040007,16.793879,19.618012,24.379104,-0.383240,-0.506978,-1.444312,0.244637,0.014950,1.684900,3.000000,85.459941,0.561633,3.000000,56.983543,64.985163,37.487636,0.000000,-0.007317,-0.024524,0.017206,12.926277,25.767097,16.827613,0.540407,0.232065,-0.785818,0.926654,0.012735,1.933448,5.000000,102.121212,0.386690,8.000000,48.515128,33.234421,25.219555,1.000000,-0.034719,-0.010977,-0.023742,13.216490,16.840419,21.010491,-0.065660,-0.425761,-1.453009,0.468487,0.020823,1.929825,6.000000,113.793103,0.321637,1.000000,52.617850,68.063872,76.103258,0.000000,0.071028,-0.020303,0.091331,16.109047,26.633470,19.000865,0.216170,-0.158440,-1.149114,0.584408,0.025666,1.667625,0.000000,59.426230,0.000000,7.000000,2.887232,8.000000,114.823529,0.360904,7.000000,2.452819,13.000000,143.097643,0.188678,4.000000,1.743981,6.000000,68.909513,0.290664,3.000000,2.468358,8.000000,148.109966,0.308545,4.000000,1.694817,1.000000,54.291045,1.694817,3.000000,3.027222,6.000000,199.256506,0.504537,4.000000,1.542697,0.000000,61.275626,0.000000,2.000000,2.455807,14.000000,92.226891,0.175415,2.000000,2.735632,7.000000,68.000000,0.390805,3.000000,3.867403,28.000000,216.049383,0.138122,4.000000,1.822682,7.000000,97.005988,0.260383,3.000000,2.000000,6.000000,39.000000,-1.000000,,,,47.080382,50.492881,74.238629,-0.062199,-0.154988,0.092790,24.538642,14.157527,23.220315,-0.637801,-0.163118,0.395634,0.060724,,0.000000,,40.189536,30.513595,13.518284,-0.184592,-0.047271,-0.137321,24.810197,22.107596,28.569060,-0.458276,-0.365403,0.218868,0.016227,0.712703,0.000000,,218.272425,59.426230,0.712859,1.528215
2025-12-09T03:45:00Z,1.027095,no_impulse,0,APLAPOLLO,1h,-1.000000,185.338346,2.790829,6.000000,0.465138,-1.182771,-1.050415,-1.105777,1.528823,0.000000,64.251208,0.000000,2.000000,43.446026,18.357488,26.979577,0.000000,0.345803,0.540550,-0.194747,31.075858,18.875308,23.961316,-0.694737,-0.033209,0.065784,0.211068,0.023879,2.324145,7.000000,63.013699,0.332021,2.000000,43.446026,18.357488,26.979577,1.000000,0.345803,0.540550,-0.194747,31.075858,18.875308,23.961316,-0.694737,-0.033209,0.065784,0.211068,0.023879,3.829564,13.000000,218.272425,0.294582,1.000000,72.008570,95.433790,93.511043,0.000000,0.687232,0.564805,0.122427,33.067102,32.957722,13.021018,1.275937,2.003243,1.874232,0.817582,0.040696,1.724237,2.000000,89.317507,0.862118,2.000000,60.885834,98.607242,50.871059,1.000000,0.140506,0.096795,0.043711,15.441792,31.105137,14.578801,1.089619,1.094335,0.280058,1.096478,0.018469,1.968458,7.000000,129.118774,0.281208,1.000000,47.815669,33.827893,72.067791,0.000000,0.102909,0.096032,0.006878,13.835707,24.716468,15.732920,-0.217659,-0.258330,-1.119580,0.366252,0.016239,1.501640,7.000000,90.625000,0.214520,2.000000,45.842146,33.333333,65.779313,1.000000,0.111109,0.071102,0.040007,16.793879,19.618012,24.379104,-0.383240,-0.506978,-1.444312,0.244637,0.014950,1.684900,3.000000,85.459941,0.561633,3.000000,56.983543,64.985163,37.487636,0.000000,-0.007317,-0.024524,0.017206,12.926277,25.767097,16.827613,0.540407,0.232065,-0.785818,0.926654,0.012735,1.933448,5.000000,102.121212,0.386690,8.000000,48.515128,33.234421,25.219555,1.000000,-0.034719,-0.010977,-0.023742,13.216490,16.840419,21.010491,-0.065660,-0.425761,-1.453009,0.468487,0.020823,1.929825,6.000000,113.793103,0.321637,1.000000,1.667625,0.000000,59.426230,0.000000,7.000000,2.887232,8.000000,114.823529,0.360904,7.000000,2.452819,13.000000,143.097643,0.188678,4.000000,1.743981,6.000000,68.909513,0.290664,3.000000,2.468358,8.000000,148.109966,0.308545,4.000000,1.694817,1.000000,54.291045,1.694817,3.000000,3.027222,6.000000,199.256506,0.504537,4.000000,1.542697,0.000000,61.275626,0.000000,2.000000,2.455807,14.000000,92.226891,0.175415,2.000000,2.735632,7.000000,68.000000,0.390805,3.000000,3.867403,28.000000,216.049383,0.138122,4.000000,4.000000,1.000000,45.000000,-1.000000,,,,48.379317,55.640745,64.472703,-0.081520,-0.139960,0.058440,24.632662,13.297972,22.572166,-0.331222,0.103105,0.441140,0.056087,,0.000000,,41.333085,56.410256,56.505055,-0.431661,-0.515075,0.083413,23.958360,19.718152,21.437892,-0.225860,-0.856812,0.398787,0.022265,1.388979,1.200000,,218.272425,59.426230,0.684596,1.479022
2025-12-10T03:45:00Z,1.055506,no_impulse,0,APLAPOLLO,1h,1.000000,96.348884,2.766131,7.000000,0.395162,0.141881,0.151741,0.056546,2.790829,6.000000,185.338346,0.465138,4.000000,35.257039,14.352574,18.975611,0.000000,-0.268544,0.053415,-0.321958,29.316705,13.134385,25.414801,-1.182771,-1.050415,-1.105777,0.220861,0.041877,1.528823,0.000000,64.251208,0.000000,2.000000,43.446026,18.357488,26.979577,0.000000,0.345803,0.540550,-0.194747,31.075858,18.875308,23.961316,-0.694737,-0.033209,0.065784,0.211068,0.023879,2.324145,7.000000,63.013699,0.332021,2.000000,43.446026,18.357488,26.979577,1.000000,0.345803,0.540550,-0.194747,31.075858,18.875308,23.961316,-0.694737,-0.033209,0.065784,0.211068,0.023879,3.829564,13.000000,218.272425,0.294582,1.000000,72.008570,95.433790,93.511043,0.000000,0.687232,0.564805,0.122427,33.067102,32.957722,13.021018,1.275937,2.003243,1.874232,0.817582,0.040696,1.724237,2.000000,89.317507,0.862118,2.000000,60.885834,98.607242,50.871059,1.000000,0.140506,0.096795,0.043711,15.441792,31.105137,14.578801,1.089619,1.094335,0.280058,1.096478,0.018469,1.968458,7.000000,129.118774,0.281208,1.000000,47.815669,33.827893,72.067791,0.000000,0.102909,0.096032,0.006878,13.835707,24.716468,15.732920,-0.217659,-0.258330,-1.119580,0.366252,0.016239,1.501640,7.000000,90.625000,0.214520,2.000000,45.842146,33.333333,65.779313,1.000000,0.111109,0.071102,0.040007,16.793879,19.618012,24.379104,-0.383240,-0.506978,-1.444312,0.244637,0.014950,1.684900,3.000000,85.459941,0.561633,3.000000,56.983543,64.985163,37.487636,0.000000,-0.007317,-0.024524,0.017206,12.926277,25.767097,16.827613,0.540407,0.232065,-0.785818,0.926654,0.012735,1.933448,5.000000,102.121212,0.386690,8.000000,1.929825,6.000000,113.793103,0.321637,1.000000,1.667625,0.000000,59.426230,0.000000,7.000000,2.887232,8.000000,114.823529,0.360904,7.000000,2.452819,13.000000,143.097643,0.188678,4.000000,1.743981,6.000000,68.909513,0.290664,3.000000,2.468358,8.000000,148.109966,0.308545,4.000000,1.694817,1.000000,54.291045,1.694817,3.000000,3.027222,6.000000,199.256506,0.504537,4.000000,1.542697,0.000000,61.275626,0.000000,2.000000,2.455807,14.000000,92.226891,0.175415,2.000000,2.735632,7.000000,68.000000,0.390805,3.000000,3.000000,2.000000,52.000000,-1.000000,,,,47.107602,50.383352,52.172326,-0.118182,-0.135914,0.017732,23.699491,16.368380,20.650865,-0.550671,-0.166319,0.388131,0.048955,,0.000000,,64.494831,83.829787,76.591911,0.098400,0.025037,0.073363,14.287166,30.959828,15.866158,0.672261,0.551388,1.160947,0.010240,1.303803,1.250000,,218.272425,63.013699,0.713832,0.883219
2025-12-11T05:45:00Z,1.023147,no_impulse,0,APLAPOLLO,1h,-1.000000,113.894737,3.065677,9.000000,0.340631,-1.026593,-1.305835,-1.570174,2.766131,7.000000,96.348884,0.395162,3.000000,51.440934,58.620690,46.229230,1.000000,-0.168911,-0.165991,-0.002920,25.259056,23.790200,17.708538,0.141881,0.151741,0.056546,0.538253,0.037143,2.790829,6.000000,185.338346,0.465138,4.000000,35.257039,14.352574,18.975611,0.000000,-0.268544,0.053415,-0.321958,29.316705,13.134385,25.414801,-1.182771,-1.050415,-1.105777,0.220861,0.041877,1.528823,0.000000,64.251208,0.000000,2.000000,43.446026,18.357488,26.979577,0.000000,0.345803,0.540550,-0.194747,31.075858,18.875308,23.961316,-0.694737,-0.033209,0.065784,0.211068,0.023879,2.324145,7.000000,63.013699,0.332021,2.000000,43.446026,18.357488,26.979577,1.000000,0.345803,0.540550,-0.194747,31.075858,18.875308,23.961316,-0.694737,-0.033209,0.065784,0.211068,0.023879,3.829564,13.000000,218.272425,0.294582,1.000000,72.008570,95.433790,93.511043,0.000000,0.687232,0.564805,0.122427,33.067102,32.957722,13.021018,1.275937,2.003243,1.874232,0.817582,0.040696,1.724237,2.000000,89.317507,0.862118,2.000000,60.885834,98.607242,50.871059,1.000000,0.140506,0.096795,0.043711,15.441792,31.105137,14.578801,1.089619,1.094335,0.280058,1.096478,0.018469,1.968458,7.000000,129.118774,0.281208,1.000000,47.815669,33.827893,72.067791,0.000000,0.102909,0.096032,0.006878,13.835707,24.716468,15.732920,-0.217659,-0.258330,-1.119580,0.366252,0.016239,1.501640,7.000000,90.625000,0.214520,2.000000,45.842146,33.333333,65.779313,1.000000,0.111109,0.071102,0.040007,16.793879,19.618012,24.379104,-0.383240,-0.506978,-1.444312,0.244637,0.014950,1.684900,3.000000,85.459941,0.561633,3.000000,1.933448,5.000000,102.121212,0.386690,8.000000,1.929825,6.000000,113.793103,0.321637,1.000000,1.667625,0.000000,59.426230,0.000000,7.000000,2.887232,8.000000,114.823529,0.360904,7.000000,2.452819,13.000000,143.097643,0.188678,4.000000,1.743981,6.000000,68.909513,0.290664,3.000000,2.468358,8.000000,148.109966,0.308545,4.000000,1.694817,1.000000,54.291045,1.694817,3.000000,3.027222,6.000000,199.256506,0.504537,4.000000,1.542697,0.000000,61.275626,0.000000,2.000000,2.455807,14.000000,92.226891,0.175415,2.000000,4.000000,3.000000,61.000000,-1.000000,,,,43.753118,36.144578,47.389558,-0.206668,-0.150885,-0.055783,23.353544,15.461595,22.647544,-1.184626,-0.885912,0.256221,0.048025,,0.000000,,30.413813,4.498270,5.608745,-0.381159,-0.287405,-0.093754,23.047792,14.622600,31.525391,-0.778469,-1.215787,0.105226,0.019567,1.390192,1.578947,,218.272425,63.013699,0.737468,0.899446
2025-12-15T03:45:00Z,1.043842,no_impulse,0,APLAPOLLO,1h,1.000000,63.955638,2.022682,12.000000,0.168557,-0.113334,-0.329750,-0.702175,3.065677,9.000000,113.894737,0.340631,4.000000,35.163466,11.645102,10.440326,0.000000,-0.387171,-0.253275,-0.133896,19.782132,13.910590,22.920040,-1.026593,-1.305835,-1.570174,0.004265,0.020498,2.766131,7.000000,96.348884,0.395162,3.000000,51.440934,58.620690,46.229230,1.000000,-0.168911,-0.165991,-0.002920,25.259056,23.790200,17.708538,0.141881,0.151741,0.056546,0.538253,0.037143,2.790829,6.000000,185.338346,0.465138,4.000000,35.257039,14.352574,18.975611,0.000000,-0.268544,0.053415,-0.321958,29.316705,13.134385,25.414801,-1.182771,-1.050415,-1.105777,0.220861,0.041877,1.528823,0.000000,64.251208,0.000000,2.000000,43.446026,18.357488,26.979577,0.000000,0.345803,0.540550,-0.194747,31.075858,18.875308,23.961316,-0.694737,-0.033209,0.065784,0.211068,0.023879,2.324145,7.000000,63.013699,0.332021,2.000000,43.446026,18.357488,26.979577,1.000000,0.345803,0.540550,-0.194747,31.075858,18.875308,23.961316,-0.694737,-0.033209,0.065784,0.211068,0.023879,3.829564,13.000000,218.272425,0.294582,1.000000,72.008570,95.433790,93.511043,0.000000,0.687232,0.564805,0.122427,33.067102,32.957722,13.021018,1.275937,2.003243,1.874232,0.817582,0.040696,1.724237,2.000000,89.317507,0.862118,2.000000,60.885834,98.607242,50.871059,1.000000,0.140506,0.096795,0.043711,15.441792,31.105137,14.578801,1.089619,1.094335,0.280058,1.096478,0.018469,1.968458,7.000000,129.118774,0.281208,1.000000,47.815669,33.827893,72.067791,0.000000,0.102909,0.096032,0.006878,13.835707,24.716468,15.732920,-0.217659,-0.258330,-1.119580,0.366252,0.016239,1.501640,7.000000,90.625000,0.214520,2.000000,1.684900,3.000000,85.459941,0.561633,3.000000,1.933448,5.000000,102.121212,0.386690,8.000000,1.929825,6.000000,113.793103,0.321637,1.000000,1.667625,0.000000,59.426230,0.000000,7.000000,2.887232,8.000000,114.823529,0.360904,7.000000,2.452819,13.000000,143.097643,0.188678,4.000000,1.743981,6.000000,68.909513,0.290664,3.000000,2.468358,8.000000,148.109966,0.308545,4.000000,1.694817,1.000000,54.291045,1.694817,3.000000,3.027222,6.000000,199.256506,0.504537,4.000000,1.542697,0.000000,61.275626,0.000000,2.000000,3.000000,4.000000,73.000000,-1.000000,,,,48.657268,52.262443,46.957142,-0.192155,-0.166434,-0.025721,21.774410,15.985078,20.175012,-0.196978,0.046960,0.452311,0.041224,,0.000000,,45.394713,31.601732,48.716643,0.130443,0.155007,-0.024565,25.103412,19.903381,21.532294,-0.216686,-0.087453,0.298368,0.010723,0.872432,1.967213,,218.272425,63.013699,0.776965,1.122369
2025-12-17T03:45:00Z,1.028770,no_impulse,0,APLAPOLLO,1h,-1.000000,72.832370,1.443961,14.000000,0.103140,-0.588175,-0.725705,-1.120525,2.022682,12.000000,63.955638,0.168557,3.000000,47.209512,56.358382,74.446680,1.000000,-0.082828,-0.182342,0.099514,14.979249,20.097069,18.736799,-0.113334,-0.329750,-0.702175,0.437828,0.018209,3.065677,9.000000,113.894737,0.340631,4.000000,35.163466,11.645102,10.440326,0.000000,-0.387171,-0.253275,-0.133896,19.782132,13.910590,22.920040,-1.026593,-1.305835,-1.570174,0.004265,0.020498,2.766131,7.000000,96.348884,0.395162,3.000000,51.440934,58.620690,46.229230,1.000000,-0.168911,-0.165991,-0.002920,25.259056,23.790200,17.708538,0.141881,0.151741,0.056546,0.538253,0.037143,2.790829,6.000000,185.338346,0.465138,4.000000,35.257039,14.352574,18.975611,0.000000,-0.268544,0.053415,-0.321958,29.316705,13.134385,25.414801,-1.182771,-1.050415,-1.105777,0.220861,0.041877,1.528823,0.000000,64.251208,0.000000,2.000000,43.446026,18.357488,26.979577,0.000000,0.345803,0.540550,-0.194747,31.075858,18.875308,23.961316,-0.694737,-0.033209,0.065784,0.211068,0.023879,2.324145,7.000000,63.013699,0.332021,2.000000,43.446026,18.357488,26.979577,1.000000,0.345803,0.540550,-0.194747,31.075858,18.875308,23.961316,-0.694737,-0.033209,0.065784,0.211068,0.023879,3.829564,13.000000,218.272425,0.294582,1.000000,72.008570,95.433790,93.511043,0.000000,0.687232,0.564805,0.122427,33.067102,32.957722,13.021018,1.275937,2.003243,1.874232,0.817582,0.040696,1.724237,2.000000,89.317507,0.862118,2.000000,60.885834,98.607242,50.871059,1.000000,0.140506,0.096795,0.043711,15.441792,31.105137,14.578801,1.089619,1.094335,0.280058,1.096478,0.018469,1.968458,7.000000,129.118774,0.281208,1.000000,1.501640,7.000000,90.625000,0.214520,2.000000,1.684900,3.000000,85.459941,0.561633,3.000000,1.933448,5.000000,102.121212,0.386690,8.000000,1.929825,6.000000,113.793103,0.321637,1.000000,1.667625,0.000000,59.426230,0.000000,7.000000,2.887232,8.000000,114.823529,0.360904,7.000000,2.452819,13.000000,143.097643,0.188678,4.000000,1.743981,6.000000,68.909513,0.290664,3.000000,2.468358,8.000000,148.109966,0.308545,4.000000,1.694817,1.000000,54.291045,1.694817,3.000000,3.027222,6.000000,199.256506,0.504537,4.000000,2.000000,1.000000,87.000000,-1.000000,,,,55.872025,76.666667,53.902296,-0.076651,-0.153532,0.076881,20.379137,21.397380,16.933685,1.173759,1.439014,0.792377,0.040622,,0.000000,,49.244816,53.676471,66.666667,0.006619,0.014951,-0.008331,16.181989,21.129749,21.125405,-0.033782,-0.002239,0.451890,0.007020,0.613872,2.000000,,218.272425,63.013699,0.753345,1.182229
2025-12-17T06:45:00Z,1.062743,no_impulse,0,APLAPOLLO,1h,1.000000,225.396825,3.302326,3.000000,1.100775,1.930504,1.974663,1.679306,1.443961,14.000000,72.832370,0.103140,2.000000,42.299441,6.451613,37.639043,0.000000,-0.050450,-0.029223,-0.021227,11.254852,13.885731,21.410952,-0.588175,-0.725705,-1.120525,-0.006069,0.011554,2.022682,12.000000,63.955638,0.168557,3.000000,47.209512,56.358382,74.446680,1.000000,-0.082828,-0.182342,0.099514,14.979249,20.097069,18.736799,-0.113334,-0.329750,-0.702175,0.437828,0.018209,3.065677,9.000000,113.894737,0.340631,4.000000,35.163466,11.645102,10.440326,0.000000,-0.387171,-0.253275,-0.133896,19.782132,13.910590,22.920040,-1.026593,-1.305835,-1.570174,0.004265,0.020498,2.766131,7.000000,96.348884,0.395162,3.000000,51.440934,58.620690,46.229230,1.000000,-0.168911,-0.165991,-0.002920,25.259056,23.790200,17.708538,0.141881,0.151741,0.056546,0.538253,0.037143,2.790829,6.000000,185.338346,0.465138,4.000000,35.257039,14.352574,18.975611,0.000000,-0.268544,0.053415,-0.321958,29.316705,13.134385,25.414801,-1.182771,-1.050415,-1.105777,0.220861,0.041877,1.528823,0.000000,64.251208,0.000000,2.000000,43.446026,18.357488,26.979577,0.000000,0.345803,0.540550,-0.194747,31.075858,18.875308,23.961316,-0.694737,-0.033209,0.065784,0.211068,0.023879,2.324145,7.000000,63.013699,0.332021,2.000000,43.446026,18.357488,26.979577,1.000000,0.345803,0.540550,-0.194747,31.075858,18.875308,23.961316,-0.694737,-0.033209,0.065784,0.211068,0.023879,3.829564,13.000000,218.272425,0.294582,1.000000,72.008570,95.433790,93.511043,0.000000,0.687232,0.564805,0.122427,33.067102,32.957722,13.021018,1.275937,2.003243,1.874232,0.817582,0.040696,1.724237,2.000000,89.317507,0.862118,2.000000,1.968458,7.000000,129.118774,0.281208,1.000000,1.501640,7.000000,90.625000,0.214520,2.000000,1.684900,3.000000,85.459941,0.561633,3.000000,1.933448,5.000000,102.121212,0.386690,8.000000,1.929825,6.000000,113.793103,0.321637,1.000000,1.667625,0.000000,59.426230,0.000000,7.000000,2.887232,8.000000,114.823529,0.360904,7.000000,2.452819,13.000000,143.097643,0.188678,4.000000,1.743981,6.000000,68.909513,0.290664,3.000000,2.468358,8.000000,148.109966,0.308545,4.000000,1.694817,1.000000,54.291045,1.694817,3.000000,1.000000,2.000000,90.000000,-1.000000,,,,62.622317,97.368421,68.937622,0.164959,-0.087700,0.252659,20.483757,23.885795,15.321440,2.615530,3.027908,1.044524,0.049323,,0.000000,,70.852957,91.645570,67.836659,0.153544,0.017291,0.136253,27.018971,46.652645,10.257336,1.266198,1.366023,1.214217,0.017956,1.407371,0.389610,,218.272425,63.013699,0.760765,0.921891
2025-12-17T06:45:00Z,1.039536,no_impulse,0,APLAPOLLO,1h,-1.000000,68.309859,2.183701,0.000000,0.000000,1.930504,1.974663,1.679306,3.302326,3.000000,225.396825,1.100775,1.000000,66.845025,89.612676,78.301273,1.000000,0.188134,0.026264,0.161870,12.427049,28.502343,13.472979,1.930504,1.974663,1.679306,1.372564,0.022560,1.443961,14.000000,72.832370,0.103140,2.000000,42.299441,6.451613,37.639043,0.000000,-0.050450,-0.029223,-0.021227,11.254852,13.885731,21.410952,-0.588175,-0.725705,-1.120525,-0.006069,0.011554,2.022682,12.000000,63.955638,0.168557,3.000000,47.209512,56.358382,74.446680,1.000000,-0.082828,-0.182342,0.099514,14.979249,20.097069,18.736799,-0.113334,-0.329750,-0.702175,0.437828,0.018209,3.065677,9.000000,113.894737,0.340631,4.000000,35.163466,11.645102,10.440326,0.000000,-0.387171,-0.253275,-0.133896,19.782132,13.910590,22.920040,-1.026593,-1.305835,-1.570174,0.004265,0.020498,2.766131,7.000000,96.348884,0.395162,3.000000,51.440934,58.620690,46.229230,1.000000,-0.168911,-0.165991,-0.002920,25.259056,23.790200,17.708538,0.141881,0.151741,0.056546,0.538253,0.037143,2.790829,6.000000,185.338346,0.465138,4.000000,35.257039,14.352574,18.975611,0.000000,-0.268544,0.053415,-0.321958,29.316705,13.134385,25.414801,-1.182771,-1.050415,-1.105777,0.220861,0.041877,1.528823,0.000000,64.251208,0.000000,2.000000,43.446026,18.357488,26.979577,0.000000,0.345803,0.540550,-0.194747,31.075858,18.875308,23.961316,-0.694737,-0.033209,0.065784,0.211068,0.023879,2.324145,7.000000,63.013699,0.332021,2.000000,43.446026,18.357488,26.979577,1.000000,0.345803,0.540550,-0.194747,31.075858,18.875308,23.961316,-0.694737,-0.033209,0.065784,0.211068,0.023879,3.829564,13.000000,218.272425,0.294582,1.000000,1.724237,2.000000,89.317507,0.862118,2.000000,1.968458,7.000000,129.118774,0.281208,1.000000,1.501640,7.000000,90.625000,0.214520,2.000000,1.684900,3.000000,85.459941,0.561633,3.000000,1.933448,5.000000,102.121212,0.386690,8.000000,1.929825,6.000000,113.793103,0.321637,1.000000,1.667625,0.000000,59.426230,0.000000,7.000000,2.887232,8.000000,114.823529,0.360904,7.000000,2.452819,13.000000,143.097643,0.188678,4.000000,1.743981,6.000000,68.909513,0.290664,3.000000,2.468358,8.000000,148.109966,0.308545,4.000000,1.000000,3.000000,90.000000,-1.000000,,,,62.622317,97.368421,68.937622,0.164959,-0.087700,0.252659,20.483757,23.885795,15.321440,2.615530,3.027908,1.044524,0.049323,,0.000000,,70.852957,91.645570,67.836659,0.153544,0.017291,0.136253,27.018971,46.652645,10.257336,1.266198,1.366023,1.214217,0.017956,0.880582,0.000000,,225.396825,63.013699,0.802895,0.785023
2025-12-23T07:45:00Z,1.126682,no_impulse,0,APLAPOLLO,1h,1.000000,375.515464,8.383199,29.000000,0.289076,1.957984,4.071238,6.244086,2.183701,0.000000,68.309859,0.000000,1.000000,66.845025,89.612676,78.301273,0.000000,0.188134,0.026264,0.161870,12.427049,28.502343,13.472979,1.930504,1.974663,1.679306,1.372564,0.022560,3.302326,3.000000,225.396825,1.100775,1.000000,66.845025,89.612676,78.301273,1.000000,0.188134,0.026264,0.161870,12.427049,28.502343,13.472979,1.930504,1.974663,1.679306,1.372564,0.022560,1.443961,14.000000,72.832370,0.103140,2.000000,42.299441,6.451613,37.639043,0.000000,-0.050450,-0.029223,-0.021227,11.254852,13.885731,21.410952,-0.588175,-0.725705,-1.120525,-0.006069,0.011554,2.022682,12.000000,63.955638,0.168557,3.000000,47.209512,56.358382,74.446680,1.000000,-0.082828,-0.182342,0.099514,14.979249,20.097069,18.736799,-0.113334,-0.329750,-0.702175,0.437828,0.018209,3.065677,9.000000,113.894737,0.340631,4.000000,35.163466,11.645102,10.440326,0.000000,-0.387171,-0.253275,-0.133896,19.782132,13.910590,22.920040,-1.026593,-1.305835,-1.570174,0.004265,0.020498,2.766131,7.000000,96.348884,0.395162,3.000000,51.440934,58.620690,46.229230,1.000000,-0.168911,-0.165991,-0.002920,25.259056,23.790200,17.708538,0.141881,0.151741,0.056546,0.538253,0.037143,2.790829,6.000000,185.338346,0.465138,4.000000,35.257039,14.352574,18.975611,0.000000,-0.268544,0.053415,-0.321958,29.316705,13.134385,25.414801,-1.182771,-1.050415,-1.105777,0.220861,0.041877,1.528823,0.000000,64.251208,0.000000,2.000000,43.446026,18.357488,26.979577,0.000000,0.345803,0.540550,-0.194747,31.075858,18.875308,23.961316,-0.694737,-0.033209,0.065784,0.211068,0.023879,2.324145,7.000000,63.013699,0.332021,2.000000,3.829564,13.000000,218.272425,0.294582,1.000000,1.724237,2.000000,89.317507,0.862118,2.000000,1.968458,7.000000,129.118774,0.281208,1.000000,1.501640,7.000000,90.625000,0.214520,2.000000,1.684900,3.000000,85.459941,0.561633,3.000000,1.933448,5.000000,102.121212,0.386690,8.000000,1.929825,6.000000,113.793103,0.321637,1.000000,1.667625,0.000000,59.426230,0.000000,7.000000,2.887232,8.000000,114.823529,0.360904,7.000000,2.452819,13.000000,143.097643,0.188678,4.000000,1.743981,6.000000,68.909513,0.290664,3.000000,1.000000,4.000000,119.000000,-1.000000,,,,70.279095,85.499711,89.751750,1.376129,0.582318,0.793811,26.685621,33.002188,11.342823,4.044410,5.420698,0.898150,0.105862,,0.000000,,65.887474,79.935275,78.996189,0.385170,0.397918,-0.012748,38.273192,27.102084,15.496283,0.428766,1.356088,0.748047,0.017360,3.319048,4.084507,,225.396825,63.013699,0.767204,0.882296
2025-12-24T07:45:00Z,1.107064,no_impulse,0,APLAPOLLO,1h,-1.000000,22.512011,1.741254,7.000000,0.248751,0.131255,2.022226,4.646968,8.383199,29.000000,375.515464,0.289076,1.000000,80.105589,94.516971,92.570189,0.000000,1.433628,1.376121,0.057507,58.116335,37.151405,7.189811,1.957984,4.071238,6.244086,0.826630,0.061142,2.183701,0.000000,68.309859,0.000000,1.000000,66.845025,89.612676,78.301273,0.000000,0.188134,0.026264,0.161870,12.427049,28.502343,13.472979,1.930504,1.974663,1.679306,1.372564,0.022560,3.302326,3.000000,225.396825,1.100775,1.000000,66.845025,89.612676,78.301273,1.000000,0.188134,0.026264,0.161870,12.427049,28.502343,13.472979,1.930504,1.974663,1.679306,1.372564,0.022560,1.443961,14.000000,72.832370,0.103140,2.000000,42.299441,6.451613,37.639043,0.000000,-0.050450,-0.029223,-0.021227,11.254852,13.885731,21.410952,-0.588175,-0.725705,-1.120525,-0.006069,0.011554,2.022682,12.000000,63.955638,0.168557,3.000000,47.209512,56.358382,74.446680,1.000000,-0.082828,-0.182342,0.099514,14.979249,20.097069,18.736799,-0.113334,-0.329750,-0.702175,0.437828,0.018209,3.065677,9.000000,113.894737,0.340631,4.000000,35.163466,11.645102,10.440326,0.000000,-0.387171,-0.253275,-0.133896,19.782132,13.910590,22.920040,-1.026593,-1.305835,-1.570174,0.004265,0.020498,2.766131,7.000000,96.348884,0.395162,3.000000,51.440934,58.620690,46.229230,1.000000,-0.168911,-0.165991,-0.002920,25.259056,23.790200,17.708538,0.141881,0.151741,0.056546,0.538253,0.037143,2.790829,6.000000,185.338346,0.465138,4.000000,35.257039,14.352574,18.975611,0.000000,-0.268544,0.053415,-0.321958,29.316705,13.134385,25.414801,-1.182771,-1.050415,-1.105777,0.220861,0.041877,1.528823,0.000000,64.251208,0.000000,2.000000,2.324145,7.000000,63.013699,0.332021,2.000000,3.829564,13.000000,218.272425,0.294582,1.000000,1.724237,2.000000,89.317507,0.862118,2.000000,1.968458,7.000000,129.118774,0.281208,1.000000,1.501640,7.000000,90.625000,0.214520,2.000000,1.684900,3.000000,85.459941,0.561633,3.000000,1.933448,5.000000,102.121212,0.386690,8.000000,1.929825,6.000000,113.793103,0.321637,1.000000,1.667625,0.000000,59.426230,0.000000,7.000000,2.887232,8.000000,114.823529,0.360904,7.000000,2.452819,13.000000,143.097643,0.188678,4.000000,2.000000,5.000000,126.000000,-1.000000,,,,70.279095,85.499711,89.751750,1.376129,0.582318,0.793811,26.685621,33.002188,11.342823,4.044410,5.420698,0.898150,0.105862,,0.000000,,38.789249,9.944751,17.353066,-0.116376,-0.063429,-0.052948,13.938180,17.800464,25.384727,-0.385813,-0.188508,0.082531,0.009206,0.584088,0.804598,7.000000,375.515464,63.013699,1.995365,2.123170
2025-12-29T05:45:00Z,1.145822,no_impulse,0,APLAPOLLO,1h,1.000000,197.560976,3.501000,12.000000,0.291750,1.653700,3.464682,6.698378,1.741254,7.000000,22.512011,0.248751,2.000000,58.691733,13.109756,24.999098,1.000000,0.877133,1.139786,-0.262653,51.689349,27.154490,15.702328,0.131255,2.022226,4.646968,0.543325,0.030336,8.383199,29.000000,375.515464,0.289076,1.000000,80.105589,94.516971,92.570189,0.000000,1.433628,1.376121,0.057507,58.116335,37.151405,7.189811,1.957984,4.071238,6.244086,0.826630,0.061142,2.183701,0.000000,68.309859,0.000000,1.000000,66.845025,89.612676,78.301273,0.000000,0.188134,0.026264,0.161870,12.427049,28.502343,13.472979,1.930504,1.974663,1.679306,1.372564,0.022560,3.302326,3.000000,225.396825,1.100775,1.000000,66.845025,89.612676,78.301273,1.000000,0.188134,0.026264,0.161870,12.427049,28.502343,13.472979,1.930504,1.974663,1.679306,1.372564,0.022560,1.443961,14.000000,72.832370,0.103140,2.000000,42.299441,6.451613,37.639043,0.000000,-0.050450,-0.029223,-0.021227,11.254852,13.885731,21.410952,-0.588175,-0.725705,-1.120525,-0.006069,0.011554,2.022682,12.000000,63.955638,0.168557,3.000000,47.209512,56.358382,74.446680,1.000000,-0.082828,-0.182342,0.099514,14.979249,20.097069,18.736799,-0.113334,-0.329750,-0.702175,0.437828,0.018209,3.065677,9.000000,113.894737,0.340631,4.000000,35.163466,11.645102,10.440326,0.000000,-0.387171,-0.253275,-0.133896,19.782132,13.910590,22.920040,-1.026593,-1.305835,-1.570174,0.004265,0.020498,2.766131,7.000000,96.348884,0.395162,3.000000,51.440934,58.620690,46.229230,1.000000,-0.168911,-0.165991,-0.002920,25.259056,23.790200,17.708538,0.141881,0.151741,0.056546,0.538253,0.037143,2.790829,6.000000,185.338346,0.465138,4.000000,1.528823,0.000000,64.251208,0.000000,2.000000,2.324145,7.000000,63.013699,0.332021,2.000000,3.829564,13.000000,218.272425,0.294582,1.000000,1.724237,2.000000,89.317507,0.862118,2.000000,1.968458,7.000000,129.118774,0.281208,1.000000,1.501640,7.000000,90.625000,0.214520,2.000000,1.684900,3.000000,85.459941,0.561633,3.000000,1.933448,5.000000,102.121212,0.386690,8.000000,1.929825,6.000000,113.793103,0.321637,1.000000,1.667625,0.000000,59.426230,0.000000,7.000000,2.887232,8.000000,114.823529,0.360904,7.000000,1.000000,6.000000,138.000000,-1.000000,,,,74.076089,86.786933,89.856819,1.804264,0.985369,0.818895,30.662114,36.274866,9.615593,4.569865,6.395718,0.877877,0.126726,,0.000000,,70.750028,76.923077,80.448718,0.423188,0.391408,0.031780,47.771043,30.157505,8.386785,0.539192,1.198786,0.816647,0.017121,1.197800,1.379310,19.000000,375.515464,22.512011,2.024984,1.818321
2025-12-30T04:45:00Z,1.118667,no_impulse,0,APLAPOLLO,1h,-1.000000,70.061728,2.369891,6.000000,0.394982,-0.524116,1.023437,4.490508,3.501000,12.000000,197.560976,0.291750,1.000000,78.407607,91.203704,88.631311,1.000000,0.912404,0.837289,0.075115,50.978204,35.875209,7.890351,1.653700,3.464682,6.698378,0.976591,0.035282,1.741254,7.000000,22.512011,0.248751,2.000000,58.691733,13.109756,24.999098,1.000000,0.877133,1.139786,-0.262653,51.689349,27.154490,15.702328,0.131255,2.022226,4.646968,0.543325,0.030336,8.383199,29.000000,375.515464,0.289076,1.000000,80.105589,94.516971,92.570189,0.000000,1.433628,1.376121,0.057507,58.116335,37.151405,7.189811,1.957984,4.071238,6.244086,0.826630,0.061142,2.183701,0.000000,68.309859,0.000000,1.000000,66.845025,89.612676,78.301273,0.000000,0.188134,0.026264,0.161870,12.427049,28.502343,13.472979,1.930504,1.974663,1.679306,1.372564,0.022560,3.302326,3.000000,225.396825,1.100775,1.000000,66.845025,89.612676,78.301273,1.000000,0.188134,0.026264,0.161870,12.427049,28.502343,13.472979,1.930504,1.974663,1.679306,1.372564,0.022560,1.443961,14.000000,72.832370,0.103140,2.000000,42.299441,6.451613,37.639043,0.000000,-0.050450,-0.029223,-0.021227,11.254852,13.885731,21.410952,-0.588175,-0.725705,-1.120525,-0.006069,0.011554,2.022682,12.000000,63.955638,0.168557,3.000000,47.209512,56.358382,74.446680,1.000000,-0.082828,-0.182342,0.099514,14.979249,20.097069,18.736799,-0.113334,-0.329750,-0.702175,0.437828,0.018209,3.065677,9.000000,113.894737,0.340631,4.000000,35.163466,11.645102,10.440326,0.000000,-0.387171,-0.253275,-0.133896,19.782132,13.910590,22.920040,-1.026593,-1.305835,-1.570174,0.004265,0.020498,2.766131,7.000000,96.348884,0.395162,3.000000,2.790829,6.000000,185.338346,0.465138,4.000000,1.528823,0.000000,64.251208,0.000000,2.000000,2.324145,7.000000,63.013699,0.332021,2.000000,3.829564,13.000000,218.272425,0.294582,1.000000,1.724237,2.000000,89.317507,0.862118,2.000000,1.968458,7.000000,129.118774,0.281208,1.000000,1.501640,7.000000,90.625000,0.214520,2.000000,1.684900,3.000000,85.459941,0.561633,3.000000,1.933448,5.000000,102.121212,0.386690,8.000000,1.929825,6.000000,113.793103,0.321637,1.000000,1.667625,0.000000,59.426230,0.000000,7.000000,2.000000,7.000000,144.000000,-1.000000,,,,72.163755,84.154071,89.408273,1.917829,1.174122,0.743708,32.151720,34.157274,10.929898,3.887059,5.887025,0.805357,0.132444,,0.000000,,45.026653,41.393443,32.483833,-0.119069,-0.028247,-0.090822,28.652643,12.174134,26.334847,-0.227071,-0.064387,0.365463,0.016840,0.759562,0.606061,25.000000,375.515464,22.512011,1.969405,1.966158
2026-01-01T07:45:00Z,1.190203,no_impulse,0,APLAPOLLO,1h,1.000000,263.436123,6.394696,17.000000,0.376159,2.753277,4.446729,8.403590,2.369891,6.000000,70.061728,0.394982,2.000000,47.759143,4.405286,31.242991,1.000000,0.521354,0.735952,-0.214597,42.839508,21.155409,18.188061,-0.524116,1.023437,4.490508,0.351508,0.035112,3.501000,12.000000,197.560976,0.291750,1.000000,78.407607,91.203704,88.631311,1.000000,0.912404,0.837289,0.075115,50.978204,35.875209,7.890351,1.653700,3.464682,6.698378,0.976591,0.035282,1.741254,7.000000,22.512011,0.248751,2.000000,58.691733,13.109756,24.999098,1.000000,0.877133,1.139786,-0.262653,51.689349,27.154490,15.702328,0.131255,2.022226,4.646968,0.543325,0.030336,8.383199,29.000000,375.515464,0.289076,1.000000,80.105589,94.516971,92.570189,0.000000,1.433628,1.376121,0.057507,58.116335,37.151405,7.189811,1.957984,4.071238,6.244086,0.826630,0.061142,2.183701,0.000000,68.309859,0.000000,1.000000,66.845025,89.612676,78.301273,0.000000,0.188134,0.026264,0.161870,12.427049,28.502343,13.472979,1.930504,1.974663,1.679306,1.372564,0.022560,3.302326,3.000000,225.396825,1.100775,1.000000,66.845025,89.612676,78.301273,1.000000,0.188134,0.026264,0.161870,12.427049,28.502343,13.472979,1.930504,1.974663,1.679306,1.372564,0.022560,1.443961,14.000000,72.832370,0.103140,2.000000,42.299441,6.451613,37.639043,0.000000,-0.050450,-0.029223,-0.021227,11.254852,13.885731,21.410952,-0.588175,-0.725705,-1.120525,-0.006069,0.011554,2.022682,12.000000,63.955638,0.168557,3.000000,47.209512,56.358382,74.446680,1.000000,-0.082828,-0.182342,0.099514,14.979249,20.097069,18.736799,-0.113334,-0.329750,-0.702175,0.437828,0.018209,3.065677,9.000000,113.894737,0.340631,4.000000,2.766131,7.000000,96.348884,0.395162,3.000000,2.790829,6.000000,185.338346,0.465138,4.000000,1.528823,0.000000,64.251208,0.000000,2.000000,2.324145,7.000000,63.013699,0.332021,2.000000,3.829564,13.000000,218.272425,0.294582,1.000000,1.724237,2.000000,89.317507,0.862118,2.000000,1.968458,7.000000,129.118774,0.281208,1.000000,1.501640,7.000000,90.625000,0.214520,2.000000,1.684900,3.000000,85.459941,0.561633,3.000000,1.933448,5.000000,102.121212,0.386690,8.000000,1.929825,6.000000,113.793103,0.321637,1.000000,1.000000,8.000000,161.000000,-1.000000,,,,70.183337,77.420533,88.949153,2.507495,1.737134,0.770361,38.549086,39.168511,7.481873,4.575623,7.284599,0.786219,0.167530,,0.000000,,83.745763,88.808664,76.791643,0.676209,0.563178,0.113031,56.648830,51.182949,6.268481,1.906154,2.880528,1.097344,0.032531,2.077561,1.717172,42.000000,375.515464,22.512011,1.981685,0.548851
2026-01-01T07:45:00Z,1.169328,no_impulse,0,APLAPOLLO,1h,-1.000000,29.180602,1.753857,0.000000,0.000000,2.753277,4.446729,8.403590,6.394696,17.000000,263.436123,0.376159,1.000000,84.543717,85.893980,89.649067,0.000000,1.050981,0.764229,0.286752,48.065129,45.200385,6.353189,2.753277,4.446729,8.403590,0.969518,0.060301,2.369891,6.000000,70.061728,0.394982,2.000000,47.759143,4.405286,31.242991,1.000000,0.521354,0.735952,-0.214597,42.839508,21.155409,18.188061,-0.524116,1.023437,4.490508,0.351508,0.035112,3.501000,12.000000,197.560976,0.291750,1.000000,78.407607,91.203704,88.631311,1.000000,0.912404,0.837289,0.075115,50.978204,35.875209,7.890351,1.653700,3.464682,6.698378,0.976591,0.035282,1.741254,7.000000,22.512011,0.248751,2.000000,58.691733,13.109756,24.999098,1.000000,0.877133,1.139786,-0.262653,51.689349,27.154490,15.702328,0.131255,2.022226,4.646968,0.543325,0.030336,8.383199,29.000000,375.515464,0.289076,1.000000,80.105589,94.516971,92.570189,0.000000,1.433628,1.376121,0.057507,58.116335,37.151405,7.189811,1.957984,4.071238,6.244086,0.826630,0.061142,2.183701,0.000000,68.309859,0.000000,1.000000,66.845025,89.612676,78.301273,0.000000,0.188134,0.026264,0.161870,12.427049,28.502343,13.472979,1.930504,1.974663,1.679306,1.372564,0.022560,3.302326,3.000000,225.396825,1.100775,1.000000,66.845025,89.612676,78.301273,1.000000,0.188134,0.026264,0.161870,12.427049,28.502343,13.472979,1.930504,1.974663,1.679306,1.372564,0.022560,1.443961,14.000000,72.832370,0.103140,2.000000,42.299441,6.451613,37.639043,0.000000,-0.050450,-0.029223,-0.021227,11.254852,13.885731,21.410952,-0.588175,-0.725705,-1.120525,-0.006069,0.011554,2.022682,12.000000,63.955638,0.168557,3.000000,3.065677,9.000000,113.894737,0.340631,4.000000,2.766131,7.000000,96.348884,0.395162,3.000000,2.790829,6.000000,185.338346,0.465138,4.000000,1.528823,0.000000,64.251208,0.000000,2.000000,2.324145,7.000000,63.013699,0.332021,2.000000,3.829564,13.000000,218.272425,0.294582,1.000000,1.724237,2.000000,89.317507,0.862118,2.000000,1.968458,7.000000,129.118774,0.281208,1.000000,1.501640,7.000000,90.625000,0.214520,2.000000,1.684900,3.000000,85.459941,0.561633,3.000000,1.933448,5.000000,102.121212,0.386690,8.000000,1.000000,9.000000,161.000000,-1.000000,,,,70.183337,77.420533,88.949153,2.507495,1.737134,0.770361,38.549086,39.168511,7.481873,4.575623,7.284599,0.786219,0.167530,,0.000000,,83.745763,88.808664,76.791643,0.676209,0.563178,0.113031,56.648830,51.182949,6.268481,1.906154,2.880528,1.097344,0.032531,0.509718,0.000000,42.000000,375.515464,22.512011,2.234337,0.996542
2026-01-02T03:45:00Z,1.192476,no_impulse,0,APLAPOLLO,1h,1.000000,110.888252,1.979540,3.000000,0.659847,1.687303,3.556505,7.761923,1.753857,0.000000,29.180602,0.000000,1.000000,84.543717,85.893980,89.649067,0.000000,1.050981,0.764229,0.286752,48.065129,45.200385,6.353189,2.753277,4.446729,8.403590,0.969518,0.060301,6.394696,17.000000,263.436123,0.376159,1.000000,84.543717,85.893980,89.649067,0.000000,1.050981,0.764229,0.286752,48.065129,45.200385,6.353189,2.753277,4.446729,8.403590,0.969518,0.060301,2.369891,6.000000,70.061728,0.394982,2.000000,47.759143,4.405286,31.242991,1.000000,0.521354,0.735952,-0.214597,42.839508,21.155409,18.188061,-0.524116,1.023437,4.490508,0.351508,0.035112,3.501000,12.000000,197.560976,0.291750,1.000000,78.407607,91.203704,88.631311,1.000000,0.912404,0.837289,0.075115,50.978204,35.875209,7.890351,1.653700,3.464682,6.698378,0.976591,0.035282,1.741254,7.000000,22.512011,0.248751,2.000000,58.691733,13.109756,24.999098,1.000000,0.877133,1.139786,-0.262653,51.689349,27.154490,15.702328,0.131255,2.022226,4.646968,0.543325,0.030336,8.383199,29.000000,375.515464,0.289076,1.000000,80.105589,94.516971,92.570189,0.000000,1.433628,1.376121,0.057507,58.116335,37.151405,7.189811,1.957984,4.071238,6.244086,0.826630,0.061142,2.183701,0.000000,68.309859,0.000000,1.000000,66.845025,89.612676,78.301273,0.000000,0.188134,0.026264,0.161870,12.427049,28.502343,13.472979,1.930504,1.974663,1.679306,1.372564,0.022560,3.302326,3.000000,225.396825,1.100775,1.000000,66.845025,89.612676,78.301273,1.000000,0.188134,0.026264,0.161870,12.427049,28.502343,13.472979,1.930504,1.974663,1.679306,1.372564,0.022560,1.443961,14.000000,72.832370,0.103140,2.000000,2.022682,12.000000,63.955638,0.168557,3.000000,3.065677,9.000000,113.894737,0.340631,4.000000,2.766131,7.000000,96.348884,0.395162,3.000000,2.790829,6.000000,185.338346,0.465138,4.000000,1.528823,0.000000,64.251208,0.000000,2.000000,2.324145,7.000000,63.013699,0.332021,2.000000,3.829564,13.000000,218.272425,0.294582,1.000000,1.724237,2.000000,89.317507,0.862118,2.000000,1.968458,7.000000,129.118774,0.281208,1.000000,1.501640,7.000000,90.625000,0.214520,2.000000,1.684900,3.000000,85.459941,0.561633,3.000000,1.000000,10.000000,164.000000,-1.000000,,,,70.183337,77.420533,88.949153,2.507495,1.737134,0.770361,38.549086,39.168511,7.481873,4.575623,7.284599,0.786219,0.167530,,0.000000,,67.773069,70.904645,61.821684,0.616819,0.646707,-0.029887,53.114758,45.437295,13.257880,0.999942,2.094055,0.842945,0.029452,0.598110,0.300000,45.000000,375.515464,22.512011,2.296457,0.771970
2026-01-05T03:45:00Z,1.139243,no_impulse,0,APLAPOLLO,1h,-1.000000,229.974160,4.464062,7.000000,0.637723,-0.508964,0.927017,5.276567,1.979540,3.000000,110.888252,0.659847,1.000000,76.729280,68.355856,77.160389,0.000000,1.173790,0.959420,0.214370,53.824105,41.801408,4.690287,1.687303,3.556505,7.761923,0.757964,0.066531,1.753857,0.000000,29.180602,0.000000,1.000000,84.543717,85.893980,89.649067,0.000000,1.050981,0.764229,0.286752,48.065129,45.200385,6.353189,2.753277,4.446729,8.403590,0.969518,0.060301,6.394696,17.000000,263.436123,0.376159,1.000000,84.543717,85.893980,89.649067,0.000000,1.050981,0.764229,0.286752,48.065129,45.200385,6.353189,2.753277,4.446729,8.403590,0.969518,0.060301,2.369891,6.000000,70.061728,0.394982,2.000000,47.759143,4.405286,31.242991,1.000000,0.521354,0.735952,-0.214597,42.839508,21.155409,18.188061,-0.524116,1.023437,4.490508,0.351508,0.035112,3.501000,12.000000,197.560976,0.291750,1.000000,78.407607,91.203704,88.631311,1.000000,0.912404,0.837289,0.075115,50.978204,35.875209,7.890351,1.653700,3.464682,6.698378,0.976591,0.035282,1.741254,7.000000,22.512011,0.248751,2.000000,58.691733,13.109756,24.999098,1.000000,0.877133,1.139786,-0.262653,51.689349,27.154490,15.702328,0.131255,2.022226,4.646968,0.543325,0.030336,8.383199,29.000000,375.515464,0.289076,1.000000,80.105589,94.516971,92.570189,0.000000,1.433628,1.376121,0.057507,58.116335,37.151405,7.189811,1.957984,4.071238,6.244086,0.826630,0.061142,2.183701,0.000000,68.309859,0.000000,1.000000,66.845025,89.612676,78.301273,0.000000,0.188134,0.026264,0.161870,12.427049,28.502343,13.472979,1.930504,1.974663,1.679306,1.372564,0.022560,3.302326,3.000000,225.396825,1.100775,1.000000,1.443961,14.000000,72.832370,0.103140,2.000000,2.022682,12.000000,63.955638,0.168557,3.000000,3.065677,9.000000,113.894737,0.340631,4.000000,2.766131,7.000000,96.348884,0.395162,3.000000,2.790829,6.000000,185.338346,0.465138,4.000000,1.528823,0.000000,64.251208,0.000000,2.000000,2.324145,7.000000,63.013699,0.332021,2.000000,3.829564,13.000000,218.272425,0.294582,1.000000,1.724237,2.000000,89.317507,0.862118,2.000000,1.968458,7.000000,129.118774,0.281208,1.000000,1.501640,7.000000,90.625000,0.214520,2.000000,8.000000,1.000000,171.000000,-1.000000,,,,73.613662,89.952503,86.693663,2.647017,1.894867,0.752150,39.859494,34.781657,9.555894,5.645971,8.552904,0.835242,0.178492,,0.000000,,35.932171,6.435644,34.049786,-0.284840,-0.257809,-0.027031,15.779966,21.563650,27.674258,-0.674652,-0.767174,-0.081725,0.011520,1.350560,0.769231,52.000000,375.515464,22.512011,2.299182,1.330518
2026-01-06T03:45:00Z,1.187152,no_impulse,0,APLAPOLLO,1h,1.000000,90.000000,4.205387,7.000000,0.600770,0.721668,2.164445,6.639462,4.464062,7.000000,229.974160,0.637723,8.000000,47.573269,20.112360,23.112740,0.000000,0.466490,0.743065,-0.276576,40.967014,25.676252,27.862107,-0.508964,0.927017,5.276567,0.378441,0.041658,1.979540,3.000000,110.888252,0.659847,1.000000,76.729280,68.355856,77.160389,0.000000,1.173790,0.959420,0.214370,53.824105,41.801408,4.690287,1.687303,3.556505,7.761923,0.757964,0.066531,1.753857,0.000000,29.180602,0.000000,1.000000,84.543717,85.893980,89.649067,0.000000,1.050981,0.764229,0.286752,48.065129,45.200385,6.353189,2.753277,4.446729,8.403590,0.969518,0.060301,6.394696,17.000000,263.436123,0.376159,1.000000,84.543717,85.893980,89.649067,0.000000,1.050981,0.764229,0.286752,48.065129,45.200385,6.353189,2.753277,4.446729,8.403590,0.969518,0.060301,2.369891,6.000000,70.061728,0.394982,2.000000,47.759143,4.405286,31.242991,1.000000,0.521354,0.735952,-0.214597,42.839508,21.155409,18.188061,-0.524116,1.023437,4.490508,0.351508,0.035112,3.501000,12.000000,197.560976,0.291750,1.000000,78.407607,91.203704,88.631311,1.000000,0.912404,0.837289,0.075115,50.978204,35.875209,7.890351,1.653700,3.464682,6.698378,0.976591,0.035282,1.741254,7.000000,22.512011,0.248751,2.000000,58.691733,13.109756,24.999098,1.000000,0.877133,1.139786,-0.262653,51.689349,27.154490,15.702328,0.131255,2.022226,4.646968,0.543325,0.030336,8.383199,29.000000,375.515464,0.289076,1.000000,80.105589,94.516971,92.570189,0.000000,1.433628,1.376121,0.057507,58.116335,37.151405,7.189811,1.957984,4.071238,6.244086,0.826630,0.061142,2.183701,0.000000,68.309859,0.000000,1.000000,3.302326,3.000000,225.396825,1.100775,1.000000,1.443961,14.000000,72.832370,0.103140,2.000000,2.022682,12.000000,63.955638,0.168557,3.000000,3.065677,9.000000,113.894737,0.340631,4.000000,2.766131,7.000000,96.348884,0.395162,3.000000,2.790829,6.000000,185.338346,0.465138,4.000000,1.528823,0.000000,64.251208,0.000000,2.000000,2.324145,7.000000,63.013699,0.332021,2.000000,3.829564,13.000000,218.272425,0.294582,1.000000,1.724237,2.000000,89.317507,0.862118,2.000000,1.968458,7.000000,129.118774,0.281208,1.000000,3.000000,2.000000,7.000000,-1.000000,,,,69.049329,83.266350,83.546462,2.711426,2.072421,0.639005,41.259315,34.598285,8.796849,4.306250,7.392066,0.749896,0.180076,,0.000000,,60.470042,31.229236,67.425618,0.330471,0.312963,0.017509,22.740616,35.788534,14.515986,0.300291,0.736583,0.707708,0.014501,1.165782,0.833333,59.000000,375.515464,22.512011,2.224658,0.668330
2026-01-12T03:45:00Z,1.117172,no_impulse,0,APLAPOLLO,1h,-1.000000,146.067416,5.894800,28.000000,0.210529,-2.304595,-2.687328,0.818040,4.205387,7.000000,90.000000,0.600770,3.000000,61.673376,69.912609,70.195589,0.000000,0.624209,0.618672,0.005537,31.752416,33.702752,17.436903,0.721668,2.164445,6.639462,0.730921,0.031479,4.464062,7.000000,229.974160,0.637723,8.000000,47.573269,20.112360,23.112740,0.000000,0.466490,0.743065,-0.276576,40.967014,25.676252,27.862107,-0.508964,0.927017,5.276567,0.378441,0.041658,1.979540,3.000000,110.888252,0.659847,1.000000,76.729280,68.355856,77.160389,0.000000,1.173790,0.959420,0.214370,53.824105,41.801408,4.690287,1.687303,3.556505,7.761923,0.757964,0.066531,1.753857,0.000000,29.180602,0.000000,1.000000,84.543717,85.893980,89.649067,0.000000,1.050981,0.764229,0.286752,48.065129,45.200385,6.353189,2.753277,4.446729,8.403590,0.969518,0.060301,6.394696,17.000000,263.436123,0.376159,1.000000,84.543717,85.893980,89.649067,0.000000,1.050981,0.764229,0.286752,48.065129,45.200385,6.353189,2.753277,4.446729,8.403590,0.969518,0.060301,2.369891,6.000000,70.061728,0.394982,2.000000,47.759143,4.405286,31.242991,1.000000,0.521354,0.735952,-0.214597,42.839508,21.155409,18.188061,-0.524116,1.023437,4.490508,0.351508,0.035112,3.501000,12.000000,197.560976,0.291750,1.000000,78.407607,91.203704,88.631311,1.000000,0.912404,0.837289,0.075115,50.978204,35.875209,7.890351,1.653700,3.464682,6.698378,0.976591,0.035282,1.741254,7.000000,22.512011,0.248751,2.000000,58.691733,13.109756,24.999098,1.000000,0.877133,1.139786,-0.262653,51.689349,27.154490,15.702328,0.131255,2.022226,4.646968,0.543325,0.030336,8.383199,29.000000,375.515464,0.289076,1.000000,2.183701,0.000000,68.309859,0.000000,1.000000,3.302326,3.000000,225.396825,1.100775,1.000000,1.443961,14.000000,72.832370,0.103140,2.000000,2.022682,12.000000,63.955638,0.168557,3.000000,3.065677,9.000000,113.894737,0.340631,4.000000,2.766131,7.000000,96.348884,0.395162,3.000000,2.790829,6.000000,185.338346,0.465138,4.000000,1.528823,0.000000,64.251208,0.000000,2.000000,2.324145,7.000000,63.013699,0.332021,2.000000,3.829564,13.000000,218.272425,0.294582,1.000000,1.724237,2.000000,89.317507,0.862118,2.000000,4.000000,3.000000,35.000000,-1.000000,,,,58.099292,39.400136,46.553098,2.163720,2.293104,-0.129384,39.083173,26.247995,21.588153,1.297279,4.443003,0.588871,0.147891,,0.000000,,29.213897,9.734513,23.919517,-0.351645,-0.305342,-0.046304,32.902067,11.663271,32.072030,-1.147391,-1.789392,-0.293867,0.014289,1.594198,3.181818,87.000000,375.515464,22.512011,2.229225,1.012411
2026-01-12T03:45:00Z,1.136671,no_impulse,0,APLAPOLLO,1h,1.000000,27.863248,1.745369,0.000000,0.000000,-2.304595,-2.687328,0.818040,5.894800,28.000000,146.067416,0.210529,4.000000,20.066867,1.572327,7.085593,0.000000,-0.775217,-0.536953,-0.238263,36.399849,7.561103,39.804849,-2.304595,-2.687328,0.818040,0.007513,0.045741,4.205387,7.000000,90.000000,0.600770,3.000000,61.673376,69.912609,70.195589,0.000000,0.624209,0.618672,0.005537,31.752416,33.702752,17.436903,0.721668,2.164445,6.639462,0.730921,0.031479,4.464062,7.000000,229.974160,0.637723,8.000000,47.573269,20.112360,23.112740,0.000000,0.466490,0.743065,-0.276576,40.967014,25.676252,27.862107,-0.508964,0.927017,5.276567,0.378441,0.041658,1.979540,3.000000,110.888252,0.659847,1.000000,76.729280,68.355856,77.160389,0.000000,1.173790,0.959420,0.214370,53.824105,41.801408,4.690287,1.687303,3.556505,7.761923,0.757964,0.066531,1.753857,0.000000,29.180602,0.000000,1.000000,84.543717,85.893980,89.649067,0.000000,1.050981,0.764229,0.286752,48.065129,45.200385,6.353189,2.753277,4.446729,8.403590,0.969518,0.060301,6.394696,17.000000,263.436123,0.376159,1.000000,84.543717,85.893980,89.649067,0.000000,1.050981,0.764229,0.286752,48.065129,45.200385,6.353189,2.753277,4.446729,8.403590,0.969518,0.060301,2.369891,6.000000,70.061728,0.394982,2.000000,47.759143,4.405286,31.242991,1.000000,0.521354,0.735952,-0.214597,42.839508,21.155409,18.188061,-0.524116,1.023437,4.490508,0.351508,0.035112,3.501000,12.000000,197.560976,0.291750,1.000000,78.407607,91.203704,88.631311,1.000000,0.912404,0.837289,0.075115,50.978204,35.875209,7.890351,1.653700,3.464682,6.698378,0.976591,0.035282,1.741254,7.000000,22.512011,0.248751,2.000000,8.383199,29.000000,375.515464,0.289076,1.000000,2.183701,0.000000,68.309859,0.000000,1.000000,3.302326,3.000000,225.396825,1.100775,1.000000,1.443961,14.000000,72.832370,0.103140,2.000000,2.022682,12.000000,63.955638,0.168557,3.000000,3.065677,9.000000,113.894737,0.340631,4.000000,2.766131,7.000000,96.348884,0.395162,3.000000,2.790829,6.000000,185.338346,0.465138,4.000000,1.528823,0.000000,64.251208,0.000000,2.000000,2.324145,7.000000,63.013699,0.332021,2.000000,3.829564,13.000000,218.272425,0.294582,1.000000,4.000000,4.000000,35.000000,-1.000000,,,,58.099292,39.400136,46.553098,2.163720,2.293104,-0.129384,39.083173,26.247995,21.588153,1.297279,4.443003,0.588871,0.147891,,0.000000,,29.213897,9.734513,23.919517,-0.351645,-0.305342,-0.046304,32.902067,11.663271,32.072030,-1.147391,-1.789392,-0.293867,0.014289,0.428967,0.000000,87.000000,375.515464,22.512011,2.257903,1.438005
2026-01-12T06:45:00Z,1.108679,no_impulse,0,APLAPOLLO,1h,-1.000000,143.558282,2.462639,3.000000,0.820880,-1.367697,-2.085050,1.057672,1.745369,0.000000,27.863248,0.000000,4.000000,20.066867,1.572327,7.085593,0.000000,-0.775217,-0.536953,-0.238263,36.399849,7.561103,39.804849,-2.304595,-2.687328,0.818040,0.007513,0.045741,5.894800,28.000000,146.067416,0.210529,4.000000,20.066867,1.572327,7.085593,0.000000,-0.775217,-0.536953,-0.238263,36.399849,7.561103,39.804849,-2.304595,-2.687328,0.818040,0.007513,0.045741,4.205387,7.000000,90.000000,0.600770,3.000000,61.673376,69.912609,70.195589,0.000000,0.624209,0.618672,0.005537,31.752416,33.702752,17.436903,0.721668,2.164445,6.639462,0.730921,0.031479,4.464062,7.000000,229.974160,0.637723,8.000000,47.573269,20.112360,23.112740,0.000000,0.466490,0.743065,-0.276576,40.967014,25.676252,27.862107,-0.508964,0.927017,5.276567,0.378441,0.041658,1.979540,3.000000,110.888252,0.659847,1.000000,76.729280,68.355856,77.160389,0.000000,1.173790,0.959420,0.214370,53.824105,41.801408,4.690287,1.687303,3.556505,7.761923,0.757964,0.066531,1.753857,0.000000,29.180602,0.000000,1.000000,84.543717,85.893980,89.649067,0.000000,1.050981,0.764229,0.286752,48.065129,45.200385,6.353189,2.753277,4.446729,8.403590,0.969518,0.060301,6.394696,17.000000,263.436123,0.376159,1.000000,84.543717,85.893980,89.649067,0.000000,1.050981,0.764229,0.286752,48.065129,45.200385,6.353189,2.753277,4.446729,8.403590,0.969518,0.060301,2.369891,6.000000,70.061728,0.394982,2.000000,47.759143,4.405286,31.242991,1.000000,0.521354,0.735952,-0.214597,42.839508,21.155409,18.188061,-0.524116,1.023437,4.490508,0.351508,0.035112,3.501000,12.000000,197.560976,0.291750,1.000000,1.741254,7.000000,22.512011,0.248751,2.000000,8.383199,29.000000,375.515464,0.289076,1.000000,2.183701,0.000000,68.309859,0.000000,1.000000,3.302326,3.000000,225.396825,1.100775,1.000000,1.443961,14.000000,72.832370,0.103140,2.000000,2.022682,12.000000,63.955638,0.168557,3.000000,3.065677,9.000000,113.894737,0.340631,4.000000,2.766131,7.000000,96.348884,0.395162,3.000000,2.790829,6.000000,185.338346,0.465138,4.000000,1.528823,0.000000,64.251208,0.000000,2.000000,2.324145,7.000000,63.013699,0.332021,2.000000,4.000000,5.000000,38.000000,-1.000000,,,,58.161717,39.672802,40.036265,2.003751,2.234849,-0.231097,37.258748,26.537170,20.207388,1.192478,4.288043,0.591012,0.132605,,0.000000,,33.873456,23.033708,15.605493,-0.699382,-0.648559,-0.050823,46.638156,15.609588,26.920471,-0.629340,-1.711461,0.326889,0.036127,0.723245,0.344828,90.000000,263.436123,22.512011,1.772033,1.445028
2026-01-13T03:45:00Z,1.148394,no_impulse,0,APLAPOLLO,1h,1.000000,141.880342,3.582218,4.000000,0.895555,-0.392506,-1.031780,1.861362,2.462639,3.000000,143.558282,0.820880,4.000000,32.470901,33.002481,14.792141,1.000000,-0.994722,-0.748474,-0.246247,41.579272,15.566347,39.008679,-1.367697,-2.085050,1.057672,0.256602,0.055434,1.745369,0.000000,27.863248,0.000000,4.000000,20.066867,1.572327,7.085593,0.000000,-0.775217,-0.536953,-0.238263,36.399849,7.561103,39.804849,-2.304595,-2.687328,0.818040,0.007513,0.045741,5.894800,28.000000,146.067416,0.210529,4.000000,20.066867,1.572327,7.085593,0.000000,-0.775217,-0.536953,-0.238263,36.399849,7.561103,39.804849,-2.304595,-2.687328,0.818040,0.007513,0.045741,4.205387,7.000000,90.000000,0.600770,3.000000,61.673376,69.912609,70.195589,0.000000,0.624209,0.618672,0.005537,31.752416,33.702752,17.436903,0.721668,2.164445,6.639462,0.730921,0.031479,4.464062,7.000000,229.974160,0.637723,8.000000,47.573269,20.112360,23.112740,0.000000,0.466490,0.743065,-0.276576,40.967014,25.676252,27.862107,-0.508964,0.927017,5.276567,0.378441,0.041658,1.979540,3.000000,110.888252,0.659847,1.000000,76.729280,68.355856,77.160389,0.000000,1.173790,0.959420,0.214370,53.824105,41.801408,4.690287,1.687303,3.556505,7.761923,0.757964,0.066531,1.753857,0.000000,29.180602,0.000000,1.000000,84.543717,85.893980,89.649067,0.000000,1.050981,0.764229,0.286752,48.065129,45.200385,6.353189,2.753277,4.446729,8.403590,0.969518,0.060301,6.394696,17.000000,263.436123,0.376159,1.000000,84.543717,85.893980,89.649067,0.000000,1.050981,0.764229,0.286752,48.065129,45.200385,6.353189,2.753277,4.446729,8.403590,0.969518,0.060301,2.369891,6.000000,70.061728,0.394982,2.000000,3.501000,12.000000,197.560976,0.291750,1.000000,1.741254,7.000000,22.512011,0.248751,2.000000,8.383199,29.000000,375.515464,0.289076,1.000000,2.183701,0.000000,68.309859,0.000000,1.000000,3.302326,3.000000,225.396825,1.100775,1.000000,1.443961,14.000000,72.832370,0.103140,2.000000,2.022682,12.000000,63.955638,0.168557,3.000000,3.065677,9.000000,113.894737,0.340631,4.000000,2.766131,7.000000,96.348884,0.395162,3.000000,2.790829,6.000000,185.338346,0.465138,4.000000,1.528823,0.000000,64.251208,0.000000,2.000000,7.000000,6.000000,42.000000,-1.000000,,,,58.161717,39.672802,40.036265,2.003751,2.234849,-0.231097,37.258748,26.537170,20.207388,1.192478,4.288043,0.591012,0.132605,,0.000000,,68.139002,77.409639,89.174364,0.303039,0.024893,0.278145,36.505947,39.589963,10.050687,0.979299,0.767356,0.746935,0.040050,1.030225,0.481928,94.000000,263.436123,27.863248,1.710390,0.948711
2026-01-13T05:45:00Z,1.126622,no_impulse,0,APLAPOLLO,1h,-1.000000,54.819277,1.895833,2.000000,0.947917,-0.664855,-1.291286,1.499641,3.582218,4.000000,141.880342,0.895555,7.000000,44.149559,59.726027,77.023833,1.000000,-0.614914,-0.730412,0.115499,35.924240,21.789500,34.300971,-0.392506,-1.031780,1.861362,0.408795,0.042867,2.462639,3.000000,143.558282,0.820880,4.000000,32.470901,33.002481,14.792141,1.000000,-0.994722,-0.748474,-0.246247,41.579272,15.566347,39.008679,-1.367697,-2.085050,1.057672,0.256602,0.055434,1.745369,0.000000,27.863248,0.000000,4.000000,20.066867,1.572327,7.085593,0.000000,-0.775217,-0.536953,-0.238263,36.399849,7.561103,39.804849,-2.304595,-2.687328,0.818040,0.007513,0.045741,5.894800,28.000000,146.067416,0.210529,4.000000,20.066867,1.572327,7.085593,0.000000,-0.775217,-0.536953,-0.238263,36.399849,7.561103,39.804849,-2.304595,-2.687328,0.818040,0.007513,0.045741,4.205387,7.000000,90.000000,0.600770,3.000000,61.673376,69.912609,70.195589,0.000000,0.624209,0.618672,0.005537,31.752416,33.702752,17.436903,0.721668,2.164445,6.639462,0.730921,0.031479,4.464062,7.000000,229.974160,0.637723,8.000000,47.573269,20.112360,23.112740,0.000000,0.466490,0.743065,-0.276576,40.967014,25.676252,27.862107,-0.508964,0.927017,5.276567,0.378441,0.041658,1.979540,3.000000,110.888252,0.659847,1.000000,76.729280,68.355856,77.160389,0.000000,1.173790,0.959420,0.214370,53.824105,41.801408,4.690287,1.687303,3.556505,7.761923,0.757964,0.066531,1.753857,0.000000,29.180602,0.000000,1.000000,84.543717,85.893980,89.649067,0.000000,1.050981,0.764229,0.286752,48.065129,45.200385,6.353189,2.753277,4.446729,8.403590,0.969518,0.060301,6.394696,17.000000,263.436123,0.376159,1.000000,2.369891,6.000000,70.061728,0.394982,2.000000,3.501000,12.000000,197.560976,0.291750,1.000000,1.741254,7.000000,22.512011,0.248751,2.000000,8.383199,29.000000,375.515464,0.289076,1.000000,2.183701,0.000000,68.309859,0.000000,1.000000,3.302326,3.000000,225.396825,1.100775,1.000000,1.443961,14.000000,72.832370,0.103140,2.000000,2.022682,12.000000,63.955638,0.168557,3.000000,3.065677,9.000000,113.894737,0.340631,4.000000,2.766131,7.000000,96.348884,0.395162,3.000000,2.790829,6.000000,185.338346,0.465138,4.000000,2.000000,1.000000,2.000000,-1.000000,,,,58.161717,39.672802,40.036265,2.003751,2.234849,-0.231097,37.258748,26.537170,20.207388,1.192478,4.288043,0.591012,0.132605,,0.000000,,62.952612,65.296804,58.952518,0.296182,0.226881,0.069302,34.031175,31.299735,14.641609,0.635937,0.660091,0.764223,0.024222,0.543960,0.266667,96.000000,263.436123,27.863248,1.710708,0.534887
2026-01-16T04:45:00Z,1.174113,no_impulse,0,APLAPOLLO,1h,1.000000,218.131868,4.215332,13.000000,0.324256,0.928315,1.258256,3.972729,1.895833,2.000000,54.819277,0.947917,2.000000,42.590609,51.232877,61.369863,0.000000,-0.527252,-0.659584,0.132332,34.370453,18.172699,31.490908,-0.664855,-1.291286,1.499641,0.322229,0.037153,3.582218,4.000000,141.880342,0.895555,7.000000,44.149559,59.726027,77.023833,1.000000,-0.614914,-0.730412,0.115499,35.924240,21.789500,34.300971,-0.392506,-1.031780,1.861362,0.408795,0.042867,2.462639,3.000000,143.558282,0.820880,4.000000,32.470901,33.002481,14.792141,1.000000,-0.994722,-0.748474,-0.246247,41.579272,15.566347,39.008679,-1.367697,-2.085050,1.057672,0.256602,0.055434,1.745369,0.000000,27.863248,0.000000,4.000000,20.066867,1.572327,7.085593,0.000000,-0.775217,-0.536953,-0.238263,36.399849,7.561103,39.804849,-2.304595,-2.687328,0.818040,0.007513,0.045741,5.894800,28.000000,146.067416,0.210529,4.000000,20.066867,1.572327,7.085593,0.000000,-0.775217,-0.536953,-0.238263,36.399849,7.561103,39.804849,-2.304595,-2.687328,0.818040,0.007513,0.045741,4.205387,7.000000,90.000000,0.600770,3.000000,61.673376,69.912609,70.195589,0.000000,0.624209,0.618672,0.005537,31.752416,33.702752,17.436903,0.721668,2.164445,6.639462,0.730921,0.031479,4.464062,7.000000,229.974160,0.637723,8.000000,47.573269,20.112360,23.112740,0.000000,0.466490,0.743065,-0.276576,40.967014,25.676252,27.862107,-0.508964,0.927017,5.276567,0.378441,0.041658,1.979540,3.000000,110.888252,0.659847,1.000000,76.729280,68.355856,77.160389,0.000000,1.173790,0.959420,0.214370,53.824105,41.801408,4.690287,1.687303,3.556505,7.761923,0.757964,0.066531,1.753857,0.000000,29.180602,0.000000,1.000000,6.394696,17.000000,263.436123,0.376159,1.000000,2.369891,6.000000,70.061728,0.394982,2.000000,3.501000,12.000000,197.560976,0.291750,1.000000,1.741254,7.000000,22.512011,0.248751,2.000000,8.383199,29.000000,375.515464,0.289076,1.000000,2.183701,0.000000,68.309859,0.000000,1.000000,3.302326,3.000000,225.396825,1.100775,1.000000,1.443961,14.000000,72.832370,0.103140,2.000000,2.022682,12.000000,63.955638,0.168557,3.000000,3.065677,9.000000,113.894737,0.340631,4.000000,2.766131,7.000000,96.348884,0.395162,3.000000,1.000000,2.000000,15.000000,-1.000000,,,,63.435966,63.871847,54.442172,1.927084,2.100476,-0.173393,35.551346,29.992788,17.386558,2.482342,5.586142,0.768042,0.094968,,0.000000,,68.799533,97.819315,93.206694,0.377922,0.353591,0.024331,29.739754,32.681869,14.449335,1.090429,1.812524,1.290464,0.013947,1.226157,1.830986,109.000000,263.436123,27.863248,1.751141,0.670352
2026-01-20T03:45:00Z,1.133082,no_impulse,0,APLAPOLLO,1h,-1.000000,86.397985,3.494651,13.000000,0.268819,0.192164,0.404709,2.958233,4.215332,13.000000,218.131868,0.324256,1.000000,58.900386,73.803526,86.613945,0.000000,0.555829,0.298143,0.257686,25.451652,27.608622,14.874052,0.928315,1.258256,3.972729,0.683328,0.051111,1.895833,2.000000,54.819277,0.947917,2.000000,42.590609,51.232877,61.369863,0.000000,-0.527252,-0.659584,0.132332,34.370453,18.172699,31.490908,-0.664855,-1.291286,1.499641,0.322229,0.037153,3.582218,4.000000,141.880342,0.895555,7.000000,44.149559,59.726027,77.023833,1.000000,-0.614914,-0.730412,0.115499,35.924240,21.789500,34.300971,-0.392506,-1.031780,1.861362,0.408795,0.042867,2.462639,3.000000,143.558282,0.820880,4.000000,32.470901,33.002481,14.792141,1.000000,-0.994722,-0.748474,-0.246247,41.579272,15.566347,39.008679,-1.367697,-2.085050,1.057672,0.256602,0.055434,1.745369,0.000000,27.863248,0.000000,4.000000,20.066867,1.572327,7.085593,0.000000,-0.775217,-0.536953,-0.238263,36.399849,7.561103,39.804849,-2.304595,-2.687328,0.818040,0.007513,0.045741,5.894800,28.000000,146.067416,0.210529,4.000000,20.066867,1.572327,7.085593,0.000000,-0.775217,-0.536953,-0.238263,36.399849,7.561103,39.804849,-2.304595,-2.687328,0.818040,0.007513,0.045741,4.205387,7.000000,90.000000,0.600770,3.000000,61.673376,69.912609,70.195589,0.000000,0.624209,0.618672,0.005537,31.752416,33.702752,17.436903,0.721668,2.164445,6.639462,0.730921,0.031479,4.464062,7.000000,229.974160,0.637723,8.000000,47.573269,20.112360,23.112740,0.000000,0.466490,0.743065,-0.276576,40.967014,25.676252,27.862107,-0.508964,0.927017,5.276567,0.378441,0.041658,1.979540,3.000000,110.888252,0.659847,1.000000,1.753857,0.000000,29.180602,0.000000,1.000000,6.394696,17.000000,263.436123,0.376159,1.000000,2.369891,6.000000,70.061728,0.394982,2.000000,3.501000,12.000000,197.560976,0.291750,1.000000,1.741254,7.000000,22.512011,0.248751,2.000000,8.383199,29.000000,375.515464,0.289076,1.000000,2.183701,0.000000,68.309859,0.000000,1.000000,3.302326,3.000000,225.396825,1.100775,1.000000,1.443961,14.000000,72.832370,0.103140,2.000000,2.022682,12.000000,63.955638,0.168557,3.000000,3.065677,9.000000,113.894737,0.340631,4.000000,2.000000,3.000000,28.000000,-1.000000,,,,55.385246,40.218132,51.215633,1.664238,1.995869,-0.331632,32.590839,25.993355,21.112961,0.516784,3.542825,0.576634,0.067785,,0.000000,,39.927945,62.686567,41.666954,-0.238017,-0.243181,0.005164,31.655886,11.472941,38.260567,-0.357305,-0.616608,0.221475,0.012783,1.085328,1.940299,122.000000,229.974160,27.863248,1.452392,0.959474
2026-01-20T03:45:00Z,1.156289,no_impulse,0,APLAPOLLO,1h,1.000000,56.559767,2.048142,0.000000,0.000000,0.192164,0.404709,2.958233,3.494651,13.000000,86.397985,0.268819,2.000000,52.560713,51.895044,25.696785,1.000000,0.053218,0.189930,-0.136712,22.824451,11.845930,27.270069,0.192164,0.404709,2.958233,0.585589,0.022495,4.215332,13.000000,218.131868,0.324256,1.000000,58.900386,73.803526,86.613945,0.000000,0.555829,0.298143,0.257686,25.451652,27.608622,14.874052,0.928315,1.258256,3.972729,0.683328,0.051111,1.895833,2.000000,54.819277,0.947917,2.000000,42.590609,51.232877,61.369863,0.000000,-0.527252,-0.659584,0.132332,34.370453,18.172699,31.490908,-0.664855,-1.291286,1.499641,0.322229,0.037153,3.582218,4.000000,141.880342,0.895555,7.000000,44.149559,59.726027,77.023833,1.000000,-0.614914,-0.730412,0.115499,35.924240,21.789500,34.300971,-0.392506,-1.031780,1.861362,0.408795,0.042867,2.462639,3.000000,143.558282,0.820880,4.000000,32.470901,33.002481,14.792141,1.000000,-0.994722,-0.748474,-0.246247,41.579272,15.566347,39.008679,-1.367697,-2.085050,1.057672,0.256602,0.055434,1.745369,0.000000,27.863248,0.000000,4.000000,20.066867,1.572327,7.085593,0.000000,-0.775217,-0.536953,-0.238263,36.399849,7.561103,39.804849,-2.304595,-2.687328,0.818040,0.007513,0.045741,5.894800,28.000000,146.067416,0.210529,4.000000,20.066867,1.572327,7.085593,0.000000,-0.775217,-0.536953,-0.238263,36.399849,7.561103,39.804849,-2.304595,-2.687328,0.818040,0.007513,0.045741,4.205387,7.000000,90.000000,0.600770,3.000000,61.673376,69.912609,70.195589,0.000000,0.624209,0.618672,0.005537,31.752416,33.702752,17.436903,0.721668,2.164445,6.639462,0.730921,0.031479,4.464062,7.000000,229.974160,0.637723,8.000000,1.979540,3.000000,110.888252,0.659847,1.000000,1.753857,0.000000,29.180602,0.000000,1.000000,6.394696,17.000000,263.436123,0.376159,1.000000,2.369891,6.000000,70.061728,0.394982,2.000000,3.501000,12.000000,197.560976,0.291750,1.000000,1.741254,7.000000,22.512011,0.248751,2.000000,8.383199,29.000000,375.515464,0.289076,1.000000,2.183701,0.000000,68.309859,0.000000,1.000000,3.302326,3.000000,225.396825,1.100775,1.000000,1.443961,14.000000,72.832370,0.103140,2.000000,2.022682,12.000000,63.955638,0.168557,3.000000,2.000000,4.000000,28.000000,-1.000000,,,,55.385246,40.218132,51.215633,1.664238,1.995869,-0.331632,32.590839,25.993355,21.112961,0.516784,3.542825,0.576634,0.067785,,0.000000,,39.927945,62.686567,41.666954,-0.238017,-0.243181,0.005164,31.655886,11.472941,38.260567,-0.357305,-0.616608,0.221475,0.012783,0.603463,0.000000,122.000000,229.974160,27.863248,1.358436,1.233060
2026-01-21T05:45:00Z,1.110832,no_impulse,0,APLAPOLLO,1h,-1.000000,195.876289,3.931306,9.000000,0.436812,-1.395209,-1.679493,0.483439,2.048142,0.000000,56.559767,0.000000,2.000000,52.560713,51.895044,25.696785,0.000000,0.053218,0.189930,-0.136712,22.824451,11.845930,27.270069,0.192164,0.404709,2.958233,0.585589,0.022495,3.494651,13.000000,86.397985,0.268819,2.000000,52.560713,51.895044,25.696785,1.000000,0.053218,0.189930,-0.136712,22.824451,11.845930,27.270069,0.192164,0.404709,2.958233,0.585589,0.022495,4.215332,13.000000,218.131868,0.324256,1.000000,58.900386,73.803526,86.613945,0.000000,0.555829,0.298143,0.257686,25.451652,27.608622,14.874052,0.928315,1.258256,3.972729,0.683328,0.051111,1.895833,2.000000,54.819277,0.947917,2.000000,42.590609,51.232877,61.369863,0.000000,-0.527252,-0.659584,0.132332,34.370453,18.172699,31.490908,-0.664855,-1.291286,1.499641,0.322229,0.037153,3.582218,4.000000,141.880342,0.895555,7.000000,44.149559,59.726027,77.023833,1.000000,-0.614914,-0.730412,0.115499,35.924240,21.789500,34.300971,-0.392506,-1.031780,1.861362,0.408795,0.042867,2.462639,3.000000,143.558282,0.820880,4.000000,32.470901,33.002481,14.792141,1.000000,-0.994722,-0.748474,-0.246247,41.579272,15.566347,39.008679,-1.367697,-2.085050,1.057672,0.256602,0.055434,1.745369,0.000000,27.863248,0.000000,4.000000,20.066867,1.572327,7.085593,0.000000,-0.775217,-0.536953,-0.238263,36.399849,7.561103,39.804849,-2.304595,-2.687328,0.818040,0.007513,0.045741,5.894800,28.000000,146.067416,0.210529,4.000000,20.066867,1.572327,7.085593,0.000000,-0.775217,-0.536953,-0.238263,36.399849,7.561103,39.804849,-2.304595,-2.687328,0.818040,0.007513,0.045741,4.205387,7.000000,90.000000,0.600770,3.000000,4.464062,7.000000,229.974160,0.637723,8.000000,1.979540,3.000000,110.888252,0.659847,1.000000,1.753857,0.000000,29.180602,0.000000,1.000000,6.394696,17.000000,263.436123,0.376159,1.000000,2.369891,6.000000,70.061728,0.394982,2.000000,3.501000,12.000000,197.560976,0.291750,1.000000,1.741254,7.000000,22.512011,0.248751,2.000000,8.383199,29.000000,375.515464,0.289076,1.000000,2.183701,0.000000,68.309859,0.000000,1.000000,3.302326,3.000000,225.396825,1.100775,1.000000,1.443961,14.000000,72.832370,0.103140,2.000000,4.000000,1.000000,37.000000,-1.000000,,,,49.771218,21.540559,37.105203,1.413985,1.902781,-0.488796,30.550372,23.166250,25.108992,-0.845239,2.052202,0.372471,0.065723,,0.000000,,38.212809,40.064103,24.145299,-0.642760,-0.474282,-0.168478,43.388622,14.301553,33.586420,-0.707064,-1.432009,0.313035,0.037553,1.155980,1.168831,131.000000,229.974160,27.863248,1.350651,1.228876
2026-01-22T03:45:00Z,1.175190,no_impulse,0,APLAPOLLO,1h,1.000000,141.578947,5.793668,5.000000,1.158734,2.153470,1.755437,3.587357,3.931306,9.000000,195.876289,0.436812,4.000000,36.988722,36.184211,20.662106,0.000000,-0.482738,-0.201782,-0.280956,35.028745,9.458941,29.856818,-1.395209,-1.679493,0.483439,0.115414,0.035779,2.048142,0.000000,56.559767,0.000000,2.000000,52.560713,51.895044,25.696785,0.000000,0.053218,0.189930,-0.136712,22.824451,11.845930,27.270069,0.192164,0.404709,2.958233,0.585589,0.022495,3.494651,13.000000,86.397985,0.268819,2.000000,52.560713,51.895044,25.696785,1.000000,0.053218,0.189930,-0.136712,22.824451,11.845930,27.270069,0.192164,0.404709,2.958233,0.585589,0.022495,4.215332,13.000000,218.131868,0.324256,1.000000,58.900386,73.803526,86.613945,0.000000,0.555829,0.298143,0.257686,25.451652,27.608622,14.874052,0.928315,1.258256,3.972729,0.683328,0.051111,1.895833,2.000000,54.819277,0.947917,2.000000,42.590609,51.232877,61.369863,0.000000,-0.527252,-0.659584,0.132332,34.370453,18.172699,31.490908,-0.664855,-1.291286,1.499641,0.322229,0.037153,3.582218,4.000000,141.880342,0.895555,7.000000,44.149559,59.726027,77.023833,1.000000,-0.614914,-0.730412,0.115499,35.924240,21.789500,34.300971,-0.392506,-1.031780,1.861362,0.408795,0.042867,2.462639,3.000000,143.558282,0.820880,4.000000,32.470901,33.002481,14.792141,1.000000,-0.994722,-0.748474,-0.246247,41.579272,15.566347,39.008679,-1.367697,-2.085050,1.057672,0.256602,0.055434,1.745369,0.000000,27.863248,0.000000,4.000000,20.066867,1.572327,7.085593,0.000000,-0.775217,-0.536953,-0.238263,36.399849,7.561103,39.804849,-2.304595,-2.687328,0.818040,0.007513,0.045741,5.894800,28.000000,146.067416,0.210529,4.000000,4.205387,7.000000,90.000000,0.600770,3.000000,4.464062,7.000000,229.974160,0.637723,8.000000,1.979540,3.000000,110.888252,0.659847,1.000000,1.753857,0.000000,29.180602,0.000000,1.000000,6.394696,17.000000,263.436123,0.376159,1.000000,2.369891,6.000000,70.061728,0.394982,2.000000,3.501000,12.000000,197.560976,0.291750,1.000000,1.741254,7.000000,22.512011,0.248751,2.000000,8.383199,29.000000,375.515464,0.289076,1.000000,2.183701,0.000000,68.309859,0.000000,1.000000,3.302326,3.000000,225.396825,1.100775,1.000000,7.000000,2.000000,42.000000,-1.000000,,,,63.813092,87.934560,49.897751,1.517694,1.750731,-0.233037,29.498683,28.986033,21.064647,3.732662,6.610384,1.072441,0.067734,,0.000000,,68.890653,97.194164,58.605519,-0.076773,-0.369545,0.292772,29.651152,44.533039,16.641766,3.163034,2.621998,1.310554,0.040298,1.730710,0.632911,136.000000,218.131868,27.863248,1.314064,0.977378
2026-01-22T03:45:00Z,1.128417,no_impulse,0,APLAPOLLO,1h,-1.000000,72.676580,3.980049,0.000000,0.000000,2.153470,1.755437,3.587357,5.793668,5.000000,141.578947,1.158734,7.000000,59.882891,82.713755,43.492304,0.000000,-0.389865,-0.425910,0.036045,35.536225,31.452451,18.697729,2.153470,1.755437,3.587357,0.985078,0.045371,3.931306,9.000000,195.876289,0.436812,4.000000,36.988722,36.184211,20.662106,0.000000,-0.482738,-0.201782,-0.280956,35.028745,9.458941,29.856818,-1.395209,-1.679493,0.483439,0.115414,0.035779,2.048142,0.000000,56.559767,0.000000,2.000000,52.560713,51.895044,25.696785,0.000000,0.053218,0.189930,-0.136712,22.824451,11.845930,27.270069,0.192164,0.404709,2.958233,0.585589,0.022495,3.494651,13.000000,86.397985,0.268819,2.000000,52.560713,51.895044,25.696785,1.000000,0.053218,0.189930,-0.136712,22.824451,11.845930,27.270069,0.192164,0.404709,2.958233,0.585589,0.022495,4.215332,13.000000,218.131868,0.324256,1.000000,58.900386,73.803526,86.613945,0.000000,0.555829,0.298143,0.257686,25.451652,27.608622,14.874052,0.928315,1.258256,3.972729,0.683328,0.051111,1.895833,2.000000,54.819277,0.947917,2.000000,42.590609,51.232877,61.369863,0.000000,-0.527252,-0.659584,0.132332,34.370453,18.172699,31.490908,-0.664855,-1.291286,1.499641,0.322229,0.037153,3.582218,4.000000,141.880342,0.895555,7.000000,44.149559,59.726027,77.023833,1.000000,-0.614914,-0.730412,0.115499,35.924240,21.789500,34.300971,-0.392506,-1.031780,1.861362,0.408795,0.042867,2.462639,3.000000,143.558282,0.820880,4.000000,32.470901,33.002481,14.792141,1.000000,-0.994722,-0.748474,-0.246247,41.579272,15.566347,39.008679,-1.367697,-2.085050,1.057672,0.256602,0.055434,1.745369,0.000000,27.863248,0.000000,4.000000,5.894800,28.000000,146.067416,0.210529,4.000000,4.205387,7.000000,90.000000,0.600770,3.000000,4.464062,7.000000,229.974160,0.637723,8.000000,1.979540,3.000000,110.888252,0.659847,1.000000,1.753857,0.000000,29.180602,0.000000,1.000000,6.394696,17.000000,263.436123,0.376159,1.000000,2.369891,6.000000,70.061728,0.394982,2.000000,3.501000,12.000000,197.560976,0.291750,1.000000,1.741254,7.000000,22.512011,0.248751,2.000000,8.383199,29.000000,375.515464,0.289076,1.000000,2.183701,0.000000,68.309859,0.000000,1.000000,7.000000,3.000000,0.000000,-1.000000,,,,63.813092,87.934560,49.897751,1.517694,1.750731,-0.233037,29.498683,28.986033,21.064647,3.732662,6.610384,1.072441,0.067734,,0.000000,,68.890653,97.194164,58.605519,-0.076773,-0.369545,0.292772,29.651152,44.533039,16.641766,3.163034,2.621998,1.310554,0.040298,1.135083,0.000000,136.000000,218.131868,27.863248,1.510562,1.225624
2026-01-23T03:45:00Z,1.238471,no_impulse,0,APLAPOLLO,1h,1.000000,235.294118,9.752995,7.000000,1.393285,4.942092,5.583066,7.720647,3.980049,0.000000,72.676580,0.000000,7.000000,59.882891,82.713755,43.492304,0.000000,-0.389865,-0.425910,0.036045,35.536225,31.452451,18.697729,2.153470,1.755437,3.587357,0.985078,0.045371,5.793668,5.000000,141.578947,1.158734,7.000000,59.882891,82.713755,43.492304,0.000000,-0.389865,-0.425910,0.036045,35.536225,31.452451,18.697729,2.153470,1.755437,3.587357,0.985078,0.045371,3.931306,9.000000,195.876289,0.436812,4.000000,36.988722,36.184211,20.662106,0.000000,-0.482738,-0.201782,-0.280956,35.028745,9.458941,29.856818,-1.395209,-1.679493,0.483439,0.115414,0.035779,2.048142,0.000000,56.559767,0.000000,2.000000,52.560713,51.895044,25.696785,0.000000,0.053218,0.189930,-0.136712,22.824451,11.845930,27.270069,0.192164,0.404709,2.958233,0.585589,0.022495,3.494651,13.000000,86.397985,0.268819,2.000000,52.560713,51.895044,25.696785,1.000000,0.053218,0.189930,-0.136712,22.824451,11.845930,27.270069,0.192164,0.404709,2.958233,0.585589,0.022495,4.215332,13.000000,218.131868,0.324256,1.000000,58.900386,73.803526,86.613945,0.000000,0.555829,0.298143,0.257686,25.451652,27.608622,14.874052,0.928315,1.258256,3.972729,0.683328,0.051111,1.895833,2.000000,54.819277,0.947917,2.000000,42.590609,51.232877,61.369863,0.000000,-0.527252,-0.659584,0.132332,34.370453,18.172699,31.490908,-0.664855,-1.291286,1.499641,0.322229,0.037153,3.582218,4.000000,141.880342,0.895555,7.000000,44.149559,59.726027,77.023833,1.000000,-0.614914,-0.730412,0.115499,35.924240,21.789500,34.300971,-0.392506,-1.031780,1.861362,0.408795,0.042867,2.462639,3.000000,143.558282,0.820880,4.000000,1.745369,0.000000,27.863248,0.000000,4.000000,5.894800,28.000000,146.067416,0.210529,4.000000,4.205387,7.000000,90.000000,0.600770,3.000000,4.464062,7.000000,229.974160,0.637723,8.000000,1.979540,3.000000,110.888252,0.659847,1.000000,1.753857,0.000000,29.180602,0.000000,1.000000,6.394696,17.000000,263.436123,0.376159,1.000000,2.369891,6.000000,70.061728,0.394982,2.000000,3.501000,12.000000,197.560976,0.291750,1.000000,1.741254,7.000000,22.512011,0.248751,2.000000,8.383199,29.000000,375.515464,0.289076,1.000000,1.000000,1.000000,7.000000,-1.000000,,,,66.321875,68.470483,59.315201,1.712662,1.726241,-0.013578,29.854706,37.413396,18.226938,4.426661,7.432313,1.154446,0.070773,,0.000000,,83.762827,81.354698,89.172306,1.074202,0.785368,0.288835,36.212351,56.383541,8.558006,4.106465,5.321867,1.328215,0.051705,2.942150,1.428571,143.000000,218.131868,27.863248,1.277559,1.404473
2026-01-23T08:45:00Z,1.191220,no_impulse,0,APLAPOLLO,1h,-1.000000,42.934783,3.815319,5.000000,0.763064,1.696064,3.049213,5.726936,9.752995,7.000000,235.294118,1.393285,1.000000,73.633113,85.707591,93.459840,1.000000,0.949232,0.272975,0.676257,36.672803,46.500593,10.011389,4.942092,5.583066,7.720647,1.089254,0.088231,3.980049,0.000000,72.676580,0.000000,7.000000,59.882891,82.713755,43.492304,0.000000,-0.389865,-0.425910,0.036045,35.536225,31.452451,18.697729,2.153470,1.755437,3.587357,0.985078,0.045371,5.793668,5.000000,141.578947,1.158734,7.000000,59.882891,82.713755,43.492304,0.000000,-0.389865,-0.425910,0.036045,35.536225,31.452451,18.697729,2.153470,1.755437,3.587357,0.985078,0.045371,3.931306,9.000000,195.876289,0.436812,4.000000,36.988722,36.184211,20.662106,0.000000,-0.482738,-0.201782,-0.280956,35.028745,9.458941,29.856818,-1.395209,-1.679493,0.483439,0.115414,0.035779,2.048142,0.000000,56.559767,0.000000,2.000000,52.560713,51.895044,25.696785,0.000000,0.053218,0.189930,-0.136712,22.824451,11.845930,27.270069,0.192164,0.404709,2.958233,0.585589,0.022495,3.494651,13.000000,86.397985,0.268819,2.000000,52.560713,51.895044,25.696785,1.000000,0.053218,0.189930,-0.136712,22.824451,11.845930,27.270069,0.192164,0.404709,2.958233,0.585589,0.022495,4.215332,13.000000,218.131868,0.324256,1.000000,58.900386,73.803526,86.613945,0.000000,0.555829,0.298143,0.257686,25.451652,27.608622,14.874052,0.928315,1.258256,3.972729,0.683328,0.051111,1.895833,2.000000,54.819277,0.947917,2.000000,42.590609,51.232877,61.369863,0.000000,-0.527252,-0.659584,0.132332,34.370453,18.172699,31.490908,-0.664855,-1.291286,1.499641,0.322229,0.037153,3.582218,4.000000,141.880342,0.895555,7.000000,2.462639,3.000000,143.558282,0.820880,4.000000,1.745369,0.000000,27.863248,0.000000,4.000000,5.894800,28.000000,146.067416,0.210529,4.000000,4.205387,7.000000,90.000000,0.600770,3.000000,4.464062,7.000000,229.974160,0.637723,8.000000,1.979540,3.000000,110.888252,0.659847,1.000000,1.753857,0.000000,29.180602,0.000000,1.000000,6.394696,17.000000,263.436123,0.376159,1.000000,2.369891,6.000000,70.061728,0.394982,2.000000,3.501000,12.000000,197.560976,0.291750,1.000000,1.741254,7.000000,22.512011,0.248751,2.000000,2.000000,2.000000,12.000000,-1.000000,,,,66.321875,68.470483,59.315201,1.712662,1.726241,-0.013578,29.854706,37.413396,18.226938,4.426661,7.432313,1.154446,0.070773,,0.000000,,47.530396,7.982262,8.191057,0.400872,0.722098,-0.321226,32.969414,24.673021,26.751927,-0.468526,0.903167,0.323550,0.026429,0.927020,0.892857,5.000000,235.294118,54.819277,2.291591,2.061063
2026-01-29T03:45:00Z,1.286620,no_impulse,0,APLAPOLLO,1h,1.000000,201.898734,8.008636,16.000000,0.500540,1.300686,3.778189,8.050566,3.815319,5.000000,42.934783,0.763064,2.000000,62.003690,66.633267,71.154023,0.000000,1.408148,1.028550,0.379598,39.757558,36.901048,19.635757,1.696064,3.049213,5.726936,0.644408,0.119476,9.752995,7.000000,235.294118,1.393285,1.000000,73.633113,85.707591,93.459840,1.000000,0.949232,0.272975,0.676257,36.672803,46.500593,10.011389,4.942092,5.583066,7.720647,1.089254,0.088231,3.980049,0.000000,72.676580,0.000000,7.000000,59.882891,82.713755,43.492304,0.000000,-0.389865,-0.425910,0.036045,35.536225,31.452451,18.697729,2.153470,1.755437,3.587357,0.985078,0.045371,5.793668,5.000000,141.578947,1.158734,7.000000,59.882891,82.713755,43.492304,0.000000,-0.389865,-0.425910,0.036045,35.536225,31.452451,18.697729,2.153470,1.755437,3.587357,0.985078,0.045371,3.931306,9.000000,195.876289,0.436812,4.000000,36.988722,36.184211,20.662106,0.000000,-0.482738,-0.201782,-0.280956,35.028745,9.458941,29.856818,-1.395209,-1.679493,0.483439,0.115414,0.035779,2.048142,0.000000,56.559767,0.000000,2.000000,52.560713,51.895044,25.696785,0.000000,0.053218,0.189930,-0.136712,22.824451,11.845930,27.270069,0.192164,0.404709,2.958233,0.585589,0.022495,3.494651,13.000000,86.397985,0.268819,2.000000,52.560713,51.895044,25.696785,1.000000,0.053218,0.189930,-0.136712,22.824451,11.845930,27.270069,0.192164,0.404709,2.958233,0.585589,0.022495,4.215332,13.000000,218.131868,0.324256,1.000000,58.900386,73.803526,86.613945,0.000000,0.555829,0.298143,0.257686,25.451652,27.608622,14.874052,0.928315,1.258256,3.972729,0.683328,0.051111,1.895833,2.000000,54.819277,0.947917,2.000000,3.582218,4.000000,141.880342,0.895555,7.000000,2.462639,3.000000,143.558282,0.820880,4.000000,1.745369,0.000000,27.863248,0.000000,4.000000,5.894800,28.000000,146.067416,0.210529,4.000000,4.205387,7.000000,90.000000,0.600770,3.000000,4.464062,7.000000,229.974160,0.637723,8.000000,1.979540,3.000000,110.888252,0.659847,1.000000,1.753857,0.000000,29.180602,0.000000,1.000000,6.394696,17.000000,263.436123,0.376159,1.000000,2.369891,6.000000,70.061728,0.394982,2.000000,3.501000,12.000000,197.560976,0.291750,1.000000,1.000000,3.000000,28.000000,-1.000000,,,,66.861414,67.872410,84.713302,2.571396,2.027346,0.544050,32.191848,35.992818,12.815364,4.930768,8.641115,0.942825,0.117123,,0.000000,,59.792727,23.612903,45.934031,0.249320,0.311539,-0.062219,28.994326,45.177692,7.908740,0.208634,1.042814,1.048342,0.003813,1.883963,2.758621,21.000000,235.294118,42.934783,2.222041,1.490545
2026-01-30T03:45:00Z,1.215444,no_impulse,0,APLAPOLLO,1h,-1.000000,74.608150,5.532053,7.000000,0.790293,-0.035969,1.888000,6.401377,8.008636,16.000000,201.898734,0.500540,1.000000,67.956423,33.300100,73.407948,0.000000,1.552012,1.652077,-0.100065,48.075231,44.609660,8.560929,1.300686,3.778189,8.050566,0.717532,0.060581,3.815319,5.000000,42.934783,0.763064,2.000000,62.003690,66.633267,71.154023,0.000000,1.408148,1.028550,0.379598,39.757558,36.901048,19.635757,1.696064,3.049213,5.726936,0.644408,0.119476,9.752995,7.000000,235.294118,1.393285,1.000000,73.633113,85.707591,93.459840,1.000000,0.949232,0.272975,0.676257,36.672803,46.500593,10.011389,4.942092,5.583066,7.720647,1.089254,0.088231,3.980049,0.000000,72.676580,0.000000,7.000000,59.882891,82.713755,43.492304,0.000000,-0.389865,-0.425910,0.036045,35.536225,31.452451,18.697729,2.153470,1.755437,3.587357,0.985078,0.045371,5.793668,5.000000,141.578947,1.158734,7.000000,59.882891,82.713755,43.492304,0.000000,-0.389865,-0.425910,0.036045,35.536225,31.452451,18.697729,2.153470,1.755437,3.587357,0.985078,0.045371,3.931306,9.000000,195.876289,0.436812,4.000000,36.988722,36.184211,20.662106,0.000000,-0.482738,-0.201782,-0.280956,35.028745,9.458941,29.856818,-1.395209,-1.679493,0.483439,0.115414,0.035779,2.048142,0.000000,56.559767,0.000000,2.000000,52.560713,51.895044,25.696785,0.000000,0.053218,0.189930,-0.136712,22.824451,11.845930,27.270069,0.192164,0.404709,2.958233,0.585589,0.022495,3.494651,13.000000,86.397985,0.268819,2.000000,52.560713,51.895044,25.696785,1.000000,0.053218,0.189930,-0.136712,22.824451,11.845930,27.270069,0.192164,0.404709,2.958233,0.585589,0.022495,4.215332,13.000000,218.131868,0.324256,1.000000,1.895833,2.000000,54.819277,0.947917,2.000000,3.582218,4.000000,141.880342,0.895555,7.000000,2.462639,3.000000,143.558282,0.820880,4.000000,1.745369,0.000000,27.863248,0.000000,4.000000,5.894800,28.000000,146.067416,0.210529,4.000000,4.205387,7.000000,90.000000,0.600770,3.000000,4.464062,7.000000,229.974160,0.637723,8.000000,1.979540,3.000000,110.888252,0.659847,1.000000,1.753857,0.000000,29.180602,0.000000,1.000000,6.394696,17.000000,263.436123,0.376159,1.000000,2.369891,6.000000,70.061728,0.394982,2.000000,2.000000,4.000000,35.000000,-1.000000,,,,65.491122,65.340349,76.937586,2.626145,2.153211,0.472934,33.284346,34.214241,12.182095,4.137411,7.971859,0.853591,0.122061,,0.000000,,24.272974,14.596950,19.881711,-0.447219,-0.312338,-0.134880,23.834147,14.787267,24.279003,-1.192718,-1.409448,-0.036497,0.021970,1.178639,1.000000,28.000000,235.294118,42.934783,2.497796,1.574383
2026-02-03T03:45:00Z,1.313416,no_impulse,0,APLAPOLLO,1h,1.000000,137.647059,8.060627,21.000000,0.383839,2.358542,3.362917,7.674230,5.532053,7.000000,74.608150,0.790293,2.000000,53.817600,21.764706,12.562345,1.000000,0.662602,1.095223,-0.432621,47.334623,33.385164,16.865829,-0.035969,1.888000,6.401377,0.487774,0.029409,8.008636,16.000000,201.898734,0.500540,1.000000,67.956423,33.300100,73.407948,0.000000,1.552012,1.652077,-0.100065,48.075231,44.609660,8.560929,1.300686,3.778189,8.050566,0.717532,0.060581,3.815319,5.000000,42.934783,0.763064,2.000000,62.003690,66.633267,71.154023,0.000000,1.408148,1.028550,0.379598,39.757558,36.901048,19.635757,1.696064,3.049213,5.726936,0.644408,0.119476,9.752995,7.000000,235.294118,1.393285,1.000000,73.633113,85.707591,93.459840,1.000000,0.949232,0.272975,0.676257,36.672803,46.500593,10.011389,4.942092,5.583066,7.720647,1.089254,0.088231,3.980049,0.000000,72.676580,0.000000,7.000000,59.882891,82.713755,43.492304,0.000000,-0.389865,-0.425910,0.036045,35.536225,31.452451,18.697729,2.153470,1.755437,3.587357,0.985078,0.045371,5.793668,5.000000,141.578947,1.158734,7.000000,59.882891,82.713755,43.492304,0.000000,-0.389865,-0.425910,0.036045,35.536225,31.452451,18.697729,2.153470,1.755437,3.587357,0.985078,0.045371,3.931306,9.000000,195.876289,0.436812,4.000000,36.988722,36.184211,20.662106,0.000000,-0.482738,-0.201782,-0.280956,35.028745,9.458941,29.856818,-1.395209,-1.679493,0.483439,0.115414,0.035779,2.048142,0.000000,56.559767,0.000000,2.000000,52.560713,51.895044,25.696785,0.000000,0.053218,0.189930,-0.136712,22.824451,11.845930,27.270069,0.192164,0.404709,2.958233,0.585589,0.022495,3.494651,13.000000,86.397985,0.268819,2.000000,4.215332,13.000000,218.131868,0.324256,1.000000,1.895833,2.000000,54.819277,0.947917,2.000000,3.582218,4.000000,141.880342,0.895555,7.000000,2.462639,3.000000,143.558282,0.820880,4.000000,1.745369,0.000000,27.863248,0.000000,4.000000,5.894800,28.000000,146.067416,0.210529,4.000000,4.205387,7.000000,90.000000,0.600770,3.000000,4.464062,7.000000,229.974160,0.637723,8.000000,1.979540,3.000000,110.888252,0.659847,1.000000,1.753857,0.000000,29.180602,0.000000,1.000000,6.394696,17.000000,263.436123,0.376159,1.000000,1.000000,5.000000,56.000000,-1.000000,,,,73.382788,82.757603,74.906719,2.892502,2.378049,0.514453,37.457567,41.261408,9.310072,6.671291,10.828311,0.966145,0.153346,,0.000000,,82.018907,47.811671,73.522946,0.380160,0.132049,0.248110,24.136489,67.042387,6.264819,2.478623,2.749939,1.360938,0.029522,1.593887,2.800000,,235.294118,42.934783,2.302275,0.888834
2026-02-03T03:45:00Z,1.260602,no_impulse,0,APLAPOLLO,1h,-1.000000,53.907204,4.021130,0.000000,0.000000,2.358542,3.362917,7.674230,8.060627,21.000000,137.647059,0.383839,1.000000,71.111323,47.485678,74.875122,1.000000,0.415827,0.205263,0.210565,40.619398,49.995711,6.803408,2.358542,3.362917,7.674230,1.257562,0.031885,5.532053,7.000000,74.608150,0.790293,2.000000,53.817600,21.764706,12.562345,1.000000,0.662602,1.095223,-0.432621,47.334623,33.385164,16.865829,-0.035969,1.888000,6.401377,0.487774,0.029409,8.008636,16.000000,201.898734,0.500540,1.000000,67.956423,33.300100,73.407948,0.000000,1.552012,1.652077,-0.100065,48.075231,44.609660,8.560929,1.300686,3.778189,8.050566,0.717532,0.060581,3.815319,5.000000,42.934783,0.763064,2.000000,62.003690,66.633267,71.154023,0.000000,1.408148,1.028550,0.379598,39.757558,36.901048,19.635757,1.696064,3.049213,5.726936,0.644408,0.119476,9.752995,7.000000,235.294118,1.393285,1.000000,73.633113,85.707591,93.459840,1.000000,0.949232,0.272975,0.676257,36.672803,46.500593,10.011389,4.942092,5.583066,7.720647,1.089254,0.088231,3.980049,0.000000,72.676580,0.000000,7.000000,59.882891,82.713755,43.492304,0.000000,-0.389865,-0.425910,0.036045,35.536225,31.452451,18.697729,2.153470,1.755437,3.587357,0.985078,0.045371,5.793668,5.000000,141.578947,1.158734,7.000000,59.882891,82.713755,43.492304,0.000000,-0.389865,-0.425910,0.036045,35.536225,31.452451,18.697729,2.153470,1.755437,3.587357,0.985078,0.045371,3.931306,9.000000,195.876289,0.436812,4.000000,36.988722,36.184211,20.662106,0.000000,-0.482738,-0.201782,-0.280956,35.028745,9.458941,29.856818,-1.395209,-1.679493,0.483439,0.115414,0.035779,2.048142,0.000000,56.559767,0.000000,2.000000,3.494651,13.000000,86.397985,0.268819,2.000000,4.215332,13.000000,218.131868,0.324256,1.000000,1.895833,2.000000,54.819277,0.947917,2.000000,3.582218,4.000000,141.880342,0.895555,7.000000,2.462639,3.000000,143.558282,0.820880,4.000000,1.745369,0.000000,27.863248,0.000000,4.000000,5.894800,28.000000,146.067416,0.210529,4.000000,4.205387,7.000000,90.000000,0.600770,3.000000,4.464062,7.000000,229.974160,0.637723,8.000000,1.979540,3.000000,110.888252,0.659847,1.000000,1.753857,0.000000,29.180602,0.000000,1.000000,1.000000,6.000000,56.000000,-1.000000,,,,73.382788,82.757603,74.906719,2.892502,2.378049,0.514453,37.457567,41.261408,9.310072,6.671291,10.828311,0.966145,0.153346,,0.000000,,82.018907,47.811671,73.522946,0.380160,0.132049,0.248110,24.136489,67.042387,6.264819,2.478623,2.749939,1.360938,0.029522,0.738941,0.000000,,235.294118,42.934783,2.461646,1.230959
2026-02-12T06:45:00Z,1.376518,no_impulse,0,APLAPOLLO,1h,1.000000,219.479049,9.195293,52.000000,0.176833,1.606117,3.710227,10.375420,4.021130,0.000000,53.907204,0.000000,1.000000,71.111323,47.485678,74.875122,0.000000,0.415827,0.205263,0.210565,40.619398,49.995711,6.803408,2.358542,3.362917,7.674230,1.257562,0.031885,8.060627,21.000000,137.647059,0.383839,1.000000,71.111323,47.485678,74.875122,1.000000,0.415827,0.205263,0.210565,40.619398,49.995711,6.803408,2.358542,3.362917,7.674230,1.257562,0.031885,5.532053,7.000000,74.608150,0.790293,2.000000,53.817600,21.764706,12.562345,1.000000,0.662602,1.095223,-0.432621,47.334623,33.385164,16.865829,-0.035969,1.888000,6.401377,0.487774,0.029409,8.008636,16.000000,201.898734,0.500540,1.000000,67.956423,33.300100,73.407948,0.000000,1.552012,1.652077,-0.100065,48.075231,44.609660,8.560929,1.300686,3.778189,8.050566,0.717532,0.060581,3.815319,5.000000,42.934783,0.763064,2.000000,62.003690,66.633267,71.154023,0.000000,1.408148,1.028550,0.379598,39.757558,36.901048,19.635757,1.696064,3.049213,5.726936,0.644408,0.119476,9.752995,7.000000,235.294118,1.393285,1.000000,73.633113,85.707591,93.459840,1.000000,0.949232,0.272975,0.676257,36.672803,46.500593,10.011389,4.942092,5.583066,7.720647,1.089254,0.088231,3.980049,0.000000,72.676580,0.000000,7.000000,59.882891,82.713755,43.492304,0.000000,-0.389865,-0.425910,0.036045,35.536225,31.452451,18.697729,2.153470,1.755437,3.587357,0.985078,0.045371,5.793668,5.000000,141.578947,1.158734,7.000000,59.882891,82.713755,43.492304,0.000000,-0.389865,-0.425910,0.036045,35.536225,31.452451,18.697729,2.153470,1.755437,3.587357,0.985078,0.045371,3.931306,9.000000,195.876289,0.436812,4.000000,2.048142,0.000000,56.559767,0.000000,2.000000,3.494651,13.000000,86.397985,0.268819,2.000000,4.215332,13.000000,218.131868,0.324256,1.000000,1.895833,2.000000,54.819277,0.947917,2.000000,3.582218,4.000000,141.880342,0.895555,7.000000,2.462639,3.000000,143.558282,0.820880,4.000000,1.745369,0.000000,27.863248,0.000000,4.000000,5.894800,28.000000,146.067416,0.210529,4.000000,4.205387,7.000000,90.000000,0.600770,3.000000,4.464062,7.000000,229.974160,0.637723,8.000000,1.979540,3.000000,110.888252,0.659847,1.000000,1.000000,7.000000,108.000000,-1.000000,,,,74.134846,79.391014,89.635163,4.157736,3.640019,0.517716,51.011097,37.700449,8.619538,5.270724,11.164933,0.742132,0.229792,,4.000000,,69.938934,88.547486,89.082759,0.361312,0.321879,0.039433,54.873679,34.517225,7.159428,0.699133,1.347575,1.049924,0.012803,1.673578,7.428571,,235.294118,42.934783,2.420665,0.816325
2026-02-16T08:45:00Z,1.315270,no_impulse,0,APLAPOLLO,1h,-1.000000,52.837977,4.449466,16.000000,0.278092,-1.240396,-0.437571,5.935904,9.195293,52.000000,219.479049,0.176833,1.000000,77.494170,94.810127,94.363211,1.000000,1.034973,0.987477,0.047495,53.982094,30.350225,11.259875,1.606117,3.710227,10.375420,0.944983,0.036683,4.021130,0.000000,53.907204,0.000000,1.000000,71.111323,47.485678,74.875122,0.000000,0.415827,0.205263,0.210565,40.619398,49.995711,6.803408,2.358542,3.362917,7.674230,1.257562,0.031885,8.060627,21.000000,137.647059,0.383839,1.000000,71.111323,47.485678,74.875122,1.000000,0.415827,0.205263,0.210565,40.619398,49.995711,6.803408,2.358542,3.362917,7.674230,1.257562,0.031885,5.532053,7.000000,74.608150,0.790293,2.000000,53.817600,21.764706,12.562345,1.000000,0.662602,1.095223,-0.432621,47.334623,33.385164,16.865829,-0.035969,1.888000,6.401377,0.487774,0.029409,8.008636,16.000000,201.898734,0.500540,1.000000,67.956423,33.300100,73.407948,0.000000,1.552012,1.652077,-0.100065,48.075231,44.609660,8.560929,1.300686,3.778189,8.050566,0.717532,0.060581,3.815319,5.000000,42.934783,0.763064,2.000000,62.003690,66.633267,71.154023,0.000000,1.408148,1.028550,0.379598,39.757558,36.901048,19.635757,1.696064,3.049213,5.726936,0.644408,0.119476,9.752995,7.000000,235.294118,1.393285,1.000000,73.633113,85.707591,93.459840,1.000000,0.949232,0.272975,0.676257,36.672803,46.500593,10.011389,4.942092,5.583066,7.720647,1.089254,0.088231,3.980049,0.000000,72.676580,0.000000,7.000000,59.882891,82.713755,43.492304,0.000000,-0.389865,-0.425910,0.036045,35.536225,31.452451,18.697729,2.153470,1.755437,3.587357,0.985078,0.045371,5.793668,5.000000,141.578947,1.158734,7.000000,3.931306,9.000000,195.876289,0.436812,4.000000,2.048142,0.000000,56.559767,0.000000,2.000000,3.494651,13.000000,86.397985,0.268819,2.000000,4.215332,13.000000,218.131868,0.324256,1.000000,1.895833,2.000000,54.819277,0.947917,2.000000,3.582218,4.000000,141.880342,0.895555,7.000000,2.462639,3.000000,143.558282,0.820880,4.000000,1.745369,0.000000,27.863248,0.000000,4.000000,5.894800,28.000000,146.067416,0.210529,4.000000,4.205387,7.000000,90.000000,0.600770,3.000000,4.464062,7.000000,229.974160,0.637723,8.000000,2.000000,8.000000,124.000000,-1.000000,,,,68.893900,71.444486,73.214507,3.826074,3.757339,0.068735,50.179984,32.651814,12.392059,3.596094,9.529556,0.683545,0.203233,,9.000000,,26.841752,15.853659,16.442411,-0.354949,-0.294526,-0.060423,26.391892,14.422209,45.066549,-1.125500,-1.623093,-0.102792,0.018464,0.716603,1.311475,,235.294118,42.934783,2.343986,1.225918
2026-02-18T03:45:00Z,1.356361,no_impulse,0,APLAPOLLO,1h,1.000000,67.089844,3.124147,9.000000,0.347127,0.811487,1.059649,6.725671,4.449466,16.000000,52.837977,0.278092,2.000000,38.753721,25.751634,16.394058,0.000000,-0.220911,0.081148,-0.302059,24.378916,20.269128,33.470331,-1.240396,-0.437571,5.935904,0.196189,0.040328,9.195293,52.000000,219.479049,0.176833,1.000000,77.494170,94.810127,94.363211,1.000000,1.034973,0.987477,0.047495,53.982094,30.350225,11.259875,1.606117,3.710227,10.375420,0.944983,0.036683,4.021130,0.000000,53.907204,0.000000,1.000000,71.111323,47.485678,74.875122,0.000000,0.415827,0.205263,0.210565,40.619398,49.995711,6.803408,2.358542,3.362917,7.674230,1.257562,0.031885,8.060627,21.000000,137.647059,0.383839,1.000000,71.111323,47.485678,74.875122,1.000000,0.415827,0.205263,0.210565,40.619398,49.995711,6.803408,2.358542,3.362917,7.674230,1.257562,0.031885,5.532053,7.000000,74.608150,0.790293,2.000000,53.817600,21.764706,12.562345,1.000000,0.662602,1.095223,-0.432621,47.334623,33.385164,16.865829,-0.035969,1.888000,6.401377,0.487774,0.029409,8.008636,16.000000,201.898734,0.500540,1.000000,67.956423,33.300100,73.407948,0.000000,1.552012,1.652077,-0.100065,48.075231,44.609660,8.560929,1.300686,3.778189,8.050566,0.717532,0.060581,3.815319,5.000000,42.934783,0.763064,2.000000,62.003690,66.633267,71.154023,0.000000,1.408148,1.028550,0.379598,39.757558,36.901048,19.635757,1.696064,3.049213,5.726936,0.644408,0.119476,9.752995,7.000000,235.294118,1.393285,1.000000,73.633113,85.707591,93.459840,1.000000,0.949232,0.272975,0.676257,36.672803,46.500593,10.011389,4.942092,5.583066,7.720647,1.089254,0.088231,3.980049,0.000000,72.676580,0.000000,7.000000,5.793668,5.000000,141.578947,1.158734,7.000000,3.931306,9.000000,195.876289,0.436812,4.000000,2.048142,0.000000,56.559767,0.000000,2.000000,3.494651,13.000000,86.397985,0.268819,2.000000,4.215332,13.000000,218.131868,0.324256,1.000000,1.895833,2.000000,54.819277,0.947917,2.000000,3.582218,4.000000,141.880342,0.895555,7.000000,2.462639,3.000000,143.558282,0.820880,4.000000,1.745369,0.000000,27.863248,0.000000,4.000000,5.894800,28.000000,146.067416,0.210529,4.000000,4.205387,7.000000,90.000000,0.600770,3.000000,3.000000,1.000000,133.000000,-1.000000,,,,70.698124,78.285498,72.846002,3.683160,3.716516,-0.033355,50.158381,34.838671,11.650844,4.007706,9.907351,0.737599,0.175718,,3.000000,,73.413931,93.442623,77.036928,0.132163,-0.081329,0.213492,23.009373,43.673605,12.478679,1.736463,1.503980,1.348748,0.020821,0.498991,0.697674,,235.294118,42.934783,2.293215,0.817815
2026-02-19T09:45:00Z,1.307016,no_impulse,0,APLAPOLLO,1h,-1.000000,120.087336,3.638047,13.000000,0.279850,-1.334951,-1.425724,3.642689,3.124147,9.000000,67.089844,0.347127,3.000000,57.536114,73.799127,47.636107,0.000000,-0.284521,-0.329220,0.044699,18.983707,36.440045,16.287417,0.811487,1.059649,6.725671,0.743149,0.033647,4.449466,16.000000,52.837977,0.278092,2.000000,38.753721,25.751634,16.394058,0.000000,-0.220911,0.081148,-0.302059,24.378916,20.269128,33.470331,-1.240396,-0.437571,5.935904,0.196189,0.040328,9.195293,52.000000,219.479049,0.176833,1.000000,77.494170,94.810127,94.363211,1.000000,1.034973,0.987477,0.047495,53.982094,30.350225,11.259875,1.606117,3.710227,10.375420,0.944983,0.036683,4.021130,0.000000,53.907204,0.000000,1.000000,71.111323,47.485678,74.875122,0.000000,0.415827,0.205263,0.210565,40.619398,49.995711,6.803408,2.358542,3.362917,7.674230,1.257562,0.031885,8.060627,21.000000,137.647059,0.383839,1.000000,71.111323,47.485678,74.875122,1.000000,0.415827,0.205263,0.210565,40.619398,49.995711,6.803408,2.358542,3.362917,7.674230,1.257562,0.031885,5.532053,7.000000,74.608150,0.790293,2.000000,53.817600,21.764706,12.562345,1.000000,0.662602,1.095223,-0.432621,47.334623,33.385164,16.865829,-0.035969,1.888000,6.401377,0.487774,0.029409,8.008636,16.000000,201.898734,0.500540,1.000000,67.956423,33.300100,73.407948,0.000000,1.552012,1.652077,-0.100065,48.075231,44.609660,8.560929,1.300686,3.778189,8.050566,0.717532,0.060581,3.815319,5.000000,42.934783,0.763064,2.000000,62.003690,66.633267,71.154023,0.000000,1.408148,1.028550,0.379598,39.757558,36.901048,19.635757,1.696064,3.049213,5.726936,0.644408,0.119476,9.752995,7.000000,235.294118,1.393285,1.000000,3.980049,0.000000,72.676580,0.000000,7.000000,5.793668,5.000000,141.578947,1.158734,7.000000,3.931306,9.000000,195.876289,0.436812,4.000000,2.048142,0.000000,56.559767,0.000000,2.000000,3.494651,13.000000,86.397985,0.268819,2.000000,4.215332,13.000000,218.131868,0.324256,1.000000,1.895833,2.000000,54.819277,0.947917,2.000000,3.582218,4.000000,141.880342,0.895555,7.000000,2.462639,3.000000,143.558282,0.820880,4.000000,1.745369,0.000000,27.863248,0.000000,4.000000,5.894800,28.000000,146.067416,0.210529,4.000000,4.000000,2.000000,146.000000,-1.000000,,,,59.638954,41.228070,60.555805,3.181513,3.635822,-0.454309,47.226680,29.066678,16.550351,1.193644,6.974609,0.583674,0.144378,,3.000000,,31.264799,25.072046,27.934068,-0.332357,-0.295557,-0.036799,37.912888,10.100517,32.582082,-0.832912,-1.271002,-0.246976,0.011058,0.606951,0.977444,,235.294118,42.934783,2.499732,0.952032
2026-02-20T04:45:00Z,1.334829,no_impulse,0,APLAPOLLO,1h,1.000000,56.363636,2.127952,2.000000,1.063976,-0.168876,-0.273565,4.622121,3.638047,13.000000,120.087336,0.279850,4.000000,32.693325,10.545455,8.012663,0.000000,-0.397686,-0.233192,-0.164494,18.432543,18.104644,30.060988,-1.334951,-1.425724,3.642689,0.100371,0.032965,3.124147,9.000000,67.089844,0.347127,3.000000,57.536114,73.799127,47.636107,0.000000,-0.284521,-0.329220,0.044699,18.983707,36.440045,16.287417,0.811487,1.059649,6.725671,0.743149,0.033647,4.449466,16.000000,52.837977,0.278092,2.000000,38.753721,25.751634,16.394058,0.000000,-0.220911,0.081148,-0.302059,24.378916,20.269128,33.470331,-1.240396,-0.437571,5.935904,0.196189,0.040328,9.195293,52.000000,219.479049,0.176833,1.000000,77.494170,94.810127,94.363211,1.000000,1.034973,0.987477,0.047495,53.982094,30.350225,11.259875,1.606117,3.710227,10.375420,0.944983,0.036683,4.021130,0.000000,53.907204,0.000000,1.000000,71.111323,47.485678,74.875122,0.000000,0.415827,0.205263,0.210565,40.619398,49.995711,6.803408,2.358542,3.362917,7.674230,1.257562,0.031885,8.060627,21.000000,137.647059,0.383839,1.000000,71.111323,47.485678,74.875122,1.000000,0.415827,0.205263,0.210565,40.619398,49.995711,6.803408,2.358542,3.362917,7.674230,1.257562,0.031885,5.532053,7.000000,74.608150,0.790293,2.000000,53.817600,21.764706,12.562345,1.000000,0.662602,1.095223,-0.432621,47.334623,33.385164,16.865829,-0.035969,1.888000,6.401377,0.487774,0.029409,8.008636,16.000000,201.898734,0.500540,1.000000,67.956423,33.300100,73.407948,0.000000,1.552012,1.652077,-0.100065,48.075231,44.609660,8.560929,1.300686,3.778189,8.050566,0.717532,0.060581,3.815319,5.000000,42.934783,0.763064,2.000000,9.752995,7.000000,235.294118,1.393285,1.000000,3.980049,0.000000,72.676580,0.000000,7.000000,5.793668,5.000000,141.578947,1.158734,7.000000,3.931306,9.000000,195.876289,0.436812,4.000000,2.048142,0.000000,56.559767,0.000000,2.000000,3.494651,13.000000,86.397985,0.268819,2.000000,4.215332,13.000000,218.131868,0.324256,1.000000,1.895833,2.000000,54.819277,0.947917,2.000000,3.582218,4.000000,141.880342,0.895555,7.000000,2.462639,3.000000,143.558282,0.820880,4.000000,1.745369,0.000000,27.863248,0.000000,4.000000,3.000000,3.000000,148.000000,-1.000000,,,,59.638954,41.228070,60.555805,3.181513,3.635822,-0.454309,47.226680,29.066678,16.550351,1.193644,6.974609,0.583674,0.144378,,0.000000,,55.770325,95.203837,92.119872,-0.080579,-0.204273,0.123694,27.921048,23.224408,19.936334,0.443958,0.162424,0.836602,0.013248,0.357053,0.136986,,235.294118,42.934783,2.532472,0.526937
2026-02-20T09:45:00Z,1.303906,no_impulse,0,APLAPOLLO,1h,-1.000000,111.182796,2.316620,5.000000,0.463324,-1.467417,-1.819490,2.750947,2.127952,2.000000,56.363636,1.063976,3.000000,46.749815,44.712182,33.278650,0.000000,-0.328732,-0.270860,-0.057872,16.298775,25.665899,23.912891,-0.168876,-0.273565,4.622121,0.447178,0.031917,3.638047,13.000000,120.087336,0.279850,4.000000,32.693325,10.545455,8.012663,0.000000,-0.397686,-0.233192,-0.164494,18.432543,18.104644,30.060988,-1.334951,-1.425724,3.642689,0.100371,0.032965,3.124147,9.000000,67.089844,0.347127,3.000000,57.536114,73.799127,47.636107,0.000000,-0.284521,-0.329220,0.044699,18.983707,36.440045,16.287417,0.811487,1.059649,6.725671,0.743149,0.033647,4.449466,16.000000,52.837977,0.278092,2.000000,38.753721,25.751634,16.394058,0.000000,-0.220911,0.081148,-0.302059,24.378916,20.269128,33.470331,-1.240396,-0.437571,5.935904,0.196189,0.040328,9.195293,52.000000,219.479049,0.176833,1.000000,77.494170,94.810127,94.363211,1.000000,1.034973,0.987477,0.047495,53.982094,30.350225,11.259875,1.606117,3.710227,10.375420,0.944983,0.036683,4.021130,0.000000,53.907204,0.000000,1.000000,71.111323,47.485678,74.875122,0.000000,0.415827,0.205263,0.210565,40.619398,49.995711,6.803408,2.358542,3.362917,7.674230,1.257562,0.031885,8.060627,21.000000,137.647059,0.383839,1.000000,71.111323,47.485678,74.875122,1.000000,0.415827,0.205263,0.210565,40.619398,49.995711,6.803408,2.358542,3.362917,7.674230,1.257562,0.031885,5.532053,7.000000,74.608150,0.790293,2.000000,53.817600,21.764706,12.562345,1.000000,0.662602,1.095223,-0.432621,47.334623,33.385164,16.865829,-0.035969,1.888000,6.401377,0.487774,0.029409,8.008636,16.000000,201.898734,0.500540,1.000000,3.815319,5.000000,42.934783,0.763064,2.000000,9.752995,7.000000,235.294118,1.393285,1.000000,3.980049,0.000000,72.676580,0.000000,7.000000,5.793668,5.000000,141.578947,1.158734,7.000000,3.931306,9.000000,195.876289,0.436812,4.000000,2.048142,0.000000,56.559767,0.000000,2.000000,3.494651,13.000000,86.397985,0.268819,2.000000,4.215332,13.000000,218.131868,0.324256,1.000000,1.895833,2.000000,54.819277,0.947917,2.000000,3.582218,4.000000,141.880342,0.895555,7.000000,2.462639,3.000000,143.558282,0.820880,4.000000,4.000000,4.000000,153.000000,-1.000000,,,,59.638954,41.228070,60.555805,3.181513,3.635822,-0.454309,47.226680,29.066678,16.550351,1.193644,6.974609,0.583674,0.144378,,3.000000,,33.335356,0.000000,16.394271,-0.314925,-0.219631,-0.095295,23.590852,15.951678,33.371373,-0.994081,-1.426496,0.052458,0.021993,0.445738,0.354610,,219.479049,42.934783,2.408340,0.503238
2026-02-23T03:45:00Z,1.327292,no_impulse,0,APLAPOLLO,1h,1.000000,75.628627,1.793578,1.000000,1.793578,-0.484813,-0.849993,3.607533,2.316620,5.000000,111.182796,0.463324,4.000000,34.311725,0.000000,12.492525,1.000000,-0.507364,-0.368266,-0.139098,16.565854,17.014990,27.897906,-1.467417,-1.819490,2.750947,0.128360,0.038914,2.127952,2.000000,56.363636,1.063976,3.000000,46.749815,44.712182,33.278650,0.000000,-0.328732,-0.270860,-0.057872,16.298775,25.665899,23.912891,-0.168876,-0.273565,4.622121,0.447178,0.031917,3.638047,13.000000,120.087336,0.279850,4.000000,32.693325,10.545455,8.012663,0.000000,-0.397686,-0.233192,-0.164494,18.432543,18.104644,30.060988,-1.334951,-1.425724,3.642689,0.100371,0.032965,3.124147,9.000000,67.089844,0.347127,3.000000,57.536114,73.799127,47.636107,0.000000,-0.284521,-0.329220,0.044699,18.983707,36.440045,16.287417,0.811487,1.059649,6.725671,0.743149,0.033647,4.449466,16.000000,52.837977,0.278092,2.000000,38.753721,25.751634,16.394058,0.000000,-0.220911,0.081148,-0.302059,24.378916,20.269128,33.470331,-1.240396,-0.437571,5.935904,0.196189,0.040328,9.195293,52.000000,219.479049,0.176833,1.000000,77.494170,94.810127,94.363211,1.000000,1.034973,0.987477,0.047495,53.982094,30.350225,11.259875,1.606117,3.710227,10.375420,0.944983,0.036683,4.021130,0.000000,53.907204,0.000000,1.000000,71.111323,47.485678,74.875122,0.000000,0.415827,0.205263,0.210565,40.619398,49.995711,6.803408,2.358542,3.362917,7.674230,1.257562,0.031885,8.060627,21.000000,137.647059,0.383839,1.000000,71.111323,47.485678,74.875122,1.000000,0.415827,0.205263,0.210565,40.619398,49.995711,6.803408,2.358542,3.362917,7.674230,1.257562,0.031885,5.532053,7.000000,74.608150,0.790293,2.000000,8.008636,16.000000,201.898734,0.500540,1.000000,3.815319,5.000000,42.934783,0.763064,2.000000,9.752995,7.000000,235.294118,1.393285,1.000000,3.980049,0.000000,72.676580,0.000000,7.000000,5.793668,5.000000,141.578947,1.158734,7.000000,3.931306,9.000000,195.876289,0.436812,4.000000,2.048142,0.000000,56.559767,0.000000,2.000000,3.494651,13.000000,86.397985,0.268819,2.000000,4.215332,13.000000,218.131868,0.324256,1.000000,1.895833,2.000000,54.819277,0.947917,2.000000,3.582218,4.000000,141.880342,0.895555,7.000000,3.000000,5.000000,154.000000,-1.000000,,,,60.141186,40.206746,47.862888,2.906847,3.484718,-0.577871,45.813191,27.696060,15.769931,1.243133,6.864229,0.592215,0.136505,,0.000000,,52.489464,75.703325,25.432266,-0.243067,-0.221964,-0.021103,22.640223,31.117476,25.315055,0.324669,-0.065119,0.661831,0.020128,0.355347,0.070922,,219.479049,52.837977,2.546558,0.482000
2026-02-24T07:45:00Z,1.297925,no_impulse,0,APLAPOLLO,1h,-1.000000,125.575448,2.212609,11.000000,0.201146,-0.760244,-1.242183,2.491813,1.793578,1.000000,75.628627,1.793578,3.000000,44.069268,39.071567,13.109216,1.000000,-0.481963,-0.388301,-0.093662,15.697393,26.024993,23.827782,-0.484813,-0.849993,3.607533,0.371097,0.037429,2.316620,5.000000,111.182796,0.463324,4.000000,34.311725,0.000000,12.492525,1.000000,-0.507364,-0.368266,-0.139098,16.565854,17.014990,27.897906,-1.467417,-1.819490,2.750947,0.128360,0.038914,2.127952,2.000000,56.363636,1.063976,3.000000,46.749815,44.712182,33.278650,0.000000,-0.328732,-0.270860,-0.057872,16.298775,25.665899,23.912891,-0.168876,-0.273565,4.622121,0.447178,0.031917,3.638047,13.000000,120.087336,0.279850,4.000000,32.693325,10.545455,8.012663,0.000000,-0.397686,-0.233192,-0.164494,18.432543,18.104644,30.060988,-1.334951,-1.425724,3.642689,0.100371,0.032965,3.124147,9.000000,67.089844,0.347127,3.000000,57.536114,73.799127,47.636107,0.000000,-0.284521,-0.329220,0.044699,18.983707,36.440045,16.287417,0.811487,1.059649,6.725671,0.743149,0.033647,4.449466,16.000000,52.837977,0.278092,2.000000,38.753721,25.751634,16.394058,0.000000,-0.220911,0.081148,-0.302059,24.378916,20.269128,33.470331,-1.240396,-0.437571,5.935904,0.196189,0.040328,9.195293,52.000000,219.479049,0.176833,1.000000,77.494170,94.810127,94.363211,1.000000,1.034973,0.987477,0.047495,53.982094,30.350225,11.259875,1.606117,3.710227,10.375420,0.944983,0.036683,4.021130,0.000000,53.907204,0.000000,1.000000,71.111323,47.485678,74.875122,0.000000,0.415827,0.205263,0.210565,40.619398,49.995711,6.803408,2.358542,3.362917,7.674230,1.257562,0.031885,8.060627,21.000000,137.647059,0.383839,1.000000,5.532053,7.000000,74.608150,0.790293,2.000000,8.008636,16.000000,201.898734,0.500540,1.000000,3.815319,5.000000,42.934783,0.763064,2.000000,9.752995,7.000000,235.294118,1.393285,1.000000,3.980049,0.000000,72.676580,0.000000,7.000000,5.793668,5.000000,141.578947,1.158734,7.000000,3.931306,9.000000,195.876289,0.436812,4.000000,2.048142,0.000000,56.559767,0.000000,2.000000,3.494651,13.000000,86.397985,0.268819,2.000000,4.215332,13.000000,218.131868,0.324256,1.000000,1.895833,2.000000,54.819277,0.947917,2.000000,4.000000,6.000000,165.000000,-1.000000,,,,65.036469,48.093842,38.694053,2.550090,3.122114,-0.572023,42.806271,27.107426,15.764325,2.569895,7.902569,0.719349,0.120250,,2.000000,,42.436520,0.000000,2.780881,-0.026314,0.026972,-0.053286,13.824680,13.614506,21.003915,-0.258208,-0.352667,0.269032,0.011151,0.499924,0.873016,57.000000,219.479049,52.837977,2.501563,0.556398
2026-02-26T03:45:00Z,1.344399,no_impulse,0,APLAPOLLO,1h,1.000000,158.248473,3.580645,10.000000,0.358065,0.323722,0.264981,3.651933,2.212609,11.000000,125.575448,0.201146,4.000000,39.647060,26.069246,38.357268,1.000000,-0.340453,-0.378558,0.038105,11.936330,21.154980,28.675034,-0.760244,-1.242183,2.491813,0.127817,0.020272,1.793578,1.000000,75.628627,1.793578,3.000000,44.069268,39.071567,13.109216,1.000000,-0.481963,-0.388301,-0.093662,15.697393,26.024993,23.827782,-0.484813,-0.849993,3.607533,0.371097,0.037429,2.316620,5.000000,111.182796,0.463324,4.000000,34.311725,0.000000,12.492525,1.000000,-0.507364,-0.368266,-0.139098,16.565854,17.014990,27.897906,-1.467417,-1.819490,2.750947,0.128360,0.038914,2.127952,2.000000,56.363636,1.063976,3.000000,46.749815,44.712182,33.278650,0.000000,-0.328732,-0.270860,-0.057872,16.298775,25.665899,23.912891,-0.168876,-0.273565,4.622121,0.447178,0.031917,3.638047,13.000000,120.087336,0.279850,4.000000,32.693325,10.545455,8.012663,0.000000,-0.397686,-0.233192,-0.164494,18.432543,18.104644,30.060988,-1.334951,-1.425724,3.642689,0.100371,0.032965,3.124147,9.000000,67.089844,0.347127,3.000000,57.536114,73.799127,47.636107,0.000000,-0.284521,-0.329220,0.044699,18.983707,36.440045,16.287417,0.811487,1.059649,6.725671,0.743149,0.033647,4.449466,16.000000,52.837977,0.278092,2.000000,38.753721,25.751634,16.394058,0.000000,-0.220911,0.081148,-0.302059,24.378916,20.269128,33.470331,-1.240396,-0.437571,5.935904,0.196189,0.040328,9.195293,52.000000,219.479049,0.176833,1.000000,77.494170,94.810127,94.363211,1.000000,1.034973,0.987477,0.047495,53.982094,30.350225,11.259875,1.606117,3.710227,10.375420,0.944983,0.036683,4.021130,0.000000,53.907204,0.000000,1.000000,8.060627,21.000000,137.647059,0.383839,1.000000,5.532053,7.000000,74.608150,0.790293,2.000000,8.008636,16.000000,201.898734,0.500540,1.000000,3.815319,5.000000,42.934783,0.763064,2.000000,9.752995,7.000000,235.294118,1.393285,1.000000,3.980049,0.000000,72.676580,0.000000,7.000000,5.793668,5.000000,141.578947,1.158734,7.000000,3.931306,9.000000,195.876289,0.436812,4.000000,2.048142,0.000000,56.559767,0.000000,2.000000,3.494651,13.000000,86.397985,0.268819,2.000000,4.215332,13.000000,218.131868,0.324256,1.000000,7.000000,7.000000,175.000000,-1.000000,,,,64.118643,42.922374,39.599262,2.447181,2.991839,-0.544658,41.889970,27.300009,14.707096,2.158850,7.425740,0.712997,0.103592,,5.000000,,71.162703,89.227642,92.206731,0.349167,0.263548,0.085618,21.972639,36.561546,13.712282,1.022181,1.426846,1.154110,0.015788,0.874619,0.769231,67.000000,219.479049,52.837977,2.558070,0.711215
2026-02-26T06:45:00Z,1.315868,no_impulse,0,APLAPOLLO,1h,-1.000000,61.389961,2.122169,3.000000,0.707390,0.241212,0.220731,3.521260,3.580645,10.000000,158.248473,0.358065,7.000000,53.314010,61.261261,84.773733,0.000000,0.176383,0.001626,0.174757,10.925237,27.229860,16.625909,0.323722,0.264981,3.651933,0.624927,0.025997,2.212609,11.000000,125.575448,0.201146,4.000000,39.647060,26.069246,38.357268,1.000000,-0.340453,-0.378558,0.038105,11.936330,21.154980,28.675034,-0.760244,-1.242183,2.491813,0.127817,0.020272,1.793578,1.000000,75.628627,1.793578,3.000000,44.069268,39.071567,13.109216,1.000000,-0.481963,-0.388301,-0.093662,15.697393,26.024993,23.827782,-0.484813,-0.849993,3.607533,0.371097,0.037429,2.316620,5.000000,111.182796,0.463324,4.000000,34.311725,0.000000,12.492525,1.000000,-0.507364,-0.368266,-0.139098,16.565854,17.014990,27.897906,-1.467417,-1.819490,2.750947,0.128360,0.038914,2.127952,2.000000,56.363636,1.063976,3.000000,46.749815,44.712182,33.278650,0.000000,-0.328732,-0.270860,-0.057872,16.298775,25.665899,23.912891,-0.168876,-0.273565,4.622121,0.447178,0.031917,3.638047,13.000000,120.087336,0.279850,4.000000,32.693325,10.545455,8.012663,0.000000,-0.397686,-0.233192,-0.164494,18.432543,18.104644,30.060988,-1.334951,-1.425724,3.642689,0.100371,0.032965,3.124147,9.000000,67.089844,0.347127,3.000000,57.536114,73.799127,47.636107,0.000000,-0.284521,-0.329220,0.044699,18.983707,36.440045,16.287417,0.811487,1.059649,6.725671,0.743149,0.033647,4.449466,16.000000,52.837977,0.278092,2.000000,38.753721,25.751634,16.394058,0.000000,-0.220911,0.081148,-0.302059,24.378916,20.269128,33.470331,-1.240396,-0.437571,5.935904,0.196189,0.040328,9.195293,52.000000,219.479049,0.176833,1.000000,4.021130,0.000000,53.907204,0.000000,1.000000,8.060627,21.000000,137.647059,0.383839,1.000000,5.532053,7.000000,74.608150,0.790293,2.000000,8.008636,16.000000,201.898734,0.500540,1.000000,3.815319,5.000000,42.934783,0.763064,2.000000,9.752995,7.000000,235.294118,1.393285,1.000000,3.980049,0.000000,72.676580,0.000000,7.000000,5.793668,5.000000,141.578947,1.158734,7.000000,3.931306,9.000000,195.876289,0.436812,4.000000,2.048142,0.000000,56.559767,0.000000,2.000000,3.494651,13.000000,86.397985,0.268819,2.000000,2.000000,1.000000,3.000000,-1.000000,,,,65.152647,49.162861,46.726359,2.355602,2.855809,-0.500207,41.127662,26.614422,13.950881,2.278086,7.460920,0.784407,0.081967,,0.000000,,49.548735,24.824356,22.326308,0.011078,0.084744,-0.073665,13.370574,21.915904,24.298060,-0.056357,0.132426,0.463390,0.015385,0.582062,0.252101,70.000000,219.479049,52.837977,2.145160,0.938660
2026-02-27T07:45:00Z,1.347389,no_impulse,0,APLAPOLLO,1h,1.000000,110.482180,2.395455,8.000000,0.299432,1.094717,1.361055,4.543240,2.122169,3.000000,61.389961,0.707390,2.000000,53.064789,60.489060,58.000858,1.000000,0.152254,0.076659,0.075596,10.283505,22.418431,21.736362,0.241212,0.220731,3.521260,0.596960,0.024938,3.580645,10.000000,158.248473,0.358065,7.000000,53.314010,61.261261,84.773733,0.000000,0.176383,0.001626,0.174757,10.925237,27.229860,16.625909,0.323722,0.264981,3.651933,0.624927,0.025997,2.212609,11.000000,125.575448,0.201146,4.000000,39.647060,26.069246,38.357268,1.000000,-0.340453,-0.378558,0.038105,11.936330,21.154980,28.675034,-0.760244,-1.242183,2.491813,0.127817,0.020272,1.793578,1.000000,75.628627,1.793578,3.000000,44.069268,39.071567,13.109216,1.000000,-0.481963,-0.388301,-0.093662,15.697393,26.024993,23.827782,-0.484813,-0.849993,3.607533,0.371097,0.037429,2.316620,5.000000,111.182796,0.463324,4.000000,34.311725,0.000000,12.492525,1.000000,-0.507364,-0.368266,-0.139098,16.565854,17.014990,27.897906,-1.467417,-1.819490,2.750947,0.128360,0.038914,2.127952,2.000000,56.363636,1.063976,3.000000,46.749815,44.712182,33.278650,0.000000,-0.328732,-0.270860,-0.057872,16.298775,25.665899,23.912891,-0.168876,-0.273565,4.622121,0.447178,0.031917,3.638047,13.000000,120.087336,0.279850,4.000000,32.693325,10.545455,8.012663,0.000000,-0.397686,-0.233192,-0.164494,18.432543,18.104644,30.060988,-1.334951,-1.425724,3.642689,0.100371,0.032965,3.124147,9.000000,67.089844,0.347127,3.000000,57.536114,73.799127,47.636107,0.000000,-0.284521,-0.329220,0.044699,18.983707,36.440045,16.287417,0.811487,1.059649,6.725671,0.743149,0.033647,4.449466,16.000000,52.837977,0.278092,2.000000,9.195293,52.000000,219.479049,0.176833,1.000000,4.021130,0.000000,53.907204,0.000000,1.000000,8.060627,21.000000,137.647059,0.383839,1.000000,5.532053,7.000000,74.608150,0.790293,2.000000,8.008636,16.000000,201.898734,0.500540,1.000000,3.815319,5.000000,42.934783,0.763064,2.000000,9.752995,7.000000,235.294118,1.393285,1.000000,3.980049,0.000000,72.676580,0.000000,7.000000,5.793668,5.000000,141.578947,1.158734,7.000000,3.931306,9.000000,195.876289,0.436812,4.000000,2.048142,0.000000,56.559767,0.000000,2.000000,1.000000,2.000000,11.000000,-1.000000,,,,65.152647,49.162861,46.726359,2.355602,2.855809,-0.500207,41.127662,26.614422,13.950881,2.278086,7.460920,0.784407,0.081967,,3.000000,,63.214208,88.745981,89.863009,0.229435,0.184646,0.044789,11.355972,26.012104,15.005453,0.517746,0.865004,0.968389,0.011111,0.693119,0.655738,78.000000,219.479049,52.837977,2.191801,1.268874
2026-03-02T03:45:00Z,1.312878,no_impulse,0,APLAPOLLO,1h,-1.000000,109.487666,2.561371,3.000000,0.853790,0.457612,0.765351,3.931676,2.395455,8.000000,110.482180,0.299432,1.000000,66.935890,91.461101,83.866099,0.000000,0.365911,0.239156,0.126755,16.111443,28.230914,13.061819,1.094717,1.361055,4.543240,1.003003,0.022005,2.122169,3.000000,61.389961,0.707390,2.000000,53.064789,60.489060,58.000858,1.000000,0.152254,0.076659,0.075596,10.283505,22.418431,21.736362,0.241212,0.220731,3.521260,0.596960,0.024938,3.580645,10.000000,158.248473,0.358065,7.000000,53.314010,61.261261,84.773733,0.000000,0.176383,0.001626,0.174757,10.925237,27.229860,16.625909,0.323722,0.264981,3.651933,0.624927,0.025997,2.212609,11.000000,125.575448,0.201146,4.000000,39.647060,26.069246,38.357268,1.000000,-0.340453,-0.378558,0.038105,11.936330,21.154980,28.675034,-0.760244,-1.242183,2.491813,0.127817,0.020272,1.793578,1.000000,75.628627,1.793578,3.000000,44.069268,39.071567,13.109216,1.000000,-0.481963,-0.388301,-0.093662,15.697393,26.024993,23.827782,-0.484813,-0.849993,3.607533,0.371097,0.037429,2.316620,5.000000,111.182796,0.463324,4.000000,34.311725,0.000000,12.492525,1.000000,-0.507364,-0.368266,-0.139098,16.565854,17.014990,27.897906,-1.467417,-1.819490,2.750947,0.128360,0.038914,2.127952,2.000000,56.363636,1.063976,3.000000,46.749815,44.712182,33.278650,0.000000,-0.328732,-0.270860,-0.057872,16.298775,25.665899,23.912891,-0.168876,-0.273565,4.622121,0.447178,0.031917,3.638047,13.000000,120.087336,0.279850,4.000000,32.693325,10.545455,8.012663,0.000000,-0.397686,-0.233192,-0.164494,18.432543,18.104644,30.060988,-1.334951,-1.425724,3.642689,0.100371,0.032965,3.124147,9.000000,67.089844,0.347127,3.000000,4.449466,16.000000,52.837977,0.278092,2.000000,9.195293,52.000000,219.479049,0.176833,1.000000,4.021130,0.000000,53.907204,0.000000,1.000000,8.060627,21.000000,137.647059,0.383839,1.000000,5.532053,7.000000,74.608150,0.790293,2.000000,8.008636,16.000000,201.898734,0.500540,1.000000,3.815319,5.000000,42.934783,0.763064,2.000000,9.752995,7.000000,235.294118,1.393285,1.000000,3.980049,0.000000,72.676580,0.000000,7.000000,5.793668,5.000000,141.578947,1.158734,7.000000,3.931306,9.000000,195.876289,0.436812,4.000000,8.000000,1.000000,14.000000,-1.000000,,,,62.254630,39.802131,43.962456,2.232421,2.743776,-0.511355,39.673179,24.437242,16.033529,1.571765,6.676235,0.762648,0.060799,,1.000000,,53.228568,78.336222,35.707031,0.148724,0.207904,-0.059179,15.964564,14.153971,38.314669,0.096484,0.441798,0.575277,0.012830,0.922661,0.384615,81.000000,158.248473,52.837977,0.869108,1.280803
2026-03-02T04:45:00Z,1.342664,no_impulse,0,APLAPOLLO,1h,1.000000,86.308492,2.268793,1.000000,2.268793,0.699024,1.037042,4.193530,2.561371,3.000000,109.487666,0.853790,8.000000,58.007511,72.097054,65.778082,0.000000,0.335243,0.289889,0.045354,16.531674,19.770819,26.982361,0.457612,0.765351,3.931676,0.752354,0.018217,2.395455,8.000000,110.482180,0.299432,1.000000,66.935890,91.461101,83.866099,0.000000,0.365911,0.239156,0.126755,16.111443,28.230914,13.061819,1.094717,1.361055,4.543240,1.003003,0.022005,2.122169,3.000000,61.389961,0.707390,2.000000,53.064789,60.489060,58.000858,1.000000,0.152254,0.076659,0.075596,10.283505,22.418431,21.736362,0.241212,0.220731,3.521260,0.596960,0.024938,3.580645,10.000000,158.248473,0.358065,7.000000,53.314010,61.261261,84.773733,0.000000,0.176383,0.001626,0.174757,10.925237,27.229860,16.625909,0.323722,0.264981,3.651933,0.624927,0.025997,2.212609,11.000000,125.575448,0.201146,4.000000,39.647060,26.069246,38.357268,1.000000,-0.340453,-0.378558,0.038105,11.936330,21.154980,28.675034,-0.760244,-1.242183,2.491813,0.127817,0.020272,1.793578,1.000000,75.628627,1.793578,3.000000,44.069268,39.071567,13.109216,1.000000,-0.481963,-0.388301,-0.093662,15.697393,26.024993,23.827782,-0.484813,-0.849993,3.607533,0.371097,0.037429,2.316620,5.000000,111.182796,0.463324,4.000000,34.311725,0.000000,12.492525,1.000000,-0.507364,-0.368266,-0.139098,16.565854,17.014990,27.897906,-1.467417,-1.819490,2.750947,0.128360,0.038914,2.127952,2.000000,56.363636,1.063976,3.000000,46.749815,44.712182,33.278650,0.000000,-0.328732,-0.270860,-0.057872,16.298775,25.665899,23.912891,-0.168876,-0.273565,4.622121,0.447178,0.031917,3.638047,13.000000,120.087336,0.279850,4.000000,3.124147,9.000000,67.089844,0.347127,3.000000,4.449466,16.000000,52.837977,0.278092,2.000000,9.195293,52.000000,219.479049,0.176833,1.000000,4.021130,0.000000,53.907204,0.000000,1.000000,8.060627,21.000000,137.647059,0.383839,1.000000,5.532053,7.000000,74.608150,0.790293,2.000000,8.008636,16.000000,201.898734,0.500540,1.000000,3.815319,5.000000,42.934783,0.763064,2.000000,9.752995,7.000000,235.294118,1.393285,1.000000,3.980049,0.000000,72.676580,0.000000,7.000000,5.793668,5.000000,141.578947,1.158734,7.000000,3.000000,2.000000,1.000000,-1.000000,,,,62.254630,39.802131,43.962456,2.232421,2.743776,-0.511355,39.673179,24.437242,16.033529,1.571765,6.676235,0.762648,0.060799,,1.000000,,52.489018,79.896014,80.704795,0.132370,0.173643,-0.041273,20.833234,14.806925,35.600175,0.068487,0.398795,0.563332,0.010821,0.876910,0.153846,82.000000,158.248473,56.363636,0.640095,0.933063
2026-03-04T03:45:00Z,1.284766,no_impulse,0,APLAPOLLO,1h,-1.000000,194.377510,4.312188,6.000000,0.718698,-2.611847,-2.557369,0.456280,2.268793,1.000000,86.308492,2.268793,3.000000,61.353824,84.402080,72.469983,0.000000,0.353516,0.301881,0.051636,16.452606,18.574393,25.349531,0.699024,1.037042,4.193530,0.862618,0.019413,2.561371,3.000000,109.487666,0.853790,8.000000,58.007511,72.097054,65.778082,0.000000,0.335243,0.289889,0.045354,16.531674,19.770819,26.982361,0.457612,0.765351,3.931676,0.752354,0.018217,2.395455,8.000000,110.482180,0.299432,1.000000,66.935890,91.461101,83.866099,0.000000,0.365911,0.239156,0.126755,16.111443,28.230914,13.061819,1.094717,1.361055,4.543240,1.003003,0.022005,2.122169,3.000000,61.389961,0.707390,2.000000,53.064789,60.489060,58.000858,1.000000,0.152254,0.076659,0.075596,10.283505,22.418431,21.736362,0.241212,0.220731,3.521260,0.596960,0.024938,3.580645,10.000000,158.248473,0.358065,7.000000,53.314010,61.261261,84.773733,0.000000,0.176383,0.001626,0.174757,10.925237,27.229860,16.625909,0.323722,0.264981,3.651933,0.624927,0.025997,2.212609,11.000000,125.575448,0.201146,4.000000,39.647060,26.069246,38.357268,1.000000,-0.340453,-0.378558,0.038105,11.936330,21.154980,28.675034,-0.760244,-1.242183,2.491813,0.127817,0.020272,1.793578,1.000000,75.628627,1.793578,3.000000,44.069268,39.071567,13.109216,1.000000,-0.481963,-0.388301,-0.093662,15.697393,26.024993,23.827782,-0.484813,-0.849993,3.607533,0.371097,0.037429,2.316620,5.000000,111.182796,0.463324,4.000000,34.311725,0.000000,12.492525,1.000000,-0.507364,-0.368266,-0.139098,16.565854,17.014990,27.897906,-1.467417,-1.819490,2.750947,0.128360,0.038914,2.127952,2.000000,56.363636,1.063976,3.000000,3.638047,13.000000,120.087336,0.279850,4.000000,3.124147,9.000000,67.089844,0.347127,3.000000,4.449466,16.000000,52.837977,0.278092,2.000000,9.195293,52.000000,219.479049,0.176833,1.000000,4.021130,0.000000,53.907204,0.000000,1.000000,8.060627,21.000000,137.647059,0.383839,1.000000,5.532053,7.000000,74.608150,0.790293,2.000000,8.008636,16.000000,201.898734,0.500540,1.000000,3.815319,5.000000,42.934783,0.763064,2.000000,9.752995,7.000000,235.294118,1.393285,1.000000,3.980049,0.000000,72.676580,0.000000,7.000000,4.000000,3.000000,7.000000,-1.000000,,,,44.481170,7.484725,32.149906,1.815795,2.664426,-0.848631,37.530929,20.719955,25.162113,-2.888420,2.074408,0.069152,0.065158,,2.000000,,26.170794,6.095791,51.204299,-0.392925,-0.259179,-0.133747,33.151732,12.012594,47.553907,-2.518997,-2.833224,-0.319896,0.029968,1.723687,1.052632,88.000000,158.248473,56.363636,0.617117,0.912853
2026-03-04T03:45:00Z,1.322507,no_impulse,0,APLAPOLLO,1h,1.000000,65.185950,2.937616,0.000000,0.000000,-2.611847,-2.557369,0.456280,4.312188,6.000000,194.377510,0.718698,4.000000,28.913654,14.422159,37.058098,1.000000,-0.125459,0.153444,-0.278902,23.579845,11.326257,46.258653,-2.611847,-2.557369,0.456280,-0.336049,0.030445,2.268793,1.000000,86.308492,2.268793,3.000000,61.353824,84.402080,72.469983,0.000000,0.353516,0.301881,0.051636,16.452606,18.574393,25.349531,0.699024,1.037042,4.193530,0.862618,0.019413,2.561371,3.000000,109.487666,0.853790,8.000000,58.007511,72.097054,65.778082,0.000000,0.335243,0.289889,0.045354,16.531674,19.770819,26.982361,0.457612,0.765351,3.931676,0.752354,0.018217,2.395455,8.000000,110.482180,0.299432,1.000000,66.935890,91.461101,83.866099,0.000000,0.365911,0.239156,0.126755,16.111443,28.230914,13.061819,1.094717,1.361055,4.543240,1.003003,0.022005,2.122169,3.000000,61.389961,0.707390,2.000000,53.064789,60.489060,58.000858,1.000000,0.152254,0.076659,0.075596,10.283505,22.418431,21.736362,0.241212,0.220731,3.521260,0.596960,0.024938,3.580645,10.000000,158.248473,0.358065,7.000000,53.314010,61.261261,84.773733,0.000000,0.176383,0.001626,0.174757,10.925237,27.229860,16.625909,0.323722,0.264981,3.651933,0.624927,0.025997,2.212609,11.000000,125.575448,0.201146,4.000000,39.647060,26.069246,38.357268,1.000000,-0.340453,-0.378558,0.038105,11.936330,21.154980,28.675034,-0.760244,-1.242183,2.491813,0.127817,0.020272,1.793578,1.000000,75.628627,1.793578,3.000000,44.069268,39.071567,13.109216,1.000000,-0.481963,-0.388301,-0.093662,15.697393,26.024993,23.827782,-0.484813,-0.849993,3.607533,0.371097,0.037429,2.316620,5.000000,111.182796,0.463324,4.000000,2.127952,2.000000,56.363636,1.063976,3.000000,3.638047,13.000000,120.087336,0.279850,4.000000,3.124147,9.000000,67.089844,0.347127,3.000000,4.449466,16.000000,52.837977,0.278092,2.000000,9.195293,52.000000,219.479049,0.176833,1.000000,4.021130,0.000000,53.907204,0.000000,1.000000,8.060627,21.000000,137.647059,0.383839,1.000000,5.532053,7.000000,74.608150,0.790293,2.000000,8.008636,16.000000,201.898734,0.500540,1.000000,3.815319,5.000000,42.934783,0.763064,2.000000,9.752995,7.000000,235.294118,1.393285,1.000000,4.000000,4.000000,7.000000,-1.000000,,,,44.481170,7.484725,32.149906,1.815795,2.664426,-0.848631,37.530929,20.719955,25.162113,-2.888420,2.074408,0.069152,0.065158,,0.000000,,26.170794,6.095791,51.204299,-0.392925,-0.259179,-0.133747,33.151732,12.012594,47.553907,-2.518997,-2.833224,-0.319896,0.029968,1.143425,0.000000,88.000000,194.377510,56.363636,0.772342,1.128927
2026-03-04T09:45:00Z,1.259047,no_impulse,0,APLAPOLLO,1h,-1.000000,168.145800,4.798517,6.000000,0.799753,-3.061774,-4.101149,-1.877635,2.937616,0.000000,65.185950,0.000000,4.000000,28.913654,14.422159,37.058098,0.000000,-0.125459,0.153444,-0.278902,23.579845,11.326257,46.258653,-2.611847,-2.557369,0.456280,-0.336049,0.030445,4.312188,6.000000,194.377510,0.718698,4.000000,28.913654,14.422159,37.058098,1.000000,-0.125459,0.153444,-0.278902,23.579845,11.326257,46.258653,-2.611847,-2.557369,0.456280,-0.336049,0.030445,2.268793,1.000000,86.308492,2.268793,3.000000,61.353824,84.402080,72.469983,0.000000,0.353516,0.301881,0.051636,16.452606,18.574393,25.349531,0.699024,1.037042,4.193530,0.862618,0.019413,2.561371,3.000000,109.487666,0.853790,8.000000,58.007511,72.097054,65.778082,0.000000,0.335243,0.289889,0.045354,16.531674,19.770819,26.982361,0.457612,0.765351,3.931676,0.752354,0.018217,2.395455,8.000000,110.482180,0.299432,1.000000,66.935890,91.461101,83.866099,0.000000,0.365911,0.239156,0.126755,16.111443,28.230914,13.061819,1.094717,1.361055,4.543240,1.003003,0.022005,2.122169,3.000000,61.389961,0.707390,2.000000,53.064789,60.489060,58.000858,1.000000,0.152254,0.076659,0.075596,10.283505,22.418431,21.736362,0.241212,0.220731,3.521260,0.596960,0.024938,3.580645,10.000000,158.248473,0.358065,7.000000,53.314010,61.261261,84.773733,0.000000,0.176383,0.001626,0.174757,10.925237,27.229860,16.625909,0.323722,0.264981,3.651933,0.624927,0.025997,2.212609,11.000000,125.575448,0.201146,4.000000,39.647060,26.069246,38.357268,1.000000,-0.340453,-0.378558,0.038105,11.936330,21.154980,28.675034,-0.760244,-1.242183,2.491813,0.127817,0.020272,1.793578,1.000000,75.628627,1.793578,3.000000,2.316620,5.000000,111.182796,0.463324,4.000000,2.127952,2.000000,56.363636,1.063976,3.000000,3.638047,13.000000,120.087336,0.279850,4.000000,3.124147,9.000000,67.089844,0.347127,3.000000,4.449466,16.000000,52.837977,0.278092,2.000000,9.195293,52.000000,219.479049,0.176833,1.000000,4.021130,0.000000,53.907204,0.000000,1.000000,8.060627,21.000000,137.647059,0.383839,1.000000,5.532053,7.000000,74.608150,0.790293,2.000000,8.008636,16.000000,201.898734,0.500540,1.000000,3.815319,5.000000,42.934783,0.763064,2.000000,4.000000,5.000000,13.000000,-1.000000,,,,50.635058,33.551847,26.946234,1.510929,2.392699,-0.881770,35.541698,19.464106,23.637023,-0.821576,3.803983,0.378010,0.066799,,0.000000,,29.369234,21.212121,22.347428,-0.813644,-0.896005,0.082361,47.918456,12.550150,27.990271,-1.130598,-2.608081,-0.060013,0.019963,1.810690,1.250000,94.000000,194.377510,61.389961,0.763339,1.344626
2026-03-06T05:45:00Z,1.310904,no_impulse,0,APLAPOLLO,1h,1.000000,81.715363,4.118765,10.000000,0.411876,0.763848,-0.047000,1.514237,4.798517,6.000000,168.145800,0.799753,4.000000,20.875825,4.768392,5.142165,0.000000,-1.276179,-0.690541,-0.585638,38.523277,8.739537,43.809223,-3.061774,-4.101149,-1.877635,0.172015,0.090578,2.937616,0.000000,65.185950,0.000000,4.000000,28.913654,14.422159,37.058098,0.000000,-0.125459,0.153444,-0.278902,23.579845,11.326257,46.258653,-2.611847,-2.557369,0.456280,-0.336049,0.030445,4.312188,6.000000,194.377510,0.718698,4.000000,28.913654,14.422159,37.058098,1.000000,-0.125459,0.153444,-0.278902,23.579845,11.326257,46.258653,-2.611847,-2.557369,0.456280,-0.336049,0.030445,2.268793,1.000000,86.308492,2.268793,3.000000,61.353824,84.402080,72.469983,0.000000,0.353516,0.301881,0.051636,16.452606,18.574393,25.349531,0.699024,1.037042,4.193530,0.862618,0.019413,2.561371,3.000000,109.487666,0.853790,8.000000,58.007511,72.097054,65.778082,0.000000,0.335243,0.289889,0.045354,16.531674,19.770819,26.982361,0.457612,0.765351,3.931676,0.752354,0.018217,2.395455,8.000000,110.482180,0.299432,1.000000,66.935890,91.461101,83.866099,0.000000,0.365911,0.239156,0.126755,16.111443,28.230914,13.061819,1.094717,1.361055,4.543240,1.003003,0.022005,2.122169,3.000000,61.389961,0.707390,2.000000,53.064789,60.489060,58.000858,1.000000,0.152254,0.076659,0.075596,10.283505,22.418431,21.736362,0.241212,0.220731,3.521260,0.596960,0.024938,3.580645,10.000000,158.248473,0.358065,7.000000,53.314010,61.261261,84.773733,0.000000,0.176383,0.001626,0.174757,10.925237,27.229860,16.625909,0.323722,0.264981,3.651933,0.624927,0.025997,2.212609,11.000000,125.575448,0.201146,4.000000,1.793578,1.000000,75.628627,1.793578,3.000000,2.316620,5.000000,111.182796,0.463324,4.000000,2.127952,2.000000,56.363636,1.063976,3.000000,3.638047,13.000000,120.087336,0.279850,4.000000,3.124147,9.000000,67.089844,0.347127,3.000000,4.449466,16.000000,52.837977,0.278092,2.000000,9.195293,52.000000,219.479049,0.176833,1.000000,4.021130,0.000000,53.907204,0.000000,1.000000,8.060627,21.000000,137.647059,0.383839,1.000000,5.532053,7.000000,74.608150,0.790293,2.000000,8.008636,16.000000,201.898734,0.500540,1.000000,3.000000,6.000000,23.000000,-1.000000,,,,49.429453,29.217604,23.418059,1.255804,2.172878,-0.917074,33.083654,21.632985,22.127075,-1.103497,3.289887,0.344731,0.070294,,4.000000,,61.936047,86.878728,75.878065,0.382471,0.302731,0.079740,13.645763,24.703852,19.692901,0.753670,0.925098,0.835624,0.022626,1.421100,2.040816,104.000000,194.377510,61.389961,1.007343,1.667445
2026-03-09T03:45:00Z,1.234404,no_impulse,0,APLAPOLLO,1h,-1.000000,147.520185,5.835653,5.000000,1.167131,-3.786033,-4.780596,-3.490122,4.118765,10.000000,81.715363,0.411876,3.000000,53.664609,93.079585,90.949581,1.000000,-0.380014,-0.680160,0.300146,31.193054,19.642982,23.367624,0.763848,-0.047000,1.514237,0.628817,0.059753,4.798517,6.000000,168.145800,0.799753,4.000000,20.875825,4.768392,5.142165,0.000000,-1.276179,-0.690541,-0.585638,38.523277,8.739537,43.809223,-3.061774,-4.101149,-1.877635,0.172015,0.090578,2.937616,0.000000,65.185950,0.000000,4.000000,28.913654,14.422159,37.058098,0.000000,-0.125459,0.153444,-0.278902,23.579845,11.326257,46.258653,-2.611847,-2.557369,0.456280,-0.336049,0.030445,4.312188,6.000000,194.377510,0.718698,4.000000,28.913654,14.422159,37.058098,1.000000,-0.125459,0.153444,-0.278902,23.579845,11.326257,46.258653,-2.611847,-2.557369,0.456280,-0.336049,0.030445,2.268793,1.000000,86.308492,2.268793,3.000000,61.353824,84.402080,72.469983,0.000000,0.353516,0.301881,0.051636,16.452606,18.574393,25.349531,0.699024,1.037042,4.193530,0.862618,0.019413,2.561371,3.000000,109.487666,0.853790,8.000000,58.007511,72.097054,65.778082,0.000000,0.335243,0.289889,0.045354,16.531674,19.770819,26.982361,0.457612,0.765351,3.931676,0.752354,0.018217,2.395455,8.000000,110.482180,0.299432,1.000000,66.935890,91.461101,83.866099,0.000000,0.365911,0.239156,0.126755,16.111443,28.230914,13.061819,1.094717,1.361055,4.543240,1.003003,0.022005,2.122169,3.000000,61.389961,0.707390,2.000000,53.064789,60.489060,58.000858,1.000000,0.152254,0.076659,0.075596,10.283505,22.418431,21.736362,0.241212,0.220731,3.521260,0.596960,0.024938,3.580645,10.000000,158.248473,0.358065,7.000000,2.212609,11.000000,125.575448,0.201146,4.000000,1.793578,1.000000,75.628627,1.793578,3.000000,2.316620,5.000000,111.182796,0.463324,4.000000,2.127952,2.000000,56.363636,1.063976,3.000000,3.638047,13.000000,120.087336,0.279850,4.000000,3.124147,9.000000,67.089844,0.347127,3.000000,4.449466,16.000000,52.837977,0.278092,2.000000,9.195293,52.000000,219.479049,0.176833,1.000000,4.021130,0.000000,53.907204,0.000000,1.000000,8.060627,21.000000,137.647059,0.383839,1.000000,5.532053,7.000000,74.608150,0.790293,2.000000,4.000000,7.000000,28.000000,-1.000000,,,,42.406433,21.425266,28.064906,0.855314,1.954855,-1.099541,32.425881,18.907622,30.767461,-3.392203,0.729309,0.111778,0.084511,,1.000000,,18.332066,10.389610,15.945770,-0.415204,0.001641,-0.416844,20.164876,7.080811,54.996838,-4.012665,-4.201718,-0.400411,0.042846,1.863942,0.862069,109.000000,194.377510,61.389961,0.992257,1.296701
2026-03-09T03:45:00Z,1.280220,no_impulse,0,APLAPOLLO,1h,1.000000,59.890539,3.711600,0.000000,0.000000,-3.786033,-4.780596,-3.490122,5.835653,5.000000,147.520185,1.167131,4.000000,29.741388,12.431587,38.064470,1.000000,-0.640261,-0.515879,-0.124381,31.254369,11.710127,43.940689,-3.786033,-4.780596,-3.490122,-0.248724,0.048722,4.118765,10.000000,81.715363,0.411876,3.000000,53.664609,93.079585,90.949581,1.000000,-0.380014,-0.680160,0.300146,31.193054,19.642982,23.367624,0.763848,-0.047000,1.514237,0.628817,0.059753,4.798517,6.000000,168.145800,0.799753,4.000000,20.875825,4.768392,5.142165,0.000000,-1.276179,-0.690541,-0.585638,38.523277,8.739537,43.809223,-3.061774,-4.101149,-1.877635,0.172015,0.090578,2.937616,0.000000,65.185950,0.000000,4.000000,28.913654,14.422159,37.058098,0.000000,-0.125459,0.153444,-0.278902,23.579845,11.326257,46.258653,-2.611847,-2.557369,0.456280,-0.336049,0.030445,4.312188,6.000000,194.377510,0.718698,4.000000,28.913654,14.422159,37.058098,1.000000,-0.125459,0.153444,-0.278902,23.579845,11.326257,46.258653,-2.611847,-2.557369,0.456280,-0.336049,0.030445,2.268793,1.000000,86.308492,2.268793,3.000000,61.353824,84.402080,72.469983,0.000000,0.353516,0.301881,0.051636,16.452606,18.574393,25.349531,0.699024,1.037042,4.193530,0.862618,0.019413,2.561371,3.000000,109.487666,0.853790,8.000000,58.007511,72.097054,65.778082,0.000000,0.335243,0.289889,0.045354,16.531674,19.770819,26.982361,0.457612,0.765351,3.931676,0.752354,0.018217,2.395455,8.000000,110.482180,0.299432,1.000000,66.935890,91.461101,83.866099,0.000000,0.365911,0.239156,0.126755,16.111443,28.230914,13.061819,1.094717,1.361055,4.543240,1.003003,0.022005,2.122169,3.000000,61.389961,0.707390,2.000000,3.580645,10.000000,158.248473,0.358065,7.000000,2.212609,11.000000,125.575448,0.201146,4.000000,1.793578,1.000000,75.628627,1.793578,3.000000,2.316620,5.000000,111.182796,0.463324,4.000000,2.127952,2.000000,56.363636,1.063976,3.000000,3.638047,13.000000,120.087336,0.279850,4.000000,3.124147,9.000000,67.089844,0.347127,3.000000,4.449466,16.000000,52.837977,0.278092,2.000000,9.195293,52.000000,219.479049,0.176833,1.000000,4.021130,0.000000,53.907204,0.000000,1.000000,8.060627,21.000000,137.647059,0.383839,1.000000,4.000000,8.000000,28.000000,-1.000000,,,,42.406433,21.425266,28.064906,0.855314,1.954855,-1.099541,32.425881,18.907622,30.767461,-3.392203,0.729309,0.111778,0.084511,,0.000000,,18.332066,10.389610,15.945770,-0.415204,0.001641,-0.416844,20.164876,7.080811,54.996838,-4.012665,-4.201718,-0.400411,0.042846,1.062547,0.000000,109.000000,194.377510,61.389961,1.248180,1.549906
2026-03-09T06:45:00Z,1.236019,no_impulse,0,APLAPOLLO,1h,-1.000000,96.475196,3.452626,3.000000,1.150875,-3.135359,-4.642169,-3.822982,3.711600,0.000000,59.890539,0.000000,4.000000,29.741388,12.431587,38.064470,0.000000,-0.640261,-0.515879,-0.124381,31.254369,11.710127,43.940689,-3.786033,-4.780596,-3.490122,-0.248724,0.048722,5.835653,5.000000,147.520185,1.167131,4.000000,29.741388,12.431587,38.064470,1.000000,-0.640261,-0.515879,-0.124381,31.254369,11.710127,43.940689,-3.786033,-4.780596,-3.490122,-0.248724,0.048722,4.118765,10.000000,81.715363,0.411876,3.000000,53.664609,93.079585,90.949581,1.000000,-0.380014,-0.680160,0.300146,31.193054,19.642982,23.367624,0.763848,-0.047000,1.514237,0.628817,0.059753,4.798517,6.000000,168.145800,0.799753,4.000000,20.875825,4.768392,5.142165,0.000000,-1.276179,-0.690541,-0.585638,38.523277,8.739537,43.809223,-3.061774,-4.101149,-1.877635,0.172015,0.090578,2.937616,0.000000,65.185950,0.000000,4.000000,28.913654,14.422159,37.058098,0.000000,-0.125459,0.153444,-0.278902,23.579845,11.326257,46.258653,-2.611847,-2.557369,0.456280,-0.336049,0.030445,4.312188,6.000000,194.377510,0.718698,4.000000,28.913654,14.422159,37.058098,1.000000,-0.125459,0.153444,-0.278902,23.579845,11.326257,46.258653,-2.611847,-2.557369,0.456280,-0.336049,0.030445,2.268793,1.000000,86.308492,2.268793,3.000000,61.353824,84.402080,72.469983,0.000000,0.353516,0.301881,0.051636,16.452606,18.574393,25.349531,0.699024,1.037042,4.193530,0.862618,0.019413,2.561371,3.000000,109.487666,0.853790,8.000000,58.007511,72.097054,65.778082,0.000000,0.335243,0.289889,0.045354,16.531674,19.770819,26.982361,0.457612,0.765351,3.931676,0.752354,0.018217,2.395455,8.000000,110.482180,0.299432,1.000000,2.122169,3.000000,61.389961,0.707390,2.000000,3.580645,10.000000,158.248473,0.358065,7.000000,2.212609,11.000000,125.575448,0.201146,4.000000,1.793578,1.000000,75.628627,1.793578,3.000000,2.316620,5.000000,111.182796,0.463324,4.000000,2.127952,2.000000,56.363636,1.063976,3.000000,3.638047,13.000000,120.087336,0.279850,4.000000,3.124147,9.000000,67.089844,0.347127,3.000000,4.449466,16.000000,52.837977,0.278092,2.000000,9.195293,52.000000,219.479049,0.176833,1.000000,4.021130,0.000000,53.907204,0.000000,1.000000,2.000000,1.000000,31.000000,-1.000000,,,,42.836595,22.674688,24.439186,0.515648,1.665003,-1.149355,31.189310,20.418890,27.690019,-2.948898,0.823303,0.196950,0.094520,,1.000000,,30.114341,18.773585,18.604302,-1.181642,-1.131804,-0.049838,48.210305,7.281229,37.625281,-1.335412,-2.787496,0.342838,0.083851,0.984717,0.714286,112.000000,194.377510,59.890539,1.249886,1.134267
2026-03-10T03:45:00Z,1.297087,no_impulse,0,APLAPOLLO,1h,1.000000,138.159675,4.940721,4.000000,1.235180,1.148553,-0.286627,0.180011,3.452626,3.000000,96.475196,1.150875,2.000000,30.076691,13.633119,13.371401,1.000000,-1.234535,-0.805301,-0.429234,37.072107,9.846085,39.930368,-3.135359,-4.642169,-3.822982,0.075297,0.071580,3.711600,0.000000,59.890539,0.000000,4.000000,29.741388,12.431587,38.064470,0.000000,-0.640261,-0.515879,-0.124381,31.254369,11.710127,43.940689,-3.786033,-4.780596,-3.490122,-0.248724,0.048722,5.835653,5.000000,147.520185,1.167131,4.000000,29.741388,12.431587,38.064470,1.000000,-0.640261,-0.515879,-0.124381,31.254369,11.710127,43.940689,-3.786033,-4.780596,-3.490122,-0.248724,0.048722,4.118765,10.000000,81.715363,0.411876,3.000000,53.664609,93.079585,90.949581,1.000000,-0.380014,-0.680160,0.300146,31.193054,19.642982,23.367624,0.763848,-0.047000,1.514237,0.628817,0.059753,4.798517,6.000000,168.145800,0.799753,4.000000,20.875825,4.768392,5.142165,0.000000,-1.276179,-0.690541,-0.585638,38.523277,8.739537,43.809223,-3.061774,-4.101149,-1.877635,0.172015,0.090578,2.937616,0.000000,65.185950,0.000000,4.000000,28.913654,14.422159,37.058098,0.000000,-0.125459,0.153444,-0.278902,23.579845,11.326257,46.258653,-2.611847,-2.557369,0.456280,-0.336049,0.030445,4.312188,6.000000,194.377510,0.718698,4.000000,28.913654,14.422159,37.058098,1.000000,-0.125459,0.153444,-0.278902,23.579845,11.326257,46.258653,-2.611847,-2.557369,0.456280,-0.336049,0.030445,2.268793,1.000000,86.308492,2.268793,3.000000,61.353824,84.402080,72.469983,0.000000,0.353516,0.301881,0.051636,16.452606,18.574393,25.349531,0.699024,1.037042,4.193530,0.862618,0.019413,2.561371,3.000000,109.487666,0.853790,8.000000,2.395455,8.000000,110.482180,0.299432,1.000000,2.122169,3.000000,61.389961,0.707390,2.000000,3.580645,10.000000,158.248473,0.358065,7.000000,2.212609,11.000000,125.575448,0.201146,4.000000,1.793578,1.000000,75.628627,1.793578,3.000000,2.316620,5.000000,111.182796,0.463324,4.000000,2.127952,2.000000,56.363636,1.063976,3.000000,3.638047,13.000000,120.087336,0.279850,4.000000,3.124147,9.000000,67.089844,0.347127,3.000000,4.449466,16.000000,52.837977,0.278092,2.000000,9.195293,52.000000,219.479049,0.176833,1.000000,1.000000,2.000000,35.000000,-1.000000,,,,42.836595,22.674688,24.439186,0.515648,1.665003,-1.149355,31.189310,20.418890,27.690019,-2.948898,0.823303,0.196950,0.094520,,0.000000,,74.533219,96.865521,88.584803,0.003926,-0.462393,0.466318,38.987644,41.917863,15.465445,2.956736,2.195204,1.278990,0.039112,1.357618,0.952381,116.000000,194.377510,59.890539,1.153267,1.096583
2026-03-11T07:45:00Z,1.191638,no_impulse,0,APLAPOLLO,1h,-1.000000,172.673849,8.129669,11.000000,0.739061,-5.586376,-7.208729,-7.512166,4.940721,4.000000,138.159675,1.235180,1.000000,53.608683,71.734475,47.275755,0.000000,-0.908344,-0.965305,0.056961,35.466822,30.189190,27.518288,1.148553,-0.286627,0.180011,0.651818,0.076532,3.452626,3.000000,96.475196,1.150875,2.000000,30.076691,13.633119,13.371401,1.000000,-1.234535,-0.805301,-0.429234,37.072107,9.846085,39.930368,-3.135359,-4.642169,-3.822982,0.075297,0.071580,3.711600,0.000000,59.890539,0.000000,4.000000,29.741388,12.431587,38.064470,0.000000,-0.640261,-0.515879,-0.124381,31.254369,11.710127,43.940689,-3.786033,-4.780596,-3.490122,-0.248724,0.048722,5.835653,5.000000,147.520185,1.167131,4.000000,29.741388,12.431587,38.064470,1.000000,-0.640261,-0.515879,-0.124381,31.254369,11.710127,43.940689,-3.786033,-4.780596,-3.490122,-0.248724,0.048722,4.118765,10.000000,81.715363,0.411876,3.000000,53.664609,93.079585,90.949581,1.000000,-0.380014,-0.680160,0.300146,31.193054,19.642982,23.367624,0.763848,-0.047000,1.514237,0.628817,0.059753,4.798517,6.000000,168.145800,0.799753,4.000000,20.875825,4.768392,5.142165,0.000000,-1.276179,-0.690541,-0.585638,38.523277,8.739537,43.809223,-3.061774,-4.101149,-1.877635,0.172015,0.090578,2.937616,0.000000,65.185950,0.000000,4.000000,28.913654,14.422159,37.058098,0.000000,-0.125459,0.153444,-0.278902,23.579845,11.326257,46.258653,-2.611847,-2.557369,0.456280,-0.336049,0.030445,4.312188,6.000000,194.377510,0.718698,4.000000,28.913654,14.422159,37.058098,1.000000,-0.125459,0.153444,-0.278902,23.579845,11.326257,46.258653,-2.611847,-2.557369,0.456280,-0.336049,0.030445,2.268793,1.000000,86.308492,2.268793,3.000000,2.561371,3.000000,109.487666,0.853790,8.000000,2.395455,8.000000,110.482180,0.299432,1.000000,2.122169,3.000000,61.389961,0.707390,2.000000,3.580645,10.000000,158.248473,0.358065,7.000000,2.212609,11.000000,125.575448,0.201146,4.000000,1.793578,1.000000,75.628627,1.793578,3.000000,2.316620,5.000000,111.182796,0.463324,4.000000,2.127952,2.000000,56.363636,1.063976,3.000000,3.638047,13.000000,120.087336,0.279850,4.000000,3.124147,9.000000,67.089844,0.347127,3.000000,4.449466,16.000000,52.837977,0.278092,2.000000,8.000000,1.000000,46.000000,-1.000000,,,,33.625994,22.820919,18.468950,-0.590671,0.983293,-1.573964,31.905006,15.696322,36.520305,-6.278057,-3.418026,0.063770,0.135415,,3.000000,,29.749318,5.617978,22.259564,-0.281399,-0.176096,-0.105303,14.867586,15.523795,38.410514,-1.740890,-2.135575,-0.390167,0.019222,2.087858,2.894737,,194.377510,59.890539,1.128871,0.820511
2026-03-11T07:45:00Z,1.256415,no_impulse,0,APLAPOLLO,1h,1.000000,61.429382,5.435928,0.000000,0.000000,-5.586376,-7.208729,-7.512166,8.129669,11.000000,172.673849,0.739061,8.000000,28.000093,0.794101,23.429149,1.000000,-1.045575,-0.760836,-0.284739,26.620601,15.216528,44.848215,-5.586376,-7.208729,-7.512166,-0.237484,0.071741,4.940721,4.000000,138.159675,1.235180,1.000000,53.608683,71.734475,47.275755,0.000000,-0.908344,-0.965305,0.056961,35.466822,30.189190,27.518288,1.148553,-0.286627,0.180011,0.651818,0.076532,3.452626,3.000000,96.475196,1.150875,2.000000,30.076691,13.633119,13.371401,1.000000,-1.234535,-0.805301,-0.429234,37.072107,9.846085,39.930368,-3.135359,-4.642169,-3.822982,0.075297,0.071580,3.711600,0.000000,59.890539,0.000000,4.000000,29.741388,12.431587,38.064470,0.000000,-0.640261,-0.515879,-0.124381,31.254369,11.710127,43.940689,-3.786033,-4.780596,-3.490122,-0.248724,0.048722,5.835653,5.000000,147.520185,1.167131,4.000000,29.741388,12.431587,38.064470,1.000000,-0.640261,-0.515879,-0.124381,31.254369,11.710127,43.940689,-3.786033,-4.780596,-3.490122,-0.248724,0.048722,4.118765,10.000000,81.715363,0.411876,3.000000,53.664609,93.079585,90.949581,1.000000,-0.380014,-0.680160,0.300146,31.193054,19.642982,23.367624,0.763848,-0.047000,1.514237,0.628817,0.059753,4.798517,6.000000,168.145800,0.799753,4.000000,20.875825,4.768392,5.142165,0.000000,-1.276179,-0.690541,-0.585638,38.523277,8.739537,43.809223,-3.061774,-4.101149,-1.877635,0.172015,0.090578,2.937616,0.000000,65.185950,0.000000,4.000000,28.913654,14.422159,37.058098,0.000000,-0.125459,0.153444,-0.278902,23.579845,11.326257,46.258653,-2.611847,-2.557369,0.456280,-0.336049,0.030445,4.312188,6.000000,194.377510,0.718698,4.000000,2.268793,1.000000,86.308492,2.268793,3.000000,2.561371,3.000000,109.487666,0.853790,8.000000,2.395455,8.000000,110.482180,0.299432,1.000000,2.122169,3.000000,61.389961,0.707390,2.000000,3.580645,10.000000,158.248473,0.358065,7.000000,2.212609,11.000000,125.575448,0.201146,4.000000,1.793578,1.000000,75.628627,1.793578,3.000000,2.316620,5.000000,111.182796,0.463324,4.000000,2.127952,2.000000,56.363636,1.063976,3.000000,3.638047,13.000000,120.087336,0.279850,4.000000,3.124147,9.000000,67.089844,0.347127,3.000000,8.000000,2.000000,0.000000,-1.000000,,,,33.625994,22.820919,18.468950,-0.590671,0.983293,-1.573964,31.905006,15.696322,36.520305,-6.278057,-3.418026,0.063770,0.135415,,0.000000,,29.749318,5.617978,22.259564,-0.281399,-0.176096,-0.105303,14.867586,15.523795,38.410514,-1.740890,-2.135575,-0.390167,0.019222,1.221388,0.000000,,194.377510,59.890539,1.651125,1.209059
2026-03-12T04:45:00Z,1.158682,no_impulse,0,APLAPOLLO,1h,-1.000000,150.877193,7.778730,4.000000,1.944682,-4.399091,-6.880091,-7.989688,5.435928,0.000000,61.429382,0.000000,8.000000,28.000093,0.794101,23.429149,0.000000,-1.045575,-0.760836,-0.284739,26.620601,15.216528,44.848215,-5.586376,-7.208729,-7.512166,-0.237484,0.071741,8.129669,11.000000,172.673849,0.739061,8.000000,28.000093,0.794101,23.429149,1.000000,-1.045575,-0.760836,-0.284739,26.620601,15.216528,44.848215,-5.586376,-7.208729,-7.512166,-0.237484,0.071741,4.940721,4.000000,138.159675,1.235180,1.000000,53.608683,71.734475,47.275755,0.000000,-0.908344,-0.965305,0.056961,35.466822,30.189190,27.518288,1.148553,-0.286627,0.180011,0.651818,0.076532,3.452626,3.000000,96.475196,1.150875,2.000000,30.076691,13.633119,13.371401,1.000000,-1.234535,-0.805301,-0.429234,37.072107,9.846085,39.930368,-3.135359,-4.642169,-3.822982,0.075297,0.071580,3.711600,0.000000,59.890539,0.000000,4.000000,29.741388,12.431587,38.064470,0.000000,-0.640261,-0.515879,-0.124381,31.254369,11.710127,43.940689,-3.786033,-4.780596,-3.490122,-0.248724,0.048722,5.835653,5.000000,147.520185,1.167131,4.000000,29.741388,12.431587,38.064470,1.000000,-0.640261,-0.515879,-0.124381,31.254369,11.710127,43.940689,-3.786033,-4.780596,-3.490122,-0.248724,0.048722,4.118765,10.000000,81.715363,0.411876,3.000000,53.664609,93.079585,90.949581,1.000000,-0.380014,-0.680160,0.300146,31.193054,19.642982,23.367624,0.763848,-0.047000,1.514237,0.628817,0.059753,4.798517,6.000000,168.145800,0.799753,4.000000,20.875825,4.768392,5.142165,0.000000,-1.276179,-0.690541,-0.585638,38.523277,8.739537,43.809223,-3.061774,-4.101149,-1.877635,0.172015,0.090578,2.937616,0.000000,65.185950,0.000000,4.000000,4.312188,6.000000,194.377510,0.718698,4.000000,2.268793,1.000000,86.308492,2.268793,3.000000,2.561371,3.000000,109.487666,0.853790,8.000000,2.395455,8.000000,110.482180,0.299432,1.000000,2.122169,3.000000,61.389961,0.707390,2.000000,3.580645,10.000000,158.248473,0.358065,7.000000,2.212609,11.000000,125.575448,0.201146,4.000000,1.793578,1.000000,75.628627,1.793578,3.000000,2.316620,5.000000,111.182796,0.463324,4.000000,2.127952,2.000000,56.363636,1.063976,3.000000,3.638047,13.000000,120.087336,0.279850,4.000000,4.000000,3.000000,4.000000,-1.000000,,,,33.625994,22.820919,18.468950,-0.590671,0.983293,-1.573964,31.905006,15.696322,36.520305,-6.278057,-3.418026,0.063770,0.135415,,2.000000,,20.920972,6.609547,5.317673,-1.957907,-1.576428,-0.381478,43.396410,8.356666,48.788529,-3.448317,-5.801771,0.202896,0.112196,1.631675,0.888889,,194.377510,59.890539,1.481116,1.423576
2026-03-12T07:45:00Z,1.211197,no_impulse,0,APLAPOLLO,1h,1.000000,53.733170,4.532315,3.000000,1.510772,-1.595737,-4.266563,-5.824270,7.778730,4.000000,150.877193,1.944682,4.000000,33.833465,18.288445,11.922540,1.000000,-1.987431,-1.320993,-0.666438,34.306100,10.254580,45.128777,-4.399091,-6.880091,-7.989688,0.124441,0.112199,5.435928,0.000000,61.429382,0.000000,8.000000,28.000093,0.794101,23.429149,0.000000,-1.045575,-0.760836,-0.284739,26.620601,15.216528,44.848215,-5.586376,-7.208729,-7.512166,-0.237484,0.071741,8.129669,11.000000,172.673849,0.739061,8.000000,28.000093,0.794101,23.429149,1.000000,-1.045575,-0.760836,-0.284739,26.620601,15.216528,44.848215,-5.586376,-7.208729,-7.512166,-0.237484,0.071741,4.940721,4.000000,138.159675,1.235180,1.000000,53.608683,71.734475,47.275755,0.000000,-0.908344,-0.965305,0.056961,35.466822,30.189190,27.518288,1.148553,-0.286627,0.180011,0.651818,0.076532,3.452626,3.000000,96.475196,1.150875,2.000000,30.076691,13.633119,13.371401,1.000000,-1.234535,-0.805301,-0.429234,37.072107,9.846085,39.930368,-3.135359,-4.642169,-3.822982,0.075297,0.071580,3.711600,0.000000,59.890539,0.000000,4.000000,29.741388,12.431587,38.064470,0.000000,-0.640261,-0.515879,-0.124381,31.254369,11.710127,43.940689,-3.786033,-4.780596,-3.490122,-0.248724,0.048722,5.835653,5.000000,147.520185,1.167131,4.000000,29.741388,12.431587,38.064470,1.000000,-0.640261,-0.515879,-0.124381,31.254369,11.710127,43.940689,-3.786033,-4.780596,-3.490122,-0.248724,0.048722,4.118765,10.000000,81.715363,0.411876,3.000000,53.664609,93.079585,90.949581,1.000000,-0.380014,-0.680160,0.300146,31.193054,19.642982,23.367624,0.763848,-0.047000,1.514237,0.628817,0.059753,4.798517,6.000000,168.145800,0.799753,4.000000,2.937616,0.000000,65.185950,0.000000,4.000000,4.312188,6.000000,194.377510,0.718698,4.000000,2.268793,1.000000,86.308492,2.268793,3.000000,2.561371,3.000000,109.487666,0.853790,8.000000,2.395455,8.000000,110.482180,0.299432,1.000000,2.122169,3.000000,61.389961,0.707390,2.000000,3.580645,10.000000,158.248473,0.358065,7.000000,2.212609,11.000000,125.575448,0.201146,4.000000,1.793578,1.000000,75.628627,1.793578,3.000000,2.316620,5.000000,111.182796,0.463324,4.000000,2.127952,2.000000,56.363636,1.063976,3.000000,3.000000,4.000000,7.000000,-1.000000,,,,27.879452,7.176060,13.302741,-1.337096,0.550140,-1.887236,32.731699,13.994165,35.524041,-9.460347,-7.190226,-0.028906,0.163407,,0.000000,,51.907163,98.022599,97.774660,-0.746122,-1.136166,0.390044,34.063735,26.629098,27.379656,0.681481,-1.204481,0.666988,0.041090,0.886259,0.697674,,172.673849,59.890539,1.744931,1.763273
2026-03-16T06:45:00Z,1.119744,no_impulse,0,APLAPOLLO,1h,-1.000000,174.145786,7.550617,13.000000,0.580817,-4.279550,-8.347271,-12.501531,4.532315,3.000000,53.733170,1.510772,3.000000,41.732842,41.521395,29.000477,0.000000,-1.949251,-1.649606,-0.299645,37.693768,17.621149,38.181759,-1.595737,-4.266563,-5.824270,0.377422,0.128137,7.778730,4.000000,150.877193,1.944682,4.000000,33.833465,18.288445,11.922540,1.000000,-1.987431,-1.320993,-0.666438,34.306100,10.254580,45.128777,-4.399091,-6.880091,-7.989688,0.124441,0.112199,5.435928,0.000000,61.429382,0.000000,8.000000,28.000093,0.794101,23.429149,0.000000,-1.045575,-0.760836,-0.284739,26.620601,15.216528,44.848215,-5.586376,-7.208729,-7.512166,-0.237484,0.071741,8.129669,11.000000,172.673849,0.739061,8.000000,28.000093,0.794101,23.429149,1.000000,-1.045575,-0.760836,-0.284739,26.620601,15.216528,44.848215,-5.586376,-7.208729,-7.512166,-0.237484,0.071741,4.940721,4.000000,138.159675,1.235180,1.000000,53.608683,71.734475,47.275755,0.000000,-0.908344,-0.965305,0.056961,35.466822,30.189190,27.518288,1.148553,-0.286627,0.180011,0.651818,0.076532,3.452626,3.000000,96.475196,1.150875,2.000000,30.076691,13.633119,13.371401,1.000000,-1.234535,-0.805301,-0.429234,37.072107,9.846085,39.930368,-3.135359,-4.642169,-3.822982,0.075297,0.071580,3.711600,0.000000,59.890539,0.000000,4.000000,29.741388,12.431587,38.064470,0.000000,-0.640261,-0.515879,-0.124381,31.254369,11.710127,43.940689,-3.786033,-4.780596,-3.490122,-0.248724,0.048722,5.835653,5.000000,147.520185,1.167131,4.000000,29.741388,12.431587,38.064470,1.000000,-0.640261,-0.515879,-0.124381,31.254369,11.710127,43.940689,-3.786033,-4.780596,-3.490122,-0.248724,0.048722,4.118765,10.000000,81.715363,0.411876,3.000000,4.798517,6.000000,168.145800,0.799753,4.000000,2.937616,0.000000,65.185950,0.000000,4.000000,4.312188,6.000000,194.377510,0.718698,4.000000,2.268793,1.000000,86.308492,2.268793,3.000000,2.561371,3.000000,109.487666,0.853790,8.000000,2.395455,8.000000,110.482180,0.299432,1.000000,2.122169,3.000000,61.389961,0.707390,2.000000,3.580645,10.000000,158.248473,0.358065,7.000000,2.212609,11.000000,125.575448,0.201146,4.000000,1.793578,1.000000,75.628627,1.793578,3.000000,2.316620,5.000000,111.182796,0.463324,4.000000,4.000000,5.000000,20.000000,-1.000000,,,,36.340056,24.566474,12.472595,-2.253321,-0.427202,-1.826119,33.998220,15.731679,33.830110,-5.952007,-4.868511,0.227324,0.206019,,5.000000,,30.225084,5.636364,8.969697,-0.751319,-0.725364,-0.025954,26.508140,16.398355,30.138544,-1.021519,-2.654290,0.208124,0.034644,1.431817,2.826087,,172.673849,53.733170,1.589917,1.074076
2026-03-18T07:45:00Z,1.210599,no_impulse,0,APLAPOLLO,1h,1.000000,99.345978,8.113883,15.000000,0.540926,2.385888,0.794695,-3.609622,7.550617,13.000000,174.145786,0.580817,4.000000,27.656050,1.308044,4.179458,1.000000,-2.580964,-2.420927,-0.160037,45.077233,12.583799,44.922100,-4.279550,-8.347271,-12.501531,0.050278,0.091255,4.532315,3.000000,53.733170,1.510772,3.000000,41.732842,41.521395,29.000477,0.000000,-1.949251,-1.649606,-0.299645,37.693768,17.621149,38.181759,-1.595737,-4.266563,-5.824270,0.377422,0.128137,7.778730,4.000000,150.877193,1.944682,4.000000,33.833465,18.288445,11.922540,1.000000,-1.987431,-1.320993,-0.666438,34.306100,10.254580,45.128777,-4.399091,-6.880091,-7.989688,0.124441,0.112199,5.435928,0.000000,61.429382,0.000000,8.000000,28.000093,0.794101,23.429149,0.000000,-1.045575,-0.760836,-0.284739,26.620601,15.216528,44.848215,-5.586376,-7.208729,-7.512166,-0.237484,0.071741,8.129669,11.000000,172.673849,0.739061,8.000000,28.000093,0.794101,23.429149,1.000000,-1.045575,-0.760836,-0.284739,26.620601,15.216528,44.848215,-5.586376,-7.208729,-7.512166,-0.237484,0.071741,4.940721,4.000000,138.159675,1.235180,1.000000,53.608683,71.734475,47.275755,0.000000,-0.908344,-0.965305,0.056961,35.466822,30.189190,27.518288,1.148553,-0.286627,0.180011,0.651818,0.076532,3.452626,3.000000,96.475196,1.150875,2.000000,30.076691,13.633119,13.371401,1.000000,-1.234535,-0.805301,-0.429234,37.072107,9.846085,39.930368,-3.135359,-4.642169,-3.822982,0.075297,0.071580,3.711600,0.000000,59.890539,0.000000,4.000000,29.741388,12.431587,38.064470,0.000000,-0.640261,-0.515879,-0.124381,31.254369,11.710127,43.940689,-3.786033,-4.780596,-3.490122,-0.248724,0.048722,5.835653,5.000000,147.520185,1.167131,4.000000,4.118765,10.000000,81.715363,0.411876,3.000000,4.798517,6.000000,168.145800,0.799753,4.000000,2.937616,0.000000,65.185950,0.000000,4.000000,4.312188,6.000000,194.377510,0.718698,4.000000,2.268793,1.000000,86.308492,2.268793,3.000000,2.561371,3.000000,109.487666,0.853790,8.000000,2.395455,8.000000,110.482180,0.299432,1.000000,2.122169,3.000000,61.389961,0.707390,2.000000,3.580645,10.000000,158.248473,0.358065,7.000000,2.212609,11.000000,125.575448,0.201146,4.000000,1.793578,1.000000,75.628627,1.793578,3.000000,3.000000,6.000000,35.000000,-1.000000,,,,35.955373,15.160273,25.617446,-2.551322,-1.150257,-1.401065,32.714750,17.685127,30.285815,-6.854534,-6.453216,0.203399,0.216278,,3.000000,,75.263629,96.466431,90.098154,0.821129,0.887130,-0.066001,53.480449,26.854814,7.159317,0.964766,2.246602,0.844922,0.028243,1.462313,2.830189,,174.145786,53.733170,1.730543,1.073237
2026-03-19T08:45:00Z,1.149590,no_impulse,0,APLAPOLLO,1h,-1.000000,67.149440,5.039526,8.000000,0.629941,-1.822199,-3.184688,-7.804877,8.113883,15.000000,99.345978,0.540926,3.000000,63.661511,93.238675,96.431189,0.000000,0.365778,-0.431621,0.797398,29.011575,34.584312,17.788761,2.385888,0.794695,-3.609622,0.760890,0.093687,7.550617,13.000000,174.145786,0.580817,4.000000,27.656050,1.308044,4.179458,1.000000,-2.580964,-2.420927,-0.160037,45.077233,12.583799,44.922100,-4.279550,-8.347271,-12.501531,0.050278,0.091255,4.532315,3.000000,53.733170,1.510772,3.000000,41.732842,41.521395,29.000477,0.000000,-1.949251,-1.649606,-0.299645,37.693768,17.621149,38.181759,-1.595737,-4.266563,-5.824270,0.377422,0.128137,7.778730,4.000000,150.877193,1.944682,4.000000,33.833465,18.288445,11.922540,1.000000,-1.987431,-1.320993,-0.666438,34.306100,10.254580,45.128777,-4.399091,-6.880091,-7.989688,0.124441,0.112199,5.435928,0.000000,61.429382,0.000000,8.000000,28.000093,0.794101,23.429149,0.000000,-1.045575,-0.760836,-0.284739,26.620601,15.216528,44.848215,-5.586376,-7.208729,-7.512166,-0.237484,0.071741,8.129669,11.000000,172.673849,0.739061,8.000000,28.000093,0.794101,23.429149,1.000000,-1.045575,-0.760836,-0.284739,26.620601,15.216528,44.848215,-5.586376,-7.208729,-7.512166,-0.237484,0.071741,4.940721,4.000000,138.159675,1.235180,1.000000,53.608683,71.734475,47.275755,0.000000,-0.908344,-0.965305,0.056961,35.466822,30.189190,27.518288,1.148553,-0.286627,0.180011,0.651818,0.076532,3.452626,3.000000,96.475196,1.150875,2.000000,30.076691,13.633119,13.371401,1.000000,-1.234535,-0.805301,-0.429234,37.072107,9.846085,39.930368,-3.135359,-4.642169,-3.822982,0.075297,0.071580,3.711600,0.000000,59.890539,0.000000,4.000000,5.835653,5.000000,147.520185,1.167131,4.000000,4.118765,10.000000,81.715363,0.411876,3.000000,4.798517,6.000000,168.145800,0.799753,4.000000,2.937616,0.000000,65.185950,0.000000,4.000000,4.312188,6.000000,194.377510,0.718698,4.000000,2.268793,1.000000,86.308492,2.268793,3.000000,2.561371,3.000000,109.487666,0.853790,8.000000,2.395455,8.000000,110.482180,0.299432,1.000000,2.122169,3.000000,61.389961,0.707390,2.000000,3.580645,10.000000,158.248473,0.358065,7.000000,2.212609,11.000000,125.575448,0.201146,4.000000,2.000000,1.000000,43.000000,-1.000000,,,,40.942193,26.599947,26.295271,-2.515494,-1.403111,-1.112384,32.092612,17.321633,28.264506,-4.080109,-3.955629,0.321209,0.219259,,1.000000,,32.503323,17.378049,8.733175,-0.574697,-0.486030,-0.088667,41.591653,11.769841,30.224076,-0.937242,-1.311325,-0.013257,0.018091,0.847239,1.379310,,174.145786,53.733170,1.822473,0.946238
2026-03-20T04:45:00Z,1.194330,no_impulse,0,APLAPOLLO,1h,1.000000,73.333333,3.891779,3.000000,1.297260,1.065236,-0.049933,-4.486254,5.039526,8.000000,67.149440,0.629941,2.000000,37.887023,4.803922,7.074852,0.000000,-0.209689,0.021194,-0.230883,24.903322,19.935586,35.994264,-1.822199,-3.184688,-7.804877,0.236390,0.067888,8.113883,15.000000,99.345978,0.540926,3.000000,63.661511,93.238675,96.431189,0.000000,0.365778,-0.431621,0.797398,29.011575,34.584312,17.788761,2.385888,0.794695,-3.609622,0.760890,0.093687,7.550617,13.000000,174.145786,0.580817,4.000000,27.656050,1.308044,4.179458,1.000000,-2.580964,-2.420927,-0.160037,45.077233,12.583799,44.922100,-4.279550,-8.347271,-12.501531,0.050278,0.091255,4.532315,3.000000,53.733170,1.510772,3.000000,41.732842,41.521395,29.000477,0.000000,-1.949251,-1.649606,-0.299645,37.693768,17.621149,38.181759,-1.595737,-4.266563,-5.824270,0.377422,0.128137,7.778730,4.000000,150.877193,1.944682,4.000000,33.833465,18.288445,11.922540,1.000000,-1.987431,-1.320993,-0.666438,34.306100,10.254580,45.128777,-4.399091,-6.880091,-7.989688,0.124441,0.112199,5.435928,0.000000,61.429382,0.000000,8.000000,28.000093,0.794101,23.429149,0.000000,-1.045575,-0.760836,-0.284739,26.620601,15.216528,44.848215,-5.586376,-7.208729,-7.512166,-0.237484,0.071741,8.129669,11.000000,172.673849,0.739061,8.000000,28.000093,0.794101,23.429149,1.000000,-1.045575,-0.760836,-0.284739,26.620601,15.216528,44.848215,-5.586376,-7.208729,-7.512166,-0.237484,0.071741,4.940721,4.000000,138.159675,1.235180,1.000000,53.608683,71.734475,47.275755,0.000000,-0.908344,-0.965305,0.056961,35.466822,30.189190,27.518288,1.148553,-0.286627,0.180011,0.651818,0.076532,3.452626,3.000000,96.475196,1.150875,2.000000,3.711600,0.000000,59.890539,0.000000,4.000000,5.835653,5.000000,147.520185,1.167131,4.000000,4.118765,10.000000,81.715363,0.411876,3.000000,4.798517,6.000000,168.145800,0.799753,4.000000,2.937616,0.000000,65.185950,0.000000,4.000000,4.312188,6.000000,194.377510,0.718698,4.000000,2.268793,1.000000,86.308492,2.268793,3.000000,2.561371,3.000000,109.487666,0.853790,8.000000,2.395455,8.000000,110.482180,0.299432,1.000000,2.122169,3.000000,61.389961,0.707390,2.000000,3.580645,10.000000,158.248473,0.358065,7.000000,3.000000,1.000000,46.000000,-1.000000,,,,40.942193,26.599947,26.295271,-2.515494,-1.403111,-1.112384,32.092612,17.321633,28.264506,-4.080109,-3.955629,0.321209,0.219259,,1.000000,,62.654766,98.307692,96.786189,0.067011,-0.268270,0.335281,36.842687,31.958176,17.686117,1.248724,1.124025,0.851072,0.036019,0.663157,0.491803,,174.145786,53.733170,1.845182,1.166623
2026-03-23T09:45:00Z,1.130450,no_impulse,0,APLAPOLLO,1h,-1.000000,142.780749,5.348558,12.000000,0.445713,-2.423030,-3.881623,-8.753381,3.891779,3.000000,73.333333,1.297260,3.000000,55.508443,61.764706,44.607843,1.000000,-0.053340,-0.063210,0.009870,22.200266,31.125616,27.243227,1.065236,-0.049933,-4.486254,0.689535,0.056808,5.039526,8.000000,67.149440,0.629941,2.000000,37.887023,4.803922,7.074852,0.000000,-0.209689,0.021194,-0.230883,24.903322,19.935586,35.994264,-1.822199,-3.184688,-7.804877,0.236390,0.067888,8.113883,15.000000,99.345978,0.540926,3.000000,63.661511,93.238675,96.431189,0.000000,0.365778,-0.431621,0.797398,29.011575,34.584312,17.788761,2.385888,0.794695,-3.609622,0.760890,0.093687,7.550617,13.000000,174.145786,0.580817,4.000000,27.656050,1.308044,4.179458,1.000000,-2.580964,-2.420927,-0.160037,45.077233,12.583799,44.922100,-4.279550,-8.347271,-12.501531,0.050278,0.091255,4.532315,3.000000,53.733170,1.510772,3.000000,41.732842,41.521395,29.000477,0.000000,-1.949251,-1.649606,-0.299645,37.693768,17.621149,38.181759,-1.595737,-4.266563,-5.824270,0.377422,0.128137,7.778730,4.000000,150.877193,1.944682,4.000000,33.833465,18.288445,11.922540,1.000000,-1.987431,-1.320993,-0.666438,34.306100,10.254580,45.128777,-4.399091,-6.880091,-7.989688,0.124441,0.112199,5.435928,0.000000,61.429382,0.000000,8.000000,28.000093,0.794101,23.429149,0.000000,-1.045575,-0.760836,-0.284739,26.620601,15.216528,44.848215,-5.586376,-7.208729,-7.512166,-0.237484,0.071741,8.129669,11.000000,172.673849,0.739061,8.000000,28.000093,0.794101,23.429149,1.000000,-1.045575,-0.760836,-0.284739,26.620601,15.216528,44.848215,-5.586376,-7.208729,-7.512166,-0.237484,0.071741,4.940721,4.000000,138.159675,1.235180,1.000000,3.452626,3.000000,96.475196,1.150875,2.000000,3.711600,0.000000,59.890539,0.000000,4.000000,5.835653,5.000000,147.520185,1.167131,4.000000,4.118765,10.000000,81.715363,0.411876,3.000000,4.798517,6.000000,168.145800,0.799753,4.000000,2.937616,0.000000,65.185950,0.000000,4.000000,4.312188,6.000000,194.377510,0.718698,4.000000,2.268793,1.000000,86.308492,2.268793,3.000000,2.561371,3.000000,109.487666,0.853790,8.000000,2.395455,8.000000,110.482180,0.299432,1.000000,2.122169,3.000000,61.389961,0.707390,2.000000,4.000000,2.000000,58.000000,-1.000000,,,,43.693674,32.008761,21.679796,-2.704206,-1.889596,-0.814610,31.773736,16.667497,28.787371,-2.932533,-3.434663,0.376605,0.230883,,5.000000,,27.995838,10.033445,14.589017,-0.727749,-0.744823,0.017074,58.575261,5.306586,30.905513,-0.977262,-2.119339,-0.031957,0.018193,0.908602,1.875000,,174.145786,53.733170,1.822520,0.858195
2026-03-24T03:45:00Z,1.166278,no_impulse,0,APLAPOLLO,1h,1.000000,56.086142,3.169312,1.000000,3.169312,-1.013006,-2.459292,-7.296105,5.348558,12.000000,142.780749,0.445713,4.000000,30.534107,2.808989,8.003182,1.000000,-0.908680,-0.488142,-0.420539,25.401325,14.669290,36.746546,-2.423030,-3.881623,-8.753381,0.131536,0.064205,3.891779,3.000000,73.333333,1.297260,3.000000,55.508443,61.764706,44.607843,1.000000,-0.053340,-0.063210,0.009870,22.200266,31.125616,27.243227,1.065236,-0.049933,-4.486254,0.689535,0.056808,5.039526,8.000000,67.149440,0.629941,2.000000,37.887023,4.803922,7.074852,0.000000,-0.209689,0.021194,-0.230883,24.903322,19.935586,35.994264,-1.822199,-3.184688,-7.804877,0.236390,0.067888,8.113883,15.000000,99.345978,0.540926,3.000000,63.661511,93.238675,96.431189,0.000000,0.365778,-0.431621,0.797398,29.011575,34.584312,17.788761,2.385888,0.794695,-3.609622,0.760890,0.093687,7.550617,13.000000,174.145786,0.580817,4.000000,27.656050,1.308044,4.179458,1.000000,-2.580964,-2.420927,-0.160037,45.077233,12.583799,44.922100,-4.279550,-8.347271,-12.501531,0.050278,0.091255,4.532315,3.000000,53.733170,1.510772,3.000000,41.732842,41.521395,29.000477,0.000000,-1.949251,-1.649606,-0.299645,37.693768,17.621149,38.181759,-1.595737,-4.266563,-5.824270,0.377422,0.128137,7.778730,4.000000,150.877193,1.944682,4.000000,33.833465,18.288445,11.922540,1.000000,-1.987431,-1.320993,-0.666438,34.306100,10.254580,45.128777,-4.399091,-6.880091,-7.989688,0.124441,0.112199,5.435928,0.000000,61.429382,0.000000,8.000000,28.000093,0.794101,23.429149,0.000000,-1.045575,-0.760836,-0.284739,26.620601,15.216528,44.848215,-5.586376,-7.208729,-7.512166,-0.237484,0.071741,8.129669,11.000000,172.673849,0.739061,8.000000,4.940721,4.000000,138.159675,1.235180,1.000000,3.452626,3.000000,96.475196,1.150875,2.000000,3.711600,0.000000,59.890539,0.000000,4.000000,5.835653,5.000000,147.520185,1.167131,4.000000,4.118765,10.000000,81.715363,0.411876,3.000000,4.798517,6.000000,168.145800,0.799753,4.000000,2.937616,0.000000,65.185950,0.000000,4.000000,4.312188,6.000000,194.377510,0.718698,4.000000,2.268793,1.000000,86.308492,2.268793,3.000000,2.561371,3.000000,109.487666,0.853790,8.000000,2.395455,8.000000,110.482180,0.299432,1.000000,3.000000,3.000000,59.000000,-1.000000,,,,43.693674,32.008761,21.679796,-2.704206,-1.889596,-0.814610,31.773736,16.667497,28.787371,-2.932533,-3.434663,0.376605,0.230883,,0.000000,,46.622225,38.230384,23.531309,-0.627357,-0.715131,0.087774,55.516635,29.826818,21.707795,0.066237,-1.015536,0.537227,0.017804,0.521597,0.136986,,174.145786,53.733170,1.629591,0.707035
2026-03-24T05:45:00Z,1.134577,no_impulse,0,APLAPOLLO,1h,-1.000000,88.480801,2.718088,2.000000,1.359044,-1.322142,-2.841325,-7.790588,3.169312,1.000000,56.086142,3.169312,3.000000,41.226044,25.655431,11.641698,1.000000,-0.871330,-0.559810,-0.311520,23.862548,27.868220,30.105089,-1.013006,-2.459292,-7.296105,0.345858,0.065060,5.348558,12.000000,142.780749,0.445713,4.000000,30.534107,2.808989,8.003182,1.000000,-0.908680,-0.488142,-0.420539,25.401325,14.669290,36.746546,-2.423030,-3.881623,-8.753381,0.131536,0.064205,3.891779,3.000000,73.333333,1.297260,3.000000,55.508443,61.764706,44.607843,1.000000,-0.053340,-0.063210,0.009870,22.200266,31.125616,27.243227,1.065236,-0.049933,-4.486254,0.689535,0.056808,5.039526,8.000000,67.149440,0.629941,2.000000,37.887023,4.803922,7.074852,0.000000,-0.209689,0.021194,-0.230883,24.903322,19.935586,35.994264,-1.822199,-3.184688,-7.804877,0.236390,0.067888,8.113883,15.000000,99.345978,0.540926,3.000000,63.661511,93.238675,96.431189,0.000000,0.365778,-0.431621,0.797398,29.011575,34.584312,17.788761,2.385888,0.794695,-3.609622,0.760890,0.093687,7.550617,13.000000,174.145786,0.580817,4.000000,27.656050,1.308044,4.179458,1.000000,-2.580964,-2.420927,-0.160037,45.077233,12.583799,44.922100,-4.279550,-8.347271,-12.501531,0.050278,0.091255,4.532315,3.000000,53.733170,1.510772,3.000000,41.732842,41.521395,29.000477,0.000000,-1.949251,-1.649606,-0.299645,37.693768,17.621149,38.181759,-1.595737,-4.266563,-5.824270,0.377422,0.128137,7.778730,4.000000,150.877193,1.944682,4.000000,33.833465,18.288445,11.922540,1.000000,-1.987431,-1.320993,-0.666438,34.306100,10.254580,45.128777,-4.399091,-6.880091,-7.989688,0.124441,0.112199,5.435928,0.000000,61.429382,0.000000,8.000000,8.129669,11.000000,172.673849,0.739061,8.000000,4.940721,4.000000,138.159675,1.235180,1.000000,3.452626,3.000000,96.475196,1.150875,2.000000,3.711600,0.000000,59.890539,0.000000,4.000000,5.835653,5.000000,147.520185,1.167131,4.000000,4.118765,10.000000,81.715363,0.411876,3.000000,4.798517,6.000000,168.145800,0.799753,4.000000,2.937616,0.000000,65.185950,0.000000,4.000000,4.312188,6.000000,194.377510,0.718698,4.000000,2.268793,1.000000,86.308492,2.268793,3.000000,2.561371,3.000000,109.487666,0.853790,8.000000,2.000000,1.000000,61.000000,-1.000000,,,,43.693674,32.008761,21.679796,-2.704206,-1.889596,-0.814610,31.773736,16.667497,28.787371,-2.932533,-3.434663,0.376605,0.230883,,0.000000,,40.000034,15.025042,27.490262,-0.293370,-0.390900,0.097530,34.390490,19.390497,24.787453,-0.625770,-1.444333,0.134522,0.017015,0.460769,0.285714,,174.145786,53.733170,1.848329,0.599383
2026-03-25T03:45:00Z,1.210300,no_impulse,0,APLAPOLLO,1h,1.000000,238.867925,6.674047,5.000000,1.334809,3.006966,2.411228,-1.888081,2.718088,2.000000,88.480801,1.359044,2.000000,38.612886,16.424116,18.336861,1.000000,-0.906397,-0.686458,-0.219938,21.363136,24.374074,28.295890,-1.322142,-2.841325,-7.790588,0.310245,0.068767,3.169312,1.000000,56.086142,3.169312,3.000000,41.226044,25.655431,11.641698,1.000000,-0.871330,-0.559810,-0.311520,23.862548,27.868220,30.105089,-1.013006,-2.459292,-7.296105,0.345858,0.065060,5.348558,12.000000,142.780749,0.445713,4.000000,30.534107,2.808989,8.003182,1.000000,-0.908680,-0.488142,-0.420539,25.401325,14.669290,36.746546,-2.423030,-3.881623,-8.753381,0.131536,0.064205,3.891779,3.000000,73.333333,1.297260,3.000000,55.508443,61.764706,44.607843,1.000000,-0.053340,-0.063210,0.009870,22.200266,31.125616,27.243227,1.065236,-0.049933,-4.486254,0.689535,0.056808,5.039526,8.000000,67.149440,0.629941,2.000000,37.887023,4.803922,7.074852,0.000000,-0.209689,0.021194,-0.230883,24.903322,19.935586,35.994264,-1.822199,-3.184688,-7.804877,0.236390,0.067888,8.113883,15.000000,99.345978,0.540926,3.000000,63.661511,93.238675,96.431189,0.000000,0.365778,-0.431621,0.797398,29.011575,34.584312,17.788761,2.385888,0.794695,-3.609622,0.760890,0.093687,7.550617,13.000000,174.145786,0.580817,4.000000,27.656050,1.308044,4.179458,1.000000,-2.580964,-2.420927,-0.160037,45.077233,12.583799,44.922100,-4.279550,-8.347271,-12.501531,0.050278,0.091255,4.532315,3.000000,53.733170,1.510772,3.000000,41.732842,41.521395,29.000477,0.000000,-1.949251,-1.649606,-0.299645,37.693768,17.621149,38.181759,-1.595737,-4.266563,-5.824270,0.377422,0.128137,7.778730,4.000000,150.877193,1.944682,4.000000,5.435928,0.000000,61.429382,0.000000,8.000000,8.129669,11.000000,172.673849,0.739061,8.000000,4.940721,4.000000,138.159675,1.235180,1.000000,3.452626,3.000000,96.475196,1.150875,2.000000,3.711600,0.000000,59.890539,0.000000,4.000000,5.835653,5.000000,147.520185,1.167131,4.000000,4.118765,10.000000,81.715363,0.411876,3.000000,4.798517,6.000000,168.145800,0.799753,4.000000,2.937616,0.000000,65.185950,0.000000,4.000000,4.312188,6.000000,194.377510,0.718698,4.000000,2.268793,1.000000,86.308492,2.268793,3.000000,1.000000,2.000000,66.000000,-1.000000,,,,45.918427,39.580726,26.006722,-2.454052,-1.984183,-0.469869,30.731714,19.356889,27.390652,-1.525588,-2.096650,0.433338,0.225414,,0.000000,,74.077565,97.172479,91.917408,0.955437,0.737679,0.217758,38.943799,40.637477,11.577575,2.279100,3.020507,0.837670,0.069069,1.245652,0.819672,,174.145786,53.733170,1.913723,0.659187
2026-03-30T09:45:00Z,1.154435,no_impulse,0,APLAPOLLO,1h,-1.000000,73.775671,4.615765,20.000000,0.230788,-1.124032,-1.320744,-4.758183,6.674047,5.000000,238.867925,1.334809,1.000000,65.535848,91.985019,91.076216,1.000000,0.265165,-0.270400,0.535565,23.487539,40.256584,17.011312,3.006966,2.411228,-1.888081,0.903655,0.076803,2.718088,2.000000,88.480801,1.359044,2.000000,38.612886,16.424116,18.336861,1.000000,-0.906397,-0.686458,-0.219938,21.363136,24.374074,28.295890,-1.322142,-2.841325,-7.790588,0.310245,0.068767,3.169312,1.000000,56.086142,3.169312,3.000000,41.226044,25.655431,11.641698,1.000000,-0.871330,-0.559810,-0.311520,23.862548,27.868220,30.105089,-1.013006,-2.459292,-7.296105,0.345858,0.065060,5.348558,12.000000,142.780749,0.445713,4.000000,30.534107,2.808989,8.003182,1.000000,-0.908680,-0.488142,-0.420539,25.401325,14.669290,36.746546,-2.423030,-3.881623,-8.753381,0.131536,0.064205,3.891779,3.000000,73.333333,1.297260,3.000000,55.508443,61.764706,44.607843,1.000000,-0.053340,-0.063210,0.009870,22.200266,31.125616,27.243227,1.065236,-0.049933,-4.486254,0.689535,0.056808,5.039526,8.000000,67.149440,0.629941,2.000000,37.887023,4.803922,7.074852,0.000000,-0.209689,0.021194,-0.230883,24.903322,19.935586,35.994264,-1.822199,-3.184688,-7.804877,0.236390,0.067888,8.113883,15.000000,99.345978,0.540926,3.000000,63.661511,93.238675,96.431189,0.000000,0.365778,-0.431621,0.797398,29.011575,34.584312,17.788761,2.385888,0.794695,-3.609622,0.760890,0.093687,7.550617,13.000000,174.145786,0.580817,4.000000,27.656050,1.308044,4.179458,1.000000,-2.580964,-2.420927,-0.160037,45.077233,12.583799,44.922100,-4.279550,-8.347271,-12.501531,0.050278,0.091255,4.532315,3.000000,53.733170,1.510772,3.000000,7.778730,4.000000,150.877193,1.944682,4.000000,5.435928,0.000000,61.429382,0.000000,8.000000,8.129669,11.000000,172.673849,0.739061,8.000000,4.940721,4.000000,138.159675,1.235180,1.000000,3.452626,3.000000,96.475196,1.150875,2.000000,3.711600,0.000000,59.890539,0.000000,4.000000,5.835653,5.000000,147.520185,1.167131,4.000000,4.118765,10.000000,81.715363,0.411876,3.000000,4.798517,6.000000,168.145800,0.799753,4.000000,2.937616,0.000000,65.185950,0.000000,4.000000,4.312188,6.000000,194.377510,0.718698,4.000000,2.000000,3.000000,86.000000,-1.000000,,,,41.183701,21.888702,33.317240,-2.433775,-2.177585,-0.256190,29.707605,17.382839,29.780563,-4.110693,-5.028324,0.304912,0.202390,,9.000000,,39.779705,34.298441,17.239537,-0.405918,-0.361583,-0.044335,28.550793,12.344377,32.584787,-0.559763,-1.131421,0.279053,0.025194,0.842034,3.030303,,238.867925,53.733170,1.958853,0.879662
2026-04-01T03:45:00Z,1.203720,no_impulse,0,APLAPOLLO,1h,1.000000,88.222698,4.269209,1.000000,4.269209,1.329115,1.227261,-2.051325,4.615765,20.000000,73.775671,0.230788,2.000000,43.474414,18.803419,18.098441,0.000000,-0.266728,0.065695,-0.332423,21.245912,17.745047,33.580960,-1.124032,-1.320744,-4.758183,0.277403,0.049935,6.674047,5.000000,238.867925,1.334809,1.000000,65.535848,91.985019,91.076216,1.000000,0.265165,-0.270400,0.535565,23.487539,40.256584,17.011312,3.006966,2.411228,-1.888081,0.903655,0.076803,2.718088,2.000000,88.480801,1.359044,2.000000,38.612886,16.424116,18.336861,1.000000,-0.906397,-0.686458,-0.219938,21.363136,24.374074,28.295890,-1.322142,-2.841325,-7.790588,0.310245,0.068767,3.169312,1.000000,56.086142,3.169312,3.000000,41.226044,25.655431,11.641698,1.000000,-0.871330,-0.559810,-0.311520,23.862548,27.868220,30.105089,-1.013006,-2.459292,-7.296105,0.345858,0.065060,5.348558,12.000000,142.780749,0.445713,4.000000,30.534107,2.808989,8.003182,1.000000,-0.908680,-0.488142,-0.420539,25.401325,14.669290,36.746546,-2.423030,-3.881623,-8.753381,0.131536,0.064205,3.891779,3.000000,73.333333,1.297260,3.000000,55.508443,61.764706,44.607843,1.000000,-0.053340,-0.063210,0.009870,22.200266,31.125616,27.243227,1.065236,-0.049933,-4.486254,0.689535,0.056808,5.039526,8.000000,67.149440,0.629941,2.000000,37.887023,4.803922,7.074852,0.000000,-0.209689,0.021194,-0.230883,24.903322,19.935586,35.994264,-1.822199,-3.184688,-7.804877,0.236390,0.067888,8.113883,15.000000,99.345978,0.540926,3.000000,63.661511,93.238675,96.431189,0.000000,0.365778,-0.431621,0.797398,29.011575,34.584312,17.788761,2.385888,0.794695,-3.609622,0.760890,0.093687,7.550617,13.000000,174.145786,0.580817,4.000000,4.532315,3.000000,53.733170,1.510772,3.000000,7.778730,4.000000,150.877193,1.944682,4.000000,5.435928,0.000000,61.429382,0.000000,8.000000,8.129669,11.000000,172.673849,0.739061,8.000000,4.940721,4.000000,138.159675,1.235180,1.000000,3.452626,3.000000,96.475196,1.150875,2.000000,3.711600,0.000000,59.890539,0.000000,4.000000,5.835653,5.000000,147.520185,1.167131,4.000000,4.118765,10.000000,81.715363,0.411876,3.000000,4.798517,6.000000,168.145800,0.799753,4.000000,2.937616,0.000000,65.185950,0.000000,4.000000,3.000000,1.000000,87.000000,-1.000000,,,,41.018655,24.646226,28.339074,-2.461160,-2.236281,-0.224879,28.790410,19.042230,26.769180,-3.826305,-4.945876,0.300043,0.184305,,0.000000,,67.623613,93.203883,43.311805,-0.144940,-0.309404,0.164464,28.578780,40.282916,22.199015,2.277112,1.885673,1.175023,0.034520,0.826503,0.121951,,238.867925,53.733170,1.795269,1.128791
2026-04-02T03:45:00Z,1.102339,no_impulse,0,APLAPOLLO,1h,-1.000000,205.703883,8.422360,7.000000,1.203194,-5.903175,-6.471612,-10.038143,4.269209,1.000000,88.222698,4.269209,3.000000,56.380426,80.825243,34.537906,0.000000,-0.105420,0.030124,-0.135545,20.509724,33.710998,27.062787,1.329115,1.227261,-2.051325,0.780023,0.048104,4.615765,20.000000,73.775671,0.230788,2.000000,43.474414,18.803419,18.098441,0.000000,-0.266728,0.065695,-0.332423,21.245912,17.745047,33.580960,-1.124032,-1.320744,-4.758183,0.277403,0.049935,6.674047,5.000000,238.867925,1.334809,1.000000,65.535848,91.985019,91.076216,1.000000,0.265165,-0.270400,0.535565,23.487539,40.256584,17.011312,3.006966,2.411228,-1.888081,0.903655,0.076803,2.718088,2.000000,88.480801,1.359044,2.000000,38.612886,16.424116,18.336861,1.000000,-0.906397,-0.686458,-0.219938,21.363136,24.374074,28.295890,-1.322142,-2.841325,-7.790588,0.310245,0.068767,3.169312,1.000000,56.086142,3.169312,3.000000,41.226044,25.655431,11.641698,1.000000,-0.871330,-0.559810,-0.311520,23.862548,27.868220,30.105089,-1.013006,-2.459292,-7.296105,0.345858,0.065060,5.348558,12.000000,142.780749,0.445713,4.000000,30.534107,2.808989,8.003182,1.000000,-0.908680,-0.488142,-0.420539,25.401325,14.669290,36.746546,-2.423030,-3.881623,-8.753381,0.131536,0.064205,3.891779,3.000000,73.333333,1.297260,3.000000,55.508443,61.764706,44.607843,1.000000,-0.053340,-0.063210,0.009870,22.200266,31.125616,27.243227,1.065236,-0.049933,-4.486254,0.689535,0.056808,5.039526,8.000000,67.149440,0.629941,2.000000,37.887023,4.803922,7.074852,0.000000,-0.209689,0.021194,-0.230883,24.903322,19.935586,35.994264,-1.822199,-3.184688,-7.804877,0.236390,0.067888,8.113883,15.000000,99.345978,0.540926,3.000000,7.550617,13.000000,174.145786,0.580817,4.000000,4.532315,3.000000,53.733170,1.510772,3.000000,7.778730,4.000000,150.877193,1.944682,4.000000,5.435928,0.000000,61.429382,0.000000,8.000000,8.129669,11.000000,172.673849,0.739061,8.000000,4.940721,4.000000,138.159675,1.235180,1.000000,3.452626,3.000000,96.475196,1.150875,2.000000,3.711600,0.000000,59.890539,0.000000,4.000000,5.835653,5.000000,147.520185,1.167131,4.000000,4.118765,10.000000,81.715363,0.411876,3.000000,4.798517,6.000000,168.145800,0.799753,4.000000,4.000000,2.000000,94.000000,-1.000000,,,,38.340993,34.136126,26.890351,-2.647899,-2.352139,-0.295760,28.845946,17.183857,31.611677,-5.222740,-6.641958,0.200392,0.165667,,4.000000,,24.293410,1.833661,16.680137,-0.967633,-0.427246,-0.540387,31.865905,10.846094,52.413630,-5.043328,-5.818525,-0.155894,0.073201,1.638885,0.875000,,238.867925,56.086142,1.807465,1.384752
2026-04-02T03:45:00Z,1.153777,no_impulse,0,APLAPOLLO,1h,1.000000,50.737463,4.666305,0.000000,0.000000,-5.903175,-6.471612,-10.038143,8.422360,7.000000,205.703883,1.203194,4.000000,30.098715,1.946903,15.657178,1.000000,-0.742770,-0.178189,-0.564581,21.054117,17.609269,45.641020,-5.903175,-6.471612,-10.038143,-0.249145,0.074406,4.269209,1.000000,88.222698,4.269209,3.000000,56.380426,80.825243,34.537906,0.000000,-0.105420,0.030124,-0.135545,20.509724,33.710998,27.062787,1.329115,1.227261,-2.051325,0.780023,0.048104,4.615765,20.000000,73.775671,0.230788,2.000000,43.474414,18.803419,18.098441,0.000000,-0.266728,0.065695,-0.332423,21.245912,17.745047,33.580960,-1.124032,-1.320744,-4.758183,0.277403,0.049935,6.674047,5.000000,238.867925,1.334809,1.000000,65.535848,91.985019,91.076216,1.000000,0.265165,-0.270400,0.535565,23.487539,40.256584,17.011312,3.006966,2.411228,-1.888081,0.903655,0.076803,2.718088,2.000000,88.480801,1.359044,2.000000,38.612886,16.424116,18.336861,1.000000,-0.906397,-0.686458,-0.219938,21.363136,24.374074,28.295890,-1.322142,-2.841325,-7.790588,0.310245,0.068767,3.169312,1.000000,56.086142,3.169312,3.000000,41.226044,25.655431,11.641698,1.000000,-0.871330,-0.559810,-0.311520,23.862548,27.868220,30.105089,-1.013006,-2.459292,-7.296105,0.345858,0.065060,5.348558,12.000000,142.780749,0.445713,4.000000,30.534107,2.808989,8.003182,1.000000,-0.908680,-0.488142,-0.420539,25.401325,14.669290,36.746546,-2.423030,-3.881623,-8.753381,0.131536,0.064205,3.891779,3.000000,73.333333,1.297260,3.000000,55.508443,61.764706,44.607843,1.000000,-0.053340,-0.063210,0.009870,22.200266,31.125616,27.243227,1.065236,-0.049933,-4.486254,0.689535,0.056808,5.039526,8.000000,67.149440,0.629941,2.000000,8.113883,15.000000,99.345978,0.540926,3.000000,7.550617,13.000000,174.145786,0.580817,4.000000,4.532315,3.000000,53.733170,1.510772,3.000000,7.778730,4.000000,150.877193,1.944682,4.000000,5.435928,0.000000,61.429382,0.000000,8.000000,8.129669,11.000000,172.673849,0.739061,8.000000,4.940721,4.000000,138.159675,1.235180,1.000000,3.452626,3.000000,96.475196,1.150875,2.000000,3.711600,0.000000,59.890539,0.000000,4.000000,5.835653,5.000000,147.520185,1.167131,4.000000,4.118765,10.000000,81.715363,0.411876,3.000000,4.000000,3.000000,94.000000,-1.000000,,,,38.340993,34.136126,26.890351,-2.647899,-2.352139,-0.295760,28.845946,17.183857,31.611677,-5.222740,-6.641958,0.200392,0.165667,,0.000000,,24.293410,1.833661,16.680137,-0.967633,-0.427246,-0.540387,31.865905,10.846094,52.413630,-5.043328,-5.818525,-0.155894,0.073201,0.892859,0.000000,,238.867925,56.086142,1.951945,1.377814
2026-04-06T03:45:00Z,1.112866,no_impulse,0,APLAPOLLO,1h,-1.000000,79.534884,3.545879,7.000000,0.506554,-1.637572,-2.945817,-6.915839,4.666305,0.000000,50.737463,0.000000,4.000000,30.098715,1.946903,15.657178,0.000000,-0.742770,-0.178189,-0.564581,21.054117,17.609269,45.641020,-5.903175,-6.471612,-10.038143,-0.249145,0.074406,8.422360,7.000000,205.703883,1.203194,4.000000,30.098715,1.946903,15.657178,1.000000,-0.742770,-0.178189,-0.564581,21.054117,17.609269,45.641020,-5.903175,-6.471612,-10.038143,-0.249145,0.074406,4.269209,1.000000,88.222698,4.269209,3.000000,56.380426,80.825243,34.537906,0.000000,-0.105420,0.030124,-0.135545,20.509724,33.710998,27.062787,1.329115,1.227261,-2.051325,0.780023,0.048104,4.615765,20.000000,73.775671,0.230788,2.000000,43.474414,18.803419,18.098441,0.000000,-0.266728,0.065695,-0.332423,21.245912,17.745047,33.580960,-1.124032,-1.320744,-4.758183,0.277403,0.049935,6.674047,5.000000,238.867925,1.334809,1.000000,65.535848,91.985019,91.076216,1.000000,0.265165,-0.270400,0.535565,23.487539,40.256584,17.011312,3.006966,2.411228,-1.888081,0.903655,0.076803,2.718088,2.000000,88.480801,1.359044,2.000000,38.612886,16.424116,18.336861,1.000000,-0.906397,-0.686458,-0.219938,21.363136,24.374074,28.295890,-1.322142,-2.841325,-7.790588,0.310245,0.068767,3.169312,1.000000,56.086142,3.169312,3.000000,41.226044,25.655431,11.641698,1.000000,-0.871330,-0.559810,-0.311520,23.862548,27.868220,30.105089,-1.013006,-2.459292,-7.296105,0.345858,0.065060,5.348558,12.000000,142.780749,0.445713,4.000000,30.534107,2.808989,8.003182,1.000000,-0.908680,-0.488142,-0.420539,25.401325,14.669290,36.746546,-2.423030,-3.881623,-8.753381,0.131536,0.064205,3.891779,3.000000,73.333333,1.297260,3.000000,5.039526,8.000000,67.149440,0.629941,2.000000,8.113883,15.000000,99.345978,0.540926,3.000000,7.550617,13.000000,174.145786,0.580817,4.000000,4.532315,3.000000,53.733170,1.510772,3.000000,7.778730,4.000000,150.877193,1.944682,4.000000,5.435928,0.000000,61.429382,0.000000,8.000000,8.129669,11.000000,172.673849,0.739061,8.000000,4.940721,4.000000,138.159675,1.235180,1.000000,3.452626,3.000000,96.475196,1.150875,2.000000,3.711600,0.000000,59.890539,0.000000,4.000000,5.835653,5.000000,147.520185,1.167131,4.000000,2.000000,1.000000,101.000000,-1.000000,,,,40.206597,42.631579,33.804644,-2.639561,-2.394098,-0.245463,28.780363,16.527365,29.335988,-3.939861,-5.536128,0.263871,0.160528,,1.000000,,42.973410,27.805695,71.020377,-0.276115,-0.511064,0.234949,25.122672,18.686543,30.488866,-0.608594,-1.751161,0.250723,0.024267,0.726392,1.186441,,238.867925,50.737463,1.669243,1.239149
2026-04-06T08:45:00Z,1.157366,no_impulse,0,APLAPOLLO,1h,1.000000,108.771930,3.998710,5.000000,0.799742,0.089142,-1.140567,-5.155422,3.545879,7.000000,79.534884,0.506554,2.000000,41.241037,33.236321,37.166542,0.000000,-1.170061,-0.983558,-0.186504,25.733178,19.027004,39.285643,-1.637572,-2.945817,-6.915839,0.329846,0.094690,4.666305,0.000000,50.737463,0.000000,4.000000,30.098715,1.946903,15.657178,0.000000,-0.742770,-0.178189,-0.564581,21.054117,17.609269,45.641020,-5.903175,-6.471612,-10.038143,-0.249145,0.074406,8.422360,7.000000,205.703883,1.203194,4.000000,30.098715,1.946903,15.657178,1.000000,-0.742770,-0.178189,-0.564581,21.054117,17.609269,45.641020,-5.903175,-6.471612,-10.038143,-0.249145,0.074406,4.269209,1.000000,88.222698,4.269209,3.000000,56.380426,80.825243,34.537906,0.000000,-0.105420,0.030124,-0.135545,20.509724,33.710998,27.062787,1.329115,1.227261,-2.051325,0.780023,0.048104,4.615765,20.000000,73.775671,0.230788,2.000000,43.474414,18.803419,18.098441,0.000000,-0.266728,0.065695,-0.332423,21.245912,17.745047,33.580960,-1.124032,-1.320744,-4.758183,0.277403,0.049935,6.674047,5.000000,238.867925,1.334809,1.000000,65.535848,91.985019,91.076216,1.000000,0.265165,-0.270400,0.535565,23.487539,40.256584,17.011312,3.006966,2.411228,-1.888081,0.903655,0.076803,2.718088,2.000000,88.480801,1.359044,2.000000,38.612886,16.424116,18.336861,1.000000,-0.906397,-0.686458,-0.219938,21.363136,24.374074,28.295890,-1.322142,-2.841325,-7.790588,0.310245,0.068767,3.169312,1.000000,56.086142,3.169312,3.000000,41.226044,25.655431,11.641698,1.000000,-0.871330,-0.559810,-0.311520,23.862548,27.868220,30.105089,-1.013006,-2.459292,-7.296105,0.345858,0.065060,5.348558,12.000000,142.780749,0.445713,4.000000,3.891779,3.000000,73.333333,1.297260,3.000000,5.039526,8.000000,67.149440,0.629941,2.000000,8.113883,15.000000,99.345978,0.540926,3.000000,7.550617,13.000000,174.145786,0.580817,4.000000,4.532315,3.000000,53.733170,1.510772,3.000000,7.778730,4.000000,150.877193,1.944682,4.000000,5.435928,0.000000,61.429382,0.000000,8.000000,8.129669,11.000000,172.673849,0.739061,8.000000,4.940721,4.000000,138.159675,1.235180,1.000000,3.452626,3.000000,96.475196,1.150875,2.000000,3.711600,0.000000,59.890539,0.000000,4.000000,1.000000,2.000000,106.000000,-1.000000,,,,38.280332,29.789474,35.519059,-2.756832,-2.491364,-0.265468,28.731135,15.625345,27.833421,-4.778323,-6.627656,0.186974,0.145688,,0.000000,,63.748341,79.894180,83.785481,0.325004,0.169534,0.155470,19.423916,26.328447,13.262242,1.083525,0.945483,0.956871,0.023976,0.845013,0.862069,,238.867925,50.737463,1.719597,1.069125
2026-04-07T03:45:00Z,1.112267,no_impulse,0,APLAPOLLO,1h,-1.000000,101.344086,3.896641,2.000000,1.948320,-1.719292,-2.979390,-7.117741,3.998710,5.000000,108.771930,0.799742,1.000000,48.504049,74.044444,61.621113,1.000000,-0.773278,-0.952196,0.178918,24.504401,25.011341,30.476403,0.089142,-1.140567,-5.155422,0.509626,0.092684,3.545879,7.000000,79.534884,0.506554,2.000000,41.241037,33.236321,37.166542,0.000000,-1.170061,-0.983558,-0.186504,25.733178,19.027004,39.285643,-1.637572,-2.945817,-6.915839,0.329846,0.094690,4.666305,0.000000,50.737463,0.000000,4.000000,30.098715,1.946903,15.657178,0.000000,-0.742770,-0.178189,-0.564581,21.054117,17.609269,45.641020,-5.903175,-6.471612,-10.038143,-0.249145,0.074406,8.422360,7.000000,205.703883,1.203194,4.000000,30.098715,1.946903,15.657178,1.000000,-0.742770,-0.178189,-0.564581,21.054117,17.609269,45.641020,-5.903175,-6.471612,-10.038143,-0.249145,0.074406,4.269209,1.000000,88.222698,4.269209,3.000000,56.380426,80.825243,34.537906,0.000000,-0.105420,0.030124,-0.135545,20.509724,33.710998,27.062787,1.329115,1.227261,-2.051325,0.780023,0.048104,4.615765,20.000000,73.775671,0.230788,2.000000,43.474414,18.803419,18.098441,0.000000,-0.266728,0.065695,-0.332423,21.245912,17.745047,33.580960,-1.124032,-1.320744,-4.758183,0.277403,0.049935,6.674047,5.000000,238.867925,1.334809,1.000000,65.535848,91.985019,91.076216,1.000000,0.265165,-0.270400,0.535565,23.487539,40.256584,17.011312,3.006966,2.411228,-1.888081,0.903655,0.076803,2.718088,2.000000,88.480801,1.359044,2.000000,38.612886,16.424116,18.336861,1.000000,-0.906397,-0.686458,-0.219938,21.363136,24.374074,28.295890,-1.322142,-2.841325,-7.790588,0.310245,0.068767,3.169312,1.000000,56.086142,3.169312,3.000000,5.348558,12.000000,142.780749,0.445713,4.000000,3.891779,3.000000,73.333333,1.297260,3.000000,5.039526,8.000000,67.149440,0.629941,2.000000,8.113883,15.000000,99.345978,0.540926,3.000000,7.550617,13.000000,174.145786,0.580817,4.000000,4.532315,3.000000,53.733170,1.510772,3.000000,7.778730,4.000000,150.877193,1.944682,4.000000,5.435928,0.000000,61.429382,0.000000,8.000000,8.129669,11.000000,172.673849,0.739061,8.000000,4.940721,4.000000,138.159675,1.235180,1.000000,3.452626,3.000000,96.475196,1.150875,2.000000,8.000000,1.000000,108.000000,-1.000000,,,,38.280332,29.789474,35.519059,-2.756832,-2.491364,-0.265468,28.731135,15.625345,27.833421,-4.778323,-6.627656,0.186974,0.145688,,0.000000,,40.040782,13.793103,44.819923,0.211581,0.264156,-0.052574,21.164867,17.506457,28.773608,-1.071030,-1.124323,0.073823,0.024865,0.821587,0.333333,,238.867925,50.737463,1.714115,0.705533
2026-04-10T07:45:00Z,1.239309,no_impulse,0,APLAPOLLO,1h,1.000000,281.697613,11.421811,25.000000,0.456872,2.276643,3.944165,2.641349,3.896641,2.000000,101.344086,1.948320,8.000000,39.788697,45.544554,67.255739,1.000000,-0.758044,-0.883160,0.125116,23.973647,20.790451,38.676888,-1.719292,-2.979390,-7.117741,0.286462,0.079154,3.998710,5.000000,108.771930,0.799742,1.000000,48.504049,74.044444,61.621113,1.000000,-0.773278,-0.952196,0.178918,24.504401,25.011341,30.476403,0.089142,-1.140567,-5.155422,0.509626,0.092684,3.545879,7.000000,79.534884,0.506554,2.000000,41.241037,33.236321,37.166542,0.000000,-1.170061,-0.983558,-0.186504,25.733178,19.027004,39.285643,-1.637572,-2.945817,-6.915839,0.329846,0.094690,4.666305,0.000000,50.737463,0.000000,4.000000,30.098715,1.946903,15.657178,0.000000,-0.742770,-0.178189,-0.564581,21.054117,17.609269,45.641020,-5.903175,-6.471612,-10.038143,-0.249145,0.074406,8.422360,7.000000,205.703883,1.203194,4.000000,30.098715,1.946903,15.657178,1.000000,-0.742770,-0.178189,-0.564581,21.054117,17.609269,45.641020,-5.903175,-6.471612,-10.038143,-0.249145,0.074406,4.269209,1.000000,88.222698,4.269209,3.000000,56.380426,80.825243,34.537906,0.000000,-0.105420,0.030124,-0.135545,20.509724,33.710998,27.062787,1.329115,1.227261,-2.051325,0.780023,0.048104,4.615765,20.000000,73.775671,0.230788,2.000000,43.474414,18.803419,18.098441,0.000000,-0.266728,0.065695,-0.332423,21.245912,17.745047,33.580960,-1.124032,-1.320744,-4.758183,0.277403,0.049935,6.674047,5.000000,238.867925,1.334809,1.000000,65.535848,91.985019,91.076216,1.000000,0.265165,-0.270400,0.535565,23.487539,40.256584,17.011312,3.006966,2.411228,-1.888081,0.903655,0.076803,2.718088,2.000000,88.480801,1.359044,2.000000,3.169312,1.000000,56.086142,3.169312,3.000000,5.348558,12.000000,142.780749,0.445713,4.000000,3.891779,3.000000,73.333333,1.297260,3.000000,5.039526,8.000000,67.149440,0.629941,2.000000,8.113883,15.000000,99.345978,0.540926,3.000000,7.550617,13.000000,174.145786,0.580817,4.000000,4.532315,3.000000,53.733170,1.510772,3.000000,7.778730,4.000000,150.877193,1.944682,4.000000,5.435928,0.000000,61.429382,0.000000,8.000000,8.129669,11.000000,172.673849,0.739061,8.000000,4.940721,4.000000,138.159675,1.235180,1.000000,1.000000,1.000000,25.000000,-1.000000,,,,49.256890,83.631579,52.017544,-2.237869,-2.338355,0.100486,27.068972,22.356153,24.938866,0.543022,-1.108957,0.545158,0.120905,,5.000000,,66.040391,96.916300,95.467864,0.311491,0.173372,0.138119,18.362624,25.958051,12.691543,1.103648,1.815189,1.019121,0.021497,2.484282,5.000000,,238.867925,50.737463,1.718592,0.659138
2026-04-13T08:45:00Z,1.182607,no_impulse,0,APLAPOLLO,1h,-1.000000,44.632768,4.575290,8.000000,0.571911,-1.727994,-0.606538,-1.562600,11.421811,25.000000,281.697613,0.456872,1.000000,70.727781,88.750000,75.329166,1.000000,1.386330,1.376816,0.009515,27.185693,29.204779,16.348220,2.276643,3.944165,2.641349,0.834283,0.069692,3.896641,2.000000,101.344086,1.948320,8.000000,39.788697,45.544554,67.255739,1.000000,-0.758044,-0.883160,0.125116,23.973647,20.790451,38.676888,-1.719292,-2.979390,-7.117741,0.286462,0.079154,3.998710,5.000000,108.771930,0.799742,1.000000,48.504049,74.044444,61.621113,1.000000,-0.773278,-0.952196,0.178918,24.504401,25.011341,30.476403,0.089142,-1.140567,-5.155422,0.509626,0.092684,3.545879,7.000000,79.534884,0.506554,2.000000,41.241037,33.236321,37.166542,0.000000,-1.170061,-0.983558,-0.186504,25.733178,19.027004,39.285643,-1.637572,-2.945817,-6.915839,0.329846,0.094690,4.666305,0.000000,50.737463,0.000000,4.000000,30.098715,1.946903,15.657178,0.000000,-0.742770,-0.178189,-0.564581,21.054117,17.609269,45.641020,-5.903175,-6.471612,-10.038143,-0.249145,0.074406,8.422360,7.000000,205.703883,1.203194,4.000000,30.098715,1.946903,15.657178,1.000000,-0.742770,-0.178189,-0.564581,21.054117,17.609269,45.641020,-5.903175,-6.471612,-10.038143,-0.249145,0.074406,4.269209,1.000000,88.222698,4.269209,3.000000,56.380426,80.825243,34.537906,0.000000,-0.105420,0.030124,-0.135545,20.509724,33.710998,27.062787,1.329115,1.227261,-2.051325,0.780023,0.048104,4.615765,20.000000,73.775671,0.230788,2.000000,43.474414,18.803419,18.098441,0.000000,-0.266728,0.065695,-0.332423,21.245912,17.745047,33.580960,-1.124032,-1.320744,-4.758183,0.277403,0.049935,6.674047,5.000000,238.867925,1.334809,1.000000,2.718088,2.000000,88.480801,1.359044,2.000000,3.169312,1.000000,56.086142,3.169312,3.000000,5.348558,12.000000,142.780749,0.445713,4.000000,3.891779,3.000000,73.333333,1.297260,3.000000,5.039526,8.000000,67.149440,0.629941,2.000000,8.113883,15.000000,99.345978,0.540926,3.000000,7.550617,13.000000,174.145786,0.580817,4.000000,4.532315,3.000000,53.733170,1.510772,3.000000,7.778730,4.000000,150.877193,1.944682,4.000000,5.435928,0.000000,61.429382,0.000000,8.000000,8.129669,11.000000,172.673849,0.739061,8.000000,2.000000,2.000000,33.000000,-1.000000,,,,49.256890,83.631579,52.017544,-2.237869,-2.338355,0.100486,27.068972,22.356153,24.938866,0.543022,-1.108957,0.545158,0.120905,,3.000000,,35.773648,9.169054,11.050128,-0.425853,-0.376227,-0.049626,25.616237,15.890299,31.972229,-0.804053,-1.176930,-0.020694,0.015319,0.843701,1.081081,8.000000,281.697613,50.737463,2.672930,1.161268
