timestamp,price,label,direction,symbol,timeframe,curr_direction,curr_retrace_pct,curr_leg_size_pct,curr_leg_duration,curr_leg_speed,curr_ema20_dist,curr_ema50_dist,curr_ema200_dist,p1_leg_size_pct,p1_leg_duration,p1_retrace_pct,p1_leg_speed,p1_trend_state,p1_rsi,p1_stoch_k,p1_stoch_d,p1_stoch_cross,p1_macd_line,p1_macd_signal,p1_macd_hist,p1_adx,p1_plus_di,p1_minus_di,p1_ema20_dist,p1_ema50_dist,p1_ema200_dist,p1_bb_position,p1_bb_bandwidth,p2_leg_size_pct,p2_leg_duration,p2_retrace_pct,p2_leg_speed,p2_trend_state,p2_rsi,p2_stoch_k,p2_stoch_d,p2_stoch_cross,p2_macd_line,p2_macd_signal,p2_macd_hist,p2_adx,p2_plus_di,p2_minus_di,p2_ema20_dist,p2_ema50_dist,p2_ema200_dist,p2_bb_position,p2_bb_bandwidth,p3_leg_size_pct,p3_leg_duration,p3_retrace_pct,p3_leg_speed,p3_trend_state,p3_rsi,p3_stoch_k,p3_stoch_d,p3_stoch_cross,p3_macd_line,p3_macd_signal,p3_macd_hist,p3_adx,p3_plus_di,p3_minus_di,p3_ema20_dist,p3_ema50_dist,p3_ema200_dist,p3_bb_position,p3_bb_bandwidth,p4_leg_size_pct,p4_leg_duration,p4_retrace_pct,p4_leg_speed,p4_trend_state,p4_rsi,p4_stoch_k,p4_stoch_d,p4_stoch_cross,p4_macd_line,p4_macd_signal,p4_macd_hist,p4_adx,p4_plus_di,p4_minus_di,p4_ema20_dist,p4_ema50_dist,p4_ema200_dist,p4_bb_position,p4_bb_bandwidth,p5_leg_size_pct,p5_leg_duration,p5_retrace_pct,p5_leg_speed,p5_trend_state,p5_rsi,p5_stoch_k,p5_stoch_d,p5_stoch_cross,p5_macd_line,p5_macd_signal,p5_macd_hist,p5_adx,p5_plus_di,p5_minus_di,p5_ema20_dist,p5_ema50_dist,p5_ema200_dist,p5_bb_position,p5_bb_bandwidth,p6_leg_size_pct,p6_leg_duration,p6_retrace_pct,p6_leg_speed,p6_trend_state,p6_rsi,p6_stoch_k,p6_stoch_d,p6_stoch_cross,p6_macd_line,p6_macd_signal,p6_macd_hist,p6_adx,p6_plus_di,p6_minus_di,p6_ema20_dist,p6_ema50_dist,p6_ema200_dist,p6_bb_position,p6_bb_bandwidth,p7_leg_size_pct,p7_leg_duration,p7_retrace_pct,p7_leg_speed,p7_trend_state,p7_rsi,p7_stoch_k,p7_stoch_d,p7_stoch_cross,p7_macd_line,p7_macd_signal,p7_macd_hist,p7_adx,p7_plus_di,p7_minus_di,p7_ema20_dist,p7_ema50_dist,p7_ema200_dist,p7_bb_position,p7_bb_bandwidth,p8_leg_size_pct,p8_leg_duration,p8_retrace_pct,p8_leg_speed,p8_trend_state,p8_rsi,p8_stoch_k,p8_stoch_d,p8_stoch_cross,p8_macd_line,p8_macd_signal,p8_macd_hist,p8_adx,p8_plus_di,p8_minus_di,p8_ema20_dist,p8_ema50_dist,p8_ema200_dist,p8_bb_position,p8_bb_bandwidth,p9_leg_size_pct,p9_leg_duration,p9_retrace_pct,p9_leg_speed,p9_trend_state,p10_leg_size_pct,p10_leg_duration,p10_retrace_pct,p10_leg_speed,p10_trend_state,p11_leg_size_pct,p11_leg_duration,p11_retrace_pct,p11_leg_speed,p11_trend_state,p12_leg_size_pct,p12_leg_duration,p12_retrace_pct,p12_leg_speed,p12_trend_state,p13_leg_size_pct,p13_leg_duration,p13_retrace_pct,p13_leg_speed,p13_trend_state,p14_leg_size_pct,p14_leg_duration,p14_retrace_pct,p14_leg_speed,p14_trend_state,p15_leg_size_pct,p15_leg_duration,p15_retrace_pct,p15_leg_speed,p15_trend_state,p16_leg_size_pct,p16_leg_duration,p16_retrace_pct,p16_leg_speed,p16_trend_state,p17_leg_size_pct,p17_leg_duration,p17_retrace_pct,p17_leg_speed,p17_trend_state,p18_leg_size_pct,p18_leg_duration,p18_retrace_pct,p18_leg_speed,p18_trend_state,p19_leg_size_pct,p19_leg_duration,p19_retrace_pct,p19_leg_speed,p19_trend_state,p20_leg_size_pct,p20_leg_duration,p20_retrace_pct,p20_leg_speed,p20_trend_state,mkt_trend_state,mkt_trend_streak,mkt_bars_since_reversal,mkt_last_break_type,htf_trend_state,htf_retrace_pct,htf_pivot_dist_pct,htf_rsi,htf_stoch_k,htf_stoch_d,htf_macd_line,htf_macd_signal,htf_macd_hist,htf_adx,htf_plus_di,htf_minus_di,htf_ema20_dist,htf_ema50_dist,htf_bb_position,htf_bb_bandwidth,ltf_trend_state,ltf_zigzag_count,ltf_trend_reversal_flag,ltf_rsi,ltf_stoch_k,ltf_stoch_d,ltf_macd_line,ltf_macd_signal,ltf_macd_hist,ltf_adx,ltf_plus_di,ltf_minus_di,ltf_ema20_dist,ltf_ema50_dist,ltf_bb_position,ltf_bb_bandwidth,leg_size_vs_avg,leg_duration_vs_avg,bars_since_large_leg,max_retrace_last10,min_retrace_last10,leg_size_stddev,legs_contracting
2022-04-03T18:30:00Z,1.000000,no_impulse,0,BAJFINANCE,1d,1.000000,,0.000000,0.000000,0.000000,6.052545,6.425149,9.686747,,,,,,,,,,,,,,,,,,,,,,,,,,,,,,,,,,,,,,,,,,,,,,,,,,,,,,,,,,,,,,,,,,,,,,,,,,,,,,,,,,,,,,,,,,,,,,,,,,,,,,,,,,,,,,,,,,,,,,,,,,,,,,,,,,,,,,,,,,,,,,,,,,,,,,,,,,,,,,,,,,,,,,,,,,,,,,,,,,,,,,,,,,,,,,,,,,,,,,,,,,,,,,,,,,,,,,,,,,,,,0.000000,1.000000,,-1.000000,,,,0.000000,60.000000,60.000000,0.000000,0.000000,0.000000,0.000000,0.000000,0.000000,0.000000,0.000000,0.500000,0.000000,,0.000000,,0.000000,25.000000,25.000000,0.000000,0.000000,0.000000,0.000000,0.000000,0.000000,0.000000,0.000000,0.500000,0.000000,0.000000,0.000000,,,,0.000000,
2022-05-15T18:30:00Z,0.723320,no_impulse,0,BAJFINANCE,1d,-1.000000,,27.667984,27.000000,1.024740,-11.855059,-18.511967,-19.428349,0.000000,0.000000,,0.000000,0.000000,68.308166,89.847716,88.755154,0.000000,1.680580,0.593428,1.087152,16.975708,33.613307,20.855875,6.052545,6.425149,9.686747,0.818454,0.202305,,,,,,,,,,,,,,,,,,,,,,,,,,,,,,,,,,,,,,,,,,,,,,,,,,,,,,,,,,,,,,,,,,,,,,,,,,,,,,,,,,,,,,,,,,,,,,,,,,,,,,,,,,,,,,,,,,,,,,,,,,,,,,,,,,,,,,,,,,,,,,,,,,,,,,,,,,,,,,,,,,,,,,,,,,,,,,,,,,,,,,,,,,,,,,,,,,,,,,,,,0.000000,2.000000,,-1.000000,,,,0.000000,60.000000,60.000000,0.000000,0.000000,0.000000,0.000000,0.000000,0.000000,0.000000,0.000000,0.500000,0.000000,,0.000000,,0.000000,25.000000,25.000000,0.000000,0.000000,0.000000,0.000000,0.000000,0.000000,0.000000,0.000000,0.500000,0.000000,1.000000,1.000000,,,,0.000000,
2022-06-02T18:30:00Z,0.812912,no_impulse,0,BAJFINANCE,1d,1.000000,32.380952,12.386157,14.000000,0.884725,-0.127315,-5.481898,-9.998235,27.667984,27.000000,,1.024740,0.000000,25.272141,8.757062,4.817547,0.000000,-6.840761,-4.834967,-2.005794,38.783702,7.446659,39.423970,-11.855059,-18.511967,-19.428349,0.217560,0.375251,0.000000,0.000000,,0.000000,0.000000,68.308166,89.847716,88.755154,0.000000,1.680580,0.593428,1.087152,16.975708,33.613307,20.855875,6.052545,6.425149,9.686747,0.818454,0.202305,,,,,,,,,,,,,,,,,,,,,,,,,,,,,,,,,,,,,,,,,,,,,,,,,,,,,,,,,,,,,,,,,,,,,,,,,,,,,,,,,,,,,,,,,,,,,,,,,,,,,,,,,,,,,,,,,,,,,,,,,,,,,,,,,,,,,,,,,,,,,,,,,,,,,,,,,,,,,,,,,,,,,,,,,,,,,,,,,,,,,3.000000,1.000000,,-1.000000,,,,0.000000,60.000000,60.000000,0.000000,0.000000,0.000000,0.000000,0.000000,0.000000,0.000000,0.000000,0.500000,0.000000,,0.000000,,0.000000,25.000000,25.000000,0.000000,0.000000,0.000000,0.000000,0.000000,0.000000,0.000000,0.000000,0.500000,0.000000,0.895342,1.037037,,,,19.564219,
2022-06-16T18:30:00Z,0.687747,no_impulse,0,BAJFINANCE,1d,-1.000000,139.705882,15.397083,10.000000,1.539708,-5.925427,-12.773818,-20.613943,12.386157,14.000000,32.380952,0.884725,3.000000,45.909590,75.000000,78.431373,1.000000,-2.124882,-3.362385,1.237503,30.788133,22.844380,27.907019,-0.127315,-5.481898,-9.998235,0.488325,0.108911,27.667984,27.000000,,1.024740,0.000000,25.272141,8.757062,4.817547,0.000000,-6.840761,-4.834967,-2.005794,38.783702,7.446659,39.423970,-11.855059,-18.511967,-19.428349,0.217560,0.375251,0.000000,0.000000,,0.000000,0.000000,68.308166,89.847716,88.755154,0.000000,1.680580,0.593428,1.087152,16.975708,33.613307,20.855875,6.052545,6.425149,9.686747,0.818454,0.202305,,,,,,,,,,,,,,,,,,,,,,,,,,,,,,,,,,,,,,,,,,,,,,,,,,,,,,,,,,,,,,,,,,,,,,,,,,,,,,,,,,,,,,,,,,,,,,,,,,,,,,,,,,,,,,,,,,,,,,,,,,,,,,,,,,,,,,,,,,,,,,,,,,,,,,,,,,,,,,,,,4.000000,2.000000,,-1.000000,,,,0.000000,60.000000,60.000000,0.000000,0.000000,0.000000,0.000000,0.000000,0.000000,0.000000,0.000000,0.500000,0.000000,,0.000000,,0.000000,25.000000,25.000000,0.000000,0.000000,0.000000,0.000000,0.000000,0.000000,0.000000,0.000000,0.500000,0.000000,1.153220,0.731707,24.000000,32.380952,32.380952,13.859224,
2022-07-27T18:30:00Z,0.936759,no_impulse,0,BAJFINANCE,1d,1.000000,198.947368,36.206897,29.000000,1.248514,13.594072,14.932067,9.938994,15.397083,10.000000,139.705882,1.539708,4.000000,35.373888,21.052632,15.643397,1.000000,-3.912702,-3.283992,-0.628710,33.058918,12.303958,35.327655,-5.925427,-12.773818,-20.613943,0.192617,0.181987,12.386157,14.000000,32.380952,0.884725,3.000000,45.909590,75.000000,78.431373,1.000000,-2.124882,-3.362385,1.237503,30.788133,22.844380,27.907019,-0.127315,-5.481898,-9.998235,0.488325,0.108911,27.667984,27.000000,,1.024740,0.000000,25.272141,8.757062,4.817547,0.000000,-6.840761,-4.834967,-2.005794,38.783702,7.446659,39.423970,-11.855059,-18.511967,-19.428349,0.217560,0.375251,0.000000,0.000000,,0.000000,0.000000,68.308166,89.847716,88.755154,0.000000,1.680580,0.593428,1.087152,16.975708,33.613307,20.855875,6.052545,6.425149,9.686747,0.818454,0.202305,,,,,,,,,,,,,,,,,,,,,,,,,,,,,,,,,,,,,,,,,,,,,,,,,,,,,,,,,,,,,,,,,,,,,,,,,,,,,,,,,,,,,,,,,,,,,,,,,,,,,,,,,,,,,,,,,,,,,,,,,,,,,,,,,,,,,,,,,,,,,7.000000,3.000000,,-1.000000,,,,0.000000,60.000000,60.000000,0.000000,0.000000,0.000000,0.000000,0.000000,0.000000,0.000000,0.000000,0.500000,0.000000,,0.000000,,0.000000,25.000000,25.000000,0.000000,0.000000,0.000000,0.000000,0.000000,0.000000,0.000000,0.000000,0.500000,0.000000,2.611801,2.274510,,139.705882,32.380952,11.362142,
2022-07-27T18:30:00Z,0.859025,no_impulse,0,BAJFINANCE,1d,-1.000000,31.216931,8.298172,0.000000,0.000000,13.594072,14.932067,9.938994,36.206897,29.000000,198.947368,1.248514,7.000000,83.950056,97.735849,91.252318,0.000000,3.069539,1.728020,1.341519,29.084669,45.040142,8.875768,13.594072,14.932067,9.938994,1.239879,0.212640,15.397083,10.000000,139.705882,1.539708,4.000000,35.373888,21.052632,15.643397,1.000000,-3.912702,-3.283992,-0.628710,33.058918,12.303958,35.327655,-5.925427,-12.773818,-20.613943,0.192617,0.181987,12.386157,14.000000,32.380952,0.884725,3.000000,45.909590,75.000000,78.431373,1.000000,-2.124882,-3.362385,1.237503,30.788133,22.844380,27.907019,-0.127315,-5.481898,-9.998235,0.488325,0.108911,27.667984,27.000000,,1.024740,0.000000,25.272141,8.757062,4.817547,0.000000,-6.840761,-4.834967,-2.005794,38.783702,7.446659,39.423970,-11.855059,-18.511967,-19.428349,0.217560,0.375251,0.000000,0.000000,,0.000000,0.000000,68.308166,89.847716,88.755154,0.000000,1.680580,0.593428,1.087152,16.975708,33.613307,20.855875,6.052545,6.425149,9.686747,0.818454,0.202305,,,,,,,,,,,,,,,,,,,,,,,,,,,,,,,,,,,,,,,,,,,,,,,,,,,,,,,,,,,,,,,,,,,,,,,,,,,,,,,,,,,,,,,,,,,,,,,,,,,,,,,,,,,,,,,,,,,,,,,,,7.000000,4.000000,0.000000,-1.000000,,,,0.000000,60.000000,60.000000,0.000000,0.000000,0.000000,0.000000,0.000000,0.000000,0.000000,0.000000,0.500000,0.000000,,0.000000,,0.000000,25.000000,25.000000,0.000000,0.000000,0.000000,0.000000,0.000000,0.000000,0.000000,0.000000,0.500000,0.000000,0.452670,0.000000,,198.947368,32.380952,14.024100,
2022-08-16T18:30:00Z,1.006588,no_impulse,0,BAJFINANCE,1d,1.000000,189.830508,17.177914,12.000000,1.431493,7.592974,13.492069,13.923250,8.298172,0.000000,31.216931,0.000000,7.000000,83.950056,97.735849,91.252318,0.000000,3.069539,1.728020,1.341519,29.084669,45.040142,8.875768,13.594072,14.932067,9.938994,1.239879,0.212640,36.206897,29.000000,198.947368,1.248514,7.000000,83.950056,97.735849,91.252318,0.000000,3.069539,1.728020,1.341519,29.084669,45.040142,8.875768,13.594072,14.932067,9.938994,1.239879,0.212640,15.397083,10.000000,139.705882,1.539708,4.000000,35.373888,21.052632,15.643397,1.000000,-3.912702,-3.283992,-0.628710,33.058918,12.303958,35.327655,-5.925427,-12.773818,-20.613943,0.192617,0.181987,12.386157,14.000000,32.380952,0.884725,3.000000,45.909590,75.000000,78.431373,1.000000,-2.124882,-3.362385,1.237503,30.788133,22.844380,27.907019,-0.127315,-5.481898,-9.998235,0.488325,0.108911,27.667984,27.000000,,1.024740,0.000000,25.272141,8.757062,4.817547,0.000000,-6.840761,-4.834967,-2.005794,38.783702,7.446659,39.423970,-11.855059,-18.511967,-19.428349,0.217560,0.375251,0.000000,0.000000,,0.000000,0.000000,68.308166,89.847716,88.755154,0.000000,1.680580,0.593428,1.087152,16.975708,33.613307,20.855875,6.052545,6.425149,9.686747,0.818454,0.202305,,,,,,,,,,,,,,,,,,,,,,,,,,,,,,,,,,,,,,,,,,,,,,,,,,,,,,,,,,,,,,,,,,,,,,,,,,,,,,,,,,,,,,,,,,,,,,,,,,,,,1.000000,1.000000,12.000000,-1.000000,,,,0.000000,60.000000,60.000000,0.000000,0.000000,0.000000,0.000000,0.000000,0.000000,0.000000,0.000000,0.500000,0.000000,,0.000000,,0.000000,25.000000,25.000000,0.000000,0.000000,0.000000,0.000000,0.000000,0.000000,0.000000,0.000000,0.500000,0.000000,1.031126,0.900000,12.000000,198.947368,31.216931,13.195403,1.495530
2022-08-28T18:30:00Z,0.903821,no_impulse,0,BAJFINANCE,1d,-1.000000,69.642857,10.209424,8.000000,1.276178,-1.330839,3.946817,6.184959,17.177914,12.000000,189.830508,1.431493,1.000000,77.929760,92.387543,91.812189,0.000000,4.947657,4.809600,0.138056,48.141685,37.758293,8.893488,7.592974,13.492069,13.923250,0.775611,0.298133,8.298172,0.000000,31.216931,0.000000,7.000000,83.950056,97.735849,91.252318,0.000000,3.069539,1.728020,1.341519,29.084669,45.040142,8.875768,13.594072,14.932067,9.938994,1.239879,0.212640,36.206897,29.000000,198.947368,1.248514,7.000000,83.950056,97.735849,91.252318,0.000000,3.069539,1.728020,1.341519,29.084669,45.040142,8.875768,13.594072,14.932067,9.938994,1.239879,0.212640,15.397083,10.000000,139.705882,1.539708,4.000000,35.373888,21.052632,15.643397,1.000000,-3.912702,-3.283992,-0.628710,33.058918,12.303958,35.327655,-5.925427,-12.773818,-20.613943,0.192617,0.181987,12.386157,14.000000,32.380952,0.884725,3.000000,45.909590,75.000000,78.431373,1.000000,-2.124882,-3.362385,1.237503,30.788133,22.844380,27.907019,-0.127315,-5.481898,-9.998235,0.488325,0.108911,27.667984,27.000000,,1.024740,0.000000,25.272141,8.757062,4.817547,0.000000,-6.840761,-4.834967,-2.005794,38.783702,7.446659,39.423970,-11.855059,-18.511967,-19.428349,0.217560,0.375251,0.000000,0.000000,,0.000000,0.000000,68.308166,89.847716,88.755154,0.000000,1.680580,0.593428,1.087152,16.975708,33.613307,20.855875,6.052545,6.425149,9.686747,0.818454,0.202305,,,,,,,,,,,,,,,,,,,,,,,,,,,,,,,,,,,,,,,,,,,,,,,,,,,,,,,,,,,,,,,,,,,,,,,,,,,,,,,,,2.000000,2.000000,20.000000,-1.000000,,,,0.000000,60.000000,60.000000,0.000000,0.000000,0.000000,0.000000,0.000000,0.000000,0.000000,0.000000,0.500000,0.000000,,0.000000,,0.000000,25.000000,25.000000,0.000000,0.000000,0.000000,0.000000,0.000000,0.000000,0.000000,0.000000,0.500000,0.000000,0.610120,0.608696,20.000000,198.947368,31.216931,12.047294,1.112383
2022-09-21T18:30:00Z,1.025033,no_impulse,0,BAJFINANCE,1d,1.000000,117.948718,13.411079,17.000000,0.788887,4.617805,8.911550,13.689234,10.209424,8.000000,69.642857,1.276178,2.000000,50.502281,13.461538,7.739212,0.000000,2.447602,3.741255,-1.293652,34.903639,21.187679,25.853846,-1.330839,3.946817,6.184959,0.330278,0.077383,17.177914,12.000000,189.830508,1.431493,1.000000,77.929760,92.387543,91.812189,0.000000,4.947657,4.809600,0.138056,48.141685,37.758293,8.893488,7.592974,13.492069,13.923250,0.775611,0.298133,8.298172,0.000000,31.216931,0.000000,7.000000,83.950056,97.735849,91.252318,0.000000,3.069539,1.728020,1.341519,29.084669,45.040142,8.875768,13.594072,14.932067,9.938994,1.239879,0.212640,36.206897,29.000000,198.947368,1.248514,7.000000,83.950056,97.735849,91.252318,0.000000,3.069539,1.728020,1.341519,29.084669,45.040142,8.875768,13.594072,14.932067,9.938994,1.239879,0.212640,15.397083,10.000000,139.705882,1.539708,4.000000,35.373888,21.052632,15.643397,1.000000,-3.912702,-3.283992,-0.628710,33.058918,12.303958,35.327655,-5.925427,-12.773818,-20.613943,0.192617,0.181987,12.386157,14.000000,32.380952,0.884725,3.000000,45.909590,75.000000,78.431373,1.000000,-2.124882,-3.362385,1.237503,30.788133,22.844380,27.907019,-0.127315,-5.481898,-9.998235,0.488325,0.108911,27.667984,27.000000,,1.024740,0.000000,25.272141,8.757062,4.817547,0.000000,-6.840761,-4.834967,-2.005794,38.783702,7.446659,39.423970,-11.855059,-18.511967,-19.428349,0.217560,0.375251,0.000000,0.000000,,0.000000,0.000000,68.308166,89.847716,88.755154,0.000000,1.680580,0.593428,1.087152,16.975708,33.613307,20.855875,6.052545,6.425149,9.686747,0.818454,0.202305,,,,,,,,,,,,,,,,,,,,,,,,,,,,,,,,,,,,,,,,,,,,,,,,,,,,,,,,,,,,,1.000000,3.000000,37.000000,-1.000000,,,,0.000000,60.000000,60.000000,0.000000,0.000000,0.000000,0.000000,0.000000,0.000000,0.000000,0.000000,0.500000,0.000000,,0.000000,,0.000000,25.000000,25.000000,0.000000,0.000000,0.000000,0.000000,0.000000,0.000000,0.000000,0.000000,0.500000,0.000000,0.842513,1.360000,37.000000,198.947368,31.216931,11.389635,0.557672
2022-09-29T18:30:00Z,0.926219,no_impulse,0,BAJFINANCE,1d,-1.000000,81.521739,9.640103,6.000000,1.606684,0.219357,3.436442,8.674109,13.411079,17.000000,117.948718,0.788887,1.000000,67.085910,91.549296,90.793093,0.000000,2.200187,1.856800,0.343387,25.082624,26.630218,13.309113,4.617805,8.911550,13.689234,0.928542,0.112973,10.209424,8.000000,69.642857,1.276178,2.000000,50.502281,13.461538,7.739212,0.000000,2.447602,3.741255,-1.293652,34.903639,21.187679,25.853846,-1.330839,3.946817,6.184959,0.330278,0.077383,17.177914,12.000000,189.830508,1.431493,1.000000,77.929760,92.387543,91.812189,0.000000,4.947657,4.809600,0.138056,48.141685,37.758293,8.893488,7.592974,13.492069,13.923250,0.775611,0.298133,8.298172,0.000000,31.216931,0.000000,7.000000,83.950056,97.735849,91.252318,0.000000,3.069539,1.728020,1.341519,29.084669,45.040142,8.875768,13.594072,14.932067,9.938994,1.239879,0.212640,36.206897,29.000000,198.947368,1.248514,7.000000,83.950056,97.735849,91.252318,0.000000,3.069539,1.728020,1.341519,29.084669,45.040142,8.875768,13.594072,14.932067,9.938994,1.239879,0.212640,15.397083,10.000000,139.705882,1.539708,4.000000,35.373888,21.052632,15.643397,1.000000,-3.912702,-3.283992,-0.628710,33.058918,12.303958,35.327655,-5.925427,-12.773818,-20.613943,0.192617,0.181987,12.386157,14.000000,32.380952,0.884725,3.000000,45.909590,75.000000,78.431373,1.000000,-2.124882,-3.362385,1.237503,30.788133,22.844380,27.907019,-0.127315,-5.481898,-9.998235,0.488325,0.108911,27.667984,27.000000,,1.024740,0.000000,25.272141,8.757062,4.817547,0.000000,-6.840761,-4.834967,-2.005794,38.783702,7.446659,39.423970,-11.855059,-18.511967,-19.428349,0.217560,0.375251,0.000000,0.000000,,0.000000,0.000000,,,,,,,,,,,,,,,,,,,,,,,,,,,,,,,,,,,,,,,,,,,,,,,,,,,,,,,,2.000000,4.000000,43.000000,-1.000000,,,,0.000000,60.000000,60.000000,0.000000,0.000000,0.000000,0.000000,0.000000,0.000000,0.000000,0.000000,0.500000,0.000000,,0.000000,,0.000000,25.000000,25.000000,0.000000,0.000000,0.000000,0.000000,0.000000,0.000000,0.000000,0.000000,0.500000,0.000000,0.616398,0.461538,43.000000,198.947368,31.216931,10.686748,0.681084
2022-10-05T18:30:00Z,1.001318,no_impulse,0,BAJFINANCE,1d,1.000000,76.000000,8.108108,3.000000,2.702703,1.009556,3.929023,9.275187,9.640103,6.000000,81.521739,1.606684,2.000000,52.008641,40.666667,17.869937,0.000000,0.692496,1.354946,-0.662451,22.018338,15.421035,24.788592,0.219357,3.436442,8.674109,0.522147,0.099261,13.411079,17.000000,117.948718,0.788887,1.000000,67.085910,91.549296,90.793093,0.000000,2.200187,1.856800,0.343387,25.082624,26.630218,13.309113,4.617805,8.911550,13.689234,0.928542,0.112973,10.209424,8.000000,69.642857,1.276178,2.000000,50.502281,13.461538,7.739212,0.000000,2.447602,3.741255,-1.293652,34.903639,21.187679,25.853846,-1.330839,3.946817,6.184959,0.330278,0.077383,17.177914,12.000000,189.830508,1.431493,1.000000,77.929760,92.387543,91.812189,0.000000,4.947657,4.809600,0.138056,48.141685,37.758293,8.893488,7.592974,13.492069,13.923250,0.775611,0.298133,8.298172,0.000000,31.216931,0.000000,7.000000,83.950056,97.735849,91.252318,0.000000,3.069539,1.728020,1.341519,29.084669,45.040142,8.875768,13.594072,14.932067,9.938994,1.239879,0.212640,36.206897,29.000000,198.947368,1.248514,7.000000,83.950056,97.735849,91.252318,0.000000,3.069539,1.728020,1.341519,29.084669,45.040142,8.875768,13.594072,14.932067,9.938994,1.239879,0.212640,15.397083,10.000000,139.705882,1.539708,4.000000,35.373888,21.052632,15.643397,1.000000,-3.912702,-3.283992,-0.628710,33.058918,12.303958,35.327655,-5.925427,-12.773818,-20.613943,0.192617,0.181987,12.386157,14.000000,32.380952,0.884725,3.000000,45.909590,75.000000,78.431373,1.000000,-2.124882,-3.362385,1.237503,30.788133,22.844380,27.907019,-0.127315,-5.481898,-9.998235,0.488325,0.108911,27.667984,27.000000,,1.024740,0.000000,0.000000,0.000000,,0.000000,0.000000,,,,,,,,,,,,,,,,,,,,,,,,,,,,,,,,,,,,,,,,,,,,,,,,,,,3.000000,1.000000,46.000000,-1.000000,,,,0.000000,60.000000,60.000000,0.000000,0.000000,0.000000,0.000000,0.000000,0.000000,0.000000,0.000000,0.500000,0.000000,,0.000000,,0.000000,25.000000,25.000000,0.000000,0.000000,0.000000,0.000000,0.000000,0.000000,0.000000,0.000000,0.500000,0.000000,0.539122,0.243902,46.000000,198.947368,31.216931,10.252616,0.539219
2022-12-11T18:30:00Z,0.841897,no_impulse,0,BAJFINANCE,1d,-1.000000,212.280702,15.921053,45.000000,0.353801,-3.444213,-6.026782,-4.499071,8.108108,3.000000,76.000000,2.702703,3.000000,53.367959,50.000000,43.333333,0.000000,0.647787,0.974630,-0.326843,19.376691,18.776543,18.692730,1.009556,3.929023,9.275187,0.608675,0.093844,9.640103,6.000000,81.521739,1.606684,2.000000,52.008641,40.666667,17.869937,0.000000,0.692496,1.354946,-0.662451,22.018338,15.421035,24.788592,0.219357,3.436442,8.674109,0.522147,0.099261,13.411079,17.000000,117.948718,0.788887,1.000000,67.085910,91.549296,90.793093,0.000000,2.200187,1.856800,0.343387,25.082624,26.630218,13.309113,4.617805,8.911550,13.689234,0.928542,0.112973,10.209424,8.000000,69.642857,1.276178,2.000000,50.502281,13.461538,7.739212,0.000000,2.447602,3.741255,-1.293652,34.903639,21.187679,25.853846,-1.330839,3.946817,6.184959,0.330278,0.077383,17.177914,12.000000,189.830508,1.431493,1.000000,77.929760,92.387543,91.812189,0.000000,4.947657,4.809600,0.138056,48.141685,37.758293,8.893488,7.592974,13.492069,13.923250,0.775611,0.298133,8.298172,0.000000,31.216931,0.000000,7.000000,83.950056,97.735849,91.252318,0.000000,3.069539,1.728020,1.341519,29.084669,45.040142,8.875768,13.594072,14.932067,9.938994,1.239879,0.212640,36.206897,29.000000,198.947368,1.248514,7.000000,83.950056,97.735849,91.252318,0.000000,3.069539,1.728020,1.341519,29.084669,45.040142,8.875768,13.594072,14.932067,9.938994,1.239879,0.212640,15.397083,10.000000,139.705882,1.539708,4.000000,35.373888,21.052632,15.643397,1.000000,-3.912702,-3.283992,-0.628710,33.058918,12.303958,35.327655,-5.925427,-12.773818,-20.613943,0.192617,0.181987,12.386157,14.000000,32.380952,0.884725,3.000000,27.667984,27.000000,,1.024740,0.000000,0.000000,0.000000,,0.000000,0.000000,,,,,,,,,,,,,,,,,,,,,,,,,,,,,,,,,,,,,,,,,,,,,,4.000000,2.000000,91.000000,-1.000000,,,,0.000000,60.000000,60.000000,0.000000,0.000000,0.000000,0.000000,0.000000,0.000000,0.000000,0.000000,0.500000,0.000000,,0.000000,,0.000000,25.000000,25.000000,0.000000,0.000000,0.000000,0.000000,0.000000,0.000000,0.000000,0.000000,0.500000,0.000000,1.004464,3.571429,91.000000,198.947368,31.216931,9.197397,0.873164
2022-12-14T18:30:00Z,0.884717,no_impulse,0,BAJFINANCE,1d,1.000000,26.859504,5.086072,3.000000,1.695357,-1.254126,-3.727200,-2.609491,15.921053,45.000000,212.280702,0.353801,4.000000,29.105056,26.666667,14.126984,0.000000,-2.024183,-1.876531,-0.147651,37.391464,9.465055,32.575458,-3.444213,-6.026782,-4.499071,0.035846,0.071733,8.108108,3.000000,76.000000,2.702703,3.000000,53.367959,50.000000,43.333333,0.000000,0.647787,0.974630,-0.326843,19.376691,18.776543,18.692730,1.009556,3.929023,9.275187,0.608675,0.093844,9.640103,6.000000,81.521739,1.606684,2.000000,52.008641,40.666667,17.869937,0.000000,0.692496,1.354946,-0.662451,22.018338,15.421035,24.788592,0.219357,3.436442,8.674109,0.522147,0.099261,13.411079,17.000000,117.948718,0.788887,1.000000,67.085910,91.549296,90.793093,0.000000,2.200187,1.856800,0.343387,25.082624,26.630218,13.309113,4.617805,8.911550,13.689234,0.928542,0.112973,10.209424,8.000000,69.642857,1.276178,2.000000,50.502281,13.461538,7.739212,0.000000,2.447602,3.741255,-1.293652,34.903639,21.187679,25.853846,-1.330839,3.946817,6.184959,0.330278,0.077383,17.177914,12.000000,189.830508,1.431493,1.000000,77.929760,92.387543,91.812189,0.000000,4.947657,4.809600,0.138056,48.141685,37.758293,8.893488,7.592974,13.492069,13.923250,0.775611,0.298133,8.298172,0.000000,31.216931,0.000000,7.000000,83.950056,97.735849,91.252318,0.000000,3.069539,1.728020,1.341519,29.084669,45.040142,8.875768,13.594072,14.932067,9.938994,1.239879,0.212640,36.206897,29.000000,198.947368,1.248514,7.000000,83.950056,97.735849,91.252318,0.000000,3.069539,1.728020,1.341519,29.084669,45.040142,8.875768,13.594072,14.932067,9.938994,1.239879,0.212640,15.397083,10.000000,139.705882,1.539708,4.000000,12.386157,14.000000,32.380952,0.884725,3.000000,27.667984,27.000000,,1.024740,0.000000,0.000000,0.000000,,0.000000,0.000000,,,,,,,,,,,,,,,,,,,,,,,,,,,,,,,,,,,,,,,,,3.000000,3.000000,94.000000,-1.000000,,,,0.000000,60.000000,60.000000,0.000000,0.000000,0.000000,0.000000,0.000000,0.000000,0.000000,0.000000,0.500000,0.000000,,0.000000,,0.000000,25.000000,25.000000,0.000000,0.000000,0.000000,0.000000,0.000000,0.000000,0.000000,0.000000,0.500000,0.000000,0.346567,0.208333,94.000000,212.280702,31.216931,8.218388,0.825259
2022-12-25T18:30:00Z,0.830040,no_impulse,0,BAJFINANCE,1d,-1.000000,127.692308,6.180194,7.000000,0.882885,-2.835154,-5.570384,-5.444452,5.086072,3.000000,26.859504,1.695357,3.000000,40.081377,53.409091,54.915825,1.000000,-1.637666,-1.790464,0.152797,35.576675,15.696507,26.803575,-1.254126,-3.727200,-2.609491,0.242604,0.048120,15.921053,45.000000,212.280702,0.353801,4.000000,29.105056,26.666667,14.126984,0.000000,-2.024183,-1.876531,-0.147651,37.391464,9.465055,32.575458,-3.444213,-6.026782,-4.499071,0.035846,0.071733,8.108108,3.000000,76.000000,2.702703,3.000000,53.367959,50.000000,43.333333,0.000000,0.647787,0.974630,-0.326843,19.376691,18.776543,18.692730,1.009556,3.929023,9.275187,0.608675,0.093844,9.640103,6.000000,81.521739,1.606684,2.000000,52.008641,40.666667,17.869937,0.000000,0.692496,1.354946,-0.662451,22.018338,15.421035,24.788592,0.219357,3.436442,8.674109,0.522147,0.099261,13.411079,17.000000,117.948718,0.788887,1.000000,67.085910,91.549296,90.793093,0.000000,2.200187,1.856800,0.343387,25.082624,26.630218,13.309113,4.617805,8.911550,13.689234,0.928542,0.112973,10.209424,8.000000,69.642857,1.276178,2.000000,50.502281,13.461538,7.739212,0.000000,2.447602,3.741255,-1.293652,34.903639,21.187679,25.853846,-1.330839,3.946817,6.184959,0.330278,0.077383,17.177914,12.000000,189.830508,1.431493,1.000000,77.929760,92.387543,91.812189,0.000000,4.947657,4.809600,0.138056,48.141685,37.758293,8.893488,7.592974,13.492069,13.923250,0.775611,0.298133,8.298172,0.000000,31.216931,0.000000,7.000000,83.950056,97.735849,91.252318,0.000000,3.069539,1.728020,1.341519,29.084669,45.040142,8.875768,13.594072,14.932067,9.938994,1.239879,0.212640,36.206897,29.000000,198.947368,1.248514,7.000000,15.397083,10.000000,139.705882,1.539708,4.000000,12.386157,14.000000,32.380952,0.884725,3.000000,27.667984,27.000000,,1.024740,0.000000,0.000000,0.000000,,0.000000,0.000000,,,,,,,,,,,,,,,,,,,,,,,,,,,,,,,,,,,,4.000000,4.000000,101.000000,-1.000000,,,,0.000000,60.000000,60.000000,0.000000,0.000000,0.000000,0.000000,0.000000,0.000000,0.000000,0.000000,0.500000,0.000000,,0.000000,,0.000000,25.000000,25.000000,0.000000,0.000000,0.000000,0.000000,0.000000,0.000000,0.000000,0.000000,0.500000,0.000000,0.443165,0.526316,101.000000,212.280702,26.859504,8.751288,0.875367
2022-12-29T18:30:00Z,0.885375,no_impulse,0,BAJFINANCE,1d,1.000000,101.204819,6.666667,4.000000,1.666667,-0.101297,-2.633441,-2.961907,6.180194,7.000000,127.692308,0.882885,4.000000,34.966462,30.588235,22.811501,1.000000,-1.685808,-1.601192,-0.084616,38.130552,8.842113,30.257749,-2.835154,-5.570384,-5.444452,0.043455,0.060388,5.086072,3.000000,26.859504,1.695357,3.000000,40.081377,53.409091,54.915825,1.000000,-1.637666,-1.790464,0.152797,35.576675,15.696507,26.803575,-1.254126,-3.727200,-2.609491,0.242604,0.048120,15.921053,45.000000,212.280702,0.353801,4.000000,29.105056,26.666667,14.126984,0.000000,-2.024183,-1.876531,-0.147651,37.391464,9.465055,32.575458,-3.444213,-6.026782,-4.499071,0.035846,0.071733,8.108108,3.000000,76.000000,2.702703,3.000000,53.367959,50.000000,43.333333,0.000000,0.647787,0.974630,-0.326843,19.376691,18.776543,18.692730,1.009556,3.929023,9.275187,0.608675,0.093844,9.640103,6.000000,81.521739,1.606684,2.000000,52.008641,40.666667,17.869937,0.000000,0.692496,1.354946,-0.662451,22.018338,15.421035,24.788592,0.219357,3.436442,8.674109,0.522147,0.099261,13.411079,17.000000,117.948718,0.788887,1.000000,67.085910,91.549296,90.793093,0.000000,2.200187,1.856800,0.343387,25.082624,26.630218,13.309113,4.617805,8.911550,13.689234,0.928542,0.112973,10.209424,8.000000,69.642857,1.276178,2.000000,50.502281,13.461538,7.739212,0.000000,2.447602,3.741255,-1.293652,34.903639,21.187679,25.853846,-1.330839,3.946817,6.184959,0.330278,0.077383,17.177914,12.000000,189.830508,1.431493,1.000000,77.929760,92.387543,91.812189,0.000000,4.947657,4.809600,0.138056,48.141685,37.758293,8.893488,7.592974,13.492069,13.923250,0.775611,0.298133,8.298172,0.000000,31.216931,0.000000,7.000000,36.206897,29.000000,198.947368,1.248514,7.000000,15.397083,10.000000,139.705882,1.539708,4.000000,12.386157,14.000000,32.380952,0.884725,3.000000,27.667984,27.000000,,1.024740,0.000000,0.000000,0.000000,,0.000000,0.000000,,,,,,,,,,,,,,,,,,,,,,,,,,,,,,,7.000000,5.000000,105.000000,-1.000000,,,,0.000000,60.000000,60.000000,0.000000,0.000000,0.000000,0.000000,0.000000,0.000000,0.000000,0.000000,0.500000,0.000000,,0.000000,,0.000000,25.000000,25.000000,0.000000,0.000000,0.000000,0.000000,0.000000,0.000000,0.000000,0.000000,0.500000,0.000000,0.511879,0.307692,105.000000,212.280702,26.859504,9.061303,0.872527
2023-01-26T18:30:00Z,0.748353,no_impulse,0,BAJFINANCE,1d,-1.000000,247.619048,15.476190,19.000000,0.814536,-4.822444,-10.170364,-15.283789,6.666667,4.000000,101.204819,1.666667,7.000000,46.508117,65.476190,52.749092,0.000000,-1.293614,-1.492963,0.199349,36.081026,21.684183,25.501810,-0.101297,-2.633441,-2.961907,0.480729,0.052512,6.180194,7.000000,127.692308,0.882885,4.000000,34.966462,30.588235,22.811501,1.000000,-1.685808,-1.601192,-0.084616,38.130552,8.842113,30.257749,-2.835154,-5.570384,-5.444452,0.043455,0.060388,5.086072,3.000000,26.859504,1.695357,3.000000,40.081377,53.409091,54.915825,1.000000,-1.637666,-1.790464,0.152797,35.576675,15.696507,26.803575,-1.254126,-3.727200,-2.609491,0.242604,0.048120,15.921053,45.000000,212.280702,0.353801,4.000000,29.105056,26.666667,14.126984,0.000000,-2.024183,-1.876531,-0.147651,37.391464,9.465055,32.575458,-3.444213,-6.026782,-4.499071,0.035846,0.071733,8.108108,3.000000,76.000000,2.702703,3.000000,53.367959,50.000000,43.333333,0.000000,0.647787,0.974630,-0.326843,19.376691,18.776543,18.692730,1.009556,3.929023,9.275187,0.608675,0.093844,9.640103,6.000000,81.521739,1.606684,2.000000,52.008641,40.666667,17.869937,0.000000,0.692496,1.354946,-0.662451,22.018338,15.421035,24.788592,0.219357,3.436442,8.674109,0.522147,0.099261,13.411079,17.000000,117.948718,0.788887,1.000000,67.085910,91.549296,90.793093,0.000000,2.200187,1.856800,0.343387,25.082624,26.630218,13.309113,4.617805,8.911550,13.689234,0.928542,0.112973,10.209424,8.000000,69.642857,1.276178,2.000000,50.502281,13.461538,7.739212,0.000000,2.447602,3.741255,-1.293652,34.903639,21.187679,25.853846,-1.330839,3.946817,6.184959,0.330278,0.077383,17.177914,12.000000,189.830508,1.431493,1.000000,8.298172,0.000000,31.216931,0.000000,7.000000,36.206897,29.000000,198.947368,1.248514,7.000000,15.397083,10.000000,139.705882,1.539708,4.000000,12.386157,14.000000,32.380952,0.884725,3.000000,27.667984,27.000000,,1.024740,0.000000,0.000000,0.000000,,0.000000,0.000000,,,,,,,,,,,,,,,,,,,,,,,,,,4.000000,6.000000,19.000000,-1.000000,,,,0.000000,60.000000,60.000000,0.000000,0.000000,0.000000,0.000000,0.000000,0.000000,0.000000,0.000000,0.500000,0.000000,,0.000000,,0.000000,25.000000,25.000000,0.000000,0.000000,0.000000,0.000000,0.000000,0.000000,0.000000,0.000000,0.500000,0.000000,1.536880,1.809524,124.000000,212.280702,26.859504,4.145486,0.532620
2023-01-29T18:30:00Z,0.799078,no_impulse,0,BAJFINANCE,1d,1.000000,37.019231,6.778169,1.000000,6.778169,-0.267112,-5.199933,-10.202220,15.476190,19.000000,247.619048,0.814536,4.000000,24.349792,20.000000,8.824786,0.000000,-3.224461,-3.133618,-0.090844,39.917889,11.083115,36.495715,-4.822444,-10.170364,-15.283789,0.242979,0.178996,6.666667,4.000000,101.204819,1.666667,7.000000,46.508117,65.476190,52.749092,0.000000,-1.293614,-1.492963,0.199349,36.081026,21.684183,25.501810,-0.101297,-2.633441,-2.961907,0.480729,0.052512,6.180194,7.000000,127.692308,0.882885,4.000000,34.966462,30.588235,22.811501,1.000000,-1.685808,-1.601192,-0.084616,38.130552,8.842113,30.257749,-2.835154,-5.570384,-5.444452,0.043455,0.060388,5.086072,3.000000,26.859504,1.695357,3.000000,40.081377,53.409091,54.915825,1.000000,-1.637666,-1.790464,0.152797,35.576675,15.696507,26.803575,-1.254126,-3.727200,-2.609491,0.242604,0.048120,15.921053,45.000000,212.280702,0.353801,4.000000,29.105056,26.666667,14.126984,0.000000,-2.024183,-1.876531,-0.147651,37.391464,9.465055,32.575458,-3.444213,-6.026782,-4.499071,0.035846,0.071733,8.108108,3.000000,76.000000,2.702703,3.000000,53.367959,50.000000,43.333333,0.000000,0.647787,0.974630,-0.326843,19.376691,18.776543,18.692730,1.009556,3.929023,9.275187,0.608675,0.093844,9.640103,6.000000,81.521739,1.606684,2.000000,52.008641,40.666667,17.869937,0.000000,0.692496,1.354946,-0.662451,22.018338,15.421035,24.788592,0.219357,3.436442,8.674109,0.522147,0.099261,13.411079,17.000000,117.948718,0.788887,1.000000,67.085910,91.549296,90.793093,0.000000,2.200187,1.856800,0.343387,25.082624,26.630218,13.309113,4.617805,8.911550,13.689234,0.928542,0.112973,10.209424,8.000000,69.642857,1.276178,2.000000,17.177914,12.000000,189.830508,1.431493,1.000000,8.298172,0.000000,31.216931,0.000000,7.000000,36.206897,29.000000,198.947368,1.248514,7.000000,15.397083,10.000000,139.705882,1.539708,4.000000,12.386157,14.000000,32.380952,0.884725,3.000000,27.667984,27.000000,,1.024740,0.000000,0.000000,0.000000,,0.000000,0.000000,,,,,,,,,,,,,,,,,,,,,3.000000,7.000000,20.000000,-1.000000,,,,0.000000,60.000000,60.000000,0.000000,0.000000,0.000000,0.000000,0.000000,0.000000,0.000000,0.000000,0.500000,0.000000,,0.000000,,0.000000,25.000000,25.000000,0.000000,0.000000,0.000000,0.000000,0.000000,0.000000,0.000000,0.000000,0.500000,0.000000,0.628325,0.080645,125.000000,247.619048,26.859504,4.417168,0.972791
2023-02-01T18:30:00Z,0.743742,no_impulse,0,BAJFINANCE,1d,-1.000000,109.090909,6.924979,3.000000,2.308326,-4.474992,-9.678798,-15.555921,6.778169,1.000000,37.019231,6.778169,3.000000,44.591776,87.179487,37.115385,0.000000,-2.734068,-2.945437,0.211368,38.609134,19.854887,30.792311,-0.267112,-5.199933,-10.202220,0.483453,0.160993,15.476190,19.000000,247.619048,0.814536,4.000000,24.349792,20.000000,8.824786,0.000000,-3.224461,-3.133618,-0.090844,39.917889,11.083115,36.495715,-4.822444,-10.170364,-15.283789,0.242979,0.178996,6.666667,4.000000,101.204819,1.666667,7.000000,46.508117,65.476190,52.749092,0.000000,-1.293614,-1.492963,0.199349,36.081026,21.684183,25.501810,-0.101297,-2.633441,-2.961907,0.480729,0.052512,6.180194,7.000000,127.692308,0.882885,4.000000,34.966462,30.588235,22.811501,1.000000,-1.685808,-1.601192,-0.084616,38.130552,8.842113,30.257749,-2.835154,-5.570384,-5.444452,0.043455,0.060388,5.086072,3.000000,26.859504,1.695357,3.000000,40.081377,53.409091,54.915825,1.000000,-1.637666,-1.790464,0.152797,35.576675,15.696507,26.803575,-1.254126,-3.727200,-2.609491,0.242604,0.048120,15.921053,45.000000,212.280702,0.353801,4.000000,29.105056,26.666667,14.126984,0.000000,-2.024183,-1.876531,-0.147651,37.391464,9.465055,32.575458,-3.444213,-6.026782,-4.499071,0.035846,0.071733,8.108108,3.000000,76.000000,2.702703,3.000000,53.367959,50.000000,43.333333,0.000000,0.647787,0.974630,-0.326843,19.376691,18.776543,18.692730,1.009556,3.929023,9.275187,0.608675,0.093844,9.640103,6.000000,81.521739,1.606684,2.000000,52.008641,40.666667,17.869937,0.000000,0.692496,1.354946,-0.662451,22.018338,15.421035,24.788592,0.219357,3.436442,8.674109,0.522147,0.099261,13.411079,17.000000,117.948718,0.788887,1.000000,10.209424,8.000000,69.642857,1.276178,2.000000,17.177914,12.000000,189.830508,1.431493,1.000000,8.298172,0.000000,31.216931,0.000000,7.000000,36.206897,29.000000,198.947368,1.248514,7.000000,15.397083,10.000000,139.705882,1.539708,4.000000,12.386157,14.000000,32.380952,0.884725,3.000000,27.667984,27.000000,,1.024740,0.000000,0.000000,0.000000,,0.000000,0.000000,,,,,,,,,,,,,,,,4.000000,8.000000,23.000000,-1.000000,,,,0.000000,60.000000,60.000000,0.000000,0.000000,0.000000,0.000000,0.000000,0.000000,0.000000,0.000000,0.500000,0.000000,,0.000000,,0.000000,25.000000,25.000000,0.000000,0.000000,0.000000,0.000000,0.000000,0.000000,0.000000,0.000000,0.500000,0.000000,0.710421,0.265487,128.000000,247.619048,26.859504,3.944448,1.063769
2023-02-09T18:30:00Z,0.860343,no_impulse,0,BAJFINANCE,1d,1.000000,210.714286,15.677591,6.000000,2.612932,4.994675,2.538252,-2.396294,6.924979,3.000000,109.090909,2.308326,4.000000,32.880866,17.647059,35.796883,1.000000,-2.766660,-2.921537,0.154877,37.271396,14.503203,32.693166,-4.474992,-9.678798,-15.555921,-0.163724,0.064535,6.778169,1.000000,37.019231,6.778169,3.000000,44.591776,87.179487,37.115385,0.000000,-2.734068,-2.945437,0.211368,38.609134,19.854887,30.792311,-0.267112,-5.199933,-10.202220,0.483453,0.160993,15.476190,19.000000,247.619048,0.814536,4.000000,24.349792,20.000000,8.824786,0.000000,-3.224461,-3.133618,-0.090844,39.917889,11.083115,36.495715,-4.822444,-10.170364,-15.283789,0.242979,0.178996,6.666667,4.000000,101.204819,1.666667,7.000000,46.508117,65.476190,52.749092,0.000000,-1.293614,-1.492963,0.199349,36.081026,21.684183,25.501810,-0.101297,-2.633441,-2.961907,0.480729,0.052512,6.180194,7.000000,127.692308,0.882885,4.000000,34.966462,30.588235,22.811501,1.000000,-1.685808,-1.601192,-0.084616,38.130552,8.842113,30.257749,-2.835154,-5.570384,-5.444452,0.043455,0.060388,5.086072,3.000000,26.859504,1.695357,3.000000,40.081377,53.409091,54.915825,1.000000,-1.637666,-1.790464,0.152797,35.576675,15.696507,26.803575,-1.254126,-3.727200,-2.609491,0.242604,0.048120,15.921053,45.000000,212.280702,0.353801,4.000000,29.105056,26.666667,14.126984,0.000000,-2.024183,-1.876531,-0.147651,37.391464,9.465055,32.575458,-3.444213,-6.026782,-4.499071,0.035846,0.071733,8.108108,3.000000,76.000000,2.702703,3.000000,53.367959,50.000000,43.333333,0.000000,0.647787,0.974630,-0.326843,19.376691,18.776543,18.692730,1.009556,3.929023,9.275187,0.608675,0.093844,9.640103,6.000000,81.521739,1.606684,2.000000,13.411079,17.000000,117.948718,0.788887,1.000000,10.209424,8.000000,69.642857,1.276178,2.000000,17.177914,12.000000,189.830508,1.431493,1.000000,8.298172,0.000000,31.216931,0.000000,7.000000,36.206897,29.000000,198.947368,1.248514,7.000000,15.397083,10.000000,139.705882,1.539708,4.000000,12.386157,14.000000,32.380952,0.884725,3.000000,27.667984,27.000000,,1.024740,0.000000,0.000000,0.000000,,0.000000,0.000000,,,,,,,,,,,7.000000,9.000000,29.000000,-1.000000,,,,0.000000,60.000000,60.000000,0.000000,0.000000,0.000000,0.000000,0.000000,0.000000,0.000000,0.000000,0.500000,0.000000,,0.000000,,0.000000,25.000000,25.000000,0.000000,0.000000,0.000000,0.000000,0.000000,0.000000,0.000000,0.000000,0.500000,0.000000,1.664418,0.555556,134.000000,247.619048,26.859504,4.037379,1.627137
2023-03-19T18:30:00Z,0.722661,no_impulse,0,BAJFINANCE,1d,-1.000000,118.079096,16.003063,25.000000,0.640123,-6.894064,-10.129272,-16.677957,15.677591,6.000000,210.714286,2.612932,7.000000,62.746907,89.265537,93.680631,0.000000,0.273785,-1.159896,1.433681,29.355946,34.834338,20.200624,4.994675,2.538252,-2.396294,0.892260,0.134025,6.924979,3.000000,109.090909,2.308326,4.000000,32.880866,17.647059,35.796883,1.000000,-2.766660,-2.921537,0.154877,37.271396,14.503203,32.693166,-4.474992,-9.678798,-15.555921,-0.163724,0.064535,6.778169,1.000000,37.019231,6.778169,3.000000,44.591776,87.179487,37.115385,0.000000,-2.734068,-2.945437,0.211368,38.609134,19.854887,30.792311,-0.267112,-5.199933,-10.202220,0.483453,0.160993,15.476190,19.000000,247.619048,0.814536,4.000000,24.349792,20.000000,8.824786,0.000000,-3.224461,-3.133618,-0.090844,39.917889,11.083115,36.495715,-4.822444,-10.170364,-15.283789,0.242979,0.178996,6.666667,4.000000,101.204819,1.666667,7.000000,46.508117,65.476190,52.749092,0.000000,-1.293614,-1.492963,0.199349,36.081026,21.684183,25.501810,-0.101297,-2.633441,-2.961907,0.480729,0.052512,6.180194,7.000000,127.692308,0.882885,4.000000,34.966462,30.588235,22.811501,1.000000,-1.685808,-1.601192,-0.084616,38.130552,8.842113,30.257749,-2.835154,-5.570384,-5.444452,0.043455,0.060388,5.086072,3.000000,26.859504,1.695357,3.000000,40.081377,53.409091,54.915825,1.000000,-1.637666,-1.790464,0.152797,35.576675,15.696507,26.803575,-1.254126,-3.727200,-2.609491,0.242604,0.048120,15.921053,45.000000,212.280702,0.353801,4.000000,29.105056,26.666667,14.126984,0.000000,-2.024183,-1.876531,-0.147651,37.391464,9.465055,32.575458,-3.444213,-6.026782,-4.499071,0.035846,0.071733,8.108108,3.000000,76.000000,2.702703,3.000000,9.640103,6.000000,81.521739,1.606684,2.000000,13.411079,17.000000,117.948718,0.788887,1.000000,10.209424,8.000000,69.642857,1.276178,2.000000,17.177914,12.000000,189.830508,1.431493,1.000000,8.298172,0.000000,31.216931,0.000000,7.000000,36.206897,29.000000,198.947368,1.248514,7.000000,15.397083,10.000000,139.705882,1.539708,4.000000,12.386157,14.000000,32.380952,0.884725,3.000000,27.667984,27.000000,,1.024740,0.000000,0.000000,0.000000,,0.000000,0.000000,,,,,,4.000000,10.000000,25.000000,-1.000000,,,,0.000000,60.000000,60.000000,0.000000,0.000000,0.000000,0.000000,0.000000,0.000000,0.000000,0.000000,0.500000,0.000000,,0.000000,,0.000000,25.000000,25.000000,0.000000,0.000000,0.000000,0.000000,0.000000,0.000000,0.000000,0.000000,0.500000,0.000000,1.659051,2.577320,159.000000,247.619048,26.859504,4.338743,1.037344
2023-03-22T18:30:00Z,0.777339,no_impulse,0,BAJFINANCE,1d,1.000000,39.712919,7.566089,3.000000,2.522030,-1.150594,-4.221386,-10.727687,16.003063,25.000000,118.079096,0.640123,4.000000,24.525967,8.496732,9.224120,0.000000,-2.614505,-1.699604,-0.914902,30.612605,13.768597,39.208242,-6.894064,-10.129272,-16.677957,0.089418,0.157081,15.677591,6.000000,210.714286,2.612932,7.000000,62.746907,89.265537,93.680631,0.000000,0.273785,-1.159896,1.433681,29.355946,34.834338,20.200624,4.994675,2.538252,-2.396294,0.892260,0.134025,6.924979,3.000000,109.090909,2.308326,4.000000,32.880866,17.647059,35.796883,1.000000,-2.766660,-2.921537,0.154877,37.271396,14.503203,32.693166,-4.474992,-9.678798,-15.555921,-0.163724,0.064535,6.778169,1.000000,37.019231,6.778169,3.000000,44.591776,87.179487,37.115385,0.000000,-2.734068,-2.945437,0.211368,38.609134,19.854887,30.792311,-0.267112,-5.199933,-10.202220,0.483453,0.160993,15.476190,19.000000,247.619048,0.814536,4.000000,24.349792,20.000000,8.824786,0.000000,-3.224461,-3.133618,-0.090844,39.917889,11.083115,36.495715,-4.822444,-10.170364,-15.283789,0.242979,0.178996,6.666667,4.000000,101.204819,1.666667,7.000000,46.508117,65.476190,52.749092,0.000000,-1.293614,-1.492963,0.199349,36.081026,21.684183,25.501810,-0.101297,-2.633441,-2.961907,0.480729,0.052512,6.180194,7.000000,127.692308,0.882885,4.000000,34.966462,30.588235,22.811501,1.000000,-1.685808,-1.601192,-0.084616,38.130552,8.842113,30.257749,-2.835154,-5.570384,-5.444452,0.043455,0.060388,5.086072,3.000000,26.859504,1.695357,3.000000,40.081377,53.409091,54.915825,1.000000,-1.637666,-1.790464,0.152797,35.576675,15.696507,26.803575,-1.254126,-3.727200,-2.609491,0.242604,0.048120,15.921053,45.000000,212.280702,0.353801,4.000000,8.108108,3.000000,76.000000,2.702703,3.000000,9.640103,6.000000,81.521739,1.606684,2.000000,13.411079,17.000000,117.948718,0.788887,1.000000,10.209424,8.000000,69.642857,1.276178,2.000000,17.177914,12.000000,189.830508,1.431493,1.000000,8.298172,0.000000,31.216931,0.000000,7.000000,36.206897,29.000000,198.947368,1.248514,7.000000,15.397083,10.000000,139.705882,1.539708,4.000000,12.386157,14.000000,32.380952,0.884725,3.000000,27.667984,27.000000,,1.024740,0.000000,0.000000,0.000000,,0.000000,0.000000,3.000000,11.000000,28.000000,-1.000000,,,,0.000000,60.000000,60.000000,0.000000,0.000000,0.000000,0.000000,0.000000,0.000000,0.000000,0.000000,0.500000,0.000000,,0.000000,,0.000000,25.000000,25.000000,0.000000,0.000000,0.000000,0.000000,0.000000,0.000000,0.000000,0.000000,0.500000,0.000000,0.735843,0.258621,162.000000,247.619048,26.859504,4.781757,1.334864
2023-03-27T18:30:00Z,0.727273,no_impulse,0,BAJFINANCE,1d,-1.000000,91.566265,6.440678,3.000000,2.146893,-5.092553,-8.783131,-16.167746,7.566089,3.000000,39.712919,2.522030,3.000000,43.634095,49.640288,42.983544,1.000000,-2.080305,-1.923481,-0.156825,30.808769,19.847101,30.894348,-1.150594,-4.221386,-10.727687,0.416850,0.136801,16.003063,25.000000,118.079096,0.640123,4.000000,24.525967,8.496732,9.224120,0.000000,-2.614505,-1.699604,-0.914902,30.612605,13.768597,39.208242,-6.894064,-10.129272,-16.677957,0.089418,0.157081,15.677591,6.000000,210.714286,2.612932,7.000000,62.746907,89.265537,93.680631,0.000000,0.273785,-1.159896,1.433681,29.355946,34.834338,20.200624,4.994675,2.538252,-2.396294,0.892260,0.134025,6.924979,3.000000,109.090909,2.308326,4.000000,32.880866,17.647059,35.796883,1.000000,-2.766660,-2.921537,0.154877,37.271396,14.503203,32.693166,-4.474992,-9.678798,-15.555921,-0.163724,0.064535,6.778169,1.000000,37.019231,6.778169,3.000000,44.591776,87.179487,37.115385,0.000000,-2.734068,-2.945437,0.211368,38.609134,19.854887,30.792311,-0.267112,-5.199933,-10.202220,0.483453,0.160993,15.476190,19.000000,247.619048,0.814536,4.000000,24.349792,20.000000,8.824786,0.000000,-3.224461,-3.133618,-0.090844,39.917889,11.083115,36.495715,-4.822444,-10.170364,-15.283789,0.242979,0.178996,6.666667,4.000000,101.204819,1.666667,7.000000,46.508117,65.476190,52.749092,0.000000,-1.293614,-1.492963,0.199349,36.081026,21.684183,25.501810,-0.101297,-2.633441,-2.961907,0.480729,0.052512,6.180194,7.000000,127.692308,0.882885,4.000000,34.966462,30.588235,22.811501,1.000000,-1.685808,-1.601192,-0.084616,38.130552,8.842113,30.257749,-2.835154,-5.570384,-5.444452,0.043455,0.060388,5.086072,3.000000,26.859504,1.695357,3.000000,15.921053,45.000000,212.280702,0.353801,4.000000,8.108108,3.000000,76.000000,2.702703,3.000000,9.640103,6.000000,81.521739,1.606684,2.000000,13.411079,17.000000,117.948718,0.788887,1.000000,10.209424,8.000000,69.642857,1.276178,2.000000,17.177914,12.000000,189.830508,1.431493,1.000000,8.298172,0.000000,31.216931,0.000000,7.000000,36.206897,29.000000,198.947368,1.248514,7.000000,15.397083,10.000000,139.705882,1.539708,4.000000,12.386157,14.000000,32.380952,0.884725,3.000000,27.667984,27.000000,,1.024740,0.000000,2.000000,1.000000,31.000000,-1.000000,,,,0.000000,60.000000,60.000000,0.000000,0.000000,0.000000,0.000000,0.000000,0.000000,0.000000,0.000000,0.500000,0.000000,,0.000000,,0.000000,25.000000,25.000000,0.000000,0.000000,0.000000,0.000000,0.000000,0.000000,0.000000,0.000000,0.500000,0.000000,0.629710,0.258621,165.000000,247.619048,26.859504,4.812115,1.345018
2023-06-18T18:30:00Z,0.974967,no_impulse,0,BAJFINANCE,1d,1.000000,494.736842,34.057971,54.000000,0.630703,4.905528,9.171737,12.003688,6.440678,3.000000,91.566265,2.146893,2.000000,32.730377,9.009009,16.343029,1.000000,-2.549445,-2.222146,-0.327299,31.784684,15.724268,36.075307,-5.092553,-8.783131,-16.167746,0.138940,0.134210,7.566089,3.000000,39.712919,2.522030,3.000000,43.634095,49.640288,42.983544,1.000000,-2.080305,-1.923481,-0.156825,30.808769,19.847101,30.894348,-1.150594,-4.221386,-10.727687,0.416850,0.136801,16.003063,25.000000,118.079096,0.640123,4.000000,24.525967,8.496732,9.224120,0.000000,-2.614505,-1.699604,-0.914902,30.612605,13.768597,39.208242,-6.894064,-10.129272,-16.677957,0.089418,0.157081,15.677591,6.000000,210.714286,2.612932,7.000000,62.746907,89.265537,93.680631,0.000000,0.273785,-1.159896,1.433681,29.355946,34.834338,20.200624,4.994675,2.538252,-2.396294,0.892260,0.134025,6.924979,3.000000,109.090909,2.308326,4.000000,32.880866,17.647059,35.796883,1.000000,-2.766660,-2.921537,0.154877,37.271396,14.503203,32.693166,-4.474992,-9.678798,-15.555921,-0.163724,0.064535,6.778169,1.000000,37.019231,6.778169,3.000000,44.591776,87.179487,37.115385,0.000000,-2.734068,-2.945437,0.211368,38.609134,19.854887,30.792311,-0.267112,-5.199933,-10.202220,0.483453,0.160993,15.476190,19.000000,247.619048,0.814536,4.000000,24.349792,20.000000,8.824786,0.000000,-3.224461,-3.133618,-0.090844,39.917889,11.083115,36.495715,-4.822444,-10.170364,-15.283789,0.242979,0.178996,6.666667,4.000000,101.204819,1.666667,7.000000,46.508117,65.476190,52.749092,0.000000,-1.293614,-1.492963,0.199349,36.081026,21.684183,25.501810,-0.101297,-2.633441,-2.961907,0.480729,0.052512,6.180194,7.000000,127.692308,0.882885,4.000000,5.086072,3.000000,26.859504,1.695357,3.000000,15.921053,45.000000,212.280702,0.353801,4.000000,8.108108,3.000000,76.000000,2.702703,3.000000,9.640103,6.000000,81.521739,1.606684,2.000000,13.411079,17.000000,117.948718,0.788887,1.000000,10.209424,8.000000,69.642857,1.276178,2.000000,17.177914,12.000000,189.830508,1.431493,1.000000,8.298172,0.000000,31.216931,0.000000,7.000000,36.206897,29.000000,198.947368,1.248514,7.000000,15.397083,10.000000,139.705882,1.539708,4.000000,12.386157,14.000000,32.380952,0.884725,3.000000,1.000000,2.000000,85.000000,-1.000000,,,,78.931026,96.808511,88.859542,2.325302,2.313041,0.012261,60.872758,38.813133,7.406551,4.883470,9.156678,1.144827,0.079621,,0.000000,,0.000000,25.000000,25.000000,0.000000,0.000000,0.000000,0.000000,0.000000,0.000000,0.000000,0.000000,0.500000,0.000000,3.670052,7.297297,219.000000,247.619048,26.859504,4.488917,1.021412
2023-06-25T18:30:00Z,0.915020,no_impulse,0,BAJFINANCE,1d,-1.000000,24.202128,6.148649,5.000000,1.229730,-0.652436,3.187743,6.749307,34.057971,54.000000,494.736842,0.630703,1.000000,77.970637,96.808511,88.859542,1.000000,2.376389,2.385808,-0.009419,53.518943,39.522906,8.284535,4.905528,9.171737,12.003688,1.147739,0.079640,6.440678,3.000000,91.566265,2.146893,2.000000,32.730377,9.009009,16.343029,1.000000,-2.549445,-2.222146,-0.327299,31.784684,15.724268,36.075307,-5.092553,-8.783131,-16.167746,0.138940,0.134210,7.566089,3.000000,39.712919,2.522030,3.000000,43.634095,49.640288,42.983544,1.000000,-2.080305,-1.923481,-0.156825,30.808769,19.847101,30.894348,-1.150594,-4.221386,-10.727687,0.416850,0.136801,16.003063,25.000000,118.079096,0.640123,4.000000,24.525967,8.496732,9.224120,0.000000,-2.614505,-1.699604,-0.914902,30.612605,13.768597,39.208242,-6.894064,-10.129272,-16.677957,0.089418,0.157081,15.677591,6.000000,210.714286,2.612932,7.000000,62.746907,89.265537,93.680631,0.000000,0.273785,-1.159896,1.433681,29.355946,34.834338,20.200624,4.994675,2.538252,-2.396294,0.892260,0.134025,6.924979,3.000000,109.090909,2.308326,4.000000,32.880866,17.647059,35.796883,1.000000,-2.766660,-2.921537,0.154877,37.271396,14.503203,32.693166,-4.474992,-9.678798,-15.555921,-0.163724,0.064535,6.778169,1.000000,37.019231,6.778169,3.000000,44.591776,87.179487,37.115385,0.000000,-2.734068,-2.945437,0.211368,38.609134,19.854887,30.792311,-0.267112,-5.199933,-10.202220,0.483453,0.160993,15.476190,19.000000,247.619048,0.814536,4.000000,24.349792,20.000000,8.824786,0.000000,-3.224461,-3.133618,-0.090844,39.917889,11.083115,36.495715,-4.822444,-10.170364,-15.283789,0.242979,0.178996,6.666667,4.000000,101.204819,1.666667,7.000000,6.180194,7.000000,127.692308,0.882885,4.000000,5.086072,3.000000,26.859504,1.695357,3.000000,15.921053,45.000000,212.280702,0.353801,4.000000,8.108108,3.000000,76.000000,2.702703,3.000000,9.640103,6.000000,81.521739,1.606684,2.000000,13.411079,17.000000,117.948718,0.788887,1.000000,10.209424,8.000000,69.642857,1.276178,2.000000,17.177914,12.000000,189.830508,1.431493,1.000000,8.298172,0.000000,31.216931,0.000000,7.000000,36.206897,29.000000,198.947368,1.248514,7.000000,15.397083,10.000000,139.705882,1.539708,4.000000,2.000000,3.000000,90.000000,-1.000000,,,,50.946405,12.087912,9.531685,1.436389,2.047323,-0.610934,52.945742,25.107953,18.836405,-0.666545,3.174737,0.384326,0.057241,,0.000000,,0.000000,25.000000,25.000000,0.000000,0.000000,0.000000,0.000000,0.000000,0.000000,0.000000,0.000000,0.500000,0.000000,0.504933,0.400000,5.000000,494.736842,37.019231,8.779882,1.245019
2023-07-04T18:30:00Z,1.054018,no_impulse,0,BAJFINANCE,1d,1.000000,231.868132,15.190785,6.000000,2.531797,7.869032,11.849737,16.100692,6.148649,5.000000,24.202128,1.229730,2.000000,51.089235,12.087912,9.531685,0.000000,1.473374,2.100610,-0.627236,47.542529,25.679046,19.315170,-0.652436,3.187743,6.749307,0.386775,0.057249,34.057971,54.000000,494.736842,0.630703,1.000000,77.970637,96.808511,88.859542,1.000000,2.376389,2.385808,-0.009419,53.518943,39.522906,8.284535,4.905528,9.171737,12.003688,1.147739,0.079640,6.440678,3.000000,91.566265,2.146893,2.000000,32.730377,9.009009,16.343029,1.000000,-2.549445,-2.222146,-0.327299,31.784684,15.724268,36.075307,-5.092553,-8.783131,-16.167746,0.138940,0.134210,7.566089,3.000000,39.712919,2.522030,3.000000,43.634095,49.640288,42.983544,1.000000,-2.080305,-1.923481,-0.156825,30.808769,19.847101,30.894348,-1.150594,-4.221386,-10.727687,0.416850,0.136801,16.003063,25.000000,118.079096,0.640123,4.000000,24.525967,8.496732,9.224120,0.000000,-2.614505,-1.699604,-0.914902,30.612605,13.768597,39.208242,-6.894064,-10.129272,-16.677957,0.089418,0.157081,15.677591,6.000000,210.714286,2.612932,7.000000,62.746907,89.265537,93.680631,0.000000,0.273785,-1.159896,1.433681,29.355946,34.834338,20.200624,4.994675,2.538252,-2.396294,0.892260,0.134025,6.924979,3.000000,109.090909,2.308326,4.000000,32.880866,17.647059,35.796883,1.000000,-2.766660,-2.921537,0.154877,37.271396,14.503203,32.693166,-4.474992,-9.678798,-15.555921,-0.163724,0.064535,6.778169,1.000000,37.019231,6.778169,3.000000,44.591776,87.179487,37.115385,0.000000,-2.734068,-2.945437,0.211368,38.609134,19.854887,30.792311,-0.267112,-5.199933,-10.202220,0.483453,0.160993,15.476190,19.000000,247.619048,0.814536,4.000000,6.666667,4.000000,101.204819,1.666667,7.000000,6.180194,7.000000,127.692308,0.882885,4.000000,5.086072,3.000000,26.859504,1.695357,3.000000,15.921053,45.000000,212.280702,0.353801,4.000000,8.108108,3.000000,76.000000,2.702703,3.000000,9.640103,6.000000,81.521739,1.606684,2.000000,13.411079,17.000000,117.948718,0.788887,1.000000,10.209424,8.000000,69.642857,1.276178,2.000000,17.177914,12.000000,189.830508,1.431493,1.000000,8.298172,0.000000,31.216931,0.000000,7.000000,36.206897,29.000000,198.947368,1.248514,7.000000,1.000000,4.000000,96.000000,-1.000000,,,,77.584888,84.834123,87.765221,2.321684,1.657588,0.664096,50.370270,51.815201,8.872211,7.862123,11.840602,1.139898,0.133349,,0.000000,,0.000000,25.000000,25.000000,0.000000,0.000000,0.000000,0.000000,0.000000,0.000000,0.000000,0.000000,0.500000,0.000000,1.247805,0.487805,11.000000,494.736842,24.202128,8.782281,1.188565
2023-07-25T18:30:00Z,0.965744,no_impulse,0,BAJFINANCE,1d,-1.000000,63.507109,8.375000,15.000000,0.558333,-0.467462,3.193525,9.673049,15.190785,6.000000,231.868132,2.531797,1.000000,77.333489,84.834123,87.765221,1.000000,2.342619,1.688006,0.654612,46.709760,51.984004,9.136484,7.869032,11.849737,16.100692,1.140461,0.133359,6.148649,5.000000,24.202128,1.229730,2.000000,51.089235,12.087912,9.531685,0.000000,1.473374,2.100610,-0.627236,47.542529,25.679046,19.315170,-0.652436,3.187743,6.749307,0.386775,0.057249,34.057971,54.000000,494.736842,0.630703,1.000000,77.970637,96.808511,88.859542,1.000000,2.376389,2.385808,-0.009419,53.518943,39.522906,8.284535,4.905528,9.171737,12.003688,1.147739,0.079640,6.440678,3.000000,91.566265,2.146893,2.000000,32.730377,9.009009,16.343029,1.000000,-2.549445,-2.222146,-0.327299,31.784684,15.724268,36.075307,-5.092553,-8.783131,-16.167746,0.138940,0.134210,7.566089,3.000000,39.712919,2.522030,3.000000,43.634095,49.640288,42.983544,1.000000,-2.080305,-1.923481,-0.156825,30.808769,19.847101,30.894348,-1.150594,-4.221386,-10.727687,0.416850,0.136801,16.003063,25.000000,118.079096,0.640123,4.000000,24.525967,8.496732,9.224120,0.000000,-2.614505,-1.699604,-0.914902,30.612605,13.768597,39.208242,-6.894064,-10.129272,-16.677957,0.089418,0.157081,15.677591,6.000000,210.714286,2.612932,7.000000,62.746907,89.265537,93.680631,0.000000,0.273785,-1.159896,1.433681,29.355946,34.834338,20.200624,4.994675,2.538252,-2.396294,0.892260,0.134025,6.924979,3.000000,109.090909,2.308326,4.000000,32.880866,17.647059,35.796883,1.000000,-2.766660,-2.921537,0.154877,37.271396,14.503203,32.693166,-4.474992,-9.678798,-15.555921,-0.163724,0.064535,6.778169,1.000000,37.019231,6.778169,3.000000,15.476190,19.000000,247.619048,0.814536,4.000000,6.666667,4.000000,101.204819,1.666667,7.000000,6.180194,7.000000,127.692308,0.882885,4.000000,5.086072,3.000000,26.859504,1.695357,3.000000,15.921053,45.000000,212.280702,0.353801,4.000000,8.108108,3.000000,76.000000,2.702703,3.000000,9.640103,6.000000,81.521739,1.606684,2.000000,13.411079,17.000000,117.948718,0.788887,1.000000,10.209424,8.000000,69.642857,1.276178,2.000000,17.177914,12.000000,189.830508,1.431493,1.000000,8.298172,0.000000,31.216931,0.000000,7.000000,2.000000,5.000000,111.000000,-1.000000,,,,51.251024,23.809524,36.630037,1.389895,1.713459,-0.323565,34.824926,20.263433,21.057697,-0.469087,3.188236,0.453426,0.100249,,0.000000,,0.000000,25.000000,25.000000,0.000000,0.000000,0.000000,0.000000,0.000000,0.000000,0.000000,0.000000,0.500000,0.000000,0.642924,1.200000,26.000000,494.736842,24.202128,8.600131,1.845975
2023-07-25T18:30:00Z,1.019104,no_impulse,0,BAJFINANCE,1d,1.000000,60.447761,5.525239,0.000000,0.000000,-0.467462,3.193525,9.673049,8.375000,15.000000,63.507109,0.558333,2.000000,51.275825,23.809524,36.630037,0.000000,1.396901,1.723731,-0.326829,33.521584,20.353700,21.125913,-0.467462,3.193525,9.673049,0.453588,0.100250,15.190785,6.000000,231.868132,2.531797,1.000000,77.333489,84.834123,87.765221,1.000000,2.342619,1.688006,0.654612,46.709760,51.984004,9.136484,7.869032,11.849737,16.100692,1.140461,0.133359,6.148649,5.000000,24.202128,1.229730,2.000000,51.089235,12.087912,9.531685,0.000000,1.473374,2.100610,-0.627236,47.542529,25.679046,19.315170,-0.652436,3.187743,6.749307,0.386775,0.057249,34.057971,54.000000,494.736842,0.630703,1.000000,77.970637,96.808511,88.859542,1.000000,2.376389,2.385808,-0.009419,53.518943,39.522906,8.284535,4.905528,9.171737,12.003688,1.147739,0.079640,6.440678,3.000000,91.566265,2.146893,2.000000,32.730377,9.009009,16.343029,1.000000,-2.549445,-2.222146,-0.327299,31.784684,15.724268,36.075307,-5.092553,-8.783131,-16.167746,0.138940,0.134210,7.566089,3.000000,39.712919,2.522030,3.000000,43.634095,49.640288,42.983544,1.000000,-2.080305,-1.923481,-0.156825,30.808769,19.847101,30.894348,-1.150594,-4.221386,-10.727687,0.416850,0.136801,16.003063,25.000000,118.079096,0.640123,4.000000,24.525967,8.496732,9.224120,0.000000,-2.614505,-1.699604,-0.914902,30.612605,13.768597,39.208242,-6.894064,-10.129272,-16.677957,0.089418,0.157081,15.677591,6.000000,210.714286,2.612932,7.000000,62.746907,89.265537,93.680631,0.000000,0.273785,-1.159896,1.433681,29.355946,34.834338,20.200624,4.994675,2.538252,-2.396294,0.892260,0.134025,6.924979,3.000000,109.090909,2.308326,4.000000,6.778169,1.000000,37.019231,6.778169,3.000000,15.476190,19.000000,247.619048,0.814536,4.000000,6.666667,4.000000,101.204819,1.666667,7.000000,6.180194,7.000000,127.692308,0.882885,4.000000,5.086072,3.000000,26.859504,1.695357,3.000000,15.921053,45.000000,212.280702,0.353801,4.000000,8.108108,3.000000,76.000000,2.702703,3.000000,9.640103,6.000000,81.521739,1.606684,2.000000,13.411079,17.000000,117.948718,0.788887,1.000000,10.209424,8.000000,69.642857,1.276178,2.000000,17.177914,12.000000,189.830508,1.431493,1.000000,2.000000,6.000000,111.000000,-1.000000,,,,51.251024,23.809524,36.630037,1.389895,1.713459,-0.323565,34.824926,20.263433,21.057697,-0.469087,3.188236,0.453426,0.100249,,0.000000,,0.000000,25.000000,25.000000,0.000000,0.000000,0.000000,0.000000,0.000000,0.000000,0.000000,0.000000,0.500000,0.000000,0.448612,0.000000,26.000000,494.736842,24.202128,8.668281,0.618217
2023-08-20T18:30:00Z,0.895916,no_impulse,0,BAJFINANCE,1d,-1.000000,230.864198,12.087912,17.000000,0.711054,-1.305084,-1.393980,3.897527,5.525239,0.000000,60.447761,0.000000,2.000000,51.275825,23.809524,36.630037,0.000000,1.396901,1.723731,-0.326829,33.521584,20.353700,21.125913,-0.467462,3.193525,9.673049,0.453588,0.100250,8.375000,15.000000,63.507109,0.558333,2.000000,51.275825,23.809524,36.630037,0.000000,1.396901,1.723731,-0.326829,33.521584,20.353700,21.125913,-0.467462,3.193525,9.673049,0.453588,0.100250,15.190785,6.000000,231.868132,2.531797,1.000000,77.333489,84.834123,87.765221,1.000000,2.342619,1.688006,0.654612,46.709760,51.984004,9.136484,7.869032,11.849737,16.100692,1.140461,0.133359,6.148649,5.000000,24.202128,1.229730,2.000000,51.089235,12.087912,9.531685,0.000000,1.473374,2.100610,-0.627236,47.542529,25.679046,19.315170,-0.652436,3.187743,6.749307,0.386775,0.057249,34.057971,54.000000,494.736842,0.630703,1.000000,77.970637,96.808511,88.859542,1.000000,2.376389,2.385808,-0.009419,53.518943,39.522906,8.284535,4.905528,9.171737,12.003688,1.147739,0.079640,6.440678,3.000000,91.566265,2.146893,2.000000,32.730377,9.009009,16.343029,1.000000,-2.549445,-2.222146,-0.327299,31.784684,15.724268,36.075307,-5.092553,-8.783131,-16.167746,0.138940,0.134210,7.566089,3.000000,39.712919,2.522030,3.000000,43.634095,49.640288,42.983544,1.000000,-2.080305,-1.923481,-0.156825,30.808769,19.847101,30.894348,-1.150594,-4.221386,-10.727687,0.416850,0.136801,16.003063,25.000000,118.079096,0.640123,4.000000,24.525967,8.496732,9.224120,0.000000,-2.614505,-1.699604,-0.914902,30.612605,13.768597,39.208242,-6.894064,-10.129272,-16.677957,0.089418,0.157081,15.677591,6.000000,210.714286,2.612932,7.000000,6.924979,3.000000,109.090909,2.308326,4.000000,6.778169,1.000000,37.019231,6.778169,3.000000,15.476190,19.000000,247.619048,0.814536,4.000000,6.666667,4.000000,101.204819,1.666667,7.000000,6.180194,7.000000,127.692308,0.882885,4.000000,5.086072,3.000000,26.859504,1.695357,3.000000,15.921053,45.000000,212.280702,0.353801,4.000000,8.108108,3.000000,76.000000,2.702703,3.000000,9.640103,6.000000,81.521739,1.606684,2.000000,13.411079,17.000000,117.948718,0.788887,1.000000,10.209424,8.000000,69.642857,1.276178,2.000000,4.000000,1.000000,128.000000,-1.000000,,,,43.310332,47.169811,18.022453,-1.473831,-1.058123,-0.415708,33.347595,15.652712,22.645078,-1.305397,-1.396803,0.382021,0.109221,,0.000000,,0.000000,25.000000,25.000000,0.000000,0.000000,0.000000,0.000000,0.000000,0.000000,0.000000,0.000000,0.500000,0.000000,0.991544,1.416667,43.000000,494.736842,24.202128,8.765732,0.623638
2023-09-24T18:30:00Z,1.034256,no_impulse,0,BAJFINANCE,1d,1.000000,112.299465,15.441176,24.000000,0.643382,4.942923,6.556471,11.724958,12.087912,17.000000,230.864198,0.711054,4.000000,43.329739,47.169811,18.022453,1.000000,-1.471832,-1.055185,-0.416647,32.891669,15.683372,22.666320,-1.305084,-1.393980,3.897527,0.382049,0.109221,5.525239,0.000000,60.447761,0.000000,2.000000,51.275825,23.809524,36.630037,0.000000,1.396901,1.723731,-0.326829,33.521584,20.353700,21.125913,-0.467462,3.193525,9.673049,0.453588,0.100250,8.375000,15.000000,63.507109,0.558333,2.000000,51.275825,23.809524,36.630037,0.000000,1.396901,1.723731,-0.326829,33.521584,20.353700,21.125913,-0.467462,3.193525,9.673049,0.453588,0.100250,15.190785,6.000000,231.868132,2.531797,1.000000,77.333489,84.834123,87.765221,1.000000,2.342619,1.688006,0.654612,46.709760,51.984004,9.136484,7.869032,11.849737,16.100692,1.140461,0.133359,6.148649,5.000000,24.202128,1.229730,2.000000,51.089235,12.087912,9.531685,0.000000,1.473374,2.100610,-0.627236,47.542529,25.679046,19.315170,-0.652436,3.187743,6.749307,0.386775,0.057249,34.057971,54.000000,494.736842,0.630703,1.000000,77.970637,96.808511,88.859542,1.000000,2.376389,2.385808,-0.009419,53.518943,39.522906,8.284535,4.905528,9.171737,12.003688,1.147739,0.079640,6.440678,3.000000,91.566265,2.146893,2.000000,32.730377,9.009009,16.343029,1.000000,-2.549445,-2.222146,-0.327299,31.784684,15.724268,36.075307,-5.092553,-8.783131,-16.167746,0.138940,0.134210,7.566089,3.000000,39.712919,2.522030,3.000000,43.634095,49.640288,42.983544,1.000000,-2.080305,-1.923481,-0.156825,30.808769,19.847101,30.894348,-1.150594,-4.221386,-10.727687,0.416850,0.136801,16.003063,25.000000,118.079096,0.640123,4.000000,15.677591,6.000000,210.714286,2.612932,7.000000,6.924979,3.000000,109.090909,2.308326,4.000000,6.778169,1.000000,37.019231,6.778169,3.000000,15.476190,19.000000,247.619048,0.814536,4.000000,6.666667,4.000000,101.204819,1.666667,7.000000,6.180194,7.000000,127.692308,0.882885,4.000000,5.086072,3.000000,26.859504,1.695357,3.000000,15.921053,45.000000,212.280702,0.353801,4.000000,8.108108,3.000000,76.000000,2.702703,3.000000,9.640103,6.000000,81.521739,1.606684,2.000000,13.411079,17.000000,117.948718,0.788887,1.000000,7.000000,2.000000,152.000000,-1.000000,,,,73.926349,94.736842,71.749888,1.323854,0.954422,0.369432,21.911264,30.175606,10.464219,4.942897,6.555496,1.188116,0.075568,,0.000000,,0.000000,25.000000,25.000000,0.000000,0.000000,0.000000,0.000000,0.000000,0.000000,0.000000,0.000000,0.500000,0.000000,1.215142,1.791045,67.000000,494.736842,24.202128,8.570988,0.469122
2023-09-24T18:30:00Z,0.989460,no_impulse,0,BAJFINANCE,1d,-1.000000,32.380952,4.331210,0.000000,0.000000,4.942923,6.556471,11.724958,15.441176,24.000000,112.299465,0.643382,7.000000,73.921619,94.736842,71.749888,0.000000,1.324138,0.954840,0.369298,21.829482,30.179934,10.468674,4.942923,6.556471,11.724958,1.188120,0.075568,12.087912,17.000000,230.864198,0.711054,4.000000,43.329739,47.169811,18.022453,1.000000,-1.471832,-1.055185,-0.416647,32.891669,15.683372,22.666320,-1.305084,-1.393980,3.897527,0.382049,0.109221,5.525239,0.000000,60.447761,0.000000,2.000000,51.275825,23.809524,36.630037,0.000000,1.396901,1.723731,-0.326829,33.521584,20.353700,21.125913,-0.467462,3.193525,9.673049,0.453588,0.100250,8.375000,15.000000,63.507109,0.558333,2.000000,51.275825,23.809524,36.630037,0.000000,1.396901,1.723731,-0.326829,33.521584,20.353700,21.125913,-0.467462,3.193525,9.673049,0.453588,0.100250,15.190785,6.000000,231.868132,2.531797,1.000000,77.333489,84.834123,87.765221,1.000000,2.342619,1.688006,0.654612,46.709760,51.984004,9.136484,7.869032,11.849737,16.100692,1.140461,0.133359,6.148649,5.000000,24.202128,1.229730,2.000000,51.089235,12.087912,9.531685,0.000000,1.473374,2.100610,-0.627236,47.542529,25.679046,19.315170,-0.652436,3.187743,6.749307,0.386775,0.057249,34.057971,54.000000,494.736842,0.630703,1.000000,77.970637,96.808511,88.859542,1.000000,2.376389,2.385808,-0.009419,53.518943,39.522906,8.284535,4.905528,9.171737,12.003688,1.147739,0.079640,6.440678,3.000000,91.566265,2.146893,2.000000,32.730377,9.009009,16.343029,1.000000,-2.549445,-2.222146,-0.327299,31.784684,15.724268,36.075307,-5.092553,-8.783131,-16.167746,0.138940,0.134210,7.566089,3.000000,39.712919,2.522030,3.000000,16.003063,25.000000,118.079096,0.640123,4.000000,15.677591,6.000000,210.714286,2.612932,7.000000,6.924979,3.000000,109.090909,2.308326,4.000000,6.778169,1.000000,37.019231,6.778169,3.000000,15.476190,19.000000,247.619048,0.814536,4.000000,6.666667,4.000000,101.204819,1.666667,7.000000,6.180194,7.000000,127.692308,0.882885,4.000000,5.086072,3.000000,26.859504,1.695357,3.000000,15.921053,45.000000,212.280702,0.353801,4.000000,8.108108,3.000000,76.000000,2.702703,3.000000,9.640103,6.000000,81.521739,1.606684,2.000000,7.000000,3.000000,0.000000,-1.000000,,,,73.926349,94.736842,71.749888,1.323854,0.954422,0.369432,21.911264,30.175606,10.464219,4.942897,6.555496,1.188116,0.075568,,0.000000,,0.000000,25.000000,25.000000,0.000000,0.000000,0.000000,0.000000,0.000000,0.000000,0.000000,0.000000,0.500000,0.000000,0.341480,0.000000,67.000000,494.736842,24.202128,8.562206,1.112400
2023-10-05T18:30:00Z,1.079051,no_impulse,0,BAJFINANCE,1d,1.000000,200.000000,9.054594,8.000000,1.131824,5.828494,8.589428,14.578100,4.331210,0.000000,32.380952,0.000000,7.000000,73.921619,94.736842,71.749888,0.000000,1.324138,0.954840,0.369298,21.829482,30.179934,10.468674,4.942923,6.556471,11.724958,1.188120,0.075568,15.441176,24.000000,112.299465,0.643382,7.000000,73.921619,94.736842,71.749888,0.000000,1.324138,0.954840,0.369298,21.829482,30.179934,10.468674,4.942923,6.556471,11.724958,1.188120,0.075568,12.087912,17.000000,230.864198,0.711054,4.000000,43.329739,47.169811,18.022453,1.000000,-1.471832,-1.055185,-0.416647,32.891669,15.683372,22.666320,-1.305084,-1.393980,3.897527,0.382049,0.109221,5.525239,0.000000,60.447761,0.000000,2.000000,51.275825,23.809524,36.630037,0.000000,1.396901,1.723731,-0.326829,33.521584,20.353700,21.125913,-0.467462,3.193525,9.673049,0.453588,0.100250,8.375000,15.000000,63.507109,0.558333,2.000000,51.275825,23.809524,36.630037,0.000000,1.396901,1.723731,-0.326829,33.521584,20.353700,21.125913,-0.467462,3.193525,9.673049,0.453588,0.100250,15.190785,6.000000,231.868132,2.531797,1.000000,77.333489,84.834123,87.765221,1.000000,2.342619,1.688006,0.654612,46.709760,51.984004,9.136484,7.869032,11.849737,16.100692,1.140461,0.133359,6.148649,5.000000,24.202128,1.229730,2.000000,51.089235,12.087912,9.531685,0.000000,1.473374,2.100610,-0.627236,47.542529,25.679046,19.315170,-0.652436,3.187743,6.749307,0.386775,0.057249,34.057971,54.000000,494.736842,0.630703,1.000000,77.970637,96.808511,88.859542,1.000000,2.376389,2.385808,-0.009419,53.518943,39.522906,8.284535,4.905528,9.171737,12.003688,1.147739,0.079640,6.440678,3.000000,91.566265,2.146893,2.000000,7.566089,3.000000,39.712919,2.522030,3.000000,16.003063,25.000000,118.079096,0.640123,4.000000,15.677591,6.000000,210.714286,2.612932,7.000000,6.924979,3.000000,109.090909,2.308326,4.000000,6.778169,1.000000,37.019231,6.778169,3.000000,15.476190,19.000000,247.619048,0.814536,4.000000,6.666667,4.000000,101.204819,1.666667,7.000000,6.180194,7.000000,127.692308,0.882885,4.000000,5.086072,3.000000,26.859504,1.695357,3.000000,15.921053,45.000000,212.280702,0.353801,4.000000,8.108108,3.000000,76.000000,2.702703,3.000000,1.000000,1.000000,8.000000,-1.000000,,,,73.620814,97.385621,79.487003,2.195177,1.755251,0.439926,35.633568,36.322743,6.811057,5.828483,8.588751,1.026740,0.117500,,0.000000,,0.000000,25.000000,25.000000,0.000000,0.000000,0.000000,0.000000,0.000000,0.000000,0.000000,0.000000,0.500000,0.000000,0.786230,0.629921,75.000000,494.736842,24.202128,8.850135,1.095193
2023-11-14T18:30:00Z,0.938076,no_impulse,0,BAJFINANCE,1d,-1.000000,157.352941,13.064713,27.000000,0.483878,-4.019091,-4.500098,1.214576,9.054594,8.000000,200.000000,1.131824,1.000000,73.618848,97.385621,79.487003,0.000000,2.195324,1.755468,0.439857,35.584615,36.324688,6.813382,5.828494,8.589428,14.578100,1.026741,0.117500,4.331210,0.000000,32.380952,0.000000,7.000000,73.921619,94.736842,71.749888,0.000000,1.324138,0.954840,0.369298,21.829482,30.179934,10.468674,4.942923,6.556471,11.724958,1.188120,0.075568,15.441176,24.000000,112.299465,0.643382,7.000000,73.921619,94.736842,71.749888,0.000000,1.324138,0.954840,0.369298,21.829482,30.179934,10.468674,4.942923,6.556471,11.724958,1.188120,0.075568,12.087912,17.000000,230.864198,0.711054,4.000000,43.329739,47.169811,18.022453,1.000000,-1.471832,-1.055185,-0.416647,32.891669,15.683372,22.666320,-1.305084,-1.393980,3.897527,0.382049,0.109221,5.525239,0.000000,60.447761,0.000000,2.000000,51.275825,23.809524,36.630037,0.000000,1.396901,1.723731,-0.326829,33.521584,20.353700,21.125913,-0.467462,3.193525,9.673049,0.453588,0.100250,8.375000,15.000000,63.507109,0.558333,2.000000,51.275825,23.809524,36.630037,0.000000,1.396901,1.723731,-0.326829,33.521584,20.353700,21.125913,-0.467462,3.193525,9.673049,0.453588,0.100250,15.190785,6.000000,231.868132,2.531797,1.000000,77.333489,84.834123,87.765221,1.000000,2.342619,1.688006,0.654612,46.709760,51.984004,9.136484,7.869032,11.849737,16.100692,1.140461,0.133359,6.148649,5.000000,24.202128,1.229730,2.000000,51.089235,12.087912,9.531685,0.000000,1.473374,2.100610,-0.627236,47.542529,25.679046,19.315170,-0.652436,3.187743,6.749307,0.386775,0.057249,34.057971,54.000000,494.736842,0.630703,1.000000,6.440678,3.000000,91.566265,2.146893,2.000000,7.566089,3.000000,39.712919,2.522030,3.000000,16.003063,25.000000,118.079096,0.640123,4.000000,15.677591,6.000000,210.714286,2.612932,7.000000,6.924979,3.000000,109.090909,2.308326,4.000000,6.778169,1.000000,37.019231,6.778169,3.000000,15.476190,19.000000,247.619048,0.814536,4.000000,6.666667,4.000000,101.204819,1.666667,7.000000,6.180194,7.000000,127.692308,0.882885,4.000000,5.086072,3.000000,26.859504,1.695357,3.000000,15.921053,45.000000,212.280702,0.353801,4.000000,8.000000,1.000000,35.000000,-1.000000,,,,33.216490,20.192308,17.900411,-1.405413,-1.017461,-0.387952,23.702681,13.908017,31.427655,-4.019092,-4.500358,0.069789,0.089812,,0.000000,,0.000000,25.000000,25.000000,0.000000,0.000000,0.000000,0.000000,0.000000,0.000000,0.000000,0.000000,0.500000,0.000000,1.119962,2.045455,102.000000,494.736842,24.202128,8.788615,1.109236
2023-11-14T18:30:00Z,0.984848,no_impulse,0,BAJFINANCE,1d,1.000000,33.177570,4.985955,0.000000,0.000000,-4.019091,-4.500098,1.214576,13.064713,27.000000,157.352941,0.483878,8.000000,33.216913,20.192308,17.900411,0.000000,-1.405392,-1.017430,-0.387962,23.695013,13.908378,31.427861,-4.019091,-4.500098,1.214576,0.069789,0.089812,9.054594,8.000000,200.000000,1.131824,1.000000,73.618848,97.385621,79.487003,0.000000,2.195324,1.755468,0.439857,35.584615,36.324688,6.813382,5.828494,8.589428,14.578100,1.026741,0.117500,4.331210,0.000000,32.380952,0.000000,7.000000,73.921619,94.736842,71.749888,0.000000,1.324138,0.954840,0.369298,21.829482,30.179934,10.468674,4.942923,6.556471,11.724958,1.188120,0.075568,15.441176,24.000000,112.299465,0.643382,7.000000,73.921619,94.736842,71.749888,0.000000,1.324138,0.954840,0.369298,21.829482,30.179934,10.468674,4.942923,6.556471,11.724958,1.188120,0.075568,12.087912,17.000000,230.864198,0.711054,4.000000,43.329739,47.169811,18.022453,1.000000,-1.471832,-1.055185,-0.416647,32.891669,15.683372,22.666320,-1.305084,-1.393980,3.897527,0.382049,0.109221,5.525239,0.000000,60.447761,0.000000,2.000000,51.275825,23.809524,36.630037,0.000000,1.396901,1.723731,-0.326829,33.521584,20.353700,21.125913,-0.467462,3.193525,9.673049,0.453588,0.100250,8.375000,15.000000,63.507109,0.558333,2.000000,51.275825,23.809524,36.630037,0.000000,1.396901,1.723731,-0.326829,33.521584,20.353700,21.125913,-0.467462,3.193525,9.673049,0.453588,0.100250,15.190785,6.000000,231.868132,2.531797,1.000000,77.333489,84.834123,87.765221,1.000000,2.342619,1.688006,0.654612,46.709760,51.984004,9.136484,7.869032,11.849737,16.100692,1.140461,0.133359,6.148649,5.000000,24.202128,1.229730,2.000000,34.057971,54.000000,494.736842,0.630703,1.000000,6.440678,3.000000,91.566265,2.146893,2.000000,7.566089,3.000000,39.712919,2.522030,3.000000,16.003063,25.000000,118.079096,0.640123,4.000000,15.677591,6.000000,210.714286,2.612932,7.000000,6.924979,3.000000,109.090909,2.308326,4.000000,6.778169,1.000000,37.019231,6.778169,3.000000,15.476190,19.000000,247.619048,0.814536,4.000000,6.666667,4.000000,101.204819,1.666667,7.000000,6.180194,7.000000,127.692308,0.882885,4.000000,5.086072,3.000000,26.859504,1.695357,3.000000,8.000000,2.000000,0.000000,-1.000000,,,,33.216490,20.192308,17.900411,-1.405413,-1.017461,-0.387952,23.702681,13.908017,31.427655,-4.019092,-4.500358,0.069789,0.089812,,0.000000,,0.000000,25.000000,25.000000,0.000000,0.000000,0.000000,0.000000,0.000000,0.000000,0.000000,0.000000,0.500000,0.000000,0.404451,0.000000,102.000000,494.736842,24.202128,8.598652,0.800213
2023-11-23T18:30:00Z,0.923584,no_impulse,0,BAJFINANCE,1d,-1.000000,130.985915,6.220736,7.000000,0.888677,-4.229098,-6.095138,-1.669732,4.985955,0.000000,33.177570,0.000000,8.000000,33.216913,20.192308,17.900411,0.000000,-1.405392,-1.017430,-0.387962,23.695013,13.908378,31.427861,-4.019091,-4.500098,1.214576,0.069789,0.089812,13.064713,27.000000,157.352941,0.483878,8.000000,33.216913,20.192308,17.900411,0.000000,-1.405392,-1.017430,-0.387962,23.695013,13.908378,31.427861,-4.019091,-4.500098,1.214576,0.069789,0.089812,9.054594,8.000000,200.000000,1.131824,1.000000,73.618848,97.385621,79.487003,0.000000,2.195324,1.755468,0.439857,35.584615,36.324688,6.813382,5.828494,8.589428,14.578100,1.026741,0.117500,4.331210,0.000000,32.380952,0.000000,7.000000,73.921619,94.736842,71.749888,0.000000,1.324138,0.954840,0.369298,21.829482,30.179934,10.468674,4.942923,6.556471,11.724958,1.188120,0.075568,15.441176,24.000000,112.299465,0.643382,7.000000,73.921619,94.736842,71.749888,0.000000,1.324138,0.954840,0.369298,21.829482,30.179934,10.468674,4.942923,6.556471,11.724958,1.188120,0.075568,12.087912,17.000000,230.864198,0.711054,4.000000,43.329739,47.169811,18.022453,1.000000,-1.471832,-1.055185,-0.416647,32.891669,15.683372,22.666320,-1.305084,-1.393980,3.897527,0.382049,0.109221,5.525239,0.000000,60.447761,0.000000,2.000000,51.275825,23.809524,36.630037,0.000000,1.396901,1.723731,-0.326829,33.521584,20.353700,21.125913,-0.467462,3.193525,9.673049,0.453588,0.100250,8.375000,15.000000,63.507109,0.558333,2.000000,51.275825,23.809524,36.630037,0.000000,1.396901,1.723731,-0.326829,33.521584,20.353700,21.125913,-0.467462,3.193525,9.673049,0.453588,0.100250,15.190785,6.000000,231.868132,2.531797,1.000000,6.148649,5.000000,24.202128,1.229730,2.000000,34.057971,54.000000,494.736842,0.630703,1.000000,6.440678,3.000000,91.566265,2.146893,2.000000,7.566089,3.000000,39.712919,2.522030,3.000000,16.003063,25.000000,118.079096,0.640123,4.000000,15.677591,6.000000,210.714286,2.612932,7.000000,6.924979,3.000000,109.090909,2.308326,4.000000,6.778169,1.000000,37.019231,6.778169,3.000000,15.476190,19.000000,247.619048,0.814536,4.000000,6.666667,4.000000,101.204819,1.666667,7.000000,6.180194,7.000000,127.692308,0.882885,4.000000,4.000000,3.000000,7.000000,-1.000000,,,,31.985639,12.676056,20.187793,-2.224096,-1.792832,-0.431264,33.800274,9.825883,28.223672,-4.229099,-6.095341,0.062047,0.092647,,0.000000,,0.000000,25.000000,25.000000,0.000000,0.000000,0.000000,0.000000,0.000000,0.000000,0.000000,0.000000,0.500000,0.000000,0.660339,0.686275,109.000000,231.868132,24.202128,4.250636,0.850754
2023-12-19T18:30:00Z,1.013834,no_impulse,0,BAJFINANCE,1d,1.000000,147.311828,9.771755,17.000000,0.574809,1.292929,1.058626,4.298925,6.220736,7.000000,130.985915,0.888677,4.000000,31.985897,12.676056,20.187793,1.000000,-2.224083,-1.792813,-0.431270,33.795405,9.826100,28.223798,-4.229098,-6.095138,-1.669732,0.062047,0.092647,4.985955,0.000000,33.177570,0.000000,8.000000,33.216913,20.192308,17.900411,0.000000,-1.405392,-1.017430,-0.387962,23.695013,13.908378,31.427861,-4.019091,-4.500098,1.214576,0.069789,0.089812,13.064713,27.000000,157.352941,0.483878,8.000000,33.216913,20.192308,17.900411,0.000000,-1.405392,-1.017430,-0.387962,23.695013,13.908378,31.427861,-4.019091,-4.500098,1.214576,0.069789,0.089812,9.054594,8.000000,200.000000,1.131824,1.000000,73.618848,97.385621,79.487003,0.000000,2.195324,1.755468,0.439857,35.584615,36.324688,6.813382,5.828494,8.589428,14.578100,1.026741,0.117500,4.331210,0.000000,32.380952,0.000000,7.000000,73.921619,94.736842,71.749888,0.000000,1.324138,0.954840,0.369298,21.829482,30.179934,10.468674,4.942923,6.556471,11.724958,1.188120,0.075568,15.441176,24.000000,112.299465,0.643382,7.000000,73.921619,94.736842,71.749888,0.000000,1.324138,0.954840,0.369298,21.829482,30.179934,10.468674,4.942923,6.556471,11.724958,1.188120,0.075568,12.087912,17.000000,230.864198,0.711054,4.000000,43.329739,47.169811,18.022453,1.000000,-1.471832,-1.055185,-0.416647,32.891669,15.683372,22.666320,-1.305084,-1.393980,3.897527,0.382049,0.109221,5.525239,0.000000,60.447761,0.000000,2.000000,51.275825,23.809524,36.630037,0.000000,1.396901,1.723731,-0.326829,33.521584,20.353700,21.125913,-0.467462,3.193525,9.673049,0.453588,0.100250,8.375000,15.000000,63.507109,0.558333,2.000000,15.190785,6.000000,231.868132,2.531797,1.000000,6.148649,5.000000,24.202128,1.229730,2.000000,34.057971,54.000000,494.736842,0.630703,1.000000,6.440678,3.000000,91.566265,2.146893,2.000000,7.566089,3.000000,39.712919,2.522030,3.000000,16.003063,25.000000,118.079096,0.640123,4.000000,15.677591,6.000000,210.714286,2.612932,7.000000,6.924979,3.000000,109.090909,2.308326,4.000000,6.778169,1.000000,37.019231,6.778169,3.000000,15.476190,19.000000,247.619048,0.814536,4.000000,6.666667,4.000000,101.204819,1.666667,7.000000,7.000000,4.000000,24.000000,-1.000000,,,,54.984123,63.963964,86.117546,0.536372,-0.057824,0.594196,20.330334,24.352143,19.157839,1.292929,1.058530,0.640294,0.093366,,0.000000,,0.000000,25.000000,25.000000,0.000000,0.000000,0.000000,0.000000,0.000000,0.000000,0.000000,0.000000,0.500000,0.000000,1.036490,1.634615,126.000000,231.868132,32.380952,4.244528,0.841968
2023-12-25T18:30:00Z,0.941370,no_impulse,0,BAJFINANCE,1d,-1.000000,80.291971,7.147498,3.000000,2.382499,-2.853987,-3.344015,-0.220608,9.771755,17.000000,147.311828,0.574809,7.000000,54.984127,63.963964,86.117546,0.000000,0.536375,-0.057820,0.594195,20.328868,24.352204,19.157890,1.292929,1.058626,4.298925,0.640294,0.093366,6.220736,7.000000,130.985915,0.888677,4.000000,31.985897,12.676056,20.187793,1.000000,-2.224083,-1.792813,-0.431270,33.795405,9.826100,28.223798,-4.229098,-6.095138,-1.669732,0.062047,0.092647,4.985955,0.000000,33.177570,0.000000,8.000000,33.216913,20.192308,17.900411,0.000000,-1.405392,-1.017430,-0.387962,23.695013,13.908378,31.427861,-4.019091,-4.500098,1.214576,0.069789,0.089812,13.064713,27.000000,157.352941,0.483878,8.000000,33.216913,20.192308,17.900411,0.000000,-1.405392,-1.017430,-0.387962,23.695013,13.908378,31.427861,-4.019091,-4.500098,1.214576,0.069789,0.089812,9.054594,8.000000,200.000000,1.131824,1.000000,73.618848,97.385621,79.487003,0.000000,2.195324,1.755468,0.439857,35.584615,36.324688,6.813382,5.828494,8.589428,14.578100,1.026741,0.117500,4.331210,0.000000,32.380952,0.000000,7.000000,73.921619,94.736842,71.749888,0.000000,1.324138,0.954840,0.369298,21.829482,30.179934,10.468674,4.942923,6.556471,11.724958,1.188120,0.075568,15.441176,24.000000,112.299465,0.643382,7.000000,73.921619,94.736842,71.749888,0.000000,1.324138,0.954840,0.369298,21.829482,30.179934,10.468674,4.942923,6.556471,11.724958,1.188120,0.075568,12.087912,17.000000,230.864198,0.711054,4.000000,43.329739,47.169811,18.022453,1.000000,-1.471832,-1.055185,-0.416647,32.891669,15.683372,22.666320,-1.305084,-1.393980,3.897527,0.382049,0.109221,5.525239,0.000000,60.447761,0.000000,2.000000,8.375000,15.000000,63.507109,0.558333,2.000000,15.190785,6.000000,231.868132,2.531797,1.000000,6.148649,5.000000,24.202128,1.229730,2.000000,34.057971,54.000000,494.736842,0.630703,1.000000,6.440678,3.000000,91.566265,2.146893,2.000000,7.566089,3.000000,39.712919,2.522030,3.000000,16.003063,25.000000,118.079096,0.640123,4.000000,15.677591,6.000000,210.714286,2.612932,7.000000,6.924979,3.000000,109.090909,2.308326,4.000000,6.778169,1.000000,37.019231,6.778169,3.000000,15.476190,19.000000,247.619048,0.814536,4.000000,2.000000,1.000000,3.000000,-1.000000,,,,40.383972,2.727273,17.747579,-0.023094,0.064843,-0.087936,19.100815,17.971426,27.917766,-2.853987,-3.344104,0.148741,0.078996,,0.000000,,0.000000,25.000000,25.000000,0.000000,0.000000,0.000000,0.000000,0.000000,0.000000,0.000000,0.000000,0.500000,0.000000,0.804370,0.260870,129.000000,230.864198,32.380952,3.743337,0.793120
2024-01-07T18:30:00Z,1.031621,no_impulse,0,BAJFINANCE,1d,1.000000,124.545455,9.587124,9.000000,1.065236,3.743399,4.051937,6.914883,7.147498,3.000000,80.291971,2.382499,2.000000,40.384007,2.727273,17.747579,0.000000,-0.023091,0.064847,-0.087938,19.099629,17.971475,27.917798,-2.853987,-3.344015,-0.220608,0.148741,0.078996,9.771755,17.000000,147.311828,0.574809,7.000000,54.984127,63.963964,86.117546,0.000000,0.536375,-0.057820,0.594195,20.328868,24.352204,19.157890,1.292929,1.058626,4.298925,0.640294,0.093366,6.220736,7.000000,130.985915,0.888677,4.000000,31.985897,12.676056,20.187793,1.000000,-2.224083,-1.792813,-0.431270,33.795405,9.826100,28.223798,-4.229098,-6.095138,-1.669732,0.062047,0.092647,4.985955,0.000000,33.177570,0.000000,8.000000,33.216913,20.192308,17.900411,0.000000,-1.405392,-1.017430,-0.387962,23.695013,13.908378,31.427861,-4.019091,-4.500098,1.214576,0.069789,0.089812,13.064713,27.000000,157.352941,0.483878,8.000000,33.216913,20.192308,17.900411,0.000000,-1.405392,-1.017430,-0.387962,23.695013,13.908378,31.427861,-4.019091,-4.500098,1.214576,0.069789,0.089812,9.054594,8.000000,200.000000,1.131824,1.000000,73.618848,97.385621,79.487003,0.000000,2.195324,1.755468,0.439857,35.584615,36.324688,6.813382,5.828494,8.589428,14.578100,1.026741,0.117500,4.331210,0.000000,32.380952,0.000000,7.000000,73.921619,94.736842,71.749888,0.000000,1.324138,0.954840,0.369298,21.829482,30.179934,10.468674,4.942923,6.556471,11.724958,1.188120,0.075568,15.441176,24.000000,112.299465,0.643382,7.000000,73.921619,94.736842,71.749888,0.000000,1.324138,0.954840,0.369298,21.829482,30.179934,10.468674,4.942923,6.556471,11.724958,1.188120,0.075568,12.087912,17.000000,230.864198,0.711054,4.000000,5.525239,0.000000,60.447761,0.000000,2.000000,8.375000,15.000000,63.507109,0.558333,2.000000,15.190785,6.000000,231.868132,2.531797,1.000000,6.148649,5.000000,24.202128,1.229730,2.000000,34.057971,54.000000,494.736842,0.630703,1.000000,6.440678,3.000000,91.566265,2.146893,2.000000,7.566089,3.000000,39.712919,2.522030,3.000000,16.003063,25.000000,118.079096,0.640123,4.000000,15.677591,6.000000,210.714286,2.612932,7.000000,6.924979,3.000000,109.090909,2.308326,4.000000,6.778169,1.000000,37.019231,6.778169,3.000000,1.000000,2.000000,12.000000,-1.000000,,,,64.204315,86.131387,89.547847,0.847006,0.253367,0.593639,19.695556,27.608696,13.777386,3.743399,4.051880,0.925194,0.091464,,0.000000,,0.000000,25.000000,25.000000,0.000000,0.000000,0.000000,0.000000,0.000000,0.000000,0.000000,0.000000,0.500000,0.000000,1.094036,0.873786,138.000000,230.864198,32.380952,3.781877,0.853708
2024-03-04T18:30:00Z,0.826087,no_impulse,0,BAJFINANCE,1d,-1.000000,227.737226,19.923372,41.000000,0.485936,-4.918000,-8.766020,-11.989798,9.587124,9.000000,124.545455,1.065236,1.000000,64.204306,86.131387,89.547847,0.000000,0.847008,0.253369,0.593639,19.694931,27.608717,13.777407,3.743399,4.051937,6.914883,0.925194,0.091464,7.147498,3.000000,80.291971,2.382499,2.000000,40.384007,2.727273,17.747579,0.000000,-0.023091,0.064847,-0.087938,19.099629,17.971475,27.917798,-2.853987,-3.344015,-0.220608,0.148741,0.078996,9.771755,17.000000,147.311828,0.574809,7.000000,54.984127,63.963964,86.117546,0.000000,0.536375,-0.057820,0.594195,20.328868,24.352204,19.157890,1.292929,1.058626,4.298925,0.640294,0.093366,6.220736,7.000000,130.985915,0.888677,4.000000,31.985897,12.676056,20.187793,1.000000,-2.224083,-1.792813,-0.431270,33.795405,9.826100,28.223798,-4.229098,-6.095138,-1.669732,0.062047,0.092647,4.985955,0.000000,33.177570,0.000000,8.000000,33.216913,20.192308,17.900411,0.000000,-1.405392,-1.017430,-0.387962,23.695013,13.908378,31.427861,-4.019091,-4.500098,1.214576,0.069789,0.089812,13.064713,27.000000,157.352941,0.483878,8.000000,33.216913,20.192308,17.900411,0.000000,-1.405392,-1.017430,-0.387962,23.695013,13.908378,31.427861,-4.019091,-4.500098,1.214576,0.069789,0.089812,9.054594,8.000000,200.000000,1.131824,1.000000,73.618848,97.385621,79.487003,0.000000,2.195324,1.755468,0.439857,35.584615,36.324688,6.813382,5.828494,8.589428,14.578100,1.026741,0.117500,4.331210,0.000000,32.380952,0.000000,7.000000,73.921619,94.736842,71.749888,0.000000,1.324138,0.954840,0.369298,21.829482,30.179934,10.468674,4.942923,6.556471,11.724958,1.188120,0.075568,15.441176,24.000000,112.299465,0.643382,7.000000,12.087912,17.000000,230.864198,0.711054,4.000000,5.525239,0.000000,60.447761,0.000000,2.000000,8.375000,15.000000,63.507109,0.558333,2.000000,15.190785,6.000000,231.868132,2.531797,1.000000,6.148649,5.000000,24.202128,1.229730,2.000000,34.057971,54.000000,494.736842,0.630703,1.000000,6.440678,3.000000,91.566265,2.146893,2.000000,7.566089,3.000000,39.712919,2.522030,3.000000,16.003063,25.000000,118.079096,0.640123,4.000000,15.677591,6.000000,210.714286,2.612932,7.000000,6.924979,3.000000,109.090909,2.308326,4.000000,8.000000,1.000000,53.000000,-1.000000,,,,30.486835,10.185185,37.477459,-2.017282,-2.076623,0.059342,36.425746,11.735566,36.616599,-4.918000,-8.766034,-0.342935,0.055609,,0.000000,,0.000000,25.000000,25.000000,0.000000,0.000000,0.000000,0.000000,0.000000,0.000000,0.000000,0.000000,0.500000,0.000000,2.172842,3.660714,179.000000,230.864198,32.380952,3.609692,1.092083
2024-03-04T18:30:00Z,0.874177,no_impulse,0,BAJFINANCE,1d,1.000000,23.397436,5.821372,0.000000,0.000000,-4.918000,-8.766020,-11.989798,19.923372,41.000000,227.737226,0.485936,8.000000,30.486836,10.185185,37.477459,0.000000,-2.017282,-2.076623,0.059342,36.425709,11.735568,36.616600,-4.918000,-8.766020,-11.989798,-0.342935,0.055609,9.587124,9.000000,124.545455,1.065236,1.000000,64.204306,86.131387,89.547847,0.000000,0.847008,0.253369,0.593639,19.694931,27.608717,13.777407,3.743399,4.051937,6.914883,0.925194,0.091464,7.147498,3.000000,80.291971,2.382499,2.000000,40.384007,2.727273,17.747579,0.000000,-0.023091,0.064847,-0.087938,19.099629,17.971475,27.917798,-2.853987,-3.344015,-0.220608,0.148741,0.078996,9.771755,17.000000,147.311828,0.574809,7.000000,54.984127,63.963964,86.117546,0.000000,0.536375,-0.057820,0.594195,20.328868,24.352204,19.157890,1.292929,1.058626,4.298925,0.640294,0.093366,6.220736,7.000000,130.985915,0.888677,4.000000,31.985897,12.676056,20.187793,1.000000,-2.224083,-1.792813,-0.431270,33.795405,9.826100,28.223798,-4.229098,-6.095138,-1.669732,0.062047,0.092647,4.985955,0.000000,33.177570,0.000000,8.000000,33.216913,20.192308,17.900411,0.000000,-1.405392,-1.017430,-0.387962,23.695013,13.908378,31.427861,-4.019091,-4.500098,1.214576,0.069789,0.089812,13.064713,27.000000,157.352941,0.483878,8.000000,33.216913,20.192308,17.900411,0.000000,-1.405392,-1.017430,-0.387962,23.695013,13.908378,31.427861,-4.019091,-4.500098,1.214576,0.069789,0.089812,9.054594,8.000000,200.000000,1.131824,1.000000,73.618848,97.385621,79.487003,0.000000,2.195324,1.755468,0.439857,35.584615,36.324688,6.813382,5.828494,8.589428,14.578100,1.026741,0.117500,4.331210,0.000000,32.380952,0.000000,7.000000,15.441176,24.000000,112.299465,0.643382,7.000000,12.087912,17.000000,230.864198,0.711054,4.000000,5.525239,0.000000,60.447761,0.000000,2.000000,8.375000,15.000000,63.507109,0.558333,2.000000,15.190785,6.000000,231.868132,2.531797,1.000000,6.148649,5.000000,24.202128,1.229730,2.000000,34.057971,54.000000,494.736842,0.630703,1.000000,6.440678,3.000000,91.566265,2.146893,2.000000,7.566089,3.000000,39.712919,2.522030,3.000000,16.003063,25.000000,118.079096,0.640123,4.000000,15.677591,6.000000,210.714286,2.612932,7.000000,8.000000,2.000000,0.000000,-1.000000,,,,30.486835,10.185185,37.477459,-2.017282,-2.076623,0.059342,36.425746,11.735566,36.616599,-4.918000,-8.766034,-0.342935,0.055609,,0.000000,,0.000000,25.000000,25.000000,0.000000,0.000000,0.000000,0.000000,0.000000,0.000000,0.000000,0.000000,0.500000,0.000000,0.584897,0.000000,0.000000,227.737226,32.380952,4.924561,1.747412
2024-03-13T18:30:00Z,0.830040,no_impulse,0,BAJFINANCE,1d,-1.000000,91.780822,5.048983,6.000000,0.841497,-2.117280,-5.929260,-10.064366,5.821372,0.000000,23.397436,0.000000,8.000000,30.486836,10.185185,37.477459,0.000000,-2.017282,-2.076623,0.059342,36.425709,11.735568,36.616600,-4.918000,-8.766020,-11.989798,-0.342935,0.055609,19.923372,41.000000,227.737226,0.485936,8.000000,30.486836,10.185185,37.477459,0.000000,-2.017282,-2.076623,0.059342,36.425709,11.735568,36.616600,-4.918000,-8.766020,-11.989798,-0.342935,0.055609,9.587124,9.000000,124.545455,1.065236,1.000000,64.204306,86.131387,89.547847,0.000000,0.847008,0.253369,0.593639,19.694931,27.608717,13.777407,3.743399,4.051937,6.914883,0.925194,0.091464,7.147498,3.000000,80.291971,2.382499,2.000000,40.384007,2.727273,17.747579,0.000000,-0.023091,0.064847,-0.087938,19.099629,17.971475,27.917798,-2.853987,-3.344015,-0.220608,0.148741,0.078996,9.771755,17.000000,147.311828,0.574809,7.000000,54.984127,63.963964,86.117546,0.000000,0.536375,-0.057820,0.594195,20.328868,24.352204,19.157890,1.292929,1.058626,4.298925,0.640294,0.093366,6.220736,7.000000,130.985915,0.888677,4.000000,31.985897,12.676056,20.187793,1.000000,-2.224083,-1.792813,-0.431270,33.795405,9.826100,28.223798,-4.229098,-6.095138,-1.669732,0.062047,0.092647,4.985955,0.000000,33.177570,0.000000,8.000000,33.216913,20.192308,17.900411,0.000000,-1.405392,-1.017430,-0.387962,23.695013,13.908378,31.427861,-4.019091,-4.500098,1.214576,0.069789,0.089812,13.064713,27.000000,157.352941,0.483878,8.000000,33.216913,20.192308,17.900411,0.000000,-1.405392,-1.017430,-0.387962,23.695013,13.908378,31.427861,-4.019091,-4.500098,1.214576,0.069789,0.089812,9.054594,8.000000,200.000000,1.131824,1.000000,4.331210,0.000000,32.380952,0.000000,7.000000,15.441176,24.000000,112.299465,0.643382,7.000000,12.087912,17.000000,230.864198,0.711054,4.000000,5.525239,0.000000,60.447761,0.000000,2.000000,8.375000,15.000000,63.507109,0.558333,2.000000,15.190785,6.000000,231.868132,2.531797,1.000000,6.148649,5.000000,24.202128,1.229730,2.000000,34.057971,54.000000,494.736842,0.630703,1.000000,6.440678,3.000000,91.566265,2.146893,2.000000,7.566089,3.000000,39.712919,2.522030,3.000000,16.003063,25.000000,118.079096,0.640123,4.000000,2.000000,1.000000,6.000000,-1.000000,,,,37.383150,40.384615,45.537010,-1.851439,-1.994086,0.142647,35.598524,16.458996,32.968158,-2.117280,-5.929271,0.237257,0.078913,,0.000000,,0.000000,25.000000,25.000000,0.000000,0.000000,0.000000,0.000000,0.000000,0.000000,0.000000,0.000000,0.500000,0.000000,0.561570,0.535714,6.000000,227.737226,23.397436,4.666123,1.526875
2024-04-03T18:30:00Z,0.968379,no_impulse,0,BAJFINANCE,1d,1.000000,313.432836,16.666667,13.000000,1.282051,5.327020,5.849001,3.429048,5.048983,6.000000,91.780822,0.841497,2.000000,37.383151,40.384615,45.537010,0.000000,-1.851439,-1.994086,0.142647,35.598500,16.458997,32.968158,-2.117280,-5.929260,-10.064366,0.237257,0.078913,5.821372,0.000000,23.397436,0.000000,8.000000,30.486836,10.185185,37.477459,0.000000,-2.017282,-2.076623,0.059342,36.425709,11.735568,36.616600,-4.918000,-8.766020,-11.989798,-0.342935,0.055609,19.923372,41.000000,227.737226,0.485936,8.000000,30.486836,10.185185,37.477459,0.000000,-2.017282,-2.076623,0.059342,36.425709,11.735568,36.616600,-4.918000,-8.766020,-11.989798,-0.342935,0.055609,9.587124,9.000000,124.545455,1.065236,1.000000,64.204306,86.131387,89.547847,0.000000,0.847008,0.253369,0.593639,19.694931,27.608717,13.777407,3.743399,4.051937,6.914883,0.925194,0.091464,7.147498,3.000000,80.291971,2.382499,2.000000,40.384007,2.727273,17.747579,0.000000,-0.023091,0.064847,-0.087938,19.099629,17.971475,27.917798,-2.853987,-3.344015,-0.220608,0.148741,0.078996,9.771755,17.000000,147.311828,0.574809,7.000000,54.984127,63.963964,86.117546,0.000000,0.536375,-0.057820,0.594195,20.328868,24.352204,19.157890,1.292929,1.058626,4.298925,0.640294,0.093366,6.220736,7.000000,130.985915,0.888677,4.000000,31.985897,12.676056,20.187793,1.000000,-2.224083,-1.792813,-0.431270,33.795405,9.826100,28.223798,-4.229098,-6.095138,-1.669732,0.062047,0.092647,4.985955,0.000000,33.177570,0.000000,8.000000,33.216913,20.192308,17.900411,0.000000,-1.405392,-1.017430,-0.387962,23.695013,13.908378,31.427861,-4.019091,-4.500098,1.214576,0.069789,0.089812,13.064713,27.000000,157.352941,0.483878,8.000000,9.054594,8.000000,200.000000,1.131824,1.000000,4.331210,0.000000,32.380952,0.000000,7.000000,15.441176,24.000000,112.299465,0.643382,7.000000,12.087912,17.000000,230.864198,0.711054,4.000000,5.525239,0.000000,60.447761,0.000000,2.000000,8.375000,15.000000,63.507109,0.558333,2.000000,15.190785,6.000000,231.868132,2.531797,1.000000,6.148649,5.000000,24.202128,1.229730,2.000000,34.057971,54.000000,494.736842,0.630703,1.000000,6.440678,3.000000,91.566265,2.146893,2.000000,7.566089,3.000000,39.712919,2.522030,3.000000,1.000000,2.000000,19.000000,-1.000000,,,,73.169454,93.333333,92.063492,2.278256,1.077040,1.201216,30.501750,37.268468,15.819841,5.327020,5.848995,0.777682,0.202633,,0.000000,,0.000000,25.000000,25.000000,0.000000,0.000000,0.000000,0.000000,0.000000,0.000000,0.000000,0.000000,0.500000,0.000000,1.839058,1.101695,19.000000,227.737226,23.397436,4.591404,1.161748
2024-04-18T18:30:00Z,0.897233,no_impulse,0,BAJFINANCE,1d,-1.000000,51.428571,7.346939,9.000000,0.816327,1.491429,2.653531,1.157569,16.666667,13.000000,313.432836,1.282051,1.000000,73.169454,93.333333,92.063492,1.000000,2.278256,1.077040,1.201216,30.501740,37.268468,15.819842,5.327020,5.849001,3.429048,0.777682,0.202633,5.048983,6.000000,91.780822,0.841497,2.000000,37.383151,40.384615,45.537010,0.000000,-1.851439,-1.994086,0.142647,35.598500,16.458997,32.968158,-2.117280,-5.929260,-10.064366,0.237257,0.078913,5.821372,0.000000,23.397436,0.000000,8.000000,30.486836,10.185185,37.477459,0.000000,-2.017282,-2.076623,0.059342,36.425709,11.735568,36.616600,-4.918000,-8.766020,-11.989798,-0.342935,0.055609,19.923372,41.000000,227.737226,0.485936,8.000000,30.486836,10.185185,37.477459,0.000000,-2.017282,-2.076623,0.059342,36.425709,11.735568,36.616600,-4.918000,-8.766020,-11.989798,-0.342935,0.055609,9.587124,9.000000,124.545455,1.065236,1.000000,64.204306,86.131387,89.547847,0.000000,0.847008,0.253369,0.593639,19.694931,27.608717,13.777407,3.743399,4.051937,6.914883,0.925194,0.091464,7.147498,3.000000,80.291971,2.382499,2.000000,40.384007,2.727273,17.747579,0.000000,-0.023091,0.064847,-0.087938,19.099629,17.971475,27.917798,-2.853987,-3.344015,-0.220608,0.148741,0.078996,9.771755,17.000000,147.311828,0.574809,7.000000,54.984127,63.963964,86.117546,0.000000,0.536375,-0.057820,0.594195,20.328868,24.352204,19.157890,1.292929,1.058626,4.298925,0.640294,0.093366,6.220736,7.000000,130.985915,0.888677,4.000000,31.985897,12.676056,20.187793,1.000000,-2.224083,-1.792813,-0.431270,33.795405,9.826100,28.223798,-4.229098,-6.095138,-1.669732,0.062047,0.092647,4.985955,0.000000,33.177570,0.000000,8.000000,13.064713,27.000000,157.352941,0.483878,8.000000,9.054594,8.000000,200.000000,1.131824,1.000000,4.331210,0.000000,32.380952,0.000000,7.000000,15.441176,24.000000,112.299465,0.643382,7.000000,12.087912,17.000000,230.864198,0.711054,4.000000,5.525239,0.000000,60.447761,0.000000,2.000000,8.375000,15.000000,63.507109,0.558333,2.000000,15.190785,6.000000,231.868132,2.531797,1.000000,6.148649,5.000000,24.202128,1.229730,2.000000,34.057971,54.000000,494.736842,0.630703,1.000000,6.440678,3.000000,91.566265,2.146893,2.000000,2.000000,3.000000,28.000000,-1.000000,,,,57.113292,57.407407,32.424263,1.318356,1.684643,-0.366287,23.607052,27.018866,23.277810,1.491429,2.653527,0.620855,0.125275,,0.000000,,0.000000,25.000000,25.000000,0.000000,0.000000,0.000000,0.000000,0.000000,0.000000,0.000000,0.000000,0.500000,0.000000,0.747870,0.731707,28.000000,313.432836,23.397436,5.182836,0.751187
2024-04-23T18:30:00Z,0.977602,no_impulse,0,BAJFINANCE,1d,1.000000,112.962963,8.957416,3.000000,2.985805,3.319655,4.882677,3.886171,7.346939,9.000000,51.428571,0.816327,2.000000,57.113292,57.407407,32.424263,0.000000,1.318356,1.684643,-0.366287,23.607047,27.018866,23.277810,1.491429,2.653531,1.157569,0.620855,0.125275,16.666667,13.000000,313.432836,1.282051,1.000000,73.169454,93.333333,92.063492,1.000000,2.278256,1.077040,1.201216,30.501740,37.268468,15.819842,5.327020,5.849001,3.429048,0.777682,0.202633,5.048983,6.000000,91.780822,0.841497,2.000000,37.383151,40.384615,45.537010,0.000000,-1.851439,-1.994086,0.142647,35.598500,16.458997,32.968158,-2.117280,-5.929260,-10.064366,0.237257,0.078913,5.821372,0.000000,23.397436,0.000000,8.000000,30.486836,10.185185,37.477459,0.000000,-2.017282,-2.076623,0.059342,36.425709,11.735568,36.616600,-4.918000,-8.766020,-11.989798,-0.342935,0.055609,19.923372,41.000000,227.737226,0.485936,8.000000,30.486836,10.185185,37.477459,0.000000,-2.017282,-2.076623,0.059342,36.425709,11.735568,36.616600,-4.918000,-8.766020,-11.989798,-0.342935,0.055609,9.587124,9.000000,124.545455,1.065236,1.000000,64.204306,86.131387,89.547847,0.000000,0.847008,0.253369,0.593639,19.694931,27.608717,13.777407,3.743399,4.051937,6.914883,0.925194,0.091464,7.147498,3.000000,80.291971,2.382499,2.000000,40.384007,2.727273,17.747579,0.000000,-0.023091,0.064847,-0.087938,19.099629,17.971475,27.917798,-2.853987,-3.344015,-0.220608,0.148741,0.078996,9.771755,17.000000,147.311828,0.574809,7.000000,54.984127,63.963964,86.117546,0.000000,0.536375,-0.057820,0.594195,20.328868,24.352204,19.157890,1.292929,1.058626,4.298925,0.640294,0.093366,6.220736,7.000000,130.985915,0.888677,4.000000,4.985955,0.000000,33.177570,0.000000,8.000000,13.064713,27.000000,157.352941,0.483878,8.000000,9.054594,8.000000,200.000000,1.131824,1.000000,4.331210,0.000000,32.380952,0.000000,7.000000,15.441176,24.000000,112.299465,0.643382,7.000000,12.087912,17.000000,230.864198,0.711054,4.000000,5.525239,0.000000,60.447761,0.000000,2.000000,8.375000,15.000000,63.507109,0.558333,2.000000,15.190785,6.000000,231.868132,2.531797,1.000000,6.148649,5.000000,24.202128,1.229730,2.000000,34.057971,54.000000,494.736842,0.630703,1.000000,1.000000,4.000000,31.000000,-1.000000,,,,63.809507,85.245902,85.822708,1.600019,1.578722,0.021297,23.622859,33.223941,18.656984,3.319655,4.882673,0.891251,0.087760,,0.000000,,0.000000,25.000000,25.000000,0.000000,0.000000,0.000000,0.000000,0.000000,0.000000,0.000000,0.000000,0.500000,0.000000,0.968156,0.285714,31.000000,313.432836,23.397436,5.100309,0.822560
2024-04-25T18:30:00Z,0.881423,no_impulse,0,BAJFINANCE,1d,-1.000000,119.672131,9.838275,2.000000,4.919137,-5.061697,-3.637026,-4.672650,8.957416,3.000000,112.962963,2.985805,1.000000,63.809507,85.245902,85.822708,1.000000,1.600019,1.578722,0.021297,23.622855,33.223941,18.656984,3.319655,4.882677,3.886171,0.891251,0.087760,7.346939,9.000000,51.428571,0.816327,2.000000,57.113292,57.407407,32.424263,0.000000,1.318356,1.684643,-0.366287,23.607047,27.018866,23.277810,1.491429,2.653531,1.157569,0.620855,0.125275,16.666667,13.000000,313.432836,1.282051,1.000000,73.169454,93.333333,92.063492,1.000000,2.278256,1.077040,1.201216,30.501740,37.268468,15.819842,5.327020,5.849001,3.429048,0.777682,0.202633,5.048983,6.000000,91.780822,0.841497,2.000000,37.383151,40.384615,45.537010,0.000000,-1.851439,-1.994086,0.142647,35.598500,16.458997,32.968158,-2.117280,-5.929260,-10.064366,0.237257,0.078913,5.821372,0.000000,23.397436,0.000000,8.000000,30.486836,10.185185,37.477459,0.000000,-2.017282,-2.076623,0.059342,36.425709,11.735568,36.616600,-4.918000,-8.766020,-11.989798,-0.342935,0.055609,19.923372,41.000000,227.737226,0.485936,8.000000,30.486836,10.185185,37.477459,0.000000,-2.017282,-2.076623,0.059342,36.425709,11.735568,36.616600,-4.918000,-8.766020,-11.989798,-0.342935,0.055609,9.587124,9.000000,124.545455,1.065236,1.000000,64.204306,86.131387,89.547847,0.000000,0.847008,0.253369,0.593639,19.694931,27.608717,13.777407,3.743399,4.051937,6.914883,0.925194,0.091464,7.147498,3.000000,80.291971,2.382499,2.000000,40.384007,2.727273,17.747579,0.000000,-0.023091,0.064847,-0.087938,19.099629,17.971475,27.917798,-2.853987,-3.344015,-0.220608,0.148741,0.078996,9.771755,17.000000,147.311828,0.574809,7.000000,6.220736,7.000000,130.985915,0.888677,4.000000,4.985955,0.000000,33.177570,0.000000,8.000000,13.064713,27.000000,157.352941,0.483878,8.000000,9.054594,8.000000,200.000000,1.131824,1.000000,4.331210,0.000000,32.380952,0.000000,7.000000,15.441176,24.000000,112.299465,0.643382,7.000000,12.087912,17.000000,230.864198,0.711054,4.000000,5.525239,0.000000,60.447761,0.000000,2.000000,8.375000,15.000000,63.507109,0.558333,2.000000,15.190785,6.000000,231.868132,2.531797,1.000000,6.148649,5.000000,24.202128,1.229730,2.000000,8.000000,1.000000,33.000000,-1.000000,,,,39.810722,5.479452,56.744517,1.110506,1.606572,-0.496066,22.656581,22.893500,33.553511,-5.061697,-3.637030,-0.056661,0.086549,,0.000000,,0.000000,25.000000,25.000000,0.000000,0.000000,0.000000,0.000000,0.000000,0.000000,0.000000,0.000000,0.500000,0.000000,1.019596,0.185185,33.000000,313.432836,23.397436,4.881125,1.070706
2024-05-02T18:30:00Z,0.974967,no_impulse,0,BAJFINANCE,1d,1.000000,97.260274,10.612855,4.000000,2.653214,-1.184832,-0.467926,-1.564577,9.838275,2.000000,119.672131,4.919137,8.000000,39.810722,5.479452,56.744517,0.000000,1.110506,1.606572,-0.496066,22.656578,22.893500,33.553511,-5.061697,-3.637026,-4.672650,-0.056661,0.086549,8.957416,3.000000,112.962963,2.985805,1.000000,63.809507,85.245902,85.822708,1.000000,1.600019,1.578722,0.021297,23.622855,33.223941,18.656984,3.319655,4.882677,3.886171,0.891251,0.087760,7.346939,9.000000,51.428571,0.816327,2.000000,57.113292,57.407407,32.424263,0.000000,1.318356,1.684643,-0.366287,23.607047,27.018866,23.277810,1.491429,2.653531,1.157569,0.620855,0.125275,16.666667,13.000000,313.432836,1.282051,1.000000,73.169454,93.333333,92.063492,1.000000,2.278256,1.077040,1.201216,30.501740,37.268468,15.819842,5.327020,5.849001,3.429048,0.777682,0.202633,5.048983,6.000000,91.780822,0.841497,2.000000,37.383151,40.384615,45.537010,0.000000,-1.851439,-1.994086,0.142647,35.598500,16.458997,32.968158,-2.117280,-5.929260,-10.064366,0.237257,0.078913,5.821372,0.000000,23.397436,0.000000,8.000000,30.486836,10.185185,37.477459,0.000000,-2.017282,-2.076623,0.059342,36.425709,11.735568,36.616600,-4.918000,-8.766020,-11.989798,-0.342935,0.055609,19.923372,41.000000,227.737226,0.485936,8.000000,30.486836,10.185185,37.477459,0.000000,-2.017282,-2.076623,0.059342,36.425709,11.735568,36.616600,-4.918000,-8.766020,-11.989798,-0.342935,0.055609,9.587124,9.000000,124.545455,1.065236,1.000000,64.204306,86.131387,89.547847,0.000000,0.847008,0.253369,0.593639,19.694931,27.608717,13.777407,3.743399,4.051937,6.914883,0.925194,0.091464,7.147498,3.000000,80.291971,2.382499,2.000000,9.771755,17.000000,147.311828,0.574809,7.000000,6.220736,7.000000,130.985915,0.888677,4.000000,4.985955,0.000000,33.177570,0.000000,8.000000,13.064713,27.000000,157.352941,0.483878,8.000000,9.054594,8.000000,200.000000,1.131824,1.000000,4.331210,0.000000,32.380952,0.000000,7.000000,15.441176,24.000000,112.299465,0.643382,7.000000,12.087912,17.000000,230.864198,0.711054,4.000000,5.525239,0.000000,60.447761,0.000000,2.000000,8.375000,15.000000,63.507109,0.558333,2.000000,15.190785,6.000000,231.868132,2.531797,1.000000,3.000000,2.000000,4.000000,-1.000000,,,,47.539467,32.876712,30.136986,0.112484,0.826317,-0.713833,20.345239,35.261998,23.430378,-1.184832,-0.467929,0.387697,0.104268,,0.000000,,0.000000,25.000000,25.000000,0.000000,0.000000,0.000000,0.000000,0.000000,0.000000,0.000000,0.000000,0.500000,0.000000,1.060126,0.388350,,313.432836,23.397436,4.730530,0.949363
2024-05-08T18:30:00Z,0.867589,no_impulse,0,BAJFINANCE,1d,-1.000000,114.788732,11.013514,4.000000,2.753378,-4.969741,-5.002002,-6.410267,10.612855,4.000000,97.260274,2.653214,3.000000,47.539467,32.876712,30.136986,1.000000,0.112484,0.826317,-0.713833,20.345236,35.261998,23.430378,-1.184832,-0.467926,-1.564577,0.387697,0.104268,9.838275,2.000000,119.672131,4.919137,8.000000,39.810722,5.479452,56.744517,0.000000,1.110506,1.606572,-0.496066,22.656578,22.893500,33.553511,-5.061697,-3.637026,-4.672650,-0.056661,0.086549,8.957416,3.000000,112.962963,2.985805,1.000000,63.809507,85.245902,85.822708,1.000000,1.600019,1.578722,0.021297,23.622855,33.223941,18.656984,3.319655,4.882677,3.886171,0.891251,0.087760,7.346939,9.000000,51.428571,0.816327,2.000000,57.113292,57.407407,32.424263,0.000000,1.318356,1.684643,-0.366287,23.607047,27.018866,23.277810,1.491429,2.653531,1.157569,0.620855,0.125275,16.666667,13.000000,313.432836,1.282051,1.000000,73.169454,93.333333,92.063492,1.000000,2.278256,1.077040,1.201216,30.501740,37.268468,15.819842,5.327020,5.849001,3.429048,0.777682,0.202633,5.048983,6.000000,91.780822,0.841497,2.000000,37.383151,40.384615,45.537010,0.000000,-1.851439,-1.994086,0.142647,35.598500,16.458997,32.968158,-2.117280,-5.929260,-10.064366,0.237257,0.078913,5.821372,0.000000,23.397436,0.000000,8.000000,30.486836,10.185185,37.477459,0.000000,-2.017282,-2.076623,0.059342,36.425709,11.735568,36.616600,-4.918000,-8.766020,-11.989798,-0.342935,0.055609,19.923372,41.000000,227.737226,0.485936,8.000000,30.486836,10.185185,37.477459,0.000000,-2.017282,-2.076623,0.059342,36.425709,11.735568,36.616600,-4.918000,-8.766020,-11.989798,-0.342935,0.055609,9.587124,9.000000,124.545455,1.065236,1.000000,7.147498,3.000000,80.291971,2.382499,2.000000,9.771755,17.000000,147.311828,0.574809,7.000000,6.220736,7.000000,130.985915,0.888677,4.000000,4.985955,0.000000,33.177570,0.000000,8.000000,13.064713,27.000000,157.352941,0.483878,8.000000,9.054594,8.000000,200.000000,1.131824,1.000000,4.331210,0.000000,32.380952,0.000000,7.000000,15.441176,24.000000,112.299465,0.643382,7.000000,12.087912,17.000000,230.864198,0.711054,4.000000,5.525239,0.000000,60.447761,0.000000,2.000000,8.375000,15.000000,63.507109,0.558333,2.000000,4.000000,3.000000,8.000000,-1.000000,,,,37.016436,2.395210,14.040412,-0.760445,0.109381,-0.869826,17.664325,27.420725,29.441143,-4.969741,-5.002005,0.108668,0.120983,,0.000000,,0.000000,25.000000,25.000000,0.000000,0.000000,0.000000,0.000000,0.000000,0.000000,0.000000,0.000000,0.500000,0.000000,1.090982,0.444444,,313.432836,23.397436,4.733282,1.011904
2024-05-26T18:30:00Z,0.916996,no_impulse,0,BAJFINANCE,1d,1.000000,46.012270,5.694761,12.000000,0.474563,1.068556,0.380623,-1.485510,11.013514,4.000000,114.788732,2.753378,4.000000,37.016436,2.395210,14.040412,1.000000,-0.760445,0.109381,-0.869826,17.664323,27.420725,29.441143,-4.969741,-5.002002,-6.410267,0.108668,0.120983,10.612855,4.000000,97.260274,2.653214,3.000000,47.539467,32.876712,30.136986,1.000000,0.112484,0.826317,-0.713833,20.345236,35.261998,23.430378,-1.184832,-0.467926,-1.564577,0.387697,0.104268,9.838275,2.000000,119.672131,4.919137,8.000000,39.810722,5.479452,56.744517,0.000000,1.110506,1.606572,-0.496066,22.656578,22.893500,33.553511,-5.061697,-3.637026,-4.672650,-0.056661,0.086549,8.957416,3.000000,112.962963,2.985805,1.000000,63.809507,85.245902,85.822708,1.000000,1.600019,1.578722,0.021297,23.622855,33.223941,18.656984,3.319655,4.882677,3.886171,0.891251,0.087760,7.346939,9.000000,51.428571,0.816327,2.000000,57.113292,57.407407,32.424263,0.000000,1.318356,1.684643,-0.366287,23.607047,27.018866,23.277810,1.491429,2.653531,1.157569,0.620855,0.125275,16.666667,13.000000,313.432836,1.282051,1.000000,73.169454,93.333333,92.063492,1.000000,2.278256,1.077040,1.201216,30.501740,37.268468,15.819842,5.327020,5.849001,3.429048,0.777682,0.202633,5.048983,6.000000,91.780822,0.841497,2.000000,37.383151,40.384615,45.537010,0.000000,-1.851439,-1.994086,0.142647,35.598500,16.458997,32.968158,-2.117280,-5.929260,-10.064366,0.237257,0.078913,5.821372,0.000000,23.397436,0.000000,8.000000,30.486836,10.185185,37.477459,0.000000,-2.017282,-2.076623,0.059342,36.425709,11.735568,36.616600,-4.918000,-8.766020,-11.989798,-0.342935,0.055609,19.923372,41.000000,227.737226,0.485936,8.000000,9.587124,9.000000,124.545455,1.065236,1.000000,7.147498,3.000000,80.291971,2.382499,2.000000,9.771755,17.000000,147.311828,0.574809,7.000000,6.220736,7.000000,130.985915,0.888677,4.000000,4.985955,0.000000,33.177570,0.000000,8.000000,13.064713,27.000000,157.352941,0.483878,8.000000,9.054594,8.000000,200.000000,1.131824,1.000000,4.331210,0.000000,32.380952,0.000000,7.000000,15.441176,24.000000,112.299465,0.643382,7.000000,12.087912,17.000000,230.864198,0.711054,4.000000,5.525239,0.000000,60.447761,0.000000,2.000000,3.000000,4.000000,20.000000,-1.000000,,,,53.606487,82.666667,70.273164,-0.514256,-0.783746,0.269490,12.125607,28.109597,17.429851,1.068556,0.380621,0.705841,0.052472,,0.000000,,0.000000,25.000000,25.000000,0.000000,0.000000,0.000000,0.000000,0.000000,0.000000,0.000000,0.000000,0.500000,0.000000,0.543308,1.318681,,313.432836,23.397436,4.622367,0.954312
2024-05-29T18:30:00Z,0.868906,no_impulse,0,BAJFINANCE,1d,-1.000000,97.333333,5.244253,3.000000,1.748084,-2.794089,-3.577525,-5.597904,5.694761,12.000000,46.012270,0.474563,3.000000,53.606487,82.666667,70.273164,1.000000,-0.514256,-0.783746,0.269490,12.125606,28.109597,17.429851,1.068556,0.380623,-1.485510,0.705841,0.052472,11.013514,4.000000,114.788732,2.753378,4.000000,37.016436,2.395210,14.040412,1.000000,-0.760445,0.109381,-0.869826,17.664323,27.420725,29.441143,-4.969741,-5.002002,-6.410267,0.108668,0.120983,10.612855,4.000000,97.260274,2.653214,3.000000,47.539467,32.876712,30.136986,1.000000,0.112484,0.826317,-0.713833,20.345236,35.261998,23.430378,-1.184832,-0.467926,-1.564577,0.387697,0.104268,9.838275,2.000000,119.672131,4.919137,8.000000,39.810722,5.479452,56.744517,0.000000,1.110506,1.606572,-0.496066,22.656578,22.893500,33.553511,-5.061697,-3.637026,-4.672650,-0.056661,0.086549,8.957416,3.000000,112.962963,2.985805,1.000000,63.809507,85.245902,85.822708,1.000000,1.600019,1.578722,0.021297,23.622855,33.223941,18.656984,3.319655,4.882677,3.886171,0.891251,0.087760,7.346939,9.000000,51.428571,0.816327,2.000000,57.113292,57.407407,32.424263,0.000000,1.318356,1.684643,-0.366287,23.607047,27.018866,23.277810,1.491429,2.653531,1.157569,0.620855,0.125275,16.666667,13.000000,313.432836,1.282051,1.000000,73.169454,93.333333,92.063492,1.000000,2.278256,1.077040,1.201216,30.501740,37.268468,15.819842,5.327020,5.849001,3.429048,0.777682,0.202633,5.048983,6.000000,91.780822,0.841497,2.000000,37.383151,40.384615,45.537010,0.000000,-1.851439,-1.994086,0.142647,35.598500,16.458997,32.968158,-2.117280,-5.929260,-10.064366,0.237257,0.078913,5.821372,0.000000,23.397436,0.000000,8.000000,19.923372,41.000000,227.737226,0.485936,8.000000,9.587124,9.000000,124.545455,1.065236,1.000000,7.147498,3.000000,80.291971,2.382499,2.000000,9.771755,17.000000,147.311828,0.574809,7.000000,6.220736,7.000000,130.985915,0.888677,4.000000,4.985955,0.000000,33.177570,0.000000,8.000000,13.064713,27.000000,157.352941,0.483878,8.000000,9.054594,8.000000,200.000000,1.131824,1.000000,4.331210,0.000000,32.380952,0.000000,7.000000,15.441176,24.000000,112.299465,0.643382,7.000000,12.087912,17.000000,230.864198,0.711054,4.000000,2.000000,1.000000,23.000000,-1.000000,,,,38.490376,6.849315,47.060883,-0.585211,-0.649103,0.063892,12.673074,22.276652,27.137167,-2.794089,-3.577526,-0.014878,0.052792,,0.000000,,0.000000,25.000000,25.000000,0.000000,0.000000,0.000000,0.000000,0.000000,0.000000,0.000000,0.000000,0.500000,0.000000,0.519623,0.319149,,313.432836,23.397436,4.863648,1.045080
2024-06-02T18:30:00Z,0.920949,no_impulse,0,BAJFINANCE,1d,1.000000,108.219178,5.989386,2.000000,2.994693,1.570456,0.893649,-1.040732,5.244253,3.000000,97.333333,1.748084,2.000000,38.490376,6.849315,47.060883,1.000000,-0.585211,-0.649103,0.063892,12.673074,22.276652,27.137167,-2.794089,-3.577525,-5.597904,-0.014878,0.052792,5.694761,12.000000,46.012270,0.474563,3.000000,53.606487,82.666667,70.273164,1.000000,-0.514256,-0.783746,0.269490,12.125606,28.109597,17.429851,1.068556,0.380623,-1.485510,0.705841,0.052472,11.013514,4.000000,114.788732,2.753378,4.000000,37.016436,2.395210,14.040412,1.000000,-0.760445,0.109381,-0.869826,17.664323,27.420725,29.441143,-4.969741,-5.002002,-6.410267,0.108668,0.120983,10.612855,4.000000,97.260274,2.653214,3.000000,47.539467,32.876712,30.136986,1.000000,0.112484,0.826317,-0.713833,20.345236,35.261998,23.430378,-1.184832,-0.467926,-1.564577,0.387697,0.104268,9.838275,2.000000,119.672131,4.919137,8.000000,39.810722,5.479452,56.744517,0.000000,1.110506,1.606572,-0.496066,22.656578,22.893500,33.553511,-5.061697,-3.637026,-4.672650,-0.056661,0.086549,8.957416,3.000000,112.962963,2.985805,1.000000,63.809507,85.245902,85.822708,1.000000,1.600019,1.578722,0.021297,23.622855,33.223941,18.656984,3.319655,4.882677,3.886171,0.891251,0.087760,7.346939,9.000000,51.428571,0.816327,2.000000,57.113292,57.407407,32.424263,0.000000,1.318356,1.684643,-0.366287,23.607047,27.018866,23.277810,1.491429,2.653531,1.157569,0.620855,0.125275,16.666667,13.000000,313.432836,1.282051,1.000000,73.169454,93.333333,92.063492,1.000000,2.278256,1.077040,1.201216,30.501740,37.268468,15.819842,5.327020,5.849001,3.429048,0.777682,0.202633,5.048983,6.000000,91.780822,0.841497,2.000000,5.821372,0.000000,23.397436,0.000000,8.000000,19.923372,41.000000,227.737226,0.485936,8.000000,9.587124,9.000000,124.545455,1.065236,1.000000,7.147498,3.000000,80.291971,2.382499,2.000000,9.771755,17.000000,147.311828,0.574809,7.000000,6.220736,7.000000,130.985915,0.888677,4.000000,4.985955,0.000000,33.177570,0.000000,8.000000,13.064713,27.000000,157.352941,0.483878,8.000000,9.054594,8.000000,200.000000,1.131824,1.000000,4.331210,0.000000,32.380952,0.000000,7.000000,15.441176,24.000000,112.299465,0.643382,7.000000,1.000000,2.000000,25.000000,-1.000000,,,,54.570959,81.012658,38.876366,-0.399295,-0.575640,0.176345,12.520504,28.172303,21.614755,1.570456,0.893648,0.811495,0.051221,,0.000000,,0.000000,25.000000,25.000000,0.000000,0.000000,0.000000,0.000000,0.000000,0.000000,0.000000,0.000000,0.500000,0.000000,0.694462,0.357143,58.000000,313.432836,23.397436,3.624070,0.746468
2024-06-03T18:30:00Z,0.839921,no_impulse,0,BAJFINANCE,1d,-1.000000,155.696203,8.798283,1.000000,8.798283,-4.119418,-5.065210,-7.253774,5.989386,2.000000,108.219178,2.994693,1.000000,54.570959,81.012658,38.876366,1.000000,-0.399295,-0.575640,0.176345,12.520503,28.172304,21.614755,1.570456,0.893649,-1.040732,0.811495,0.051221,5.244253,3.000000,97.333333,1.748084,2.000000,38.490376,6.849315,47.060883,1.000000,-0.585211,-0.649103,0.063892,12.673074,22.276652,27.137167,-2.794089,-3.577525,-5.597904,-0.014878,0.052792,5.694761,12.000000,46.012270,0.474563,3.000000,53.606487,82.666667,70.273164,1.000000,-0.514256,-0.783746,0.269490,12.125606,28.109597,17.429851,1.068556,0.380623,-1.485510,0.705841,0.052472,11.013514,4.000000,114.788732,2.753378,4.000000,37.016436,2.395210,14.040412,1.000000,-0.760445,0.109381,-0.869826,17.664323,27.420725,29.441143,-4.969741,-5.002002,-6.410267,0.108668,0.120983,10.612855,4.000000,97.260274,2.653214,3.000000,47.539467,32.876712,30.136986,1.000000,0.112484,0.826317,-0.713833,20.345236,35.261998,23.430378,-1.184832,-0.467926,-1.564577,0.387697,0.104268,9.838275,2.000000,119.672131,4.919137,8.000000,39.810722,5.479452,56.744517,0.000000,1.110506,1.606572,-0.496066,22.656578,22.893500,33.553511,-5.061697,-3.637026,-4.672650,-0.056661,0.086549,8.957416,3.000000,112.962963,2.985805,1.000000,63.809507,85.245902,85.822708,1.000000,1.600019,1.578722,0.021297,23.622855,33.223941,18.656984,3.319655,4.882677,3.886171,0.891251,0.087760,7.346939,9.000000,51.428571,0.816327,2.000000,57.113292,57.407407,32.424263,0.000000,1.318356,1.684643,-0.366287,23.607047,27.018866,23.277810,1.491429,2.653531,1.157569,0.620855,0.125275,16.666667,13.000000,313.432836,1.282051,1.000000,5.048983,6.000000,91.780822,0.841497,2.000000,5.821372,0.000000,23.397436,0.000000,8.000000,19.923372,41.000000,227.737226,0.485936,8.000000,9.587124,9.000000,124.545455,1.065236,1.000000,7.147498,3.000000,80.291971,2.382499,2.000000,9.771755,17.000000,147.311828,0.574809,7.000000,6.220736,7.000000,130.985915,0.888677,4.000000,4.985955,0.000000,33.177570,0.000000,8.000000,13.064713,27.000000,157.352941,0.483878,8.000000,9.054594,8.000000,200.000000,1.131824,1.000000,4.331210,0.000000,32.380952,0.000000,7.000000,8.000000,1.000000,26.000000,-1.000000,,,,39.142565,21.951220,43.910334,-0.737743,-0.636710,-0.101033,13.257014,22.084244,35.152286,-4.119418,-5.065211,-0.176259,0.058505,,0.000000,,0.000000,25.000000,25.000000,0.000000,0.000000,0.000000,0.000000,0.000000,0.000000,0.000000,0.000000,0.500000,0.000000,1.018166,0.172414,59.000000,313.432836,46.012270,3.609992,0.538013
2024-06-17T18:30:00Z,0.978920,no_impulse,0,BAJFINANCE,1d,1.000000,171.544715,16.549020,9.000000,1.838780,4.249920,5.397029,4.604765,8.798283,1.000000,155.696203,8.798283,8.000000,39.142565,21.951220,43.910334,1.000000,-0.737743,-0.636710,-0.101033,13.257014,22.084244,35.152286,-4.119418,-5.065210,-7.253774,-0.176259,0.058505,5.989386,2.000000,108.219178,2.994693,1.000000,54.570959,81.012658,38.876366,1.000000,-0.399295,-0.575640,0.176345,12.520503,28.172304,21.614755,1.570456,0.893649,-1.040732,0.811495,0.051221,5.244253,3.000000,97.333333,1.748084,2.000000,38.490376,6.849315,47.060883,1.000000,-0.585211,-0.649103,0.063892,12.673074,22.276652,27.137167,-2.794089,-3.577525,-5.597904,-0.014878,0.052792,5.694761,12.000000,46.012270,0.474563,3.000000,53.606487,82.666667,70.273164,1.000000,-0.514256,-0.783746,0.269490,12.125606,28.109597,17.429851,1.068556,0.380623,-1.485510,0.705841,0.052472,11.013514,4.000000,114.788732,2.753378,4.000000,37.016436,2.395210,14.040412,1.000000,-0.760445,0.109381,-0.869826,17.664323,27.420725,29.441143,-4.969741,-5.002002,-6.410267,0.108668,0.120983,10.612855,4.000000,97.260274,2.653214,3.000000,47.539467,32.876712,30.136986,1.000000,0.112484,0.826317,-0.713833,20.345236,35.261998,23.430378,-1.184832,-0.467926,-1.564577,0.387697,0.104268,9.838275,2.000000,119.672131,4.919137,8.000000,39.810722,5.479452,56.744517,0.000000,1.110506,1.606572,-0.496066,22.656578,22.893500,33.553511,-5.061697,-3.637026,-4.672650,-0.056661,0.086549,8.957416,3.000000,112.962963,2.985805,1.000000,63.809507,85.245902,85.822708,1.000000,1.600019,1.578722,0.021297,23.622855,33.223941,18.656984,3.319655,4.882677,3.886171,0.891251,0.087760,7.346939,9.000000,51.428571,0.816327,2.000000,16.666667,13.000000,313.432836,1.282051,1.000000,5.048983,6.000000,91.780822,0.841497,2.000000,5.821372,0.000000,23.397436,0.000000,8.000000,19.923372,41.000000,227.737226,0.485936,8.000000,9.587124,9.000000,124.545455,1.065236,1.000000,7.147498,3.000000,80.291971,2.382499,2.000000,9.771755,17.000000,147.311828,0.574809,7.000000,6.220736,7.000000,130.985915,0.888677,4.000000,4.985955,0.000000,33.177570,0.000000,8.000000,13.064713,27.000000,157.352941,0.483878,8.000000,9.054594,8.000000,200.000000,1.131824,1.000000,1.000000,1.000000,9.000000,-1.000000,,,,63.271383,90.995261,94.940764,1.653270,0.802990,0.850280,14.876666,31.438419,18.750272,4.249920,5.397029,0.828590,0.135079,,0.000000,,0.000000,25.000000,25.000000,0.000000,0.000000,0.000000,0.000000,0.000000,0.000000,0.000000,0.000000,0.500000,0.000000,1.835469,1.698113,68.000000,313.432836,46.012270,3.383006,0.733203
2024-07-23T18:30:00Z,0.861660,no_impulse,0,BAJFINANCE,1d,-1.000000,84.360190,11.978466,25.000000,0.479139,-5.649808,-5.885267,-6.068261,16.549020,9.000000,171.544715,1.838780,1.000000,63.271383,90.995261,94.940764,0.000000,1.653270,0.802990,0.850280,14.876666,31.438419,18.750272,4.249920,5.397029,4.604765,0.828590,0.135079,8.798283,1.000000,155.696203,8.798283,8.000000,39.142565,21.951220,43.910334,1.000000,-0.737743,-0.636710,-0.101033,13.257014,22.084244,35.152286,-4.119418,-5.065210,-7.253774,-0.176259,0.058505,5.989386,2.000000,108.219178,2.994693,1.000000,54.570959,81.012658,38.876366,1.000000,-0.399295,-0.575640,0.176345,12.520503,28.172304,21.614755,1.570456,0.893649,-1.040732,0.811495,0.051221,5.244253,3.000000,97.333333,1.748084,2.000000,38.490376,6.849315,47.060883,1.000000,-0.585211,-0.649103,0.063892,12.673074,22.276652,27.137167,-2.794089,-3.577525,-5.597904,-0.014878,0.052792,5.694761,12.000000,46.012270,0.474563,3.000000,53.606487,82.666667,70.273164,1.000000,-0.514256,-0.783746,0.269490,12.125606,28.109597,17.429851,1.068556,0.380623,-1.485510,0.705841,0.052472,11.013514,4.000000,114.788732,2.753378,4.000000,37.016436,2.395210,14.040412,1.000000,-0.760445,0.109381,-0.869826,17.664323,27.420725,29.441143,-4.969741,-5.002002,-6.410267,0.108668,0.120983,10.612855,4.000000,97.260274,2.653214,3.000000,47.539467,32.876712,30.136986,1.000000,0.112484,0.826317,-0.713833,20.345236,35.261998,23.430378,-1.184832,-0.467926,-1.564577,0.387697,0.104268,9.838275,2.000000,119.672131,4.919137,8.000000,39.810722,5.479452,56.744517,0.000000,1.110506,1.606572,-0.496066,22.656578,22.893500,33.553511,-5.061697,-3.637026,-4.672650,-0.056661,0.086549,8.957416,3.000000,112.962963,2.985805,1.000000,7.346939,9.000000,51.428571,0.816327,2.000000,16.666667,13.000000,313.432836,1.282051,1.000000,5.048983,6.000000,91.780822,0.841497,2.000000,5.821372,0.000000,23.397436,0.000000,8.000000,19.923372,41.000000,227.737226,0.485936,8.000000,9.587124,9.000000,124.545455,1.065236,1.000000,7.147498,3.000000,80.291971,2.382499,2.000000,9.771755,17.000000,147.311828,0.574809,7.000000,6.220736,7.000000,130.985915,0.888677,4.000000,4.985955,0.000000,33.177570,0.000000,8.000000,13.064713,27.000000,157.352941,0.483878,8.000000,2.000000,2.000000,34.000000,-1.000000,,,,31.860179,8.917197,10.629485,-1.071760,-0.241527,-0.830233,17.327735,9.576171,29.970405,-5.649808,-5.885267,-0.085176,0.091386,,0.000000,,0.000000,25.000000,25.000000,0.000000,0.000000,0.000000,0.000000,0.000000,0.000000,0.000000,0.000000,0.500000,0.000000,1.330280,5.102041,93.000000,171.544715,46.012270,3.353520,1.427475
2024-07-29T18:30:00Z,0.909091,no_impulse,0,BAJFINANCE,1d,1.000000,40.449438,5.504587,4.000000,1.376147,-1.383242,-2.128574,-2.662547,11.978466,25.000000,84.360190,0.479139,2.000000,31.860179,8.917197,10.629485,0.000000,-1.071760,-0.241527,-0.830233,17.327735,9.576171,29.970405,-5.649808,-5.885267,-6.068261,-0.085176,0.091386,16.549020,9.000000,171.544715,1.838780,1.000000,63.271383,90.995261,94.940764,0.000000,1.653270,0.802990,0.850280,14.876666,31.438419,18.750272,4.249920,5.397029,4.604765,0.828590,0.135079,8.798283,1.000000,155.696203,8.798283,8.000000,39.142565,21.951220,43.910334,1.000000,-0.737743,-0.636710,-0.101033,13.257014,22.084244,35.152286,-4.119418,-5.065210,-7.253774,-0.176259,0.058505,5.989386,2.000000,108.219178,2.994693,1.000000,54.570959,81.012658,38.876366,1.000000,-0.399295,-0.575640,0.176345,12.520503,28.172304,21.614755,1.570456,0.893649,-1.040732,0.811495,0.051221,5.244253,3.000000,97.333333,1.748084,2.000000,38.490376,6.849315,47.060883,1.000000,-0.585211,-0.649103,0.063892,12.673074,22.276652,27.137167,-2.794089,-3.577525,-5.597904,-0.014878,0.052792,5.694761,12.000000,46.012270,0.474563,3.000000,53.606487,82.666667,70.273164,1.000000,-0.514256,-0.783746,0.269490,12.125606,28.109597,17.429851,1.068556,0.380623,-1.485510,0.705841,0.052472,11.013514,4.000000,114.788732,2.753378,4.000000,37.016436,2.395210,14.040412,1.000000,-0.760445,0.109381,-0.869826,17.664323,27.420725,29.441143,-4.969741,-5.002002,-6.410267,0.108668,0.120983,10.612855,4.000000,97.260274,2.653214,3.000000,47.539467,32.876712,30.136986,1.000000,0.112484,0.826317,-0.713833,20.345236,35.261998,23.430378,-1.184832,-0.467926,-1.564577,0.387697,0.104268,9.838275,2.000000,119.672131,4.919137,8.000000,8.957416,3.000000,112.962963,2.985805,1.000000,7.346939,9.000000,51.428571,0.816327,2.000000,16.666667,13.000000,313.432836,1.282051,1.000000,5.048983,6.000000,91.780822,0.841497,2.000000,5.821372,0.000000,23.397436,0.000000,8.000000,19.923372,41.000000,227.737226,0.485936,8.000000,9.587124,9.000000,124.545455,1.065236,1.000000,7.147498,3.000000,80.291971,2.382499,2.000000,9.771755,17.000000,147.311828,0.574809,7.000000,6.220736,7.000000,130.985915,0.888677,4.000000,4.985955,0.000000,33.177570,0.000000,8.000000,3.000000,1.000000,38.000000,-1.000000,,,,43.710322,47.457627,44.480411,-1.231101,-0.845081,-0.386019,19.583014,18.120978,23.742367,-1.383242,-2.128574,0.366230,0.101993,,0.000000,,0.000000,25.000000,25.000000,0.000000,0.000000,0.000000,0.000000,0.000000,0.000000,0.000000,0.000000,0.500000,0.000000,0.581412,0.615385,97.000000,171.544715,46.012270,3.418366,2.204920
2024-08-15T18:30:00Z,0.846509,no_impulse,0,BAJFINANCE,1d,-1.000000,131.944444,6.884058,12.000000,0.573671,-1.495610,-3.617805,-5.581710,5.504587,4.000000,40.449438,1.376147,3.000000,43.710322,47.457627,44.480411,1.000000,-1.231101,-0.845081,-0.386019,19.583014,18.120978,23.742367,-1.383242,-2.128574,-2.662547,0.366230,0.101993,11.978466,25.000000,84.360190,0.479139,2.000000,31.860179,8.917197,10.629485,0.000000,-1.071760,-0.241527,-0.830233,17.327735,9.576171,29.970405,-5.649808,-5.885267,-6.068261,-0.085176,0.091386,16.549020,9.000000,171.544715,1.838780,1.000000,63.271383,90.995261,94.940764,0.000000,1.653270,0.802990,0.850280,14.876666,31.438419,18.750272,4.249920,5.397029,4.604765,0.828590,0.135079,8.798283,1.000000,155.696203,8.798283,8.000000,39.142565,21.951220,43.910334,1.000000,-0.737743,-0.636710,-0.101033,13.257014,22.084244,35.152286,-4.119418,-5.065210,-7.253774,-0.176259,0.058505,5.989386,2.000000,108.219178,2.994693,1.000000,54.570959,81.012658,38.876366,1.000000,-0.399295,-0.575640,0.176345,12.520503,28.172304,21.614755,1.570456,0.893649,-1.040732,0.811495,0.051221,5.244253,3.000000,97.333333,1.748084,2.000000,38.490376,6.849315,47.060883,1.000000,-0.585211,-0.649103,0.063892,12.673074,22.276652,27.137167,-2.794089,-3.577525,-5.597904,-0.014878,0.052792,5.694761,12.000000,46.012270,0.474563,3.000000,53.606487,82.666667,70.273164,1.000000,-0.514256,-0.783746,0.269490,12.125606,28.109597,17.429851,1.068556,0.380623,-1.485510,0.705841,0.052472,11.013514,4.000000,114.788732,2.753378,4.000000,37.016436,2.395210,14.040412,1.000000,-0.760445,0.109381,-0.869826,17.664323,27.420725,29.441143,-4.969741,-5.002002,-6.410267,0.108668,0.120983,10.612855,4.000000,97.260274,2.653214,3.000000,9.838275,2.000000,119.672131,4.919137,8.000000,8.957416,3.000000,112.962963,2.985805,1.000000,7.346939,9.000000,51.428571,0.816327,2.000000,16.666667,13.000000,313.432836,1.282051,1.000000,5.048983,6.000000,91.780822,0.841497,2.000000,5.821372,0.000000,23.397436,0.000000,8.000000,19.923372,41.000000,227.737226,0.485936,8.000000,9.587124,9.000000,124.545455,1.065236,1.000000,7.147498,3.000000,80.291971,2.382499,2.000000,9.771755,17.000000,147.311828,0.574809,7.000000,6.220736,7.000000,130.985915,0.888677,4.000000,4.000000,2.000000,50.000000,-1.000000,,,,41.832174,34.736842,14.817718,-1.792494,-1.659976,-0.132518,24.268996,16.965471,25.087018,-1.495610,-3.617805,0.310239,0.077654,,0.000000,,0.000000,25.000000,25.000000,0.000000,0.000000,0.000000,0.000000,0.000000,0.000000,0.000000,0.000000,0.500000,0.000000,0.754637,1.818182,109.000000,171.544715,40.449438,3.642651,1.698892
2024-09-15T18:30:00Z,1.011858,no_impulse,0,BAJFINANCE,1d,1.000000,264.210526,19.533074,21.000000,0.930146,2.178336,4.361915,4.835586,6.884058,12.000000,131.944444,0.573671,4.000000,41.832174,34.736842,14.817718,0.000000,-1.792494,-1.659976,-0.132518,24.268996,16.965471,25.087018,-1.495610,-3.617805,-5.581710,0.310239,0.077654,5.504587,4.000000,40.449438,1.376147,3.000000,43.710322,47.457627,44.480411,1.000000,-1.231101,-0.845081,-0.386019,19.583014,18.120978,23.742367,-1.383242,-2.128574,-2.662547,0.366230,0.101993,11.978466,25.000000,84.360190,0.479139,2.000000,31.860179,8.917197,10.629485,0.000000,-1.071760,-0.241527,-0.830233,17.327735,9.576171,29.970405,-5.649808,-5.885267,-6.068261,-0.085176,0.091386,16.549020,9.000000,171.544715,1.838780,1.000000,63.271383,90.995261,94.940764,0.000000,1.653270,0.802990,0.850280,14.876666,31.438419,18.750272,4.249920,5.397029,4.604765,0.828590,0.135079,8.798283,1.000000,155.696203,8.798283,8.000000,39.142565,21.951220,43.910334,1.000000,-0.737743,-0.636710,-0.101033,13.257014,22.084244,35.152286,-4.119418,-5.065210,-7.253774,-0.176259,0.058505,5.989386,2.000000,108.219178,2.994693,1.000000,54.570959,81.012658,38.876366,1.000000,-0.399295,-0.575640,0.176345,12.520503,28.172304,21.614755,1.570456,0.893649,-1.040732,0.811495,0.051221,5.244253,3.000000,97.333333,1.748084,2.000000,38.490376,6.849315,47.060883,1.000000,-0.585211,-0.649103,0.063892,12.673074,22.276652,27.137167,-2.794089,-3.577525,-5.597904,-0.014878,0.052792,5.694761,12.000000,46.012270,0.474563,3.000000,53.606487,82.666667,70.273164,1.000000,-0.514256,-0.783746,0.269490,12.125606,28.109597,17.429851,1.068556,0.380623,-1.485510,0.705841,0.052472,11.013514,4.000000,114.788732,2.753378,4.000000,10.612855,4.000000,97.260274,2.653214,3.000000,9.838275,2.000000,119.672131,4.919137,8.000000,8.957416,3.000000,112.962963,2.985805,1.000000,7.346939,9.000000,51.428571,0.816327,2.000000,16.666667,13.000000,313.432836,1.282051,1.000000,5.048983,6.000000,91.780822,0.841497,2.000000,5.821372,0.000000,23.397436,0.000000,8.000000,19.923372,41.000000,227.737226,0.485936,8.000000,9.587124,9.000000,124.545455,1.065236,1.000000,7.147498,3.000000,80.291971,2.382499,2.000000,9.771755,17.000000,147.311828,0.574809,7.000000,7.000000,3.000000,71.000000,-1.000000,,,,58.817602,59.638554,83.025784,2.300823,1.930934,0.369889,36.644360,28.903081,9.575059,2.178336,4.361915,0.642373,0.156409,,0.000000,,0.000000,25.000000,25.000000,0.000000,0.000000,0.000000,0.000000,0.000000,0.000000,0.000000,0.000000,0.500000,0.000000,2.212898,2.763158,130.000000,171.544715,40.449438,3.697518,0.777590
2024-09-16T18:30:00Z,0.959816,no_impulse,0,BAJFINANCE,1d,-1.000000,31.474104,5.143229,1.000000,5.143229,2.211216,4.440385,5.043323,19.533074,21.000000,264.210526,0.930146,7.000000,58.817602,59.638554,83.025784,1.000000,2.300823,1.930934,0.369889,36.644360,28.903081,9.575059,2.178336,4.361915,4.835586,0.642373,0.156409,6.884058,12.000000,131.944444,0.573671,4.000000,41.832174,34.736842,14.817718,0.000000,-1.792494,-1.659976,-0.132518,24.268996,16.965471,25.087018,-1.495610,-3.617805,-5.581710,0.310239,0.077654,5.504587,4.000000,40.449438,1.376147,3.000000,43.710322,47.457627,44.480411,1.000000,-1.231101,-0.845081,-0.386019,19.583014,18.120978,23.742367,-1.383242,-2.128574,-2.662547,0.366230,0.101993,11.978466,25.000000,84.360190,0.479139,2.000000,31.860179,8.917197,10.629485,0.000000,-1.071760,-0.241527,-0.830233,17.327735,9.576171,29.970405,-5.649808,-5.885267,-6.068261,-0.085176,0.091386,16.549020,9.000000,171.544715,1.838780,1.000000,63.271383,90.995261,94.940764,0.000000,1.653270,0.802990,0.850280,14.876666,31.438419,18.750272,4.249920,5.397029,4.604765,0.828590,0.135079,8.798283,1.000000,155.696203,8.798283,8.000000,39.142565,21.951220,43.910334,1.000000,-0.737743,-0.636710,-0.101033,13.257014,22.084244,35.152286,-4.119418,-5.065210,-7.253774,-0.176259,0.058505,5.989386,2.000000,108.219178,2.994693,1.000000,54.570959,81.012658,38.876366,1.000000,-0.399295,-0.575640,0.176345,12.520503,28.172304,21.614755,1.570456,0.893649,-1.040732,0.811495,0.051221,5.244253,3.000000,97.333333,1.748084,2.000000,38.490376,6.849315,47.060883,1.000000,-0.585211,-0.649103,0.063892,12.673074,22.276652,27.137167,-2.794089,-3.577525,-5.597904,-0.014878,0.052792,5.694761,12.000000,46.012270,0.474563,3.000000,11.013514,4.000000,114.788732,2.753378,4.000000,10.612855,4.000000,97.260274,2.653214,3.000000,9.838275,2.000000,119.672131,4.919137,8.000000,8.957416,3.000000,112.962963,2.985805,1.000000,7.346939,9.000000,51.428571,0.816327,2.000000,16.666667,13.000000,313.432836,1.282051,1.000000,5.048983,6.000000,91.780822,0.841497,2.000000,5.821372,0.000000,23.397436,0.000000,8.000000,19.923372,41.000000,227.737226,0.485936,8.000000,9.587124,9.000000,124.545455,1.065236,1.000000,7.147498,3.000000,80.291971,2.382499,2.000000,2.000000,1.000000,1.000000,-1.000000,,,,59.453418,60.625000,71.270647,2.198545,1.980262,0.218284,37.202519,26.894517,10.340399,2.211216,4.440385,0.651810,0.148950,,0.000000,,0.000000,25.000000,25.000000,0.000000,0.000000,0.000000,0.000000,0.000000,0.000000,0.000000,0.000000,0.500000,0.000000,0.529197,0.107527,1.000000,264.210526,40.449438,5.016860,0.855219
2024-09-29T18:30:00Z,1.030962,no_impulse,0,BAJFINANCE,1d,1.000000,136.708861,7.412491,9.000000,0.823610,2.949782,6.195291,8.445525,5.143229,1.000000,31.474104,5.143229,2.000000,59.453418,60.625000,71.270647,0.000000,2.198545,1.980262,0.218284,37.202519,26.894517,10.340399,2.211216,4.440385,5.043323,0.651810,0.148950,19.533074,21.000000,264.210526,0.930146,7.000000,58.817602,59.638554,83.025784,1.000000,2.300823,1.930934,0.369889,36.644360,28.903081,9.575059,2.178336,4.361915,4.835586,0.642373,0.156409,6.884058,12.000000,131.944444,0.573671,4.000000,41.832174,34.736842,14.817718,0.000000,-1.792494,-1.659976,-0.132518,24.268996,16.965471,25.087018,-1.495610,-3.617805,-5.581710,0.310239,0.077654,5.504587,4.000000,40.449438,1.376147,3.000000,43.710322,47.457627,44.480411,1.000000,-1.231101,-0.845081,-0.386019,19.583014,18.120978,23.742367,-1.383242,-2.128574,-2.662547,0.366230,0.101993,11.978466,25.000000,84.360190,0.479139,2.000000,31.860179,8.917197,10.629485,0.000000,-1.071760,-0.241527,-0.830233,17.327735,9.576171,29.970405,-5.649808,-5.885267,-6.068261,-0.085176,0.091386,16.549020,9.000000,171.544715,1.838780,1.000000,63.271383,90.995261,94.940764,0.000000,1.653270,0.802990,0.850280,14.876666,31.438419,18.750272,4.249920,5.397029,4.604765,0.828590,0.135079,8.798283,1.000000,155.696203,8.798283,8.000000,39.142565,21.951220,43.910334,1.000000,-0.737743,-0.636710,-0.101033,13.257014,22.084244,35.152286,-4.119418,-5.065210,-7.253774,-0.176259,0.058505,5.989386,2.000000,108.219178,2.994693,1.000000,54.570959,81.012658,38.876366,1.000000,-0.399295,-0.575640,0.176345,12.520503,28.172304,21.614755,1.570456,0.893649,-1.040732,0.811495,0.051221,5.244253,3.000000,97.333333,1.748084,2.000000,5.694761,12.000000,46.012270,0.474563,3.000000,11.013514,4.000000,114.788732,2.753378,4.000000,10.612855,4.000000,97.260274,2.653214,3.000000,9.838275,2.000000,119.672131,4.919137,8.000000,8.957416,3.000000,112.962963,2.985805,1.000000,7.346939,9.000000,51.428571,0.816327,2.000000,16.666667,13.000000,313.432836,1.282051,1.000000,5.048983,6.000000,91.780822,0.841497,2.000000,5.821372,0.000000,23.397436,0.000000,8.000000,19.923372,41.000000,227.737226,0.485936,8.000000,9.587124,9.000000,124.545455,1.065236,1.000000,1.000000,2.000000,10.000000,-1.000000,,,,64.788848,79.674797,89.702971,2.431983,2.328787,0.103196,43.280791,29.517193,10.481995,2.949782,6.195291,0.838719,0.089733,,0.000000,,0.000000,25.000000,25.000000,0.000000,0.000000,0.000000,0.000000,0.000000,0.000000,0.000000,0.000000,0.500000,0.000000,0.811713,1.000000,10.000000,264.210526,31.474104,5.189039,0.927371
2024-10-22T18:30:00Z,0.869565,no_impulse,0,BAJFINANCE,1d,-1.000000,226.851852,15.654952,16.000000,0.978435,-1.863340,-2.391886,-0.941675,7.412491,9.000000,136.708861,0.823610,1.000000,64.788848,79.674797,89.702971,0.000000,2.431983,2.328787,0.103196,43.280791,29.517193,10.481995,2.949782,6.195291,8.445525,0.838719,0.089733,5.143229,1.000000,31.474104,5.143229,2.000000,59.453418,60.625000,71.270647,0.000000,2.198545,1.980262,0.218284,37.202519,26.894517,10.340399,2.211216,4.440385,5.043323,0.651810,0.148950,19.533074,21.000000,264.210526,0.930146,7.000000,58.817602,59.638554,83.025784,1.000000,2.300823,1.930934,0.369889,36.644360,28.903081,9.575059,2.178336,4.361915,4.835586,0.642373,0.156409,6.884058,12.000000,131.944444,0.573671,4.000000,41.832174,34.736842,14.817718,0.000000,-1.792494,-1.659976,-0.132518,24.268996,16.965471,25.087018,-1.495610,-3.617805,-5.581710,0.310239,0.077654,5.504587,4.000000,40.449438,1.376147,3.000000,43.710322,47.457627,44.480411,1.000000,-1.231101,-0.845081,-0.386019,19.583014,18.120978,23.742367,-1.383242,-2.128574,-2.662547,0.366230,0.101993,11.978466,25.000000,84.360190,0.479139,2.000000,31.860179,8.917197,10.629485,0.000000,-1.071760,-0.241527,-0.830233,17.327735,9.576171,29.970405,-5.649808,-5.885267,-6.068261,-0.085176,0.091386,16.549020,9.000000,171.544715,1.838780,1.000000,63.271383,90.995261,94.940764,0.000000,1.653270,0.802990,0.850280,14.876666,31.438419,18.750272,4.249920,5.397029,4.604765,0.828590,0.135079,8.798283,1.000000,155.696203,8.798283,8.000000,39.142565,21.951220,43.910334,1.000000,-0.737743,-0.636710,-0.101033,13.257014,22.084244,35.152286,-4.119418,-5.065210,-7.253774,-0.176259,0.058505,5.989386,2.000000,108.219178,2.994693,1.000000,5.244253,3.000000,97.333333,1.748084,2.000000,5.694761,12.000000,46.012270,0.474563,3.000000,11.013514,4.000000,114.788732,2.753378,4.000000,10.612855,4.000000,97.260274,2.653214,3.000000,9.838275,2.000000,119.672131,4.919137,8.000000,8.957416,3.000000,112.962963,2.985805,1.000000,7.346939,9.000000,51.428571,0.816327,2.000000,16.666667,13.000000,313.432836,1.282051,1.000000,5.048983,6.000000,91.780822,0.841497,2.000000,5.821372,0.000000,23.397436,0.000000,8.000000,19.923372,41.000000,227.737226,0.485936,8.000000,8.000000,1.000000,26.000000,-1.000000,,,,43.738637,47.590361,18.947799,-1.889756,-0.996640,-0.893116,29.148016,19.901953,26.994332,-1.863340,-2.391886,0.399802,0.182563,,0.000000,,27.644426,1.612903,11.093190,-1.042406,-0.988491,-0.053915,50.074010,8.154675,28.635942,-2.168652,-4.268929,0.030315,0.045192,1.682662,1.839080,26.000000,264.210526,31.474104,5.090104,1.316890
2024-10-23T18:30:00Z,0.938076,no_impulse,0,BAJFINANCE,1d,1.000000,42.448980,7.878788,1.000000,7.878788,-1.096775,-1.669259,-0.293502,15.654952,16.000000,226.851852,0.978435,8.000000,43.738637,47.590361,18.947799,1.000000,-1.889756,-0.996640,-0.893116,29.148016,19.901953,26.994332,-1.863340,-2.391886,-0.941675,0.399802,0.182563,7.412491,9.000000,136.708861,0.823610,1.000000,64.788848,79.674797,89.702971,0.000000,2.431983,2.328787,0.103196,43.280791,29.517193,10.481995,2.949782,6.195291,8.445525,0.838719,0.089733,5.143229,1.000000,31.474104,5.143229,2.000000,59.453418,60.625000,71.270647,0.000000,2.198545,1.980262,0.218284,37.202519,26.894517,10.340399,2.211216,4.440385,5.043323,0.651810,0.148950,19.533074,21.000000,264.210526,0.930146,7.000000,58.817602,59.638554,83.025784,1.000000,2.300823,1.930934,0.369889,36.644360,28.903081,9.575059,2.178336,4.361915,4.835586,0.642373,0.156409,6.884058,12.000000,131.944444,0.573671,4.000000,41.832174,34.736842,14.817718,0.000000,-1.792494,-1.659976,-0.132518,24.268996,16.965471,25.087018,-1.495610,-3.617805,-5.581710,0.310239,0.077654,5.504587,4.000000,40.449438,1.376147,3.000000,43.710322,47.457627,44.480411,1.000000,-1.231101,-0.845081,-0.386019,19.583014,18.120978,23.742367,-1.383242,-2.128574,-2.662547,0.366230,0.101993,11.978466,25.000000,84.360190,0.479139,2.000000,31.860179,8.917197,10.629485,0.000000,-1.071760,-0.241527,-0.830233,17.327735,9.576171,29.970405,-5.649808,-5.885267,-6.068261,-0.085176,0.091386,16.549020,9.000000,171.544715,1.838780,1.000000,63.271383,90.995261,94.940764,0.000000,1.653270,0.802990,0.850280,14.876666,31.438419,18.750272,4.249920,5.397029,4.604765,0.828590,0.135079,8.798283,1.000000,155.696203,8.798283,8.000000,5.989386,2.000000,108.219178,2.994693,1.000000,5.244253,3.000000,97.333333,1.748084,2.000000,5.694761,12.000000,46.012270,0.474563,3.000000,11.013514,4.000000,114.788732,2.753378,4.000000,10.612855,4.000000,97.260274,2.653214,3.000000,9.838275,2.000000,119.672131,4.919137,8.000000,8.957416,3.000000,112.962963,2.985805,1.000000,7.346939,9.000000,51.428571,0.816327,2.000000,16.666667,13.000000,313.432836,1.282051,1.000000,5.048983,6.000000,91.780822,0.841497,2.000000,5.821372,0.000000,23.397436,0.000000,8.000000,3.000000,2.000000,1.000000,-1.000000,,,,45.580241,53.012048,34.791998,-1.722854,-1.136786,-0.586067,28.010271,19.681681,25.678047,-1.096775,-1.669260,0.438999,0.177846,,0.000000,,58.339772,81.000000,82.666667,0.498593,0.004159,0.494434,39.644047,28.733494,21.003865,1.335289,0.722792,0.664663,0.082190,0.761622,0.100000,,264.210526,31.474104,5.230294,0.883745
2024-11-20T18:30:00Z,0.849802,no_impulse,0,BAJFINANCE,1d,-1.000000,128.846154,9.410112,18.000000,0.522784,-4.915270,-7.595247,-8.521704,7.878788,1.000000,42.448980,7.878788,3.000000,45.580241,53.012048,34.791998,0.000000,-1.722854,-1.136786,-0.586067,28.010271,19.681681,25.678047,-1.096775,-1.669259,-0.293502,0.438999,0.177846,15.654952,16.000000,226.851852,0.978435,8.000000,43.738637,47.590361,18.947799,1.000000,-1.889756,-0.996640,-0.893116,29.148016,19.901953,26.994332,-1.863340,-2.391886,-0.941675,0.399802,0.182563,7.412491,9.000000,136.708861,0.823610,1.000000,64.788848,79.674797,89.702971,0.000000,2.431983,2.328787,0.103196,43.280791,29.517193,10.481995,2.949782,6.195291,8.445525,0.838719,0.089733,5.143229,1.000000,31.474104,5.143229,2.000000,59.453418,60.625000,71.270647,0.000000,2.198545,1.980262,0.218284,37.202519,26.894517,10.340399,2.211216,4.440385,5.043323,0.651810,0.148950,19.533074,21.000000,264.210526,0.930146,7.000000,58.817602,59.638554,83.025784,1.000000,2.300823,1.930934,0.369889,36.644360,28.903081,9.575059,2.178336,4.361915,4.835586,0.642373,0.156409,6.884058,12.000000,131.944444,0.573671,4.000000,41.832174,34.736842,14.817718,0.000000,-1.792494,-1.659976,-0.132518,24.268996,16.965471,25.087018,-1.495610,-3.617805,-5.581710,0.310239,0.077654,5.504587,4.000000,40.449438,1.376147,3.000000,43.710322,47.457627,44.480411,1.000000,-1.231101,-0.845081,-0.386019,19.583014,18.120978,23.742367,-1.383242,-2.128574,-2.662547,0.366230,0.101993,11.978466,25.000000,84.360190,0.479139,2.000000,31.860179,8.917197,10.629485,0.000000,-1.071760,-0.241527,-0.830233,17.327735,9.576171,29.970405,-5.649808,-5.885267,-6.068261,-0.085176,0.091386,16.549020,9.000000,171.544715,1.838780,1.000000,8.798283,1.000000,155.696203,8.798283,8.000000,5.989386,2.000000,108.219178,2.994693,1.000000,5.244253,3.000000,97.333333,1.748084,2.000000,5.694761,12.000000,46.012270,0.474563,3.000000,11.013514,4.000000,114.788732,2.753378,4.000000,10.612855,4.000000,97.260274,2.653214,3.000000,9.838275,2.000000,119.672131,4.919137,8.000000,8.957416,3.000000,112.962963,2.985805,1.000000,7.346939,9.000000,51.428571,0.816327,2.000000,16.666667,13.000000,313.432836,1.282051,1.000000,5.048983,6.000000,91.780822,0.841497,2.000000,4.000000,3.000000,19.000000,-1.000000,,,,31.001567,2.542373,7.611547,-2.363954,-1.945283,-0.418671,41.739321,7.111317,29.950977,-4.915270,-7.595247,0.055546,0.105410,,0.000000,,33.665092,9.375000,26.339286,-0.388855,-0.414843,0.025988,18.051473,17.318242,25.161813,-1.392806,-2.484975,-0.317501,0.016803,0.893334,1.818182,,264.210526,31.474104,5.087660,0.980541
2024-11-24T18:30:00Z,0.903821,no_impulse,0,BAJFINANCE,1d,1.000000,61.194030,6.356589,2.000000,3.178295,-1.197244,-3.742589,-4.852286,9.410112,18.000000,128.846154,0.522784,4.000000,31.001567,2.542373,7.611547,1.000000,-2.363954,-1.945283,-0.418671,41.739321,7.111317,29.950977,-4.915270,-7.595247,-8.521704,0.055546,0.105410,7.878788,1.000000,42.448980,7.878788,3.000000,45.580241,53.012048,34.791998,0.000000,-1.722854,-1.136786,-0.586067,28.010271,19.681681,25.678047,-1.096775,-1.669259,-0.293502,0.438999,0.177846,15.654952,16.000000,226.851852,0.978435,8.000000,43.738637,47.590361,18.947799,1.000000,-1.889756,-0.996640,-0.893116,29.148016,19.901953,26.994332,-1.863340,-2.391886,-0.941675,0.399802,0.182563,7.412491,9.000000,136.708861,0.823610,1.000000,64.788848,79.674797,89.702971,0.000000,2.431983,2.328787,0.103196,43.280791,29.517193,10.481995,2.949782,6.195291,8.445525,0.838719,0.089733,5.143229,1.000000,31.474104,5.143229,2.000000,59.453418,60.625000,71.270647,0.000000,2.198545,1.980262,0.218284,37.202519,26.894517,10.340399,2.211216,4.440385,5.043323,0.651810,0.148950,19.533074,21.000000,264.210526,0.930146,7.000000,58.817602,59.638554,83.025784,1.000000,2.300823,1.930934,0.369889,36.644360,28.903081,9.575059,2.178336,4.361915,4.835586,0.642373,0.156409,6.884058,12.000000,131.944444,0.573671,4.000000,41.832174,34.736842,14.817718,0.000000,-1.792494,-1.659976,-0.132518,24.268996,16.965471,25.087018,-1.495610,-3.617805,-5.581710,0.310239,0.077654,5.504587,4.000000,40.449438,1.376147,3.000000,43.710322,47.457627,44.480411,1.000000,-1.231101,-0.845081,-0.386019,19.583014,18.120978,23.742367,-1.383242,-2.128574,-2.662547,0.366230,0.101993,11.978466,25.000000,84.360190,0.479139,2.000000,16.549020,9.000000,171.544715,1.838780,1.000000,8.798283,1.000000,155.696203,8.798283,8.000000,5.989386,2.000000,108.219178,2.994693,1.000000,5.244253,3.000000,97.333333,1.748084,2.000000,5.694761,12.000000,46.012270,0.474563,3.000000,11.013514,4.000000,114.788732,2.753378,4.000000,10.612855,4.000000,97.260274,2.653214,3.000000,9.838275,2.000000,119.672131,4.919137,8.000000,8.957416,3.000000,112.962963,2.985805,1.000000,7.346939,9.000000,51.428571,0.816327,2.000000,16.666667,13.000000,313.432836,1.282051,1.000000,3.000000,4.000000,21.000000,-1.000000,,,,43.395833,39.830508,27.401130,-1.961933,-1.935260,-0.026673,40.344497,15.774833,24.471178,-1.197244,-3.742589,0.381784,0.100078,,0.000000,,73.605973,82.926829,92.225610,0.416227,-0.065397,0.481624,26.121899,47.003661,11.868053,2.703206,2.356444,1.019694,0.053460,0.599968,0.172414,,264.210526,31.474104,5.068113,1.026647
2024-12-01T18:30:00Z,0.855072,no_impulse,0,BAJFINANCE,1d,-1.000000,90.243902,5.393586,5.000000,1.078717,-0.817013,-3.406103,-5.112605,6.356589,2.000000,61.194030,3.178295,3.000000,43.395833,39.830508,27.401130,1.000000,-1.961933,-1.935260,-0.026673,40.344497,15.774833,24.471178,-1.197244,-3.742589,-4.852286,0.381784,0.100078,9.410112,18.000000,128.846154,0.522784,4.000000,31.001567,2.542373,7.611547,1.000000,-2.363954,-1.945283,-0.418671,41.739321,7.111317,29.950977,-4.915270,-7.595247,-8.521704,0.055546,0.105410,7.878788,1.000000,42.448980,7.878788,3.000000,45.580241,53.012048,34.791998,0.000000,-1.722854,-1.136786,-0.586067,28.010271,19.681681,25.678047,-1.096775,-1.669259,-0.293502,0.438999,0.177846,15.654952,16.000000,226.851852,0.978435,8.000000,43.738637,47.590361,18.947799,1.000000,-1.889756,-0.996640,-0.893116,29.148016,19.901953,26.994332,-1.863340,-2.391886,-0.941675,0.399802,0.182563,7.412491,9.000000,136.708861,0.823610,1.000000,64.788848,79.674797,89.702971,0.000000,2.431983,2.328787,0.103196,43.280791,29.517193,10.481995,2.949782,6.195291,8.445525,0.838719,0.089733,5.143229,1.000000,31.474104,5.143229,2.000000,59.453418,60.625000,71.270647,0.000000,2.198545,1.980262,0.218284,37.202519,26.894517,10.340399,2.211216,4.440385,5.043323,0.651810,0.148950,19.533074,21.000000,264.210526,0.930146,7.000000,58.817602,59.638554,83.025784,1.000000,2.300823,1.930934,0.369889,36.644360,28.903081,9.575059,2.178336,4.361915,4.835586,0.642373,0.156409,6.884058,12.000000,131.944444,0.573671,4.000000,41.832174,34.736842,14.817718,0.000000,-1.792494,-1.659976,-0.132518,24.268996,16.965471,25.087018,-1.495610,-3.617805,-5.581710,0.310239,0.077654,5.504587,4.000000,40.449438,1.376147,3.000000,11.978466,25.000000,84.360190,0.479139,2.000000,16.549020,9.000000,171.544715,1.838780,1.000000,8.798283,1.000000,155.696203,8.798283,8.000000,5.989386,2.000000,108.219178,2.994693,1.000000,5.244253,3.000000,97.333333,1.748084,2.000000,5.694761,12.000000,46.012270,0.474563,3.000000,11.013514,4.000000,114.788732,2.753378,4.000000,10.612855,4.000000,97.260274,2.653214,3.000000,9.838275,2.000000,119.672131,4.919137,8.000000,8.957416,3.000000,112.962963,2.985805,1.000000,7.346939,9.000000,51.428571,0.816327,2.000000,2.000000,1.000000,26.000000,-1.000000,,,,45.155534,43.956044,26.375178,-1.624833,-1.808947,0.184115,37.257351,13.650976,23.712819,-0.817013,-3.406103,0.413093,0.093248,,0.000000,,35.856027,8.510638,25.300648,-0.444505,-0.338116,-0.106390,19.452588,13.637973,26.784490,-1.267502,-1.729066,0.200316,0.041765,0.563261,0.458716,52.000000,264.210526,31.474104,4.752714,0.838175
2024-12-16T18:30:00Z,0.956522,no_impulse,0,BAJFINANCE,1d,1.000000,208.108108,11.864407,11.000000,1.078582,3.234201,3.237746,2.255089,5.393586,5.000000,90.243902,1.078717,2.000000,45.155534,43.956044,26.375178,0.000000,-1.624833,-1.808947,0.184115,37.257351,13.650976,23.712819,-0.817013,-3.406103,-5.112605,0.413093,0.093248,6.356589,2.000000,61.194030,3.178295,3.000000,43.395833,39.830508,27.401130,1.000000,-1.961933,-1.935260,-0.026673,40.344497,15.774833,24.471178,-1.197244,-3.742589,-4.852286,0.381784,0.100078,9.410112,18.000000,128.846154,0.522784,4.000000,31.001567,2.542373,7.611547,1.000000,-2.363954,-1.945283,-0.418671,41.739321,7.111317,29.950977,-4.915270,-7.595247,-8.521704,0.055546,0.105410,7.878788,1.000000,42.448980,7.878788,3.000000,45.580241,53.012048,34.791998,0.000000,-1.722854,-1.136786,-0.586067,28.010271,19.681681,25.678047,-1.096775,-1.669259,-0.293502,0.438999,0.177846,15.654952,16.000000,226.851852,0.978435,8.000000,43.738637,47.590361,18.947799,1.000000,-1.889756,-0.996640,-0.893116,29.148016,19.901953,26.994332,-1.863340,-2.391886,-0.941675,0.399802,0.182563,7.412491,9.000000,136.708861,0.823610,1.000000,64.788848,79.674797,89.702971,0.000000,2.431983,2.328787,0.103196,43.280791,29.517193,10.481995,2.949782,6.195291,8.445525,0.838719,0.089733,5.143229,1.000000,31.474104,5.143229,2.000000,59.453418,60.625000,71.270647,0.000000,2.198545,1.980262,0.218284,37.202519,26.894517,10.340399,2.211216,4.440385,5.043323,0.651810,0.148950,19.533074,21.000000,264.210526,0.930146,7.000000,58.817602,59.638554,83.025784,1.000000,2.300823,1.930934,0.369889,36.644360,28.903081,9.575059,2.178336,4.361915,4.835586,0.642373,0.156409,6.884058,12.000000,131.944444,0.573671,4.000000,5.504587,4.000000,40.449438,1.376147,3.000000,11.978466,25.000000,84.360190,0.479139,2.000000,16.549020,9.000000,171.544715,1.838780,1.000000,8.798283,1.000000,155.696203,8.798283,8.000000,5.989386,2.000000,108.219178,2.994693,1.000000,5.244253,3.000000,97.333333,1.748084,2.000000,5.694761,12.000000,46.012270,0.474563,3.000000,11.013514,4.000000,114.788732,2.753378,4.000000,10.612855,4.000000,97.260274,2.653214,3.000000,9.838275,2.000000,119.672131,4.919137,8.000000,8.957416,3.000000,112.962963,2.985805,1.000000,1.000000,2.000000,37.000000,-1.000000,,,,63.817819,85.714286,91.657225,1.255036,0.328149,0.926887,25.882828,22.558249,17.016163,3.234201,3.237746,0.750556,0.133395,,0.000000,,63.422060,81.481481,85.185185,0.771813,0.826417,-0.054604,32.462164,30.226780,14.688389,0.654344,2.266452,0.724451,0.029345,1.330516,1.235955,63.000000,264.210526,31.474104,4.838210,0.683776
2024-12-30T18:30:00Z,0.894598,no_impulse,0,BAJFINANCE,1d,-1.000000,61.038961,6.473829,9.000000,0.719314,-1.059586,-1.273632,-2.341404,11.864407,11.000000,208.108108,1.078582,1.000000,63.817819,85.714286,91.657225,1.000000,1.255036,0.328149,0.926887,25.882828,22.558249,17.016163,3.234201,3.237746,2.255089,0.750556,0.133395,5.393586,5.000000,90.243902,1.078717,2.000000,45.155534,43.956044,26.375178,0.000000,-1.624833,-1.808947,0.184115,37.257351,13.650976,23.712819,-0.817013,-3.406103,-5.112605,0.413093,0.093248,6.356589,2.000000,61.194030,3.178295,3.000000,43.395833,39.830508,27.401130,1.000000,-1.961933,-1.935260,-0.026673,40.344497,15.774833,24.471178,-1.197244,-3.742589,-4.852286,0.381784,0.100078,9.410112,18.000000,128.846154,0.522784,4.000000,31.001567,2.542373,7.611547,1.000000,-2.363954,-1.945283,-0.418671,41.739321,7.111317,29.950977,-4.915270,-7.595247,-8.521704,0.055546,0.105410,7.878788,1.000000,42.448980,7.878788,3.000000,45.580241,53.012048,34.791998,0.000000,-1.722854,-1.136786,-0.586067,28.010271,19.681681,25.678047,-1.096775,-1.669259,-0.293502,0.438999,0.177846,15.654952,16.000000,226.851852,0.978435,8.000000,43.738637,47.590361,18.947799,1.000000,-1.889756,-0.996640,-0.893116,29.148016,19.901953,26.994332,-1.863340,-2.391886,-0.941675,0.399802,0.182563,7.412491,9.000000,136.708861,0.823610,1.000000,64.788848,79.674797,89.702971,0.000000,2.431983,2.328787,0.103196,43.280791,29.517193,10.481995,2.949782,6.195291,8.445525,0.838719,0.089733,5.143229,1.000000,31.474104,5.143229,2.000000,59.453418,60.625000,71.270647,0.000000,2.198545,1.980262,0.218284,37.202519,26.894517,10.340399,2.211216,4.440385,5.043323,0.651810,0.148950,19.533074,21.000000,264.210526,0.930146,7.000000,6.884058,12.000000,131.944444,0.573671,4.000000,5.504587,4.000000,40.449438,1.376147,3.000000,11.978466,25.000000,84.360190,0.479139,2.000000,16.549020,9.000000,171.544715,1.838780,1.000000,8.798283,1.000000,155.696203,8.798283,8.000000,5.989386,2.000000,108.219178,2.994693,1.000000,5.244253,3.000000,97.333333,1.748084,2.000000,5.694761,12.000000,46.012270,0.474563,3.000000,11.013514,4.000000,114.788732,2.753378,4.000000,10.612855,4.000000,97.260274,2.653214,3.000000,9.838275,2.000000,119.672131,4.919137,8.000000,2.000000,3.000000,46.000000,-1.000000,,,,45.947728,6.382979,17.181423,0.104890,0.390371,-0.285481,20.617699,18.268870,24.414294,-1.059586,-1.273632,0.379797,0.087225,,0.000000,,49.110912,36.363636,39.314195,0.065126,0.052578,0.012549,23.141585,22.731487,14.693055,-0.071464,-0.299209,0.474327,0.027816,0.677666,0.937500,72.000000,264.210526,31.474104,4.757107,0.716813
2025-01-05T18:30:00Z,1.001318,no_impulse,0,BAJFINANCE,1d,1.000000,172.340426,11.929308,4.000000,2.982327,4.458659,5.283466,4.881931,6.473829,9.000000,61.038961,0.719314,2.000000,45.947728,6.382979,17.181423,0.000000,0.104890,0.390371,-0.285481,20.617699,18.268870,24.414294,-1.059586,-1.273632,-2.341404,0.379797,0.087225,11.864407,11.000000,208.108108,1.078582,1.000000,63.817819,85.714286,91.657225,1.000000,1.255036,0.328149,0.926887,25.882828,22.558249,17.016163,3.234201,3.237746,2.255089,0.750556,0.133395,5.393586,5.000000,90.243902,1.078717,2.000000,45.155534,43.956044,26.375178,0.000000,-1.624833,-1.808947,0.184115,37.257351,13.650976,23.712819,-0.817013,-3.406103,-5.112605,0.413093,0.093248,6.356589,2.000000,61.194030,3.178295,3.000000,43.395833,39.830508,27.401130,1.000000,-1.961933,-1.935260,-0.026673,40.344497,15.774833,24.471178,-1.197244,-3.742589,-4.852286,0.381784,0.100078,9.410112,18.000000,128.846154,0.522784,4.000000,31.001567,2.542373,7.611547,1.000000,-2.363954,-1.945283,-0.418671,41.739321,7.111317,29.950977,-4.915270,-7.595247,-8.521704,0.055546,0.105410,7.878788,1.000000,42.448980,7.878788,3.000000,45.580241,53.012048,34.791998,0.000000,-1.722854,-1.136786,-0.586067,28.010271,19.681681,25.678047,-1.096775,-1.669259,-0.293502,0.438999,0.177846,15.654952,16.000000,226.851852,0.978435,8.000000,43.738637,47.590361,18.947799,1.000000,-1.889756,-0.996640,-0.893116,29.148016,19.901953,26.994332,-1.863340,-2.391886,-0.941675,0.399802,0.182563,7.412491,9.000000,136.708861,0.823610,1.000000,64.788848,79.674797,89.702971,0.000000,2.431983,2.328787,0.103196,43.280791,29.517193,10.481995,2.949782,6.195291,8.445525,0.838719,0.089733,5.143229,1.000000,31.474104,5.143229,2.000000,19.533074,21.000000,264.210526,0.930146,7.000000,6.884058,12.000000,131.944444,0.573671,4.000000,5.504587,4.000000,40.449438,1.376147,3.000000,11.978466,25.000000,84.360190,0.479139,2.000000,16.549020,9.000000,171.544715,1.838780,1.000000,8.798283,1.000000,155.696203,8.798283,8.000000,5.989386,2.000000,108.219178,2.994693,1.000000,5.244253,3.000000,97.333333,1.748084,2.000000,5.694761,12.000000,46.012270,0.474563,3.000000,11.013514,4.000000,114.788732,2.753378,4.000000,10.612855,4.000000,97.260274,2.653214,3.000000,1.000000,4.000000,50.000000,-1.000000,,,,65.639034,69.135802,83.403249,1.327064,0.682727,0.644338,23.264049,37.065422,14.925215,4.458659,5.283466,0.922959,0.110335,,0.000000,,74.259229,91.011236,84.189964,1.872072,1.741612,0.130461,57.141319,48.377670,8.774411,3.573935,5.858707,0.808878,0.119996,1.254118,0.430108,76.000000,264.210526,31.474104,4.784371,1.003651
2025-01-14T18:30:00Z,0.936100,no_impulse,0,BAJFINANCE,1d,-1.000000,61.111111,6.513158,7.000000,0.930451,0.471678,1.978681,2.360829,11.929308,4.000000,172.340426,2.982327,1.000000,65.639034,69.135802,83.403249,0.000000,1.327064,0.682727,0.644338,23.264049,37.065422,14.925215,4.458659,5.283466,4.881931,0.922959,0.110335,6.473829,9.000000,61.038961,0.719314,2.000000,45.947728,6.382979,17.181423,0.000000,0.104890,0.390371,-0.285481,20.617699,18.268870,24.414294,-1.059586,-1.273632,-2.341404,0.379797,0.087225,11.864407,11.000000,208.108108,1.078582,1.000000,63.817819,85.714286,91.657225,1.000000,1.255036,0.328149,0.926887,25.882828,22.558249,17.016163,3.234201,3.237746,2.255089,0.750556,0.133395,5.393586,5.000000,90.243902,1.078717,2.000000,45.155534,43.956044,26.375178,0.000000,-1.624833,-1.808947,0.184115,37.257351,13.650976,23.712819,-0.817013,-3.406103,-5.112605,0.413093,0.093248,6.356589,2.000000,61.194030,3.178295,3.000000,43.395833,39.830508,27.401130,1.000000,-1.961933,-1.935260,-0.026673,40.344497,15.774833,24.471178,-1.197244,-3.742589,-4.852286,0.381784,0.100078,9.410112,18.000000,128.846154,0.522784,4.000000,31.001567,2.542373,7.611547,1.000000,-2.363954,-1.945283,-0.418671,41.739321,7.111317,29.950977,-4.915270,-7.595247,-8.521704,0.055546,0.105410,7.878788,1.000000,42.448980,7.878788,3.000000,45.580241,53.012048,34.791998,0.000000,-1.722854,-1.136786,-0.586067,28.010271,19.681681,25.678047,-1.096775,-1.669259,-0.293502,0.438999,0.177846,15.654952,16.000000,226.851852,0.978435,8.000000,43.738637,47.590361,18.947799,1.000000,-1.889756,-0.996640,-0.893116,29.148016,19.901953,26.994332,-1.863340,-2.391886,-0.941675,0.399802,0.182563,7.412491,9.000000,136.708861,0.823610,1.000000,5.143229,1.000000,31.474104,5.143229,2.000000,19.533074,21.000000,264.210526,0.930146,7.000000,6.884058,12.000000,131.944444,0.573671,4.000000,5.504587,4.000000,40.449438,1.376147,3.000000,11.978466,25.000000,84.360190,0.479139,2.000000,16.549020,9.000000,171.544715,1.838780,1.000000,8.798283,1.000000,155.696203,8.798283,8.000000,5.989386,2.000000,108.219178,2.994693,1.000000,5.244253,3.000000,97.333333,1.748084,2.000000,5.694761,12.000000,46.012270,0.474563,3.000000,11.013514,4.000000,114.788732,2.753378,4.000000,2.000000,5.000000,57.000000,-1.000000,,,,53.292654,48.148148,53.292181,1.395726,1.367583,0.028143,25.590578,27.843629,18.746596,0.471678,1.978681,0.537771,0.125471,,0.000000,,58.025435,80.392157,80.392157,0.197123,-0.016939,0.214061,21.963705,25.936921,18.100418,0.665799,0.994698,0.670807,0.039241,0.744214,0.921053,83.000000,226.851852,31.474104,3.426259,1.430394
2025-02-05T18:30:00Z,1.140975,no_impulse,0,BAJFINANCE,1d,1.000000,314.141414,21.885996,17.000000,1.287412,8.120995,12.642901,16.214983,6.513158,7.000000,61.111111,0.930451,2.000000,53.292654,48.148148,53.292181,0.000000,1.395726,1.367583,0.028143,25.590578,27.843629,18.746596,0.471678,1.978681,2.360829,0.537771,0.125471,11.929308,4.000000,172.340426,2.982327,1.000000,65.639034,69.135802,83.403249,0.000000,1.327064,0.682727,0.644338,23.264049,37.065422,14.925215,4.458659,5.283466,4.881931,0.922959,0.110335,6.473829,9.000000,61.038961,0.719314,2.000000,45.947728,6.382979,17.181423,0.000000,0.104890,0.390371,-0.285481,20.617699,18.268870,24.414294,-1.059586,-1.273632,-2.341404,0.379797,0.087225,11.864407,11.000000,208.108108,1.078582,1.000000,63.817819,85.714286,91.657225,1.000000,1.255036,0.328149,0.926887,25.882828,22.558249,17.016163,3.234201,3.237746,2.255089,0.750556,0.133395,5.393586,5.000000,90.243902,1.078717,2.000000,45.155534,43.956044,26.375178,0.000000,-1.624833,-1.808947,0.184115,37.257351,13.650976,23.712819,-0.817013,-3.406103,-5.112605,0.413093,0.093248,6.356589,2.000000,61.194030,3.178295,3.000000,43.395833,39.830508,27.401130,1.000000,-1.961933,-1.935260,-0.026673,40.344497,15.774833,24.471178,-1.197244,-3.742589,-4.852286,0.381784,0.100078,9.410112,18.000000,128.846154,0.522784,4.000000,31.001567,2.542373,7.611547,1.000000,-2.363954,-1.945283,-0.418671,41.739321,7.111317,29.950977,-4.915270,-7.595247,-8.521704,0.055546,0.105410,7.878788,1.000000,42.448980,7.878788,3.000000,45.580241,53.012048,34.791998,0.000000,-1.722854,-1.136786,-0.586067,28.010271,19.681681,25.678047,-1.096775,-1.669259,-0.293502,0.438999,0.177846,15.654952,16.000000,226.851852,0.978435,8.000000,7.412491,9.000000,136.708861,0.823610,1.000000,5.143229,1.000000,31.474104,5.143229,2.000000,19.533074,21.000000,264.210526,0.930146,7.000000,6.884058,12.000000,131.944444,0.573671,4.000000,5.504587,4.000000,40.449438,1.376147,3.000000,11.978466,25.000000,84.360190,0.479139,2.000000,16.549020,9.000000,171.544715,1.838780,1.000000,8.798283,1.000000,155.696203,8.798283,8.000000,5.989386,2.000000,108.219178,2.994693,1.000000,5.244253,3.000000,97.333333,1.748084,2.000000,5.694761,12.000000,46.012270,0.474563,3.000000,1.000000,6.000000,74.000000,-1.000000,,,,78.536120,89.285714,94.161379,4.035687,2.874763,1.160924,43.176756,41.492790,7.126955,8.120995,12.642901,0.868516,0.239848,,0.000000,,72.197687,68.965517,70.114943,1.535807,1.664731,-0.128924,47.532023,31.775079,9.452223,1.431094,4.422346,0.861261,0.040189,2.462221,2.073171,100.000000,226.851852,42.448980,3.290652,1.055123
2025-02-11T18:30:00Z,1.057312,no_impulse,0,BAJFINANCE,1d,-1.000000,40.836013,7.332564,4.000000,1.833141,2.962758,7.968571,12.651972,21.885996,17.000000,314.141414,1.287412,1.000000,78.536120,89.285714,94.161379,0.000000,4.035687,2.874763,1.160924,43.176756,41.492790,7.126955,8.120995,12.642901,16.214983,0.868516,0.239848,6.513158,7.000000,61.111111,0.930451,2.000000,53.292654,48.148148,53.292181,0.000000,1.395726,1.367583,0.028143,25.590578,27.843629,18.746596,0.471678,1.978681,2.360829,0.537771,0.125471,11.929308,4.000000,172.340426,2.982327,1.000000,65.639034,69.135802,83.403249,0.000000,1.327064,0.682727,0.644338,23.264049,37.065422,14.925215,4.458659,5.283466,4.881931,0.922959,0.110335,6.473829,9.000000,61.038961,0.719314,2.000000,45.947728,6.382979,17.181423,0.000000,0.104890,0.390371,-0.285481,20.617699,18.268870,24.414294,-1.059586,-1.273632,-2.341404,0.379797,0.087225,11.864407,11.000000,208.108108,1.078582,1.000000,63.817819,85.714286,91.657225,1.000000,1.255036,0.328149,0.926887,25.882828,22.558249,17.016163,3.234201,3.237746,2.255089,0.750556,0.133395,5.393586,5.000000,90.243902,1.078717,2.000000,45.155534,43.956044,26.375178,0.000000,-1.624833,-1.808947,0.184115,37.257351,13.650976,23.712819,-0.817013,-3.406103,-5.112605,0.413093,0.093248,6.356589,2.000000,61.194030,3.178295,3.000000,43.395833,39.830508,27.401130,1.000000,-1.961933,-1.935260,-0.026673,40.344497,15.774833,24.471178,-1.197244,-3.742589,-4.852286,0.381784,0.100078,9.410112,18.000000,128.846154,0.522784,4.000000,31.001567,2.542373,7.611547,1.000000,-2.363954,-1.945283,-0.418671,41.739321,7.111317,29.950977,-4.915270,-7.595247,-8.521704,0.055546,0.105410,7.878788,1.000000,42.448980,7.878788,3.000000,15.654952,16.000000,226.851852,0.978435,8.000000,7.412491,9.000000,136.708861,0.823610,1.000000,5.143229,1.000000,31.474104,5.143229,2.000000,19.533074,21.000000,264.210526,0.930146,7.000000,6.884058,12.000000,131.944444,0.573671,4.000000,5.504587,4.000000,40.449438,1.376147,3.000000,11.978466,25.000000,84.360190,0.479139,2.000000,16.549020,9.000000,171.544715,1.838780,1.000000,8.798283,1.000000,155.696203,8.798283,8.000000,5.989386,2.000000,108.219178,2.994693,1.000000,5.244253,3.000000,97.333333,1.748084,2.000000,2.000000,7.000000,78.000000,-1.000000,,,,63.856699,68.214286,69.404762,3.666893,3.545042,0.121851,43.012272,30.675970,17.243047,2.962758,7.968571,0.631717,0.231802,,0.000000,,33.065497,11.428571,11.428571,-0.747927,-0.505157,-0.242770,22.929591,19.663803,24.915160,-1.281362,-1.043809,0.286798,0.059341,0.709415,0.444444,4.000000,314.141414,42.448980,5.198901,1.699341
2025-02-26T18:30:00Z,1.151515,no_impulse,0,BAJFINANCE,1d,1.000000,112.598425,8.909657,10.000000,0.890966,4.848794,9.763271,16.175735,7.332564,4.000000,40.836013,1.833141,2.000000,63.856699,68.214286,69.404762,0.000000,3.666893,3.545042,0.121851,43.012272,30.675970,17.243047,2.962758,7.968571,12.651972,0.631717,0.231802,21.885996,17.000000,314.141414,1.287412,1.000000,78.536120,89.285714,94.161379,0.000000,4.035687,2.874763,1.160924,43.176756,41.492790,7.126955,8.120995,12.642901,16.214983,0.868516,0.239848,6.513158,7.000000,61.111111,0.930451,2.000000,53.292654,48.148148,53.292181,0.000000,1.395726,1.367583,0.028143,25.590578,27.843629,18.746596,0.471678,1.978681,2.360829,0.537771,0.125471,11.929308,4.000000,172.340426,2.982327,1.000000,65.639034,69.135802,83.403249,0.000000,1.327064,0.682727,0.644338,23.264049,37.065422,14.925215,4.458659,5.283466,4.881931,0.922959,0.110335,6.473829,9.000000,61.038961,0.719314,2.000000,45.947728,6.382979,17.181423,0.000000,0.104890,0.390371,-0.285481,20.617699,18.268870,24.414294,-1.059586,-1.273632,-2.341404,0.379797,0.087225,11.864407,11.000000,208.108108,1.078582,1.000000,63.817819,85.714286,91.657225,1.000000,1.255036,0.328149,0.926887,25.882828,22.558249,17.016163,3.234201,3.237746,2.255089,0.750556,0.133395,5.393586,5.000000,90.243902,1.078717,2.000000,45.155534,43.956044,26.375178,0.000000,-1.624833,-1.808947,0.184115,37.257351,13.650976,23.712819,-0.817013,-3.406103,-5.112605,0.413093,0.093248,6.356589,2.000000,61.194030,3.178295,3.000000,43.395833,39.830508,27.401130,1.000000,-1.961933,-1.935260,-0.026673,40.344497,15.774833,24.471178,-1.197244,-3.742589,-4.852286,0.381784,0.100078,9.410112,18.000000,128.846154,0.522784,4.000000,7.878788,1.000000,42.448980,7.878788,3.000000,15.654952,16.000000,226.851852,0.978435,8.000000,7.412491,9.000000,136.708861,0.823610,1.000000,5.143229,1.000000,31.474104,5.143229,2.000000,19.533074,21.000000,264.210526,0.930146,7.000000,6.884058,12.000000,131.944444,0.573671,4.000000,5.504587,4.000000,40.449438,1.376147,3.000000,11.978466,25.000000,84.360190,0.479139,2.000000,16.549020,9.000000,171.544715,1.838780,1.000000,8.798283,1.000000,155.696203,8.798283,8.000000,5.989386,2.000000,108.219178,2.994693,1.000000,1.000000,8.000000,88.000000,-1.000000,,,,72.759953,95.104895,73.433915,2.706072,2.906735,-0.200662,37.179897,33.740061,13.776128,4.848794,9.763271,1.086586,0.086874,,0.000000,,76.853549,91.139241,81.894898,0.471926,0.202565,0.269361,24.519108,41.651083,12.895013,2.698754,3.167648,1.222732,0.038377,0.937480,1.282051,14.000000,314.141414,40.836013,4.911002,1.180529
2025-03-10T18:30:00Z,1.081686,no_impulse,0,BAJFINANCE,1d,-1.000000,74.125874,6.064073,8.000000,0.758009,-0.240953,3.911218,11.452917,8.909657,10.000000,112.598425,0.890966,1.000000,72.759953,95.104895,73.433915,1.000000,2.706072,2.906735,-0.200662,37.179897,33.740061,13.776128,4.848794,9.763271,16.175735,1.086586,0.086874,7.332564,4.000000,40.836013,1.833141,2.000000,63.856699,68.214286,69.404762,0.000000,3.666893,3.545042,0.121851,43.012272,30.675970,17.243047,2.962758,7.968571,12.651972,0.631717,0.231802,21.885996,17.000000,314.141414,1.287412,1.000000,78.536120,89.285714,94.161379,0.000000,4.035687,2.874763,1.160924,43.176756,41.492790,7.126955,8.120995,12.642901,16.214983,0.868516,0.239848,6.513158,7.000000,61.111111,0.930451,2.000000,53.292654,48.148148,53.292181,0.000000,1.395726,1.367583,0.028143,25.590578,27.843629,18.746596,0.471678,1.978681,2.360829,0.537771,0.125471,11.929308,4.000000,172.340426,2.982327,1.000000,65.639034,69.135802,83.403249,0.000000,1.327064,0.682727,0.644338,23.264049,37.065422,14.925215,4.458659,5.283466,4.881931,0.922959,0.110335,6.473829,9.000000,61.038961,0.719314,2.000000,45.947728,6.382979,17.181423,0.000000,0.104890,0.390371,-0.285481,20.617699,18.268870,24.414294,-1.059586,-1.273632,-2.341404,0.379797,0.087225,11.864407,11.000000,208.108108,1.078582,1.000000,63.817819,85.714286,91.657225,1.000000,1.255036,0.328149,0.926887,25.882828,22.558249,17.016163,3.234201,3.237746,2.255089,0.750556,0.133395,5.393586,5.000000,90.243902,1.078717,2.000000,45.155534,43.956044,26.375178,0.000000,-1.624833,-1.808947,0.184115,37.257351,13.650976,23.712819,-0.817013,-3.406103,-5.112605,0.413093,0.093248,6.356589,2.000000,61.194030,3.178295,3.000000,9.410112,18.000000,128.846154,0.522784,4.000000,7.878788,1.000000,42.448980,7.878788,3.000000,15.654952,16.000000,226.851852,0.978435,8.000000,7.412491,9.000000,136.708861,0.823610,1.000000,5.143229,1.000000,31.474104,5.143229,2.000000,19.533074,21.000000,264.210526,0.930146,7.000000,6.884058,12.000000,131.944444,0.573671,4.000000,5.504587,4.000000,40.449438,1.376147,3.000000,11.978466,25.000000,84.360190,0.479139,2.000000,16.549020,9.000000,171.544715,1.838780,1.000000,8.798283,1.000000,155.696203,8.798283,8.000000,2.000000,9.000000,96.000000,-1.000000,,,,52.465065,24.528302,27.727383,1.420140,2.113301,-0.693161,27.338625,24.260261,21.285071,-0.240953,3.911218,0.459015,0.058649,,0.000000,,40.002402,1.587302,5.845707,-0.177093,-0.106197,-0.070896,17.027113,25.271029,29.586967,-1.145078,-1.420620,0.050630,0.025193,0.631219,0.919540,22.000000,314.141414,40.836013,4.883845,1.530252
2025-03-24T18:30:00Z,1.220026,no_impulse,0,BAJFINANCE,1d,1.000000,198.113208,12.789281,9.000000,1.421031,4.981641,9.153140,17.289406,6.064073,8.000000,74.125874,0.758009,2.000000,52.465065,24.528302,27.727383,1.000000,1.420140,2.113301,-0.693161,27.338625,24.260261,21.285071,-0.240953,3.911218,11.452917,0.459015,0.058649,8.909657,10.000000,112.598425,0.890966,1.000000,72.759953,95.104895,73.433915,1.000000,2.706072,2.906735,-0.200662,37.179897,33.740061,13.776128,4.848794,9.763271,16.175735,1.086586,0.086874,7.332564,4.000000,40.836013,1.833141,2.000000,63.856699,68.214286,69.404762,0.000000,3.666893,3.545042,0.121851,43.012272,30.675970,17.243047,2.962758,7.968571,12.651972,0.631717,0.231802,21.885996,17.000000,314.141414,1.287412,1.000000,78.536120,89.285714,94.161379,0.000000,4.035687,2.874763,1.160924,43.176756,41.492790,7.126955,8.120995,12.642901,16.214983,0.868516,0.239848,6.513158,7.000000,61.111111,0.930451,2.000000,53.292654,48.148148,53.292181,0.000000,1.395726,1.367583,0.028143,25.590578,27.843629,18.746596,0.471678,1.978681,2.360829,0.537771,0.125471,11.929308,4.000000,172.340426,2.982327,1.000000,65.639034,69.135802,83.403249,0.000000,1.327064,0.682727,0.644338,23.264049,37.065422,14.925215,4.458659,5.283466,4.881931,0.922959,0.110335,6.473829,9.000000,61.038961,0.719314,2.000000,45.947728,6.382979,17.181423,0.000000,0.104890,0.390371,-0.285481,20.617699,18.268870,24.414294,-1.059586,-1.273632,-2.341404,0.379797,0.087225,11.864407,11.000000,208.108108,1.078582,1.000000,63.817819,85.714286,91.657225,1.000000,1.255036,0.328149,0.926887,25.882828,22.558249,17.016163,3.234201,3.237746,2.255089,0.750556,0.133395,5.393586,5.000000,90.243902,1.078717,2.000000,6.356589,2.000000,61.194030,3.178295,3.000000,9.410112,18.000000,128.846154,0.522784,4.000000,7.878788,1.000000,42.448980,7.878788,3.000000,15.654952,16.000000,226.851852,0.978435,8.000000,7.412491,9.000000,136.708861,0.823610,1.000000,5.143229,1.000000,31.474104,5.143229,2.000000,19.533074,21.000000,264.210526,0.930146,7.000000,6.884058,12.000000,131.944444,0.573671,4.000000,5.504587,4.000000,40.449438,1.376147,3.000000,11.978466,25.000000,84.360190,0.479139,2.000000,16.549020,9.000000,171.544715,1.838780,1.000000,1.000000,10.000000,105.000000,-1.000000,,,,70.897877,81.904762,86.418656,2.204727,1.757754,0.446974,29.572342,35.785151,13.430694,4.981641,9.153140,0.999927,0.104872,,0.000000,,73.470651,87.719298,94.382573,1.270685,1.123376,0.147309,41.105729,41.655922,12.305930,1.631015,3.459101,0.714541,0.077284,1.379297,1.168831,31.000000,314.141414,40.836013,5.011774,0.553115
2025-04-06T18:30:00Z,1.094862,no_impulse,0,BAJFINANCE,1d,-1.000000,90.476190,10.259179,8.000000,1.282397,-1.285569,2.230764,11.338772,12.789281,9.000000,198.113208,1.421031,1.000000,70.897877,81.904762,86.418656,0.000000,2.204727,1.757754,0.446974,29.572342,35.785151,13.430694,4.981641,9.153140,17.289406,0.999927,0.104872,6.064073,8.000000,74.125874,0.758009,2.000000,52.465065,24.528302,27.727383,1.000000,1.420140,2.113301,-0.693161,27.338625,24.260261,21.285071,-0.240953,3.911218,11.452917,0.459015,0.058649,8.909657,10.000000,112.598425,0.890966,1.000000,72.759953,95.104895,73.433915,1.000000,2.706072,2.906735,-0.200662,37.179897,33.740061,13.776128,4.848794,9.763271,16.175735,1.086586,0.086874,7.332564,4.000000,40.836013,1.833141,2.000000,63.856699,68.214286,69.404762,0.000000,3.666893,3.545042,0.121851,43.012272,30.675970,17.243047,2.962758,7.968571,12.651972,0.631717,0.231802,21.885996,17.000000,314.141414,1.287412,1.000000,78.536120,89.285714,94.161379,0.000000,4.035687,2.874763,1.160924,43.176756,41.492790,7.126955,8.120995,12.642901,16.214983,0.868516,0.239848,6.513158,7.000000,61.111111,0.930451,2.000000,53.292654,48.148148,53.292181,0.000000,1.395726,1.367583,0.028143,25.590578,27.843629,18.746596,0.471678,1.978681,2.360829,0.537771,0.125471,11.929308,4.000000,172.340426,2.982327,1.000000,65.639034,69.135802,83.403249,0.000000,1.327064,0.682727,0.644338,23.264049,37.065422,14.925215,4.458659,5.283466,4.881931,0.922959,0.110335,6.473829,9.000000,61.038961,0.719314,2.000000,45.947728,6.382979,17.181423,0.000000,0.104890,0.390371,-0.285481,20.617699,18.268870,24.414294,-1.059586,-1.273632,-2.341404,0.379797,0.087225,11.864407,11.000000,208.108108,1.078582,1.000000,5.393586,5.000000,90.243902,1.078717,2.000000,6.356589,2.000000,61.194030,3.178295,3.000000,9.410112,18.000000,128.846154,0.522784,4.000000,7.878788,1.000000,42.448980,7.878788,3.000000,15.654952,16.000000,226.851852,0.978435,8.000000,7.412491,9.000000,136.708861,0.823610,1.000000,5.143229,1.000000,31.474104,5.143229,2.000000,19.533074,21.000000,264.210526,0.930146,7.000000,6.884058,12.000000,131.944444,0.573671,4.000000,5.504587,4.000000,40.449438,1.376147,3.000000,11.978466,25.000000,84.360190,0.479139,2.000000,2.000000,11.000000,113.000000,-1.000000,,,,48.285879,27.368421,29.884712,1.052983,1.634009,-0.581026,23.314660,19.463363,27.373346,-1.285569,2.230764,0.378616,0.104565,,0.000000,,30.356141,14.285714,57.212885,-0.461095,-0.466523,0.005427,21.728778,19.091494,39.114377,-3.411805,-4.221937,-0.225051,0.045504,1.034652,0.952381,39.000000,314.141414,40.836013,5.008776,0.776985
2025-04-23T18:30:00Z,1.272727,no_impulse,0,BAJFINANCE,1d,1.000000,142.105263,16.245487,10.000000,1.624549,3.475149,7.279464,16.757661,10.259179,8.000000,90.476190,1.282397,2.000000,48.285879,27.368421,29.884712,0.000000,1.052983,1.634009,-0.581026,23.314660,19.463363,27.373346,-1.285569,2.230764,11.338772,0.378616,0.104565,12.789281,9.000000,198.113208,1.421031,1.000000,70.897877,81.904762,86.418656,0.000000,2.204727,1.757754,0.446974,29.572342,35.785151,13.430694,4.981641,9.153140,17.289406,0.999927,0.104872,6.064073,8.000000,74.125874,0.758009,2.000000,52.465065,24.528302,27.727383,1.000000,1.420140,2.113301,-0.693161,27.338625,24.260261,21.285071,-0.240953,3.911218,11.452917,0.459015,0.058649,8.909657,10.000000,112.598425,0.890966,1.000000,72.759953,95.104895,73.433915,1.000000,2.706072,2.906735,-0.200662,37.179897,33.740061,13.776128,4.848794,9.763271,16.175735,1.086586,0.086874,7.332564,4.000000,40.836013,1.833141,2.000000,63.856699,68.214286,69.404762,0.000000,3.666893,3.545042,0.121851,43.012272,30.675970,17.243047,2.962758,7.968571,12.651972,0.631717,0.231802,21.885996,17.000000,314.141414,1.287412,1.000000,78.536120,89.285714,94.161379,0.000000,4.035687,2.874763,1.160924,43.176756,41.492790,7.126955,8.120995,12.642901,16.214983,0.868516,0.239848,6.513158,7.000000,61.111111,0.930451,2.000000,53.292654,48.148148,53.292181,0.000000,1.395726,1.367583,0.028143,25.590578,27.843629,18.746596,0.471678,1.978681,2.360829,0.537771,0.125471,11.929308,4.000000,172.340426,2.982327,1.000000,65.639034,69.135802,83.403249,0.000000,1.327064,0.682727,0.644338,23.264049,37.065422,14.925215,4.458659,5.283466,4.881931,0.922959,0.110335,6.473829,9.000000,61.038961,0.719314,2.000000,11.864407,11.000000,208.108108,1.078582,1.000000,5.393586,5.000000,90.243902,1.078717,2.000000,6.356589,2.000000,61.194030,3.178295,3.000000,9.410112,18.000000,128.846154,0.522784,4.000000,7.878788,1.000000,42.448980,7.878788,3.000000,15.654952,16.000000,226.851852,0.978435,8.000000,7.412491,9.000000,136.708861,0.823610,1.000000,5.143229,1.000000,31.474104,5.143229,2.000000,19.533074,21.000000,264.210526,0.930146,7.000000,6.884058,12.000000,131.944444,0.573671,4.000000,5.504587,4.000000,40.449438,1.376147,3.000000,1.000000,12.000000,123.000000,-1.000000,,,,64.951555,73.333333,84.938272,2.045950,1.680037,0.365913,20.999256,35.648330,17.613470,3.475149,7.279464,0.841367,0.105466,,0.000000,,60.054891,64.583333,65.972222,0.436606,0.522304,-0.085698,31.307407,33.806500,13.716524,0.666609,1.857823,0.785193,0.023531,1.561744,1.149425,49.000000,314.141414,40.836013,4.750354,0.763543
2025-04-29T18:30:00Z,1.127141,no_impulse,0,BAJFINANCE,1d,-1.000000,81.851852,11.438923,4.000000,2.859731,-3.905385,-0.462284,9.784856,16.245487,10.000000,142.105263,1.624549,1.000000,64.951555,73.333333,84.938272,0.000000,2.045950,1.680037,0.365913,20.999256,35.648330,17.613470,3.475149,7.279464,16.757661,0.841367,0.105466,10.259179,8.000000,90.476190,1.282397,2.000000,48.285879,27.368421,29.884712,0.000000,1.052983,1.634009,-0.581026,23.314660,19.463363,27.373346,-1.285569,2.230764,11.338772,0.378616,0.104565,12.789281,9.000000,198.113208,1.421031,1.000000,70.897877,81.904762,86.418656,0.000000,2.204727,1.757754,0.446974,29.572342,35.785151,13.430694,4.981641,9.153140,17.289406,0.999927,0.104872,6.064073,8.000000,74.125874,0.758009,2.000000,52.465065,24.528302,27.727383,1.000000,1.420140,2.113301,-0.693161,27.338625,24.260261,21.285071,-0.240953,3.911218,11.452917,0.459015,0.058649,8.909657,10.000000,112.598425,0.890966,1.000000,72.759953,95.104895,73.433915,1.000000,2.706072,2.906735,-0.200662,37.179897,33.740061,13.776128,4.848794,9.763271,16.175735,1.086586,0.086874,7.332564,4.000000,40.836013,1.833141,2.000000,63.856699,68.214286,69.404762,0.000000,3.666893,3.545042,0.121851,43.012272,30.675970,17.243047,2.962758,7.968571,12.651972,0.631717,0.231802,21.885996,17.000000,314.141414,1.287412,1.000000,78.536120,89.285714,94.161379,0.000000,4.035687,2.874763,1.160924,43.176756,41.492790,7.126955,8.120995,12.642901,16.214983,0.868516,0.239848,6.513158,7.000000,61.111111,0.930451,2.000000,53.292654,48.148148,53.292181,0.000000,1.395726,1.367583,0.028143,25.590578,27.843629,18.746596,0.471678,1.978681,2.360829,0.537771,0.125471,11.929308,4.000000,172.340426,2.982327,1.000000,6.473829,9.000000,61.038961,0.719314,2.000000,11.864407,11.000000,208.108108,1.078582,1.000000,5.393586,5.000000,90.243902,1.078717,2.000000,6.356589,2.000000,61.194030,3.178295,3.000000,9.410112,18.000000,128.846154,0.522784,4.000000,7.878788,1.000000,42.448980,7.878788,3.000000,15.654952,16.000000,226.851852,0.978435,8.000000,7.412491,9.000000,136.708861,0.823610,1.000000,5.143229,1.000000,31.474104,5.143229,2.000000,19.533074,21.000000,264.210526,0.930146,7.000000,6.884058,12.000000,131.944444,0.573671,4.000000,2.000000,13.000000,127.000000,-1.000000,,,,41.390387,7.239819,40.931792,1.200338,1.715508,-0.515170,18.924310,24.922024,30.560221,-3.905385,-0.462284,0.161671,0.111093,,0.000000,,49.164754,78.378378,73.573574,-0.317318,-0.410154,0.092836,15.553698,20.353133,22.094215,0.083706,-0.132592,0.553055,0.015791,1.055227,0.465116,53.000000,314.141414,40.836013,5.090075,1.761563
2025-05-25T18:30:00Z,1.230567,no_impulse,0,BAJFINANCE,1d,1.000000,71.040724,9.175921,17.000000,0.539760,2.003109,4.311963,13.839486,11.438923,4.000000,81.851852,2.859731,2.000000,41.390387,7.239819,40.931792,0.000000,1.200338,1.715508,-0.515170,18.924310,24.922024,30.560221,-3.905385,-0.462284,9.784856,0.161671,0.111093,16.245487,10.000000,142.105263,1.624549,1.000000,64.951555,73.333333,84.938272,0.000000,2.045950,1.680037,0.365913,20.999256,35.648330,17.613470,3.475149,7.279464,16.757661,0.841367,0.105466,10.259179,8.000000,90.476190,1.282397,2.000000,48.285879,27.368421,29.884712,0.000000,1.052983,1.634009,-0.581026,23.314660,19.463363,27.373346,-1.285569,2.230764,11.338772,0.378616,0.104565,12.789281,9.000000,198.113208,1.421031,1.000000,70.897877,81.904762,86.418656,0.000000,2.204727,1.757754,0.446974,29.572342,35.785151,13.430694,4.981641,9.153140,17.289406,0.999927,0.104872,6.064073,8.000000,74.125874,0.758009,2.000000,52.465065,24.528302,27.727383,1.000000,1.420140,2.113301,-0.693161,27.338625,24.260261,21.285071,-0.240953,3.911218,11.452917,0.459015,0.058649,8.909657,10.000000,112.598425,0.890966,1.000000,72.759953,95.104895,73.433915,1.000000,2.706072,2.906735,-0.200662,37.179897,33.740061,13.776128,4.848794,9.763271,16.175735,1.086586,0.086874,7.332564,4.000000,40.836013,1.833141,2.000000,63.856699,68.214286,69.404762,0.000000,3.666893,3.545042,0.121851,43.012272,30.675970,17.243047,2.962758,7.968571,12.651972,0.631717,0.231802,21.885996,17.000000,314.141414,1.287412,1.000000,78.536120,89.285714,94.161379,0.000000,4.035687,2.874763,1.160924,43.176756,41.492790,7.126955,8.120995,12.642901,16.214983,0.868516,0.239848,6.513158,7.000000,61.111111,0.930451,2.000000,11.929308,4.000000,172.340426,2.982327,1.000000,6.473829,9.000000,61.038961,0.719314,2.000000,11.864407,11.000000,208.108108,1.078582,1.000000,5.393586,5.000000,90.243902,1.078717,2.000000,6.356589,2.000000,61.194030,3.178295,3.000000,9.410112,18.000000,128.846154,0.522784,4.000000,7.878788,1.000000,42.448980,7.878788,3.000000,15.654952,16.000000,226.851852,0.978435,8.000000,7.412491,9.000000,136.708861,0.823610,1.000000,5.143229,1.000000,31.474104,5.143229,2.000000,19.533074,21.000000,264.210526,0.930146,7.000000,3.000000,1.000000,144.000000,-1.000000,,,,57.695348,90.476190,85.477879,0.969158,0.797554,0.171605,12.881580,25.604207,18.427714,2.003109,4.311963,0.749508,0.081923,,0.000000,,63.604031,89.795918,82.962276,0.291834,0.178096,0.113737,21.377555,32.017837,16.272482,0.848061,1.354711,0.888070,0.022040,0.809395,2.098765,,314.141414,40.836013,4.853490,1.366696
2025-06-04T18:30:00Z,1.168643,no_impulse,0,BAJFINANCE,1d,-1.000000,59.872611,5.032120,8.000000,0.629015,-1.658379,0.030258,9.648079,9.175921,17.000000,71.040724,0.539760,3.000000,57.695348,90.476190,85.477879,1.000000,0.969158,0.797554,0.171605,12.881580,25.604207,18.427714,2.003109,4.311963,13.839486,0.749508,0.081923,11.438923,4.000000,81.851852,2.859731,2.000000,41.390387,7.239819,40.931792,0.000000,1.200338,1.715508,-0.515170,18.924310,24.922024,30.560221,-3.905385,-0.462284,9.784856,0.161671,0.111093,16.245487,10.000000,142.105263,1.624549,1.000000,64.951555,73.333333,84.938272,0.000000,2.045950,1.680037,0.365913,20.999256,35.648330,17.613470,3.475149,7.279464,16.757661,0.841367,0.105466,10.259179,8.000000,90.476190,1.282397,2.000000,48.285879,27.368421,29.884712,0.000000,1.052983,1.634009,-0.581026,23.314660,19.463363,27.373346,-1.285569,2.230764,11.338772,0.378616,0.104565,12.789281,9.000000,198.113208,1.421031,1.000000,70.897877,81.904762,86.418656,0.000000,2.204727,1.757754,0.446974,29.572342,35.785151,13.430694,4.981641,9.153140,17.289406,0.999927,0.104872,6.064073,8.000000,74.125874,0.758009,2.000000,52.465065,24.528302,27.727383,1.000000,1.420140,2.113301,-0.693161,27.338625,24.260261,21.285071,-0.240953,3.911218,11.452917,0.459015,0.058649,8.909657,10.000000,112.598425,0.890966,1.000000,72.759953,95.104895,73.433915,1.000000,2.706072,2.906735,-0.200662,37.179897,33.740061,13.776128,4.848794,9.763271,16.175735,1.086586,0.086874,7.332564,4.000000,40.836013,1.833141,2.000000,63.856699,68.214286,69.404762,0.000000,3.666893,3.545042,0.121851,43.012272,30.675970,17.243047,2.962758,7.968571,12.651972,0.631717,0.231802,21.885996,17.000000,314.141414,1.287412,1.000000,6.513158,7.000000,61.111111,0.930451,2.000000,11.929308,4.000000,172.340426,2.982327,1.000000,6.473829,9.000000,61.038961,0.719314,2.000000,11.864407,11.000000,208.108108,1.078582,1.000000,5.393586,5.000000,90.243902,1.078717,2.000000,6.356589,2.000000,61.194030,3.178295,3.000000,9.410112,18.000000,128.846154,0.522784,4.000000,7.878788,1.000000,42.448980,7.878788,3.000000,15.654952,16.000000,226.851852,0.978435,8.000000,7.412491,9.000000,136.708861,0.823610,1.000000,5.143229,1.000000,31.474104,5.143229,2.000000,2.000000,1.000000,152.000000,-1.000000,,,,44.738480,13.829787,7.733052,0.211813,0.629801,-0.417988,11.181190,17.561286,25.707820,-1.658379,0.030258,0.245383,0.064070,,0.000000,,36.323290,18.181818,14.374634,-0.493034,-0.506030,0.012996,35.394734,13.815354,25.439567,-0.469780,-1.167303,0.328393,0.027247,0.454925,0.851064,,314.141414,40.836013,4.894070,1.266133
2025-06-08T18:30:00Z,1.289855,no_impulse,0,BAJFINANCE,1d,1.000000,195.744681,10.372041,2.000000,5.186020,4.702759,6.603905,15.702229,5.032120,8.000000,59.872611,0.629015,2.000000,44.738480,13.829787,7.733052,0.000000,0.211813,0.629801,-0.417988,11.181190,17.561286,25.707820,-1.658379,0.030258,9.648079,0.245383,0.064070,9.175921,17.000000,71.040724,0.539760,3.000000,57.695348,90.476190,85.477879,1.000000,0.969158,0.797554,0.171605,12.881580,25.604207,18.427714,2.003109,4.311963,13.839486,0.749508,0.081923,11.438923,4.000000,81.851852,2.859731,2.000000,41.390387,7.239819,40.931792,0.000000,1.200338,1.715508,-0.515170,18.924310,24.922024,30.560221,-3.905385,-0.462284,9.784856,0.161671,0.111093,16.245487,10.000000,142.105263,1.624549,1.000000,64.951555,73.333333,84.938272,0.000000,2.045950,1.680037,0.365913,20.999256,35.648330,17.613470,3.475149,7.279464,16.757661,0.841367,0.105466,10.259179,8.000000,90.476190,1.282397,2.000000,48.285879,27.368421,29.884712,0.000000,1.052983,1.634009,-0.581026,23.314660,19.463363,27.373346,-1.285569,2.230764,11.338772,0.378616,0.104565,12.789281,9.000000,198.113208,1.421031,1.000000,70.897877,81.904762,86.418656,0.000000,2.204727,1.757754,0.446974,29.572342,35.785151,13.430694,4.981641,9.153140,17.289406,0.999927,0.104872,6.064073,8.000000,74.125874,0.758009,2.000000,52.465065,24.528302,27.727383,1.000000,1.420140,2.113301,-0.693161,27.338625,24.260261,21.285071,-0.240953,3.911218,11.452917,0.459015,0.058649,8.909657,10.000000,112.598425,0.890966,1.000000,72.759953,95.104895,73.433915,1.000000,2.706072,2.906735,-0.200662,37.179897,33.740061,13.776128,4.848794,9.763271,16.175735,1.086586,0.086874,7.332564,4.000000,40.836013,1.833141,2.000000,21.885996,17.000000,314.141414,1.287412,1.000000,6.513158,7.000000,61.111111,0.930451,2.000000,11.929308,4.000000,172.340426,2.982327,1.000000,6.473829,9.000000,61.038961,0.719314,2.000000,11.864407,11.000000,208.108108,1.078582,1.000000,5.393586,5.000000,90.243902,1.078717,2.000000,6.356589,2.000000,61.194030,3.178295,3.000000,9.410112,18.000000,128.846154,0.522784,4.000000,7.878788,1.000000,42.448980,7.878788,3.000000,15.654952,16.000000,226.851852,0.978435,8.000000,7.412491,9.000000,136.708861,0.823610,1.000000,1.000000,2.000000,154.000000,-1.000000,,,,64.858476,80.434783,60.920048,0.787200,0.599221,0.187980,13.415349,37.458616,17.735751,4.702759,6.603905,1.272230,0.063904,,0.000000,,83.567030,100.000000,92.035398,1.176440,0.476650,0.699790,42.900989,58.595992,9.915233,5.019720,5.680479,1.025513,0.100569,0.950402,0.210526,80.000000,314.141414,40.836013,5.066379,0.652695
2025-06-19T18:30:00Z,1.167325,no_impulse,0,BAJFINANCE,1d,-1.000000,101.086957,9.499489,9.000000,1.055499,-1.707738,-0.125752,9.372698,10.372041,2.000000,195.744681,5.186020,1.000000,64.858476,80.434783,60.920048,0.000000,0.787200,0.599221,0.187980,13.415349,37.458616,17.735751,4.702759,6.603905,15.702229,1.272230,0.063904,5.032120,8.000000,59.872611,0.629015,2.000000,44.738480,13.829787,7.733052,0.000000,0.211813,0.629801,-0.417988,11.181190,17.561286,25.707820,-1.658379,0.030258,9.648079,0.245383,0.064070,9.175921,17.000000,71.040724,0.539760,3.000000,57.695348,90.476190,85.477879,1.000000,0.969158,0.797554,0.171605,12.881580,25.604207,18.427714,2.003109,4.311963,13.839486,0.749508,0.081923,11.438923,4.000000,81.851852,2.859731,2.000000,41.390387,7.239819,40.931792,0.000000,1.200338,1.715508,-0.515170,18.924310,24.922024,30.560221,-3.905385,-0.462284,9.784856,0.161671,0.111093,16.245487,10.000000,142.105263,1.624549,1.000000,64.951555,73.333333,84.938272,0.000000,2.045950,1.680037,0.365913,20.999256,35.648330,17.613470,3.475149,7.279464,16.757661,0.841367,0.105466,10.259179,8.000000,90.476190,1.282397,2.000000,48.285879,27.368421,29.884712,0.000000,1.052983,1.634009,-0.581026,23.314660,19.463363,27.373346,-1.285569,2.230764,11.338772,0.378616,0.104565,12.789281,9.000000,198.113208,1.421031,1.000000,70.897877,81.904762,86.418656,0.000000,2.204727,1.757754,0.446974,29.572342,35.785151,13.430694,4.981641,9.153140,17.289406,0.999927,0.104872,6.064073,8.000000,74.125874,0.758009,2.000000,52.465065,24.528302,27.727383,1.000000,1.420140,2.113301,-0.693161,27.338625,24.260261,21.285071,-0.240953,3.911218,11.452917,0.459015,0.058649,8.909657,10.000000,112.598425,0.890966,1.000000,7.332564,4.000000,40.836013,1.833141,2.000000,21.885996,17.000000,314.141414,1.287412,1.000000,6.513158,7.000000,61.111111,0.930451,2.000000,11.929308,4.000000,172.340426,2.982327,1.000000,6.473829,9.000000,61.038961,0.719314,2.000000,11.864407,11.000000,208.108108,1.078582,1.000000,5.393586,5.000000,90.243902,1.078717,2.000000,6.356589,2.000000,61.194030,3.178295,3.000000,9.410112,18.000000,128.846154,0.522784,4.000000,7.878788,1.000000,42.448980,7.878788,3.000000,15.654952,16.000000,226.851852,0.978435,8.000000,8.000000,1.000000,163.000000,-1.000000,,,,45.192026,20.430108,23.295543,0.253602,0.695321,-0.441719,14.245794,23.430017,27.485690,-1.707738,-0.125752,0.284141,0.077785,,0.000000,,24.911764,9.090909,7.467315,-0.906566,-0.682397,-0.224169,25.870848,9.961790,32.425253,-1.986821,-2.959494,0.010936,0.039834,0.973116,1.125000,89.000000,198.113208,40.836013,3.293934,0.647806
2025-06-26T18:30:00Z,1.264163,no_impulse,0,BAJFINANCE,1d,1.000000,79.032258,8.295711,5.000000,1.659142,2.254359,3.810531,12.816714,9.499489,9.000000,101.086957,1.055499,8.000000,45.192026,20.430108,23.295543,1.000000,0.253602,0.695321,-0.441719,14.245794,23.430017,27.485690,-1.707738,-0.125752,9.372698,0.284141,0.077785,10.372041,2.000000,195.744681,5.186020,1.000000,64.858476,80.434783,60.920048,0.000000,0.787200,0.599221,0.187980,13.415349,37.458616,17.735751,4.702759,6.603905,15.702229,1.272230,0.063904,5.032120,8.000000,59.872611,0.629015,2.000000,44.738480,13.829787,7.733052,0.000000,0.211813,0.629801,-0.417988,11.181190,17.561286,25.707820,-1.658379,0.030258,9.648079,0.245383,0.064070,9.175921,17.000000,71.040724,0.539760,3.000000,57.695348,90.476190,85.477879,1.000000,0.969158,0.797554,0.171605,12.881580,25.604207,18.427714,2.003109,4.311963,13.839486,0.749508,0.081923,11.438923,4.000000,81.851852,2.859731,2.000000,41.390387,7.239819,40.931792,0.000000,1.200338,1.715508,-0.515170,18.924310,24.922024,30.560221,-3.905385,-0.462284,9.784856,0.161671,0.111093,16.245487,10.000000,142.105263,1.624549,1.000000,64.951555,73.333333,84.938272,0.000000,2.045950,1.680037,0.365913,20.999256,35.648330,17.613470,3.475149,7.279464,16.757661,0.841367,0.105466,10.259179,8.000000,90.476190,1.282397,2.000000,48.285879,27.368421,29.884712,0.000000,1.052983,1.634009,-0.581026,23.314660,19.463363,27.373346,-1.285569,2.230764,11.338772,0.378616,0.104565,12.789281,9.000000,198.113208,1.421031,1.000000,70.897877,81.904762,86.418656,0.000000,2.204727,1.757754,0.446974,29.572342,35.785151,13.430694,4.981641,9.153140,17.289406,0.999927,0.104872,6.064073,8.000000,74.125874,0.758009,2.000000,8.909657,10.000000,112.598425,0.890966,1.000000,7.332564,4.000000,40.836013,1.833141,2.000000,21.885996,17.000000,314.141414,1.287412,1.000000,6.513158,7.000000,61.111111,0.930451,2.000000,11.929308,4.000000,172.340426,2.982327,1.000000,6.473829,9.000000,61.038961,0.719314,2.000000,11.864407,11.000000,208.108108,1.078582,1.000000,5.393586,5.000000,90.243902,1.078717,2.000000,6.356589,2.000000,61.194030,3.178295,3.000000,9.410112,18.000000,128.846154,0.522784,4.000000,7.878788,1.000000,42.448980,7.878788,3.000000,3.000000,2.000000,5.000000,-1.000000,,,,58.819453,72.619048,62.736815,0.588278,0.459480,0.128798,14.482066,32.209282,18.930457,2.254359,3.810531,0.771831,0.084845,,0.000000,,69.924594,92.000000,92.615829,0.971866,0.730465,0.241401,31.938034,33.938437,9.872900,1.646114,2.497023,0.821571,0.052046,0.831349,0.588235,94.000000,198.113208,59.872611,3.185864,0.675622
2025-07-02T18:30:00Z,1.192622,no_impulse,0,BAJFINANCE,1d,-1.000000,73.877551,5.659197,4.000000,1.414799,-1.694136,-0.330846,8.852444,8.295711,5.000000,79.032258,1.659142,3.000000,58.819453,72.619048,62.736815,1.000000,0.588278,0.459480,0.128798,14.482066,32.209282,18.930457,2.254359,3.810531,12.816714,0.771831,0.084845,9.499489,9.000000,101.086957,1.055499,8.000000,45.192026,20.430108,23.295543,1.000000,0.253602,0.695321,-0.441719,14.245794,23.430017,27.485690,-1.707738,-0.125752,9.372698,0.284141,0.077785,10.372041,2.000000,195.744681,5.186020,1.000000,64.858476,80.434783,60.920048,0.000000,0.787200,0.599221,0.187980,13.415349,37.458616,17.735751,4.702759,6.603905,15.702229,1.272230,0.063904,5.032120,8.000000,59.872611,0.629015,2.000000,44.738480,13.829787,7.733052,0.000000,0.211813,0.629801,-0.417988,11.181190,17.561286,25.707820,-1.658379,0.030258,9.648079,0.245383,0.064070,9.175921,17.000000,71.040724,0.539760,3.000000,57.695348,90.476190,85.477879,1.000000,0.969158,0.797554,0.171605,12.881580,25.604207,18.427714,2.003109,4.311963,13.839486,0.749508,0.081923,11.438923,4.000000,81.851852,2.859731,2.000000,41.390387,7.239819,40.931792,0.000000,1.200338,1.715508,-0.515170,18.924310,24.922024,30.560221,-3.905385,-0.462284,9.784856,0.161671,0.111093,16.245487,10.000000,142.105263,1.624549,1.000000,64.951555,73.333333,84.938272,0.000000,2.045950,1.680037,0.365913,20.999256,35.648330,17.613470,3.475149,7.279464,16.757661,0.841367,0.105466,10.259179,8.000000,90.476190,1.282397,2.000000,48.285879,27.368421,29.884712,0.000000,1.052983,1.634009,-0.581026,23.314660,19.463363,27.373346,-1.285569,2.230764,11.338772,0.378616,0.104565,12.789281,9.000000,198.113208,1.421031,1.000000,6.064073,8.000000,74.125874,0.758009,2.000000,8.909657,10.000000,112.598425,0.890966,1.000000,7.332564,4.000000,40.836013,1.833141,2.000000,21.885996,17.000000,314.141414,1.287412,1.000000,6.513158,7.000000,61.111111,0.930451,2.000000,11.929308,4.000000,172.340426,2.982327,1.000000,6.473829,9.000000,61.038961,0.719314,2.000000,11.864407,11.000000,208.108108,1.078582,1.000000,5.393586,5.000000,90.243902,1.078717,2.000000,6.356589,2.000000,61.194030,3.178295,3.000000,9.410112,18.000000,128.846154,0.522784,4.000000,2.000000,1.000000,9.000000,-1.000000,,,,44.957962,32.857143,50.702948,0.315191,0.490539,-0.175348,13.966388,24.501583,23.791001,-1.694136,-0.330846,0.256807,0.068502,,0.000000,,38.844543,31.294964,30.335731,-0.403266,-0.217067,-0.186199,22.865812,17.358536,26.532958,-0.781990,-0.871645,0.255055,0.031677,0.570643,0.500000,98.000000,198.113208,59.872611,3.214539,1.098268
2025-07-22T18:30:00Z,1.279249,no_impulse,0,BAJFINANCE,1d,1.000000,121.086556,7.263588,14.000000,0.518828,3.322970,4.625328,12.886911,5.659197,4.000000,73.877551,1.414799,2.000000,44.957962,32.857143,50.702948,1.000000,0.315191,0.490539,-0.175348,13.966388,24.501583,23.791001,-1.694136,-0.330846,8.852444,0.256807,0.068502,8.295711,5.000000,79.032258,1.659142,3.000000,58.819453,72.619048,62.736815,1.000000,0.588278,0.459480,0.128798,14.482066,32.209282,18.930457,2.254359,3.810531,12.816714,0.771831,0.084845,9.499489,9.000000,101.086957,1.055499,8.000000,45.192026,20.430108,23.295543,1.000000,0.253602,0.695321,-0.441719,14.245794,23.430017,27.485690,-1.707738,-0.125752,9.372698,0.284141,0.077785,10.372041,2.000000,195.744681,5.186020,1.000000,64.858476,80.434783,60.920048,0.000000,0.787200,0.599221,0.187980,13.415349,37.458616,17.735751,4.702759,6.603905,15.702229,1.272230,0.063904,5.032120,8.000000,59.872611,0.629015,2.000000,44.738480,13.829787,7.733052,0.000000,0.211813,0.629801,-0.417988,11.181190,17.561286,25.707820,-1.658379,0.030258,9.648079,0.245383,0.064070,9.175921,17.000000,71.040724,0.539760,3.000000,57.695348,90.476190,85.477879,1.000000,0.969158,0.797554,0.171605,12.881580,25.604207,18.427714,2.003109,4.311963,13.839486,0.749508,0.081923,11.438923,4.000000,81.851852,2.859731,2.000000,41.390387,7.239819,40.931792,0.000000,1.200338,1.715508,-0.515170,18.924310,24.922024,30.560221,-3.905385,-0.462284,9.784856,0.161671,0.111093,16.245487,10.000000,142.105263,1.624549,1.000000,64.951555,73.333333,84.938272,0.000000,2.045950,1.680037,0.365913,20.999256,35.648330,17.613470,3.475149,7.279464,16.757661,0.841367,0.105466,10.259179,8.000000,90.476190,1.282397,2.000000,12.789281,9.000000,198.113208,1.421031,1.000000,6.064073,8.000000,74.125874,0.758009,2.000000,8.909657,10.000000,112.598425,0.890966,1.000000,7.332564,4.000000,40.836013,1.833141,2.000000,21.885996,17.000000,314.141414,1.287412,1.000000,6.513158,7.000000,61.111111,0.930451,2.000000,11.929308,4.000000,172.340426,2.982327,1.000000,6.473829,9.000000,61.038961,0.719314,2.000000,11.864407,11.000000,208.108108,1.078582,1.000000,5.393586,5.000000,90.243902,1.078717,2.000000,6.356589,2.000000,61.194030,3.178295,3.000000,1.000000,2.000000,23.000000,-1.000000,,,,63.817010,95.557418,90.643616,0.735022,0.410384,0.324638,13.610117,31.913366,17.921861,3.322970,4.625328,1.076622,0.059609,,0.000000,,64.784650,71.399594,68.315248,0.662332,0.600082,0.062251,39.936562,31.104770,9.271357,1.097818,1.888406,0.795704,0.037538,0.735424,1.842105,112.000000,198.113208,59.872611,3.270524,0.954203
2025-08-12T18:30:00Z,1.118577,no_impulse,0,BAJFINANCE,1d,-1.000000,185.475285,12.559864,15.000000,0.837324,-3.662976,-5.238653,1.248930,7.263588,14.000000,121.086556,0.518828,1.000000,63.817010,95.557418,90.643616,1.000000,0.735022,0.410384,0.324638,13.610117,31.913366,17.921861,3.322970,4.625328,12.886911,1.076622,0.059609,5.659197,4.000000,73.877551,1.414799,2.000000,44.957962,32.857143,50.702948,1.000000,0.315191,0.490539,-0.175348,13.966388,24.501583,23.791001,-1.694136,-0.330846,8.852444,0.256807,0.068502,8.295711,5.000000,79.032258,1.659142,3.000000,58.819453,72.619048,62.736815,1.000000,0.588278,0.459480,0.128798,14.482066,32.209282,18.930457,2.254359,3.810531,12.816714,0.771831,0.084845,9.499489,9.000000,101.086957,1.055499,8.000000,45.192026,20.430108,23.295543,1.000000,0.253602,0.695321,-0.441719,14.245794,23.430017,27.485690,-1.707738,-0.125752,9.372698,0.284141,0.077785,10.372041,2.000000,195.744681,5.186020,1.000000,64.858476,80.434783,60.920048,0.000000,0.787200,0.599221,0.187980,13.415349,37.458616,17.735751,4.702759,6.603905,15.702229,1.272230,0.063904,5.032120,8.000000,59.872611,0.629015,2.000000,44.738480,13.829787,7.733052,0.000000,0.211813,0.629801,-0.417988,11.181190,17.561286,25.707820,-1.658379,0.030258,9.648079,0.245383,0.064070,9.175921,17.000000,71.040724,0.539760,3.000000,57.695348,90.476190,85.477879,1.000000,0.969158,0.797554,0.171605,12.881580,25.604207,18.427714,2.003109,4.311963,13.839486,0.749508,0.081923,11.438923,4.000000,81.851852,2.859731,2.000000,41.390387,7.239819,40.931792,0.000000,1.200338,1.715508,-0.515170,18.924310,24.922024,30.560221,-3.905385,-0.462284,9.784856,0.161671,0.111093,16.245487,10.000000,142.105263,1.624549,1.000000,10.259179,8.000000,90.476190,1.282397,2.000000,12.789281,9.000000,198.113208,1.421031,1.000000,6.064073,8.000000,74.125874,0.758009,2.000000,8.909657,10.000000,112.598425,0.890966,1.000000,7.332564,4.000000,40.836013,1.833141,2.000000,21.885996,17.000000,314.141414,1.287412,1.000000,6.513158,7.000000,61.111111,0.930451,2.000000,11.929308,4.000000,172.340426,2.982327,1.000000,6.473829,9.000000,61.038961,0.719314,2.000000,11.864407,11.000000,208.108108,1.078582,1.000000,5.393586,5.000000,90.243902,1.078717,2.000000,8.000000,1.000000,38.000000,-1.000000,,,,35.700865,14.492754,8.644051,-1.927792,-1.468167,-0.459625,21.501714,14.761790,31.020811,-3.662976,-5.238653,0.270533,0.153989,,0.000000,,25.262668,4.076087,4.408424,-0.723374,-0.457100,-0.266274,18.308840,15.265560,33.270528,-1.828093,-2.811126,0.072832,0.042027,1.347023,1.851852,127.000000,195.744681,59.872611,3.189553,0.852024
2025-08-17T18:30:00Z,1.211660,no_impulse,0,BAJFINANCE,1d,1.000000,57.933579,8.321555,2.000000,4.160777,1.655245,0.197154,6.105179,12.559864,15.000000,185.475285,0.837324,8.000000,35.700865,14.492754,8.644051,0.000000,-1.927792,-1.468167,-0.459625,21.501714,14.761790,31.020811,-3.662976,-5.238653,1.248930,0.270533,0.153989,7.263588,14.000000,121.086556,0.518828,1.000000,63.817010,95.557418,90.643616,1.000000,0.735022,0.410384,0.324638,13.610117,31.913366,17.921861,3.322970,4.625328,12.886911,1.076622,0.059609,5.659197,4.000000,73.877551,1.414799,2.000000,44.957962,32.857143,50.702948,1.000000,0.315191,0.490539,-0.175348,13.966388,24.501583,23.791001,-1.694136,-0.330846,8.852444,0.256807,0.068502,8.295711,5.000000,79.032258,1.659142,3.000000,58.819453,72.619048,62.736815,1.000000,0.588278,0.459480,0.128798,14.482066,32.209282,18.930457,2.254359,3.810531,12.816714,0.771831,0.084845,9.499489,9.000000,101.086957,1.055499,8.000000,45.192026,20.430108,23.295543,1.000000,0.253602,0.695321,-0.441719,14.245794,23.430017,27.485690,-1.707738,-0.125752,9.372698,0.284141,0.077785,10.372041,2.000000,195.744681,5.186020,1.000000,64.858476,80.434783,60.920048,0.000000,0.787200,0.599221,0.187980,13.415349,37.458616,17.735751,4.702759,6.603905,15.702229,1.272230,0.063904,5.032120,8.000000,59.872611,0.629015,2.000000,44.738480,13.829787,7.733052,0.000000,0.211813,0.629801,-0.417988,11.181190,17.561286,25.707820,-1.658379,0.030258,9.648079,0.245383,0.064070,9.175921,17.000000,71.040724,0.539760,3.000000,57.695348,90.476190,85.477879,1.000000,0.969158,0.797554,0.171605,12.881580,25.604207,18.427714,2.003109,4.311963,13.839486,0.749508,0.081923,11.438923,4.000000,81.851852,2.859731,2.000000,16.245487,10.000000,142.105263,1.624549,1.000000,10.259179,8.000000,90.476190,1.282397,2.000000,12.789281,9.000000,198.113208,1.421031,1.000000,6.064073,8.000000,74.125874,0.758009,2.000000,8.909657,10.000000,112.598425,0.890966,1.000000,7.332564,4.000000,40.836013,1.833141,2.000000,21.885996,17.000000,314.141414,1.287412,1.000000,6.513158,7.000000,61.111111,0.930451,2.000000,11.929308,4.000000,172.340426,2.982327,1.000000,6.473829,9.000000,61.038961,0.719314,2.000000,11.864407,11.000000,208.108108,1.078582,1.000000,3.000000,2.000000,2.000000,-1.000000,,,,52.998513,79.547063,37.755872,-1.481060,-1.487017,0.005957,21.388615,29.417671,24.109972,1.655245,0.197154,0.611818,0.150522,,0.000000,,81.857554,93.701345,77.602497,0.192527,-0.311731,0.504258,18.331969,58.113120,11.045140,5.309672,4.838867,1.431085,0.060224,0.870981,0.227273,129.000000,195.744681,59.872611,3.343741,0.904691
2025-08-27T18:30:00Z,1.145850,no_impulse,0,BAJFINANCE,1d,-1.000000,70.700637,5.431414,7.000000,0.775916,-1.465780,-2.657053,2.757030,8.321555,2.000000,57.933579,4.160777,3.000000,52.998513,79.547063,37.755872,0.000000,-1.481060,-1.487017,0.005957,21.388615,29.417671,24.109972,1.655245,0.197154,6.105179,0.611818,0.150522,12.559864,15.000000,185.475285,0.837324,8.000000,35.700865,14.492754,8.644051,0.000000,-1.927792,-1.468167,-0.459625,21.501714,14.761790,31.020811,-3.662976,-5.238653,1.248930,0.270533,0.153989,7.263588,14.000000,121.086556,0.518828,1.000000,63.817010,95.557418,90.643616,1.000000,0.735022,0.410384,0.324638,13.610117,31.913366,17.921861,3.322970,4.625328,12.886911,1.076622,0.059609,5.659197,4.000000,73.877551,1.414799,2.000000,44.957962,32.857143,50.702948,1.000000,0.315191,0.490539,-0.175348,13.966388,24.501583,23.791001,-1.694136,-0.330846,8.852444,0.256807,0.068502,8.295711,5.000000,79.032258,1.659142,3.000000,58.819453,72.619048,62.736815,1.000000,0.588278,0.459480,0.128798,14.482066,32.209282,18.930457,2.254359,3.810531,12.816714,0.771831,0.084845,9.499489,9.000000,101.086957,1.055499,8.000000,45.192026,20.430108,23.295543,1.000000,0.253602,0.695321,-0.441719,14.245794,23.430017,27.485690,-1.707738,-0.125752,9.372698,0.284141,0.077785,10.372041,2.000000,195.744681,5.186020,1.000000,64.858476,80.434783,60.920048,0.000000,0.787200,0.599221,0.187980,13.415349,37.458616,17.735751,4.702759,6.603905,15.702229,1.272230,0.063904,5.032120,8.000000,59.872611,0.629015,2.000000,44.738480,13.829787,7.733052,0.000000,0.211813,0.629801,-0.417988,11.181190,17.561286,25.707820,-1.658379,0.030258,9.648079,0.245383,0.064070,9.175921,17.000000,71.040724,0.539760,3.000000,11.438923,4.000000,81.851852,2.859731,2.000000,16.245487,10.000000,142.105263,1.624549,1.000000,10.259179,8.000000,90.476190,1.282397,2.000000,12.789281,9.000000,198.113208,1.421031,1.000000,6.064073,8.000000,74.125874,0.758009,2.000000,8.909657,10.000000,112.598425,0.890966,1.000000,7.332564,4.000000,40.836013,1.833141,2.000000,21.885996,17.000000,314.141414,1.287412,1.000000,6.513158,7.000000,61.111111,0.930451,2.000000,11.929308,4.000000,172.340426,2.982327,1.000000,6.473829,9.000000,61.038961,0.719314,2.000000,2.000000,1.000000,9.000000,-1.000000,,,,43.975700,39.419674,50.436424,-0.751788,-0.960321,0.208533,16.232307,21.119739,26.745050,-1.465780,-2.657053,0.264455,0.061330,,0.000000,,32.461837,25.777778,11.260577,-0.468243,-0.153074,-0.315169,28.914397,14.694685,33.977030,-1.250263,-1.324597,0.191093,0.039974,0.619894,0.875000,136.000000,195.744681,57.933579,2.382650,1.199988
2025-09-23T18:30:00Z,1.364954,no_impulse,0,BAJFINANCE,1d,1.000000,332.932933,19.121536,19.000000,1.006397,5.539000,8.739462,15.269620,5.431414,7.000000,70.700637,0.775916,2.000000,43.975700,39.419674,50.436424,1.000000,-0.751788,-0.960321,0.208533,16.232307,21.119739,26.745050,-1.465780,-2.657053,2.757030,0.264455,0.061330,8.321555,2.000000,57.933579,4.160777,3.000000,52.998513,79.547063,37.755872,0.000000,-1.481060,-1.487017,0.005957,21.388615,29.417671,24.109972,1.655245,0.197154,6.105179,0.611818,0.150522,12.559864,15.000000,185.475285,0.837324,8.000000,35.700865,14.492754,8.644051,0.000000,-1.927792,-1.468167,-0.459625,21.501714,14.761790,31.020811,-3.662976,-5.238653,1.248930,0.270533,0.153989,7.263588,14.000000,121.086556,0.518828,1.000000,63.817010,95.557418,90.643616,1.000000,0.735022,0.410384,0.324638,13.610117,31.913366,17.921861,3.322970,4.625328,12.886911,1.076622,0.059609,5.659197,4.000000,73.877551,1.414799,2.000000,44.957962,32.857143,50.702948,1.000000,0.315191,0.490539,-0.175348,13.966388,24.501583,23.791001,-1.694136,-0.330846,8.852444,0.256807,0.068502,8.295711,5.000000,79.032258,1.659142,3.000000,58.819453,72.619048,62.736815,1.000000,0.588278,0.459480,0.128798,14.482066,32.209282,18.930457,2.254359,3.810531,12.816714,0.771831,0.084845,9.499489,9.000000,101.086957,1.055499,8.000000,45.192026,20.430108,23.295543,1.000000,0.253602,0.695321,-0.441719,14.245794,23.430017,27.485690,-1.707738,-0.125752,9.372698,0.284141,0.077785,10.372041,2.000000,195.744681,5.186020,1.000000,64.858476,80.434783,60.920048,0.000000,0.787200,0.599221,0.187980,13.415349,37.458616,17.735751,4.702759,6.603905,15.702229,1.272230,0.063904,5.032120,8.000000,59.872611,0.629015,2.000000,9.175921,17.000000,71.040724,0.539760,3.000000,11.438923,4.000000,81.851852,2.859731,2.000000,16.245487,10.000000,142.105263,1.624549,1.000000,10.259179,8.000000,90.476190,1.282397,2.000000,12.789281,9.000000,198.113208,1.421031,1.000000,6.064073,8.000000,74.125874,0.758009,2.000000,8.909657,10.000000,112.598425,0.890966,1.000000,7.332564,4.000000,40.836013,1.833141,2.000000,21.885996,17.000000,314.141414,1.287412,1.000000,6.513158,7.000000,61.111111,0.930451,2.000000,11.929308,4.000000,172.340426,2.982327,1.000000,1.000000,2.000000,28.000000,-1.000000,,,,75.521827,93.990385,92.658898,3.055124,2.506777,0.548348,37.556094,42.953310,10.739525,5.539000,8.739462,0.781092,0.208607,,8.000000,,71.393755,92.839196,89.991625,0.710198,0.492319,0.217879,36.021463,29.729956,9.519335,1.330410,2.467273,0.767962,0.050319,2.343013,2.289157,155.000000,195.744681,57.933579,2.390006,1.240089
2025-10-02T18:30:00Z,1.280632,no_impulse,0,BAJFINANCE,1d,-1.000000,38.484666,6.177606,6.000000,1.029601,0.777294,3.884528,11.129833,19.121536,19.000000,332.932933,1.006397,1.000000,75.521827,93.990385,92.658898,1.000000,3.055124,2.506777,0.548348,37.556094,42.953310,10.739525,5.539000,8.739462,15.269620,0.781092,0.208607,5.431414,7.000000,70.700637,0.775916,2.000000,43.975700,39.419674,50.436424,1.000000,-0.751788,-0.960321,0.208533,16.232307,21.119739,26.745050,-1.465780,-2.657053,2.757030,0.264455,0.061330,8.321555,2.000000,57.933579,4.160777,3.000000,52.998513,79.547063,37.755872,0.000000,-1.481060,-1.487017,0.005957,21.388615,29.417671,24.109972,1.655245,0.197154,6.105179,0.611818,0.150522,12.559864,15.000000,185.475285,0.837324,8.000000,35.700865,14.492754,8.644051,0.000000,-1.927792,-1.468167,-0.459625,21.501714,14.761790,31.020811,-3.662976,-5.238653,1.248930,0.270533,0.153989,7.263588,14.000000,121.086556,0.518828,1.000000,63.817010,95.557418,90.643616,1.000000,0.735022,0.410384,0.324638,13.610117,31.913366,17.921861,3.322970,4.625328,12.886911,1.076622,0.059609,5.659197,4.000000,73.877551,1.414799,2.000000,44.957962,32.857143,50.702948,1.000000,0.315191,0.490539,-0.175348,13.966388,24.501583,23.791001,-1.694136,-0.330846,8.852444,0.256807,0.068502,8.295711,5.000000,79.032258,1.659142,3.000000,58.819453,72.619048,62.736815,1.000000,0.588278,0.459480,0.128798,14.482066,32.209282,18.930457,2.254359,3.810531,12.816714,0.771831,0.084845,9.499489,9.000000,101.086957,1.055499,8.000000,45.192026,20.430108,23.295543,1.000000,0.253602,0.695321,-0.441719,14.245794,23.430017,27.485690,-1.707738,-0.125752,9.372698,0.284141,0.077785,10.372041,2.000000,195.744681,5.186020,1.000000,5.032120,8.000000,59.872611,0.629015,2.000000,9.175921,17.000000,71.040724,0.539760,3.000000,11.438923,4.000000,81.851852,2.859731,2.000000,16.245487,10.000000,142.105263,1.624549,1.000000,10.259179,8.000000,90.476190,1.282397,2.000000,12.789281,9.000000,198.113208,1.421031,1.000000,6.064073,8.000000,74.125874,0.758009,2.000000,8.909657,10.000000,112.598425,0.890966,1.000000,7.332564,4.000000,40.836013,1.833141,2.000000,21.885996,17.000000,314.141414,1.287412,1.000000,6.513158,7.000000,61.111111,0.930451,2.000000,2.000000,3.000000,34.000000,-1.000000,,,,56.255758,27.734375,33.632968,1.968594,2.420992,-0.452398,32.174097,28.250641,22.871894,0.777294,3.884528,0.577628,0.100915,,7.000000,,33.992794,16.666667,30.199140,-0.521558,-0.471774,-0.049785,25.075141,13.213611,34.405080,-1.354645,-1.996114,-0.004021,0.026518,0.674731,0.705882,6.000000,332.932933,57.933579,4.224520,1.290074
2025-10-22T18:30:00Z,1.452569,no_impulse,0,BAJFINANCE,1d,1.000000,203.906250,13.425926,13.000000,1.032764,5.247991,9.358559,17.733828,6.177606,6.000000,38.484666,1.029601,2.000000,56.255758,27.734375,33.632968,1.000000,1.968594,2.420992,-0.452398,32.174097,28.250641,22.871894,0.777294,3.884528,11.129833,0.577628,0.100915,19.121536,19.000000,332.932933,1.006397,1.000000,75.521827,93.990385,92.658898,1.000000,3.055124,2.506777,0.548348,37.556094,42.953310,10.739525,5.539000,8.739462,15.269620,0.781092,0.208607,5.431414,7.000000,70.700637,0.775916,2.000000,43.975700,39.419674,50.436424,1.000000,-0.751788,-0.960321,0.208533,16.232307,21.119739,26.745050,-1.465780,-2.657053,2.757030,0.264455,0.061330,8.321555,2.000000,57.933579,4.160777,3.000000,52.998513,79.547063,37.755872,0.000000,-1.481060,-1.487017,0.005957,21.388615,29.417671,24.109972,1.655245,0.197154,6.105179,0.611818,0.150522,12.559864,15.000000,185.475285,0.837324,8.000000,35.700865,14.492754,8.644051,0.000000,-1.927792,-1.468167,-0.459625,21.501714,14.761790,31.020811,-3.662976,-5.238653,1.248930,0.270533,0.153989,7.263588,14.000000,121.086556,0.518828,1.000000,63.817010,95.557418,90.643616,1.000000,0.735022,0.410384,0.324638,13.610117,31.913366,17.921861,3.322970,4.625328,12.886911,1.076622,0.059609,5.659197,4.000000,73.877551,1.414799,2.000000,44.957962,32.857143,50.702948,1.000000,0.315191,0.490539,-0.175348,13.966388,24.501583,23.791001,-1.694136,-0.330846,8.852444,0.256807,0.068502,8.295711,5.000000,79.032258,1.659142,3.000000,58.819453,72.619048,62.736815,1.000000,0.588278,0.459480,0.128798,14.482066,32.209282,18.930457,2.254359,3.810531,12.816714,0.771831,0.084845,9.499489,9.000000,101.086957,1.055499,8.000000,10.372041,2.000000,195.744681,5.186020,1.000000,5.032120,8.000000,59.872611,0.629015,2.000000,9.175921,17.000000,71.040724,0.539760,3.000000,11.438923,4.000000,81.851852,2.859731,2.000000,16.245487,10.000000,142.105263,1.624549,1.000000,10.259179,8.000000,90.476190,1.282397,2.000000,12.789281,9.000000,198.113208,1.421031,1.000000,6.064073,8.000000,74.125874,0.758009,2.000000,8.909657,10.000000,112.598425,0.890966,1.000000,7.332564,4.000000,40.836013,1.833141,2.000000,21.885996,17.000000,314.141414,1.287412,1.000000,1.000000,4.000000,47.000000,-1.000000,,,,75.583035,93.601533,95.553762,2.787788,2.357368,0.430420,36.623768,37.241364,11.637749,5.247991,9.358559,0.925058,0.130304,,9.000000,,77.989541,77.791878,83.802078,0.934862,0.919378,0.015484,35.265077,44.818828,15.169601,1.718149,3.392975,1.057518,0.031357,1.448289,1.566265,19.000000,332.932933,38.484666,4.114380,1.091865
2025-11-02T18:30:00Z,1.358366,no_impulse,0,BAJFINANCE,1d,-1.000000,54.789272,6.485261,7.000000,0.926466,-0.541049,3.263118,12.647684,13.425926,13.000000,203.906250,1.032764,1.000000,75.583035,93.601533,95.553762,0.000000,2.787788,2.357368,0.430420,36.623768,37.241364,11.637749,5.247991,9.358559,17.733828,0.925058,0.130304,6.177606,6.000000,38.484666,1.029601,2.000000,56.255758,27.734375,33.632968,1.000000,1.968594,2.420992,-0.452398,32.174097,28.250641,22.871894,0.777294,3.884528,11.129833,0.577628,0.100915,19.121536,19.000000,332.932933,1.006397,1.000000,75.521827,93.990385,92.658898,1.000000,3.055124,2.506777,0.548348,37.556094,42.953310,10.739525,5.539000,8.739462,15.269620,0.781092,0.208607,5.431414,7.000000,70.700637,0.775916,2.000000,43.975700,39.419674,50.436424,1.000000,-0.751788,-0.960321,0.208533,16.232307,21.119739,26.745050,-1.465780,-2.657053,2.757030,0.264455,0.061330,8.321555,2.000000,57.933579,4.160777,3.000000,52.998513,79.547063,37.755872,0.000000,-1.481060,-1.487017,0.005957,21.388615,29.417671,24.109972,1.655245,0.197154,6.105179,0.611818,0.150522,12.559864,15.000000,185.475285,0.837324,8.000000,35.700865,14.492754,8.644051,0.000000,-1.927792,-1.468167,-0.459625,21.501714,14.761790,31.020811,-3.662976,-5.238653,1.248930,0.270533,0.153989,7.263588,14.000000,121.086556,0.518828,1.000000,63.817010,95.557418,90.643616,1.000000,0.735022,0.410384,0.324638,13.610117,31.913366,17.921861,3.322970,4.625328,12.886911,1.076622,0.059609,5.659197,4.000000,73.877551,1.414799,2.000000,44.957962,32.857143,50.702948,1.000000,0.315191,0.490539,-0.175348,13.966388,24.501583,23.791001,-1.694136,-0.330846,8.852444,0.256807,0.068502,8.295711,5.000000,79.032258,1.659142,3.000000,9.499489,9.000000,101.086957,1.055499,8.000000,10.372041,2.000000,195.744681,5.186020,1.000000,5.032120,8.000000,59.872611,0.629015,2.000000,9.175921,17.000000,71.040724,0.539760,3.000000,11.438923,4.000000,81.851852,2.859731,2.000000,16.245487,10.000000,142.105263,1.624549,1.000000,10.259179,8.000000,90.476190,1.282397,2.000000,12.789281,9.000000,198.113208,1.421031,1.000000,6.064073,8.000000,74.125874,0.758009,2.000000,8.909657,10.000000,112.598425,0.890966,1.000000,7.332564,4.000000,40.836013,1.833141,2.000000,2.000000,5.000000,54.000000,-1.000000,,,,51.831474,34.832693,38.087402,1.664916,2.287853,-0.622937,29.997022,21.972136,23.116910,-0.541049,3.263118,0.447399,0.102305,,5.000000,,33.559241,23.407022,13.221557,-0.686155,-0.617147,-0.069008,28.776234,14.013613,32.266387,-1.353714,-2.067210,0.064876,0.030695,0.677270,0.744681,,332.932933,38.484666,4.313757,1.471718
2025-11-09T18:30:00Z,1.433465,no_impulse,0,BAJFINANCE,1d,1.000000,79.720280,5.528613,4.000000,1.382153,2.877038,6.261357,15.473184,6.485261,7.000000,54.789272,0.926466,2.000000,51.831474,34.832693,38.087402,0.000000,1.664916,2.287853,-0.622937,29.997022,21.972136,23.116910,-0.541049,3.263118,12.647684,0.447399,0.102305,13.425926,13.000000,203.906250,1.032764,1.000000,75.583035,93.601533,95.553762,0.000000,2.787788,2.357368,0.430420,36.623768,37.241364,11.637749,5.247991,9.358559,17.733828,0.925058,0.130304,6.177606,6.000000,38.484666,1.029601,2.000000,56.255758,27.734375,33.632968,1.000000,1.968594,2.420992,-0.452398,32.174097,28.250641,22.871894,0.777294,3.884528,11.129833,0.577628,0.100915,19.121536,19.000000,332.932933,1.006397,1.000000,75.521827,93.990385,92.658898,1.000000,3.055124,2.506777,0.548348,37.556094,42.953310,10.739525,5.539000,8.739462,15.269620,0.781092,0.208607,5.431414,7.000000,70.700637,0.775916,2.000000,43.975700,39.419674,50.436424,1.000000,-0.751788,-0.960321,0.208533,16.232307,21.119739,26.745050,-1.465780,-2.657053,2.757030,0.264455,0.061330,8.321555,2.000000,57.933579,4.160777,3.000000,52.998513,79.547063,37.755872,0.000000,-1.481060,-1.487017,0.005957,21.388615,29.417671,24.109972,1.655245,0.197154,6.105179,0.611818,0.150522,12.559864,15.000000,185.475285,0.837324,8.000000,35.700865,14.492754,8.644051,0.000000,-1.927792,-1.468167,-0.459625,21.501714,14.761790,31.020811,-3.662976,-5.238653,1.248930,0.270533,0.153989,7.263588,14.000000,121.086556,0.518828,1.000000,63.817010,95.557418,90.643616,1.000000,0.735022,0.410384,0.324638,13.610117,31.913366,17.921861,3.322970,4.625328,12.886911,1.076622,0.059609,5.659197,4.000000,73.877551,1.414799,2.000000,8.295711,5.000000,79.032258,1.659142,3.000000,9.499489,9.000000,101.086957,1.055499,8.000000,10.372041,2.000000,195.744681,5.186020,1.000000,5.032120,8.000000,59.872611,0.629015,2.000000,9.175921,17.000000,71.040724,0.539760,3.000000,11.438923,4.000000,81.851852,2.859731,2.000000,16.245487,10.000000,142.105263,1.624549,1.000000,10.259179,8.000000,90.476190,1.282397,2.000000,12.789281,9.000000,198.113208,1.421031,1.000000,6.064073,8.000000,74.125874,0.758009,2.000000,8.909657,10.000000,112.598425,0.890966,1.000000,3.000000,1.000000,58.000000,-1.000000,,,,63.243058,75.524476,46.853147,1.361740,1.684760,-0.323020,26.773134,28.440105,15.543466,2.877038,6.261357,0.863970,0.081388,,5.000000,,63.777738,86.885246,81.498829,0.433450,0.145193,0.288257,24.997923,27.255322,14.666671,1.361216,1.432046,0.850580,0.039363,0.596130,0.434783,30.000000,332.932933,38.484666,4.423577,0.793587
2025-11-25T18:30:00Z,1.292885,no_impulse,0,BAJFINANCE,1d,-1.000000,187.192982,9.806985,12.000000,0.817249,-1.077201,-0.315189,8.229262,5.528613,4.000000,79.720280,1.382153,3.000000,63.243058,75.524476,46.853147,1.000000,1.361740,1.684760,-0.323020,26.773134,28.440105,15.543466,2.877038,6.261357,15.473184,0.863970,0.081388,6.485261,7.000000,54.789272,0.926466,2.000000,51.831474,34.832693,38.087402,0.000000,1.664916,2.287853,-0.622937,29.997022,21.972136,23.116910,-0.541049,3.263118,12.647684,0.447399,0.102305,13.425926,13.000000,203.906250,1.032764,1.000000,75.583035,93.601533,95.553762,0.000000,2.787788,2.357368,0.430420,36.623768,37.241364,11.637749,5.247991,9.358559,17.733828,0.925058,0.130304,6.177606,6.000000,38.484666,1.029601,2.000000,56.255758,27.734375,33.632968,1.000000,1.968594,2.420992,-0.452398,32.174097,28.250641,22.871894,0.777294,3.884528,11.129833,0.577628,0.100915,19.121536,19.000000,332.932933,1.006397,1.000000,75.521827,93.990385,92.658898,1.000000,3.055124,2.506777,0.548348,37.556094,42.953310,10.739525,5.539000,8.739462,15.269620,0.781092,0.208607,5.431414,7.000000,70.700637,0.775916,2.000000,43.975700,39.419674,50.436424,1.000000,-0.751788,-0.960321,0.208533,16.232307,21.119739,26.745050,-1.465780,-2.657053,2.757030,0.264455,0.061330,8.321555,2.000000,57.933579,4.160777,3.000000,52.998513,79.547063,37.755872,0.000000,-1.481060,-1.487017,0.005957,21.388615,29.417671,24.109972,1.655245,0.197154,6.105179,0.611818,0.150522,12.559864,15.000000,185.475285,0.837324,8.000000,35.700865,14.492754,8.644051,0.000000,-1.927792,-1.468167,-0.459625,21.501714,14.761790,31.020811,-3.662976,-5.238653,1.248930,0.270533,0.153989,7.263588,14.000000,121.086556,0.518828,1.000000,5.659197,4.000000,73.877551,1.414799,2.000000,8.295711,5.000000,79.032258,1.659142,3.000000,9.499489,9.000000,101.086957,1.055499,8.000000,10.372041,2.000000,195.744681,5.186020,1.000000,5.032120,8.000000,59.872611,0.629015,2.000000,9.175921,17.000000,71.040724,0.539760,3.000000,11.438923,4.000000,81.851852,2.859731,2.000000,16.245487,10.000000,142.105263,1.624549,1.000000,10.259179,8.000000,90.476190,1.282397,2.000000,12.789281,9.000000,198.113208,1.421031,1.000000,6.064073,8.000000,74.125874,0.758009,2.000000,4.000000,2.000000,70.000000,-1.000000,,,,46.807627,27.553889,11.092678,-0.928605,-0.420738,-0.507866,17.893713,22.532863,25.090248,-1.077201,-0.315189,0.396592,0.103060,,5.000000,,25.060974,2.016129,8.104278,-0.698750,-0.598232,-0.100518,31.449319,10.916625,30.034421,-1.295781,-2.308739,0.096998,0.031742,1.089973,1.318681,42.000000,332.932933,38.484666,4.575520,0.827834
2025-12-04T18:30:00Z,1.397892,no_impulse,0,BAJFINANCE,1d,1.000000,74.695408,8.121879,7.000000,1.160268,2.047973,2.854370,10.828326,9.806985,12.000000,187.192982,0.817249,4.000000,46.807627,27.553889,11.092678,0.000000,-0.928605,-0.420738,-0.507866,17.893713,22.532863,25.090248,-1.077201,-0.315189,8.229262,0.396592,0.103060,5.528613,4.000000,79.720280,1.382153,3.000000,63.243058,75.524476,46.853147,1.000000,1.361740,1.684760,-0.323020,26.773134,28.440105,15.543466,2.877038,6.261357,15.473184,0.863970,0.081388,6.485261,7.000000,54.789272,0.926466,2.000000,51.831474,34.832693,38.087402,0.000000,1.664916,2.287853,-0.622937,29.997022,21.972136,23.116910,-0.541049,3.263118,12.647684,0.447399,0.102305,13.425926,13.000000,203.906250,1.032764,1.000000,75.583035,93.601533,95.553762,0.000000,2.787788,2.357368,0.430420,36.623768,37.241364,11.637749,5.247991,9.358559,17.733828,0.925058,0.130304,6.177606,6.000000,38.484666,1.029601,2.000000,56.255758,27.734375,33.632968,1.000000,1.968594,2.420992,-0.452398,32.174097,28.250641,22.871894,0.777294,3.884528,11.129833,0.577628,0.100915,19.121536,19.000000,332.932933,1.006397,1.000000,75.521827,93.990385,92.658898,1.000000,3.055124,2.506777,0.548348,37.556094,42.953310,10.739525,5.539000,8.739462,15.269620,0.781092,0.208607,5.431414,7.000000,70.700637,0.775916,2.000000,43.975700,39.419674,50.436424,1.000000,-0.751788,-0.960321,0.208533,16.232307,21.119739,26.745050,-1.465780,-2.657053,2.757030,0.264455,0.061330,8.321555,2.000000,57.933579,4.160777,3.000000,52.998513,79.547063,37.755872,0.000000,-1.481060,-1.487017,0.005957,21.388615,29.417671,24.109972,1.655245,0.197154,6.105179,0.611818,0.150522,12.559864,15.000000,185.475285,0.837324,8.000000,7.263588,14.000000,121.086556,0.518828,1.000000,5.659197,4.000000,73.877551,1.414799,2.000000,8.295711,5.000000,79.032258,1.659142,3.000000,9.499489,9.000000,101.086957,1.055499,8.000000,10.372041,2.000000,195.744681,5.186020,1.000000,5.032120,8.000000,59.872611,0.629015,2.000000,9.175921,17.000000,71.040724,0.539760,3.000000,11.438923,4.000000,81.851852,2.859731,2.000000,16.245487,10.000000,142.105263,1.624549,1.000000,10.259179,8.000000,90.476190,1.282397,2.000000,12.789281,9.000000,198.113208,1.421031,1.000000,3.000000,3.000000,77.000000,-1.000000,,,,56.094719,83.688833,73.965460,-0.030817,-0.310687,0.279870,14.616235,30.913432,19.248422,2.047973,2.854370,0.758456,0.080896,,7.000000,,54.306329,71.270718,78.762970,0.088750,0.015655,0.073096,11.750152,21.214285,16.082679,0.236074,0.420501,0.648107,0.015977,0.862907,0.707071,49.000000,332.932933,38.484666,4.424796,0.563481
2026-01-19T18:30:00Z,1.222530,no_impulse,0,BAJFINANCE,1d,-1.000000,167.001255,12.544769,30.000000,0.418159,-4.122873,-6.197495,-1.553704,8.121879,7.000000,74.695408,1.160268,3.000000,56.094719,83.688833,73.965460,0.000000,-0.030817,-0.310687,0.279870,14.616235,30.913432,19.248422,2.047973,2.854370,10.828326,0.758456,0.080896,9.806985,12.000000,187.192982,0.817249,4.000000,46.807627,27.553889,11.092678,0.000000,-0.928605,-0.420738,-0.507866,17.893713,22.532863,25.090248,-1.077201,-0.315189,8.229262,0.396592,0.103060,5.528613,4.000000,79.720280,1.382153,3.000000,63.243058,75.524476,46.853147,1.000000,1.361740,1.684760,-0.323020,26.773134,28.440105,15.543466,2.877038,6.261357,15.473184,0.863970,0.081388,6.485261,7.000000,54.789272,0.926466,2.000000,51.831474,34.832693,38.087402,0.000000,1.664916,2.287853,-0.622937,29.997022,21.972136,23.116910,-0.541049,3.263118,12.647684,0.447399,0.102305,13.425926,13.000000,203.906250,1.032764,1.000000,75.583035,93.601533,95.553762,0.000000,2.787788,2.357368,0.430420,36.623768,37.241364,11.637749,5.247991,9.358559,17.733828,0.925058,0.130304,6.177606,6.000000,38.484666,1.029601,2.000000,56.255758,27.734375,33.632968,1.000000,1.968594,2.420992,-0.452398,32.174097,28.250641,22.871894,0.777294,3.884528,11.129833,0.577628,0.100915,19.121536,19.000000,332.932933,1.006397,1.000000,75.521827,93.990385,92.658898,1.000000,3.055124,2.506777,0.548348,37.556094,42.953310,10.739525,5.539000,8.739462,15.269620,0.781092,0.208607,5.431414,7.000000,70.700637,0.775916,2.000000,43.975700,39.419674,50.436424,1.000000,-0.751788,-0.960321,0.208533,16.232307,21.119739,26.745050,-1.465780,-2.657053,2.757030,0.264455,0.061330,8.321555,2.000000,57.933579,4.160777,3.000000,12.559864,15.000000,185.475285,0.837324,8.000000,7.263588,14.000000,121.086556,0.518828,1.000000,5.659197,4.000000,73.877551,1.414799,2.000000,8.295711,5.000000,79.032258,1.659142,3.000000,9.499489,9.000000,101.086957,1.055499,8.000000,10.372041,2.000000,195.744681,5.186020,1.000000,5.032120,8.000000,59.872611,0.629015,2.000000,9.175921,17.000000,71.040724,0.539760,3.000000,11.438923,4.000000,81.851852,2.859731,2.000000,16.245487,10.000000,142.105263,1.624549,1.000000,10.259179,8.000000,90.476190,1.282397,2.000000,4.000000,4.000000,107.000000,-1.000000,,,,32.965139,7.438596,26.616328,-1.798049,-1.562997,-0.235051,21.009409,12.972638,24.641161,-4.122873,-6.197495,0.074198,0.092992,,28.000000,,62.315352,85.041551,89.576324,0.405919,0.170654,0.235265,26.289533,29.507198,15.511807,0.838175,0.745224,0.739871,0.035238,1.320771,3.260870,79.000000,332.932933,38.484666,4.386647,0.899140
2026-01-19T18:30:00Z,1.285507,no_impulse,0,BAJFINANCE,1d,1.000000,35.912847,5.151417,0.000000,0.000000,-4.122873,-6.197495,-1.553704,12.544769,30.000000,167.001255,0.418159,4.000000,32.965139,7.438596,26.616328,1.000000,-1.798049,-1.562997,-0.235051,21.009409,12.972638,24.641161,-4.122873,-6.197495,-1.553704,0.074198,0.092992,8.121879,7.000000,74.695408,1.160268,3.000000,56.094719,83.688833,73.965460,0.000000,-0.030817,-0.310687,0.279870,14.616235,30.913432,19.248422,2.047973,2.854370,10.828326,0.758456,0.080896,9.806985,12.000000,187.192982,0.817249,4.000000,46.807627,27.553889,11.092678,0.000000,-0.928605,-0.420738,-0.507866,17.893713,22.532863,25.090248,-1.077201,-0.315189,8.229262,0.396592,0.103060,5.528613,4.000000,79.720280,1.382153,3.000000,63.243058,75.524476,46.853147,1.000000,1.361740,1.684760,-0.323020,26.773134,28.440105,15.543466,2.877038,6.261357,15.473184,0.863970,0.081388,6.485261,7.000000,54.789272,0.926466,2.000000,51.831474,34.832693,38.087402,0.000000,1.664916,2.287853,-0.622937,29.997022,21.972136,23.116910,-0.541049,3.263118,12.647684,0.447399,0.102305,13.425926,13.000000,203.906250,1.032764,1.000000,75.583035,93.601533,95.553762,0.000000,2.787788,2.357368,0.430420,36.623768,37.241364,11.637749,5.247991,9.358559,17.733828,0.925058,0.130304,6.177606,6.000000,38.484666,1.029601,2.000000,56.255758,27.734375,33.632968,1.000000,1.968594,2.420992,-0.452398,32.174097,28.250641,22.871894,0.777294,3.884528,11.129833,0.577628,0.100915,19.121536,19.000000,332.932933,1.006397,1.000000,75.521827,93.990385,92.658898,1.000000,3.055124,2.506777,0.548348,37.556094,42.953310,10.739525,5.539000,8.739462,15.269620,0.781092,0.208607,5.431414,7.000000,70.700637,0.775916,2.000000,8.321555,2.000000,57.933579,4.160777,3.000000,12.559864,15.000000,185.475285,0.837324,8.000000,7.263588,14.000000,121.086556,0.518828,1.000000,5.659197,4.000000,73.877551,1.414799,2.000000,8.295711,5.000000,79.032258,1.659142,3.000000,9.499489,9.000000,101.086957,1.055499,8.000000,10.372041,2.000000,195.744681,5.186020,1.000000,5.032120,8.000000,59.872611,0.629015,2.000000,9.175921,17.000000,71.040724,0.539760,3.000000,11.438923,4.000000,81.851852,2.859731,2.000000,16.245487,10.000000,142.105263,1.624549,1.000000,4.000000,5.000000,107.000000,-1.000000,,,,32.965139,7.438596,26.616328,-1.798049,-1.562997,-0.235051,21.009409,12.972638,24.641161,-4.122873,-6.197495,0.074198,0.092992,,0.000000,,62.315352,85.041551,89.576324,0.405919,0.170654,0.235265,26.289533,29.507198,15.511807,0.838175,0.745224,0.739871,0.035238,0.542451,0.000000,79.000000,332.932933,38.484666,4.385479,1.197872
2026-01-31T18:30:00Z,1.170685,no_impulse,0,BAJFINANCE,1d,-1.000000,182.322176,8.932049,8.000000,1.116506,-4.914699,-7.895554,-4.856598,5.151417,0.000000,35.912847,0.000000,4.000000,32.965139,7.438596,26.616328,0.000000,-1.798049,-1.562997,-0.235051,21.009409,12.972638,24.641161,-4.122873,-6.197495,-1.553704,0.074198,0.092992,12.544769,30.000000,167.001255,0.418159,4.000000,32.965139,7.438596,26.616328,1.000000,-1.798049,-1.562997,-0.235051,21.009409,12.972638,24.641161,-4.122873,-6.197495,-1.553704,0.074198,0.092992,8.121879,7.000000,74.695408,1.160268,3.000000,56.094719,83.688833,73.965460,0.000000,-0.030817,-0.310687,0.279870,14.616235,30.913432,19.248422,2.047973,2.854370,10.828326,0.758456,0.080896,9.806985,12.000000,187.192982,0.817249,4.000000,46.807627,27.553889,11.092678,0.000000,-0.928605,-0.420738,-0.507866,17.893713,22.532863,25.090248,-1.077201,-0.315189,8.229262,0.396592,0.103060,5.528613,4.000000,79.720280,1.382153,3.000000,63.243058,75.524476,46.853147,1.000000,1.361740,1.684760,-0.323020,26.773134,28.440105,15.543466,2.877038,6.261357,15.473184,0.863970,0.081388,6.485261,7.000000,54.789272,0.926466,2.000000,51.831474,34.832693,38.087402,0.000000,1.664916,2.287853,-0.622937,29.997022,21.972136,23.116910,-0.541049,3.263118,12.647684,0.447399,0.102305,13.425926,13.000000,203.906250,1.032764,1.000000,75.583035,93.601533,95.553762,0.000000,2.787788,2.357368,0.430420,36.623768,37.241364,11.637749,5.247991,9.358559,17.733828,0.925058,0.130304,6.177606,6.000000,38.484666,1.029601,2.000000,56.255758,27.734375,33.632968,1.000000,1.968594,2.420992,-0.452398,32.174097,28.250641,22.871894,0.777294,3.884528,11.129833,0.577628,0.100915,19.121536,19.000000,332.932933,1.006397,1.000000,5.431414,7.000000,70.700637,0.775916,2.000000,8.321555,2.000000,57.933579,4.160777,3.000000,12.559864,15.000000,185.475285,0.837324,8.000000,7.263588,14.000000,121.086556,0.518828,1.000000,5.659197,4.000000,73.877551,1.414799,2.000000,8.295711,5.000000,79.032258,1.659142,3.000000,9.499489,9.000000,101.086957,1.055499,8.000000,10.372041,2.000000,195.744681,5.186020,1.000000,5.032120,8.000000,59.872611,0.629015,2.000000,9.175921,17.000000,71.040724,0.539760,3.000000,11.438923,4.000000,81.851852,2.859731,2.000000,4.000000,6.000000,115.000000,-1.000000,,,,31.481431,15.834768,27.234874,-2.189551,-2.002347,-0.187204,30.928793,8.867007,32.045025,-4.914699,-7.895554,0.000964,0.093870,,5.000000,,51.178399,55.700326,46.310046,0.045530,0.027987,0.017543,11.181995,17.455081,19.993224,0.119499,-0.169299,0.595210,0.012566,0.973039,0.761905,87.000000,332.932933,35.912847,4.589679,1.183183
2026-02-22T18:30:00Z,1.378129,no_impulse,0,BAJFINANCE,1d,1.000000,180.665519,17.719881,16.000000,1.107493,3.779225,4.540758,7.571632,8.932049,8.000000,182.322176,1.116506,4.000000,31.481431,15.834768,27.234874,0.000000,-2.189551,-2.002347,-0.187204,30.928793,8.867007,32.045025,-4.914699,-7.895554,-4.856598,0.000964,0.093870,5.151417,0.000000,35.912847,0.000000,4.000000,32.965139,7.438596,26.616328,0.000000,-1.798049,-1.562997,-0.235051,21.009409,12.972638,24.641161,-4.122873,-6.197495,-1.553704,0.074198,0.092992,12.544769,30.000000,167.001255,0.418159,4.000000,32.965139,7.438596,26.616328,1.000000,-1.798049,-1.562997,-0.235051,21.009409,12.972638,24.641161,-4.122873,-6.197495,-1.553704,0.074198,0.092992,8.121879,7.000000,74.695408,1.160268,3.000000,56.094719,83.688833,73.965460,0.000000,-0.030817,-0.310687,0.279870,14.616235,30.913432,19.248422,2.047973,2.854370,10.828326,0.758456,0.080896,9.806985,12.000000,187.192982,0.817249,4.000000,46.807627,27.553889,11.092678,0.000000,-0.928605,-0.420738,-0.507866,17.893713,22.532863,25.090248,-1.077201,-0.315189,8.229262,0.396592,0.103060,5.528613,4.000000,79.720280,1.382153,3.000000,63.243058,75.524476,46.853147,1.000000,1.361740,1.684760,-0.323020,26.773134,28.440105,15.543466,2.877038,6.261357,15.473184,0.863970,0.081388,6.485261,7.000000,54.789272,0.926466,2.000000,51.831474,34.832693,38.087402,0.000000,1.664916,2.287853,-0.622937,29.997022,21.972136,23.116910,-0.541049,3.263118,12.647684,0.447399,0.102305,13.425926,13.000000,203.906250,1.032764,1.000000,75.583035,93.601533,95.553762,0.000000,2.787788,2.357368,0.430420,36.623768,37.241364,11.637749,5.247991,9.358559,17.733828,0.925058,0.130304,6.177606,6.000000,38.484666,1.029601,2.000000,19.121536,19.000000,332.932933,1.006397,1.000000,5.431414,7.000000,70.700637,0.775916,2.000000,8.321555,2.000000,57.933579,4.160777,3.000000,12.559864,15.000000,185.475285,0.837324,8.000000,7.263588,14.000000,121.086556,0.518828,1.000000,5.659197,4.000000,73.877551,1.414799,2.000000,8.295711,5.000000,79.032258,1.659142,3.000000,9.499489,9.000000,101.086957,1.055499,8.000000,10.372041,2.000000,195.744681,5.186020,1.000000,5.032120,8.000000,59.872611,0.629015,2.000000,9.175921,17.000000,71.040724,0.539760,3.000000,7.000000,7.000000,131.000000,-1.000000,,,,64.955362,85.272459,89.401310,1.738016,1.005176,0.732840,29.341388,31.636730,11.078784,3.779225,4.540758,0.742076,0.162249,,13.000000,,65.017484,92.672414,77.737651,0.539699,0.437670,0.102029,21.292044,27.320759,15.569623,1.545222,2.680354,1.048301,0.028624,1.859456,1.509434,103.000000,332.932933,35.912847,4.401689,1.135170
2026-03-10T18:30:00Z,1.172596,no_impulse,0,BAJFINANCE,1d,-1.000000,99.079073,14.913958,11.000000,1.355814,-8.430180,-9.344116,-6.809606,17.719881,16.000000,180.665519,1.107493,7.000000,64.955362,85.272459,89.401310,0.000000,1.738016,1.005176,0.732840,29.341388,31.636730,11.078784,3.779225,4.540758,7.571632,0.742076,0.162249,8.932049,8.000000,182.322176,1.116506,4.000000,31.481431,15.834768,27.234874,0.000000,-2.189551,-2.002347,-0.187204,30.928793,8.867007,32.045025,-4.914699,-7.895554,-4.856598,0.000964,0.093870,5.151417,0.000000,35.912847,0.000000,4.000000,32.965139,7.438596,26.616328,0.000000,-1.798049,-1.562997,-0.235051,21.009409,12.972638,24.641161,-4.122873,-6.197495,-1.553704,0.074198,0.092992,12.544769,30.000000,167.001255,0.418159,4.000000,32.965139,7.438596,26.616328,1.000000,-1.798049,-1.562997,-0.235051,21.009409,12.972638,24.641161,-4.122873,-6.197495,-1.553704,0.074198,0.092992,8.121879,7.000000,74.695408,1.160268,3.000000,56.094719,83.688833,73.965460,0.000000,-0.030817,-0.310687,0.279870,14.616235,30.913432,19.248422,2.047973,2.854370,10.828326,0.758456,0.080896,9.806985,12.000000,187.192982,0.817249,4.000000,46.807627,27.553889,11.092678,0.000000,-0.928605,-0.420738,-0.507866,17.893713,22.532863,25.090248,-1.077201,-0.315189,8.229262,0.396592,0.103060,5.528613,4.000000,79.720280,1.382153,3.000000,63.243058,75.524476,46.853147,1.000000,1.361740,1.684760,-0.323020,26.773134,28.440105,15.543466,2.877038,6.261357,15.473184,0.863970,0.081388,6.485261,7.000000,54.789272,0.926466,2.000000,51.831474,34.832693,38.087402,0.000000,1.664916,2.287853,-0.622937,29.997022,21.972136,23.116910,-0.541049,3.263118,12.647684,0.447399,0.102305,13.425926,13.000000,203.906250,1.032764,1.000000,6.177606,6.000000,38.484666,1.029601,2.000000,19.121536,19.000000,332.932933,1.006397,1.000000,5.431414,7.000000,70.700637,0.775916,2.000000,8.321555,2.000000,57.933579,4.160777,3.000000,12.559864,15.000000,185.475285,0.837324,8.000000,7.263588,14.000000,121.086556,0.518828,1.000000,5.659197,4.000000,73.877551,1.414799,2.000000,8.295711,5.000000,79.032258,1.659142,3.000000,9.499489,9.000000,101.086957,1.055499,8.000000,10.372041,2.000000,195.744681,5.186020,1.000000,5.032120,8.000000,59.872611,0.629015,2.000000,2.000000,1.000000,11.000000,-1.000000,,,,29.418527,2.339744,15.322935,-1.423124,-0.034668,-1.388456,26.726304,16.148943,39.120413,-8.430180,-9.344116,0.010792,0.158925,,13.000000,,45.676324,76.334107,72.640108,-0.536097,-0.780004,0.243908,32.812491,16.621604,24.146552,-0.166029,-1.838429,0.462410,0.044096,1.588376,1.067961,114.000000,203.906250,35.912847,4.072302,1.043635
2026-03-10T18:30:00Z,1.240119,no_impulse,0,BAJFINANCE,1d,1.000000,32.852564,5.758427,0.000000,0.000000,-8.430180,-9.344116,-6.809606,14.913958,11.000000,99.079073,1.355814,2.000000,29.418527,2.339744,15.322935,0.000000,-1.423124,-0.034668,-1.388456,26.726304,16.148943,39.120413,-8.430180,-9.344116,-6.809606,0.010792,0.158925,17.719881,16.000000,180.665519,1.107493,7.000000,64.955362,85.272459,89.401310,0.000000,1.738016,1.005176,0.732840,29.341388,31.636730,11.078784,3.779225,4.540758,7.571632,0.742076,0.162249,8.932049,8.000000,182.322176,1.116506,4.000000,31.481431,15.834768,27.234874,0.000000,-2.189551,-2.002347,-0.187204,30.928793,8.867007,32.045025,-4.914699,-7.895554,-4.856598,0.000964,0.093870,5.151417,0.000000,35.912847,0.000000,4.000000,32.965139,7.438596,26.616328,0.000000,-1.798049,-1.562997,-0.235051,21.009409,12.972638,24.641161,-4.122873,-6.197495,-1.553704,0.074198,0.092992,12.544769,30.000000,167.001255,0.418159,4.000000,32.965139,7.438596,26.616328,1.000000,-1.798049,-1.562997,-0.235051,21.009409,12.972638,24.641161,-4.122873,-6.197495,-1.553704,0.074198,0.092992,8.121879,7.000000,74.695408,1.160268,3.000000,56.094719,83.688833,73.965460,0.000000,-0.030817,-0.310687,0.279870,14.616235,30.913432,19.248422,2.047973,2.854370,10.828326,0.758456,0.080896,9.806985,12.000000,187.192982,0.817249,4.000000,46.807627,27.553889,11.092678,0.000000,-0.928605,-0.420738,-0.507866,17.893713,22.532863,25.090248,-1.077201,-0.315189,8.229262,0.396592,0.103060,5.528613,4.000000,79.720280,1.382153,3.000000,63.243058,75.524476,46.853147,1.000000,1.361740,1.684760,-0.323020,26.773134,28.440105,15.543466,2.877038,6.261357,15.473184,0.863970,0.081388,6.485261,7.000000,54.789272,0.926466,2.000000,13.425926,13.000000,203.906250,1.032764,1.000000,6.177606,6.000000,38.484666,1.029601,2.000000,19.121536,19.000000,332.932933,1.006397,1.000000,5.431414,7.000000,70.700637,0.775916,2.000000,8.321555,2.000000,57.933579,4.160777,3.000000,12.559864,15.000000,185.475285,0.837324,8.000000,7.263588,14.000000,121.086556,0.518828,1.000000,5.659197,4.000000,73.877551,1.414799,2.000000,8.295711,5.000000,79.032258,1.659142,3.000000,9.499489,9.000000,101.086957,1.055499,8.000000,10.372041,2.000000,195.744681,5.186020,1.000000,2.000000,2.000000,11.000000,-1.000000,,,,29.418527,2.339744,15.322935,-1.423124,-0.034668,-1.388456,26.726304,16.148943,39.120413,-8.430180,-9.344116,0.010792,0.158925,,0.000000,,45.676324,76.334107,72.640108,-0.536097,-0.780004,0.243908,32.812491,16.621604,24.146552,-0.166029,-1.838429,0.462410,0.044096,0.561082,0.000000,,203.906250,35.912847,4.240346,1.609954
2026-03-22T18:30:00Z,1.038076,no_impulse,0,BAJFINANCE,1d,-1.000000,299.219512,16.292165,8.000000,2.036521,-11.078182,-15.998153,-16.494677,5.758427,0.000000,32.852564,0.000000,2.000000,29.418527,2.339744,15.322935,0.000000,-1.423124,-0.034668,-1.388456,26.726304,16.148943,39.120413,-8.430180,-9.344116,-6.809606,0.010792,0.158925,14.913958,11.000000,99.079073,1.355814,2.000000,29.418527,2.339744,15.322935,0.000000,-1.423124,-0.034668,-1.388456,26.726304,16.148943,39.120413,-8.430180,-9.344116,-6.809606,0.010792,0.158925,17.719881,16.000000,180.665519,1.107493,7.000000,64.955362,85.272459,89.401310,0.000000,1.738016,1.005176,0.732840,29.341388,31.636730,11.078784,3.779225,4.540758,7.571632,0.742076,0.162249,8.932049,8.000000,182.322176,1.116506,4.000000,31.481431,15.834768,27.234874,0.000000,-2.189551,-2.002347,-0.187204,30.928793,8.867007,32.045025,-4.914699,-7.895554,-4.856598,0.000964,0.093870,5.151417,0.000000,35.912847,0.000000,4.000000,32.965139,7.438596,26.616328,0.000000,-1.798049,-1.562997,-0.235051,21.009409,12.972638,24.641161,-4.122873,-6.197495,-1.553704,0.074198,0.092992,12.544769,30.000000,167.001255,0.418159,4.000000,32.965139,7.438596,26.616328,1.000000,-1.798049,-1.562997,-0.235051,21.009409,12.972638,24.641161,-4.122873,-6.197495,-1.553704,0.074198,0.092992,8.121879,7.000000,74.695408,1.160268,3.000000,56.094719,83.688833,73.965460,0.000000,-0.030817,-0.310687,0.279870,14.616235,30.913432,19.248422,2.047973,2.854370,10.828326,0.758456,0.080896,9.806985,12.000000,187.192982,0.817249,4.000000,46.807627,27.553889,11.092678,0.000000,-0.928605,-0.420738,-0.507866,17.893713,22.532863,25.090248,-1.077201,-0.315189,8.229262,0.396592,0.103060,5.528613,4.000000,79.720280,1.382153,3.000000,6.485261,7.000000,54.789272,0.926466,2.000000,13.425926,13.000000,203.906250,1.032764,1.000000,6.177606,6.000000,38.484666,1.029601,2.000000,19.121536,19.000000,332.932933,1.006397,1.000000,5.431414,7.000000,70.700637,0.775916,2.000000,8.321555,2.000000,57.933579,4.160777,3.000000,12.559864,15.000000,185.475285,0.837324,8.000000,7.263588,14.000000,121.086556,0.518828,1.000000,5.659197,4.000000,73.877551,1.414799,2.000000,8.295711,5.000000,79.032258,1.659142,3.000000,9.499489,9.000000,101.086957,1.055499,8.000000,4.000000,1.000000,19.000000,-1.000000,,,,25.465346,13.695592,7.740137,-4.932007,-3.419602,-1.512405,34.921734,12.730288,41.113572,-11.078182,-15.998153,0.174921,0.306797,,6.000000,,23.739531,0.000000,13.180626,-1.744474,-1.489029,-0.255445,30.275842,13.109053,42.975085,-5.187548,-8.258034,0.037583,0.106651,1.715629,0.842105,122.000000,187.192982,32.852564,4.297725,1.441788
2026-03-24T18:30:00Z,1.171014,no_impulse,0,BAJFINANCE,1d,1.000000,65.797196,12.806194,2.000000,6.403097,-1.513268,-6.114666,-7.056157,16.292165,8.000000,299.219512,2.036521,4.000000,25.465346,13.695592,7.740137,1.000000,-4.932007,-3.419602,-1.512405,34.921734,12.730288,41.113572,-11.078182,-15.998153,-16.494677,0.174921,0.306797,5.758427,0.000000,32.852564,0.000000,2.000000,29.418527,2.339744,15.322935,0.000000,-1.423124,-0.034668,-1.388456,26.726304,16.148943,39.120413,-8.430180,-9.344116,-6.809606,0.010792,0.158925,14.913958,11.000000,99.079073,1.355814,2.000000,29.418527,2.339744,15.322935,0.000000,-1.423124,-0.034668,-1.388456,26.726304,16.148943,39.120413,-8.430180,-9.344116,-6.809606,0.010792,0.158925,17.719881,16.000000,180.665519,1.107493,7.000000,64.955362,85.272459,89.401310,0.000000,1.738016,1.005176,0.732840,29.341388,31.636730,11.078784,3.779225,4.540758,7.571632,0.742076,0.162249,8.932049,8.000000,182.322176,1.116506,4.000000,31.481431,15.834768,27.234874,0.000000,-2.189551,-2.002347,-0.187204,30.928793,8.867007,32.045025,-4.914699,-7.895554,-4.856598,0.000964,0.093870,5.151417,0.000000,35.912847,0.000000,4.000000,32.965139,7.438596,26.616328,0.000000,-1.798049,-1.562997,-0.235051,21.009409,12.972638,24.641161,-4.122873,-6.197495,-1.553704,0.074198,0.092992,12.544769,30.000000,167.001255,0.418159,4.000000,32.965139,7.438596,26.616328,1.000000,-1.798049,-1.562997,-0.235051,21.009409,12.972638,24.641161,-4.122873,-6.197495,-1.553704,0.074198,0.092992,8.121879,7.000000,74.695408,1.160268,3.000000,56.094719,83.688833,73.965460,0.000000,-0.030817,-0.310687,0.279870,14.616235,30.913432,19.248422,2.047973,2.854370,10.828326,0.758456,0.080896,9.806985,12.000000,187.192982,0.817249,4.000000,5.528613,4.000000,79.720280,1.382153,3.000000,6.485261,7.000000,54.789272,0.926466,2.000000,13.425926,13.000000,203.906250,1.032764,1.000000,6.177606,6.000000,38.484666,1.029601,2.000000,19.121536,19.000000,332.932933,1.006397,1.000000,5.431414,7.000000,70.700637,0.775916,2.000000,8.321555,2.000000,57.933579,4.160777,3.000000,12.559864,15.000000,185.475285,0.837324,8.000000,7.263588,14.000000,121.086556,0.518828,1.000000,5.659197,4.000000,73.877551,1.414799,2.000000,8.295711,5.000000,79.032258,1.659142,3.000000,3.000000,2.000000,21.000000,-1.000000,,,,44.416194,54.637097,34.070419,-4.011198,-3.527735,-0.483463,33.079404,25.904367,33.746545,-1.513268,-6.114666,0.446405,0.278144,,3.000000,,62.272156,96.974281,98.751235,-0.011245,-0.779802,0.768557,25.569634,35.844238,20.515739,2.390729,0.612561,0.804470,0.080444,1.222313,0.208333,,299.219512,32.852564,4.639605,1.162285
2026-04-01T18:30:00Z,1.044071,no_impulse,0,BAJFINANCE,1d,-1.000000,95.490585,10.840459,4.000000,2.710115,-5.419369,-11.240615,-13.711895,12.806194,2.000000,65.797196,6.403097,3.000000,44.416194,54.637097,34.070419,0.000000,-4.011198,-3.527735,-0.483463,33.079404,25.904367,33.746545,-1.513268,-6.114666,-7.056157,0.446405,0.278144,16.292165,8.000000,299.219512,2.036521,4.000000,25.465346,13.695592,7.740137,1.000000,-4.932007,-3.419602,-1.512405,34.921734,12.730288,41.113572,-11.078182,-15.998153,-16.494677,0.174921,0.306797,5.758427,0.000000,32.852564,0.000000,2.000000,29.418527,2.339744,15.322935,0.000000,-1.423124,-0.034668,-1.388456,26.726304,16.148943,39.120413,-8.430180,-9.344116,-6.809606,0.010792,0.158925,14.913958,11.000000,99.079073,1.355814,2.000000,29.418527,2.339744,15.322935,0.000000,-1.423124,-0.034668,-1.388456,26.726304,16.148943,39.120413,-8.430180,-9.344116,-6.809606,0.010792,0.158925,17.719881,16.000000,180.665519,1.107493,7.000000,64.955362,85.272459,89.401310,0.000000,1.738016,1.005176,0.732840,29.341388,31.636730,11.078784,3.779225,4.540758,7.571632,0.742076,0.162249,8.932049,8.000000,182.322176,1.116506,4.000000,31.481431,15.834768,27.234874,0.000000,-2.189551,-2.002347,-0.187204,30.928793,8.867007,32.045025,-4.914699,-7.895554,-4.856598,0.000964,0.093870,5.151417,0.000000,35.912847,0.000000,4.000000,32.965139,7.438596,26.616328,0.000000,-1.798049,-1.562997,-0.235051,21.009409,12.972638,24.641161,-4.122873,-6.197495,-1.553704,0.074198,0.092992,12.544769,30.000000,167.001255,0.418159,4.000000,32.965139,7.438596,26.616328,1.000000,-1.798049,-1.562997,-0.235051,21.009409,12.972638,24.641161,-4.122873,-6.197495,-1.553704,0.074198,0.092992,8.121879,7.000000,74.695408,1.160268,3.000000,9.806985,12.000000,187.192982,0.817249,4.000000,5.528613,4.000000,79.720280,1.382153,3.000000,6.485261,7.000000,54.789272,0.926466,2.000000,13.425926,13.000000,203.906250,1.032764,1.000000,6.177606,6.000000,38.484666,1.029601,2.000000,19.121536,19.000000,332.932933,1.006397,1.000000,5.431414,7.000000,70.700637,0.775916,2.000000,8.321555,2.000000,57.933579,4.160777,3.000000,12.559864,15.000000,185.475285,0.837324,8.000000,7.263588,14.000000,121.086556,0.518828,1.000000,5.659197,4.000000,73.877551,1.414799,2.000000,2.000000,1.000000,25.000000,-1.000000,,,,38.680256,36.727959,21.403430,-4.536146,-4.213146,-0.323001,31.485173,19.235638,37.731931,-5.419369,-11.240615,0.270750,0.224243,,3.000000,,42.186189,46.457607,47.270381,-0.739192,-0.740363,0.001171,20.121822,25.016916,33.815788,-1.283872,-2.529236,0.337607,0.078058,0.967486,0.425532,,299.219512,32.852564,4.338145,0.838591
2026-04-09T18:30:00Z,1.221739,no_impulse,0,BAJFINANCE,1d,1.000000,139.958485,17.016846,5.000000,3.403369,4.785484,1.072883,-1.431458,10.840459,4.000000,95.490585,2.710115,2.000000,38.680256,36.727959,21.403430,0.000000,-4.536146,-4.213146,-0.323001,31.485173,19.235638,37.731931,-5.419369,-11.240615,-13.711895,0.270750,0.224243,12.806194,2.000000,65.797196,6.403097,3.000000,44.416194,54.637097,34.070419,0.000000,-4.011198,-3.527735,-0.483463,33.079404,25.904367,33.746545,-1.513268,-6.114666,-7.056157,0.446405,0.278144,16.292165,8.000000,299.219512,2.036521,4.000000,25.465346,13.695592,7.740137,1.000000,-4.932007,-3.419602,-1.512405,34.921734,12.730288,41.113572,-11.078182,-15.998153,-16.494677,0.174921,0.306797,5.758427,0.000000,32.852564,0.000000,2.000000,29.418527,2.339744,15.322935,0.000000,-1.423124,-0.034668,-1.388456,26.726304,16.148943,39.120413,-8.430180,-9.344116,-6.809606,0.010792,0.158925,14.913958,11.000000,99.079073,1.355814,2.000000,29.418527,2.339744,15.322935,0.000000,-1.423124,-0.034668,-1.388456,26.726304,16.148943,39.120413,-8.430180,-9.344116,-6.809606,0.010792,0.158925,17.719881,16.000000,180.665519,1.107493,7.000000,64.955362,85.272459,89.401310,0.000000,1.738016,1.005176,0.732840,29.341388,31.636730,11.078784,3.779225,4.540758,7.571632,0.742076,0.162249,8.932049,8.000000,182.322176,1.116506,4.000000,31.481431,15.834768,27.234874,0.000000,-2.189551,-2.002347,-0.187204,30.928793,8.867007,32.045025,-4.914699,-7.895554,-4.856598,0.000964,0.093870,5.151417,0.000000,35.912847,0.000000,4.000000,32.965139,7.438596,26.616328,0.000000,-1.798049,-1.562997,-0.235051,21.009409,12.972638,24.641161,-4.122873,-6.197495,-1.553704,0.074198,0.092992,12.544769,30.000000,167.001255,0.418159,4.000000,8.121879,7.000000,74.695408,1.160268,3.000000,9.806985,12.000000,187.192982,0.817249,4.000000,5.528613,4.000000,79.720280,1.382153,3.000000,6.485261,7.000000,54.789272,0.926466,2.000000,13.425926,13.000000,203.906250,1.032764,1.000000,6.177606,6.000000,38.484666,1.029601,2.000000,19.121536,19.000000,332.932933,1.006397,1.000000,5.431414,7.000000,70.700637,0.775916,2.000000,8.321555,2.000000,57.933579,4.160777,3.000000,12.559864,15.000000,185.475285,0.837324,8.000000,7.263588,14.000000,121.086556,0.518828,1.000000,1.000000,2.000000,30.000000,-1.000000,,,,56.241284,98.027260,91.208218,-1.363685,-2.814377,1.450693,25.600782,32.741148,25.797721,4.785484,1.072883,0.831526,0.151602,,5.000000,,60.540654,46.222222,57.893670,1.725718,1.991348,-0.265630,32.271324,27.676302,22.117292,1.097800,3.581058,0.591226,0.121674,1.504834,0.581395,,299.219512,32.852564,4.313385,1.040283
