timestamp,price,label,direction,symbol,timeframe,curr_direction,curr_retrace_pct,curr_leg_size_pct,curr_leg_duration,curr_leg_speed,curr_ema20_dist,curr_ema50_dist,curr_ema200_dist,p1_leg_size_pct,p1_leg_duration,p1_retrace_pct,p1_leg_speed,p1_trend_state,p1_rsi,p1_stoch_k,p1_stoch_d,p1_stoch_cross,p1_macd_line,p1_macd_signal,p1_macd_hist,p1_adx,p1_plus_di,p1_minus_di,p1_ema20_dist,p1_ema50_dist,p1_ema200_dist,p1_bb_position,p1_bb_bandwidth,p2_leg_size_pct,p2_leg_duration,p2_retrace_pct,p2_leg_speed,p2_trend_state,p2_rsi,p2_stoch_k,p2_stoch_d,p2_stoch_cross,p2_macd_line,p2_macd_signal,p2_macd_hist,p2_adx,p2_plus_di,p2_minus_di,p2_ema20_dist,p2_ema50_dist,p2_ema200_dist,p2_bb_position,p2_bb_bandwidth,p3_leg_size_pct,p3_leg_duration,p3_retrace_pct,p3_leg_speed,p3_trend_state,p3_rsi,p3_stoch_k,p3_stoch_d,p3_stoch_cross,p3_macd_line,p3_macd_signal,p3_macd_hist,p3_adx,p3_plus_di,p3_minus_di,p3_ema20_dist,p3_ema50_dist,p3_ema200_dist,p3_bb_position,p3_bb_bandwidth,p4_leg_size_pct,p4_leg_duration,p4_retrace_pct,p4_leg_speed,p4_trend_state,p4_rsi,p4_stoch_k,p4_stoch_d,p4_stoch_cross,p4_macd_line,p4_macd_signal,p4_macd_hist,p4_adx,p4_plus_di,p4_minus_di,p4_ema20_dist,p4_ema50_dist,p4_ema200_dist,p4_bb_position,p4_bb_bandwidth,p5_leg_size_pct,p5_leg_duration,p5_retrace_pct,p5_leg_speed,p5_trend_state,p5_rsi,p5_stoch_k,p5_stoch_d,p5_stoch_cross,p5_macd_line,p5_macd_signal,p5_macd_hist,p5_adx,p5_plus_di,p5_minus_di,p5_ema20_dist,p5_ema50_dist,p5_ema200_dist,p5_bb_position,p5_bb_bandwidth,p6_leg_size_pct,p6_leg_duration,p6_retrace_pct,p6_leg_speed,p6_trend_state,p6_rsi,p6_stoch_k,p6_stoch_d,p6_stoch_cross,p6_macd_line,p6_macd_signal,p6_macd_hist,p6_adx,p6_plus_di,p6_minus_di,p6_ema20_dist,p6_ema50_dist,p6_ema200_dist,p6_bb_position,p6_bb_bandwidth,p7_leg_size_pct,p7_leg_duration,p7_retrace_pct,p7_leg_speed,p7_trend_state,p7_rsi,p7_stoch_k,p7_stoch_d,p7_stoch_cross,p7_macd_line,p7_macd_signal,p7_macd_hist,p7_adx,p7_plus_di,p7_minus_di,p7_ema20_dist,p7_ema50_dist,p7_ema200_dist,p7_bb_position,p7_bb_bandwidth,p8_leg_size_pct,p8_leg_duration,p8_retrace_pct,p8_leg_speed,p8_trend_state,p8_rsi,p8_stoch_k,p8_stoch_d,p8_stoch_cross,p8_macd_line,p8_macd_signal,p8_macd_hist,p8_adx,p8_plus_di,p8_minus_di,p8_ema20_dist,p8_ema50_dist,p8_ema200_dist,p8_bb_position,p8_bb_bandwidth,p9_leg_size_pct,p9_leg_duration,p9_retrace_pct,p9_leg_speed,p9_trend_state,p10_leg_size_pct,p10_leg_duration,p10_retrace_pct,p10_leg_speed,p10_trend_state,p11_leg_size_pct,p11_leg_duration,p11_retrace_pct,p11_leg_speed,p11_trend_state,p12_leg_size_pct,p12_leg_duration,p12_retrace_pct,p12_leg_speed,p12_trend_state,p13_leg_size_pct,p13_leg_duration,p13_retrace_pct,p13_leg_speed,p13_trend_state,p14_leg_size_pct,p14_leg_duration,p14_retrace_pct,p14_leg_speed,p14_trend_state,p15_leg_size_pct,p15_leg_duration,p15_retrace_pct,p15_leg_speed,p15_trend_state,p16_leg_size_pct,p16_leg_duration,p16_retrace_pct,p16_leg_speed,p16_trend_state,p17_leg_size_pct,p17_leg_duration,p17_retrace_pct,p17_leg_speed,p17_trend_state,p18_leg_size_pct,p18_leg_duration,p18_retrace_pct,p18_leg_speed,p18_trend_state,p19_leg_size_pct,p19_leg_duration,p19_retrace_pct,p19_leg_speed,p19_trend_state,p20_leg_size_pct,p20_leg_duration,p20_retrace_pct,p20_leg_speed,p20_trend_state,mkt_trend_state,mkt_trend_streak,mkt_bars_since_reversal,mkt_last_break_type,htf_trend_state,htf_retrace_pct,htf_pivot_dist_pct,htf_rsi,htf_stoch_k,htf_stoch_d,htf_macd_line,htf_macd_signal,htf_macd_hist,htf_adx,htf_plus_di,htf_minus_di,htf_ema20_dist,htf_ema50_dist,htf_bb_position,htf_bb_bandwidth,ltf_trend_state,ltf_zigzag_count,ltf_trend_reversal_flag,ltf_rsi,ltf_stoch_k,ltf_stoch_d,ltf_macd_line,ltf_macd_signal,ltf_macd_hist,ltf_adx,ltf_plus_di,ltf_minus_di,ltf_ema20_dist,ltf_ema50_dist,ltf_bb_position,ltf_bb_bandwidth,leg_size_vs_avg,leg_duration_vs_avg,bars_since_large_leg,max_retrace_last10,min_retrace_last10,leg_size_stddev,legs_contracting
2026-02-11T04:00:00Z,1.000000,no_impulse,0,BAJFINANCE,15m,-1.000000,,0.000000,0.000000,0.000000,-0.642738,-0.936767,0.121010,,,,,,,,,,,,,,,,,,,,,,,,,,,,,,,,,,,,,,,,,,,,,,,,,,,,,,,,,,,,,,,,,,,,,,,,,,,,,,,,,,,,,,,,,,,,,,,,,,,,,,,,,,,,,,,,,,,,,,,,,,,,,,,,,,,,,,,,,,,,,,,,,,,,,,,,,,,,,,,,,,,,,,,,,,,,,,,,,,,,,,,,,,,,,,,,,,,,,,,,,,,,,,,,,,,,,,,,,,,,,0.000000,1.000000,,-1.000000,,,,44.476411,10.062893,13.404235,0.056082,0.323750,-0.267668,18.863076,20.573901,25.627639,-0.608023,0.205907,0.303781,0.030800,,0.000000,,40.319235,19.480519,14.153439,-0.060549,-0.041814,-0.018735,15.886015,13.092927,19.327045,-0.121495,-0.136977,0.178121,0.003770,0.000000,0.000000,,,,0.000000,
2026-02-11T05:15:00Z,1.013626,no_impulse,0,BAJFINANCE,15m,1.000000,,1.362596,5.000000,0.272519,0.411150,0.202052,1.170174,0.000000,0.000000,,0.000000,0.000000,31.944831,0.000000,22.142857,0.000000,-0.214755,-0.201418,-0.013337,19.233108,16.872536,28.985503,-0.642738,-0.936767,0.121010,-0.253582,0.008475,,,,,,,,,,,,,,,,,,,,,,,,,,,,,,,,,,,,,,,,,,,,,,,,,,,,,,,,,,,,,,,,,,,,,,,,,,,,,,,,,,,,,,,,,,,,,,,,,,,,,,,,,,,,,,,,,,,,,,,,,,,,,,,,,,,,,,,,,,,,,,,,,,,,,,,,,,,,,,,,,,,,,,,,,,,,,,,,,,,,,,,,,,,,,,,,,,,,,,,,,0.000000,2.000000,,-1.000000,,,,52.332796,38.574423,21.018931,0.063553,0.269896,-0.206343,17.785507,24.628788,22.835988,0.087678,0.869639,0.529363,0.029886,,0.000000,,40.319235,19.480519,14.153439,-0.060549,-0.041814,-0.018735,15.886015,13.092927,19.327045,-0.121495,-0.136977,0.178121,0.003770,1.000000,1.000000,,,,0.000000,
2026-02-11T07:30:00Z,1.003328,no_impulse,0,BAJFINANCE,15m,-1.000000,75.572519,1.015906,9.000000,0.112878,0.145576,0.007712,0.860077,1.362596,5.000000,,0.272519,0.000000,56.545293,80.916031,78.962524,1.000000,-0.064232,-0.159528,0.095296,20.116411,27.864021,16.721964,0.411150,0.202052,1.170174,0.868057,0.011217,0.000000,0.000000,,0.000000,0.000000,31.944831,0.000000,22.142857,0.000000,-0.214755,-0.201418,-0.013337,19.233108,16.872536,28.985503,-0.642738,-0.936767,0.121010,-0.253582,0.008475,,,,,,,,,,,,,,,,,,,,,,,,,,,,,,,,,,,,,,,,,,,,,,,,,,,,,,,,,,,,,,,,,,,,,,,,,,,,,,,,,,,,,,,,,,,,,,,,,,,,,,,,,,,,,,,,,,,,,,,,,,,,,,,,,,,,,,,,,,,,,,,,,,,,,,,,,,,,,,,,,,,,,,,,,,,,,,,,,,,,,2.000000,3.000000,,-1.000000,,,,52.622166,39.622642,34.102027,0.058509,0.163781,-0.105272,14.684075,22.134536,22.313535,0.116647,0.808828,0.540698,0.028695,,0.000000,,40.319235,19.480519,14.153439,-0.060549,-0.041814,-0.018735,15.886015,13.092927,19.327045,-0.121495,-0.136977,0.178121,0.003770,1.491132,3.600000,,,,0.963501,
2026-02-12T03:45:00Z,1.011494,no_impulse,0,BAJFINANCE,15m,1.000000,79.292929,0.813809,10.000000,0.081381,0.235650,0.165715,0.922152,1.015906,9.000000,75.572519,0.112878,2.000000,52.928040,62.692308,49.650617,0.000000,-0.026102,-0.045875,0.019773,14.913834,22.649883,19.052360,0.145576,0.007712,0.860077,0.625810,0.011588,1.362596,5.000000,,0.272519,0.000000,56.545293,80.916031,78.962524,1.000000,-0.064232,-0.159528,0.095296,20.116411,27.864021,16.721964,0.411150,0.202052,1.170174,0.868057,0.011217,0.000000,0.000000,,0.000000,0.000000,31.944831,0.000000,22.142857,0.000000,-0.214755,-0.201418,-0.013337,19.233108,16.872536,28.985503,-0.642738,-0.936767,0.121010,-0.253582,0.008475,,,,,,,,,,,,,,,,,,,,,,,,,,,,,,,,,,,,,,,,,,,,,,,,,,,,,,,,,,,,,,,,,,,,,,,,,,,,,,,,,,,,,,,,,,,,,,,,,,,,,,,,,,,,,,,,,,,,,,,,,,,,,,,,,,,,,,,,,,,,,,,,,,,,,,,,,,,,,,,,,3.000000,1.000000,,-1.000000,,,,59.883223,96.242775,50.948849,0.101485,0.113651,-0.012165,13.601581,27.590374,19.088855,0.796935,1.439786,0.791911,0.027520,,0.000000,,40.319235,19.480519,14.153439,-0.060549,-0.041814,-0.018735,15.886015,13.092927,19.327045,-0.121495,-0.136977,0.178121,0.003770,1.026456,2.142857,,75.572519,75.572519,0.708158,
2026-02-12T03:45:00Z,1.003745,no_impulse,0,BAJFINANCE,15m,-1.000000,94.904459,0.766106,0.000000,0.000000,0.235650,0.165715,0.922152,0.813809,10.000000,79.292929,0.081381,3.000000,55.863789,81.528662,59.344053,0.000000,0.009565,-0.005564,0.015129,11.281312,24.958489,16.984585,0.235650,0.165715,0.922152,0.866777,0.006440,1.015906,9.000000,75.572519,0.112878,2.000000,52.928040,62.692308,49.650617,0.000000,-0.026102,-0.045875,0.019773,14.913834,22.649883,19.052360,0.145576,0.007712,0.860077,0.625810,0.011588,1.362596,5.000000,,0.272519,0.000000,56.545293,80.916031,78.962524,1.000000,-0.064232,-0.159528,0.095296,20.116411,27.864021,16.721964,0.411150,0.202052,1.170174,0.868057,0.011217,0.000000,0.000000,,0.000000,0.000000,31.944831,0.000000,22.142857,0.000000,-0.214755,-0.201418,-0.013337,19.233108,16.872536,28.985503,-0.642738,-0.936767,0.121010,-0.253582,0.008475,,,,,,,,,,,,,,,,,,,,,,,,,,,,,,,,,,,,,,,,,,,,,,,,,,,,,,,,,,,,,,,,,,,,,,,,,,,,,,,,,,,,,,,,,,,,,,,,,,,,,,,,,,,,,,,,,,,,,,,,,,,,,,,,,,,,,,,,,,,,,3.000000,2.000000,,-1.000000,,,,59.883223,96.242775,50.948849,0.101485,0.113651,-0.012165,13.601581,27.590374,19.088855,0.796935,1.439786,0.791911,0.027520,,0.000000,,40.319235,19.480519,14.153439,-0.060549,-0.041814,-0.018735,15.886015,13.092927,19.327045,-0.121495,-0.136977,0.178121,0.003770,0.959939,0.000000,,79.292929,75.572519,0.578304,
2026-02-12T07:15:00Z,1.040670,no_impulse,0,BAJFINANCE,15m,1.000000,476.510067,3.678756,14.000000,0.262768,1.434750,2.092172,3.257258,0.766106,0.000000,94.904459,0.000000,3.000000,55.863789,81.528662,59.344053,0.000000,0.009565,-0.005564,0.015129,11.281312,24.958489,16.984585,0.235650,0.165715,0.922152,0.866777,0.006440,0.813809,10.000000,79.292929,0.081381,3.000000,55.863789,81.528662,59.344053,0.000000,0.009565,-0.005564,0.015129,11.281312,24.958489,16.984585,0.235650,0.165715,0.922152,0.866777,0.006440,1.015906,9.000000,75.572519,0.112878,2.000000,52.928040,62.692308,49.650617,0.000000,-0.026102,-0.045875,0.019773,14.913834,22.649883,19.052360,0.145576,0.007712,0.860077,0.625810,0.011588,1.362596,5.000000,,0.272519,0.000000,56.545293,80.916031,78.962524,1.000000,-0.064232,-0.159528,0.095296,20.116411,27.864021,16.721964,0.411150,0.202052,1.170174,0.868057,0.011217,0.000000,0.000000,,0.000000,0.000000,31.944831,0.000000,22.142857,0.000000,-0.214755,-0.201418,-0.013337,19.233108,16.872536,28.985503,-0.642738,-0.936767,0.121010,-0.253582,0.008475,,,,,,,,,,,,,,,,,,,,,,,,,,,,,,,,,,,,,,,,,,,,,,,,,,,,,,,,,,,,,,,,,,,,,,,,,,,,,,,,,,,,,,,,,,,,,,,,,,,,,,,,,,,,,,,,,,,,,,,,,1.000000,1.000000,,-1.000000,,,,71.895005,87.468031,90.214368,0.574233,0.303409,0.270824,20.926049,38.557082,13.478054,1.825732,2.769825,0.943465,0.041935,,0.000000,,40.319235,19.480519,14.153439,-0.060549,-0.041814,-0.018735,15.886015,13.092927,19.327045,-0.121495,-0.136977,0.178121,0.003770,4.646752,2.916667,,94.904459,75.572519,0.501030,
2026-02-12T09:15:00Z,1.031152,no_impulse,0,BAJFINANCE,15m,-1.000000,25.774648,0.914543,8.000000,0.114318,0.544475,1.358735,2.808210,3.678756,14.000000,476.510067,0.262768,1.000000,82.454301,90.355330,94.338572,1.000000,0.648523,0.482471,0.166052,42.976750,44.972772,5.833236,1.434750,2.092172,3.257258,0.866784,0.039686,0.766106,0.000000,94.904459,0.000000,3.000000,55.863789,81.528662,59.344053,0.000000,0.009565,-0.005564,0.015129,11.281312,24.958489,16.984585,0.235650,0.165715,0.922152,0.866777,0.006440,0.813809,10.000000,79.292929,0.081381,3.000000,55.863789,81.528662,59.344053,0.000000,0.009565,-0.005564,0.015129,11.281312,24.958489,16.984585,0.235650,0.165715,0.922152,0.866777,0.006440,1.015906,9.000000,75.572519,0.112878,2.000000,52.928040,62.692308,49.650617,0.000000,-0.026102,-0.045875,0.019773,14.913834,22.649883,19.052360,0.145576,0.007712,0.860077,0.625810,0.011588,1.362596,5.000000,,0.272519,0.000000,56.545293,80.916031,78.962524,1.000000,-0.064232,-0.159528,0.095296,20.116411,27.864021,16.721964,0.411150,0.202052,1.170174,0.868057,0.011217,0.000000,0.000000,,0.000000,0.000000,31.944831,0.000000,22.142857,0.000000,-0.214755,-0.201418,-0.013337,19.233108,16.872536,28.985503,-0.642738,-0.936767,0.121010,-0.253582,0.008475,,,,,,,,,,,,,,,,,,,,,,,,,,,,,,,,,,,,,,,,,,,,,,,,,,,,,,,,,,,,,,,,,,,,,,,,,,,,,,,,,,,,,,,,,,,,,,,,,,,,,2.000000,2.000000,,-1.000000,,,,74.948049,97.536946,92.017857,0.745626,0.447106,0.298521,23.808779,38.358670,14.852635,1.962503,3.056086,0.891877,0.051082,,0.000000,,40.319235,19.480519,14.153439,-0.060549,-0.041814,-0.018735,15.886015,13.092927,19.327045,-0.121495,-0.136977,0.178121,0.003770,0.718493,1.263158,8.000000,476.510067,75.572519,1.260961,2.210918
2026-02-13T03:45:00Z,1.044310,no_impulse,0,BAJFINANCE,15m,1.000000,138.251366,1.276038,3.000000,0.425346,0.990318,1.859901,3.409636,0.914543,8.000000,25.774648,0.114318,2.000000,68.168438,68.238994,63.522013,1.000000,0.561883,0.598246,-0.036364,47.658214,29.395304,15.197898,0.544475,1.358735,2.808210,0.724217,0.024416,3.678756,14.000000,476.510067,0.262768,1.000000,82.454301,90.355330,94.338572,1.000000,0.648523,0.482471,0.166052,42.976750,44.972772,5.833236,1.434750,2.092172,3.257258,0.866784,0.039686,0.766106,0.000000,94.904459,0.000000,3.000000,55.863789,81.528662,59.344053,0.000000,0.009565,-0.005564,0.015129,11.281312,24.958489,16.984585,0.235650,0.165715,0.922152,0.866777,0.006440,0.813809,10.000000,79.292929,0.081381,3.000000,55.863789,81.528662,59.344053,0.000000,0.009565,-0.005564,0.015129,11.281312,24.958489,16.984585,0.235650,0.165715,0.922152,0.866777,0.006440,1.015906,9.000000,75.572519,0.112878,2.000000,52.928040,62.692308,49.650617,0.000000,-0.026102,-0.045875,0.019773,14.913834,22.649883,19.052360,0.145576,0.007712,0.860077,0.625810,0.011588,1.362596,5.000000,,0.272519,0.000000,56.545293,80.916031,78.962524,1.000000,-0.064232,-0.159528,0.095296,20.116411,27.864021,16.721964,0.411150,0.202052,1.170174,0.868057,0.011217,0.000000,0.000000,,0.000000,0.000000,31.944831,0.000000,22.142857,0.000000,-0.214755,-0.201418,-0.013337,19.233108,16.872536,28.985503,-0.642738,-0.936767,0.121010,-0.253582,0.008475,,,,,,,,,,,,,,,,,,,,,,,,,,,,,,,,,,,,,,,,,,,,,,,,,,,,,,,,,,,,,,,,,,,,,,,,,,,,,,,,,1.000000,3.000000,,-1.000000,,,,77.393138,95.270270,94.618603,0.842831,0.524508,0.318323,25.707621,38.519830,12.705883,2.207681,3.389959,0.901506,0.056226,,0.000000,,40.319235,19.480519,14.153439,-0.060549,-0.041814,-0.018735,15.886015,13.092927,19.327045,-0.121495,-0.136977,0.178121,0.003770,1.044500,0.456522,11.000000,476.510067,25.774648,1.159035,1.678848
2026-02-13T03:45:00Z,1.032661,no_impulse,0,BAJFINANCE,15m,-1.000000,88.537549,1.115538,0.000000,0.000000,0.990318,1.859901,3.409636,1.276038,3.000000,138.251366,0.425346,1.000000,76.443204,91.666667,87.650351,0.000000,0.580838,0.579957,0.000881,45.510702,29.811447,17.650342,0.990318,1.859901,3.409636,0.999608,0.020020,0.914543,8.000000,25.774648,0.114318,2.000000,68.168438,68.238994,63.522013,1.000000,0.561883,0.598246,-0.036364,47.658214,29.395304,15.197898,0.544475,1.358735,2.808210,0.724217,0.024416,3.678756,14.000000,476.510067,0.262768,1.000000,82.454301,90.355330,94.338572,1.000000,0.648523,0.482471,0.166052,42.976750,44.972772,5.833236,1.434750,2.092172,3.257258,0.866784,0.039686,0.766106,0.000000,94.904459,0.000000,3.000000,55.863789,81.528662,59.344053,0.000000,0.009565,-0.005564,0.015129,11.281312,24.958489,16.984585,0.235650,0.165715,0.922152,0.866777,0.006440,0.813809,10.000000,79.292929,0.081381,3.000000,55.863789,81.528662,59.344053,0.000000,0.009565,-0.005564,0.015129,11.281312,24.958489,16.984585,0.235650,0.165715,0.922152,0.866777,0.006440,1.015906,9.000000,75.572519,0.112878,2.000000,52.928040,62.692308,49.650617,0.000000,-0.026102,-0.045875,0.019773,14.913834,22.649883,19.052360,0.145576,0.007712,0.860077,0.625810,0.011588,1.362596,5.000000,,0.272519,0.000000,56.545293,80.916031,78.962524,1.000000,-0.064232,-0.159528,0.095296,20.116411,27.864021,16.721964,0.411150,0.202052,1.170174,0.868057,0.011217,0.000000,0.000000,,0.000000,0.000000,31.944831,0.000000,22.142857,0.000000,-0.214755,-0.201418,-0.013337,19.233108,16.872536,28.985503,-0.642738,-0.936767,0.121010,-0.253582,0.008475,,,,,,,,,,,,,,,,,,,,,,,,,,,,,,,,,,,,,,,,,,,,,,,,,,,,,,,,,,,,,1.000000,4.000000,,-1.000000,,,,77.393138,95.270270,94.618603,0.842831,0.524508,0.318323,25.707621,38.519830,12.705883,2.207681,3.389959,0.901506,0.056226,,0.000000,,40.319235,19.480519,14.153439,-0.060549,-0.041814,-0.018735,15.886015,13.092927,19.327045,-0.121495,-0.136977,0.178121,0.003770,0.908071,0.000000,11.000000,476.510067,25.774648,1.073230,2.261072
2026-02-13T05:00:00Z,1.059861,no_impulse,0,BAJFINANCE,15m,1.000000,233.482143,2.633965,5.000000,0.526793,1.166126,2.153634,3.903993,1.115538,0.000000,88.537549,0.000000,1.000000,76.443204,91.666667,87.650351,0.000000,0.580838,0.579957,0.000881,45.510702,29.811447,17.650342,0.990318,1.859901,3.409636,0.999608,0.020020,1.276038,3.000000,138.251366,0.425346,1.000000,76.443204,91.666667,87.650351,0.000000,0.580838,0.579957,0.000881,45.510702,29.811447,17.650342,0.990318,1.859901,3.409636,0.999608,0.020020,0.914543,8.000000,25.774648,0.114318,2.000000,68.168438,68.238994,63.522013,1.000000,0.561883,0.598246,-0.036364,47.658214,29.395304,15.197898,0.544475,1.358735,2.808210,0.724217,0.024416,3.678756,14.000000,476.510067,0.262768,1.000000,82.454301,90.355330,94.338572,1.000000,0.648523,0.482471,0.166052,42.976750,44.972772,5.833236,1.434750,2.092172,3.257258,0.866784,0.039686,0.766106,0.000000,94.904459,0.000000,3.000000,55.863789,81.528662,59.344053,0.000000,0.009565,-0.005564,0.015129,11.281312,24.958489,16.984585,0.235650,0.165715,0.922152,0.866777,0.006440,0.813809,10.000000,79.292929,0.081381,3.000000,55.863789,81.528662,59.344053,0.000000,0.009565,-0.005564,0.015129,11.281312,24.958489,16.984585,0.235650,0.165715,0.922152,0.866777,0.006440,1.015906,9.000000,75.572519,0.112878,2.000000,52.928040,62.692308,49.650617,0.000000,-0.026102,-0.045875,0.019773,14.913834,22.649883,19.052360,0.145576,0.007712,0.860077,0.625810,0.011588,1.362596,5.000000,,0.272519,0.000000,56.545293,80.916031,78.962524,1.000000,-0.064232,-0.159528,0.095296,20.116411,27.864021,16.721964,0.411150,0.202052,1.170174,0.868057,0.011217,0.000000,0.000000,,0.000000,0.000000,,,,,,,,,,,,,,,,,,,,,,,,,,,,,,,,,,,,,,,,,,,,,,,,,,,,,,,,1.000000,5.000000,,-1.000000,,,,80.844662,91.444342,94.750519,0.970739,0.610280,0.360460,28.107181,42.083664,10.751587,2.730169,4.025727,0.944302,0.063173,,0.000000,,40.319235,19.480519,14.153439,-0.060549,-0.041814,-0.018735,15.886015,13.092927,19.327045,-0.121495,-0.136977,0.178121,0.003770,2.166229,0.918367,16.000000,476.510067,25.774648,1.004620,0.628698
2026-02-13T05:00:00Z,1.044310,no_impulse,0,BAJFINANCE,15m,-1.000000,57.170172,1.467197,0.000000,0.000000,1.166126,2.153634,3.903993,2.633965,5.000000,233.482143,0.526793,1.000000,79.089182,66.485507,77.116791,1.000000,0.641466,0.606177,0.035289,41.587677,37.235288,12.728522,1.166126,2.153634,3.903993,1.066287,0.020835,1.115538,0.000000,88.537549,0.000000,1.000000,76.443204,91.666667,87.650351,0.000000,0.580838,0.579957,0.000881,45.510702,29.811447,17.650342,0.990318,1.859901,3.409636,0.999608,0.020020,1.276038,3.000000,138.251366,0.425346,1.000000,76.443204,91.666667,87.650351,0.000000,0.580838,0.579957,0.000881,45.510702,29.811447,17.650342,0.990318,1.859901,3.409636,0.999608,0.020020,0.914543,8.000000,25.774648,0.114318,2.000000,68.168438,68.238994,63.522013,1.000000,0.561883,0.598246,-0.036364,47.658214,29.395304,15.197898,0.544475,1.358735,2.808210,0.724217,0.024416,3.678756,14.000000,476.510067,0.262768,1.000000,82.454301,90.355330,94.338572,1.000000,0.648523,0.482471,0.166052,42.976750,44.972772,5.833236,1.434750,2.092172,3.257258,0.866784,0.039686,0.766106,0.000000,94.904459,0.000000,3.000000,55.863789,81.528662,59.344053,0.000000,0.009565,-0.005564,0.015129,11.281312,24.958489,16.984585,0.235650,0.165715,0.922152,0.866777,0.006440,0.813809,10.000000,79.292929,0.081381,3.000000,55.863789,81.528662,59.344053,0.000000,0.009565,-0.005564,0.015129,11.281312,24.958489,16.984585,0.235650,0.165715,0.922152,0.866777,0.006440,1.015906,9.000000,75.572519,0.112878,2.000000,52.928040,62.692308,49.650617,0.000000,-0.026102,-0.045875,0.019773,14.913834,22.649883,19.052360,0.145576,0.007712,0.860077,0.625810,0.011588,1.362596,5.000000,,0.272519,0.000000,0.000000,0.000000,,0.000000,0.000000,,,,,,,,,,,,,,,,,,,,,,,,,,,,,,,,,,,,,,,,,,,,,,,,,,,1.000000,6.000000,,-1.000000,,,,80.844662,91.444342,94.750519,0.970739,0.610280,0.360460,28.107181,42.083664,10.751587,2.730169,4.025727,0.944302,0.063173,,0.000000,,40.319235,19.480519,14.153439,-0.060549,-0.041814,-0.018735,15.886015,13.092927,19.327045,-0.121495,-0.136977,0.178121,0.003770,1.080628,0.000000,16.000000,476.510067,25.774648,1.047953,0.937705
2026-02-13T05:45:00Z,1.056688,no_impulse,0,BAJFINANCE,15m,1.000000,79.598662,1.185259,3.000000,0.395086,1.093175,2.191499,4.095538,1.467197,0.000000,57.170172,0.000000,1.000000,79.089182,66.485507,77.116791,0.000000,0.641466,0.606177,0.035289,41.587677,37.235288,12.728522,1.166126,2.153634,3.903993,1.066287,0.020835,2.633965,5.000000,233.482143,0.526793,1.000000,79.089182,66.485507,77.116791,1.000000,0.641466,0.606177,0.035289,41.587677,37.235288,12.728522,1.166126,2.153634,3.903993,1.066287,0.020835,1.115538,0.000000,88.537549,0.000000,1.000000,76.443204,91.666667,87.650351,0.000000,0.580838,0.579957,0.000881,45.510702,29.811447,17.650342,0.990318,1.859901,3.409636,0.999608,0.020020,1.276038,3.000000,138.251366,0.425346,1.000000,76.443204,91.666667,87.650351,0.000000,0.580838,0.579957,0.000881,45.510702,29.811447,17.650342,0.990318,1.859901,3.409636,0.999608,0.020020,0.914543,8.000000,25.774648,0.114318,2.000000,68.168438,68.238994,63.522013,1.000000,0.561883,0.598246,-0.036364,47.658214,29.395304,15.197898,0.544475,1.358735,2.808210,0.724217,0.024416,3.678756,14.000000,476.510067,0.262768,1.000000,82.454301,90.355330,94.338572,1.000000,0.648523,0.482471,0.166052,42.976750,44.972772,5.833236,1.434750,2.092172,3.257258,0.866784,0.039686,0.766106,0.000000,94.904459,0.000000,3.000000,55.863789,81.528662,59.344053,0.000000,0.009565,-0.005564,0.015129,11.281312,24.958489,16.984585,0.235650,0.165715,0.922152,0.866777,0.006440,0.813809,10.000000,79.292929,0.081381,3.000000,55.863789,81.528662,59.344053,0.000000,0.009565,-0.005564,0.015129,11.281312,24.958489,16.984585,0.235650,0.165715,0.922152,0.866777,0.006440,1.015906,9.000000,75.572519,0.112878,2.000000,1.362596,5.000000,,0.272519,0.000000,0.000000,0.000000,,0.000000,0.000000,,,,,,,,,,,,,,,,,,,,,,,,,,,,,,,,,,,,,,,,,,,,,,3.000000,1.000000,,-1.000000,,,,72.411325,80.496780,89.070464,1.024573,0.696019,0.328554,30.335344,38.069229,9.725974,1.950853,3.323746,0.799135,0.066514,,0.000000,,40.319235,19.480519,14.153439,-0.060549,-0.041814,-0.018735,15.886015,13.092927,19.327045,-0.121495,-0.136977,0.178121,0.003770,0.787838,0.555556,19.000000,476.510067,25.774648,0.933164,0.888806
2026-02-13T06:15:00Z,1.044934,no_impulse,0,BAJFINANCE,15m,-1.000000,94.957983,1.112314,2.000000,0.556157,0.592398,1.681348,3.656551,1.185259,3.000000,79.598662,0.395086,3.000000,78.554788,78.623188,80.434783,0.000000,0.725200,0.656403,0.068798,43.268964,31.838624,10.119513,1.093175,2.191499,4.095538,0.919729,0.026333,1.467197,0.000000,57.170172,0.000000,1.000000,79.089182,66.485507,77.116791,0.000000,0.641466,0.606177,0.035289,41.587677,37.235288,12.728522,1.166126,2.153634,3.903993,1.066287,0.020835,2.633965,5.000000,233.482143,0.526793,1.000000,79.089182,66.485507,77.116791,1.000000,0.641466,0.606177,0.035289,41.587677,37.235288,12.728522,1.166126,2.153634,3.903993,1.066287,0.020835,1.115538,0.000000,88.537549,0.000000,1.000000,76.443204,91.666667,87.650351,0.000000,0.580838,0.579957,0.000881,45.510702,29.811447,17.650342,0.990318,1.859901,3.409636,0.999608,0.020020,1.276038,3.000000,138.251366,0.425346,1.000000,76.443204,91.666667,87.650351,0.000000,0.580838,0.579957,0.000881,45.510702,29.811447,17.650342,0.990318,1.859901,3.409636,0.999608,0.020020,0.914543,8.000000,25.774648,0.114318,2.000000,68.168438,68.238994,63.522013,1.000000,0.561883,0.598246,-0.036364,47.658214,29.395304,15.197898,0.544475,1.358735,2.808210,0.724217,0.024416,3.678756,14.000000,476.510067,0.262768,1.000000,82.454301,90.355330,94.338572,1.000000,0.648523,0.482471,0.166052,42.976750,44.972772,5.833236,1.434750,2.092172,3.257258,0.866784,0.039686,0.766106,0.000000,94.904459,0.000000,3.000000,55.863789,81.528662,59.344053,0.000000,0.009565,-0.005564,0.015129,11.281312,24.958489,16.984585,0.235650,0.165715,0.922152,0.866777,0.006440,0.813809,10.000000,79.292929,0.081381,3.000000,1.015906,9.000000,75.572519,0.112878,2.000000,1.362596,5.000000,,0.272519,0.000000,0.000000,0.000000,,0.000000,0.000000,,,,,,,,,,,,,,,,,,,,,,,,,,,,,,,,,,,,,,,,,2.000000,1.000000,,-1.000000,,,,75.932931,94.717331,88.886151,1.103418,0.773252,0.330166,32.453280,35.293798,8.827185,2.441676,3.901856,0.851219,0.071260,,0.000000,,40.319235,19.480519,14.153439,-0.060549,-0.041814,-0.018735,15.886015,13.092927,19.327045,-0.121495,-0.136977,0.178121,0.003770,0.748171,0.384615,21.000000,476.510067,25.774648,0.937832,1.598981
2026-02-13T09:45:00Z,1.073435,no_impulse,0,BAJFINANCE,15m,1.000000,242.477876,2.727454,14.000000,0.194818,1.518816,2.642148,5.044698,1.112314,2.000000,94.957983,0.556157,2.000000,67.335652,64.673913,68.417874,0.000000,0.658473,0.663809,-0.005336,40.991841,26.122482,16.389135,0.592398,1.681348,3.656551,0.724730,0.026518,1.185259,3.000000,79.598662,0.395086,3.000000,78.554788,78.623188,80.434783,0.000000,0.725200,0.656403,0.068798,43.268964,31.838624,10.119513,1.093175,2.191499,4.095538,0.919729,0.026333,1.467197,0.000000,57.170172,0.000000,1.000000,79.089182,66.485507,77.116791,0.000000,0.641466,0.606177,0.035289,41.587677,37.235288,12.728522,1.166126,2.153634,3.903993,1.066287,0.020835,2.633965,5.000000,233.482143,0.526793,1.000000,79.089182,66.485507,77.116791,1.000000,0.641466,0.606177,0.035289,41.587677,37.235288,12.728522,1.166126,2.153634,3.903993,1.066287,0.020835,1.115538,0.000000,88.537549,0.000000,1.000000,76.443204,91.666667,87.650351,0.000000,0.580838,0.579957,0.000881,45.510702,29.811447,17.650342,0.990318,1.859901,3.409636,0.999608,0.020020,1.276038,3.000000,138.251366,0.425346,1.000000,76.443204,91.666667,87.650351,0.000000,0.580838,0.579957,0.000881,45.510702,29.811447,17.650342,0.990318,1.859901,3.409636,0.999608,0.020020,0.914543,8.000000,25.774648,0.114318,2.000000,68.168438,68.238994,63.522013,1.000000,0.561883,0.598246,-0.036364,47.658214,29.395304,15.197898,0.544475,1.358735,2.808210,0.724217,0.024416,3.678756,14.000000,476.510067,0.262768,1.000000,82.454301,90.355330,94.338572,1.000000,0.648523,0.482471,0.166052,42.976750,44.972772,5.833236,1.434750,2.092172,3.257258,0.866784,0.039686,0.766106,0.000000,94.904459,0.000000,3.000000,0.813809,10.000000,79.292929,0.081381,3.000000,1.015906,9.000000,75.572519,0.112878,2.000000,1.362596,5.000000,,0.272519,0.000000,0.000000,0.000000,,0.000000,0.000000,,,,,,,,,,,,,,,,,,,,,,,,,,,,,,,,,,,,1.000000,2.000000,,-1.000000,,,,81.211250,97.014925,93.667000,1.309528,0.991661,0.317867,39.274393,41.009907,6.864929,2.976685,4.697848,0.888759,0.078918,,0.000000,,40.319235,19.480519,14.153439,-0.060549,-0.041814,-0.018735,15.886015,13.092927,19.327045,-0.121495,-0.136977,0.178121,0.003770,1.822735,3.111111,35.000000,476.510067,25.774648,0.932937,0.749127
2026-02-13T09:45:00Z,1.056012,no_impulse,0,BAJFINANCE,15m,-1.000000,61.131387,1.623062,0.000000,0.000000,1.518816,2.642148,5.044698,2.727454,14.000000,242.477876,0.194818,1.000000,81.136069,92.424242,84.776335,1.000000,0.607882,0.569970,0.037911,40.570128,40.009677,9.680433,1.518816,2.642148,5.044698,1.236530,0.020939,1.112314,2.000000,94.957983,0.556157,2.000000,67.335652,64.673913,68.417874,0.000000,0.658473,0.663809,-0.005336,40.991841,26.122482,16.389135,0.592398,1.681348,3.656551,0.724730,0.026518,1.185259,3.000000,79.598662,0.395086,3.000000,78.554788,78.623188,80.434783,0.000000,0.725200,0.656403,0.068798,43.268964,31.838624,10.119513,1.093175,2.191499,4.095538,0.919729,0.026333,1.467197,0.000000,57.170172,0.000000,1.000000,79.089182,66.485507,77.116791,0.000000,0.641466,0.606177,0.035289,41.587677,37.235288,12.728522,1.166126,2.153634,3.903993,1.066287,0.020835,2.633965,5.000000,233.482143,0.526793,1.000000,79.089182,66.485507,77.116791,1.000000,0.641466,0.606177,0.035289,41.587677,37.235288,12.728522,1.166126,2.153634,3.903993,1.066287,0.020835,1.115538,0.000000,88.537549,0.000000,1.000000,76.443204,91.666667,87.650351,0.000000,0.580838,0.579957,0.000881,45.510702,29.811447,17.650342,0.990318,1.859901,3.409636,0.999608,0.020020,1.276038,3.000000,138.251366,0.425346,1.000000,76.443204,91.666667,87.650351,0.000000,0.580838,0.579957,0.000881,45.510702,29.811447,17.650342,0.990318,1.859901,3.409636,0.999608,0.020020,0.914543,8.000000,25.774648,0.114318,2.000000,68.168438,68.238994,63.522013,1.000000,0.561883,0.598246,-0.036364,47.658214,29.395304,15.197898,0.544475,1.358735,2.808210,0.724217,0.024416,3.678756,14.000000,476.510067,0.262768,1.000000,0.766106,0.000000,94.904459,0.000000,3.000000,0.813809,10.000000,79.292929,0.081381,3.000000,1.015906,9.000000,75.572519,0.112878,2.000000,1.362596,5.000000,,0.272519,0.000000,0.000000,0.000000,,0.000000,0.000000,,,,,,,,,,,,,,,,,,,,,,,,,,,,,,,1.000000,3.000000,,-1.000000,,,,81.211250,97.014925,93.667000,1.309528,0.991661,0.317867,39.274393,41.009907,6.864929,2.976685,4.697848,0.888759,0.078918,,0.000000,,40.319235,19.480519,14.153439,-0.060549,-0.041814,-0.018735,15.886015,13.092927,19.327045,-0.121495,-0.136977,0.178121,0.003770,0.961691,0.000000,35.000000,476.510067,25.774648,0.972790,0.963258
2026-02-16T04:45:00Z,1.070626,no_impulse,0,BAJFINANCE,15m,1.000000,83.880597,1.383896,5.000000,0.276779,0.889607,2.009416,4.569937,1.623062,0.000000,61.131387,0.000000,1.000000,81.136069,92.424242,84.776335,0.000000,0.607882,0.569970,0.037911,40.570128,40.009677,9.680433,1.518816,2.642148,5.044698,1.236530,0.020939,2.727454,14.000000,242.477876,0.194818,1.000000,81.136069,92.424242,84.776335,1.000000,0.607882,0.569970,0.037911,40.570128,40.009677,9.680433,1.518816,2.642148,5.044698,1.236530,0.020939,1.112314,2.000000,94.957983,0.556157,2.000000,67.335652,64.673913,68.417874,0.000000,0.658473,0.663809,-0.005336,40.991841,26.122482,16.389135,0.592398,1.681348,3.656551,0.724730,0.026518,1.185259,3.000000,79.598662,0.395086,3.000000,78.554788,78.623188,80.434783,0.000000,0.725200,0.656403,0.068798,43.268964,31.838624,10.119513,1.093175,2.191499,4.095538,0.919729,0.026333,1.467197,0.000000,57.170172,0.000000,1.000000,79.089182,66.485507,77.116791,0.000000,0.641466,0.606177,0.035289,41.587677,37.235288,12.728522,1.166126,2.153634,3.903993,1.066287,0.020835,2.633965,5.000000,233.482143,0.526793,1.000000,79.089182,66.485507,77.116791,1.000000,0.641466,0.606177,0.035289,41.587677,37.235288,12.728522,1.166126,2.153634,3.903993,1.066287,0.020835,1.115538,0.000000,88.537549,0.000000,1.000000,76.443204,91.666667,87.650351,0.000000,0.580838,0.579957,0.000881,45.510702,29.811447,17.650342,0.990318,1.859901,3.409636,0.999608,0.020020,1.276038,3.000000,138.251366,0.425346,1.000000,76.443204,91.666667,87.650351,0.000000,0.580838,0.579957,0.000881,45.510702,29.811447,17.650342,0.990318,1.859901,3.409636,0.999608,0.020020,0.914543,8.000000,25.774648,0.114318,2.000000,3.678756,14.000000,476.510067,0.262768,1.000000,0.766106,0.000000,94.904459,0.000000,3.000000,0.813809,10.000000,79.292929,0.081381,3.000000,1.015906,9.000000,75.572519,0.112878,2.000000,1.362596,5.000000,,0.272519,0.000000,0.000000,0.000000,,0.000000,0.000000,,,,,,,,,,,,,,,,,,,,,,,,,,3.000000,1.000000,,-1.000000,,,,71.658786,79.852321,87.743627,1.341848,1.123637,0.218211,43.739454,35.404019,5.756897,1.832946,3.679439,0.736985,0.078789,,0.000000,,40.319235,19.480519,14.153439,-0.060549,-0.041814,-0.018735,15.886015,13.092927,19.327045,-0.121495,-0.136977,0.178121,0.003770,0.780357,1.020408,40.000000,476.510067,25.774648,0.918832,1.033370
2026-02-16T08:45:00Z,1.043582,no_impulse,0,BAJFINANCE,15m,-1.000000,185.053381,2.525989,16.000000,0.157874,-0.735062,-0.425723,1.997469,1.383896,5.000000,83.880597,0.276779,3.000000,69.228921,72.571429,65.311183,0.000000,0.565934,0.567659,-0.001724,46.781055,35.862415,7.848107,0.889607,2.009416,4.569937,0.875663,0.023894,1.623062,0.000000,61.131387,0.000000,1.000000,81.136069,92.424242,84.776335,0.000000,0.607882,0.569970,0.037911,40.570128,40.009677,9.680433,1.518816,2.642148,5.044698,1.236530,0.020939,2.727454,14.000000,242.477876,0.194818,1.000000,81.136069,92.424242,84.776335,1.000000,0.607882,0.569970,0.037911,40.570128,40.009677,9.680433,1.518816,2.642148,5.044698,1.236530,0.020939,1.112314,2.000000,94.957983,0.556157,2.000000,67.335652,64.673913,68.417874,0.000000,0.658473,0.663809,-0.005336,40.991841,26.122482,16.389135,0.592398,1.681348,3.656551,0.724730,0.026518,1.185259,3.000000,79.598662,0.395086,3.000000,78.554788,78.623188,80.434783,0.000000,0.725200,0.656403,0.068798,43.268964,31.838624,10.119513,1.093175,2.191499,4.095538,0.919729,0.026333,1.467197,0.000000,57.170172,0.000000,1.000000,79.089182,66.485507,77.116791,0.000000,0.641466,0.606177,0.035289,41.587677,37.235288,12.728522,1.166126,2.153634,3.903993,1.066287,0.020835,2.633965,5.000000,233.482143,0.526793,1.000000,79.089182,66.485507,77.116791,1.000000,0.641466,0.606177,0.035289,41.587677,37.235288,12.728522,1.166126,2.153634,3.903993,1.066287,0.020835,1.115538,0.000000,88.537549,0.000000,1.000000,76.443204,91.666667,87.650351,0.000000,0.580838,0.579957,0.000881,45.510702,29.811447,17.650342,0.990318,1.859901,3.409636,0.999608,0.020020,1.276038,3.000000,138.251366,0.425346,1.000000,0.914543,8.000000,25.774648,0.114318,2.000000,3.678756,14.000000,476.510067,0.262768,1.000000,0.766106,0.000000,94.904459,0.000000,3.000000,0.813809,10.000000,79.292929,0.081381,3.000000,1.015906,9.000000,75.572519,0.112878,2.000000,1.362596,5.000000,,0.272519,0.000000,0.000000,0.000000,,0.000000,0.000000,,,,,,,,,,,,,,,,,,,,,4.000000,2.000000,,-1.000000,,,,59.290310,50.765306,44.351043,0.957072,1.098893,-0.141821,41.606427,29.526776,15.709896,0.654929,2.370942,0.625144,0.052679,,0.000000,,40.319235,19.480519,14.153439,-0.060549,-0.041814,-0.018735,15.886015,13.092927,19.327045,-0.121495,-0.136977,0.178121,0.003770,1.636081,4.000000,56.000000,242.477876,25.774648,0.631842,1.523177
2026-02-17T03:45:00Z,1.057156,no_impulse,0,BAJFINANCE,15m,1.000000,50.192308,1.300708,5.000000,0.260142,-0.533607,-0.326020,1.990706,2.525989,16.000000,185.053381,0.157874,4.000000,31.755316,9.803922,6.018003,0.000000,-0.235409,-0.040379,-0.195029,29.737139,17.218810,31.041642,-0.735062,-0.425723,1.997469,0.237237,0.027770,1.383896,5.000000,83.880597,0.276779,3.000000,69.228921,72.571429,65.311183,0.000000,0.565934,0.567659,-0.001724,46.781055,35.862415,7.848107,0.889607,2.009416,4.569937,0.875663,0.023894,1.623062,0.000000,61.131387,0.000000,1.000000,81.136069,92.424242,84.776335,0.000000,0.607882,0.569970,0.037911,40.570128,40.009677,9.680433,1.518816,2.642148,5.044698,1.236530,0.020939,2.727454,14.000000,242.477876,0.194818,1.000000,81.136069,92.424242,84.776335,1.000000,0.607882,0.569970,0.037911,40.570128,40.009677,9.680433,1.518816,2.642148,5.044698,1.236530,0.020939,1.112314,2.000000,94.957983,0.556157,2.000000,67.335652,64.673913,68.417874,0.000000,0.658473,0.663809,-0.005336,40.991841,26.122482,16.389135,0.592398,1.681348,3.656551,0.724730,0.026518,1.185259,3.000000,79.598662,0.395086,3.000000,78.554788,78.623188,80.434783,0.000000,0.725200,0.656403,0.068798,43.268964,31.838624,10.119513,1.093175,2.191499,4.095538,0.919729,0.026333,1.467197,0.000000,57.170172,0.000000,1.000000,79.089182,66.485507,77.116791,0.000000,0.641466,0.606177,0.035289,41.587677,37.235288,12.728522,1.166126,2.153634,3.903993,1.066287,0.020835,2.633965,5.000000,233.482143,0.526793,1.000000,79.089182,66.485507,77.116791,1.000000,0.641466,0.606177,0.035289,41.587677,37.235288,12.728522,1.166126,2.153634,3.903993,1.066287,0.020835,1.115538,0.000000,88.537549,0.000000,1.000000,1.276038,3.000000,138.251366,0.425346,1.000000,0.914543,8.000000,25.774648,0.114318,2.000000,3.678756,14.000000,476.510067,0.262768,1.000000,0.766106,0.000000,94.904459,0.000000,3.000000,0.813809,10.000000,79.292929,0.081381,3.000000,1.015906,9.000000,75.572519,0.112878,2.000000,1.362596,5.000000,,0.272519,0.000000,0.000000,0.000000,,0.000000,0.000000,,,,,,,,,,,,,,,,3.000000,3.000000,,-1.000000,,,,55.561783,25.162338,42.486085,0.810702,1.012089,-0.201387,38.863797,26.101313,19.974242,0.199275,1.838548,0.548419,0.041239,,0.000000,,40.319235,19.480519,14.153439,-0.060549,-0.041814,-0.018735,15.886015,13.092927,19.327045,-0.121495,-0.136977,0.178121,0.003770,0.762847,1.041667,61.000000,242.477876,57.170172,0.658421,1.101078
2026-02-17T04:00:00Z,1.044310,no_impulse,0,BAJFINANCE,15m,-1.000000,94.636015,1.215133,1.000000,1.215133,-0.500866,-0.332392,1.951613,1.300708,5.000000,50.192308,0.260142,3.000000,38.997094,24.521073,49.875655,1.000000,-0.167254,-0.128976,-0.038278,22.881292,21.644579,29.891241,-0.533607,-0.326020,1.990706,0.252163,0.021416,2.525989,16.000000,185.053381,0.157874,4.000000,31.755316,9.803922,6.018003,0.000000,-0.235409,-0.040379,-0.195029,29.737139,17.218810,31.041642,-0.735062,-0.425723,1.997469,0.237237,0.027770,1.383896,5.000000,83.880597,0.276779,3.000000,69.228921,72.571429,65.311183,0.000000,0.565934,0.567659,-0.001724,46.781055,35.862415,7.848107,0.889607,2.009416,4.569937,0.875663,0.023894,1.623062,0.000000,61.131387,0.000000,1.000000,81.136069,92.424242,84.776335,0.000000,0.607882,0.569970,0.037911,40.570128,40.009677,9.680433,1.518816,2.642148,5.044698,1.236530,0.020939,2.727454,14.000000,242.477876,0.194818,1.000000,81.136069,92.424242,84.776335,1.000000,0.607882,0.569970,0.037911,40.570128,40.009677,9.680433,1.518816,2.642148,5.044698,1.236530,0.020939,1.112314,2.000000,94.957983,0.556157,2.000000,67.335652,64.673913,68.417874,0.000000,0.658473,0.663809,-0.005336,40.991841,26.122482,16.389135,0.592398,1.681348,3.656551,0.724730,0.026518,1.185259,3.000000,79.598662,0.395086,3.000000,78.554788,78.623188,80.434783,0.000000,0.725200,0.656403,0.068798,43.268964,31.838624,10.119513,1.093175,2.191499,4.095538,0.919729,0.026333,1.467197,0.000000,57.170172,0.000000,1.000000,79.089182,66.485507,77.116791,0.000000,0.641466,0.606177,0.035289,41.587677,37.235288,12.728522,1.166126,2.153634,3.903993,1.066287,0.020835,2.633965,5.000000,233.482143,0.526793,1.000000,1.115538,0.000000,88.537549,0.000000,1.000000,1.276038,3.000000,138.251366,0.425346,1.000000,0.914543,8.000000,25.774648,0.114318,2.000000,3.678756,14.000000,476.510067,0.262768,1.000000,0.766106,0.000000,94.904459,0.000000,3.000000,0.813809,10.000000,79.292929,0.081381,3.000000,1.015906,9.000000,75.572519,0.112878,2.000000,1.362596,5.000000,,0.272519,0.000000,0.000000,0.000000,,0.000000,0.000000,,,,,,,,,,,2.000000,1.000000,,-1.000000,,,,55.561783,25.162338,42.486085,0.810702,1.012089,-0.201387,38.863797,26.101313,19.974242,0.199275,1.838548,0.548419,0.041239,,0.000000,,40.319235,19.480519,14.153439,-0.060549,-0.041814,-0.018735,15.886015,13.092927,19.327045,-0.121495,-0.136977,0.178121,0.003770,0.711628,0.200000,62.000000,242.477876,50.192308,0.656679,0.953826
2026-02-17T05:00:00Z,1.056272,no_impulse,0,BAJFINANCE,15m,1.000000,93.117409,1.145418,4.000000,0.286355,0.227581,0.359163,2.546929,1.215133,1.000000,94.636015,1.215133,2.000000,38.700758,22.988506,37.831991,0.000000,-0.188640,-0.140929,-0.047711,22.631556,20.672601,30.614626,-0.500866,-0.332392,1.951613,0.252736,0.020155,1.300708,5.000000,50.192308,0.260142,3.000000,38.997094,24.521073,49.875655,1.000000,-0.167254,-0.128976,-0.038278,22.881292,21.644579,29.891241,-0.533607,-0.326020,1.990706,0.252163,0.021416,2.525989,16.000000,185.053381,0.157874,4.000000,31.755316,9.803922,6.018003,0.000000,-0.235409,-0.040379,-0.195029,29.737139,17.218810,31.041642,-0.735062,-0.425723,1.997469,0.237237,0.027770,1.383896,5.000000,83.880597,0.276779,3.000000,69.228921,72.571429,65.311183,0.000000,0.565934,0.567659,-0.001724,46.781055,35.862415,7.848107,0.889607,2.009416,4.569937,0.875663,0.023894,1.623062,0.000000,61.131387,0.000000,1.000000,81.136069,92.424242,84.776335,0.000000,0.607882,0.569970,0.037911,40.570128,40.009677,9.680433,1.518816,2.642148,5.044698,1.236530,0.020939,2.727454,14.000000,242.477876,0.194818,1.000000,81.136069,92.424242,84.776335,1.000000,0.607882,0.569970,0.037911,40.570128,40.009677,9.680433,1.518816,2.642148,5.044698,1.236530,0.020939,1.112314,2.000000,94.957983,0.556157,2.000000,67.335652,64.673913,68.417874,0.000000,0.658473,0.663809,-0.005336,40.991841,26.122482,16.389135,0.592398,1.681348,3.656551,0.724730,0.026518,1.185259,3.000000,79.598662,0.395086,3.000000,78.554788,78.623188,80.434783,0.000000,0.725200,0.656403,0.068798,43.268964,31.838624,10.119513,1.093175,2.191499,4.095538,0.919729,0.026333,1.467197,0.000000,57.170172,0.000000,1.000000,2.633965,5.000000,233.482143,0.526793,1.000000,1.115538,0.000000,88.537549,0.000000,1.000000,1.276038,3.000000,138.251366,0.425346,1.000000,0.914543,8.000000,25.774648,0.114318,2.000000,3.678756,14.000000,476.510067,0.262768,1.000000,0.766106,0.000000,94.904459,0.000000,3.000000,0.813809,10.000000,79.292929,0.081381,3.000000,1.015906,9.000000,75.572519,0.112878,2.000000,1.362596,5.000000,,0.272519,0.000000,0.000000,0.000000,,0.000000,0.000000,,,,,,3.000000,1.000000,,-1.000000,,,,56.701657,24.912892,33.868614,0.742044,0.956878,-0.214834,37.037660,24.339512,18.626010,0.314340,1.906453,0.586662,0.036386,,0.000000,,40.319235,19.480519,14.153439,-0.060549,-0.041814,-0.018735,15.886015,13.092927,19.327045,-0.121495,-0.136977,0.178121,0.003770,0.666911,0.784314,66.000000,242.477876,50.192308,0.647392,0.879223
2026-02-17T06:30:00Z,1.047171,no_impulse,0,BAJFINANCE,15m,-1.000000,76.086957,0.861645,6.000000,0.143607,-0.222736,-0.171727,1.890053,1.145418,4.000000,93.117409,0.286355,3.000000,53.950723,77.394636,62.452107,1.000000,-0.111970,-0.148031,0.036061,19.219955,31.333930,23.535325,0.227581,0.359163,2.546929,0.688230,0.012118,1.215133,1.000000,94.636015,1.215133,2.000000,38.700758,22.988506,37.831991,0.000000,-0.188640,-0.140929,-0.047711,22.631556,20.672601,30.614626,-0.500866,-0.332392,1.951613,0.252736,0.020155,1.300708,5.000000,50.192308,0.260142,3.000000,38.997094,24.521073,49.875655,1.000000,-0.167254,-0.128976,-0.038278,22.881292,21.644579,29.891241,-0.533607,-0.326020,1.990706,0.252163,0.021416,2.525989,16.000000,185.053381,0.157874,4.000000,31.755316,9.803922,6.018003,0.000000,-0.235409,-0.040379,-0.195029,29.737139,17.218810,31.041642,-0.735062,-0.425723,1.997469,0.237237,0.027770,1.383896,5.000000,83.880597,0.276779,3.000000,69.228921,72.571429,65.311183,0.000000,0.565934,0.567659,-0.001724,46.781055,35.862415,7.848107,0.889607,2.009416,4.569937,0.875663,0.023894,1.623062,0.000000,61.131387,0.000000,1.000000,81.136069,92.424242,84.776335,0.000000,0.607882,0.569970,0.037911,40.570128,40.009677,9.680433,1.518816,2.642148,5.044698,1.236530,0.020939,2.727454,14.000000,242.477876,0.194818,1.000000,81.136069,92.424242,84.776335,1.000000,0.607882,0.569970,0.037911,40.570128,40.009677,9.680433,1.518816,2.642148,5.044698,1.236530,0.020939,1.112314,2.000000,94.957983,0.556157,2.000000,67.335652,64.673913,68.417874,0.000000,0.658473,0.663809,-0.005336,40.991841,26.122482,16.389135,0.592398,1.681348,3.656551,0.724730,0.026518,1.185259,3.000000,79.598662,0.395086,3.000000,1.467197,0.000000,57.170172,0.000000,1.000000,2.633965,5.000000,233.482143,0.526793,1.000000,1.115538,0.000000,88.537549,0.000000,1.000000,1.276038,3.000000,138.251366,0.425346,1.000000,0.914543,8.000000,25.774648,0.114318,2.000000,3.678756,14.000000,476.510067,0.262768,1.000000,0.766106,0.000000,94.904459,0.000000,3.000000,0.813809,10.000000,79.292929,0.081381,3.000000,1.015906,9.000000,75.572519,0.112878,2.000000,1.362596,5.000000,,0.272519,0.000000,0.000000,0.000000,,0.000000,0.000000,2.000000,1.000000,,-1.000000,,,,55.218711,20.383275,20.441347,0.599915,0.839007,-0.239092,33.592264,22.750891,17.866042,0.162869,1.647878,0.553924,0.030252,,0.000000,,40.319235,19.480519,14.153439,-0.060549,-0.041814,-0.018735,15.886015,13.092927,19.327045,-0.121495,-0.136977,0.178121,0.003770,0.549293,1.200000,72.000000,242.477876,50.192308,0.580979,0.661720
2026-02-18T03:45:00Z,1.063501,no_impulse,0,BAJFINANCE,15m,1.000000,179.428571,1.559474,14.000000,0.111391,0.640274,0.741740,2.565617,0.861645,6.000000,76.086957,0.143607,2.000000,43.270796,31.578947,31.713900,1.000000,-0.118571,-0.115009,-0.003562,14.406458,23.513784,26.869946,-0.222736,-0.171727,1.890053,0.287983,0.010482,1.145418,4.000000,93.117409,0.286355,3.000000,53.950723,77.394636,62.452107,1.000000,-0.111970,-0.148031,0.036061,19.219955,31.333930,23.535325,0.227581,0.359163,2.546929,0.688230,0.012118,1.215133,1.000000,94.636015,1.215133,2.000000,38.700758,22.988506,37.831991,0.000000,-0.188640,-0.140929,-0.047711,22.631556,20.672601,30.614626,-0.500866,-0.332392,1.951613,0.252736,0.020155,1.300708,5.000000,50.192308,0.260142,3.000000,38.997094,24.521073,49.875655,1.000000,-0.167254,-0.128976,-0.038278,22.881292,21.644579,29.891241,-0.533607,-0.326020,1.990706,0.252163,0.021416,2.525989,16.000000,185.053381,0.157874,4.000000,31.755316,9.803922,6.018003,0.000000,-0.235409,-0.040379,-0.195029,29.737139,17.218810,31.041642,-0.735062,-0.425723,1.997469,0.237237,0.027770,1.383896,5.000000,83.880597,0.276779,3.000000,69.228921,72.571429,65.311183,0.000000,0.565934,0.567659,-0.001724,46.781055,35.862415,7.848107,0.889607,2.009416,4.569937,0.875663,0.023894,1.623062,0.000000,61.131387,0.000000,1.000000,81.136069,92.424242,84.776335,0.000000,0.607882,0.569970,0.037911,40.570128,40.009677,9.680433,1.518816,2.642148,5.044698,1.236530,0.020939,2.727454,14.000000,242.477876,0.194818,1.000000,81.136069,92.424242,84.776335,1.000000,0.607882,0.569970,0.037911,40.570128,40.009677,9.680433,1.518816,2.642148,5.044698,1.236530,0.020939,1.112314,2.000000,94.957983,0.556157,2.000000,1.185259,3.000000,79.598662,0.395086,3.000000,1.467197,0.000000,57.170172,0.000000,1.000000,2.633965,5.000000,233.482143,0.526793,1.000000,1.115538,0.000000,88.537549,0.000000,1.000000,1.276038,3.000000,138.251366,0.425346,1.000000,0.914543,8.000000,25.774648,0.114318,2.000000,3.678756,14.000000,476.510067,0.262768,1.000000,0.766106,0.000000,94.904459,0.000000,3.000000,0.813809,10.000000,79.292929,0.081381,3.000000,1.015906,9.000000,75.572519,0.112878,2.000000,1.362596,5.000000,,0.272519,0.000000,1.000000,2.000000,,-1.000000,,,,61.750595,56.923077,42.149111,0.510658,0.641477,-0.130818,30.021747,26.573199,13.924022,0.855357,2.215046,0.856085,0.024228,,0.000000,,40.319235,19.480519,14.153439,-0.060549,-0.041814,-0.018735,15.886015,13.092927,19.327045,-0.121495,-0.136977,0.178121,0.003770,1.034074,2.500000,86.000000,242.477876,50.192308,0.622782,0.618393
2026-02-18T03:45:00Z,1.047483,no_impulse,0,BAJFINANCE,15m,-1.000000,98.089172,1.506186,0.000000,0.000000,0.640274,0.741740,2.565617,1.559474,14.000000,179.428571,0.111391,1.000000,65.551130,70.607029,73.302876,0.000000,0.081920,-0.006197,0.088117,11.594263,28.494682,14.161445,0.640274,0.741740,2.565617,1.141639,0.010043,0.861645,6.000000,76.086957,0.143607,2.000000,43.270796,31.578947,31.713900,1.000000,-0.118571,-0.115009,-0.003562,14.406458,23.513784,26.869946,-0.222736,-0.171727,1.890053,0.287983,0.010482,1.145418,4.000000,93.117409,0.286355,3.000000,53.950723,77.394636,62.452107,1.000000,-0.111970,-0.148031,0.036061,19.219955,31.333930,23.535325,0.227581,0.359163,2.546929,0.688230,0.012118,1.215133,1.000000,94.636015,1.215133,2.000000,38.700758,22.988506,37.831991,0.000000,-0.188640,-0.140929,-0.047711,22.631556,20.672601,30.614626,-0.500866,-0.332392,1.951613,0.252736,0.020155,1.300708,5.000000,50.192308,0.260142,3.000000,38.997094,24.521073,49.875655,1.000000,-0.167254,-0.128976,-0.038278,22.881292,21.644579,29.891241,-0.533607,-0.326020,1.990706,0.252163,0.021416,2.525989,16.000000,185.053381,0.157874,4.000000,31.755316,9.803922,6.018003,0.000000,-0.235409,-0.040379,-0.195029,29.737139,17.218810,31.041642,-0.735062,-0.425723,1.997469,0.237237,0.027770,1.383896,5.000000,83.880597,0.276779,3.000000,69.228921,72.571429,65.311183,0.000000,0.565934,0.567659,-0.001724,46.781055,35.862415,7.848107,0.889607,2.009416,4.569937,0.875663,0.023894,1.623062,0.000000,61.131387,0.000000,1.000000,81.136069,92.424242,84.776335,0.000000,0.607882,0.569970,0.037911,40.570128,40.009677,9.680433,1.518816,2.642148,5.044698,1.236530,0.020939,2.727454,14.000000,242.477876,0.194818,1.000000,1.112314,2.000000,94.957983,0.556157,2.000000,1.185259,3.000000,79.598662,0.395086,3.000000,1.467197,0.000000,57.170172,0.000000,1.000000,2.633965,5.000000,233.482143,0.526793,1.000000,1.115538,0.000000,88.537549,0.000000,1.000000,1.276038,3.000000,138.251366,0.425346,1.000000,0.914543,8.000000,25.774648,0.114318,2.000000,3.678756,14.000000,476.510067,0.262768,1.000000,0.766106,0.000000,94.904459,0.000000,3.000000,0.813809,10.000000,79.292929,0.081381,3.000000,1.015906,9.000000,75.572519,0.112878,2.000000,1.000000,3.000000,,-1.000000,,,,61.750595,56.923077,42.149111,0.510658,0.641477,-0.130818,30.021747,26.573199,13.924022,0.855357,2.215046,0.856085,0.024228,,0.000000,,40.319235,19.480519,14.153439,-0.060549,-0.041814,-0.018735,15.886015,13.092927,19.327045,-0.121495,-0.136977,0.178121,0.003770,0.974557,0.000000,86.000000,242.477876,50.192308,0.612385,0.707389
2026-02-18T05:30:00Z,1.065113,no_impulse,0,BAJFINANCE,15m,1.000000,110.064935,1.683134,7.000000,0.240448,0.625020,0.905993,2.752383,1.506186,0.000000,98.089172,0.000000,1.000000,65.551130,70.607029,73.302876,0.000000,0.081920,-0.006197,0.088117,11.594263,28.494682,14.161445,0.640274,0.741740,2.565617,1.141639,0.010043,1.559474,14.000000,179.428571,0.111391,1.000000,65.551130,70.607029,73.302876,0.000000,0.081920,-0.006197,0.088117,11.594263,28.494682,14.161445,0.640274,0.741740,2.565617,1.141639,0.010043,0.861645,6.000000,76.086957,0.143607,2.000000,43.270796,31.578947,31.713900,1.000000,-0.118571,-0.115009,-0.003562,14.406458,23.513784,26.869946,-0.222736,-0.171727,1.890053,0.287983,0.010482,1.145418,4.000000,93.117409,0.286355,3.000000,53.950723,77.394636,62.452107,1.000000,-0.111970,-0.148031,0.036061,19.219955,31.333930,23.535325,0.227581,0.359163,2.546929,0.688230,0.012118,1.215133,1.000000,94.636015,1.215133,2.000000,38.700758,22.988506,37.831991,0.000000,-0.188640,-0.140929,-0.047711,22.631556,20.672601,30.614626,-0.500866,-0.332392,1.951613,0.252736,0.020155,1.300708,5.000000,50.192308,0.260142,3.000000,38.997094,24.521073,49.875655,1.000000,-0.167254,-0.128976,-0.038278,22.881292,21.644579,29.891241,-0.533607,-0.326020,1.990706,0.252163,0.021416,2.525989,16.000000,185.053381,0.157874,4.000000,31.755316,9.803922,6.018003,0.000000,-0.235409,-0.040379,-0.195029,29.737139,17.218810,31.041642,-0.735062,-0.425723,1.997469,0.237237,0.027770,1.383896,5.000000,83.880597,0.276779,3.000000,69.228921,72.571429,65.311183,0.000000,0.565934,0.567659,-0.001724,46.781055,35.862415,7.848107,0.889607,2.009416,4.569937,0.875663,0.023894,1.623062,0.000000,61.131387,0.000000,1.000000,2.727454,14.000000,242.477876,0.194818,1.000000,1.112314,2.000000,94.957983,0.556157,2.000000,1.185259,3.000000,79.598662,0.395086,3.000000,1.467197,0.000000,57.170172,0.000000,1.000000,2.633965,5.000000,233.482143,0.526793,1.000000,1.115538,0.000000,88.537549,0.000000,1.000000,1.276038,3.000000,138.251366,0.425346,1.000000,0.914543,8.000000,25.774648,0.114318,2.000000,3.678756,14.000000,476.510067,0.262768,1.000000,0.766106,0.000000,94.904459,0.000000,3.000000,0.813809,10.000000,79.292929,0.081381,3.000000,1.000000,4.000000,,-1.000000,,,,64.375815,89.371981,78.394649,0.571998,0.611026,-0.039028,30.524023,25.232141,12.521336,0.994916,2.371950,0.899447,0.025158,,0.000000,,40.319235,19.480519,14.153439,-0.060549,-0.041814,-0.018735,15.886015,13.092927,19.327045,-0.121495,-0.136977,0.178121,0.003770,1.061984,1.076923,93.000000,242.477876,50.192308,0.593812,1.072665
2026-02-18T07:00:00Z,1.055752,no_impulse,0,BAJFINANCE,15m,-1.000000,53.097345,0.878906,6.000000,0.146484,-0.032246,0.301009,2.165125,1.683134,7.000000,110.064935,0.240448,1.000000,66.144361,86.627907,81.591624,1.000000,0.255191,0.162259,0.092932,18.007281,26.907021,12.831942,0.625020,0.905993,2.752383,0.854728,0.017731,1.506186,0.000000,98.089172,0.000000,1.000000,65.551130,70.607029,73.302876,0.000000,0.081920,-0.006197,0.088117,11.594263,28.494682,14.161445,0.640274,0.741740,2.565617,1.141639,0.010043,1.559474,14.000000,179.428571,0.111391,1.000000,65.551130,70.607029,73.302876,0.000000,0.081920,-0.006197,0.088117,11.594263,28.494682,14.161445,0.640274,0.741740,2.565617,1.141639,0.010043,0.861645,6.000000,76.086957,0.143607,2.000000,43.270796,31.578947,31.713900,1.000000,-0.118571,-0.115009,-0.003562,14.406458,23.513784,26.869946,-0.222736,-0.171727,1.890053,0.287983,0.010482,1.145418,4.000000,93.117409,0.286355,3.000000,53.950723,77.394636,62.452107,1.000000,-0.111970,-0.148031,0.036061,19.219955,31.333930,23.535325,0.227581,0.359163,2.546929,0.688230,0.012118,1.215133,1.000000,94.636015,1.215133,2.000000,38.700758,22.988506,37.831991,0.000000,-0.188640,-0.140929,-0.047711,22.631556,20.672601,30.614626,-0.500866,-0.332392,1.951613,0.252736,0.020155,1.300708,5.000000,50.192308,0.260142,3.000000,38.997094,24.521073,49.875655,1.000000,-0.167254,-0.128976,-0.038278,22.881292,21.644579,29.891241,-0.533607,-0.326020,1.990706,0.252163,0.021416,2.525989,16.000000,185.053381,0.157874,4.000000,31.755316,9.803922,6.018003,0.000000,-0.235409,-0.040379,-0.195029,29.737139,17.218810,31.041642,-0.735062,-0.425723,1.997469,0.237237,0.027770,1.383896,5.000000,83.880597,0.276779,3.000000,1.623062,0.000000,61.131387,0.000000,1.000000,2.727454,14.000000,242.477876,0.194818,1.000000,1.112314,2.000000,94.957983,0.556157,2.000000,1.185259,3.000000,79.598662,0.395086,3.000000,1.467197,0.000000,57.170172,0.000000,1.000000,2.633965,5.000000,233.482143,0.526793,1.000000,1.115538,0.000000,88.537549,0.000000,1.000000,1.276038,3.000000,138.251366,0.425346,1.000000,0.914543,8.000000,25.774648,0.114318,2.000000,3.678756,14.000000,476.510067,0.262768,1.000000,0.766106,0.000000,94.904459,0.000000,3.000000,2.000000,5.000000,,-1.000000,,,,59.520092,71.014493,83.091787,0.557237,0.602093,-0.044856,29.917753,23.483402,15.002548,0.565791,1.928797,0.725841,0.025195,,0.000000,,40.319235,19.480519,14.153439,-0.060549,-0.041814,-0.018735,15.886015,13.092927,19.327045,-0.121495,-0.136977,0.178121,0.003770,0.593669,1.034483,99.000000,185.053381,50.192308,0.443304,1.473776
2026-02-18T09:30:00Z,1.066882,no_impulse,0,BAJFINANCE,15m,1.000000,118.888889,1.054187,10.000000,0.105419,0.285799,0.628500,2.462940,0.878906,6.000000,53.097345,0.146484,2.000000,51.586847,59.587021,78.072763,1.000000,0.234218,0.231788,0.002430,18.956039,19.995061,23.762111,-0.032246,0.301009,2.165125,0.480034,0.016145,1.683134,7.000000,110.064935,0.240448,1.000000,66.144361,86.627907,81.591624,1.000000,0.255191,0.162259,0.092932,18.007281,26.907021,12.831942,0.625020,0.905993,2.752383,0.854728,0.017731,1.506186,0.000000,98.089172,0.000000,1.000000,65.551130,70.607029,73.302876,0.000000,0.081920,-0.006197,0.088117,11.594263,28.494682,14.161445,0.640274,0.741740,2.565617,1.141639,0.010043,1.559474,14.000000,179.428571,0.111391,1.000000,65.551130,70.607029,73.302876,0.000000,0.081920,-0.006197,0.088117,11.594263,28.494682,14.161445,0.640274,0.741740,2.565617,1.141639,0.010043,0.861645,6.000000,76.086957,0.143607,2.000000,43.270796,31.578947,31.713900,1.000000,-0.118571,-0.115009,-0.003562,14.406458,23.513784,26.869946,-0.222736,-0.171727,1.890053,0.287983,0.010482,1.145418,4.000000,93.117409,0.286355,3.000000,53.950723,77.394636,62.452107,1.000000,-0.111970,-0.148031,0.036061,19.219955,31.333930,23.535325,0.227581,0.359163,2.546929,0.688230,0.012118,1.215133,1.000000,94.636015,1.215133,2.000000,38.700758,22.988506,37.831991,0.000000,-0.188640,-0.140929,-0.047711,22.631556,20.672601,30.614626,-0.500866,-0.332392,1.951613,0.252736,0.020155,1.300708,5.000000,50.192308,0.260142,3.000000,38.997094,24.521073,49.875655,1.000000,-0.167254,-0.128976,-0.038278,22.881292,21.644579,29.891241,-0.533607,-0.326020,1.990706,0.252163,0.021416,2.525989,16.000000,185.053381,0.157874,4.000000,1.383896,5.000000,83.880597,0.276779,3.000000,1.623062,0.000000,61.131387,0.000000,1.000000,2.727454,14.000000,242.477876,0.194818,1.000000,1.112314,2.000000,94.957983,0.556157,2.000000,1.185259,3.000000,79.598662,0.395086,3.000000,1.467197,0.000000,57.170172,0.000000,1.000000,2.633965,5.000000,233.482143,0.526793,1.000000,1.115538,0.000000,88.537549,0.000000,1.000000,1.276038,3.000000,138.251366,0.425346,1.000000,0.914543,8.000000,25.774648,0.114318,2.000000,3.678756,14.000000,476.510067,0.262768,1.000000,1.000000,6.000000,,-1.000000,,,,60.245196,76.036866,84.260187,0.558751,0.584108,-0.025357,29.231412,23.095598,13.267796,0.568998,1.910116,0.759845,0.022023,,0.000000,,40.319235,19.480519,14.153439,-0.060549,-0.041814,-0.018735,15.886015,13.092927,19.327045,-0.121495,-0.136977,0.178121,0.003770,0.749752,1.562500,109.000000,185.053381,50.192308,0.477822,1.140666
2026-02-19T07:00:00Z,1.054296,no_impulse,0,BAJFINANCE,15m,-1.000000,113.084112,1.179682,15.000000,0.078645,-0.366803,-0.215015,1.453901,1.054187,10.000000,118.888889,0.105419,1.000000,61.963142,72.429907,82.089085,0.000000,0.200776,0.191082,0.009694,16.903501,26.727609,15.514635,0.285799,0.628500,2.462940,0.882520,0.007493,0.878906,6.000000,53.097345,0.146484,2.000000,51.586847,59.587021,78.072763,1.000000,0.234218,0.231788,0.002430,18.956039,19.995061,23.762111,-0.032246,0.301009,2.165125,0.480034,0.016145,1.683134,7.000000,110.064935,0.240448,1.000000,66.144361,86.627907,81.591624,1.000000,0.255191,0.162259,0.092932,18.007281,26.907021,12.831942,0.625020,0.905993,2.752383,0.854728,0.017731,1.506186,0.000000,98.089172,0.000000,1.000000,65.551130,70.607029,73.302876,0.000000,0.081920,-0.006197,0.088117,11.594263,28.494682,14.161445,0.640274,0.741740,2.565617,1.141639,0.010043,1.559474,14.000000,179.428571,0.111391,1.000000,65.551130,70.607029,73.302876,0.000000,0.081920,-0.006197,0.088117,11.594263,28.494682,14.161445,0.640274,0.741740,2.565617,1.141639,0.010043,0.861645,6.000000,76.086957,0.143607,2.000000,43.270796,31.578947,31.713900,1.000000,-0.118571,-0.115009,-0.003562,14.406458,23.513784,26.869946,-0.222736,-0.171727,1.890053,0.287983,0.010482,1.145418,4.000000,93.117409,0.286355,3.000000,53.950723,77.394636,62.452107,1.000000,-0.111970,-0.148031,0.036061,19.219955,31.333930,23.535325,0.227581,0.359163,2.546929,0.688230,0.012118,1.215133,1.000000,94.636015,1.215133,2.000000,38.700758,22.988506,37.831991,0.000000,-0.188640,-0.140929,-0.047711,22.631556,20.672601,30.614626,-0.500866,-0.332392,1.951613,0.252736,0.020155,1.300708,5.000000,50.192308,0.260142,3.000000,2.525989,16.000000,185.053381,0.157874,4.000000,1.383896,5.000000,83.880597,0.276779,3.000000,1.623062,0.000000,61.131387,0.000000,1.000000,2.727454,14.000000,242.477876,0.194818,1.000000,1.112314,2.000000,94.957983,0.556157,2.000000,1.185259,3.000000,79.598662,0.395086,3.000000,1.467197,0.000000,57.170172,0.000000,1.000000,2.633965,5.000000,233.482143,0.526793,1.000000,1.115538,0.000000,88.537549,0.000000,1.000000,1.276038,3.000000,138.251366,0.425346,1.000000,0.914543,8.000000,25.774648,0.114318,2.000000,8.000000,1.000000,,-1.000000,,,,57.051745,61.904762,64.406239,0.435953,0.518759,-0.082806,25.231233,18.551178,16.925201,0.238112,1.458041,0.619650,0.019948,,0.000000,,40.319235,19.480519,14.153439,-0.060549,-0.041814,-0.018735,15.886015,13.092927,19.327045,-0.121495,-0.136977,0.178121,0.003770,0.859152,2.173913,,185.053381,50.192308,0.490722,0.920791
2026-02-19T08:15:00Z,1.063917,no_impulse,0,BAJFINANCE,15m,1.000000,76.446281,0.912589,5.000000,0.182518,-0.082715,0.008343,1.591151,1.179682,15.000000,113.084112,0.078645,8.000000,40.196696,15.596330,23.796478,0.000000,-0.002414,0.041800,-0.044214,10.930392,16.705211,25.964132,-0.366803,-0.215015,1.453901,0.032762,0.007822,1.054187,10.000000,118.888889,0.105419,1.000000,61.963142,72.429907,82.089085,0.000000,0.200776,0.191082,0.009694,16.903501,26.727609,15.514635,0.285799,0.628500,2.462940,0.882520,0.007493,0.878906,6.000000,53.097345,0.146484,2.000000,51.586847,59.587021,78.072763,1.000000,0.234218,0.231788,0.002430,18.956039,19.995061,23.762111,-0.032246,0.301009,2.165125,0.480034,0.016145,1.683134,7.000000,110.064935,0.240448,1.000000,66.144361,86.627907,81.591624,1.000000,0.255191,0.162259,0.092932,18.007281,26.907021,12.831942,0.625020,0.905993,2.752383,0.854728,0.017731,1.506186,0.000000,98.089172,0.000000,1.000000,65.551130,70.607029,73.302876,0.000000,0.081920,-0.006197,0.088117,11.594263,28.494682,14.161445,0.640274,0.741740,2.565617,1.141639,0.010043,1.559474,14.000000,179.428571,0.111391,1.000000,65.551130,70.607029,73.302876,0.000000,0.081920,-0.006197,0.088117,11.594263,28.494682,14.161445,0.640274,0.741740,2.565617,1.141639,0.010043,0.861645,6.000000,76.086957,0.143607,2.000000,43.270796,31.578947,31.713900,1.000000,-0.118571,-0.115009,-0.003562,14.406458,23.513784,26.869946,-0.222736,-0.171727,1.890053,0.287983,0.010482,1.145418,4.000000,93.117409,0.286355,3.000000,53.950723,77.394636,62.452107,1.000000,-0.111970,-0.148031,0.036061,19.219955,31.333930,23.535325,0.227581,0.359163,2.546929,0.688230,0.012118,1.215133,1.000000,94.636015,1.215133,2.000000,1.300708,5.000000,50.192308,0.260142,3.000000,2.525989,16.000000,185.053381,0.157874,4.000000,1.383896,5.000000,83.880597,0.276779,3.000000,1.623062,0.000000,61.131387,0.000000,1.000000,2.727454,14.000000,242.477876,0.194818,1.000000,1.112314,2.000000,94.957983,0.556157,2.000000,1.185259,3.000000,79.598662,0.395086,3.000000,1.467197,0.000000,57.170172,0.000000,1.000000,2.633965,5.000000,233.482143,0.526793,1.000000,1.115538,0.000000,88.537549,0.000000,1.000000,1.276038,3.000000,138.251366,0.425346,1.000000,3.000000,2.000000,5.000000,-1.000000,,,,53.632375,50.134048,57.900336,0.360986,0.469909,-0.108923,23.470284,18.588871,14.473279,0.007962,1.150013,0.504046,0.019677,,0.000000,,40.319235,19.480519,14.153439,-0.060549,-0.041814,-0.018735,15.886015,13.092927,19.327045,-0.121495,-0.136977,0.178121,0.003770,0.736881,0.735294,73.000000,179.428571,50.192308,0.277732,0.655488
2026-02-19T09:45:00Z,1.047431,no_impulse,0,BAJFINANCE,15m,-1.000000,171.351351,1.549592,6.000000,0.258265,-0.957587,-0.982684,0.481668,0.912589,5.000000,76.446281,0.182518,3.000000,47.483697,42.702703,45.951406,0.000000,-0.034366,-0.007091,-0.027275,12.078474,23.826922,21.977406,-0.082715,0.008343,1.591151,0.356098,0.005743,1.179682,15.000000,113.084112,0.078645,8.000000,40.196696,15.596330,23.796478,0.000000,-0.002414,0.041800,-0.044214,10.930392,16.705211,25.964132,-0.366803,-0.215015,1.453901,0.032762,0.007822,1.054187,10.000000,118.888889,0.105419,1.000000,61.963142,72.429907,82.089085,0.000000,0.200776,0.191082,0.009694,16.903501,26.727609,15.514635,0.285799,0.628500,2.462940,0.882520,0.007493,0.878906,6.000000,53.097345,0.146484,2.000000,51.586847,59.587021,78.072763,1.000000,0.234218,0.231788,0.002430,18.956039,19.995061,23.762111,-0.032246,0.301009,2.165125,0.480034,0.016145,1.683134,7.000000,110.064935,0.240448,1.000000,66.144361,86.627907,81.591624,1.000000,0.255191,0.162259,0.092932,18.007281,26.907021,12.831942,0.625020,0.905993,2.752383,0.854728,0.017731,1.506186,0.000000,98.089172,0.000000,1.000000,65.551130,70.607029,73.302876,0.000000,0.081920,-0.006197,0.088117,11.594263,28.494682,14.161445,0.640274,0.741740,2.565617,1.141639,0.010043,1.559474,14.000000,179.428571,0.111391,1.000000,65.551130,70.607029,73.302876,0.000000,0.081920,-0.006197,0.088117,11.594263,28.494682,14.161445,0.640274,0.741740,2.565617,1.141639,0.010043,0.861645,6.000000,76.086957,0.143607,2.000000,43.270796,31.578947,31.713900,1.000000,-0.118571,-0.115009,-0.003562,14.406458,23.513784,26.869946,-0.222736,-0.171727,1.890053,0.287983,0.010482,1.145418,4.000000,93.117409,0.286355,3.000000,1.215133,1.000000,94.636015,1.215133,2.000000,1.300708,5.000000,50.192308,0.260142,3.000000,2.525989,16.000000,185.053381,0.157874,4.000000,1.383896,5.000000,83.880597,0.276779,3.000000,1.623062,0.000000,61.131387,0.000000,1.000000,2.727454,14.000000,242.477876,0.194818,1.000000,1.112314,2.000000,94.957983,0.556157,2.000000,1.185259,3.000000,79.598662,0.395086,3.000000,1.467197,0.000000,57.170172,0.000000,1.000000,2.633965,5.000000,233.482143,0.526793,1.000000,1.115538,0.000000,88.537549,0.000000,1.000000,4.000000,3.000000,11.000000,-1.000000,,,,41.676943,0.000000,37.265416,0.249847,0.429406,-0.179558,22.644683,16.387630,20.819722,-0.837294,0.218369,0.091302,0.020317,,0.000000,,40.319235,19.480519,14.153439,-0.060549,-0.041814,-0.018735,15.886015,13.092927,19.327045,-0.121495,-0.136977,0.178121,0.003770,1.291719,0.882353,79.000000,179.428571,53.097345,0.294668,0.773423
2026-02-20T06:45:00Z,1.078219,no_impulse,0,BAJFINANCE,15m,1.000000,186.750789,2.939424,13.000000,0.226110,1.175786,1.481303,2.922308,1.549592,6.000000,171.351351,0.258265,4.000000,29.559545,0.000000,22.342342,0.000000,-0.138730,-0.059572,-0.079158,12.245373,13.103744,31.119292,-0.957587,-0.982684,0.481668,-0.340383,0.011287,0.912589,5.000000,76.446281,0.182518,3.000000,47.483697,42.702703,45.951406,0.000000,-0.034366,-0.007091,-0.027275,12.078474,23.826922,21.977406,-0.082715,0.008343,1.591151,0.356098,0.005743,1.179682,15.000000,113.084112,0.078645,8.000000,40.196696,15.596330,23.796478,0.000000,-0.002414,0.041800,-0.044214,10.930392,16.705211,25.964132,-0.366803,-0.215015,1.453901,0.032762,0.007822,1.054187,10.000000,118.888889,0.105419,1.000000,61.963142,72.429907,82.089085,0.000000,0.200776,0.191082,0.009694,16.903501,26.727609,15.514635,0.285799,0.628500,2.462940,0.882520,0.007493,0.878906,6.000000,53.097345,0.146484,2.000000,51.586847,59.587021,78.072763,1.000000,0.234218,0.231788,0.002430,18.956039,19.995061,23.762111,-0.032246,0.301009,2.165125,0.480034,0.016145,1.683134,7.000000,110.064935,0.240448,1.000000,66.144361,86.627907,81.591624,1.000000,0.255191,0.162259,0.092932,18.007281,26.907021,12.831942,0.625020,0.905993,2.752383,0.854728,0.017731,1.506186,0.000000,98.089172,0.000000,1.000000,65.551130,70.607029,73.302876,0.000000,0.081920,-0.006197,0.088117,11.594263,28.494682,14.161445,0.640274,0.741740,2.565617,1.141639,0.010043,1.559474,14.000000,179.428571,0.111391,1.000000,65.551130,70.607029,73.302876,0.000000,0.081920,-0.006197,0.088117,11.594263,28.494682,14.161445,0.640274,0.741740,2.565617,1.141639,0.010043,0.861645,6.000000,76.086957,0.143607,2.000000,1.145418,4.000000,93.117409,0.286355,3.000000,1.215133,1.000000,94.636015,1.215133,2.000000,1.300708,5.000000,50.192308,0.260142,3.000000,2.525989,16.000000,185.053381,0.157874,4.000000,1.383896,5.000000,83.880597,0.276779,3.000000,1.623062,0.000000,61.131387,0.000000,1.000000,2.727454,14.000000,242.477876,0.194818,1.000000,1.112314,2.000000,94.957983,0.556157,2.000000,1.185259,3.000000,79.598662,0.395086,3.000000,1.467197,0.000000,57.170172,0.000000,1.000000,2.633965,5.000000,233.482143,0.526793,1.000000,7.000000,4.000000,24.000000,-1.000000,,,,62.552690,78.378378,82.508449,0.405306,0.361101,0.044205,20.826830,25.387441,13.556962,1.107318,2.172664,1.009940,0.021958,,0.000000,,40.319235,19.480519,14.153439,-0.060549,-0.041814,-0.018735,15.886015,13.092927,19.327045,-0.121495,-0.136977,0.178121,0.003770,2.383804,1.780822,92.000000,179.428571,53.097345,0.314908,1.007089
2026-02-20T09:45:00Z,1.063501,no_impulse,0,BAJFINANCE,15m,-1.000000,47.804054,1.365040,12.000000,0.113753,-0.303202,0.121360,1.698488,2.939424,13.000000,186.750789,0.226110,7.000000,70.198336,94.256757,93.359159,1.000000,0.350509,0.151535,0.198974,20.199121,33.048948,11.402190,1.175786,1.481303,2.922308,0.932339,0.027520,1.549592,6.000000,171.351351,0.258265,4.000000,29.559545,0.000000,22.342342,0.000000,-0.138730,-0.059572,-0.079158,12.245373,13.103744,31.119292,-0.957587,-0.982684,0.481668,-0.340383,0.011287,0.912589,5.000000,76.446281,0.182518,3.000000,47.483697,42.702703,45.951406,0.000000,-0.034366,-0.007091,-0.027275,12.078474,23.826922,21.977406,-0.082715,0.008343,1.591151,0.356098,0.005743,1.179682,15.000000,113.084112,0.078645,8.000000,40.196696,15.596330,23.796478,0.000000,-0.002414,0.041800,-0.044214,10.930392,16.705211,25.964132,-0.366803,-0.215015,1.453901,0.032762,0.007822,1.054187,10.000000,118.888889,0.105419,1.000000,61.963142,72.429907,82.089085,0.000000,0.200776,0.191082,0.009694,16.903501,26.727609,15.514635,0.285799,0.628500,2.462940,0.882520,0.007493,0.878906,6.000000,53.097345,0.146484,2.000000,51.586847,59.587021,78.072763,1.000000,0.234218,0.231788,0.002430,18.956039,19.995061,23.762111,-0.032246,0.301009,2.165125,0.480034,0.016145,1.683134,7.000000,110.064935,0.240448,1.000000,66.144361,86.627907,81.591624,1.000000,0.255191,0.162259,0.092932,18.007281,26.907021,12.831942,0.625020,0.905993,2.752383,0.854728,0.017731,1.506186,0.000000,98.089172,0.000000,1.000000,65.551130,70.607029,73.302876,0.000000,0.081920,-0.006197,0.088117,11.594263,28.494682,14.161445,0.640274,0.741740,2.565617,1.141639,0.010043,1.559474,14.000000,179.428571,0.111391,1.000000,0.861645,6.000000,76.086957,0.143607,2.000000,1.145418,4.000000,93.117409,0.286355,3.000000,1.215133,1.000000,94.636015,1.215133,2.000000,1.300708,5.000000,50.192308,0.260142,3.000000,2.525989,16.000000,185.053381,0.157874,4.000000,1.383896,5.000000,83.880597,0.276779,3.000000,1.623062,0.000000,61.131387,0.000000,1.000000,2.727454,14.000000,242.477876,0.194818,1.000000,1.112314,2.000000,94.957983,0.556157,2.000000,1.185259,3.000000,79.598662,0.395086,3.000000,1.467197,0.000000,57.170172,0.000000,1.000000,2.000000,1.000000,12.000000,-1.000000,,,,55.575171,60.810811,76.013514,0.464726,0.417893,0.046833,20.822349,20.931811,18.097802,0.341377,1.438296,0.640370,0.024403,,0.000000,,40.319235,19.480519,14.153439,-0.060549,-0.041814,-0.018735,15.886015,13.092927,19.327045,-0.121495,-0.136977,0.178121,0.003770,0.966412,1.463415,12.000000,186.750789,53.097345,0.621341,1.735302
2026-02-23T07:00:00Z,1.087997,no_impulse,0,BAJFINANCE,15m,1.000000,166.431095,2.303291,14.000000,0.164521,0.514704,1.073824,2.833102,1.365040,12.000000,47.804054,0.113753,2.000000,46.873805,18.021201,43.714458,1.000000,0.251816,0.313192,-0.061375,23.780771,20.981370,26.045848,-0.303202,0.121360,1.698488,0.324399,0.017214,2.939424,13.000000,186.750789,0.226110,7.000000,70.198336,94.256757,93.359159,1.000000,0.350509,0.151535,0.198974,20.199121,33.048948,11.402190,1.175786,1.481303,2.922308,0.932339,0.027520,1.549592,6.000000,171.351351,0.258265,4.000000,29.559545,0.000000,22.342342,0.000000,-0.138730,-0.059572,-0.079158,12.245373,13.103744,31.119292,-0.957587,-0.982684,0.481668,-0.340383,0.011287,0.912589,5.000000,76.446281,0.182518,3.000000,47.483697,42.702703,45.951406,0.000000,-0.034366,-0.007091,-0.027275,12.078474,23.826922,21.977406,-0.082715,0.008343,1.591151,0.356098,0.005743,1.179682,15.000000,113.084112,0.078645,8.000000,40.196696,15.596330,23.796478,0.000000,-0.002414,0.041800,-0.044214,10.930392,16.705211,25.964132,-0.366803,-0.215015,1.453901,0.032762,0.007822,1.054187,10.000000,118.888889,0.105419,1.000000,61.963142,72.429907,82.089085,0.000000,0.200776,0.191082,0.009694,16.903501,26.727609,15.514635,0.285799,0.628500,2.462940,0.882520,0.007493,0.878906,6.000000,53.097345,0.146484,2.000000,51.586847,59.587021,78.072763,1.000000,0.234218,0.231788,0.002430,18.956039,19.995061,23.762111,-0.032246,0.301009,2.165125,0.480034,0.016145,1.683134,7.000000,110.064935,0.240448,1.000000,66.144361,86.627907,81.591624,1.000000,0.255191,0.162259,0.092932,18.007281,26.907021,12.831942,0.625020,0.905993,2.752383,0.854728,0.017731,1.506186,0.000000,98.089172,0.000000,1.000000,1.559474,14.000000,179.428571,0.111391,1.000000,0.861645,6.000000,76.086957,0.143607,2.000000,1.145418,4.000000,93.117409,0.286355,3.000000,1.215133,1.000000,94.636015,1.215133,2.000000,1.300708,5.000000,50.192308,0.260142,3.000000,2.525989,16.000000,185.053381,0.157874,4.000000,1.383896,5.000000,83.880597,0.276779,3.000000,1.623062,0.000000,61.131387,0.000000,1.000000,2.727454,14.000000,242.477876,0.194818,1.000000,1.112314,2.000000,94.957983,0.556157,2.000000,1.185259,3.000000,79.598662,0.395086,3.000000,1.000000,2.000000,26.000000,-1.000000,,,,63.381237,78.846154,85.621132,0.633941,0.525833,0.108107,23.288214,29.421414,13.124697,1.035781,2.250914,0.797762,0.035150,,0.000000,,40.319235,19.480519,14.153439,-0.060549,-0.041814,-0.018735,15.886015,13.092927,19.327045,-0.121495,-0.136977,0.178121,0.003770,1.574554,1.590909,26.000000,186.750789,47.804054,0.591427,1.860522
2026-02-24T03:45:00Z,1.056272,no_impulse,0,BAJFINANCE,15m,-1.000000,129.511677,2.915870,12.000000,0.242989,-1.640469,-1.483316,0.161566,2.303291,14.000000,166.431095,0.164521,1.000000,62.112333,64.768683,76.283790,0.000000,0.305922,0.317814,-0.011892,18.521524,27.909094,14.105778,0.514704,1.073824,2.833102,0.843331,0.015069,1.365040,12.000000,47.804054,0.113753,2.000000,46.873805,18.021201,43.714458,1.000000,0.251816,0.313192,-0.061375,23.780771,20.981370,26.045848,-0.303202,0.121360,1.698488,0.324399,0.017214,2.939424,13.000000,186.750789,0.226110,7.000000,70.198336,94.256757,93.359159,1.000000,0.350509,0.151535,0.198974,20.199121,33.048948,11.402190,1.175786,1.481303,2.922308,0.932339,0.027520,1.549592,6.000000,171.351351,0.258265,4.000000,29.559545,0.000000,22.342342,0.000000,-0.138730,-0.059572,-0.079158,12.245373,13.103744,31.119292,-0.957587,-0.982684,0.481668,-0.340383,0.011287,0.912589,5.000000,76.446281,0.182518,3.000000,47.483697,42.702703,45.951406,0.000000,-0.034366,-0.007091,-0.027275,12.078474,23.826922,21.977406,-0.082715,0.008343,1.591151,0.356098,0.005743,1.179682,15.000000,113.084112,0.078645,8.000000,40.196696,15.596330,23.796478,0.000000,-0.002414,0.041800,-0.044214,10.930392,16.705211,25.964132,-0.366803,-0.215015,1.453901,0.032762,0.007822,1.054187,10.000000,118.888889,0.105419,1.000000,61.963142,72.429907,82.089085,0.000000,0.200776,0.191082,0.009694,16.903501,26.727609,15.514635,0.285799,0.628500,2.462940,0.882520,0.007493,0.878906,6.000000,53.097345,0.146484,2.000000,51.586847,59.587021,78.072763,1.000000,0.234218,0.231788,0.002430,18.956039,19.995061,23.762111,-0.032246,0.301009,2.165125,0.480034,0.016145,1.683134,7.000000,110.064935,0.240448,1.000000,1.506186,0.000000,98.089172,0.000000,1.000000,1.559474,14.000000,179.428571,0.111391,1.000000,0.861645,6.000000,76.086957,0.143607,2.000000,1.145418,4.000000,93.117409,0.286355,3.000000,1.215133,1.000000,94.636015,1.215133,2.000000,1.300708,5.000000,50.192308,0.260142,3.000000,2.525989,16.000000,185.053381,0.157874,4.000000,1.383896,5.000000,83.880597,0.276779,3.000000,1.623062,0.000000,61.131387,0.000000,1.000000,2.727454,14.000000,242.477876,0.194818,1.000000,1.112314,2.000000,94.957983,0.556157,2.000000,8.000000,1.000000,38.000000,-1.000000,,,,42.897226,17.507003,45.001617,0.357394,0.505096,-0.147701,22.413590,20.712736,29.838044,-1.016220,0.029174,0.215780,0.035395,,0.000000,,40.319235,19.480519,14.153439,-0.060549,-0.041814,-0.018735,15.886015,13.092927,19.327045,-0.121495,-0.136977,0.178121,0.003770,1.896867,1.363636,,186.750789,47.804054,0.648913,1.814389
2026-02-24T03:45:00Z,1.070054,no_impulse,0,BAJFINANCE,15m,1.000000,43.442623,1.304776,0.000000,0.000000,-1.640469,-1.483316,0.161566,2.915870,12.000000,129.511677,0.242989,8.000000,25.444878,0.163934,3.617994,0.000000,-0.179463,0.033783,-0.213247,18.338663,16.485347,33.018887,-1.640469,-1.483316,0.161566,-0.247953,0.021579,2.303291,14.000000,166.431095,0.164521,1.000000,62.112333,64.768683,76.283790,0.000000,0.305922,0.317814,-0.011892,18.521524,27.909094,14.105778,0.514704,1.073824,2.833102,0.843331,0.015069,1.365040,12.000000,47.804054,0.113753,2.000000,46.873805,18.021201,43.714458,1.000000,0.251816,0.313192,-0.061375,23.780771,20.981370,26.045848,-0.303202,0.121360,1.698488,0.324399,0.017214,2.939424,13.000000,186.750789,0.226110,7.000000,70.198336,94.256757,93.359159,1.000000,0.350509,0.151535,0.198974,20.199121,33.048948,11.402190,1.175786,1.481303,2.922308,0.932339,0.027520,1.549592,6.000000,171.351351,0.258265,4.000000,29.559545,0.000000,22.342342,0.000000,-0.138730,-0.059572,-0.079158,12.245373,13.103744,31.119292,-0.957587,-0.982684,0.481668,-0.340383,0.011287,0.912589,5.000000,76.446281,0.182518,3.000000,47.483697,42.702703,45.951406,0.000000,-0.034366,-0.007091,-0.027275,12.078474,23.826922,21.977406,-0.082715,0.008343,1.591151,0.356098,0.005743,1.179682,15.000000,113.084112,0.078645,8.000000,40.196696,15.596330,23.796478,0.000000,-0.002414,0.041800,-0.044214,10.930392,16.705211,25.964132,-0.366803,-0.215015,1.453901,0.032762,0.007822,1.054187,10.000000,118.888889,0.105419,1.000000,61.963142,72.429907,82.089085,0.000000,0.200776,0.191082,0.009694,16.903501,26.727609,15.514635,0.285799,0.628500,2.462940,0.882520,0.007493,0.878906,6.000000,53.097345,0.146484,2.000000,1.683134,7.000000,110.064935,0.240448,1.000000,1.506186,0.000000,98.089172,0.000000,1.000000,1.559474,14.000000,179.428571,0.111391,1.000000,0.861645,6.000000,76.086957,0.143607,2.000000,1.145418,4.000000,93.117409,0.286355,3.000000,1.215133,1.000000,94.636015,1.215133,2.000000,1.300708,5.000000,50.192308,0.260142,3.000000,2.525989,16.000000,185.053381,0.157874,4.000000,1.383896,5.000000,83.880597,0.276779,3.000000,1.623062,0.000000,61.131387,0.000000,1.000000,2.727454,14.000000,242.477876,0.194818,1.000000,8.000000,2.000000,0.000000,-1.000000,,,,42.897226,17.507003,45.001617,0.357394,0.505096,-0.147701,22.413590,20.712736,29.838044,-1.016220,0.029174,0.215780,0.035395,,0.000000,,40.319235,19.480519,14.153439,-0.060549,-0.041814,-0.018735,15.886015,13.092927,19.327045,-0.121495,-0.136977,0.178121,0.003770,0.777499,0.000000,,186.750789,47.804054,0.781084,1.218934
2026-02-24T04:30:00Z,1.053672,no_impulse,0,BAJFINANCE,15m,-1.000000,118.867925,1.530984,3.000000,0.510328,-1.108217,-1.211865,0.256181,1.304776,0.000000,43.442623,0.000000,8.000000,25.444878,0.163934,3.617994,0.000000,-0.179463,0.033783,-0.213247,18.338663,16.485347,33.018887,-1.640469,-1.483316,0.161566,-0.247953,0.021579,2.915870,12.000000,129.511677,0.242989,8.000000,25.444878,0.163934,3.617994,0.000000,-0.179463,0.033783,-0.213247,18.338663,16.485347,33.018887,-1.640469,-1.483316,0.161566,-0.247953,0.021579,2.303291,14.000000,166.431095,0.164521,1.000000,62.112333,64.768683,76.283790,0.000000,0.305922,0.317814,-0.011892,18.521524,27.909094,14.105778,0.514704,1.073824,2.833102,0.843331,0.015069,1.365040,12.000000,47.804054,0.113753,2.000000,46.873805,18.021201,43.714458,1.000000,0.251816,0.313192,-0.061375,23.780771,20.981370,26.045848,-0.303202,0.121360,1.698488,0.324399,0.017214,2.939424,13.000000,186.750789,0.226110,7.000000,70.198336,94.256757,93.359159,1.000000,0.350509,0.151535,0.198974,20.199121,33.048948,11.402190,1.175786,1.481303,2.922308,0.932339,0.027520,1.549592,6.000000,171.351351,0.258265,4.000000,29.559545,0.000000,22.342342,0.000000,-0.138730,-0.059572,-0.079158,12.245373,13.103744,31.119292,-0.957587,-0.982684,0.481668,-0.340383,0.011287,0.912589,5.000000,76.446281,0.182518,3.000000,47.483697,42.702703,45.951406,0.000000,-0.034366,-0.007091,-0.027275,12.078474,23.826922,21.977406,-0.082715,0.008343,1.591151,0.356098,0.005743,1.179682,15.000000,113.084112,0.078645,8.000000,40.196696,15.596330,23.796478,0.000000,-0.002414,0.041800,-0.044214,10.930392,16.705211,25.964132,-0.366803,-0.215015,1.453901,0.032762,0.007822,1.054187,10.000000,118.888889,0.105419,1.000000,0.878906,6.000000,53.097345,0.146484,2.000000,1.683134,7.000000,110.064935,0.240448,1.000000,1.506186,0.000000,98.089172,0.000000,1.000000,1.559474,14.000000,179.428571,0.111391,1.000000,0.861645,6.000000,76.086957,0.143607,2.000000,1.145418,4.000000,93.117409,0.286355,3.000000,1.215133,1.000000,94.636015,1.215133,2.000000,1.300708,5.000000,50.192308,0.260142,3.000000,2.525989,16.000000,185.053381,0.157874,4.000000,1.383896,5.000000,83.880597,0.276779,3.000000,1.623062,0.000000,61.131387,0.000000,1.000000,4.000000,3.000000,3.000000,-1.000000,,,,49.014004,36.834734,37.621742,0.287918,0.458936,-0.171018,22.102031,19.101242,27.516582,-0.303257,0.675592,0.413599,0.034993,,0.000000,,40.319235,19.480519,14.153439,-0.060549,-0.041814,-0.018735,15.886015,13.092927,19.327045,-0.121495,-0.136977,0.178121,0.003770,0.933336,0.322581,,186.750789,43.442623,0.789931,1.114430
2026-02-24T06:00:00Z,1.067194,no_impulse,0,BAJFINANCE,15m,1.000000,82.539683,1.283317,6.000000,0.213886,-0.243645,-0.463455,0.799221,1.530984,3.000000,118.867925,0.510328,4.000000,31.453392,21.114865,15.090650,1.000000,-0.421533,-0.166461,-0.255072,22.661379,13.839834,30.885873,-1.108217,-1.211865,0.256181,0.178590,0.034102,1.304776,0.000000,43.442623,0.000000,8.000000,25.444878,0.163934,3.617994,0.000000,-0.179463,0.033783,-0.213247,18.338663,16.485347,33.018887,-1.640469,-1.483316,0.161566,-0.247953,0.021579,2.915870,12.000000,129.511677,0.242989,8.000000,25.444878,0.163934,3.617994,0.000000,-0.179463,0.033783,-0.213247,18.338663,16.485347,33.018887,-1.640469,-1.483316,0.161566,-0.247953,0.021579,2.303291,14.000000,166.431095,0.164521,1.000000,62.112333,64.768683,76.283790,0.000000,0.305922,0.317814,-0.011892,18.521524,27.909094,14.105778,0.514704,1.073824,2.833102,0.843331,0.015069,1.365040,12.000000,47.804054,0.113753,2.000000,46.873805,18.021201,43.714458,1.000000,0.251816,0.313192,-0.061375,23.780771,20.981370,26.045848,-0.303202,0.121360,1.698488,0.324399,0.017214,2.939424,13.000000,186.750789,0.226110,7.000000,70.198336,94.256757,93.359159,1.000000,0.350509,0.151535,0.198974,20.199121,33.048948,11.402190,1.175786,1.481303,2.922308,0.932339,0.027520,1.549592,6.000000,171.351351,0.258265,4.000000,29.559545,0.000000,22.342342,0.000000,-0.138730,-0.059572,-0.079158,12.245373,13.103744,31.119292,-0.957587,-0.982684,0.481668,-0.340383,0.011287,0.912589,5.000000,76.446281,0.182518,3.000000,47.483697,42.702703,45.951406,0.000000,-0.034366,-0.007091,-0.027275,12.078474,23.826922,21.977406,-0.082715,0.008343,1.591151,0.356098,0.005743,1.179682,15.000000,113.084112,0.078645,8.000000,1.054187,10.000000,118.888889,0.105419,1.000000,0.878906,6.000000,53.097345,0.146484,2.000000,1.683134,7.000000,110.064935,0.240448,1.000000,1.506186,0.000000,98.089172,0.000000,1.000000,1.559474,14.000000,179.428571,0.111391,1.000000,0.861645,6.000000,76.086957,0.143607,2.000000,1.145418,4.000000,93.117409,0.286355,3.000000,1.215133,1.000000,94.636015,1.215133,2.000000,1.300708,5.000000,50.192308,0.260142,3.000000,2.525989,16.000000,185.053381,0.157874,4.000000,1.383896,5.000000,83.880597,0.276779,3.000000,3.000000,4.000000,9.000000,-1.000000,,,,47.047574,29.831933,28.057890,0.213126,0.410673,-0.197547,21.578837,19.407363,26.137696,-0.496596,0.415421,0.357329,0.034635,,0.000000,,40.319235,19.480519,14.153439,-0.060549,-0.041814,-0.018735,15.886015,13.092927,19.327045,-0.121495,-0.136977,0.178121,0.003770,0.752439,0.666667,,186.750789,43.442623,0.745771,0.870436
2026-02-24T08:00:00Z,1.057832,no_impulse,0,BAJFINANCE,15m,-1.000000,69.230769,0.877193,8.000000,0.109649,-0.395231,-0.707580,0.315411,1.283317,6.000000,82.539683,0.213886,3.000000,44.248512,49.000000,53.722997,1.000000,-0.322374,-0.323142,0.000768,20.891628,20.916430,23.387373,-0.243645,-0.463455,0.799221,0.424175,0.032054,1.530984,3.000000,118.867925,0.510328,4.000000,31.453392,21.114865,15.090650,1.000000,-0.421533,-0.166461,-0.255072,22.661379,13.839834,30.885873,-1.108217,-1.211865,0.256181,0.178590,0.034102,1.304776,0.000000,43.442623,0.000000,8.000000,25.444878,0.163934,3.617994,0.000000,-0.179463,0.033783,-0.213247,18.338663,16.485347,33.018887,-1.640469,-1.483316,0.161566,-0.247953,0.021579,2.915870,12.000000,129.511677,0.242989,8.000000,25.444878,0.163934,3.617994,0.000000,-0.179463,0.033783,-0.213247,18.338663,16.485347,33.018887,-1.640469,-1.483316,0.161566,-0.247953,0.021579,2.303291,14.000000,166.431095,0.164521,1.000000,62.112333,64.768683,76.283790,0.000000,0.305922,0.317814,-0.011892,18.521524,27.909094,14.105778,0.514704,1.073824,2.833102,0.843331,0.015069,1.365040,12.000000,47.804054,0.113753,2.000000,46.873805,18.021201,43.714458,1.000000,0.251816,0.313192,-0.061375,23.780771,20.981370,26.045848,-0.303202,0.121360,1.698488,0.324399,0.017214,2.939424,13.000000,186.750789,0.226110,7.000000,70.198336,94.256757,93.359159,1.000000,0.350509,0.151535,0.198974,20.199121,33.048948,11.402190,1.175786,1.481303,2.922308,0.932339,0.027520,1.549592,6.000000,171.351351,0.258265,4.000000,29.559545,0.000000,22.342342,0.000000,-0.138730,-0.059572,-0.079158,12.245373,13.103744,31.119292,-0.957587,-0.982684,0.481668,-0.340383,0.011287,0.912589,5.000000,76.446281,0.182518,3.000000,1.179682,15.000000,113.084112,0.078645,8.000000,1.054187,10.000000,118.888889,0.105419,1.000000,0.878906,6.000000,53.097345,0.146484,2.000000,1.683134,7.000000,110.064935,0.240448,1.000000,1.506186,0.000000,98.089172,0.000000,1.000000,1.559474,14.000000,179.428571,0.111391,1.000000,0.861645,6.000000,76.086957,0.143607,2.000000,1.145418,4.000000,93.117409,0.286355,3.000000,1.215133,1.000000,94.636015,1.215133,2.000000,1.300708,5.000000,50.192308,0.260142,3.000000,2.525989,16.000000,185.053381,0.157874,4.000000,2.000000,1.000000,17.000000,-1.000000,,,,48.297966,33.193277,30.252101,0.106302,0.307065,-0.200763,21.062886,18.730227,26.204373,-0.293492,0.498588,0.412357,0.033389,,0.000000,,40.319235,19.480519,14.153439,-0.060549,-0.041814,-0.018735,15.886015,13.092927,19.327045,-0.121495,-0.136977,0.178121,0.003770,0.507501,0.930233,,186.750789,43.442623,0.726815,0.625600
2026-02-25T03:45:00Z,1.069274,no_impulse,0,BAJFINANCE,15m,1.000000,122.222222,1.081613,8.000000,0.135202,-0.098861,-0.312355,0.575383,0.877193,8.000000,69.230769,0.109649,2.000000,39.311153,26.940639,47.819834,0.000000,-0.275224,-0.293826,0.018603,19.945401,16.505149,28.355840,-0.395231,-0.707580,0.315411,0.268672,0.017018,1.283317,6.000000,82.539683,0.213886,3.000000,44.248512,49.000000,53.722997,1.000000,-0.322374,-0.323142,0.000768,20.891628,20.916430,23.387373,-0.243645,-0.463455,0.799221,0.424175,0.032054,1.530984,3.000000,118.867925,0.510328,4.000000,31.453392,21.114865,15.090650,1.000000,-0.421533,-0.166461,-0.255072,22.661379,13.839834,30.885873,-1.108217,-1.211865,0.256181,0.178590,0.034102,1.304776,0.000000,43.442623,0.000000,8.000000,25.444878,0.163934,3.617994,0.000000,-0.179463,0.033783,-0.213247,18.338663,16.485347,33.018887,-1.640469,-1.483316,0.161566,-0.247953,0.021579,2.915870,12.000000,129.511677,0.242989,8.000000,25.444878,0.163934,3.617994,0.000000,-0.179463,0.033783,-0.213247,18.338663,16.485347,33.018887,-1.640469,-1.483316,0.161566,-0.247953,0.021579,2.303291,14.000000,166.431095,0.164521,1.000000,62.112333,64.768683,76.283790,0.000000,0.305922,0.317814,-0.011892,18.521524,27.909094,14.105778,0.514704,1.073824,2.833102,0.843331,0.015069,1.365040,12.000000,47.804054,0.113753,2.000000,46.873805,18.021201,43.714458,1.000000,0.251816,0.313192,-0.061375,23.780771,20.981370,26.045848,-0.303202,0.121360,1.698488,0.324399,0.017214,2.939424,13.000000,186.750789,0.226110,7.000000,70.198336,94.256757,93.359159,1.000000,0.350509,0.151535,0.198974,20.199121,33.048948,11.402190,1.175786,1.481303,2.922308,0.932339,0.027520,1.549592,6.000000,171.351351,0.258265,4.000000,0.912589,5.000000,76.446281,0.182518,3.000000,1.179682,15.000000,113.084112,0.078645,8.000000,1.054187,10.000000,118.888889,0.105419,1.000000,0.878906,6.000000,53.097345,0.146484,2.000000,1.683134,7.000000,110.064935,0.240448,1.000000,1.506186,0.000000,98.089172,0.000000,1.000000,1.559474,14.000000,179.428571,0.111391,1.000000,0.861645,6.000000,76.086957,0.143607,2.000000,1.145418,4.000000,93.117409,0.286355,3.000000,1.215133,1.000000,94.636015,1.215133,2.000000,1.300708,5.000000,50.192308,0.260142,3.000000,1.000000,2.000000,25.000000,-1.000000,,,,53.019355,46.498599,40.289449,0.079361,0.194170,-0.114809,19.357464,18.183784,26.033328,0.179424,0.874332,0.570687,0.025429,,0.000000,,40.319235,19.480519,14.153439,-0.060549,-0.041814,-0.018735,15.886015,13.092927,19.327045,-0.121495,-0.136977,0.178121,0.003770,0.636914,1.012658,,186.750789,43.442623,0.757825,0.565838
2026-02-25T04:15:00Z,1.058664,no_impulse,0,BAJFINANCE,15m,-1.000000,92.727273,0.992218,2.000000,0.496109,-0.008782,-0.229011,0.615344,1.081613,8.000000,122.222222,0.135202,1.000000,45.941045,38.636364,64.447415,0.000000,-0.088641,-0.157405,0.068764,15.239927,24.055571,17.730495,-0.098861,-0.312355,0.575383,0.376069,0.007969,0.877193,8.000000,69.230769,0.109649,2.000000,39.311153,26.940639,47.819834,0.000000,-0.275224,-0.293826,0.018603,19.945401,16.505149,28.355840,-0.395231,-0.707580,0.315411,0.268672,0.017018,1.283317,6.000000,82.539683,0.213886,3.000000,44.248512,49.000000,53.722997,1.000000,-0.322374,-0.323142,0.000768,20.891628,20.916430,23.387373,-0.243645,-0.463455,0.799221,0.424175,0.032054,1.530984,3.000000,118.867925,0.510328,4.000000,31.453392,21.114865,15.090650,1.000000,-0.421533,-0.166461,-0.255072,22.661379,13.839834,30.885873,-1.108217,-1.211865,0.256181,0.178590,0.034102,1.304776,0.000000,43.442623,0.000000,8.000000,25.444878,0.163934,3.617994,0.000000,-0.179463,0.033783,-0.213247,18.338663,16.485347,33.018887,-1.640469,-1.483316,0.161566,-0.247953,0.021579,2.915870,12.000000,129.511677,0.242989,8.000000,25.444878,0.163934,3.617994,0.000000,-0.179463,0.033783,-0.213247,18.338663,16.485347,33.018887,-1.640469,-1.483316,0.161566,-0.247953,0.021579,2.303291,14.000000,166.431095,0.164521,1.000000,62.112333,64.768683,76.283790,0.000000,0.305922,0.317814,-0.011892,18.521524,27.909094,14.105778,0.514704,1.073824,2.833102,0.843331,0.015069,1.365040,12.000000,47.804054,0.113753,2.000000,46.873805,18.021201,43.714458,1.000000,0.251816,0.313192,-0.061375,23.780771,20.981370,26.045848,-0.303202,0.121360,1.698488,0.324399,0.017214,2.939424,13.000000,186.750789,0.226110,7.000000,1.549592,6.000000,171.351351,0.258265,4.000000,0.912589,5.000000,76.446281,0.182518,3.000000,1.179682,15.000000,113.084112,0.078645,8.000000,1.054187,10.000000,118.888889,0.105419,1.000000,0.878906,6.000000,53.097345,0.146484,2.000000,1.683134,7.000000,110.064935,0.240448,1.000000,1.506186,0.000000,98.089172,0.000000,1.000000,1.559474,14.000000,179.428571,0.111391,1.000000,0.861645,6.000000,76.086957,0.143607,2.000000,1.145418,4.000000,93.117409,0.286355,3.000000,1.215133,1.000000,94.636015,1.215133,2.000000,2.000000,3.000000,27.000000,-1.000000,,,,54.155560,49.719888,44.397759,0.096373,0.174437,-0.078064,18.241513,22.538422,24.286952,0.263363,0.946580,0.605539,0.025020,,0.000000,,40.319235,19.480519,14.153439,-0.060549,-0.041814,-0.018735,15.886015,13.092927,19.327045,-0.121495,-0.136977,0.178121,0.003770,0.578516,0.243902,,186.750789,43.442623,0.740031,0.563688
2026-02-25T04:45:00Z,1.075515,no_impulse,0,BAJFINANCE,15m,1.000000,158.823529,1.591668,2.000000,0.795834,0.961268,0.846127,1.698164,0.992218,2.000000,92.727273,0.496109,2.000000,48.426351,43.181818,30.151515,1.000000,-0.101223,-0.139020,0.037797,15.009259,22.523814,16.438271,-0.008782,-0.229011,0.615344,0.488836,0.007866,1.081613,8.000000,122.222222,0.135202,1.000000,45.941045,38.636364,64.447415,0.000000,-0.088641,-0.157405,0.068764,15.239927,24.055571,17.730495,-0.098861,-0.312355,0.575383,0.376069,0.007969,0.877193,8.000000,69.230769,0.109649,2.000000,39.311153,26.940639,47.819834,0.000000,-0.275224,-0.293826,0.018603,19.945401,16.505149,28.355840,-0.395231,-0.707580,0.315411,0.268672,0.017018,1.283317,6.000000,82.539683,0.213886,3.000000,44.248512,49.000000,53.722997,1.000000,-0.322374,-0.323142,0.000768,20.891628,20.916430,23.387373,-0.243645,-0.463455,0.799221,0.424175,0.032054,1.530984,3.000000,118.867925,0.510328,4.000000,31.453392,21.114865,15.090650,1.000000,-0.421533,-0.166461,-0.255072,22.661379,13.839834,30.885873,-1.108217,-1.211865,0.256181,0.178590,0.034102,1.304776,0.000000,43.442623,0.000000,8.000000,25.444878,0.163934,3.617994,0.000000,-0.179463,0.033783,-0.213247,18.338663,16.485347,33.018887,-1.640469,-1.483316,0.161566,-0.247953,0.021579,2.915870,12.000000,129.511677,0.242989,8.000000,25.444878,0.163934,3.617994,0.000000,-0.179463,0.033783,-0.213247,18.338663,16.485347,33.018887,-1.640469,-1.483316,0.161566,-0.247953,0.021579,2.303291,14.000000,166.431095,0.164521,1.000000,62.112333,64.768683,76.283790,0.000000,0.305922,0.317814,-0.011892,18.521524,27.909094,14.105778,0.514704,1.073824,2.833102,0.843331,0.015069,1.365040,12.000000,47.804054,0.113753,2.000000,2.939424,13.000000,186.750789,0.226110,7.000000,1.549592,6.000000,171.351351,0.258265,4.000000,0.912589,5.000000,76.446281,0.182518,3.000000,1.179682,15.000000,113.084112,0.078645,8.000000,1.054187,10.000000,118.888889,0.105419,1.000000,0.878906,6.000000,53.097345,0.146484,2.000000,1.683134,7.000000,110.064935,0.240448,1.000000,1.506186,0.000000,98.089172,0.000000,1.000000,1.559474,14.000000,179.428571,0.111391,1.000000,0.861645,6.000000,76.086957,0.143607,2.000000,1.145418,4.000000,93.117409,0.286355,3.000000,1.000000,4.000000,29.000000,-1.000000,,,,54.155560,49.719888,44.397759,0.096373,0.174437,-0.078064,18.241513,22.538422,24.286952,0.263363,0.946580,0.605539,0.025020,,0.000000,,40.319235,19.480519,14.153439,-0.060549,-0.041814,-0.018735,15.886015,13.092927,19.327045,-0.121495,-0.136977,0.178121,0.003770,0.959199,0.256410,,186.750789,43.442623,0.774089,0.716428
2026-02-25T07:30:00Z,1.054088,no_impulse,0,BAJFINANCE,15m,-1.000000,127.160494,1.992263,11.000000,0.181115,-0.755417,-0.906339,-0.173092,1.591668,2.000000,158.823529,0.795834,1.000000,65.584657,95.882353,76.084453,0.000000,0.039150,-0.088155,0.127305,18.758794,35.994399,12.492165,0.961268,0.846127,1.698164,1.232143,0.013257,0.992218,2.000000,92.727273,0.496109,2.000000,48.426351,43.181818,30.151515,1.000000,-0.101223,-0.139020,0.037797,15.009259,22.523814,16.438271,-0.008782,-0.229011,0.615344,0.488836,0.007866,1.081613,8.000000,122.222222,0.135202,1.000000,45.941045,38.636364,64.447415,0.000000,-0.088641,-0.157405,0.068764,15.239927,24.055571,17.730495,-0.098861,-0.312355,0.575383,0.376069,0.007969,0.877193,8.000000,69.230769,0.109649,2.000000,39.311153,26.940639,47.819834,0.000000,-0.275224,-0.293826,0.018603,19.945401,16.505149,28.355840,-0.395231,-0.707580,0.315411,0.268672,0.017018,1.283317,6.000000,82.539683,0.213886,3.000000,44.248512,49.000000,53.722997,1.000000,-0.322374,-0.323142,0.000768,20.891628,20.916430,23.387373,-0.243645,-0.463455,0.799221,0.424175,0.032054,1.530984,3.000000,118.867925,0.510328,4.000000,31.453392,21.114865,15.090650,1.000000,-0.421533,-0.166461,-0.255072,22.661379,13.839834,30.885873,-1.108217,-1.211865,0.256181,0.178590,0.034102,1.304776,0.000000,43.442623,0.000000,8.000000,25.444878,0.163934,3.617994,0.000000,-0.179463,0.033783,-0.213247,18.338663,16.485347,33.018887,-1.640469,-1.483316,0.161566,-0.247953,0.021579,2.915870,12.000000,129.511677,0.242989,8.000000,25.444878,0.163934,3.617994,0.000000,-0.179463,0.033783,-0.213247,18.338663,16.485347,33.018887,-1.640469,-1.483316,0.161566,-0.247953,0.021579,2.303291,14.000000,166.431095,0.164521,1.000000,1.365040,12.000000,47.804054,0.113753,2.000000,2.939424,13.000000,186.750789,0.226110,7.000000,1.549592,6.000000,171.351351,0.258265,4.000000,0.912589,5.000000,76.446281,0.182518,3.000000,1.179682,15.000000,113.084112,0.078645,8.000000,1.054187,10.000000,118.888889,0.105419,1.000000,0.878906,6.000000,53.097345,0.146484,2.000000,1.683134,7.000000,110.064935,0.240448,1.000000,1.506186,0.000000,98.089172,0.000000,1.000000,1.559474,14.000000,179.428571,0.111391,1.000000,0.861645,6.000000,76.086957,0.143607,2.000000,8.000000,1.000000,40.000000,-1.000000,,,,42.175651,21.600000,25.246092,-0.071220,0.084936,-0.156155,18.865425,18.372434,31.760646,-0.760724,-0.255619,0.238034,0.028820,,0.000000,,40.319235,19.480519,14.153439,-0.060549,-0.041814,-0.018735,15.886015,13.092927,19.327045,-0.121495,-0.136977,0.178121,0.003770,1.306747,1.641791,,166.431095,43.442623,0.630461,0.992958
2026-02-26T05:45:00Z,1.072602,no_impulse,0,BAJFINANCE,15m,1.000000,86.407767,1.756463,18.000000,0.097581,0.653443,0.583612,1.073008,1.992263,11.000000,127.160494,0.181115,8.000000,34.665197,6.796117,5.001210,0.000000,-0.140975,-0.012995,-0.127980,22.133108,19.092436,31.535308,-0.755417,-0.906339,-0.173092,0.097241,0.018615,1.591668,2.000000,158.823529,0.795834,1.000000,65.584657,95.882353,76.084453,0.000000,0.039150,-0.088155,0.127305,18.758794,35.994399,12.492165,0.961268,0.846127,1.698164,1.232143,0.013257,0.992218,2.000000,92.727273,0.496109,2.000000,48.426351,43.181818,30.151515,1.000000,-0.101223,-0.139020,0.037797,15.009259,22.523814,16.438271,-0.008782,-0.229011,0.615344,0.488836,0.007866,1.081613,8.000000,122.222222,0.135202,1.000000,45.941045,38.636364,64.447415,0.000000,-0.088641,-0.157405,0.068764,15.239927,24.055571,17.730495,-0.098861,-0.312355,0.575383,0.376069,0.007969,0.877193,8.000000,69.230769,0.109649,2.000000,39.311153,26.940639,47.819834,0.000000,-0.275224,-0.293826,0.018603,19.945401,16.505149,28.355840,-0.395231,-0.707580,0.315411,0.268672,0.017018,1.283317,6.000000,82.539683,0.213886,3.000000,44.248512,49.000000,53.722997,1.000000,-0.322374,-0.323142,0.000768,20.891628,20.916430,23.387373,-0.243645,-0.463455,0.799221,0.424175,0.032054,1.530984,3.000000,118.867925,0.510328,4.000000,31.453392,21.114865,15.090650,1.000000,-0.421533,-0.166461,-0.255072,22.661379,13.839834,30.885873,-1.108217,-1.211865,0.256181,0.178590,0.034102,1.304776,0.000000,43.442623,0.000000,8.000000,25.444878,0.163934,3.617994,0.000000,-0.179463,0.033783,-0.213247,18.338663,16.485347,33.018887,-1.640469,-1.483316,0.161566,-0.247953,0.021579,2.915870,12.000000,129.511677,0.242989,8.000000,2.303291,14.000000,166.431095,0.164521,1.000000,1.365040,12.000000,47.804054,0.113753,2.000000,2.939424,13.000000,186.750789,0.226110,7.000000,1.549592,6.000000,171.351351,0.258265,4.000000,0.912589,5.000000,76.446281,0.182518,3.000000,1.179682,15.000000,113.084112,0.078645,8.000000,1.054187,10.000000,118.888889,0.105419,1.000000,0.878906,6.000000,53.097345,0.146484,2.000000,1.683134,7.000000,110.064935,0.240448,1.000000,1.506186,0.000000,98.089172,0.000000,1.000000,1.559474,14.000000,179.428571,0.111391,1.000000,3.000000,2.000000,18.000000,-1.000000,,,,50.812383,49.514563,47.330097,-0.041326,-0.011921,-0.029405,17.815279,21.792775,23.804732,0.050785,0.444112,0.528783,0.017653,,0.000000,,40.319235,19.480519,14.153439,-0.060549,-0.041814,-0.018735,15.886015,13.092927,19.327045,-0.121495,-0.136977,0.178121,0.003770,1.106560,2.727273,,166.431095,43.442623,0.643881,1.411467
2026-02-26T07:45:00Z,1.046443,no_impulse,0,BAJFINANCE,15m,-1.000000,141.292135,2.438906,8.000000,0.304863,-1.069515,-1.259287,-0.883726,1.756463,18.000000,86.407767,0.097581,3.000000,60.203725,81.458967,81.583797,1.000000,0.058528,-0.034321,0.092849,13.084139,26.602242,16.240237,0.653443,0.583612,1.073008,0.959325,0.014320,1.992263,11.000000,127.160494,0.181115,8.000000,34.665197,6.796117,5.001210,0.000000,-0.140975,-0.012995,-0.127980,22.133108,19.092436,31.535308,-0.755417,-0.906339,-0.173092,0.097241,0.018615,1.591668,2.000000,158.823529,0.795834,1.000000,65.584657,95.882353,76.084453,0.000000,0.039150,-0.088155,0.127305,18.758794,35.994399,12.492165,0.961268,0.846127,1.698164,1.232143,0.013257,0.992218,2.000000,92.727273,0.496109,2.000000,48.426351,43.181818,30.151515,1.000000,-0.101223,-0.139020,0.037797,15.009259,22.523814,16.438271,-0.008782,-0.229011,0.615344,0.488836,0.007866,1.081613,8.000000,122.222222,0.135202,1.000000,45.941045,38.636364,64.447415,0.000000,-0.088641,-0.157405,0.068764,15.239927,24.055571,17.730495,-0.098861,-0.312355,0.575383,0.376069,0.007969,0.877193,8.000000,69.230769,0.109649,2.000000,39.311153,26.940639,47.819834,0.000000,-0.275224,-0.293826,0.018603,19.945401,16.505149,28.355840,-0.395231,-0.707580,0.315411,0.268672,0.017018,1.283317,6.000000,82.539683,0.213886,3.000000,44.248512,49.000000,53.722997,1.000000,-0.322374,-0.323142,0.000768,20.891628,20.916430,23.387373,-0.243645,-0.463455,0.799221,0.424175,0.032054,1.530984,3.000000,118.867925,0.510328,4.000000,31.453392,21.114865,15.090650,1.000000,-0.421533,-0.166461,-0.255072,22.661379,13.839834,30.885873,-1.108217,-1.211865,0.256181,0.178590,0.034102,1.304776,0.000000,43.442623,0.000000,8.000000,2.915870,12.000000,129.511677,0.242989,8.000000,2.303291,14.000000,166.431095,0.164521,1.000000,1.365040,12.000000,47.804054,0.113753,2.000000,2.939424,13.000000,186.750789,0.226110,7.000000,1.549592,6.000000,171.351351,0.258265,4.000000,0.912589,5.000000,76.446281,0.182518,3.000000,1.179682,15.000000,113.084112,0.078645,8.000000,1.054187,10.000000,118.888889,0.105419,1.000000,0.878906,6.000000,53.097345,0.146484,2.000000,1.683134,7.000000,110.064935,0.240448,1.000000,1.506186,0.000000,98.089172,0.000000,1.000000,4.000000,3.000000,26.000000,-1.000000,,,,38.053956,13.595707,22.302579,-0.205658,-0.069434,-0.136224,18.539566,18.119744,30.894764,-1.083969,-0.846383,-0.031591,0.020172,,0.000000,,40.319235,19.480519,14.153439,-0.060549,-0.041814,-0.018735,15.886015,13.092927,19.327045,-0.121495,-0.136977,0.178121,0.003770,1.591314,1.142857,,158.823529,43.442623,0.597898,1.809675
2026-02-26T09:45:00Z,1.057520,no_impulse,0,BAJFINANCE,15m,1.000000,42.345924,1.058595,8.000000,0.132324,-0.112976,-0.431764,-0.261299,2.438906,8.000000,141.292135,0.304863,4.000000,33.985263,8.946322,9.491880,0.000000,-0.176992,-0.037112,-0.139880,16.318804,13.645402,35.045926,-1.069515,-1.259287,-0.883726,-0.091449,0.017892,1.756463,18.000000,86.407767,0.097581,3.000000,60.203725,81.458967,81.583797,1.000000,0.058528,-0.034321,0.092849,13.084139,26.602242,16.240237,0.653443,0.583612,1.073008,0.959325,0.014320,1.992263,11.000000,127.160494,0.181115,8.000000,34.665197,6.796117,5.001210,0.000000,-0.140975,-0.012995,-0.127980,22.133108,19.092436,31.535308,-0.755417,-0.906339,-0.173092,0.097241,0.018615,1.591668,2.000000,158.823529,0.795834,1.000000,65.584657,95.882353,76.084453,0.000000,0.039150,-0.088155,0.127305,18.758794,35.994399,12.492165,0.961268,0.846127,1.698164,1.232143,0.013257,0.992218,2.000000,92.727273,0.496109,2.000000,48.426351,43.181818,30.151515,1.000000,-0.101223,-0.139020,0.037797,15.009259,22.523814,16.438271,-0.008782,-0.229011,0.615344,0.488836,0.007866,1.081613,8.000000,122.222222,0.135202,1.000000,45.941045,38.636364,64.447415,0.000000,-0.088641,-0.157405,0.068764,15.239927,24.055571,17.730495,-0.098861,-0.312355,0.575383,0.376069,0.007969,0.877193,8.000000,69.230769,0.109649,2.000000,39.311153,26.940639,47.819834,0.000000,-0.275224,-0.293826,0.018603,19.945401,16.505149,28.355840,-0.395231,-0.707580,0.315411,0.268672,0.017018,1.283317,6.000000,82.539683,0.213886,3.000000,44.248512,49.000000,53.722997,1.000000,-0.322374,-0.323142,0.000768,20.891628,20.916430,23.387373,-0.243645,-0.463455,0.799221,0.424175,0.032054,1.530984,3.000000,118.867925,0.510328,4.000000,1.304776,0.000000,43.442623,0.000000,8.000000,2.915870,12.000000,129.511677,0.242989,8.000000,2.303291,14.000000,166.431095,0.164521,1.000000,1.365040,12.000000,47.804054,0.113753,2.000000,2.939424,13.000000,186.750789,0.226110,7.000000,1.549592,6.000000,171.351351,0.258265,4.000000,0.912589,5.000000,76.446281,0.182518,3.000000,1.179682,15.000000,113.084112,0.078645,8.000000,1.054187,10.000000,118.888889,0.105419,1.000000,0.878906,6.000000,53.097345,0.146484,2.000000,1.683134,7.000000,110.064935,0.240448,1.000000,3.000000,4.000000,34.000000,-1.000000,,,,43.323290,28.980322,21.943948,-0.254687,-0.133805,-0.120882,18.250572,20.207093,27.471475,-0.522890,-0.380647,0.241097,0.020091,,0.000000,,40.319235,19.480519,14.153439,-0.060549,-0.041814,-0.018735,15.886015,13.092927,19.327045,-0.121495,-0.136977,0.178121,0.003770,0.712888,1.212121,,158.823529,43.442623,0.483342,1.688074
2026-02-27T07:30:00Z,1.041190,no_impulse,0,BAJFINANCE,15m,-1.000000,147.417840,1.544212,16.000000,0.096513,-0.695951,-1.145297,-1.332102,1.058595,8.000000,42.345924,0.132324,3.000000,46.515487,42.857143,37.236351,1.000000,-0.227248,-0.219646,-0.007602,21.889211,19.348459,23.325733,-0.112976,-0.431764,-0.261299,0.453583,0.024312,2.438906,8.000000,141.292135,0.304863,4.000000,33.985263,8.946322,9.491880,0.000000,-0.176992,-0.037112,-0.139880,16.318804,13.645402,35.045926,-1.069515,-1.259287,-0.883726,-0.091449,0.017892,1.756463,18.000000,86.407767,0.097581,3.000000,60.203725,81.458967,81.583797,1.000000,0.058528,-0.034321,0.092849,13.084139,26.602242,16.240237,0.653443,0.583612,1.073008,0.959325,0.014320,1.992263,11.000000,127.160494,0.181115,8.000000,34.665197,6.796117,5.001210,0.000000,-0.140975,-0.012995,-0.127980,22.133108,19.092436,31.535308,-0.755417,-0.906339,-0.173092,0.097241,0.018615,1.591668,2.000000,158.823529,0.795834,1.000000,65.584657,95.882353,76.084453,0.000000,0.039150,-0.088155,0.127305,18.758794,35.994399,12.492165,0.961268,0.846127,1.698164,1.232143,0.013257,0.992218,2.000000,92.727273,0.496109,2.000000,48.426351,43.181818,30.151515,1.000000,-0.101223,-0.139020,0.037797,15.009259,22.523814,16.438271,-0.008782,-0.229011,0.615344,0.488836,0.007866,1.081613,8.000000,122.222222,0.135202,1.000000,45.941045,38.636364,64.447415,0.000000,-0.088641,-0.157405,0.068764,15.239927,24.055571,17.730495,-0.098861,-0.312355,0.575383,0.376069,0.007969,0.877193,8.000000,69.230769,0.109649,2.000000,39.311153,26.940639,47.819834,0.000000,-0.275224,-0.293826,0.018603,19.945401,16.505149,28.355840,-0.395231,-0.707580,0.315411,0.268672,0.017018,1.283317,6.000000,82.539683,0.213886,3.000000,1.530984,3.000000,118.867925,0.510328,4.000000,1.304776,0.000000,43.442623,0.000000,8.000000,2.915870,12.000000,129.511677,0.242989,8.000000,2.303291,14.000000,166.431095,0.164521,1.000000,1.365040,12.000000,47.804054,0.113753,2.000000,2.939424,13.000000,186.750789,0.226110,7.000000,1.549592,6.000000,171.351351,0.258265,4.000000,0.912589,5.000000,76.446281,0.182518,3.000000,1.179682,15.000000,113.084112,0.078645,8.000000,1.054187,10.000000,118.888889,0.105419,1.000000,0.878906,6.000000,53.097345,0.146484,2.000000,4.000000,5.000000,50.000000,-1.000000,,,,39.827960,17.549669,11.404531,-0.436037,-0.299951,-0.136086,21.554714,14.465146,30.194044,-0.834632,-0.975313,0.213062,0.028847,,0.000000,,40.319235,19.480519,14.153439,-0.060549,-0.041814,-0.018735,15.886015,13.092927,19.327045,-0.121495,-0.136977,0.178121,0.003770,1.057446,2.162162,128.000000,158.823529,42.345924,0.499536,1.148119
2026-02-27T08:15:00Z,1.049407,no_impulse,0,BAJFINANCE,15m,1.000000,50.318471,0.789211,3.000000,0.263070,-0.087077,-0.527608,-0.771123,1.544212,16.000000,147.417840,0.096513,4.000000,30.539592,10.504202,10.194604,0.000000,-0.295678,-0.237359,-0.058320,28.528903,10.962809,32.871248,-0.695951,-1.145297,-1.332102,-0.016049,0.013393,1.058595,8.000000,42.345924,0.132324,3.000000,46.515487,42.857143,37.236351,1.000000,-0.227248,-0.219646,-0.007602,21.889211,19.348459,23.325733,-0.112976,-0.431764,-0.261299,0.453583,0.024312,2.438906,8.000000,141.292135,0.304863,4.000000,33.985263,8.946322,9.491880,0.000000,-0.176992,-0.037112,-0.139880,16.318804,13.645402,35.045926,-1.069515,-1.259287,-0.883726,-0.091449,0.017892,1.756463,18.000000,86.407767,0.097581,3.000000,60.203725,81.458967,81.583797,1.000000,0.058528,-0.034321,0.092849,13.084139,26.602242,16.240237,0.653443,0.583612,1.073008,0.959325,0.014320,1.992263,11.000000,127.160494,0.181115,8.000000,34.665197,6.796117,5.001210,0.000000,-0.140975,-0.012995,-0.127980,22.133108,19.092436,31.535308,-0.755417,-0.906339,-0.173092,0.097241,0.018615,1.591668,2.000000,158.823529,0.795834,1.000000,65.584657,95.882353,76.084453,0.000000,0.039150,-0.088155,0.127305,18.758794,35.994399,12.492165,0.961268,0.846127,1.698164,1.232143,0.013257,0.992218,2.000000,92.727273,0.496109,2.000000,48.426351,43.181818,30.151515,1.000000,-0.101223,-0.139020,0.037797,15.009259,22.523814,16.438271,-0.008782,-0.229011,0.615344,0.488836,0.007866,1.081613,8.000000,122.222222,0.135202,1.000000,45.941045,38.636364,64.447415,0.000000,-0.088641,-0.157405,0.068764,15.239927,24.055571,17.730495,-0.098861,-0.312355,0.575383,0.376069,0.007969,0.877193,8.000000,69.230769,0.109649,2.000000,1.283317,6.000000,82.539683,0.213886,3.000000,1.530984,3.000000,118.867925,0.510328,4.000000,1.304776,0.000000,43.442623,0.000000,8.000000,2.915870,12.000000,129.511677,0.242989,8.000000,2.303291,14.000000,166.431095,0.164521,1.000000,1.365040,12.000000,47.804054,0.113753,2.000000,2.939424,13.000000,186.750789,0.226110,7.000000,1.549592,6.000000,171.351351,0.258265,4.000000,0.912589,5.000000,76.446281,0.182518,3.000000,1.179682,15.000000,113.084112,0.078645,8.000000,1.054187,10.000000,118.888889,0.105419,1.000000,3.000000,6.000000,53.000000,-1.000000,,,,32.008367,3.412073,8.366938,-0.547055,-0.352244,-0.194811,23.281302,12.717644,34.147756,-1.846910,-2.098052,-0.035168,0.033885,,0.000000,,40.319235,19.480519,14.153439,-0.060549,-0.041814,-0.018735,15.886015,13.092927,19.327045,-0.121495,-0.136977,0.178121,0.003770,0.539947,0.344828,131.000000,158.823529,42.345924,0.499762,0.944071
2026-03-02T03:45:00Z,1.009985,no_impulse,0,BAJFINANCE,15m,-1.000000,479.746835,3.756567,7.000000,0.536652,-2.356089,-3.032868,-3.543656,0.789211,3.000000,50.318471,0.263070,3.000000,45.127159,55.042017,42.577031,0.000000,-0.254078,-0.253803,-0.000276,27.895588,20.361528,26.704520,-0.087077,-0.527608,-0.771123,0.429905,0.012412,1.544212,16.000000,147.417840,0.096513,4.000000,30.539592,10.504202,10.194604,0.000000,-0.295678,-0.237359,-0.058320,28.528903,10.962809,32.871248,-0.695951,-1.145297,-1.332102,-0.016049,0.013393,1.058595,8.000000,42.345924,0.132324,3.000000,46.515487,42.857143,37.236351,1.000000,-0.227248,-0.219646,-0.007602,21.889211,19.348459,23.325733,-0.112976,-0.431764,-0.261299,0.453583,0.024312,2.438906,8.000000,141.292135,0.304863,4.000000,33.985263,8.946322,9.491880,0.000000,-0.176992,-0.037112,-0.139880,16.318804,13.645402,35.045926,-1.069515,-1.259287,-0.883726,-0.091449,0.017892,1.756463,18.000000,86.407767,0.097581,3.000000,60.203725,81.458967,81.583797,1.000000,0.058528,-0.034321,0.092849,13.084139,26.602242,16.240237,0.653443,0.583612,1.073008,0.959325,0.014320,1.992263,11.000000,127.160494,0.181115,8.000000,34.665197,6.796117,5.001210,0.000000,-0.140975,-0.012995,-0.127980,22.133108,19.092436,31.535308,-0.755417,-0.906339,-0.173092,0.097241,0.018615,1.591668,2.000000,158.823529,0.795834,1.000000,65.584657,95.882353,76.084453,0.000000,0.039150,-0.088155,0.127305,18.758794,35.994399,12.492165,0.961268,0.846127,1.698164,1.232143,0.013257,0.992218,2.000000,92.727273,0.496109,2.000000,48.426351,43.181818,30.151515,1.000000,-0.101223,-0.139020,0.037797,15.009259,22.523814,16.438271,-0.008782,-0.229011,0.615344,0.488836,0.007866,1.081613,8.000000,122.222222,0.135202,1.000000,0.877193,8.000000,69.230769,0.109649,2.000000,1.283317,6.000000,82.539683,0.213886,3.000000,1.530984,3.000000,118.867925,0.510328,4.000000,1.304776,0.000000,43.442623,0.000000,8.000000,2.915870,12.000000,129.511677,0.242989,8.000000,2.303291,14.000000,166.431095,0.164521,1.000000,1.365040,12.000000,47.804054,0.113753,2.000000,2.939424,13.000000,186.750789,0.226110,7.000000,1.549592,6.000000,171.351351,0.258265,4.000000,0.912589,5.000000,76.446281,0.182518,3.000000,1.179682,15.000000,113.084112,0.078645,8.000000,4.000000,7.000000,60.000000,-1.000000,,,,25.794314,12.126246,8.154068,-0.805860,-0.489014,-0.316846,27.672158,9.576222,43.493686,-3.044225,-3.557860,-0.159819,0.044774,,0.000000,,40.319235,19.480519,14.153439,-0.060549,-0.041814,-0.018735,15.886015,13.092927,19.327045,-0.121495,-0.136977,0.178121,0.003770,2.660017,0.833333,100.000000,158.823529,42.345924,0.541993,0.548193
2026-03-02T03:45:00Z,1.030164,no_impulse,0,BAJFINANCE,15m,1.000000,51.187335,1.997940,0.000000,0.000000,-2.356089,-3.032868,-3.543656,3.756567,7.000000,479.746835,0.536652,4.000000,18.844705,21.583653,16.170850,0.000000,-0.529176,-0.336957,-0.192219,33.092079,7.636937,55.040119,-2.356089,-3.032868,-3.543656,-0.298684,0.028821,0.789211,3.000000,50.318471,0.263070,3.000000,45.127159,55.042017,42.577031,0.000000,-0.254078,-0.253803,-0.000276,27.895588,20.361528,26.704520,-0.087077,-0.527608,-0.771123,0.429905,0.012412,1.544212,16.000000,147.417840,0.096513,4.000000,30.539592,10.504202,10.194604,0.000000,-0.295678,-0.237359,-0.058320,28.528903,10.962809,32.871248,-0.695951,-1.145297,-1.332102,-0.016049,0.013393,1.058595,8.000000,42.345924,0.132324,3.000000,46.515487,42.857143,37.236351,1.000000,-0.227248,-0.219646,-0.007602,21.889211,19.348459,23.325733,-0.112976,-0.431764,-0.261299,0.453583,0.024312,2.438906,8.000000,141.292135,0.304863,4.000000,33.985263,8.946322,9.491880,0.000000,-0.176992,-0.037112,-0.139880,16.318804,13.645402,35.045926,-1.069515,-1.259287,-0.883726,-0.091449,0.017892,1.756463,18.000000,86.407767,0.097581,3.000000,60.203725,81.458967,81.583797,1.000000,0.058528,-0.034321,0.092849,13.084139,26.602242,16.240237,0.653443,0.583612,1.073008,0.959325,0.014320,1.992263,11.000000,127.160494,0.181115,8.000000,34.665197,6.796117,5.001210,0.000000,-0.140975,-0.012995,-0.127980,22.133108,19.092436,31.535308,-0.755417,-0.906339,-0.173092,0.097241,0.018615,1.591668,2.000000,158.823529,0.795834,1.000000,65.584657,95.882353,76.084453,0.000000,0.039150,-0.088155,0.127305,18.758794,35.994399,12.492165,0.961268,0.846127,1.698164,1.232143,0.013257,0.992218,2.000000,92.727273,0.496109,2.000000,1.081613,8.000000,122.222222,0.135202,1.000000,0.877193,8.000000,69.230769,0.109649,2.000000,1.283317,6.000000,82.539683,0.213886,3.000000,1.530984,3.000000,118.867925,0.510328,4.000000,1.304776,0.000000,43.442623,0.000000,8.000000,2.915870,12.000000,129.511677,0.242989,8.000000,2.303291,14.000000,166.431095,0.164521,1.000000,1.365040,12.000000,47.804054,0.113753,2.000000,2.939424,13.000000,186.750789,0.226110,7.000000,1.549592,6.000000,171.351351,0.258265,4.000000,0.912589,5.000000,76.446281,0.182518,3.000000,4.000000,8.000000,60.000000,-1.000000,,,,25.794314,12.126246,8.154068,-0.805860,-0.489014,-0.316846,27.672158,9.576222,43.493686,-3.044225,-3.557860,-0.159819,0.044774,,0.000000,,40.319235,19.480519,14.153439,-0.060549,-0.041814,-0.018735,15.886015,13.092927,19.327045,-0.121495,-0.136977,0.178121,0.003770,1.175140,0.000000,0.000000,479.746835,42.345924,0.883450,1.159122
2026-03-02T05:15:00Z,1.011390,no_impulse,0,BAJFINANCE,15m,-1.000000,93.041237,1.822496,6.000000,0.303749,-1.549052,-2.724888,-3.727792,1.997940,0.000000,51.187335,0.000000,4.000000,18.844705,21.583653,16.170850,0.000000,-0.529176,-0.336957,-0.192219,33.092079,7.636937,55.040119,-2.356089,-3.032868,-3.543656,-0.298684,0.028821,3.756567,7.000000,479.746835,0.536652,4.000000,18.844705,21.583653,16.170850,0.000000,-0.529176,-0.336957,-0.192219,33.092079,7.636937,55.040119,-2.356089,-3.032868,-3.543656,-0.298684,0.028821,0.789211,3.000000,50.318471,0.263070,3.000000,45.127159,55.042017,42.577031,0.000000,-0.254078,-0.253803,-0.000276,27.895588,20.361528,26.704520,-0.087077,-0.527608,-0.771123,0.429905,0.012412,1.544212,16.000000,147.417840,0.096513,4.000000,30.539592,10.504202,10.194604,0.000000,-0.295678,-0.237359,-0.058320,28.528903,10.962809,32.871248,-0.695951,-1.145297,-1.332102,-0.016049,0.013393,1.058595,8.000000,42.345924,0.132324,3.000000,46.515487,42.857143,37.236351,1.000000,-0.227248,-0.219646,-0.007602,21.889211,19.348459,23.325733,-0.112976,-0.431764,-0.261299,0.453583,0.024312,2.438906,8.000000,141.292135,0.304863,4.000000,33.985263,8.946322,9.491880,0.000000,-0.176992,-0.037112,-0.139880,16.318804,13.645402,35.045926,-1.069515,-1.259287,-0.883726,-0.091449,0.017892,1.756463,18.000000,86.407767,0.097581,3.000000,60.203725,81.458967,81.583797,1.000000,0.058528,-0.034321,0.092849,13.084139,26.602242,16.240237,0.653443,0.583612,1.073008,0.959325,0.014320,1.992263,11.000000,127.160494,0.181115,8.000000,34.665197,6.796117,5.001210,0.000000,-0.140975,-0.012995,-0.127980,22.133108,19.092436,31.535308,-0.755417,-0.906339,-0.173092,0.097241,0.018615,1.591668,2.000000,158.823529,0.795834,1.000000,0.992218,2.000000,92.727273,0.496109,2.000000,1.081613,8.000000,122.222222,0.135202,1.000000,0.877193,8.000000,69.230769,0.109649,2.000000,1.283317,6.000000,82.539683,0.213886,3.000000,1.530984,3.000000,118.867925,0.510328,4.000000,1.304776,0.000000,43.442623,0.000000,8.000000,2.915870,12.000000,129.511677,0.242989,8.000000,2.303291,14.000000,166.431095,0.164521,1.000000,1.365040,12.000000,47.804054,0.113753,2.000000,2.939424,13.000000,186.750789,0.226110,7.000000,1.549592,6.000000,171.351351,0.258265,4.000000,2.000000,1.000000,66.000000,-1.000000,,,,25.803055,9.680451,12.030804,-1.054481,-0.674349,-0.380132,32.179665,10.042751,36.806055,-2.708225,-3.508151,0.045537,0.058020,,0.000000,,40.319235,19.480519,14.153439,-0.060549,-0.041814,-0.018735,15.886015,13.092927,19.327045,-0.121495,-0.136977,0.178121,0.003770,1.017129,0.800000,6.000000,479.746835,42.345924,0.859356,1.297915
2026-03-02T06:15:00Z,1.024548,no_impulse,0,BAJFINANCE,15m,1.000000,70.083102,1.300972,4.000000,0.325243,-0.905783,-2.105195,-3.313139,1.822496,6.000000,93.041237,0.303749,2.000000,22.779256,12.137203,11.213720,0.000000,-0.959837,-0.736759,-0.223078,49.431272,5.124014,45.879866,-1.549052,-2.724888,-3.727792,0.209909,0.052584,1.997940,0.000000,51.187335,0.000000,4.000000,18.844705,21.583653,16.170850,0.000000,-0.529176,-0.336957,-0.192219,33.092079,7.636937,55.040119,-2.356089,-3.032868,-3.543656,-0.298684,0.028821,3.756567,7.000000,479.746835,0.536652,4.000000,18.844705,21.583653,16.170850,0.000000,-0.529176,-0.336957,-0.192219,33.092079,7.636937,55.040119,-2.356089,-3.032868,-3.543656,-0.298684,0.028821,0.789211,3.000000,50.318471,0.263070,3.000000,45.127159,55.042017,42.577031,0.000000,-0.254078,-0.253803,-0.000276,27.895588,20.361528,26.704520,-0.087077,-0.527608,-0.771123,0.429905,0.012412,1.544212,16.000000,147.417840,0.096513,4.000000,30.539592,10.504202,10.194604,0.000000,-0.295678,-0.237359,-0.058320,28.528903,10.962809,32.871248,-0.695951,-1.145297,-1.332102,-0.016049,0.013393,1.058595,8.000000,42.345924,0.132324,3.000000,46.515487,42.857143,37.236351,1.000000,-0.227248,-0.219646,-0.007602,21.889211,19.348459,23.325733,-0.112976,-0.431764,-0.261299,0.453583,0.024312,2.438906,8.000000,141.292135,0.304863,4.000000,33.985263,8.946322,9.491880,0.000000,-0.176992,-0.037112,-0.139880,16.318804,13.645402,35.045926,-1.069515,-1.259287,-0.883726,-0.091449,0.017892,1.756463,18.000000,86.407767,0.097581,3.000000,60.203725,81.458967,81.583797,1.000000,0.058528,-0.034321,0.092849,13.084139,26.602242,16.240237,0.653443,0.583612,1.073008,0.959325,0.014320,1.992263,11.000000,127.160494,0.181115,8.000000,1.591668,2.000000,158.823529,0.795834,1.000000,0.992218,2.000000,92.727273,0.496109,2.000000,1.081613,8.000000,122.222222,0.135202,1.000000,0.877193,8.000000,69.230769,0.109649,2.000000,1.283317,6.000000,82.539683,0.213886,3.000000,1.530984,3.000000,118.867925,0.510328,4.000000,1.304776,0.000000,43.442623,0.000000,8.000000,2.915870,12.000000,129.511677,0.242989,8.000000,2.303291,14.000000,166.431095,0.164521,1.000000,1.365040,12.000000,47.804054,0.113753,2.000000,2.939424,13.000000,186.750789,0.226110,7.000000,3.000000,1.000000,70.000000,-1.000000,,,,24.449155,5.781585,9.915917,-1.167442,-0.774881,-0.392560,34.193729,9.395334,38.027785,-2.779893,-3.723305,0.082101,0.064722,,0.000000,,40.319235,19.480519,14.153439,-0.060549,-0.041814,-0.018735,15.886015,13.092927,19.327045,-0.121495,-0.136977,0.178121,0.003770,0.693914,0.506329,10.000000,479.746835,42.345924,0.812343,2.233774
2026-03-02T08:00:00Z,1.006865,no_impulse,0,BAJFINANCE,15m,-1.000000,134.387352,1.725888,7.000000,0.246555,-0.951107,-2.239974,-3.837044,1.300972,4.000000,70.083102,0.325243,3.000000,34.050641,21.987952,26.265472,1.000000,-0.809973,-0.806769,-0.003204,47.657500,16.935410,33.201593,-0.905783,-2.105195,-3.313139,0.327745,0.052112,1.822496,6.000000,93.041237,0.303749,2.000000,22.779256,12.137203,11.213720,0.000000,-0.959837,-0.736759,-0.223078,49.431272,5.124014,45.879866,-1.549052,-2.724888,-3.727792,0.209909,0.052584,1.997940,0.000000,51.187335,0.000000,4.000000,18.844705,21.583653,16.170850,0.000000,-0.529176,-0.336957,-0.192219,33.092079,7.636937,55.040119,-2.356089,-3.032868,-3.543656,-0.298684,0.028821,3.756567,7.000000,479.746835,0.536652,4.000000,18.844705,21.583653,16.170850,0.000000,-0.529176,-0.336957,-0.192219,33.092079,7.636937,55.040119,-2.356089,-3.032868,-3.543656,-0.298684,0.028821,0.789211,3.000000,50.318471,0.263070,3.000000,45.127159,55.042017,42.577031,0.000000,-0.254078,-0.253803,-0.000276,27.895588,20.361528,26.704520,-0.087077,-0.527608,-0.771123,0.429905,0.012412,1.544212,16.000000,147.417840,0.096513,4.000000,30.539592,10.504202,10.194604,0.000000,-0.295678,-0.237359,-0.058320,28.528903,10.962809,32.871248,-0.695951,-1.145297,-1.332102,-0.016049,0.013393,1.058595,8.000000,42.345924,0.132324,3.000000,46.515487,42.857143,37.236351,1.000000,-0.227248,-0.219646,-0.007602,21.889211,19.348459,23.325733,-0.112976,-0.431764,-0.261299,0.453583,0.024312,2.438906,8.000000,141.292135,0.304863,4.000000,33.985263,8.946322,9.491880,0.000000,-0.176992,-0.037112,-0.139880,16.318804,13.645402,35.045926,-1.069515,-1.259287,-0.883726,-0.091449,0.017892,1.756463,18.000000,86.407767,0.097581,3.000000,1.992263,11.000000,127.160494,0.181115,8.000000,1.591668,2.000000,158.823529,0.795834,1.000000,0.992218,2.000000,92.727273,0.496109,2.000000,1.081613,8.000000,122.222222,0.135202,1.000000,0.877193,8.000000,69.230769,0.109649,2.000000,1.283317,6.000000,82.539683,0.213886,3.000000,1.530984,3.000000,118.867925,0.510328,4.000000,1.304776,0.000000,43.442623,0.000000,8.000000,2.915870,12.000000,129.511677,0.242989,8.000000,2.303291,14.000000,166.431095,0.164521,1.000000,1.365040,12.000000,47.804054,0.113753,2.000000,4.000000,2.000000,77.000000,-1.000000,,,,29.742518,19.096509,11.519515,-1.196327,-0.856252,-0.340074,36.160933,8.679545,36.685425,-2.077446,-3.108229,0.196170,0.066984,,0.000000,,40.319235,19.480519,14.153439,-0.060549,-0.041814,-0.018735,15.886015,13.092927,19.327045,-0.121495,-0.136977,0.178121,0.003770,0.935054,0.864198,17.000000,479.746835,42.345924,0.828640,0.840955
2026-03-02T09:15:00Z,1.025588,no_impulse,0,BAJFINANCE,15m,1.000000,105.882353,1.859504,5.000000,0.371901,0.147340,-0.936372,-2.641744,1.725888,7.000000,134.387352,0.246555,4.000000,28.929447,17.352941,15.895425,1.000000,-0.750438,-0.777343,0.026906,45.593263,12.734607,37.706205,-0.951107,-2.239974,-3.837044,0.142346,0.026342,1.300972,4.000000,70.083102,0.325243,3.000000,34.050641,21.987952,26.265472,1.000000,-0.809973,-0.806769,-0.003204,47.657500,16.935410,33.201593,-0.905783,-2.105195,-3.313139,0.327745,0.052112,1.822496,6.000000,93.041237,0.303749,2.000000,22.779256,12.137203,11.213720,0.000000,-0.959837,-0.736759,-0.223078,49.431272,5.124014,45.879866,-1.549052,-2.724888,-3.727792,0.209909,0.052584,1.997940,0.000000,51.187335,0.000000,4.000000,18.844705,21.583653,16.170850,0.000000,-0.529176,-0.336957,-0.192219,33.092079,7.636937,55.040119,-2.356089,-3.032868,-3.543656,-0.298684,0.028821,3.756567,7.000000,479.746835,0.536652,4.000000,18.844705,21.583653,16.170850,0.000000,-0.529176,-0.336957,-0.192219,33.092079,7.636937,55.040119,-2.356089,-3.032868,-3.543656,-0.298684,0.028821,0.789211,3.000000,50.318471,0.263070,3.000000,45.127159,55.042017,42.577031,0.000000,-0.254078,-0.253803,-0.000276,27.895588,20.361528,26.704520,-0.087077,-0.527608,-0.771123,0.429905,0.012412,1.544212,16.000000,147.417840,0.096513,4.000000,30.539592,10.504202,10.194604,0.000000,-0.295678,-0.237359,-0.058320,28.528903,10.962809,32.871248,-0.695951,-1.145297,-1.332102,-0.016049,0.013393,1.058595,8.000000,42.345924,0.132324,3.000000,46.515487,42.857143,37.236351,1.000000,-0.227248,-0.219646,-0.007602,21.889211,19.348459,23.325733,-0.112976,-0.431764,-0.261299,0.453583,0.024312,2.438906,8.000000,141.292135,0.304863,4.000000,1.756463,18.000000,86.407767,0.097581,3.000000,1.992263,11.000000,127.160494,0.181115,8.000000,1.591668,2.000000,158.823529,0.795834,1.000000,0.992218,2.000000,92.727273,0.496109,2.000000,1.081613,8.000000,122.222222,0.135202,1.000000,0.877193,8.000000,69.230769,0.109649,2.000000,1.283317,6.000000,82.539683,0.213886,3.000000,1.530984,3.000000,118.867925,0.510328,4.000000,1.304776,0.000000,43.442623,0.000000,8.000000,2.915870,12.000000,129.511677,0.242989,8.000000,2.303291,14.000000,166.431095,0.164521,1.000000,7.000000,3.000000,82.000000,-1.000000,,,,29.895870,14.925373,19.211948,-1.214033,-0.983218,-0.230814,36.831094,13.362298,32.348912,-1.937471,-3.111143,0.221985,0.068365,,0.000000,,40.319235,19.480519,14.153439,-0.060549,-0.041814,-0.018735,15.886015,13.092927,19.327045,-0.121495,-0.136977,0.178121,0.003770,1.022197,0.649351,22.000000,479.746835,42.345924,0.827688,0.741071
2026-03-04T03:45:00Z,0.982942,no_impulse,0,BAJFINANCE,15m,-1.000000,227.777778,4.158215,3.000000,1.386072,-2.919608,-4.118432,-6.031714,1.859504,5.000000,105.882353,0.371901,7.000000,48.632323,71.111111,70.958606,0.000000,-0.426063,-0.625091,0.199028,37.120085,24.785119,23.074058,0.147340,-0.936372,-2.641744,0.593686,0.015750,1.725888,7.000000,134.387352,0.246555,4.000000,28.929447,17.352941,15.895425,1.000000,-0.750438,-0.777343,0.026906,45.593263,12.734607,37.706205,-0.951107,-2.239974,-3.837044,0.142346,0.026342,1.300972,4.000000,70.083102,0.325243,3.000000,34.050641,21.987952,26.265472,1.000000,-0.809973,-0.806769,-0.003204,47.657500,16.935410,33.201593,-0.905783,-2.105195,-3.313139,0.327745,0.052112,1.822496,6.000000,93.041237,0.303749,2.000000,22.779256,12.137203,11.213720,0.000000,-0.959837,-0.736759,-0.223078,49.431272,5.124014,45.879866,-1.549052,-2.724888,-3.727792,0.209909,0.052584,1.997940,0.000000,51.187335,0.000000,4.000000,18.844705,21.583653,16.170850,0.000000,-0.529176,-0.336957,-0.192219,33.092079,7.636937,55.040119,-2.356089,-3.032868,-3.543656,-0.298684,0.028821,3.756567,7.000000,479.746835,0.536652,4.000000,18.844705,21.583653,16.170850,0.000000,-0.529176,-0.336957,-0.192219,33.092079,7.636937,55.040119,-2.356089,-3.032868,-3.543656,-0.298684,0.028821,0.789211,3.000000,50.318471,0.263070,3.000000,45.127159,55.042017,42.577031,0.000000,-0.254078,-0.253803,-0.000276,27.895588,20.361528,26.704520,-0.087077,-0.527608,-0.771123,0.429905,0.012412,1.544212,16.000000,147.417840,0.096513,4.000000,30.539592,10.504202,10.194604,0.000000,-0.295678,-0.237359,-0.058320,28.528903,10.962809,32.871248,-0.695951,-1.145297,-1.332102,-0.016049,0.013393,1.058595,8.000000,42.345924,0.132324,3.000000,2.438906,8.000000,141.292135,0.304863,4.000000,1.756463,18.000000,86.407767,0.097581,3.000000,1.992263,11.000000,127.160494,0.181115,8.000000,1.591668,2.000000,158.823529,0.795834,1.000000,0.992218,2.000000,92.727273,0.496109,2.000000,1.081613,8.000000,122.222222,0.135202,1.000000,0.877193,8.000000,69.230769,0.109649,2.000000,1.283317,6.000000,82.539683,0.213886,3.000000,1.530984,3.000000,118.867925,0.510328,4.000000,1.304776,0.000000,43.442623,0.000000,8.000000,2.915870,12.000000,129.511677,0.242989,8.000000,4.000000,4.000000,3.000000,-1.000000,,,,20.651608,10.216935,16.252090,-1.469858,-1.102309,-0.367549,38.701189,10.439105,46.007456,-4.304744,-5.730137,-0.034917,0.077154,,0.000000,,40.319235,19.480519,14.153439,-0.060549,-0.041814,-0.018735,15.886015,13.092927,19.327045,-0.121495,-0.136977,0.178121,0.003770,2.272958,0.468750,25.000000,479.746835,42.345924,0.827462,0.644894
2026-03-04T03:45:00Z,1.005825,no_impulse,0,BAJFINANCE,15m,1.000000,53.658537,2.328042,0.000000,0.000000,-2.919608,-4.118432,-6.031714,4.158215,3.000000,227.777778,1.386072,4.000000,25.640520,8.170732,36.982836,1.000000,-0.598837,-0.562120,-0.036716,34.605166,14.747945,48.343906,-2.919608,-4.118432,-6.031714,-0.454476,0.029721,1.859504,5.000000,105.882353,0.371901,7.000000,48.632323,71.111111,70.958606,0.000000,-0.426063,-0.625091,0.199028,37.120085,24.785119,23.074058,0.147340,-0.936372,-2.641744,0.593686,0.015750,1.725888,7.000000,134.387352,0.246555,4.000000,28.929447,17.352941,15.895425,1.000000,-0.750438,-0.777343,0.026906,45.593263,12.734607,37.706205,-0.951107,-2.239974,-3.837044,0.142346,0.026342,1.300972,4.000000,70.083102,0.325243,3.000000,34.050641,21.987952,26.265472,1.000000,-0.809973,-0.806769,-0.003204,47.657500,16.935410,33.201593,-0.905783,-2.105195,-3.313139,0.327745,0.052112,1.822496,6.000000,93.041237,0.303749,2.000000,22.779256,12.137203,11.213720,0.000000,-0.959837,-0.736759,-0.223078,49.431272,5.124014,45.879866,-1.549052,-2.724888,-3.727792,0.209909,0.052584,1.997940,0.000000,51.187335,0.000000,4.000000,18.844705,21.583653,16.170850,0.000000,-0.529176,-0.336957,-0.192219,33.092079,7.636937,55.040119,-2.356089,-3.032868,-3.543656,-0.298684,0.028821,3.756567,7.000000,479.746835,0.536652,4.000000,18.844705,21.583653,16.170850,0.000000,-0.529176,-0.336957,-0.192219,33.092079,7.636937,55.040119,-2.356089,-3.032868,-3.543656,-0.298684,0.028821,0.789211,3.000000,50.318471,0.263070,3.000000,45.127159,55.042017,42.577031,0.000000,-0.254078,-0.253803,-0.000276,27.895588,20.361528,26.704520,-0.087077,-0.527608,-0.771123,0.429905,0.012412,1.544212,16.000000,147.417840,0.096513,4.000000,1.058595,8.000000,42.345924,0.132324,3.000000,2.438906,8.000000,141.292135,0.304863,4.000000,1.756463,18.000000,86.407767,0.097581,3.000000,1.992263,11.000000,127.160494,0.181115,8.000000,1.591668,2.000000,158.823529,0.795834,1.000000,0.992218,2.000000,92.727273,0.496109,2.000000,1.081613,8.000000,122.222222,0.135202,1.000000,0.877193,8.000000,69.230769,0.109649,2.000000,1.283317,6.000000,82.539683,0.213886,3.000000,1.530984,3.000000,118.867925,0.510328,4.000000,1.304776,0.000000,43.442623,0.000000,8.000000,4.000000,5.000000,3.000000,-1.000000,,,,20.651608,10.216935,16.252090,-1.469858,-1.102309,-0.367549,38.701189,10.439105,46.007456,-4.304744,-5.730137,-0.034917,0.077154,,0.000000,,40.319235,19.480519,14.153439,-0.060549,-0.041814,-0.018735,15.886015,13.092927,19.327045,-0.121495,-0.136977,0.178121,0.003770,1.163230,0.000000,0.000000,479.746835,42.345924,1.101435,1.512008
2026-03-04T04:30:00Z,0.979509,no_impulse,0,BAJFINANCE,15m,-1.000000,115.000000,2.616339,3.000000,0.872113,-2.104768,-3.603425,-5.807484,2.328042,0.000000,53.658537,0.000000,4.000000,25.640520,8.170732,36.982836,0.000000,-0.598837,-0.562120,-0.036716,34.605166,14.747945,48.343906,-2.919608,-4.118432,-6.031714,-0.454476,0.029721,4.158215,3.000000,227.777778,1.386072,4.000000,25.640520,8.170732,36.982836,1.000000,-0.598837,-0.562120,-0.036716,34.605166,14.747945,48.343906,-2.919608,-4.118432,-6.031714,-0.454476,0.029721,1.859504,5.000000,105.882353,0.371901,7.000000,48.632323,71.111111,70.958606,0.000000,-0.426063,-0.625091,0.199028,37.120085,24.785119,23.074058,0.147340,-0.936372,-2.641744,0.593686,0.015750,1.725888,7.000000,134.387352,0.246555,4.000000,28.929447,17.352941,15.895425,1.000000,-0.750438,-0.777343,0.026906,45.593263,12.734607,37.706205,-0.951107,-2.239974,-3.837044,0.142346,0.026342,1.300972,4.000000,70.083102,0.325243,3.000000,34.050641,21.987952,26.265472,1.000000,-0.809973,-0.806769,-0.003204,47.657500,16.935410,33.201593,-0.905783,-2.105195,-3.313139,0.327745,0.052112,1.822496,6.000000,93.041237,0.303749,2.000000,22.779256,12.137203,11.213720,0.000000,-0.959837,-0.736759,-0.223078,49.431272,5.124014,45.879866,-1.549052,-2.724888,-3.727792,0.209909,0.052584,1.997940,0.000000,51.187335,0.000000,4.000000,18.844705,21.583653,16.170850,0.000000,-0.529176,-0.336957,-0.192219,33.092079,7.636937,55.040119,-2.356089,-3.032868,-3.543656,-0.298684,0.028821,3.756567,7.000000,479.746835,0.536652,4.000000,18.844705,21.583653,16.170850,0.000000,-0.529176,-0.336957,-0.192219,33.092079,7.636937,55.040119,-2.356089,-3.032868,-3.543656,-0.298684,0.028821,0.789211,3.000000,50.318471,0.263070,3.000000,1.544212,16.000000,147.417840,0.096513,4.000000,1.058595,8.000000,42.345924,0.132324,3.000000,2.438906,8.000000,141.292135,0.304863,4.000000,1.756463,18.000000,86.407767,0.097581,3.000000,1.992263,11.000000,127.160494,0.181115,8.000000,1.591668,2.000000,158.823529,0.795834,1.000000,0.992218,2.000000,92.727273,0.496109,2.000000,1.081613,8.000000,122.222222,0.135202,1.000000,0.877193,8.000000,69.230769,0.109649,2.000000,1.283317,6.000000,82.539683,0.213886,3.000000,1.530984,3.000000,118.867925,0.510328,4.000000,4.000000,6.000000,6.000000,-1.000000,,,,25.473290,17.452498,14.198269,-1.575872,-1.192307,-0.383565,40.437707,9.754156,42.988734,-3.390190,-4.962282,0.091536,0.080277,,0.000000,,40.319235,19.480519,14.153439,-0.060549,-0.041814,-0.018735,15.886015,13.092927,19.327045,-0.121495,-0.136977,0.178121,0.003770,1.229307,0.588235,,479.746835,50.318471,1.052784,1.721004
2026-03-04T08:00:00Z,0.994279,no_impulse,0,BAJFINANCE,15m,1.000000,56.126482,1.507911,14.000000,0.107708,-0.368150,-1.794267,-4.694507,2.616339,3.000000,115.000000,0.872113,4.000000,32.299002,16.386083,13.092080,1.000000,-0.974124,-0.719340,-0.254784,38.763054,11.060102,39.288368,-2.104768,-3.603425,-5.807484,0.083645,0.049510,2.328042,0.000000,53.658537,0.000000,4.000000,25.640520,8.170732,36.982836,0.000000,-0.598837,-0.562120,-0.036716,34.605166,14.747945,48.343906,-2.919608,-4.118432,-6.031714,-0.454476,0.029721,4.158215,3.000000,227.777778,1.386072,4.000000,25.640520,8.170732,36.982836,1.000000,-0.598837,-0.562120,-0.036716,34.605166,14.747945,48.343906,-2.919608,-4.118432,-6.031714,-0.454476,0.029721,1.859504,5.000000,105.882353,0.371901,7.000000,48.632323,71.111111,70.958606,0.000000,-0.426063,-0.625091,0.199028,37.120085,24.785119,23.074058,0.147340,-0.936372,-2.641744,0.593686,0.015750,1.725888,7.000000,134.387352,0.246555,4.000000,28.929447,17.352941,15.895425,1.000000,-0.750438,-0.777343,0.026906,45.593263,12.734607,37.706205,-0.951107,-2.239974,-3.837044,0.142346,0.026342,1.300972,4.000000,70.083102,0.325243,3.000000,34.050641,21.987952,26.265472,1.000000,-0.809973,-0.806769,-0.003204,47.657500,16.935410,33.201593,-0.905783,-2.105195,-3.313139,0.327745,0.052112,1.822496,6.000000,93.041237,0.303749,2.000000,22.779256,12.137203,11.213720,0.000000,-0.959837,-0.736759,-0.223078,49.431272,5.124014,45.879866,-1.549052,-2.724888,-3.727792,0.209909,0.052584,1.997940,0.000000,51.187335,0.000000,4.000000,18.844705,21.583653,16.170850,0.000000,-0.529176,-0.336957,-0.192219,33.092079,7.636937,55.040119,-2.356089,-3.032868,-3.543656,-0.298684,0.028821,3.756567,7.000000,479.746835,0.536652,4.000000,0.789211,3.000000,50.318471,0.263070,3.000000,1.544212,16.000000,147.417840,0.096513,4.000000,1.058595,8.000000,42.345924,0.132324,3.000000,2.438906,8.000000,141.292135,0.304863,4.000000,1.756463,18.000000,86.407767,0.097581,3.000000,1.992263,11.000000,127.160494,0.181115,8.000000,1.591668,2.000000,158.823529,0.795834,1.000000,0.992218,2.000000,92.727273,0.496109,2.000000,1.081613,8.000000,122.222222,0.135202,1.000000,0.877193,8.000000,69.230769,0.109649,2.000000,1.283317,6.000000,82.539683,0.213886,3.000000,3.000000,7.000000,20.000000,-1.000000,,,,28.643137,19.384615,16.351194,-1.714500,-1.443329,-0.271170,44.694523,9.421711,37.607874,-2.453524,-4.362395,0.231643,0.089238,,0.000000,,40.319235,19.480519,14.153439,-0.060549,-0.041814,-0.018735,15.886015,13.092927,19.327045,-0.121495,-0.136977,0.178121,0.003770,0.674524,3.684211,,479.746835,50.318471,1.041220,1.862857
2026-03-04T09:45:00Z,0.979093,no_impulse,0,BAJFINANCE,15m,-1.000000,102.816901,1.527356,7.000000,0.218194,-0.769302,-2.053446,-5.156799,1.507911,14.000000,56.126482,0.107708,3.000000,41.222439,66.513761,84.901881,1.000000,-0.585265,-0.747506,0.162242,32.975165,17.482740,23.904279,-0.368150,-1.794267,-4.694507,0.397105,0.035648,2.616339,3.000000,115.000000,0.872113,4.000000,32.299002,16.386083,13.092080,1.000000,-0.974124,-0.719340,-0.254784,38.763054,11.060102,39.288368,-2.104768,-3.603425,-5.807484,0.083645,0.049510,2.328042,0.000000,53.658537,0.000000,4.000000,25.640520,8.170732,36.982836,0.000000,-0.598837,-0.562120,-0.036716,34.605166,14.747945,48.343906,-2.919608,-4.118432,-6.031714,-0.454476,0.029721,4.158215,3.000000,227.777778,1.386072,4.000000,25.640520,8.170732,36.982836,1.000000,-0.598837,-0.562120,-0.036716,34.605166,14.747945,48.343906,-2.919608,-4.118432,-6.031714,-0.454476,0.029721,1.859504,5.000000,105.882353,0.371901,7.000000,48.632323,71.111111,70.958606,0.000000,-0.426063,-0.625091,0.199028,37.120085,24.785119,23.074058,0.147340,-0.936372,-2.641744,0.593686,0.015750,1.725888,7.000000,134.387352,0.246555,4.000000,28.929447,17.352941,15.895425,1.000000,-0.750438,-0.777343,0.026906,45.593263,12.734607,37.706205,-0.951107,-2.239974,-3.837044,0.142346,0.026342,1.300972,4.000000,70.083102,0.325243,3.000000,34.050641,21.987952,26.265472,1.000000,-0.809973,-0.806769,-0.003204,47.657500,16.935410,33.201593,-0.905783,-2.105195,-3.313139,0.327745,0.052112,1.822496,6.000000,93.041237,0.303749,2.000000,22.779256,12.137203,11.213720,0.000000,-0.959837,-0.736759,-0.223078,49.431272,5.124014,45.879866,-1.549052,-2.724888,-3.727792,0.209909,0.052584,1.997940,0.000000,51.187335,0.000000,4.000000,3.756567,7.000000,479.746835,0.536652,4.000000,0.789211,3.000000,50.318471,0.263070,3.000000,1.544212,16.000000,147.417840,0.096513,4.000000,1.058595,8.000000,42.345924,0.132324,3.000000,2.438906,8.000000,141.292135,0.304863,4.000000,1.756463,18.000000,86.407767,0.097581,3.000000,1.992263,11.000000,127.160494,0.181115,8.000000,1.591668,2.000000,158.823529,0.795834,1.000000,0.992218,2.000000,92.727273,0.496109,2.000000,1.081613,8.000000,122.222222,0.135202,1.000000,0.877193,8.000000,69.230769,0.109649,2.000000,4.000000,8.000000,27.000000,-1.000000,,,,26.092502,7.535642,10.404034,-1.819767,-1.584081,-0.235687,47.332684,8.309373,38.539260,-2.802045,-4.945367,0.199406,0.090676,,0.000000,,40.319235,19.480519,14.153439,-0.060549,-0.041814,-0.018735,15.886015,13.092927,19.327045,-0.121495,-0.136977,0.178121,0.003770,0.661942,1.428571,,479.746835,51.187335,0.951211,0.833241
2026-03-05T05:30:00Z,1.005409,no_impulse,0,BAJFINANCE,15m,1.000000,173.287671,2.687772,8.000000,0.335972,0.228556,-0.486398,-3.426398,1.527356,7.000000,102.816901,0.218194,4.000000,36.893428,25.342466,21.869749,1.000000,-0.492848,-0.543161,0.050313,29.654582,12.158033,28.378516,-0.769302,-2.053446,-5.156799,-0.162095,0.011530,1.507911,14.000000,56.126482,0.107708,3.000000,41.222439,66.513761,84.901881,1.000000,-0.585265,-0.747506,0.162242,32.975165,17.482740,23.904279,-0.368150,-1.794267,-4.694507,0.397105,0.035648,2.616339,3.000000,115.000000,0.872113,4.000000,32.299002,16.386083,13.092080,1.000000,-0.974124,-0.719340,-0.254784,38.763054,11.060102,39.288368,-2.104768,-3.603425,-5.807484,0.083645,0.049510,2.328042,0.000000,53.658537,0.000000,4.000000,25.640520,8.170732,36.982836,0.000000,-0.598837,-0.562120,-0.036716,34.605166,14.747945,48.343906,-2.919608,-4.118432,-6.031714,-0.454476,0.029721,4.158215,3.000000,227.777778,1.386072,4.000000,25.640520,8.170732,36.982836,1.000000,-0.598837,-0.562120,-0.036716,34.605166,14.747945,48.343906,-2.919608,-4.118432,-6.031714,-0.454476,0.029721,1.859504,5.000000,105.882353,0.371901,7.000000,48.632323,71.111111,70.958606,0.000000,-0.426063,-0.625091,0.199028,37.120085,24.785119,23.074058,0.147340,-0.936372,-2.641744,0.593686,0.015750,1.725888,7.000000,134.387352,0.246555,4.000000,28.929447,17.352941,15.895425,1.000000,-0.750438,-0.777343,0.026906,45.593263,12.734607,37.706205,-0.951107,-2.239974,-3.837044,0.142346,0.026342,1.300972,4.000000,70.083102,0.325243,3.000000,34.050641,21.987952,26.265472,1.000000,-0.809973,-0.806769,-0.003204,47.657500,16.935410,33.201593,-0.905783,-2.105195,-3.313139,0.327745,0.052112,1.822496,6.000000,93.041237,0.303749,2.000000,1.997940,0.000000,51.187335,0.000000,4.000000,3.756567,7.000000,479.746835,0.536652,4.000000,0.789211,3.000000,50.318471,0.263070,3.000000,1.544212,16.000000,147.417840,0.096513,4.000000,1.058595,8.000000,42.345924,0.132324,3.000000,2.438906,8.000000,141.292135,0.304863,4.000000,1.756463,18.000000,86.407767,0.097581,3.000000,1.992263,11.000000,127.160494,0.181115,8.000000,1.591668,2.000000,158.823529,0.795834,1.000000,0.992218,2.000000,92.727273,0.496109,2.000000,1.081613,8.000000,122.222222,0.135202,1.000000,7.000000,9.000000,35.000000,-1.000000,,,,36.443604,31.767338,35.011186,-1.503748,-1.573550,0.069802,43.041111,17.749144,31.107430,-1.276410,-3.380154,0.329150,0.073768,,0.000000,,40.319235,19.480519,14.153439,-0.060549,-0.041814,-0.018735,15.886015,13.092927,19.327045,-0.121495,-0.136977,0.178121,0.003770,1.289429,1.632653,,227.777778,51.187335,0.826949,0.677183
2026-03-05T08:45:00Z,0.983878,no_impulse,0,BAJFINANCE,15m,-1.000000,81.818182,2.141527,13.000000,0.164733,-0.270725,-0.786657,-3.639187,2.687772,8.000000,173.287671,0.335972,7.000000,51.719425,66.798419,84.978355,1.000000,0.031996,-0.171637,0.203634,25.036937,27.594375,19.156717,0.228556,-0.486398,-3.426398,0.609506,0.020919,1.527356,7.000000,102.816901,0.218194,4.000000,36.893428,25.342466,21.869749,1.000000,-0.492848,-0.543161,0.050313,29.654582,12.158033,28.378516,-0.769302,-2.053446,-5.156799,-0.162095,0.011530,1.507911,14.000000,56.126482,0.107708,3.000000,41.222439,66.513761,84.901881,1.000000,-0.585265,-0.747506,0.162242,32.975165,17.482740,23.904279,-0.368150,-1.794267,-4.694507,0.397105,0.035648,2.616339,3.000000,115.000000,0.872113,4.000000,32.299002,16.386083,13.092080,1.000000,-0.974124,-0.719340,-0.254784,38.763054,11.060102,39.288368,-2.104768,-3.603425,-5.807484,0.083645,0.049510,2.328042,0.000000,53.658537,0.000000,4.000000,25.640520,8.170732,36.982836,0.000000,-0.598837,-0.562120,-0.036716,34.605166,14.747945,48.343906,-2.919608,-4.118432,-6.031714,-0.454476,0.029721,4.158215,3.000000,227.777778,1.386072,4.000000,25.640520,8.170732,36.982836,1.000000,-0.598837,-0.562120,-0.036716,34.605166,14.747945,48.343906,-2.919608,-4.118432,-6.031714,-0.454476,0.029721,1.859504,5.000000,105.882353,0.371901,7.000000,48.632323,71.111111,70.958606,0.000000,-0.426063,-0.625091,0.199028,37.120085,24.785119,23.074058,0.147340,-0.936372,-2.641744,0.593686,0.015750,1.725888,7.000000,134.387352,0.246555,4.000000,28.929447,17.352941,15.895425,1.000000,-0.750438,-0.777343,0.026906,45.593263,12.734607,37.706205,-0.951107,-2.239974,-3.837044,0.142346,0.026342,1.300972,4.000000,70.083102,0.325243,3.000000,1.822496,6.000000,93.041237,0.303749,2.000000,1.997940,0.000000,51.187335,0.000000,4.000000,3.756567,7.000000,479.746835,0.536652,4.000000,0.789211,3.000000,50.318471,0.263070,3.000000,1.544212,16.000000,147.417840,0.096513,4.000000,1.058595,8.000000,42.345924,0.132324,3.000000,2.438906,8.000000,141.292135,0.304863,4.000000,1.756463,18.000000,86.407767,0.097581,3.000000,1.992263,11.000000,127.160494,0.181115,8.000000,1.591668,2.000000,158.823529,0.795834,1.000000,0.992218,2.000000,92.727273,0.496109,2.000000,2.000000,1.000000,13.000000,-1.000000,,,,43.216611,47.321429,32.664190,-1.263999,-1.455712,0.191713,39.849482,18.785530,27.729331,-0.477276,-2.525914,0.407340,0.051263,,0.000000,,40.319235,19.480519,14.153439,-0.060549,-0.041814,-0.018735,15.886015,13.092927,19.327045,-0.121495,-0.136977,0.178121,0.003770,0.994463,2.280702,,227.777778,53.658537,0.847448,0.628726
2026-03-05T09:30:00Z,1.007125,no_impulse,0,BAJFINANCE,15m,1.000000,107.971014,2.362829,3.000000,0.787610,0.348667,0.011026,-2.710882,2.141527,13.000000,81.818182,0.164733,2.000000,45.568261,29.227053,11.585998,1.000000,-0.127027,-0.055564,-0.071464,16.265319,16.845458,27.484367,-0.270725,-0.786657,-3.639187,0.336118,0.016475,2.687772,8.000000,173.287671,0.335972,7.000000,51.719425,66.798419,84.978355,1.000000,0.031996,-0.171637,0.203634,25.036937,27.594375,19.156717,0.228556,-0.486398,-3.426398,0.609506,0.020919,1.527356,7.000000,102.816901,0.218194,4.000000,36.893428,25.342466,21.869749,1.000000,-0.492848,-0.543161,0.050313,29.654582,12.158033,28.378516,-0.769302,-2.053446,-5.156799,-0.162095,0.011530,1.507911,14.000000,56.126482,0.107708,3.000000,41.222439,66.513761,84.901881,1.000000,-0.585265,-0.747506,0.162242,32.975165,17.482740,23.904279,-0.368150,-1.794267,-4.694507,0.397105,0.035648,2.616339,3.000000,115.000000,0.872113,4.000000,32.299002,16.386083,13.092080,1.000000,-0.974124,-0.719340,-0.254784,38.763054,11.060102,39.288368,-2.104768,-3.603425,-5.807484,0.083645,0.049510,2.328042,0.000000,53.658537,0.000000,4.000000,25.640520,8.170732,36.982836,0.000000,-0.598837,-0.562120,-0.036716,34.605166,14.747945,48.343906,-2.919608,-4.118432,-6.031714,-0.454476,0.029721,4.158215,3.000000,227.777778,1.386072,4.000000,25.640520,8.170732,36.982836,1.000000,-0.598837,-0.562120,-0.036716,34.605166,14.747945,48.343906,-2.919608,-4.118432,-6.031714,-0.454476,0.029721,1.859504,5.000000,105.882353,0.371901,7.000000,48.632323,71.111111,70.958606,0.000000,-0.426063,-0.625091,0.199028,37.120085,24.785119,23.074058,0.147340,-0.936372,-2.641744,0.593686,0.015750,1.725888,7.000000,134.387352,0.246555,4.000000,1.300972,4.000000,70.083102,0.325243,3.000000,1.822496,6.000000,93.041237,0.303749,2.000000,1.997940,0.000000,51.187335,0.000000,4.000000,3.756567,7.000000,479.746835,0.536652,4.000000,0.789211,3.000000,50.318471,0.263070,3.000000,1.544212,16.000000,147.417840,0.096513,4.000000,1.058595,8.000000,42.345924,0.132324,3.000000,2.438906,8.000000,141.292135,0.304863,4.000000,1.756463,18.000000,86.407767,0.097581,3.000000,1.992263,11.000000,127.160494,0.181115,8.000000,1.591668,2.000000,158.823529,0.795834,1.000000,1.000000,2.000000,16.000000,-1.000000,,,,45.401959,80.519481,47.050624,-1.121545,-1.385069,0.263524,38.376507,18.174611,26.827553,-0.134459,-2.104645,0.472410,0.048669,,0.000000,,40.319235,19.480519,14.153439,-0.060549,-0.041814,-0.018735,15.886015,13.092927,19.327045,-0.121495,-0.136977,0.178121,0.003770,1.081212,0.468750,,227.777778,53.658537,0.839573,0.985178
2026-03-09T03:45:00Z,0.945548,no_impulse,0,BAJFINANCE,15m,-1.000000,264.876957,6.114123,27.000000,0.226449,-4.207095,-4.707417,-7.290830,2.362829,3.000000,107.971014,0.787610,1.000000,53.406040,62.416107,83.288170,1.000000,0.062969,-0.018613,0.081581,16.264696,29.459601,18.878350,0.348667,0.011026,-2.710882,0.679315,0.019512,2.141527,13.000000,81.818182,0.164733,2.000000,45.568261,29.227053,11.585998,1.000000,-0.127027,-0.055564,-0.071464,16.265319,16.845458,27.484367,-0.270725,-0.786657,-3.639187,0.336118,0.016475,2.687772,8.000000,173.287671,0.335972,7.000000,51.719425,66.798419,84.978355,1.000000,0.031996,-0.171637,0.203634,25.036937,27.594375,19.156717,0.228556,-0.486398,-3.426398,0.609506,0.020919,1.527356,7.000000,102.816901,0.218194,4.000000,36.893428,25.342466,21.869749,1.000000,-0.492848,-0.543161,0.050313,29.654582,12.158033,28.378516,-0.769302,-2.053446,-5.156799,-0.162095,0.011530,1.507911,14.000000,56.126482,0.107708,3.000000,41.222439,66.513761,84.901881,1.000000,-0.585265,-0.747506,0.162242,32.975165,17.482740,23.904279,-0.368150,-1.794267,-4.694507,0.397105,0.035648,2.616339,3.000000,115.000000,0.872113,4.000000,32.299002,16.386083,13.092080,1.000000,-0.974124,-0.719340,-0.254784,38.763054,11.060102,39.288368,-2.104768,-3.603425,-5.807484,0.083645,0.049510,2.328042,0.000000,53.658537,0.000000,4.000000,25.640520,8.170732,36.982836,0.000000,-0.598837,-0.562120,-0.036716,34.605166,14.747945,48.343906,-2.919608,-4.118432,-6.031714,-0.454476,0.029721,4.158215,3.000000,227.777778,1.386072,4.000000,25.640520,8.170732,36.982836,1.000000,-0.598837,-0.562120,-0.036716,34.605166,14.747945,48.343906,-2.919608,-4.118432,-6.031714,-0.454476,0.029721,1.859504,5.000000,105.882353,0.371901,7.000000,1.725888,7.000000,134.387352,0.246555,4.000000,1.300972,4.000000,70.083102,0.325243,3.000000,1.822496,6.000000,93.041237,0.303749,2.000000,1.997940,0.000000,51.187335,0.000000,4.000000,3.756567,7.000000,479.746835,0.536652,4.000000,0.789211,3.000000,50.318471,0.263070,3.000000,1.544212,16.000000,147.417840,0.096513,4.000000,1.058595,8.000000,42.345924,0.132324,3.000000,2.438906,8.000000,141.292135,0.304863,4.000000,1.756463,18.000000,86.407767,0.097581,3.000000,1.992263,11.000000,127.160494,0.181115,8.000000,8.000000,1.000000,43.000000,-1.000000,,,,29.980417,27.195946,27.486758,-1.042886,-1.040516,-0.002371,37.930616,9.423818,44.572543,-3.275906,-5.273334,-0.467547,0.032784,,0.000000,,40.319235,19.480519,14.153439,-0.060549,-0.041814,-0.018735,15.886015,13.092927,19.327045,-0.121495,-0.136977,0.178121,0.003770,2.668130,4.285714,,227.777778,53.658537,0.780353,1.272581
2026-03-10T03:45:00Z,0.990379,no_impulse,0,BAJFINANCE,15m,1.000000,72.804054,4.741213,25.000000,0.189649,0.860173,0.240550,-2.793393,6.114123,27.000000,264.876957,0.226449,8.000000,18.182096,5.125628,22.746794,0.000000,-0.469755,-0.146953,-0.322803,15.381376,11.243773,55.937723,-4.207095,-4.707417,-7.290830,-0.508144,0.040046,2.362829,3.000000,107.971014,0.787610,1.000000,53.406040,62.416107,83.288170,1.000000,0.062969,-0.018613,0.081581,16.264696,29.459601,18.878350,0.348667,0.011026,-2.710882,0.679315,0.019512,2.141527,13.000000,81.818182,0.164733,2.000000,45.568261,29.227053,11.585998,1.000000,-0.127027,-0.055564,-0.071464,16.265319,16.845458,27.484367,-0.270725,-0.786657,-3.639187,0.336118,0.016475,2.687772,8.000000,173.287671,0.335972,7.000000,51.719425,66.798419,84.978355,1.000000,0.031996,-0.171637,0.203634,25.036937,27.594375,19.156717,0.228556,-0.486398,-3.426398,0.609506,0.020919,1.527356,7.000000,102.816901,0.218194,4.000000,36.893428,25.342466,21.869749,1.000000,-0.492848,-0.543161,0.050313,29.654582,12.158033,28.378516,-0.769302,-2.053446,-5.156799,-0.162095,0.011530,1.507911,14.000000,56.126482,0.107708,3.000000,41.222439,66.513761,84.901881,1.000000,-0.585265,-0.747506,0.162242,32.975165,17.482740,23.904279,-0.368150,-1.794267,-4.694507,0.397105,0.035648,2.616339,3.000000,115.000000,0.872113,4.000000,32.299002,16.386083,13.092080,1.000000,-0.974124,-0.719340,-0.254784,38.763054,11.060102,39.288368,-2.104768,-3.603425,-5.807484,0.083645,0.049510,2.328042,0.000000,53.658537,0.000000,4.000000,25.640520,8.170732,36.982836,0.000000,-0.598837,-0.562120,-0.036716,34.605166,14.747945,48.343906,-2.919608,-4.118432,-6.031714,-0.454476,0.029721,4.158215,3.000000,227.777778,1.386072,4.000000,1.859504,5.000000,105.882353,0.371901,7.000000,1.725888,7.000000,134.387352,0.246555,4.000000,1.300972,4.000000,70.083102,0.325243,3.000000,1.822496,6.000000,93.041237,0.303749,2.000000,1.997940,0.000000,51.187335,0.000000,4.000000,3.756567,7.000000,479.746835,0.536652,4.000000,0.789211,3.000000,50.318471,0.263070,3.000000,1.544212,16.000000,147.417840,0.096513,4.000000,1.058595,8.000000,42.345924,0.132324,3.000000,2.438906,8.000000,141.292135,0.304863,4.000000,1.756463,18.000000,86.407767,0.097581,3.000000,3.000000,2.000000,25.000000,-1.000000,,,,40.977790,55.979899,55.048844,-1.061056,-1.153442,0.092386,42.145288,20.272422,28.781639,-0.727289,-2.846522,0.368851,0.055055,,0.000000,,40.319235,19.480519,14.153439,-0.060549,-0.041814,-0.018735,15.886015,13.092927,19.327045,-0.121495,-0.136977,0.178121,0.003770,1.736478,3.012048,25.000000,264.876957,53.658537,1.408194,1.855391
2026-03-10T04:15:00Z,0.969264,no_impulse,0,BAJFINANCE,15m,-1.000000,47.099768,2.132017,2.000000,1.066009,-0.006006,-0.558634,-3.579147,4.741213,25.000000,72.804054,0.189649,3.000000,62.050199,59.358289,80.737477,0.000000,-0.018342,-0.291197,0.272855,20.544698,40.329614,14.301735,0.860173,0.240550,-2.793393,0.910155,0.021154,6.114123,27.000000,264.876957,0.226449,8.000000,18.182096,5.125628,22.746794,0.000000,-0.469755,-0.146953,-0.322803,15.381376,11.243773,55.937723,-4.207095,-4.707417,-7.290830,-0.508144,0.040046,2.362829,3.000000,107.971014,0.787610,1.000000,53.406040,62.416107,83.288170,1.000000,0.062969,-0.018613,0.081581,16.264696,29.459601,18.878350,0.348667,0.011026,-2.710882,0.679315,0.019512,2.141527,13.000000,81.818182,0.164733,2.000000,45.568261,29.227053,11.585998,1.000000,-0.127027,-0.055564,-0.071464,16.265319,16.845458,27.484367,-0.270725,-0.786657,-3.639187,0.336118,0.016475,2.687772,8.000000,173.287671,0.335972,7.000000,51.719425,66.798419,84.978355,1.000000,0.031996,-0.171637,0.203634,25.036937,27.594375,19.156717,0.228556,-0.486398,-3.426398,0.609506,0.020919,1.527356,7.000000,102.816901,0.218194,4.000000,36.893428,25.342466,21.869749,1.000000,-0.492848,-0.543161,0.050313,29.654582,12.158033,28.378516,-0.769302,-2.053446,-5.156799,-0.162095,0.011530,1.507911,14.000000,56.126482,0.107708,3.000000,41.222439,66.513761,84.901881,1.000000,-0.585265,-0.747506,0.162242,32.975165,17.482740,23.904279,-0.368150,-1.794267,-4.694507,0.397105,0.035648,2.616339,3.000000,115.000000,0.872113,4.000000,32.299002,16.386083,13.092080,1.000000,-0.974124,-0.719340,-0.254784,38.763054,11.060102,39.288368,-2.104768,-3.603425,-5.807484,0.083645,0.049510,2.328042,0.000000,53.658537,0.000000,4.000000,4.158215,3.000000,227.777778,1.386072,4.000000,1.859504,5.000000,105.882353,0.371901,7.000000,1.725888,7.000000,134.387352,0.246555,4.000000,1.300972,4.000000,70.083102,0.325243,3.000000,1.822496,6.000000,93.041237,0.303749,2.000000,1.997940,0.000000,51.187335,0.000000,4.000000,3.756567,7.000000,479.746835,0.536652,4.000000,0.789211,3.000000,50.318471,0.263070,3.000000,1.544212,16.000000,147.417840,0.096513,4.000000,1.058595,8.000000,42.345924,0.132324,3.000000,2.438906,8.000000,141.292135,0.304863,4.000000,2.000000,1.000000,27.000000,-1.000000,,,,47.217508,71.758794,61.613565,-0.919014,-1.098889,0.179875,40.373954,18.966460,26.927508,0.099218,-1.913846,0.518362,0.054088,,0.000000,,40.319235,19.480519,14.153439,-0.060549,-0.041814,-0.018735,15.886015,13.092927,19.327045,-0.121495,-0.136977,0.178121,0.003770,0.706309,0.194175,27.000000,264.876957,53.658537,1.501917,2.079421
2026-03-10T07:30:00Z,0.985646,no_impulse,0,BAJFINANCE,15m,1.000000,77.586207,1.690186,13.000000,0.130014,0.466451,0.517050,-1.953710,2.132017,2.000000,47.099768,1.066009,2.000000,48.826523,31.729055,45.573381,0.000000,0.006223,-0.184406,0.190628,20.871035,33.774610,22.074109,-0.006006,-0.558634,-3.579147,0.497208,0.021507,4.741213,25.000000,72.804054,0.189649,3.000000,62.050199,59.358289,80.737477,0.000000,-0.018342,-0.291197,0.272855,20.544698,40.329614,14.301735,0.860173,0.240550,-2.793393,0.910155,0.021154,6.114123,27.000000,264.876957,0.226449,8.000000,18.182096,5.125628,22.746794,0.000000,-0.469755,-0.146953,-0.322803,15.381376,11.243773,55.937723,-4.207095,-4.707417,-7.290830,-0.508144,0.040046,2.362829,3.000000,107.971014,0.787610,1.000000,53.406040,62.416107,83.288170,1.000000,0.062969,-0.018613,0.081581,16.264696,29.459601,18.878350,0.348667,0.011026,-2.710882,0.679315,0.019512,2.141527,13.000000,81.818182,0.164733,2.000000,45.568261,29.227053,11.585998,1.000000,-0.127027,-0.055564,-0.071464,16.265319,16.845458,27.484367,-0.270725,-0.786657,-3.639187,0.336118,0.016475,2.687772,8.000000,173.287671,0.335972,7.000000,51.719425,66.798419,84.978355,1.000000,0.031996,-0.171637,0.203634,25.036937,27.594375,19.156717,0.228556,-0.486398,-3.426398,0.609506,0.020919,1.527356,7.000000,102.816901,0.218194,4.000000,36.893428,25.342466,21.869749,1.000000,-0.492848,-0.543161,0.050313,29.654582,12.158033,28.378516,-0.769302,-2.053446,-5.156799,-0.162095,0.011530,1.507911,14.000000,56.126482,0.107708,3.000000,41.222439,66.513761,84.901881,1.000000,-0.585265,-0.747506,0.162242,32.975165,17.482740,23.904279,-0.368150,-1.794267,-4.694507,0.397105,0.035648,2.616339,3.000000,115.000000,0.872113,4.000000,2.328042,0.000000,53.658537,0.000000,4.000000,4.158215,3.000000,227.777778,1.386072,4.000000,1.859504,5.000000,105.882353,0.371901,7.000000,1.725888,7.000000,134.387352,0.246555,4.000000,1.300972,4.000000,70.083102,0.325243,3.000000,1.822496,6.000000,93.041237,0.303749,2.000000,1.997940,0.000000,51.187335,0.000000,4.000000,3.756567,7.000000,479.746835,0.536652,4.000000,0.789211,3.000000,50.318471,0.263070,3.000000,1.544212,16.000000,147.417840,0.096513,4.000000,1.058595,8.000000,42.345924,0.132324,3.000000,3.000000,1.000000,40.000000,-1.000000,,,,48.154410,73.768844,72.127303,-0.611955,-0.901120,0.289166,35.105827,18.218222,23.750488,0.172522,-1.592342,0.534576,0.049982,,0.000000,,40.319235,19.480519,14.153439,-0.060549,-0.041814,-0.018735,15.886015,13.092927,19.327045,-0.121495,-0.136977,0.178121,0.003770,0.600227,1.274510,40.000000,264.876957,47.099768,1.467359,1.805773
2026-03-11T06:15:00Z,0.938007,no_impulse,0,BAJFINANCE,15m,-1.000000,290.793651,4.833263,20.000000,0.241663,-2.616218,-3.359892,-5.971244,1.690186,13.000000,77.586207,0.130014,3.000000,60.697475,83.809524,79.680426,1.000000,0.314757,0.253993,0.060764,26.058758,30.072192,16.388896,0.466451,0.517050,-1.953710,0.757770,0.018180,2.132017,2.000000,47.099768,1.066009,2.000000,48.826523,31.729055,45.573381,0.000000,0.006223,-0.184406,0.190628,20.871035,33.774610,22.074109,-0.006006,-0.558634,-3.579147,0.497208,0.021507,4.741213,25.000000,72.804054,0.189649,3.000000,62.050199,59.358289,80.737477,0.000000,-0.018342,-0.291197,0.272855,20.544698,40.329614,14.301735,0.860173,0.240550,-2.793393,0.910155,0.021154,6.114123,27.000000,264.876957,0.226449,8.000000,18.182096,5.125628,22.746794,0.000000,-0.469755,-0.146953,-0.322803,15.381376,11.243773,55.937723,-4.207095,-4.707417,-7.290830,-0.508144,0.040046,2.362829,3.000000,107.971014,0.787610,1.000000,53.406040,62.416107,83.288170,1.000000,0.062969,-0.018613,0.081581,16.264696,29.459601,18.878350,0.348667,0.011026,-2.710882,0.679315,0.019512,2.141527,13.000000,81.818182,0.164733,2.000000,45.568261,29.227053,11.585998,1.000000,-0.127027,-0.055564,-0.071464,16.265319,16.845458,27.484367,-0.270725,-0.786657,-3.639187,0.336118,0.016475,2.687772,8.000000,173.287671,0.335972,7.000000,51.719425,66.798419,84.978355,1.000000,0.031996,-0.171637,0.203634,25.036937,27.594375,19.156717,0.228556,-0.486398,-3.426398,0.609506,0.020919,1.527356,7.000000,102.816901,0.218194,4.000000,36.893428,25.342466,21.869749,1.000000,-0.492848,-0.543161,0.050313,29.654582,12.158033,28.378516,-0.769302,-2.053446,-5.156799,-0.162095,0.011530,1.507911,14.000000,56.126482,0.107708,3.000000,2.616339,3.000000,115.000000,0.872113,4.000000,2.328042,0.000000,53.658537,0.000000,4.000000,4.158215,3.000000,227.777778,1.386072,4.000000,1.859504,5.000000,105.882353,0.371901,7.000000,1.725888,7.000000,134.387352,0.246555,4.000000,1.300972,4.000000,70.083102,0.325243,3.000000,1.822496,6.000000,93.041237,0.303749,2.000000,1.997940,0.000000,51.187335,0.000000,4.000000,3.756567,7.000000,479.746835,0.536652,4.000000,0.789211,3.000000,50.318471,0.263070,3.000000,1.544212,16.000000,147.417840,0.096513,4.000000,4.000000,2.000000,60.000000,-1.000000,,,,26.152453,13.675958,5.943282,-1.183269,-0.896021,-0.287248,37.005028,11.113536,43.764021,-3.376082,-5.512461,-0.060286,0.058289,,0.000000,,40.319235,19.480519,14.153439,-0.060549,-0.041814,-0.018735,15.886015,13.092927,19.327045,-0.121495,-0.136977,0.178121,0.003770,1.756192,1.739130,60.000000,264.876957,47.099768,1.504321,0.806464
2026-03-11T06:15:00Z,0.951685,no_impulse,0,BAJFINANCE,15m,1.000000,28.711790,1.458195,0.000000,0.000000,-2.616218,-3.359892,-5.971244,4.833263,20.000000,290.793651,0.241663,4.000000,15.613849,4.607721,5.853616,1.000000,-0.788681,-0.453413,-0.335268,35.976860,7.900159,50.781069,-2.616218,-3.359892,-5.971244,-0.008972,0.050092,1.690186,13.000000,77.586207,0.130014,3.000000,60.697475,83.809524,79.680426,1.000000,0.314757,0.253993,0.060764,26.058758,30.072192,16.388896,0.466451,0.517050,-1.953710,0.757770,0.018180,2.132017,2.000000,47.099768,1.066009,2.000000,48.826523,31.729055,45.573381,0.000000,0.006223,-0.184406,0.190628,20.871035,33.774610,22.074109,-0.006006,-0.558634,-3.579147,0.497208,0.021507,4.741213,25.000000,72.804054,0.189649,3.000000,62.050199,59.358289,80.737477,0.000000,-0.018342,-0.291197,0.272855,20.544698,40.329614,14.301735,0.860173,0.240550,-2.793393,0.910155,0.021154,6.114123,27.000000,264.876957,0.226449,8.000000,18.182096,5.125628,22.746794,0.000000,-0.469755,-0.146953,-0.322803,15.381376,11.243773,55.937723,-4.207095,-4.707417,-7.290830,-0.508144,0.040046,2.362829,3.000000,107.971014,0.787610,1.000000,53.406040,62.416107,83.288170,1.000000,0.062969,-0.018613,0.081581,16.264696,29.459601,18.878350,0.348667,0.011026,-2.710882,0.679315,0.019512,2.141527,13.000000,81.818182,0.164733,2.000000,45.568261,29.227053,11.585998,1.000000,-0.127027,-0.055564,-0.071464,16.265319,16.845458,27.484367,-0.270725,-0.786657,-3.639187,0.336118,0.016475,2.687772,8.000000,173.287671,0.335972,7.000000,51.719425,66.798419,84.978355,1.000000,0.031996,-0.171637,0.203634,25.036937,27.594375,19.156717,0.228556,-0.486398,-3.426398,0.609506,0.020919,1.527356,7.000000,102.816901,0.218194,4.000000,1.507911,14.000000,56.126482,0.107708,3.000000,2.616339,3.000000,115.000000,0.872113,4.000000,2.328042,0.000000,53.658537,0.000000,4.000000,4.158215,3.000000,227.777778,1.386072,4.000000,1.859504,5.000000,105.882353,0.371901,7.000000,1.725888,7.000000,134.387352,0.246555,4.000000,1.300972,4.000000,70.083102,0.325243,3.000000,1.822496,6.000000,93.041237,0.303749,2.000000,1.997940,0.000000,51.187335,0.000000,4.000000,3.756567,7.000000,479.746835,0.536652,4.000000,0.789211,3.000000,50.318471,0.263070,3.000000,4.000000,3.000000,60.000000,-1.000000,,,,26.152453,13.675958,5.943282,-1.183269,-0.896021,-0.287248,37.005028,11.113536,43.764021,-3.376082,-5.512461,-0.060286,0.058289,,0.000000,,40.319235,19.480519,14.153439,-0.060549,-0.041814,-0.018735,15.886015,13.092927,19.327045,-0.121495,-0.136977,0.178121,0.003770,0.490344,0.000000,60.000000,290.793651,47.099768,1.639378,0.654816
2026-03-11T07:00:00Z,0.930674,no_impulse,0,BAJFINANCE,15m,-1.000000,153.612167,2.207771,3.000000,0.735924,-2.303514,-3.410391,-6.271327,1.458195,0.000000,28.711790,0.000000,4.000000,15.613849,4.607721,5.853616,0.000000,-0.788681,-0.453413,-0.335268,35.976860,7.900159,50.781069,-2.616218,-3.359892,-5.971244,-0.008972,0.050092,4.833263,20.000000,290.793651,0.241663,4.000000,15.613849,4.607721,5.853616,1.000000,-0.788681,-0.453413,-0.335268,35.976860,7.900159,50.781069,-2.616218,-3.359892,-5.971244,-0.008972,0.050092,1.690186,13.000000,77.586207,0.130014,3.000000,60.697475,83.809524,79.680426,1.000000,0.314757,0.253993,0.060764,26.058758,30.072192,16.388896,0.466451,0.517050,-1.953710,0.757770,0.018180,2.132017,2.000000,47.099768,1.066009,2.000000,48.826523,31.729055,45.573381,0.000000,0.006223,-0.184406,0.190628,20.871035,33.774610,22.074109,-0.006006,-0.558634,-3.579147,0.497208,0.021507,4.741213,25.000000,72.804054,0.189649,3.000000,62.050199,59.358289,80.737477,0.000000,-0.018342,-0.291197,0.272855,20.544698,40.329614,14.301735,0.860173,0.240550,-2.793393,0.910155,0.021154,6.114123,27.000000,264.876957,0.226449,8.000000,18.182096,5.125628,22.746794,0.000000,-0.469755,-0.146953,-0.322803,15.381376,11.243773,55.937723,-4.207095,-4.707417,-7.290830,-0.508144,0.040046,2.362829,3.000000,107.971014,0.787610,1.000000,53.406040,62.416107,83.288170,1.000000,0.062969,-0.018613,0.081581,16.264696,29.459601,18.878350,0.348667,0.011026,-2.710882,0.679315,0.019512,2.141527,13.000000,81.818182,0.164733,2.000000,45.568261,29.227053,11.585998,1.000000,-0.127027,-0.055564,-0.071464,16.265319,16.845458,27.484367,-0.270725,-0.786657,-3.639187,0.336118,0.016475,2.687772,8.000000,173.287671,0.335972,7.000000,1.527356,7.000000,102.816901,0.218194,4.000000,1.507911,14.000000,56.126482,0.107708,3.000000,2.616339,3.000000,115.000000,0.872113,4.000000,2.328042,0.000000,53.658537,0.000000,4.000000,4.158215,3.000000,227.777778,1.386072,4.000000,1.859504,5.000000,105.882353,0.371901,7.000000,1.725888,7.000000,134.387352,0.246555,4.000000,1.300972,4.000000,70.083102,0.325243,3.000000,1.822496,6.000000,93.041237,0.303749,2.000000,1.997940,0.000000,51.187335,0.000000,4.000000,3.756567,7.000000,479.746835,0.536652,4.000000,4.000000,4.000000,63.000000,-1.000000,,,,26.152453,13.675958,5.943282,-1.183269,-0.896021,-0.287248,37.005028,11.113536,43.764021,-3.376082,-5.512461,-0.060286,0.058289,,0.000000,,40.319235,19.480519,14.153439,-0.060549,-0.041814,-0.018735,15.886015,13.092927,19.327045,-0.121495,-0.136977,0.178121,0.003770,0.743646,0.254237,63.000000,290.793651,28.711790,1.644386,0.614570
2026-03-11T08:00:00Z,0.942376,no_impulse,0,BAJFINANCE,15m,1.000000,55.693069,1.257334,4.000000,0.314334,-1.453393,-2.745225,-5.816870,2.207771,3.000000,153.612167,0.735924,4.000000,17.347201,10.215054,5.422123,1.000000,-1.098754,-0.732969,-0.365785,43.981620,6.020158,48.790702,-2.303514,-3.410391,-6.271327,0.152114,0.064724,1.458195,0.000000,28.711790,0.000000,4.000000,15.613849,4.607721,5.853616,0.000000,-0.788681,-0.453413,-0.335268,35.976860,7.900159,50.781069,-2.616218,-3.359892,-5.971244,-0.008972,0.050092,4.833263,20.000000,290.793651,0.241663,4.000000,15.613849,4.607721,5.853616,1.000000,-0.788681,-0.453413,-0.335268,35.976860,7.900159,50.781069,-2.616218,-3.359892,-5.971244,-0.008972,0.050092,1.690186,13.000000,77.586207,0.130014,3.000000,60.697475,83.809524,79.680426,1.000000,0.314757,0.253993,0.060764,26.058758,30.072192,16.388896,0.466451,0.517050,-1.953710,0.757770,0.018180,2.132017,2.000000,47.099768,1.066009,2.000000,48.826523,31.729055,45.573381,0.000000,0.006223,-0.184406,0.190628,20.871035,33.774610,22.074109,-0.006006,-0.558634,-3.579147,0.497208,0.021507,4.741213,25.000000,72.804054,0.189649,3.000000,62.050199,59.358289,80.737477,0.000000,-0.018342,-0.291197,0.272855,20.544698,40.329614,14.301735,0.860173,0.240550,-2.793393,0.910155,0.021154,6.114123,27.000000,264.876957,0.226449,8.000000,18.182096,5.125628,22.746794,0.000000,-0.469755,-0.146953,-0.322803,15.381376,11.243773,55.937723,-4.207095,-4.707417,-7.290830,-0.508144,0.040046,2.362829,3.000000,107.971014,0.787610,1.000000,53.406040,62.416107,83.288170,1.000000,0.062969,-0.018613,0.081581,16.264696,29.459601,18.878350,0.348667,0.011026,-2.710882,0.679315,0.019512,2.141527,13.000000,81.818182,0.164733,2.000000,2.687772,8.000000,173.287671,0.335972,7.000000,1.527356,7.000000,102.816901,0.218194,4.000000,1.507911,14.000000,56.126482,0.107708,3.000000,2.616339,3.000000,115.000000,0.872113,4.000000,2.328042,0.000000,53.658537,0.000000,4.000000,4.158215,3.000000,227.777778,1.386072,4.000000,1.859504,5.000000,105.882353,0.371901,7.000000,1.725888,7.000000,134.387352,0.246555,4.000000,1.300972,4.000000,70.083102,0.325243,3.000000,1.822496,6.000000,93.041237,0.303749,2.000000,1.997940,0.000000,51.187335,0.000000,4.000000,3.000000,5.000000,67.000000,-1.000000,,,,25.736092,11.585366,9.413490,-1.320162,-0.981803,-0.338359,38.458195,11.287636,41.643038,-3.179065,-5.431242,0.011514,0.063075,,0.000000,,40.319235,19.480519,14.153439,-0.060549,-0.041814,-0.018735,15.886015,13.092927,19.327045,-0.121495,-0.136977,0.178121,0.003770,0.414020,0.350877,67.000000,290.793651,28.711790,1.591333,0.992504
2026-03-12T03:45:00Z,0.911379,no_impulse,0,BAJFINANCE,15m,-1.000000,264.888889,3.289183,8.000000,0.411148,-2.801623,-4.440373,-8.052120,1.257334,4.000000,55.693069,0.314334,3.000000,25.976303,19.054441,22.339651,1.000000,-1.070280,-0.940809,-0.129471,47.619790,11.641402,38.529886,-1.453393,-2.745225,-5.816870,0.267294,0.061561,2.207771,3.000000,153.612167,0.735924,4.000000,17.347201,10.215054,5.422123,1.000000,-1.098754,-0.732969,-0.365785,43.981620,6.020158,48.790702,-2.303514,-3.410391,-6.271327,0.152114,0.064724,1.458195,0.000000,28.711790,0.000000,4.000000,15.613849,4.607721,5.853616,0.000000,-0.788681,-0.453413,-0.335268,35.976860,7.900159,50.781069,-2.616218,-3.359892,-5.971244,-0.008972,0.050092,4.833263,20.000000,290.793651,0.241663,4.000000,15.613849,4.607721,5.853616,1.000000,-0.788681,-0.453413,-0.335268,35.976860,7.900159,50.781069,-2.616218,-3.359892,-5.971244,-0.008972,0.050092,1.690186,13.000000,77.586207,0.130014,3.000000,60.697475,83.809524,79.680426,1.000000,0.314757,0.253993,0.060764,26.058758,30.072192,16.388896,0.466451,0.517050,-1.953710,0.757770,0.018180,2.132017,2.000000,47.099768,1.066009,2.000000,48.826523,31.729055,45.573381,0.000000,0.006223,-0.184406,0.190628,20.871035,33.774610,22.074109,-0.006006,-0.558634,-3.579147,0.497208,0.021507,4.741213,25.000000,72.804054,0.189649,3.000000,62.050199,59.358289,80.737477,0.000000,-0.018342,-0.291197,0.272855,20.544698,40.329614,14.301735,0.860173,0.240550,-2.793393,0.910155,0.021154,6.114123,27.000000,264.876957,0.226449,8.000000,18.182096,5.125628,22.746794,0.000000,-0.469755,-0.146953,-0.322803,15.381376,11.243773,55.937723,-4.207095,-4.707417,-7.290830,-0.508144,0.040046,2.362829,3.000000,107.971014,0.787610,1.000000,2.141527,13.000000,81.818182,0.164733,2.000000,2.687772,8.000000,173.287671,0.335972,7.000000,1.527356,7.000000,102.816901,0.218194,4.000000,1.507911,14.000000,56.126482,0.107708,3.000000,2.616339,3.000000,115.000000,0.872113,4.000000,2.328042,0.000000,53.658537,0.000000,4.000000,4.158215,3.000000,227.777778,1.386072,4.000000,1.859504,5.000000,105.882353,0.371901,7.000000,1.725888,7.000000,134.387352,0.246555,4.000000,1.300972,4.000000,70.083102,0.325243,3.000000,1.822496,6.000000,93.041237,0.303749,2.000000,4.000000,6.000000,75.000000,-1.000000,,,,17.743789,0.863787,1.666017,-1.912513,-1.361924,-0.550589,43.709389,8.745106,50.031787,-5.207939,-8.024748,-0.038142,0.091986,,0.000000,,40.319235,19.480519,14.153439,-0.060549,-0.041814,-0.018735,15.886015,13.092927,19.327045,-0.121495,-0.136977,0.178121,0.003770,1.136613,0.727273,75.000000,290.793651,28.711790,1.687582,0.568808
2026-03-12T03:45:00Z,0.923861,no_impulse,0,BAJFINANCE,15m,1.000000,40.268456,1.369550,0.000000,0.000000,-2.801623,-4.440373,-8.052120,3.289183,8.000000,264.888889,0.411148,4.000000,15.344565,8.053691,6.926866,1.000000,-1.156372,-1.037285,-0.119087,54.674446,5.865235,48.435056,-2.801623,-4.440373,-8.052120,-0.134161,0.042974,1.257334,4.000000,55.693069,0.314334,3.000000,25.976303,19.054441,22.339651,1.000000,-1.070280,-0.940809,-0.129471,47.619790,11.641402,38.529886,-1.453393,-2.745225,-5.816870,0.267294,0.061561,2.207771,3.000000,153.612167,0.735924,4.000000,17.347201,10.215054,5.422123,1.000000,-1.098754,-0.732969,-0.365785,43.981620,6.020158,48.790702,-2.303514,-3.410391,-6.271327,0.152114,0.064724,1.458195,0.000000,28.711790,0.000000,4.000000,15.613849,4.607721,5.853616,0.000000,-0.788681,-0.453413,-0.335268,35.976860,7.900159,50.781069,-2.616218,-3.359892,-5.971244,-0.008972,0.050092,4.833263,20.000000,290.793651,0.241663,4.000000,15.613849,4.607721,5.853616,1.000000,-0.788681,-0.453413,-0.335268,35.976860,7.900159,50.781069,-2.616218,-3.359892,-5.971244,-0.008972,0.050092,1.690186,13.000000,77.586207,0.130014,3.000000,60.697475,83.809524,79.680426,1.000000,0.314757,0.253993,0.060764,26.058758,30.072192,16.388896,0.466451,0.517050,-1.953710,0.757770,0.018180,2.132017,2.000000,47.099768,1.066009,2.000000,48.826523,31.729055,45.573381,0.000000,0.006223,-0.184406,0.190628,20.871035,33.774610,22.074109,-0.006006,-0.558634,-3.579147,0.497208,0.021507,4.741213,25.000000,72.804054,0.189649,3.000000,62.050199,59.358289,80.737477,0.000000,-0.018342,-0.291197,0.272855,20.544698,40.329614,14.301735,0.860173,0.240550,-2.793393,0.910155,0.021154,6.114123,27.000000,264.876957,0.226449,8.000000,2.362829,3.000000,107.971014,0.787610,1.000000,2.141527,13.000000,81.818182,0.164733,2.000000,2.687772,8.000000,173.287671,0.335972,7.000000,1.527356,7.000000,102.816901,0.218194,4.000000,1.507911,14.000000,56.126482,0.107708,3.000000,2.616339,3.000000,115.000000,0.872113,4.000000,2.328042,0.000000,53.658537,0.000000,4.000000,4.158215,3.000000,227.777778,1.386072,4.000000,1.859504,5.000000,105.882353,0.371901,7.000000,1.725888,7.000000,134.387352,0.246555,4.000000,1.300972,4.000000,70.083102,0.325243,3.000000,4.000000,7.000000,75.000000,-1.000000,,,,17.743789,0.863787,1.666017,-1.912513,-1.361924,-0.550589,43.709389,8.745106,50.031787,-5.207939,-8.024748,-0.038142,0.091986,,0.000000,,40.319235,19.480519,14.153439,-0.060549,-0.041814,-0.018735,15.886015,13.092927,19.327045,-0.121495,-0.136977,0.178121,0.003770,0.455210,0.000000,75.000000,290.793651,28.711790,1.669664,0.846228
2026-03-12T04:45:00Z,0.905970,no_impulse,0,BAJFINANCE,15m,-1.000000,143.333333,1.936501,4.000000,0.484125,-2.231670,-4.216632,-8.227473,1.369550,0.000000,40.268456,0.000000,4.000000,15.344565,8.053691,6.926866,0.000000,-1.156372,-1.037285,-0.119087,54.674446,5.865235,48.435056,-2.801623,-4.440373,-8.052120,-0.134161,0.042974,3.289183,8.000000,264.888889,0.411148,4.000000,15.344565,8.053691,6.926866,1.000000,-1.156372,-1.037285,-0.119087,54.674446,5.865235,48.435056,-2.801623,-4.440373,-8.052120,-0.134161,0.042974,1.257334,4.000000,55.693069,0.314334,3.000000,25.976303,19.054441,22.339651,1.000000,-1.070280,-0.940809,-0.129471,47.619790,11.641402,38.529886,-1.453393,-2.745225,-5.816870,0.267294,0.061561,2.207771,3.000000,153.612167,0.735924,4.000000,17.347201,10.215054,5.422123,1.000000,-1.098754,-0.732969,-0.365785,43.981620,6.020158,48.790702,-2.303514,-3.410391,-6.271327,0.152114,0.064724,1.458195,0.000000,28.711790,0.000000,4.000000,15.613849,4.607721,5.853616,0.000000,-0.788681,-0.453413,-0.335268,35.976860,7.900159,50.781069,-2.616218,-3.359892,-5.971244,-0.008972,0.050092,4.833263,20.000000,290.793651,0.241663,4.000000,15.613849,4.607721,5.853616,1.000000,-0.788681,-0.453413,-0.335268,35.976860,7.900159,50.781069,-2.616218,-3.359892,-5.971244,-0.008972,0.050092,1.690186,13.000000,77.586207,0.130014,3.000000,60.697475,83.809524,79.680426,1.000000,0.314757,0.253993,0.060764,26.058758,30.072192,16.388896,0.466451,0.517050,-1.953710,0.757770,0.018180,2.132017,2.000000,47.099768,1.066009,2.000000,48.826523,31.729055,45.573381,0.000000,0.006223,-0.184406,0.190628,20.871035,33.774610,22.074109,-0.006006,-0.558634,-3.579147,0.497208,0.021507,4.741213,25.000000,72.804054,0.189649,3.000000,6.114123,27.000000,264.876957,0.226449,8.000000,2.362829,3.000000,107.971014,0.787610,1.000000,2.141527,13.000000,81.818182,0.164733,2.000000,2.687772,8.000000,173.287671,0.335972,7.000000,1.527356,7.000000,102.816901,0.218194,4.000000,1.507911,14.000000,56.126482,0.107708,3.000000,2.616339,3.000000,115.000000,0.872113,4.000000,2.328042,0.000000,53.658537,0.000000,4.000000,4.158215,3.000000,227.777778,1.386072,4.000000,1.859504,5.000000,105.882353,0.371901,7.000000,1.725888,7.000000,134.387352,0.246555,4.000000,4.000000,8.000000,79.000000,-1.000000,,,,24.137267,11.553525,4.675441,-2.010572,-1.483171,-0.527401,45.640300,8.043200,46.938269,-3.970865,-6.902016,0.122494,0.101169,,0.000000,,40.319235,19.480519,14.153439,-0.060549,-0.041814,-0.018735,15.886015,13.092927,19.327045,-0.121495,-0.136977,0.178121,0.003770,0.665628,0.392157,79.000000,290.793651,28.711790,1.740397,0.696071
2026-03-12T08:00:00Z,0.918504,no_impulse,0,BAJFINANCE,15m,1.000000,70.058140,1.383467,13.000000,0.106421,-0.255093,-2.033429,-6.630481,1.936501,4.000000,143.333333,0.484125,4.000000,16.587504,10.000000,7.889818,0.000000,-1.410806,-1.227509,-0.183297,61.244676,4.345703,41.843876,-2.231670,-4.216632,-8.227473,0.055392,0.049098,1.369550,0.000000,40.268456,0.000000,4.000000,15.344565,8.053691,6.926866,0.000000,-1.156372,-1.037285,-0.119087,54.674446,5.865235,48.435056,-2.801623,-4.440373,-8.052120,-0.134161,0.042974,3.289183,8.000000,264.888889,0.411148,4.000000,15.344565,8.053691,6.926866,1.000000,-1.156372,-1.037285,-0.119087,54.674446,5.865235,48.435056,-2.801623,-4.440373,-8.052120,-0.134161,0.042974,1.257334,4.000000,55.693069,0.314334,3.000000,25.976303,19.054441,22.339651,1.000000,-1.070280,-0.940809,-0.129471,47.619790,11.641402,38.529886,-1.453393,-2.745225,-5.816870,0.267294,0.061561,2.207771,3.000000,153.612167,0.735924,4.000000,17.347201,10.215054,5.422123,1.000000,-1.098754,-0.732969,-0.365785,43.981620,6.020158,48.790702,-2.303514,-3.410391,-6.271327,0.152114,0.064724,1.458195,0.000000,28.711790,0.000000,4.000000,15.613849,4.607721,5.853616,0.000000,-0.788681,-0.453413,-0.335268,35.976860,7.900159,50.781069,-2.616218,-3.359892,-5.971244,-0.008972,0.050092,4.833263,20.000000,290.793651,0.241663,4.000000,15.613849,4.607721,5.853616,1.000000,-0.788681,-0.453413,-0.335268,35.976860,7.900159,50.781069,-2.616218,-3.359892,-5.971244,-0.008972,0.050092,1.690186,13.000000,77.586207,0.130014,3.000000,60.697475,83.809524,79.680426,1.000000,0.314757,0.253993,0.060764,26.058758,30.072192,16.388896,0.466451,0.517050,-1.953710,0.757770,0.018180,2.132017,2.000000,47.099768,1.066009,2.000000,4.741213,25.000000,72.804054,0.189649,3.000000,6.114123,27.000000,264.876957,0.226449,8.000000,2.362829,3.000000,107.971014,0.787610,1.000000,2.141527,13.000000,81.818182,0.164733,2.000000,2.687772,8.000000,173.287671,0.335972,7.000000,1.527356,7.000000,102.816901,0.218194,4.000000,1.507911,14.000000,56.126482,0.107708,3.000000,2.616339,3.000000,115.000000,0.872113,4.000000,2.328042,0.000000,53.658537,0.000000,4.000000,4.158215,3.000000,227.777778,1.386072,4.000000,1.859504,5.000000,105.882353,0.371901,7.000000,3.000000,9.000000,92.000000,-1.000000,,,,22.296783,3.448276,6.223722,-2.214153,-1.824250,-0.389903,50.069402,8.799328,38.665901,-3.550835,-6.826736,0.218165,0.121669,,0.000000,,40.319235,19.480519,14.153439,-0.060549,-0.041814,-0.018735,15.886015,13.092927,19.327045,-0.121495,-0.136977,0.178121,0.003770,0.555270,1.645570,92.000000,290.793651,28.711790,1.341263,1.339596
2026-03-13T08:15:00Z,0.882879,no_impulse,0,BAJFINANCE,15m,-1.000000,284.232365,3.878603,26.000000,0.149177,-1.222445,-2.847840,-8.390996,1.383467,13.000000,70.058140,0.106421,3.000000,41.697624,72.199170,59.243695,0.000000,-0.761069,-0.970235,0.209165,49.215139,18.563125,26.386030,-0.255093,-2.033429,-6.630481,0.393672,0.023930,1.936501,4.000000,143.333333,0.484125,4.000000,16.587504,10.000000,7.889818,0.000000,-1.410806,-1.227509,-0.183297,61.244676,4.345703,41.843876,-2.231670,-4.216632,-8.227473,0.055392,0.049098,1.369550,0.000000,40.268456,0.000000,4.000000,15.344565,8.053691,6.926866,0.000000,-1.156372,-1.037285,-0.119087,54.674446,5.865235,48.435056,-2.801623,-4.440373,-8.052120,-0.134161,0.042974,3.289183,8.000000,264.888889,0.411148,4.000000,15.344565,8.053691,6.926866,1.000000,-1.156372,-1.037285,-0.119087,54.674446,5.865235,48.435056,-2.801623,-4.440373,-8.052120,-0.134161,0.042974,1.257334,4.000000,55.693069,0.314334,3.000000,25.976303,19.054441,22.339651,1.000000,-1.070280,-0.940809,-0.129471,47.619790,11.641402,38.529886,-1.453393,-2.745225,-5.816870,0.267294,0.061561,2.207771,3.000000,153.612167,0.735924,4.000000,17.347201,10.215054,5.422123,1.000000,-1.098754,-0.732969,-0.365785,43.981620,6.020158,48.790702,-2.303514,-3.410391,-6.271327,0.152114,0.064724,1.458195,0.000000,28.711790,0.000000,4.000000,15.613849,4.607721,5.853616,0.000000,-0.788681,-0.453413,-0.335268,35.976860,7.900159,50.781069,-2.616218,-3.359892,-5.971244,-0.008972,0.050092,4.833263,20.000000,290.793651,0.241663,4.000000,15.613849,4.607721,5.853616,1.000000,-0.788681,-0.453413,-0.335268,35.976860,7.900159,50.781069,-2.616218,-3.359892,-5.971244,-0.008972,0.050092,1.690186,13.000000,77.586207,0.130014,3.000000,2.132017,2.000000,47.099768,1.066009,2.000000,4.741213,25.000000,72.804054,0.189649,3.000000,6.114123,27.000000,264.876957,0.226449,8.000000,2.362829,3.000000,107.971014,0.787610,1.000000,2.141527,13.000000,81.818182,0.164733,2.000000,2.687772,8.000000,173.287671,0.335972,7.000000,1.527356,7.000000,102.816901,0.218194,4.000000,1.507911,14.000000,56.126482,0.107708,3.000000,2.616339,3.000000,115.000000,0.872113,4.000000,2.328042,0.000000,53.658537,0.000000,4.000000,4.158215,3.000000,227.777778,1.386072,4.000000,4.000000,10.000000,118.000000,-1.000000,,,,22.530443,13.283741,8.911185,-2.386133,-2.337496,-0.048637,56.334696,8.319826,36.166189,-2.798608,-6.750804,0.224026,0.098648,,0.000000,,40.319235,19.480519,14.153439,-0.060549,-0.041814,-0.018735,15.886015,13.092927,19.327045,-0.121495,-0.136977,0.178121,0.003770,1.799192,3.880597,58.000000,290.793651,28.711790,1.117045,0.694302
2026-03-16T04:00:00Z,0.903474,no_impulse,0,BAJFINANCE,15m,1.000000,57.810219,2.332705,8.000000,0.291588,0.902959,-0.308220,-5.689471,3.878603,26.000000,284.232365,0.149177,4.000000,29.807812,2.301790,7.627609,1.000000,-0.738879,-0.693809,-0.045071,45.628233,11.450488,32.838625,-1.222445,-2.847840,-8.390996,0.035234,0.025985,1.383467,13.000000,70.058140,0.106421,3.000000,41.697624,72.199170,59.243695,0.000000,-0.761069,-0.970235,0.209165,49.215139,18.563125,26.386030,-0.255093,-2.033429,-6.630481,0.393672,0.023930,1.936501,4.000000,143.333333,0.484125,4.000000,16.587504,10.000000,7.889818,0.000000,-1.410806,-1.227509,-0.183297,61.244676,4.345703,41.843876,-2.231670,-4.216632,-8.227473,0.055392,0.049098,1.369550,0.000000,40.268456,0.000000,4.000000,15.344565,8.053691,6.926866,0.000000,-1.156372,-1.037285,-0.119087,54.674446,5.865235,48.435056,-2.801623,-4.440373,-8.052120,-0.134161,0.042974,3.289183,8.000000,264.888889,0.411148,4.000000,15.344565,8.053691,6.926866,1.000000,-1.156372,-1.037285,-0.119087,54.674446,5.865235,48.435056,-2.801623,-4.440373,-8.052120,-0.134161,0.042974,1.257334,4.000000,55.693069,0.314334,3.000000,25.976303,19.054441,22.339651,1.000000,-1.070280,-0.940809,-0.129471,47.619790,11.641402,38.529886,-1.453393,-2.745225,-5.816870,0.267294,0.061561,2.207771,3.000000,153.612167,0.735924,4.000000,17.347201,10.215054,5.422123,1.000000,-1.098754,-0.732969,-0.365785,43.981620,6.020158,48.790702,-2.303514,-3.410391,-6.271327,0.152114,0.064724,1.458195,0.000000,28.711790,0.000000,4.000000,15.613849,4.607721,5.853616,0.000000,-0.788681,-0.453413,-0.335268,35.976860,7.900159,50.781069,-2.616218,-3.359892,-5.971244,-0.008972,0.050092,4.833263,20.000000,290.793651,0.241663,4.000000,1.690186,13.000000,77.586207,0.130014,3.000000,2.132017,2.000000,47.099768,1.066009,2.000000,4.741213,25.000000,72.804054,0.189649,3.000000,6.114123,27.000000,264.876957,0.226449,8.000000,2.362829,3.000000,107.971014,0.787610,1.000000,2.141527,13.000000,81.818182,0.164733,2.000000,2.687772,8.000000,173.287671,0.335972,7.000000,1.527356,7.000000,102.816901,0.218194,4.000000,1.507911,14.000000,56.126482,0.107708,3.000000,2.616339,3.000000,115.000000,0.872113,4.000000,2.328042,0.000000,53.658537,0.000000,4.000000,3.000000,11.000000,126.000000,-1.000000,,,,35.680152,52.262774,28.363221,-2.092005,-2.258177,0.166172,54.968156,15.891433,30.432031,-1.058384,-4.862783,0.361723,0.075739,,0.000000,,40.319235,19.480519,14.153439,-0.060549,-0.041814,-0.018735,15.886015,13.092927,19.327045,-0.121495,-0.136977,0.178121,0.003770,1.000987,0.879121,66.000000,290.793651,28.711790,1.242431,1.216783
2026-03-16T05:15:00Z,0.888080,no_impulse,0,BAJFINANCE,15m,-1.000000,74.747475,1.703891,5.000000,0.340778,-0.340431,-1.277620,-6.567595,2.332705,8.000000,57.810219,0.291588,3.000000,57.924588,88.636364,67.026005,1.000000,-0.301367,-0.497046,0.195679,36.626704,20.046736,22.105180,0.902959,-0.308220,-5.689471,0.898001,0.022894,3.878603,26.000000,284.232365,0.149177,4.000000,29.807812,2.301790,7.627609,1.000000,-0.738879,-0.693809,-0.045071,45.628233,11.450488,32.838625,-1.222445,-2.847840,-8.390996,0.035234,0.025985,1.383467,13.000000,70.058140,0.106421,3.000000,41.697624,72.199170,59.243695,0.000000,-0.761069,-0.970235,0.209165,49.215139,18.563125,26.386030,-0.255093,-2.033429,-6.630481,0.393672,0.023930,1.936501,4.000000,143.333333,0.484125,4.000000,16.587504,10.000000,7.889818,0.000000,-1.410806,-1.227509,-0.183297,61.244676,4.345703,41.843876,-2.231670,-4.216632,-8.227473,0.055392,0.049098,1.369550,0.000000,40.268456,0.000000,4.000000,15.344565,8.053691,6.926866,0.000000,-1.156372,-1.037285,-0.119087,54.674446,5.865235,48.435056,-2.801623,-4.440373,-8.052120,-0.134161,0.042974,3.289183,8.000000,264.888889,0.411148,4.000000,15.344565,8.053691,6.926866,1.000000,-1.156372,-1.037285,-0.119087,54.674446,5.865235,48.435056,-2.801623,-4.440373,-8.052120,-0.134161,0.042974,1.257334,4.000000,55.693069,0.314334,3.000000,25.976303,19.054441,22.339651,1.000000,-1.070280,-0.940809,-0.129471,47.619790,11.641402,38.529886,-1.453393,-2.745225,-5.816870,0.267294,0.061561,2.207771,3.000000,153.612167,0.735924,4.000000,17.347201,10.215054,5.422123,1.000000,-1.098754,-0.732969,-0.365785,43.981620,6.020158,48.790702,-2.303514,-3.410391,-6.271327,0.152114,0.064724,1.458195,0.000000,28.711790,0.000000,4.000000,4.833263,20.000000,290.793651,0.241663,4.000000,1.690186,13.000000,77.586207,0.130014,3.000000,2.132017,2.000000,47.099768,1.066009,2.000000,4.741213,25.000000,72.804054,0.189649,3.000000,6.114123,27.000000,264.876957,0.226449,8.000000,2.362829,3.000000,107.971014,0.787610,1.000000,2.141527,13.000000,81.818182,0.164733,2.000000,2.687772,8.000000,173.287671,0.335972,7.000000,1.527356,7.000000,102.816901,0.218194,4.000000,1.507911,14.000000,56.126482,0.107708,3.000000,2.616339,3.000000,115.000000,0.872113,4.000000,2.000000,1.000000,131.000000,-1.000000,,,,37.627134,49.197080,44.866180,-1.831256,-2.131324,0.300068,51.254836,15.461901,25.701973,-0.911982,-4.582341,0.354013,0.061906,,0.000000,,40.319235,19.480519,14.153439,-0.060549,-0.041814,-0.018735,15.886015,13.092927,19.327045,-0.121495,-0.136977,0.178121,0.003770,0.711539,0.581395,71.000000,290.793651,28.711790,1.222091,1.151555
2026-03-16T08:45:00Z,0.914084,no_impulse,0,BAJFINANCE,15m,1.000000,168.918919,2.928086,14.000000,0.209149,1.311851,1.109358,-3.408289,1.703891,5.000000,74.747475,0.340778,2.000000,44.573398,39.454094,52.440033,1.000000,-0.120004,-0.245443,0.125440,30.480608,14.637441,29.266336,-0.340431,-1.277620,-6.567595,0.345320,0.021934,2.332705,8.000000,57.810219,0.291588,3.000000,57.924588,88.636364,67.026005,1.000000,-0.301367,-0.497046,0.195679,36.626704,20.046736,22.105180,0.902959,-0.308220,-5.689471,0.898001,0.022894,3.878603,26.000000,284.232365,0.149177,4.000000,29.807812,2.301790,7.627609,1.000000,-0.738879,-0.693809,-0.045071,45.628233,11.450488,32.838625,-1.222445,-2.847840,-8.390996,0.035234,0.025985,1.383467,13.000000,70.058140,0.106421,3.000000,41.697624,72.199170,59.243695,0.000000,-0.761069,-0.970235,0.209165,49.215139,18.563125,26.386030,-0.255093,-2.033429,-6.630481,0.393672,0.023930,1.936501,4.000000,143.333333,0.484125,4.000000,16.587504,10.000000,7.889818,0.000000,-1.410806,-1.227509,-0.183297,61.244676,4.345703,41.843876,-2.231670,-4.216632,-8.227473,0.055392,0.049098,1.369550,0.000000,40.268456,0.000000,4.000000,15.344565,8.053691,6.926866,0.000000,-1.156372,-1.037285,-0.119087,54.674446,5.865235,48.435056,-2.801623,-4.440373,-8.052120,-0.134161,0.042974,3.289183,8.000000,264.888889,0.411148,4.000000,15.344565,8.053691,6.926866,1.000000,-1.156372,-1.037285,-0.119087,54.674446,5.865235,48.435056,-2.801623,-4.440373,-8.052120,-0.134161,0.042974,1.257334,4.000000,55.693069,0.314334,3.000000,25.976303,19.054441,22.339651,1.000000,-1.070280,-0.940809,-0.129471,47.619790,11.641402,38.529886,-1.453393,-2.745225,-5.816870,0.267294,0.061561,2.207771,3.000000,153.612167,0.735924,4.000000,1.458195,0.000000,28.711790,0.000000,4.000000,4.833263,20.000000,290.793651,0.241663,4.000000,1.690186,13.000000,77.586207,0.130014,3.000000,2.132017,2.000000,47.099768,1.066009,2.000000,4.741213,25.000000,72.804054,0.189649,3.000000,6.114123,27.000000,264.876957,0.226449,8.000000,2.362829,3.000000,107.971014,0.787610,1.000000,2.141527,13.000000,81.818182,0.164733,2.000000,2.687772,8.000000,173.287671,0.335972,7.000000,1.527356,7.000000,102.816901,0.218194,4.000000,1.507911,14.000000,56.126482,0.107708,3.000000,1.000000,2.000000,145.000000,-1.000000,,,,49.636061,91.993958,72.358102,-1.268689,-1.782418,0.513729,44.146208,22.320016,20.836763,0.706861,-2.527032,0.686911,0.038087,,0.000000,,40.319235,19.480519,14.153439,-0.060549,-0.041814,-0.018735,15.886015,13.092927,19.327045,-0.121495,-0.136977,0.178121,0.003770,1.406571,1.971831,85.000000,284.232365,28.711790,0.881452,1.687849
2026-03-16T08:45:00Z,0.902122,no_impulse,0,BAJFINANCE,15m,-1.000000,46.000000,1.308603,0.000000,0.000000,1.311851,1.109358,-3.408289,2.928086,14.000000,168.918919,0.209149,1.000000,69.759399,92.600423,91.127068,1.000000,0.275927,0.143337,0.132590,18.638894,31.696666,13.197076,1.311851,1.109358,-3.408289,1.217821,0.018518,1.703891,5.000000,74.747475,0.340778,2.000000,44.573398,39.454094,52.440033,1.000000,-0.120004,-0.245443,0.125440,30.480608,14.637441,29.266336,-0.340431,-1.277620,-6.567595,0.345320,0.021934,2.332705,8.000000,57.810219,0.291588,3.000000,57.924588,88.636364,67.026005,1.000000,-0.301367,-0.497046,0.195679,36.626704,20.046736,22.105180,0.902959,-0.308220,-5.689471,0.898001,0.022894,3.878603,26.000000,284.232365,0.149177,4.000000,29.807812,2.301790,7.627609,1.000000,-0.738879,-0.693809,-0.045071,45.628233,11.450488,32.838625,-1.222445,-2.847840,-8.390996,0.035234,0.025985,1.383467,13.000000,70.058140,0.106421,3.000000,41.697624,72.199170,59.243695,0.000000,-0.761069,-0.970235,0.209165,49.215139,18.563125,26.386030,-0.255093,-2.033429,-6.630481,0.393672,0.023930,1.936501,4.000000,143.333333,0.484125,4.000000,16.587504,10.000000,7.889818,0.000000,-1.410806,-1.227509,-0.183297,61.244676,4.345703,41.843876,-2.231670,-4.216632,-8.227473,0.055392,0.049098,1.369550,0.000000,40.268456,0.000000,4.000000,15.344565,8.053691,6.926866,0.000000,-1.156372,-1.037285,-0.119087,54.674446,5.865235,48.435056,-2.801623,-4.440373,-8.052120,-0.134161,0.042974,3.289183,8.000000,264.888889,0.411148,4.000000,15.344565,8.053691,6.926866,1.000000,-1.156372,-1.037285,-0.119087,54.674446,5.865235,48.435056,-2.801623,-4.440373,-8.052120,-0.134161,0.042974,1.257334,4.000000,55.693069,0.314334,3.000000,2.207771,3.000000,153.612167,0.735924,4.000000,1.458195,0.000000,28.711790,0.000000,4.000000,4.833263,20.000000,290.793651,0.241663,4.000000,1.690186,13.000000,77.586207,0.130014,3.000000,2.132017,2.000000,47.099768,1.066009,2.000000,4.741213,25.000000,72.804054,0.189649,3.000000,6.114123,27.000000,264.876957,0.226449,8.000000,2.362829,3.000000,107.971014,0.787610,1.000000,2.141527,13.000000,81.818182,0.164733,2.000000,2.687772,8.000000,173.287671,0.335972,7.000000,1.527356,7.000000,102.816901,0.218194,4.000000,1.000000,3.000000,145.000000,-1.000000,,,,49.636061,91.993958,72.358102,-1.268689,-1.782418,0.513729,44.146208,22.320016,20.836763,0.706861,-2.527032,0.686911,0.038087,,0.000000,,40.319235,19.480519,14.153439,-0.060549,-0.041814,-0.018735,15.886015,13.092927,19.327045,-0.121495,-0.136977,0.178121,0.003770,0.587157,0.000000,85.000000,284.232365,40.268456,0.888451,0.967509
2026-03-16T09:30:00Z,0.916476,no_impulse,0,BAJFINANCE,15m,1.000000,120.000000,1.591145,3.000000,0.530382,1.137964,1.195839,-3.058467,1.308603,0.000000,46.000000,0.000000,1.000000,69.759399,92.600423,91.127068,0.000000,0.275927,0.143337,0.132590,18.638894,31.696666,13.197076,1.311851,1.109358,-3.408289,1.217821,0.018518,2.928086,14.000000,168.918919,0.209149,1.000000,69.759399,92.600423,91.127068,1.000000,0.275927,0.143337,0.132590,18.638894,31.696666,13.197076,1.311851,1.109358,-3.408289,1.217821,0.018518,1.703891,5.000000,74.747475,0.340778,2.000000,44.573398,39.454094,52.440033,1.000000,-0.120004,-0.245443,0.125440,30.480608,14.637441,29.266336,-0.340431,-1.277620,-6.567595,0.345320,0.021934,2.332705,8.000000,57.810219,0.291588,3.000000,57.924588,88.636364,67.026005,1.000000,-0.301367,-0.497046,0.195679,36.626704,20.046736,22.105180,0.902959,-0.308220,-5.689471,0.898001,0.022894,3.878603,26.000000,284.232365,0.149177,4.000000,29.807812,2.301790,7.627609,1.000000,-0.738879,-0.693809,-0.045071,45.628233,11.450488,32.838625,-1.222445,-2.847840,-8.390996,0.035234,0.025985,1.383467,13.000000,70.058140,0.106421,3.000000,41.697624,72.199170,59.243695,0.000000,-0.761069,-0.970235,0.209165,49.215139,18.563125,26.386030,-0.255093,-2.033429,-6.630481,0.393672,0.023930,1.936501,4.000000,143.333333,0.484125,4.000000,16.587504,10.000000,7.889818,0.000000,-1.410806,-1.227509,-0.183297,61.244676,4.345703,41.843876,-2.231670,-4.216632,-8.227473,0.055392,0.049098,1.369550,0.000000,40.268456,0.000000,4.000000,15.344565,8.053691,6.926866,0.000000,-1.156372,-1.037285,-0.119087,54.674446,5.865235,48.435056,-2.801623,-4.440373,-8.052120,-0.134161,0.042974,3.289183,8.000000,264.888889,0.411148,4.000000,1.257334,4.000000,55.693069,0.314334,3.000000,2.207771,3.000000,153.612167,0.735924,4.000000,1.458195,0.000000,28.711790,0.000000,4.000000,4.833263,20.000000,290.793651,0.241663,4.000000,1.690186,13.000000,77.586207,0.130014,3.000000,2.132017,2.000000,47.099768,1.066009,2.000000,4.741213,25.000000,72.804054,0.189649,3.000000,6.114123,27.000000,264.876957,0.226449,8.000000,2.362829,3.000000,107.971014,0.787610,1.000000,2.141527,13.000000,81.818182,0.164733,2.000000,2.687772,8.000000,173.287671,0.335972,7.000000,1.000000,4.000000,148.000000,-1.000000,,,,45.838353,75.528701,81.816574,-1.125297,-1.659887,0.534590,41.238400,21.207735,19.798397,0.079218,-3.042329,0.520725,0.038254,,0.000000,,40.319235,19.480519,14.153439,-0.060549,-0.041814,-0.018735,15.886015,13.092927,19.327045,-0.121495,-0.136977,0.178121,0.003770,0.743945,0.365854,88.000000,284.232365,40.268456,0.935083,0.782193
2026-03-17T06:15:00Z,0.894061,no_impulse,0,BAJFINANCE,15m,-1.000000,156.159420,2.445806,12.000000,0.203817,-0.782757,-0.801706,-4.624485,1.591145,3.000000,120.000000,0.530382,1.000000,70.018758,86.513995,89.815090,1.000000,0.483149,0.288188,0.194961,23.656765,30.416400,13.533451,1.137964,1.195839,-3.058467,0.879761,0.030310,1.308603,0.000000,46.000000,0.000000,1.000000,69.759399,92.600423,91.127068,0.000000,0.275927,0.143337,0.132590,18.638894,31.696666,13.197076,1.311851,1.109358,-3.408289,1.217821,0.018518,2.928086,14.000000,168.918919,0.209149,1.000000,69.759399,92.600423,91.127068,1.000000,0.275927,0.143337,0.132590,18.638894,31.696666,13.197076,1.311851,1.109358,-3.408289,1.217821,0.018518,1.703891,5.000000,74.747475,0.340778,2.000000,44.573398,39.454094,52.440033,1.000000,-0.120004,-0.245443,0.125440,30.480608,14.637441,29.266336,-0.340431,-1.277620,-6.567595,0.345320,0.021934,2.332705,8.000000,57.810219,0.291588,3.000000,57.924588,88.636364,67.026005,1.000000,-0.301367,-0.497046,0.195679,36.626704,20.046736,22.105180,0.902959,-0.308220,-5.689471,0.898001,0.022894,3.878603,26.000000,284.232365,0.149177,4.000000,29.807812,2.301790,7.627609,1.000000,-0.738879,-0.693809,-0.045071,45.628233,11.450488,32.838625,-1.222445,-2.847840,-8.390996,0.035234,0.025985,1.383467,13.000000,70.058140,0.106421,3.000000,41.697624,72.199170,59.243695,0.000000,-0.761069,-0.970235,0.209165,49.215139,18.563125,26.386030,-0.255093,-2.033429,-6.630481,0.393672,0.023930,1.936501,4.000000,143.333333,0.484125,4.000000,16.587504,10.000000,7.889818,0.000000,-1.410806,-1.227509,-0.183297,61.244676,4.345703,41.843876,-2.231670,-4.216632,-8.227473,0.055392,0.049098,1.369550,0.000000,40.268456,0.000000,4.000000,3.289183,8.000000,264.888889,0.411148,4.000000,1.257334,4.000000,55.693069,0.314334,3.000000,2.207771,3.000000,153.612167,0.735924,4.000000,1.458195,0.000000,28.711790,0.000000,4.000000,4.833263,20.000000,290.793651,0.241663,4.000000,1.690186,13.000000,77.586207,0.130014,3.000000,2.132017,2.000000,47.099768,1.066009,2.000000,4.741213,25.000000,72.804054,0.189649,3.000000,6.114123,27.000000,264.876957,0.226449,8.000000,2.362829,3.000000,107.971014,0.787610,1.000000,2.141527,13.000000,81.818182,0.164733,2.000000,8.000000,1.000000,160.000000,-1.000000,,,,41.715980,52.265861,53.675730,-0.849743,-1.214150,0.364406,33.878869,15.459821,23.180241,-0.641089,-3.421994,0.300759,0.031972,,0.000000,,40.319235,19.480519,14.153439,-0.060549,-0.041814,-0.018735,15.886015,13.092927,19.327045,-0.121495,-0.136977,0.178121,0.003770,1.125972,1.481481,100.000000,284.232365,40.268456,0.905614,0.736284
2026-03-18T03:45:00Z,0.929842,no_impulse,0,BAJFINANCE,15m,1.000000,159.628770,4.002094,15.000000,0.266806,1.071877,1.084845,-2.197637,2.445806,12.000000,156.159420,0.203817,8.000000,39.297654,11.910112,6.615540,1.000000,-0.034624,0.183947,-0.218571,18.008001,18.243322,29.899478,-0.782757,-0.801706,-4.624485,0.203130,0.026162,1.591145,3.000000,120.000000,0.530382,1.000000,70.018758,86.513995,89.815090,1.000000,0.483149,0.288188,0.194961,23.656765,30.416400,13.533451,1.137964,1.195839,-3.058467,0.879761,0.030310,1.308603,0.000000,46.000000,0.000000,1.000000,69.759399,92.600423,91.127068,0.000000,0.275927,0.143337,0.132590,18.638894,31.696666,13.197076,1.311851,1.109358,-3.408289,1.217821,0.018518,2.928086,14.000000,168.918919,0.209149,1.000000,69.759399,92.600423,91.127068,1.000000,0.275927,0.143337,0.132590,18.638894,31.696666,13.197076,1.311851,1.109358,-3.408289,1.217821,0.018518,1.703891,5.000000,74.747475,0.340778,2.000000,44.573398,39.454094,52.440033,1.000000,-0.120004,-0.245443,0.125440,30.480608,14.637441,29.266336,-0.340431,-1.277620,-6.567595,0.345320,0.021934,2.332705,8.000000,57.810219,0.291588,3.000000,57.924588,88.636364,67.026005,1.000000,-0.301367,-0.497046,0.195679,36.626704,20.046736,22.105180,0.902959,-0.308220,-5.689471,0.898001,0.022894,3.878603,26.000000,284.232365,0.149177,4.000000,29.807812,2.301790,7.627609,1.000000,-0.738879,-0.693809,-0.045071,45.628233,11.450488,32.838625,-1.222445,-2.847840,-8.390996,0.035234,0.025985,1.383467,13.000000,70.058140,0.106421,3.000000,41.697624,72.199170,59.243695,0.000000,-0.761069,-0.970235,0.209165,49.215139,18.563125,26.386030,-0.255093,-2.033429,-6.630481,0.393672,0.023930,1.936501,4.000000,143.333333,0.484125,4.000000,1.369550,0.000000,40.268456,0.000000,4.000000,3.289183,8.000000,264.888889,0.411148,4.000000,1.257334,4.000000,55.693069,0.314334,3.000000,2.207771,3.000000,153.612167,0.735924,4.000000,1.458195,0.000000,28.711790,0.000000,4.000000,4.833263,20.000000,290.793651,0.241663,4.000000,1.690186,13.000000,77.586207,0.130014,3.000000,2.132017,2.000000,47.099768,1.066009,2.000000,4.741213,25.000000,72.804054,0.189649,3.000000,6.114123,27.000000,264.876957,0.226449,8.000000,2.362829,3.000000,107.971014,0.787610,1.000000,1.000000,1.000000,15.000000,-1.000000,,,,38.488634,17.434620,44.385964,-0.701325,-0.926447,0.225122,29.221767,29.703767,15.606643,-1.049062,-3.552834,0.179732,0.032416,,0.000000,,40.319235,19.480519,14.153439,-0.060549,-0.041814,-0.018735,15.886015,13.092927,19.327045,-0.121495,-0.136977,0.178121,0.003770,1.916863,1.764706,115.000000,284.232365,40.268456,0.825783,0.767523
2026-03-18T04:30:00Z,0.892657,no_impulse,0,BAJFINANCE,15m,-1.000000,103.924419,3.999105,3.000000,1.333035,-0.860898,-0.871051,-4.126973,4.002094,15.000000,159.628770,0.266806,1.000000,64.914845,52.514793,63.141892,1.000000,0.110722,-0.007452,0.118174,17.313925,45.773543,11.928261,1.071877,1.084845,-2.197637,1.098302,0.018109,2.445806,12.000000,156.159420,0.203817,8.000000,39.297654,11.910112,6.615540,1.000000,-0.034624,0.183947,-0.218571,18.008001,18.243322,29.899478,-0.782757,-0.801706,-4.624485,0.203130,0.026162,1.591145,3.000000,120.000000,0.530382,1.000000,70.018758,86.513995,89.815090,1.000000,0.483149,0.288188,0.194961,23.656765,30.416400,13.533451,1.137964,1.195839,-3.058467,0.879761,0.030310,1.308603,0.000000,46.000000,0.000000,1.000000,69.759399,92.600423,91.127068,0.000000,0.275927,0.143337,0.132590,18.638894,31.696666,13.197076,1.311851,1.109358,-3.408289,1.217821,0.018518,2.928086,14.000000,168.918919,0.209149,1.000000,69.759399,92.600423,91.127068,1.000000,0.275927,0.143337,0.132590,18.638894,31.696666,13.197076,1.311851,1.109358,-3.408289,1.217821,0.018518,1.703891,5.000000,74.747475,0.340778,2.000000,44.573398,39.454094,52.440033,1.000000,-0.120004,-0.245443,0.125440,30.480608,14.637441,29.266336,-0.340431,-1.277620,-6.567595,0.345320,0.021934,2.332705,8.000000,57.810219,0.291588,3.000000,57.924588,88.636364,67.026005,1.000000,-0.301367,-0.497046,0.195679,36.626704,20.046736,22.105180,0.902959,-0.308220,-5.689471,0.898001,0.022894,3.878603,26.000000,284.232365,0.149177,4.000000,29.807812,2.301790,7.627609,1.000000,-0.738879,-0.693809,-0.045071,45.628233,11.450488,32.838625,-1.222445,-2.847840,-8.390996,0.035234,0.025985,1.383467,13.000000,70.058140,0.106421,3.000000,1.936501,4.000000,143.333333,0.484125,4.000000,1.369550,0.000000,40.268456,0.000000,4.000000,3.289183,8.000000,264.888889,0.411148,4.000000,1.257334,4.000000,55.693069,0.314334,3.000000,2.207771,3.000000,153.612167,0.735924,4.000000,1.458195,0.000000,28.711790,0.000000,4.000000,4.833263,20.000000,290.793651,0.241663,4.000000,1.690186,13.000000,77.586207,0.130014,3.000000,2.132017,2.000000,47.099768,1.066009,2.000000,4.741213,25.000000,72.804054,0.189649,3.000000,6.114123,27.000000,264.876957,0.226449,8.000000,8.000000,1.000000,18.000000,-1.000000,,,,40.470171,12.587413,29.818665,-0.689960,-0.877518,0.187557,29.356807,28.589127,15.021001,-0.747797,-3.194387,0.268827,0.032108,,0.000000,,40.319235,19.480519,14.153439,-0.060549,-0.041814,-0.018735,15.886015,13.092927,19.327045,-0.121495,-0.136977,0.178121,0.003770,1.700958,0.300000,118.000000,284.232365,46.000000,0.977109,1.353242
2026-03-18T09:45:00Z,0.918452,no_impulse,0,BAJFINANCE,15m,1.000000,69.370629,2.889769,21.000000,0.137608,1.100308,1.417513,-0.972195,3.999105,3.000000,103.924419,1.333035,8.000000,41.142824,7.272727,23.013693,0.000000,0.033982,0.042667,-0.008685,19.019933,32.855866,28.465175,-0.860898,-0.871051,-4.126973,0.076353,0.020148,4.002094,15.000000,159.628770,0.266806,1.000000,64.914845,52.514793,63.141892,1.000000,0.110722,-0.007452,0.118174,17.313925,45.773543,11.928261,1.071877,1.084845,-2.197637,1.098302,0.018109,2.445806,12.000000,156.159420,0.203817,8.000000,39.297654,11.910112,6.615540,1.000000,-0.034624,0.183947,-0.218571,18.008001,18.243322,29.899478,-0.782757,-0.801706,-4.624485,0.203130,0.026162,1.591145,3.000000,120.000000,0.530382,1.000000,70.018758,86.513995,89.815090,1.000000,0.483149,0.288188,0.194961,23.656765,30.416400,13.533451,1.137964,1.195839,-3.058467,0.879761,0.030310,1.308603,0.000000,46.000000,0.000000,1.000000,69.759399,92.600423,91.127068,0.000000,0.275927,0.143337,0.132590,18.638894,31.696666,13.197076,1.311851,1.109358,-3.408289,1.217821,0.018518,2.928086,14.000000,168.918919,0.209149,1.000000,69.759399,92.600423,91.127068,1.000000,0.275927,0.143337,0.132590,18.638894,31.696666,13.197076,1.311851,1.109358,-3.408289,1.217821,0.018518,1.703891,5.000000,74.747475,0.340778,2.000000,44.573398,39.454094,52.440033,1.000000,-0.120004,-0.245443,0.125440,30.480608,14.637441,29.266336,-0.340431,-1.277620,-6.567595,0.345320,0.021934,2.332705,8.000000,57.810219,0.291588,3.000000,57.924588,88.636364,67.026005,1.000000,-0.301367,-0.497046,0.195679,36.626704,20.046736,22.105180,0.902959,-0.308220,-5.689471,0.898001,0.022894,3.878603,26.000000,284.232365,0.149177,4.000000,1.383467,13.000000,70.058140,0.106421,3.000000,1.936501,4.000000,143.333333,0.484125,4.000000,1.369550,0.000000,40.268456,0.000000,4.000000,3.289183,8.000000,264.888889,0.411148,4.000000,1.257334,4.000000,55.693069,0.314334,3.000000,2.207771,3.000000,153.612167,0.735924,4.000000,1.458195,0.000000,28.711790,0.000000,4.000000,4.833263,20.000000,290.793651,0.241663,4.000000,1.690186,13.000000,77.586207,0.130014,3.000000,2.132017,2.000000,47.099768,1.066009,2.000000,4.741213,25.000000,72.804054,0.189649,3.000000,3.000000,2.000000,21.000000,-1.000000,,,,58.250276,69.230769,58.461538,-0.148406,-0.512202,0.363796,33.882857,33.766567,11.567304,1.244457,-0.531653,0.939125,0.028697,,0.000000,,40.319235,19.480519,14.153439,-0.060549,-0.041814,-0.018735,15.886015,13.092927,19.327045,-0.121495,-0.136977,0.178121,0.003770,1.129986,2.121212,,284.232365,46.000000,1.090938,1.792605
2026-03-19T09:15:00Z,0.859892,no_impulse,0,BAJFINANCE,15m,-1.000000,227.016129,6.375991,23.000000,0.277217,-1.708529,-2.990744,-6.467690,2.889769,21.000000,69.370629,0.137608,3.000000,69.173518,99.711816,90.607430,1.000000,0.358046,0.230996,0.127050,29.459660,36.186301,11.636734,1.100308,1.417513,-0.972195,0.908791,0.027216,3.999105,3.000000,103.924419,1.333035,8.000000,41.142824,7.272727,23.013693,0.000000,0.033982,0.042667,-0.008685,19.019933,32.855866,28.465175,-0.860898,-0.871051,-4.126973,0.076353,0.020148,4.002094,15.000000,159.628770,0.266806,1.000000,64.914845,52.514793,63.141892,1.000000,0.110722,-0.007452,0.118174,17.313925,45.773543,11.928261,1.071877,1.084845,-2.197637,1.098302,0.018109,2.445806,12.000000,156.159420,0.203817,8.000000,39.297654,11.910112,6.615540,1.000000,-0.034624,0.183947,-0.218571,18.008001,18.243322,29.899478,-0.782757,-0.801706,-4.624485,0.203130,0.026162,1.591145,3.000000,120.000000,0.530382,1.000000,70.018758,86.513995,89.815090,1.000000,0.483149,0.288188,0.194961,23.656765,30.416400,13.533451,1.137964,1.195839,-3.058467,0.879761,0.030310,1.308603,0.000000,46.000000,0.000000,1.000000,69.759399,92.600423,91.127068,0.000000,0.275927,0.143337,0.132590,18.638894,31.696666,13.197076,1.311851,1.109358,-3.408289,1.217821,0.018518,2.928086,14.000000,168.918919,0.209149,1.000000,69.759399,92.600423,91.127068,1.000000,0.275927,0.143337,0.132590,18.638894,31.696666,13.197076,1.311851,1.109358,-3.408289,1.217821,0.018518,1.703891,5.000000,74.747475,0.340778,2.000000,44.573398,39.454094,52.440033,1.000000,-0.120004,-0.245443,0.125440,30.480608,14.637441,29.266336,-0.340431,-1.277620,-6.567595,0.345320,0.021934,2.332705,8.000000,57.810219,0.291588,3.000000,3.878603,26.000000,284.232365,0.149177,4.000000,1.383467,13.000000,70.058140,0.106421,3.000000,1.936501,4.000000,143.333333,0.484125,4.000000,1.369550,0.000000,40.268456,0.000000,4.000000,3.289183,8.000000,264.888889,0.411148,4.000000,1.257334,4.000000,55.693069,0.314334,3.000000,2.207771,3.000000,153.612167,0.735924,4.000000,1.458195,0.000000,28.711790,0.000000,4.000000,4.833263,20.000000,290.793651,0.241663,4.000000,1.690186,13.000000,77.586207,0.130014,3.000000,2.132017,2.000000,47.099768,1.066009,2.000000,4.000000,3.000000,44.000000,-1.000000,,,,33.410995,14.869888,8.790679,-1.238579,-0.895707,-0.342872,27.771817,19.566855,33.840462,-2.226641,-4.683104,0.197235,0.071942,,0.000000,,40.319235,19.480519,14.153439,-0.060549,-0.041814,-0.018735,15.886015,13.092927,19.327045,-0.121495,-0.136977,0.178121,0.003770,2.354519,2.149533,,284.232365,46.000000,1.011980,2.037388
2026-03-20T03:45:00Z,0.875754,no_impulse,0,BAJFINANCE,15m,1.000000,27.087034,1.844684,3.000000,0.614895,-0.563174,-1.813301,-5.334321,6.375991,23.000000,227.016129,0.277217,4.000000,21.943839,5.655527,8.460825,1.000000,-0.923157,-0.856719,-0.066438,40.556628,9.365812,39.050773,-1.708529,-2.990744,-6.467690,-0.133651,0.026510,2.889769,21.000000,69.370629,0.137608,3.000000,69.173518,99.711816,90.607430,1.000000,0.358046,0.230996,0.127050,29.459660,36.186301,11.636734,1.100308,1.417513,-0.972195,0.908791,0.027216,3.999105,3.000000,103.924419,1.333035,8.000000,41.142824,7.272727,23.013693,0.000000,0.033982,0.042667,-0.008685,19.019933,32.855866,28.465175,-0.860898,-0.871051,-4.126973,0.076353,0.020148,4.002094,15.000000,159.628770,0.266806,1.000000,64.914845,52.514793,63.141892,1.000000,0.110722,-0.007452,0.118174,17.313925,45.773543,11.928261,1.071877,1.084845,-2.197637,1.098302,0.018109,2.445806,12.000000,156.159420,0.203817,8.000000,39.297654,11.910112,6.615540,1.000000,-0.034624,0.183947,-0.218571,18.008001,18.243322,29.899478,-0.782757,-0.801706,-4.624485,0.203130,0.026162,1.591145,3.000000,120.000000,0.530382,1.000000,70.018758,86.513995,89.815090,1.000000,0.483149,0.288188,0.194961,23.656765,30.416400,13.533451,1.137964,1.195839,-3.058467,0.879761,0.030310,1.308603,0.000000,46.000000,0.000000,1.000000,69.759399,92.600423,91.127068,0.000000,0.275927,0.143337,0.132590,18.638894,31.696666,13.197076,1.311851,1.109358,-3.408289,1.217821,0.018518,2.928086,14.000000,168.918919,0.209149,1.000000,69.759399,92.600423,91.127068,1.000000,0.275927,0.143337,0.132590,18.638894,31.696666,13.197076,1.311851,1.109358,-3.408289,1.217821,0.018518,1.703891,5.000000,74.747475,0.340778,2.000000,2.332705,8.000000,57.810219,0.291588,3.000000,3.878603,26.000000,284.232365,0.149177,4.000000,1.383467,13.000000,70.058140,0.106421,3.000000,1.936501,4.000000,143.333333,0.484125,4.000000,1.369550,0.000000,40.268456,0.000000,4.000000,3.289183,8.000000,264.888889,0.411148,4.000000,1.257334,4.000000,55.693069,0.314334,3.000000,2.207771,3.000000,153.612167,0.735924,4.000000,1.458195,0.000000,28.711790,0.000000,4.000000,4.833263,20.000000,290.793651,0.241663,4.000000,1.690186,13.000000,77.586207,0.130014,3.000000,3.000000,4.000000,47.000000,-1.000000,,,,27.878407,0.741962,7.905313,-1.419444,-1.012560,-0.406884,28.281541,16.943936,35.117532,-3.577076,-6.198569,0.069866,0.080290,,0.000000,,40.319235,19.480519,14.153439,-0.060549,-0.041814,-0.018735,15.886015,13.092927,19.327045,-0.121495,-0.136977,0.178121,0.003770,0.623684,0.288462,3.000000,227.016129,46.000000,1.515739,1.650055
2026-03-20T05:30:00Z,0.852143,no_impulse,0,BAJFINANCE,15m,-1.000000,148.852459,2.696122,7.000000,0.385160,-1.385216,-2.880542,-6.799353,1.844684,3.000000,27.087034,0.614895,3.000000,38.338394,46.031746,42.320788,1.000000,-0.776566,-0.836985,0.060420,40.098504,18.237303,25.707091,-0.563174,-1.813301,-5.334321,0.271185,0.024475,6.375991,23.000000,227.016129,0.277217,4.000000,21.943839,5.655527,8.460825,1.000000,-0.923157,-0.856719,-0.066438,40.556628,9.365812,39.050773,-1.708529,-2.990744,-6.467690,-0.133651,0.026510,2.889769,21.000000,69.370629,0.137608,3.000000,69.173518,99.711816,90.607430,1.000000,0.358046,0.230996,0.127050,29.459660,36.186301,11.636734,1.100308,1.417513,-0.972195,0.908791,0.027216,3.999105,3.000000,103.924419,1.333035,8.000000,41.142824,7.272727,23.013693,0.000000,0.033982,0.042667,-0.008685,19.019933,32.855866,28.465175,-0.860898,-0.871051,-4.126973,0.076353,0.020148,4.002094,15.000000,159.628770,0.266806,1.000000,64.914845,52.514793,63.141892,1.000000,0.110722,-0.007452,0.118174,17.313925,45.773543,11.928261,1.071877,1.084845,-2.197637,1.098302,0.018109,2.445806,12.000000,156.159420,0.203817,8.000000,39.297654,11.910112,6.615540,1.000000,-0.034624,0.183947,-0.218571,18.008001,18.243322,29.899478,-0.782757,-0.801706,-4.624485,0.203130,0.026162,1.591145,3.000000,120.000000,0.530382,1.000000,70.018758,86.513995,89.815090,1.000000,0.483149,0.288188,0.194961,23.656765,30.416400,13.533451,1.137964,1.195839,-3.058467,0.879761,0.030310,1.308603,0.000000,46.000000,0.000000,1.000000,69.759399,92.600423,91.127068,0.000000,0.275927,0.143337,0.132590,18.638894,31.696666,13.197076,1.311851,1.109358,-3.408289,1.217821,0.018518,2.928086,14.000000,168.918919,0.209149,1.000000,1.703891,5.000000,74.747475,0.340778,2.000000,2.332705,8.000000,57.810219,0.291588,3.000000,3.878603,26.000000,284.232365,0.149177,4.000000,1.383467,13.000000,70.058140,0.106421,3.000000,1.936501,4.000000,143.333333,0.484125,4.000000,1.369550,0.000000,40.268456,0.000000,4.000000,3.289183,8.000000,264.888889,0.411148,4.000000,1.257334,4.000000,55.693069,0.314334,3.000000,2.207771,3.000000,153.612167,0.735924,4.000000,1.458195,0.000000,28.711790,0.000000,4.000000,4.833263,20.000000,290.793651,0.241663,4.000000,4.000000,5.000000,54.000000,-1.000000,,,,30.448349,7.529412,3.358432,-1.600077,-1.214989,-0.385088,29.346739,16.431651,33.742673,-2.761393,-5.556545,0.211131,0.093024,,0.000000,,40.319235,19.480519,14.153439,-0.060549,-0.041814,-0.018735,15.886015,13.092927,19.327045,-0.121495,-0.136977,0.178121,0.003770,0.926847,0.707071,10.000000,227.016129,27.087034,1.545659,1.063505
2026-03-20T08:00:00Z,0.867329,no_impulse,0,BAJFINANCE,15m,1.000000,64.317181,1.782118,10.000000,0.178212,0.251461,-0.869566,-4.841879,2.696122,7.000000,148.852459,0.385160,4.000000,26.472590,5.066079,9.292380,1.000000,-0.921225,-0.880780,-0.040445,37.055938,14.422096,30.685630,-1.385216,-2.880542,-6.799353,0.085785,0.032985,1.844684,3.000000,27.087034,0.614895,3.000000,38.338394,46.031746,42.320788,1.000000,-0.776566,-0.836985,0.060420,40.098504,18.237303,25.707091,-0.563174,-1.813301,-5.334321,0.271185,0.024475,6.375991,23.000000,227.016129,0.277217,4.000000,21.943839,5.655527,8.460825,1.000000,-0.923157,-0.856719,-0.066438,40.556628,9.365812,39.050773,-1.708529,-2.990744,-6.467690,-0.133651,0.026510,2.889769,21.000000,69.370629,0.137608,3.000000,69.173518,99.711816,90.607430,1.000000,0.358046,0.230996,0.127050,29.459660,36.186301,11.636734,1.100308,1.417513,-0.972195,0.908791,0.027216,3.999105,3.000000,103.924419,1.333035,8.000000,41.142824,7.272727,23.013693,0.000000,0.033982,0.042667,-0.008685,19.019933,32.855866,28.465175,-0.860898,-0.871051,-4.126973,0.076353,0.020148,4.002094,15.000000,159.628770,0.266806,1.000000,64.914845,52.514793,63.141892,1.000000,0.110722,-0.007452,0.118174,17.313925,45.773543,11.928261,1.071877,1.084845,-2.197637,1.098302,0.018109,2.445806,12.000000,156.159420,0.203817,8.000000,39.297654,11.910112,6.615540,1.000000,-0.034624,0.183947,-0.218571,18.008001,18.243322,29.899478,-0.782757,-0.801706,-4.624485,0.203130,0.026162,1.591145,3.000000,120.000000,0.530382,1.000000,70.018758,86.513995,89.815090,1.000000,0.483149,0.288188,0.194961,23.656765,30.416400,13.533451,1.137964,1.195839,-3.058467,0.879761,0.030310,1.308603,0.000000,46.000000,0.000000,1.000000,2.928086,14.000000,168.918919,0.209149,1.000000,1.703891,5.000000,74.747475,0.340778,2.000000,2.332705,8.000000,57.810219,0.291588,3.000000,3.878603,26.000000,284.232365,0.149177,4.000000,1.383467,13.000000,70.058140,0.106421,3.000000,1.936501,4.000000,143.333333,0.484125,4.000000,1.369550,0.000000,40.268456,0.000000,4.000000,3.289183,8.000000,264.888889,0.411148,4.000000,1.257334,4.000000,55.693069,0.314334,3.000000,2.207771,3.000000,153.612167,0.735924,4.000000,1.458195,0.000000,28.711790,0.000000,4.000000,3.000000,6.000000,64.000000,-1.000000,,,,34.376640,13.019608,12.209150,-1.538610,-1.331959,-0.206651,28.768718,18.775574,29.564436,-1.924992,-4.726053,0.302636,0.095693,,0.000000,,40.319235,19.480519,14.153439,-0.060549,-0.041814,-0.018735,15.886015,13.092927,19.327045,-0.121495,-0.136977,0.178121,0.003770,0.592432,0.990099,20.000000,227.016129,27.087034,1.490574,1.002372
2026-03-23T03:45:00Z,0.838569,no_impulse,0,BAJFINANCE,15m,-1.000000,189.383562,3.315944,8.000000,0.414493,-2.267053,-3.284958,-7.390499,1.782118,10.000000,64.317181,0.178212,3.000000,50.081789,82.191781,85.411259,0.000000,-0.348757,-0.575035,0.226279,23.663976,23.425346,19.016816,0.251461,-0.869566,-4.841879,0.613541,0.022203,2.696122,7.000000,148.852459,0.385160,4.000000,26.472590,5.066079,9.292380,1.000000,-0.921225,-0.880780,-0.040445,37.055938,14.422096,30.685630,-1.385216,-2.880542,-6.799353,0.085785,0.032985,1.844684,3.000000,27.087034,0.614895,3.000000,38.338394,46.031746,42.320788,1.000000,-0.776566,-0.836985,0.060420,40.098504,18.237303,25.707091,-0.563174,-1.813301,-5.334321,0.271185,0.024475,6.375991,23.000000,227.016129,0.277217,4.000000,21.943839,5.655527,8.460825,1.000000,-0.923157,-0.856719,-0.066438,40.556628,9.365812,39.050773,-1.708529,-2.990744,-6.467690,-0.133651,0.026510,2.889769,21.000000,69.370629,0.137608,3.000000,69.173518,99.711816,90.607430,1.000000,0.358046,0.230996,0.127050,29.459660,36.186301,11.636734,1.100308,1.417513,-0.972195,0.908791,0.027216,3.999105,3.000000,103.924419,1.333035,8.000000,41.142824,7.272727,23.013693,0.000000,0.033982,0.042667,-0.008685,19.019933,32.855866,28.465175,-0.860898,-0.871051,-4.126973,0.076353,0.020148,4.002094,15.000000,159.628770,0.266806,1.000000,64.914845,52.514793,63.141892,1.000000,0.110722,-0.007452,0.118174,17.313925,45.773543,11.928261,1.071877,1.084845,-2.197637,1.098302,0.018109,2.445806,12.000000,156.159420,0.203817,8.000000,39.297654,11.910112,6.615540,1.000000,-0.034624,0.183947,-0.218571,18.008001,18.243322,29.899478,-0.782757,-0.801706,-4.624485,0.203130,0.026162,1.591145,3.000000,120.000000,0.530382,1.000000,1.308603,0.000000,46.000000,0.000000,1.000000,2.928086,14.000000,168.918919,0.209149,1.000000,1.703891,5.000000,74.747475,0.340778,2.000000,2.332705,8.000000,57.810219,0.291588,3.000000,3.878603,26.000000,284.232365,0.149177,4.000000,1.383467,13.000000,70.058140,0.106421,3.000000,1.936501,4.000000,143.333333,0.484125,4.000000,1.369550,0.000000,40.268456,0.000000,4.000000,3.289183,8.000000,264.888889,0.411148,4.000000,1.257334,4.000000,55.693069,0.314334,3.000000,2.207771,3.000000,153.612167,0.735924,4.000000,4.000000,7.000000,72.000000,-1.000000,,,,23.739531,0.000000,13.180626,-1.744474,-1.489029,-0.255445,30.275842,13.109053,42.975085,-5.187548,-8.258034,0.037583,0.106651,,0.000000,,40.319235,19.480519,14.153439,-0.060549,-0.041814,-0.018735,15.886015,13.092927,19.327045,-0.121495,-0.136977,0.178121,0.003770,1.145980,0.824742,28.000000,227.016129,27.087034,1.540624,0.476667
2026-03-23T03:45:00Z,0.851675,no_impulse,0,BAJFINANCE,15m,1.000000,45.569620,1.562888,0.000000,0.000000,-2.267053,-3.284958,-7.390499,3.315944,8.000000,189.383562,0.414493,4.000000,29.015047,7.233273,52.591596,0.000000,-0.382903,-0.346166,-0.036737,19.580334,17.526237,39.472060,-2.267053,-3.284958,-7.390499,-0.392431,0.024840,1.782118,10.000000,64.317181,0.178212,3.000000,50.081789,82.191781,85.411259,0.000000,-0.348757,-0.575035,0.226279,23.663976,23.425346,19.016816,0.251461,-0.869566,-4.841879,0.613541,0.022203,2.696122,7.000000,148.852459,0.385160,4.000000,26.472590,5.066079,9.292380,1.000000,-0.921225,-0.880780,-0.040445,37.055938,14.422096,30.685630,-1.385216,-2.880542,-6.799353,0.085785,0.032985,1.844684,3.000000,27.087034,0.614895,3.000000,38.338394,46.031746,42.320788,1.000000,-0.776566,-0.836985,0.060420,40.098504,18.237303,25.707091,-0.563174,-1.813301,-5.334321,0.271185,0.024475,6.375991,23.000000,227.016129,0.277217,4.000000,21.943839,5.655527,8.460825,1.000000,-0.923157,-0.856719,-0.066438,40.556628,9.365812,39.050773,-1.708529,-2.990744,-6.467690,-0.133651,0.026510,2.889769,21.000000,69.370629,0.137608,3.000000,69.173518,99.711816,90.607430,1.000000,0.358046,0.230996,0.127050,29.459660,36.186301,11.636734,1.100308,1.417513,-0.972195,0.908791,0.027216,3.999105,3.000000,103.924419,1.333035,8.000000,41.142824,7.272727,23.013693,0.000000,0.033982,0.042667,-0.008685,19.019933,32.855866,28.465175,-0.860898,-0.871051,-4.126973,0.076353,0.020148,4.002094,15.000000,159.628770,0.266806,1.000000,64.914845,52.514793,63.141892,1.000000,0.110722,-0.007452,0.118174,17.313925,45.773543,11.928261,1.071877,1.084845,-2.197637,1.098302,0.018109,2.445806,12.000000,156.159420,0.203817,8.000000,1.591145,3.000000,120.000000,0.530382,1.000000,1.308603,0.000000,46.000000,0.000000,1.000000,2.928086,14.000000,168.918919,0.209149,1.000000,1.703891,5.000000,74.747475,0.340778,2.000000,2.332705,8.000000,57.810219,0.291588,3.000000,3.878603,26.000000,284.232365,0.149177,4.000000,1.383467,13.000000,70.058140,0.106421,3.000000,1.936501,4.000000,143.333333,0.484125,4.000000,1.369550,0.000000,40.268456,0.000000,4.000000,3.289183,8.000000,264.888889,0.411148,4.000000,1.257334,4.000000,55.693069,0.314334,3.000000,4.000000,8.000000,72.000000,-1.000000,,,,23.739531,0.000000,13.180626,-1.744474,-1.489029,-0.255445,30.275842,13.109053,42.975085,-5.187548,-8.258034,0.037583,0.106651,,0.000000,,40.319235,19.480519,14.153439,-0.060549,-0.041814,-0.018735,15.886015,13.092927,19.327045,-0.121495,-0.136977,0.178121,0.003770,0.505090,0.000000,28.000000,227.016129,27.087034,1.438562,0.701519
2026-03-23T05:15:00Z,0.819534,no_impulse,0,BAJFINANCE,15m,-1.000000,245.238095,3.773815,6.000000,0.628969,-2.918817,-4.721465,-9.466950,1.562888,0.000000,45.569620,0.000000,4.000000,29.015047,7.233273,52.591596,0.000000,-0.382903,-0.346166,-0.036737,19.580334,17.526237,39.472060,-2.267053,-3.284958,-7.390499,-0.392431,0.024840,3.315944,8.000000,189.383562,0.414493,4.000000,29.015047,7.233273,52.591596,0.000000,-0.382903,-0.346166,-0.036737,19.580334,17.526237,39.472060,-2.267053,-3.284958,-7.390499,-0.392431,0.024840,1.782118,10.000000,64.317181,0.178212,3.000000,50.081789,82.191781,85.411259,0.000000,-0.348757,-0.575035,0.226279,23.663976,23.425346,19.016816,0.251461,-0.869566,-4.841879,0.613541,0.022203,2.696122,7.000000,148.852459,0.385160,4.000000,26.472590,5.066079,9.292380,1.000000,-0.921225,-0.880780,-0.040445,37.055938,14.422096,30.685630,-1.385216,-2.880542,-6.799353,0.085785,0.032985,1.844684,3.000000,27.087034,0.614895,3.000000,38.338394,46.031746,42.320788,1.000000,-0.776566,-0.836985,0.060420,40.098504,18.237303,25.707091,-0.563174,-1.813301,-5.334321,0.271185,0.024475,6.375991,23.000000,227.016129,0.277217,4.000000,21.943839,5.655527,8.460825,1.000000,-0.923157,-0.856719,-0.066438,40.556628,9.365812,39.050773,-1.708529,-2.990744,-6.467690,-0.133651,0.026510,2.889769,21.000000,69.370629,0.137608,3.000000,69.173518,99.711816,90.607430,1.000000,0.358046,0.230996,0.127050,29.459660,36.186301,11.636734,1.100308,1.417513,-0.972195,0.908791,0.027216,3.999105,3.000000,103.924419,1.333035,8.000000,41.142824,7.272727,23.013693,0.000000,0.033982,0.042667,-0.008685,19.019933,32.855866,28.465175,-0.860898,-0.871051,-4.126973,0.076353,0.020148,4.002094,15.000000,159.628770,0.266806,1.000000,2.445806,12.000000,156.159420,0.203817,8.000000,1.591145,3.000000,120.000000,0.530382,1.000000,1.308603,0.000000,46.000000,0.000000,1.000000,2.928086,14.000000,168.918919,0.209149,1.000000,1.703891,5.000000,74.747475,0.340778,2.000000,2.332705,8.000000,57.810219,0.291588,3.000000,3.878603,26.000000,284.232365,0.149177,4.000000,1.383467,13.000000,70.058140,0.106421,3.000000,1.936501,4.000000,143.333333,0.484125,4.000000,1.369550,0.000000,40.268456,0.000000,4.000000,3.289183,8.000000,264.888889,0.411148,4.000000,4.000000,9.000000,78.000000,-1.000000,,,,24.560226,14.818024,9.860658,-2.057196,-1.672235,-0.384960,33.602408,13.623607,42.947923,-4.144330,-7.504081,0.154030,0.115022,,0.000000,,40.319235,19.480519,14.153439,-0.060549,-0.041814,-0.018735,15.886015,13.092927,19.327045,-0.121495,-0.136977,0.178121,0.003770,1.220726,0.588235,34.000000,227.016129,27.087034,1.441867,0.610156
2026-03-24T03:45:00Z,0.868525,no_impulse,0,BAJFINANCE,15m,1.000000,152.427184,5.977916,19.000000,0.314627,1.765538,1.064996,-3.447208,3.773815,6.000000,245.238095,0.628969,4.000000,19.763523,2.433628,1.287655,1.000000,-1.316136,-0.883450,-0.432686,31.382380,12.177161,46.762283,-2.918817,-4.721465,-9.466950,0.126315,0.075894,1.562888,0.000000,45.569620,0.000000,4.000000,29.015047,7.233273,52.591596,0.000000,-0.382903,-0.346166,-0.036737,19.580334,17.526237,39.472060,-2.267053,-3.284958,-7.390499,-0.392431,0.024840,3.315944,8.000000,189.383562,0.414493,4.000000,29.015047,7.233273,52.591596,0.000000,-0.382903,-0.346166,-0.036737,19.580334,17.526237,39.472060,-2.267053,-3.284958,-7.390499,-0.392431,0.024840,1.782118,10.000000,64.317181,0.178212,3.000000,50.081789,82.191781,85.411259,0.000000,-0.348757,-0.575035,0.226279,23.663976,23.425346,19.016816,0.251461,-0.869566,-4.841879,0.613541,0.022203,2.696122,7.000000,148.852459,0.385160,4.000000,26.472590,5.066079,9.292380,1.000000,-0.921225,-0.880780,-0.040445,37.055938,14.422096,30.685630,-1.385216,-2.880542,-6.799353,0.085785,0.032985,1.844684,3.000000,27.087034,0.614895,3.000000,38.338394,46.031746,42.320788,1.000000,-0.776566,-0.836985,0.060420,40.098504,18.237303,25.707091,-0.563174,-1.813301,-5.334321,0.271185,0.024475,6.375991,23.000000,227.016129,0.277217,4.000000,21.943839,5.655527,8.460825,1.000000,-0.923157,-0.856719,-0.066438,40.556628,9.365812,39.050773,-1.708529,-2.990744,-6.467690,-0.133651,0.026510,2.889769,21.000000,69.370629,0.137608,3.000000,69.173518,99.711816,90.607430,1.000000,0.358046,0.230996,0.127050,29.459660,36.186301,11.636734,1.100308,1.417513,-0.972195,0.908791,0.027216,3.999105,3.000000,103.924419,1.333035,8.000000,4.002094,15.000000,159.628770,0.266806,1.000000,2.445806,12.000000,156.159420,0.203817,8.000000,1.591145,3.000000,120.000000,0.530382,1.000000,1.308603,0.000000,46.000000,0.000000,1.000000,2.928086,14.000000,168.918919,0.209149,1.000000,1.703891,5.000000,74.747475,0.340778,2.000000,2.332705,8.000000,57.810219,0.291588,3.000000,3.878603,26.000000,284.232365,0.149177,4.000000,1.383467,13.000000,70.058140,0.106421,3.000000,1.936501,4.000000,143.333333,0.484125,4.000000,1.369550,0.000000,40.268456,0.000000,4.000000,7.000000,10.000000,97.000000,-1.000000,,,,45.497377,72.505308,54.572383,-1.489783,-1.683634,0.193851,30.500716,30.635185,29.356698,-0.131436,-3.201599,0.481364,0.070437,,0.000000,,40.319235,19.480519,14.153439,-0.060549,-0.041814,-0.018735,15.886015,13.092927,19.327045,-0.121495,-0.136977,0.178121,0.003770,1.854047,1.979167,,245.238095,27.087034,1.436942,1.368457
2026-03-24T04:30:00Z,0.850426,no_impulse,0,BAJFINANCE,15m,-1.000000,36.942675,2.083832,3.000000,0.694611,1.042470,0.601512,-3.750517,5.977916,19.000000,152.427184,0.314627,7.000000,65.523884,76.000000,77.799701,1.000000,0.181259,-0.156451,0.337711,21.886143,39.290487,16.457269,1.765538,1.064996,-3.447208,0.891201,0.045942,3.773815,6.000000,245.238095,0.628969,4.000000,19.763523,2.433628,1.287655,1.000000,-1.316136,-0.883450,-0.432686,31.382380,12.177161,46.762283,-2.918817,-4.721465,-9.466950,0.126315,0.075894,1.562888,0.000000,45.569620,0.000000,4.000000,29.015047,7.233273,52.591596,0.000000,-0.382903,-0.346166,-0.036737,19.580334,17.526237,39.472060,-2.267053,-3.284958,-7.390499,-0.392431,0.024840,3.315944,8.000000,189.383562,0.414493,4.000000,29.015047,7.233273,52.591596,0.000000,-0.382903,-0.346166,-0.036737,19.580334,17.526237,39.472060,-2.267053,-3.284958,-7.390499,-0.392431,0.024840,1.782118,10.000000,64.317181,0.178212,3.000000,50.081789,82.191781,85.411259,0.000000,-0.348757,-0.575035,0.226279,23.663976,23.425346,19.016816,0.251461,-0.869566,-4.841879,0.613541,0.022203,2.696122,7.000000,148.852459,0.385160,4.000000,26.472590,5.066079,9.292380,1.000000,-0.921225,-0.880780,-0.040445,37.055938,14.422096,30.685630,-1.385216,-2.880542,-6.799353,0.085785,0.032985,1.844684,3.000000,27.087034,0.614895,3.000000,38.338394,46.031746,42.320788,1.000000,-0.776566,-0.836985,0.060420,40.098504,18.237303,25.707091,-0.563174,-1.813301,-5.334321,0.271185,0.024475,6.375991,23.000000,227.016129,0.277217,4.000000,21.943839,5.655527,8.460825,1.000000,-0.923157,-0.856719,-0.066438,40.556628,9.365812,39.050773,-1.708529,-2.990744,-6.467690,-0.133651,0.026510,2.889769,21.000000,69.370629,0.137608,3.000000,3.999105,3.000000,103.924419,1.333035,8.000000,4.002094,15.000000,159.628770,0.266806,1.000000,2.445806,12.000000,156.159420,0.203817,8.000000,1.591145,3.000000,120.000000,0.530382,1.000000,1.308603,0.000000,46.000000,0.000000,1.000000,2.928086,14.000000,168.918919,0.209149,1.000000,1.703891,5.000000,74.747475,0.340778,2.000000,2.332705,8.000000,57.810219,0.291588,3.000000,3.878603,26.000000,284.232365,0.149177,4.000000,1.383467,13.000000,70.058140,0.106421,3.000000,1.936501,4.000000,143.333333,0.484125,4.000000,2.000000,1.000000,3.000000,-1.000000,,,,46.946204,77.176221,64.509939,-1.297744,-1.602861,0.305117,28.474315,28.816216,27.613639,0.122888,-2.811393,0.518787,0.065492,,0.000000,,40.319235,19.480519,14.153439,-0.060549,-0.041814,-0.018735,15.886015,13.092927,19.327045,-0.121495,-0.136977,0.178121,0.003770,0.608981,0.300000,,245.238095,27.087034,1.672339,1.451675
2026-03-25T03:45:00Z,0.907739,no_impulse,0,BAJFINANCE,15m,1.000000,316.666667,6.739237,22.000000,0.306329,3.310056,4.500414,2.306411,2.083832,3.000000,36.942675,0.694611,2.000000,59.943241,65.000000,63.439898,1.000000,0.342386,0.064416,0.277970,25.479157,31.477437,14.130807,1.042470,0.601512,-3.750517,0.731321,0.045541,5.977916,19.000000,152.427184,0.314627,7.000000,65.523884,76.000000,77.799701,1.000000,0.181259,-0.156451,0.337711,21.886143,39.290487,16.457269,1.765538,1.064996,-3.447208,0.891201,0.045942,3.773815,6.000000,245.238095,0.628969,4.000000,19.763523,2.433628,1.287655,1.000000,-1.316136,-0.883450,-0.432686,31.382380,12.177161,46.762283,-2.918817,-4.721465,-9.466950,0.126315,0.075894,1.562888,0.000000,45.569620,0.000000,4.000000,29.015047,7.233273,52.591596,0.000000,-0.382903,-0.346166,-0.036737,19.580334,17.526237,39.472060,-2.267053,-3.284958,-7.390499,-0.392431,0.024840,3.315944,8.000000,189.383562,0.414493,4.000000,29.015047,7.233273,52.591596,0.000000,-0.382903,-0.346166,-0.036737,19.580334,17.526237,39.472060,-2.267053,-3.284958,-7.390499,-0.392431,0.024840,1.782118,10.000000,64.317181,0.178212,3.000000,50.081789,82.191781,85.411259,0.000000,-0.348757,-0.575035,0.226279,23.663976,23.425346,19.016816,0.251461,-0.869566,-4.841879,0.613541,0.022203,2.696122,7.000000,148.852459,0.385160,4.000000,26.472590,5.066079,9.292380,1.000000,-0.921225,-0.880780,-0.040445,37.055938,14.422096,30.685630,-1.385216,-2.880542,-6.799353,0.085785,0.032985,1.844684,3.000000,27.087034,0.614895,3.000000,38.338394,46.031746,42.320788,1.000000,-0.776566,-0.836985,0.060420,40.098504,18.237303,25.707091,-0.563174,-1.813301,-5.334321,0.271185,0.024475,6.375991,23.000000,227.016129,0.277217,4.000000,2.889769,21.000000,69.370629,0.137608,3.000000,3.999105,3.000000,103.924419,1.333035,8.000000,4.002094,15.000000,159.628770,0.266806,1.000000,2.445806,12.000000,156.159420,0.203817,8.000000,1.591145,3.000000,120.000000,0.530382,1.000000,1.308603,0.000000,46.000000,0.000000,1.000000,2.928086,14.000000,168.918919,0.209149,1.000000,1.703891,5.000000,74.747475,0.340778,2.000000,2.332705,8.000000,57.810219,0.291588,3.000000,3.878603,26.000000,284.232365,0.149177,4.000000,1.383467,13.000000,70.058140,0.106421,3.000000,1.000000,2.000000,25.000000,-1.000000,,,,71.265493,99.658120,98.637275,0.374013,-0.532398,0.906411,26.820702,44.012569,17.507085,4.518798,3.135737,0.988274,0.096926,,0.000000,,40.319235,19.480519,14.153439,-0.060549,-0.041814,-0.018735,15.886015,13.092927,19.327045,-0.121495,-0.136977,0.178121,0.003770,2.086252,2.200000,,245.238095,27.087034,1.708171,1.776858
2026-03-25T03:45:00Z,0.887560,no_impulse,0,BAJFINANCE,15m,-1.000000,35.208711,2.222986,0.000000,0.000000,3.310056,4.500414,2.306411,6.739237,22.000000,316.666667,0.306329,1.000000,83.556511,94.625922,95.353204,1.000000,1.130031,0.922405,0.207625,49.542864,48.592498,6.772932,3.310056,4.500414,2.306411,1.106126,0.056480,2.083832,3.000000,36.942675,0.694611,2.000000,59.943241,65.000000,63.439898,1.000000,0.342386,0.064416,0.277970,25.479157,31.477437,14.130807,1.042470,0.601512,-3.750517,0.731321,0.045541,5.977916,19.000000,152.427184,0.314627,7.000000,65.523884,76.000000,77.799701,1.000000,0.181259,-0.156451,0.337711,21.886143,39.290487,16.457269,1.765538,1.064996,-3.447208,0.891201,0.045942,3.773815,6.000000,245.238095,0.628969,4.000000,19.763523,2.433628,1.287655,1.000000,-1.316136,-0.883450,-0.432686,31.382380,12.177161,46.762283,-2.918817,-4.721465,-9.466950,0.126315,0.075894,1.562888,0.000000,45.569620,0.000000,4.000000,29.015047,7.233273,52.591596,0.000000,-0.382903,-0.346166,-0.036737,19.580334,17.526237,39.472060,-2.267053,-3.284958,-7.390499,-0.392431,0.024840,3.315944,8.000000,189.383562,0.414493,4.000000,29.015047,7.233273,52.591596,0.000000,-0.382903,-0.346166,-0.036737,19.580334,17.526237,39.472060,-2.267053,-3.284958,-7.390499,-0.392431,0.024840,1.782118,10.000000,64.317181,0.178212,3.000000,50.081789,82.191781,85.411259,0.000000,-0.348757,-0.575035,0.226279,23.663976,23.425346,19.016816,0.251461,-0.869566,-4.841879,0.613541,0.022203,2.696122,7.000000,148.852459,0.385160,4.000000,26.472590,5.066079,9.292380,1.000000,-0.921225,-0.880780,-0.040445,37.055938,14.422096,30.685630,-1.385216,-2.880542,-6.799353,0.085785,0.032985,1.844684,3.000000,27.087034,0.614895,3.000000,6.375991,23.000000,227.016129,0.277217,4.000000,2.889769,21.000000,69.370629,0.137608,3.000000,3.999105,3.000000,103.924419,1.333035,8.000000,4.002094,15.000000,159.628770,0.266806,1.000000,2.445806,12.000000,156.159420,0.203817,8.000000,1.591145,3.000000,120.000000,0.530382,1.000000,1.308603,0.000000,46.000000,0.000000,1.000000,2.928086,14.000000,168.918919,0.209149,1.000000,1.703891,5.000000,74.747475,0.340778,2.000000,2.332705,8.000000,57.810219,0.291588,3.000000,3.878603,26.000000,284.232365,0.149177,4.000000,1.000000,3.000000,25.000000,-1.000000,,,,71.265493,99.658120,98.637275,0.374013,-0.532398,0.906411,26.820702,44.012569,17.507085,4.518798,3.135737,0.988274,0.096926,,0.000000,,40.319235,19.480519,14.153439,-0.060549,-0.041814,-0.018735,15.886015,13.092927,19.327045,-0.121495,-0.136977,0.178121,0.003770,0.614891,0.000000,,316.666667,27.087034,2.026914,1.710573
2026-03-25T08:30:00Z,0.924485,no_impulse,0,BAJFINANCE,15m,1.000000,182.989691,4.160319,19.000000,0.218964,1.227151,3.260293,3.488839,2.222986,0.000000,35.208711,0.000000,1.000000,83.556511,94.625922,95.353204,0.000000,1.130031,0.922405,0.207625,49.542864,48.592498,6.772932,3.310056,4.500414,2.306411,1.106126,0.056480,6.739237,22.000000,316.666667,0.306329,1.000000,83.556511,94.625922,95.353204,1.000000,1.130031,0.922405,0.207625,49.542864,48.592498,6.772932,3.310056,4.500414,2.306411,1.106126,0.056480,2.083832,3.000000,36.942675,0.694611,2.000000,59.943241,65.000000,63.439898,1.000000,0.342386,0.064416,0.277970,25.479157,31.477437,14.130807,1.042470,0.601512,-3.750517,0.731321,0.045541,5.977916,19.000000,152.427184,0.314627,7.000000,65.523884,76.000000,77.799701,1.000000,0.181259,-0.156451,0.337711,21.886143,39.290487,16.457269,1.765538,1.064996,-3.447208,0.891201,0.045942,3.773815,6.000000,245.238095,0.628969,4.000000,19.763523,2.433628,1.287655,1.000000,-1.316136,-0.883450,-0.432686,31.382380,12.177161,46.762283,-2.918817,-4.721465,-9.466950,0.126315,0.075894,1.562888,0.000000,45.569620,0.000000,4.000000,29.015047,7.233273,52.591596,0.000000,-0.382903,-0.346166,-0.036737,19.580334,17.526237,39.472060,-2.267053,-3.284958,-7.390499,-0.392431,0.024840,3.315944,8.000000,189.383562,0.414493,4.000000,29.015047,7.233273,52.591596,0.000000,-0.382903,-0.346166,-0.036737,19.580334,17.526237,39.472060,-2.267053,-3.284958,-7.390499,-0.392431,0.024840,1.782118,10.000000,64.317181,0.178212,3.000000,50.081789,82.191781,85.411259,0.000000,-0.348757,-0.575035,0.226279,23.663976,23.425346,19.016816,0.251461,-0.869566,-4.841879,0.613541,0.022203,2.696122,7.000000,148.852459,0.385160,4.000000,1.844684,3.000000,27.087034,0.614895,3.000000,6.375991,23.000000,227.016129,0.277217,4.000000,2.889769,21.000000,69.370629,0.137608,3.000000,3.999105,3.000000,103.924419,1.333035,8.000000,4.002094,15.000000,159.628770,0.266806,1.000000,2.445806,12.000000,156.159420,0.203817,8.000000,1.591145,3.000000,120.000000,0.530382,1.000000,1.308603,0.000000,46.000000,0.000000,1.000000,2.928086,14.000000,168.918919,0.209149,1.000000,1.703891,5.000000,74.747475,0.340778,2.000000,2.332705,8.000000,57.810219,0.291588,3.000000,1.000000,4.000000,44.000000,-1.000000,,,,69.946589,91.917293,94.701824,1.456172,0.648025,0.808147,33.788506,42.768508,13.720350,3.190111,3.193438,0.718642,0.150713,,0.000000,,40.319235,19.480519,14.153439,-0.060549,-0.041814,-0.018735,15.886015,13.092927,19.327045,-0.121495,-0.136977,0.178121,0.003770,1.300118,2.435897,19.000000,316.666667,27.087034,1.812531,0.976264
2026-03-30T09:30:00Z,0.831080,no_impulse,0,BAJFINANCE,15m,-1.000000,252.957746,10.103510,54.000000,0.187102,-1.555067,-3.427861,-5.690954,4.160319,19.000000,182.989691,0.218964,1.000000,73.964801,78.367347,87.762661,0.000000,1.100297,1.225818,-0.125521,65.330091,34.963084,6.003199,1.227151,3.260293,3.488839,1.171959,0.018489,2.222986,0.000000,35.208711,0.000000,1.000000,83.556511,94.625922,95.353204,0.000000,1.130031,0.922405,0.207625,49.542864,48.592498,6.772932,3.310056,4.500414,2.306411,1.106126,0.056480,6.739237,22.000000,316.666667,0.306329,1.000000,83.556511,94.625922,95.353204,1.000000,1.130031,0.922405,0.207625,49.542864,48.592498,6.772932,3.310056,4.500414,2.306411,1.106126,0.056480,2.083832,3.000000,36.942675,0.694611,2.000000,59.943241,65.000000,63.439898,1.000000,0.342386,0.064416,0.277970,25.479157,31.477437,14.130807,1.042470,0.601512,-3.750517,0.731321,0.045541,5.977916,19.000000,152.427184,0.314627,7.000000,65.523884,76.000000,77.799701,1.000000,0.181259,-0.156451,0.337711,21.886143,39.290487,16.457269,1.765538,1.064996,-3.447208,0.891201,0.045942,3.773815,6.000000,245.238095,0.628969,4.000000,19.763523,2.433628,1.287655,1.000000,-1.316136,-0.883450,-0.432686,31.382380,12.177161,46.762283,-2.918817,-4.721465,-9.466950,0.126315,0.075894,1.562888,0.000000,45.569620,0.000000,4.000000,29.015047,7.233273,52.591596,0.000000,-0.382903,-0.346166,-0.036737,19.580334,17.526237,39.472060,-2.267053,-3.284958,-7.390499,-0.392431,0.024840,3.315944,8.000000,189.383562,0.414493,4.000000,29.015047,7.233273,52.591596,0.000000,-0.382903,-0.346166,-0.036737,19.580334,17.526237,39.472060,-2.267053,-3.284958,-7.390499,-0.392431,0.024840,1.782118,10.000000,64.317181,0.178212,3.000000,2.696122,7.000000,148.852459,0.385160,4.000000,1.844684,3.000000,27.087034,0.614895,3.000000,6.375991,23.000000,227.016129,0.277217,4.000000,2.889769,21.000000,69.370629,0.137608,3.000000,3.999105,3.000000,103.924419,1.333035,8.000000,4.002094,15.000000,159.628770,0.266806,1.000000,2.445806,12.000000,156.159420,0.203817,8.000000,1.591145,3.000000,120.000000,0.530382,1.000000,1.308603,0.000000,46.000000,0.000000,1.000000,2.928086,14.000000,168.918919,0.209149,1.000000,1.703891,5.000000,74.747475,0.340778,2.000000,8.000000,1.000000,98.000000,-1.000000,,,,28.604313,3.939593,3.158139,-1.408563,-0.613609,-0.794953,28.329772,15.911190,41.691691,-3.660983,-5.157365,0.245805,0.138936,,0.000000,,40.319235,19.480519,14.153439,-0.060549,-0.041814,-0.018735,15.886015,13.092927,19.327045,-0.121495,-0.136977,0.178121,0.003770,2.944327,5.744681,,316.666667,35.208711,1.767507,1.108738
2026-04-01T03:45:00Z,0.875858,no_impulse,0,BAJFINANCE,15m,1.000000,47.939866,5.387985,2.000000,2.693992,2.928604,1.388391,-0.776333,10.103510,54.000000,252.957746,0.187102,8.000000,23.338912,8.845209,8.511532,1.000000,-1.128951,-1.161039,0.032088,68.484360,3.773659,36.342861,-1.555067,-3.427861,-5.690954,-0.018072,0.029557,4.160319,19.000000,182.989691,0.218964,1.000000,73.964801,78.367347,87.762661,0.000000,1.100297,1.225818,-0.125521,65.330091,34.963084,6.003199,1.227151,3.260293,3.488839,1.171959,0.018489,2.222986,0.000000,35.208711,0.000000,1.000000,83.556511,94.625922,95.353204,0.000000,1.130031,0.922405,0.207625,49.542864,48.592498,6.772932,3.310056,4.500414,2.306411,1.106126,0.056480,6.739237,22.000000,316.666667,0.306329,1.000000,83.556511,94.625922,95.353204,1.000000,1.130031,0.922405,0.207625,49.542864,48.592498,6.772932,3.310056,4.500414,2.306411,1.106126,0.056480,2.083832,3.000000,36.942675,0.694611,2.000000,59.943241,65.000000,63.439898,1.000000,0.342386,0.064416,0.277970,25.479157,31.477437,14.130807,1.042470,0.601512,-3.750517,0.731321,0.045541,5.977916,19.000000,152.427184,0.314627,7.000000,65.523884,76.000000,77.799701,1.000000,0.181259,-0.156451,0.337711,21.886143,39.290487,16.457269,1.765538,1.064996,-3.447208,0.891201,0.045942,3.773815,6.000000,245.238095,0.628969,4.000000,19.763523,2.433628,1.287655,1.000000,-1.316136,-0.883450,-0.432686,31.382380,12.177161,46.762283,-2.918817,-4.721465,-9.466950,0.126315,0.075894,1.562888,0.000000,45.569620,0.000000,4.000000,29.015047,7.233273,52.591596,0.000000,-0.382903,-0.346166,-0.036737,19.580334,17.526237,39.472060,-2.267053,-3.284958,-7.390499,-0.392431,0.024840,3.315944,8.000000,189.383562,0.414493,4.000000,1.782118,10.000000,64.317181,0.178212,3.000000,2.696122,7.000000,148.852459,0.385160,4.000000,1.844684,3.000000,27.087034,0.614895,3.000000,6.375991,23.000000,227.016129,0.277217,4.000000,2.889769,21.000000,69.370629,0.137608,3.000000,3.999105,3.000000,103.924419,1.333035,8.000000,4.002094,15.000000,159.628770,0.266806,1.000000,2.445806,12.000000,156.159420,0.203817,8.000000,1.591145,3.000000,120.000000,0.530382,1.000000,1.308603,0.000000,46.000000,0.000000,1.000000,2.928086,14.000000,168.918919,0.209149,1.000000,3.000000,2.000000,2.000000,-1.000000,,,,49.021307,55.409836,20.480817,-1.163992,-0.705531,-0.458461,26.719500,35.196686,31.346521,0.156325,-1.218524,0.511741,0.133352,,0.000000,,40.319235,19.480519,14.153439,-0.060549,-0.041814,-0.018735,15.886015,13.092927,19.327045,-0.121495,-0.136977,0.178121,0.003770,1.291384,0.141844,2.000000,316.666667,35.208711,2.720385,1.113900
2026-04-02T03:45:00Z,0.827699,no_impulse,0,BAJFINANCE,15m,-1.000000,107.549361,5.498486,25.000000,0.219939,-3.049275,-3.587462,-5.447182,5.387985,2.000000,47.939866,2.693992,3.000000,66.748177,93.728223,39.105149,0.000000,-0.670615,-1.011854,0.341239,66.402363,41.932082,19.741112,2.928604,1.388391,-0.776333,1.236223,0.040979,10.103510,54.000000,252.957746,0.187102,8.000000,23.338912,8.845209,8.511532,1.000000,-1.128951,-1.161039,0.032088,68.484360,3.773659,36.342861,-1.555067,-3.427861,-5.690954,-0.018072,0.029557,4.160319,19.000000,182.989691,0.218964,1.000000,73.964801,78.367347,87.762661,0.000000,1.100297,1.225818,-0.125521,65.330091,34.963084,6.003199,1.227151,3.260293,3.488839,1.171959,0.018489,2.222986,0.000000,35.208711,0.000000,1.000000,83.556511,94.625922,95.353204,0.000000,1.130031,0.922405,0.207625,49.542864,48.592498,6.772932,3.310056,4.500414,2.306411,1.106126,0.056480,6.739237,22.000000,316.666667,0.306329,1.000000,83.556511,94.625922,95.353204,1.000000,1.130031,0.922405,0.207625,49.542864,48.592498,6.772932,3.310056,4.500414,2.306411,1.106126,0.056480,2.083832,3.000000,36.942675,0.694611,2.000000,59.943241,65.000000,63.439898,1.000000,0.342386,0.064416,0.277970,25.479157,31.477437,14.130807,1.042470,0.601512,-3.750517,0.731321,0.045541,5.977916,19.000000,152.427184,0.314627,7.000000,65.523884,76.000000,77.799701,1.000000,0.181259,-0.156451,0.337711,21.886143,39.290487,16.457269,1.765538,1.064996,-3.447208,0.891201,0.045942,3.773815,6.000000,245.238095,0.628969,4.000000,19.763523,2.433628,1.287655,1.000000,-1.316136,-0.883450,-0.432686,31.382380,12.177161,46.762283,-2.918817,-4.721465,-9.466950,0.126315,0.075894,1.562888,0.000000,45.569620,0.000000,4.000000,3.315944,8.000000,189.383562,0.414493,4.000000,1.782118,10.000000,64.317181,0.178212,3.000000,2.696122,7.000000,148.852459,0.385160,4.000000,1.844684,3.000000,27.087034,0.614895,3.000000,6.375991,23.000000,227.016129,0.277217,4.000000,2.889769,21.000000,69.370629,0.137608,3.000000,3.999105,3.000000,103.924419,1.333035,8.000000,4.002094,15.000000,159.628770,0.266806,1.000000,2.445806,12.000000,156.159420,0.203817,8.000000,1.591145,3.000000,120.000000,0.530382,1.000000,1.308603,0.000000,46.000000,0.000000,1.000000,4.000000,3.000000,27.000000,-1.000000,,,,34.266753,14.415323,32.715219,-0.961688,-0.798998,-0.162690,21.085489,20.909896,42.084196,-3.384926,-4.820076,0.081119,0.078163,,0.000000,,40.319235,19.480519,14.153439,-0.060549,-0.041814,-0.018735,15.886015,13.092927,19.327045,-0.121495,-0.136977,0.178121,0.003770,1.213032,1.879699,27.000000,316.666667,35.208711,2.604899,1.779080
2026-04-02T03:45:00Z,0.842417,no_impulse,0,BAJFINANCE,15m,1.000000,30.561555,1.778197,0.000000,0.000000,-3.049275,-3.587462,-5.447182,5.498486,25.000000,107.549361,0.219939,4.000000,24.953101,6.666667,9.897560,1.000000,-0.458410,-0.070147,-0.388263,32.204117,12.409983,45.581577,-3.049275,-3.587462,-5.447182,-0.160882,0.044774,5.387985,2.000000,47.939866,2.693992,3.000000,66.748177,93.728223,39.105149,0.000000,-0.670615,-1.011854,0.341239,66.402363,41.932082,19.741112,2.928604,1.388391,-0.776333,1.236223,0.040979,10.103510,54.000000,252.957746,0.187102,8.000000,23.338912,8.845209,8.511532,1.000000,-1.128951,-1.161039,0.032088,68.484360,3.773659,36.342861,-1.555067,-3.427861,-5.690954,-0.018072,0.029557,4.160319,19.000000,182.989691,0.218964,1.000000,73.964801,78.367347,87.762661,0.000000,1.100297,1.225818,-0.125521,65.330091,34.963084,6.003199,1.227151,3.260293,3.488839,1.171959,0.018489,2.222986,0.000000,35.208711,0.000000,1.000000,83.556511,94.625922,95.353204,0.000000,1.130031,0.922405,0.207625,49.542864,48.592498,6.772932,3.310056,4.500414,2.306411,1.106126,0.056480,6.739237,22.000000,316.666667,0.306329,1.000000,83.556511,94.625922,95.353204,1.000000,1.130031,0.922405,0.207625,49.542864,48.592498,6.772932,3.310056,4.500414,2.306411,1.106126,0.056480,2.083832,3.000000,36.942675,0.694611,2.000000,59.943241,65.000000,63.439898,1.000000,0.342386,0.064416,0.277970,25.479157,31.477437,14.130807,1.042470,0.601512,-3.750517,0.731321,0.045541,5.977916,19.000000,152.427184,0.314627,7.000000,65.523884,76.000000,77.799701,1.000000,0.181259,-0.156451,0.337711,21.886143,39.290487,16.457269,1.765538,1.064996,-3.447208,0.891201,0.045942,3.773815,6.000000,245.238095,0.628969,4.000000,1.562888,0.000000,45.569620,0.000000,4.000000,3.315944,8.000000,189.383562,0.414493,4.000000,1.782118,10.000000,64.317181,0.178212,3.000000,2.696122,7.000000,148.852459,0.385160,4.000000,1.844684,3.000000,27.087034,0.614895,3.000000,6.375991,23.000000,227.016129,0.277217,4.000000,2.889769,21.000000,69.370629,0.137608,3.000000,3.999105,3.000000,103.924419,1.333035,8.000000,4.002094,15.000000,159.628770,0.266806,1.000000,2.445806,12.000000,156.159420,0.203817,8.000000,1.591145,3.000000,120.000000,0.530382,1.000000,4.000000,4.000000,27.000000,-1.000000,,,,34.266753,14.415323,32.715219,-0.961688,-0.798998,-0.162690,21.085489,20.909896,42.084196,-3.384926,-4.820076,0.081119,0.078163,,0.000000,,40.319235,19.480519,14.153439,-0.060549,-0.041814,-0.018735,15.886015,13.092927,19.327045,-0.121495,-0.136977,0.178121,0.003770,0.374271,0.000000,27.000000,316.666667,35.208711,2.582952,1.599536
2026-04-02T04:30:00Z,0.824839,no_impulse,0,BAJFINANCE,15m,-1.000000,119.434629,2.086677,3.000000,0.695559,-2.069240,-3.018027,-5.135585,1.778197,0.000000,30.561555,0.000000,4.000000,24.953101,6.666667,9.897560,0.000000,-0.458410,-0.070147,-0.388263,32.204117,12.409983,45.581577,-3.049275,-3.587462,-5.447182,-0.160882,0.044774,5.498486,25.000000,107.549361,0.219939,4.000000,24.953101,6.666667,9.897560,1.000000,-0.458410,-0.070147,-0.388263,32.204117,12.409983,45.581577,-3.049275,-3.587462,-5.447182,-0.160882,0.044774,5.387985,2.000000,47.939866,2.693992,3.000000,66.748177,93.728223,39.105149,0.000000,-0.670615,-1.011854,0.341239,66.402363,41.932082,19.741112,2.928604,1.388391,-0.776333,1.236223,0.040979,10.103510,54.000000,252.957746,0.187102,8.000000,23.338912,8.845209,8.511532,1.000000,-1.128951,-1.161039,0.032088,68.484360,3.773659,36.342861,-1.555067,-3.427861,-5.690954,-0.018072,0.029557,4.160319,19.000000,182.989691,0.218964,1.000000,73.964801,78.367347,87.762661,0.000000,1.100297,1.225818,-0.125521,65.330091,34.963084,6.003199,1.227151,3.260293,3.488839,1.171959,0.018489,2.222986,0.000000,35.208711,0.000000,1.000000,83.556511,94.625922,95.353204,0.000000,1.130031,0.922405,0.207625,49.542864,48.592498,6.772932,3.310056,4.500414,2.306411,1.106126,0.056480,6.739237,22.000000,316.666667,0.306329,1.000000,83.556511,94.625922,95.353204,1.000000,1.130031,0.922405,0.207625,49.542864,48.592498,6.772932,3.310056,4.500414,2.306411,1.106126,0.056480,2.083832,3.000000,36.942675,0.694611,2.000000,59.943241,65.000000,63.439898,1.000000,0.342386,0.064416,0.277970,25.479157,31.477437,14.130807,1.042470,0.601512,-3.750517,0.731321,0.045541,5.977916,19.000000,152.427184,0.314627,7.000000,3.773815,6.000000,245.238095,0.628969,4.000000,1.562888,0.000000,45.569620,0.000000,4.000000,3.315944,8.000000,189.383562,0.414493,4.000000,1.782118,10.000000,64.317181,0.178212,3.000000,2.696122,7.000000,148.852459,0.385160,4.000000,1.844684,3.000000,27.087034,0.614895,3.000000,6.375991,23.000000,227.016129,0.277217,4.000000,2.889769,21.000000,69.370629,0.137608,3.000000,3.999105,3.000000,103.924419,1.333035,8.000000,4.002094,15.000000,159.628770,0.266806,1.000000,2.445806,12.000000,156.159420,0.203817,8.000000,4.000000,5.000000,30.000000,-1.000000,,,,37.645665,24.899194,28.590708,-1.052277,-0.845524,-0.206753,21.980322,19.350718,38.946125,-2.458177,-3.980346,0.186705,0.076580,,0.000000,,40.319235,19.480519,14.153439,-0.060549,-0.041814,-0.018735,15.886015,13.092927,19.327045,-0.121495,-0.136977,0.178121,0.003770,0.437218,0.200000,30.000000,316.666667,30.561555,2.554159,0.768169
2026-04-06T03:45:00Z,0.864833,no_impulse,0,BAJFINANCE,15m,1.000000,227.514793,4.848676,22.000000,0.220394,-0.205444,-0.317601,-2.306774,2.086677,3.000000,119.434629,0.695559,4.000000,31.189233,16.049383,7.705200,1.000000,-0.903804,-0.432530,-0.471275,37.197001,12.244862,41.282138,-2.069240,-3.018027,-5.135585,0.198851,0.067319,1.778197,0.000000,30.561555,0.000000,4.000000,24.953101,6.666667,9.897560,0.000000,-0.458410,-0.070147,-0.388263,32.204117,12.409983,45.581577,-3.049275,-3.587462,-5.447182,-0.160882,0.044774,5.498486,25.000000,107.549361,0.219939,4.000000,24.953101,6.666667,9.897560,1.000000,-0.458410,-0.070147,-0.388263,32.204117,12.409983,45.581577,-3.049275,-3.587462,-5.447182,-0.160882,0.044774,5.387985,2.000000,47.939866,2.693992,3.000000,66.748177,93.728223,39.105149,0.000000,-0.670615,-1.011854,0.341239,66.402363,41.932082,19.741112,2.928604,1.388391,-0.776333,1.236223,0.040979,10.103510,54.000000,252.957746,0.187102,8.000000,23.338912,8.845209,8.511532,1.000000,-1.128951,-1.161039,0.032088,68.484360,3.773659,36.342861,-1.555067,-3.427861,-5.690954,-0.018072,0.029557,4.160319,19.000000,182.989691,0.218964,1.000000,73.964801,78.367347,87.762661,0.000000,1.100297,1.225818,-0.125521,65.330091,34.963084,6.003199,1.227151,3.260293,3.488839,1.171959,0.018489,2.222986,0.000000,35.208711,0.000000,1.000000,83.556511,94.625922,95.353204,0.000000,1.130031,0.922405,0.207625,49.542864,48.592498,6.772932,3.310056,4.500414,2.306411,1.106126,0.056480,6.739237,22.000000,316.666667,0.306329,1.000000,83.556511,94.625922,95.353204,1.000000,1.130031,0.922405,0.207625,49.542864,48.592498,6.772932,3.310056,4.500414,2.306411,1.106126,0.056480,2.083832,3.000000,36.942675,0.694611,2.000000,5.977916,19.000000,152.427184,0.314627,7.000000,3.773815,6.000000,245.238095,0.628969,4.000000,1.562888,0.000000,45.569620,0.000000,4.000000,3.315944,8.000000,189.383562,0.414493,4.000000,1.782118,10.000000,64.317181,0.178212,3.000000,2.696122,7.000000,148.852459,0.385160,4.000000,1.844684,3.000000,27.087034,0.614895,3.000000,6.375991,23.000000,227.016129,0.277217,4.000000,2.889769,21.000000,69.370629,0.137608,3.000000,3.999105,3.000000,103.924419,1.333035,8.000000,4.002094,15.000000,159.628770,0.266806,1.000000,7.000000,6.000000,52.000000,-1.000000,,,,49.327371,71.698113,72.857704,-0.489754,-0.737631,0.247877,19.388283,23.226896,31.314351,0.148340,-1.072224,0.526055,0.057018,,0.000000,,40.319235,19.480519,14.153439,-0.060549,-0.041814,-0.018735,15.886015,13.092927,19.327045,-0.121495,-0.136977,0.178121,0.003770,1.053164,1.496599,52.000000,316.666667,30.561555,2.680084,0.476463
2026-04-06T04:15:00Z,0.846942,no_impulse,0,BAJFINANCE,15m,-1.000000,44.733420,2.068675,2.000000,1.034338,-0.401225,-0.527384,-2.499713,4.848676,22.000000,227.514793,0.220394,7.000000,48.791633,31.235431,74.721679,1.000000,0.311073,0.141618,0.169454,20.516361,21.836550,21.271655,-0.205444,-0.317601,-2.306774,0.445927,0.037916,2.086677,3.000000,119.434629,0.695559,4.000000,31.189233,16.049383,7.705200,1.000000,-0.903804,-0.432530,-0.471275,37.197001,12.244862,41.282138,-2.069240,-3.018027,-5.135585,0.198851,0.067319,1.778197,0.000000,30.561555,0.000000,4.000000,24.953101,6.666667,9.897560,0.000000,-0.458410,-0.070147,-0.388263,32.204117,12.409983,45.581577,-3.049275,-3.587462,-5.447182,-0.160882,0.044774,5.498486,25.000000,107.549361,0.219939,4.000000,24.953101,6.666667,9.897560,1.000000,-0.458410,-0.070147,-0.388263,32.204117,12.409983,45.581577,-3.049275,-3.587462,-5.447182,-0.160882,0.044774,5.387985,2.000000,47.939866,2.693992,3.000000,66.748177,93.728223,39.105149,0.000000,-0.670615,-1.011854,0.341239,66.402363,41.932082,19.741112,2.928604,1.388391,-0.776333,1.236223,0.040979,10.103510,54.000000,252.957746,0.187102,8.000000,23.338912,8.845209,8.511532,1.000000,-1.128951,-1.161039,0.032088,68.484360,3.773659,36.342861,-1.555067,-3.427861,-5.690954,-0.018072,0.029557,4.160319,19.000000,182.989691,0.218964,1.000000,73.964801,78.367347,87.762661,0.000000,1.100297,1.225818,-0.125521,65.330091,34.963084,6.003199,1.227151,3.260293,3.488839,1.171959,0.018489,2.222986,0.000000,35.208711,0.000000,1.000000,83.556511,94.625922,95.353204,0.000000,1.130031,0.922405,0.207625,49.542864,48.592498,6.772932,3.310056,4.500414,2.306411,1.106126,0.056480,6.739237,22.000000,316.666667,0.306329,1.000000,2.083832,3.000000,36.942675,0.694611,2.000000,5.977916,19.000000,152.427184,0.314627,7.000000,3.773815,6.000000,245.238095,0.628969,4.000000,1.562888,0.000000,45.569620,0.000000,4.000000,3.315944,8.000000,189.383562,0.414493,4.000000,1.782118,10.000000,64.317181,0.178212,3.000000,2.696122,7.000000,148.852459,0.385160,4.000000,1.844684,3.000000,27.087034,0.614895,3.000000,6.375991,23.000000,227.016129,0.277217,4.000000,2.889769,21.000000,69.370629,0.137608,3.000000,3.999105,3.000000,103.924419,1.333035,8.000000,2.000000,1.000000,2.000000,-1.000000,,,,49.543515,72.475028,72.553681,-0.418286,-0.673512,0.255226,18.911748,22.374154,28.893791,0.172535,-0.988984,0.530182,0.057263,,0.000000,,40.319235,19.480519,14.153439,-0.060549,-0.041814,-0.018735,15.886015,13.092927,19.327045,-0.121495,-0.136977,0.178121,0.003770,0.460628,0.133333,54.000000,316.666667,30.561555,2.639237,0.415129
2026-04-07T03:45:00Z,0.893489,no_impulse,0,BAJFINANCE,15m,1.000000,260.174419,5.495855,23.000000,0.238950,1.825856,2.949918,2.528616,2.068675,2.000000,44.733420,1.034338,2.000000,46.849078,22.377622,31.468531,0.000000,0.200093,0.174480,0.025613,17.811719,17.571234,18.124830,-0.401225,-0.527384,-2.499713,0.384625,0.034637,4.848676,22.000000,227.514793,0.220394,7.000000,48.791633,31.235431,74.721679,1.000000,0.311073,0.141618,0.169454,20.516361,21.836550,21.271655,-0.205444,-0.317601,-2.306774,0.445927,0.037916,2.086677,3.000000,119.434629,0.695559,4.000000,31.189233,16.049383,7.705200,1.000000,-0.903804,-0.432530,-0.471275,37.197001,12.244862,41.282138,-2.069240,-3.018027,-5.135585,0.198851,0.067319,1.778197,0.000000,30.561555,0.000000,4.000000,24.953101,6.666667,9.897560,0.000000,-0.458410,-0.070147,-0.388263,32.204117,12.409983,45.581577,-3.049275,-3.587462,-5.447182,-0.160882,0.044774,5.498486,25.000000,107.549361,0.219939,4.000000,24.953101,6.666667,9.897560,1.000000,-0.458410,-0.070147,-0.388263,32.204117,12.409983,45.581577,-3.049275,-3.587462,-5.447182,-0.160882,0.044774,5.387985,2.000000,47.939866,2.693992,3.000000,66.748177,93.728223,39.105149,0.000000,-0.670615,-1.011854,0.341239,66.402363,41.932082,19.741112,2.928604,1.388391,-0.776333,1.236223,0.040979,10.103510,54.000000,252.957746,0.187102,8.000000,23.338912,8.845209,8.511532,1.000000,-1.128951,-1.161039,0.032088,68.484360,3.773659,36.342861,-1.555067,-3.427861,-5.690954,-0.018072,0.029557,4.160319,19.000000,182.989691,0.218964,1.000000,73.964801,78.367347,87.762661,0.000000,1.100297,1.225818,-0.125521,65.330091,34.963084,6.003199,1.227151,3.260293,3.488839,1.171959,0.018489,2.222986,0.000000,35.208711,0.000000,1.000000,6.739237,22.000000,316.666667,0.306329,1.000000,2.083832,3.000000,36.942675,0.694611,2.000000,5.977916,19.000000,152.427184,0.314627,7.000000,3.773815,6.000000,245.238095,0.628969,4.000000,1.562888,0.000000,45.569620,0.000000,4.000000,3.315944,8.000000,189.383562,0.414493,4.000000,1.782118,10.000000,64.317181,0.178212,3.000000,2.696122,7.000000,148.852459,0.385160,4.000000,1.844684,3.000000,27.087034,0.614895,3.000000,6.375991,23.000000,227.016129,0.277217,4.000000,2.889769,21.000000,69.370629,0.137608,3.000000,1.000000,2.000000,25.000000,-1.000000,,,,64.301421,85.823171,92.934726,0.583115,0.042660,0.540455,16.735446,33.257360,19.602371,2.250461,2.039697,0.818001,0.072398,,0.000000,,40.319235,19.480519,14.153439,-0.060549,-0.041814,-0.018735,15.886015,13.092927,19.327045,-0.121495,-0.136977,0.178121,0.003770,1.224164,1.543624,77.000000,316.666667,30.561555,2.640777,0.710957
2026-04-07T03:45:00Z,0.878354,no_impulse,0,BAJFINANCE,15m,-1.000000,32.513966,1.693830,0.000000,0.000000,1.825856,2.949918,2.528616,5.495855,23.000000,260.174419,0.238950,1.000000,79.332307,95.454545,92.666297,1.000000,0.931711,0.818549,0.113162,40.530070,34.981355,7.891098,1.825856,2.949918,2.528616,0.908901,0.045483,2.068675,2.000000,44.733420,1.034338,2.000000,46.849078,22.377622,31.468531,0.000000,0.200093,0.174480,0.025613,17.811719,17.571234,18.124830,-0.401225,-0.527384,-2.499713,0.384625,0.034637,4.848676,22.000000,227.514793,0.220394,7.000000,48.791633,31.235431,74.721679,1.000000,0.311073,0.141618,0.169454,20.516361,21.836550,21.271655,-0.205444,-0.317601,-2.306774,0.445927,0.037916,2.086677,3.000000,119.434629,0.695559,4.000000,31.189233,16.049383,7.705200,1.000000,-0.903804,-0.432530,-0.471275,37.197001,12.244862,41.282138,-2.069240,-3.018027,-5.135585,0.198851,0.067319,1.778197,0.000000,30.561555,0.000000,4.000000,24.953101,6.666667,9.897560,0.000000,-0.458410,-0.070147,-0.388263,32.204117,12.409983,45.581577,-3.049275,-3.587462,-5.447182,-0.160882,0.044774,5.498486,25.000000,107.549361,0.219939,4.000000,24.953101,6.666667,9.897560,1.000000,-0.458410,-0.070147,-0.388263,32.204117,12.409983,45.581577,-3.049275,-3.587462,-5.447182,-0.160882,0.044774,5.387985,2.000000,47.939866,2.693992,3.000000,66.748177,93.728223,39.105149,0.000000,-0.670615,-1.011854,0.341239,66.402363,41.932082,19.741112,2.928604,1.388391,-0.776333,1.236223,0.040979,10.103510,54.000000,252.957746,0.187102,8.000000,23.338912,8.845209,8.511532,1.000000,-1.128951,-1.161039,0.032088,68.484360,3.773659,36.342861,-1.555067,-3.427861,-5.690954,-0.018072,0.029557,4.160319,19.000000,182.989691,0.218964,1.000000,2.222986,0.000000,35.208711,0.000000,1.000000,6.739237,22.000000,316.666667,0.306329,1.000000,2.083832,3.000000,36.942675,0.694611,2.000000,5.977916,19.000000,152.427184,0.314627,7.000000,3.773815,6.000000,245.238095,0.628969,4.000000,1.562888,0.000000,45.569620,0.000000,4.000000,3.315944,8.000000,189.383562,0.414493,4.000000,1.782118,10.000000,64.317181,0.178212,3.000000,2.696122,7.000000,148.852459,0.385160,4.000000,1.844684,3.000000,27.087034,0.614895,3.000000,6.375991,23.000000,227.016129,0.277217,4.000000,1.000000,3.000000,25.000000,-1.000000,,,,64.301421,85.823171,92.934726,0.583115,0.042660,0.540455,16.735446,33.257360,19.602371,2.250461,2.039697,0.818001,0.072398,,0.000000,,40.319235,19.480519,14.153439,-0.060549,-0.041814,-0.018735,15.886015,13.092927,19.327045,-0.121495,-0.136977,0.178121,0.003770,0.388036,0.000000,77.000000,260.174419,30.561555,2.550819,1.325721
2026-04-08T03:45:00Z,0.955482,no_impulse,0,BAJFINANCE,15m,1.000000,509.621993,8.780863,25.000000,0.351235,6.128162,7.258426,8.094879,1.693830,0.000000,32.513966,0.000000,1.000000,79.332307,95.454545,92.666297,0.000000,0.931711,0.818549,0.113162,40.530070,34.981355,7.891098,1.825856,2.949918,2.528616,0.908901,0.045483,5.495855,23.000000,260.174419,0.238950,1.000000,79.332307,95.454545,92.666297,1.000000,0.931711,0.818549,0.113162,40.530070,34.981355,7.891098,1.825856,2.949918,2.528616,0.908901,0.045483,2.068675,2.000000,44.733420,1.034338,2.000000,46.849078,22.377622,31.468531,0.000000,0.200093,0.174480,0.025613,17.811719,17.571234,18.124830,-0.401225,-0.527384,-2.499713,0.384625,0.034637,4.848676,22.000000,227.514793,0.220394,7.000000,48.791633,31.235431,74.721679,1.000000,0.311073,0.141618,0.169454,20.516361,21.836550,21.271655,-0.205444,-0.317601,-2.306774,0.445927,0.037916,2.086677,3.000000,119.434629,0.695559,4.000000,31.189233,16.049383,7.705200,1.000000,-0.903804,-0.432530,-0.471275,37.197001,12.244862,41.282138,-2.069240,-3.018027,-5.135585,0.198851,0.067319,1.778197,0.000000,30.561555,0.000000,4.000000,24.953101,6.666667,9.897560,0.000000,-0.458410,-0.070147,-0.388263,32.204117,12.409983,45.581577,-3.049275,-3.587462,-5.447182,-0.160882,0.044774,5.498486,25.000000,107.549361,0.219939,4.000000,24.953101,6.666667,9.897560,1.000000,-0.458410,-0.070147,-0.388263,32.204117,12.409983,45.581577,-3.049275,-3.587462,-5.447182,-0.160882,0.044774,5.387985,2.000000,47.939866,2.693992,3.000000,66.748177,93.728223,39.105149,0.000000,-0.670615,-1.011854,0.341239,66.402363,41.932082,19.741112,2.928604,1.388391,-0.776333,1.236223,0.040979,10.103510,54.000000,252.957746,0.187102,8.000000,4.160319,19.000000,182.989691,0.218964,1.000000,2.222986,0.000000,35.208711,0.000000,1.000000,6.739237,22.000000,316.666667,0.306329,1.000000,2.083832,3.000000,36.942675,0.694611,2.000000,5.977916,19.000000,152.427184,0.314627,7.000000,3.773815,6.000000,245.238095,0.628969,4.000000,1.562888,0.000000,45.569620,0.000000,4.000000,3.315944,8.000000,189.383562,0.414493,4.000000,1.782118,10.000000,64.317181,0.178212,3.000000,2.696122,7.000000,148.852459,0.385160,4.000000,1.844684,3.000000,27.087034,0.614895,3.000000,1.000000,4.000000,50.000000,-1.000000,,,,80.029612,87.748851,84.313126,1.242056,0.689104,0.552952,24.106168,51.553419,9.887613,6.379534,7.097163,1.200713,0.097247,,0.000000,,40.319235,19.480519,14.153439,-0.060549,-0.041814,-0.018735,15.886015,13.092927,19.327045,-0.121495,-0.136977,0.178121,0.003770,2.036274,1.666667,102.000000,260.174419,30.561555,2.605105,1.062525
2026-04-08T03:45:00Z,0.916372,no_impulse,0,BAJFINANCE,15m,-1.000000,50.708024,4.093185,0.000000,0.000000,6.128162,7.258426,8.094879,8.780863,25.000000,509.621993,0.351235,1.000000,87.972517,93.997072,66.626475,0.000000,0.766165,0.420215,0.345951,43.528884,62.286309,4.487228,6.128162,7.258426,8.094879,1.528009,0.063504,1.693830,0.000000,32.513966,0.000000,1.000000,79.332307,95.454545,92.666297,0.000000,0.931711,0.818549,0.113162,40.530070,34.981355,7.891098,1.825856,2.949918,2.528616,0.908901,0.045483,5.495855,23.000000,260.174419,0.238950,1.000000,79.332307,95.454545,92.666297,1.000000,0.931711,0.818549,0.113162,40.530070,34.981355,7.891098,1.825856,2.949918,2.528616,0.908901,0.045483,2.068675,2.000000,44.733420,1.034338,2.000000,46.849078,22.377622,31.468531,0.000000,0.200093,0.174480,0.025613,17.811719,17.571234,18.124830,-0.401225,-0.527384,-2.499713,0.384625,0.034637,4.848676,22.000000,227.514793,0.220394,7.000000,48.791633,31.235431,74.721679,1.000000,0.311073,0.141618,0.169454,20.516361,21.836550,21.271655,-0.205444,-0.317601,-2.306774,0.445927,0.037916,2.086677,3.000000,119.434629,0.695559,4.000000,31.189233,16.049383,7.705200,1.000000,-0.903804,-0.432530,-0.471275,37.197001,12.244862,41.282138,-2.069240,-3.018027,-5.135585,0.198851,0.067319,1.778197,0.000000,30.561555,0.000000,4.000000,24.953101,6.666667,9.897560,0.000000,-0.458410,-0.070147,-0.388263,32.204117,12.409983,45.581577,-3.049275,-3.587462,-5.447182,-0.160882,0.044774,5.498486,25.000000,107.549361,0.219939,4.000000,24.953101,6.666667,9.897560,1.000000,-0.458410,-0.070147,-0.388263,32.204117,12.409983,45.581577,-3.049275,-3.587462,-5.447182,-0.160882,0.044774,5.387985,2.000000,47.939866,2.693992,3.000000,10.103510,54.000000,252.957746,0.187102,8.000000,4.160319,19.000000,182.989691,0.218964,1.000000,2.222986,0.000000,35.208711,0.000000,1.000000,6.739237,22.000000,316.666667,0.306329,1.000000,2.083832,3.000000,36.942675,0.694611,2.000000,5.977916,19.000000,152.427184,0.314627,7.000000,3.773815,6.000000,245.238095,0.628969,4.000000,1.562888,0.000000,45.569620,0.000000,4.000000,3.315944,8.000000,189.383562,0.414493,4.000000,1.782118,10.000000,64.317181,0.178212,3.000000,2.696122,7.000000,148.852459,0.385160,4.000000,1.000000,5.000000,50.000000,-1.000000,,,,80.029612,87.748851,84.313126,1.242056,0.689104,0.552952,24.106168,51.553419,9.887613,6.379534,7.097163,1.200713,0.097247,,0.000000,,40.319235,19.480519,14.153439,-0.060549,-0.041814,-0.018735,15.886015,13.092927,19.327045,-0.121495,-0.136977,0.178121,0.003770,0.857342,0.000000,102.000000,509.621993,30.561555,2.960666,1.773711
2026-04-08T05:45:00Z,0.963179,no_impulse,0,BAJFINANCE,15m,1.000000,119.680851,5.107832,8.000000,0.638479,3.229125,5.729599,7.891292,4.093185,0.000000,50.708024,0.000000,1.000000,87.972517,93.997072,66.626475,0.000000,0.766165,0.420215,0.345951,43.528884,62.286309,4.487228,6.128162,7.258426,8.094879,1.528009,0.063504,8.780863,25.000000,509.621993,0.351235,1.000000,87.972517,93.997072,66.626475,0.000000,0.766165,0.420215,0.345951,43.528884,62.286309,4.487228,6.128162,7.258426,8.094879,1.528009,0.063504,1.693830,0.000000,32.513966,0.000000,1.000000,79.332307,95.454545,92.666297,0.000000,0.931711,0.818549,0.113162,40.530070,34.981355,7.891098,1.825856,2.949918,2.528616,0.908901,0.045483,5.495855,23.000000,260.174419,0.238950,1.000000,79.332307,95.454545,92.666297,1.000000,0.931711,0.818549,0.113162,40.530070,34.981355,7.891098,1.825856,2.949918,2.528616,0.908901,0.045483,2.068675,2.000000,44.733420,1.034338,2.000000,46.849078,22.377622,31.468531,0.000000,0.200093,0.174480,0.025613,17.811719,17.571234,18.124830,-0.401225,-0.527384,-2.499713,0.384625,0.034637,4.848676,22.000000,227.514793,0.220394,7.000000,48.791633,31.235431,74.721679,1.000000,0.311073,0.141618,0.169454,20.516361,21.836550,21.271655,-0.205444,-0.317601,-2.306774,0.445927,0.037916,2.086677,3.000000,119.434629,0.695559,4.000000,31.189233,16.049383,7.705200,1.000000,-0.903804,-0.432530,-0.471275,37.197001,12.244862,41.282138,-2.069240,-3.018027,-5.135585,0.198851,0.067319,1.778197,0.000000,30.561555,0.000000,4.000000,24.953101,6.666667,9.897560,0.000000,-0.458410,-0.070147,-0.388263,32.204117,12.409983,45.581577,-3.049275,-3.587462,-5.447182,-0.160882,0.044774,5.498486,25.000000,107.549361,0.219939,4.000000,5.387985,2.000000,47.939866,2.693992,3.000000,10.103510,54.000000,252.957746,0.187102,8.000000,4.160319,19.000000,182.989691,0.218964,1.000000,2.222986,0.000000,35.208711,0.000000,1.000000,6.739237,22.000000,316.666667,0.306329,1.000000,2.083832,3.000000,36.942675,0.694611,2.000000,5.977916,19.000000,152.427184,0.314627,7.000000,3.773815,6.000000,245.238095,0.628969,4.000000,1.562888,0.000000,45.569620,0.000000,4.000000,3.315944,8.000000,189.383562,0.414493,4.000000,1.782118,10.000000,64.317181,0.178212,3.000000,1.000000,6.000000,58.000000,-1.000000,,,,79.957830,91.736402,92.743621,2.020517,1.111623,0.908893,30.367480,47.571855,8.397730,6.148408,7.610872,0.995569,0.132195,,0.000000,,40.319235,19.480519,14.153439,-0.060549,-0.041814,-0.018735,15.886015,13.092927,19.327045,-0.121495,-0.136977,0.178121,0.003770,1.223948,0.784314,8.000000,509.621993,30.561555,2.293485,1.173579
2026-04-09T03:45:00Z,0.927190,no_impulse,0,BAJFINANCE,15m,-1.000000,76.888889,3.736501,17.000000,0.219794,-0.180241,2.020556,5.706920,5.107832,8.000000,119.680851,0.638479,1.000000,79.382848,90.092470,95.123476,1.000000,2.013184,1.559654,0.453529,59.150534,53.366650,5.665277,3.229125,5.729599,7.891292,0.750640,0.133134,4.093185,0.000000,50.708024,0.000000,1.000000,87.972517,93.997072,66.626475,0.000000,0.766165,0.420215,0.345951,43.528884,62.286309,4.487228,6.128162,7.258426,8.094879,1.528009,0.063504,8.780863,25.000000,509.621993,0.351235,1.000000,87.972517,93.997072,66.626475,0.000000,0.766165,0.420215,0.345951,43.528884,62.286309,4.487228,6.128162,7.258426,8.094879,1.528009,0.063504,1.693830,0.000000,32.513966,0.000000,1.000000,79.332307,95.454545,92.666297,0.000000,0.931711,0.818549,0.113162,40.530070,34.981355,7.891098,1.825856,2.949918,2.528616,0.908901,0.045483,5.495855,23.000000,260.174419,0.238950,1.000000,79.332307,95.454545,92.666297,1.000000,0.931711,0.818549,0.113162,40.530070,34.981355,7.891098,1.825856,2.949918,2.528616,0.908901,0.045483,2.068675,2.000000,44.733420,1.034338,2.000000,46.849078,22.377622,31.468531,0.000000,0.200093,0.174480,0.025613,17.811719,17.571234,18.124830,-0.401225,-0.527384,-2.499713,0.384625,0.034637,4.848676,22.000000,227.514793,0.220394,7.000000,48.791633,31.235431,74.721679,1.000000,0.311073,0.141618,0.169454,20.516361,21.836550,21.271655,-0.205444,-0.317601,-2.306774,0.445927,0.037916,2.086677,3.000000,119.434629,0.695559,4.000000,31.189233,16.049383,7.705200,1.000000,-0.903804,-0.432530,-0.471275,37.197001,12.244862,41.282138,-2.069240,-3.018027,-5.135585,0.198851,0.067319,1.778197,0.000000,30.561555,0.000000,4.000000,5.498486,25.000000,107.549361,0.219939,4.000000,5.387985,2.000000,47.939866,2.693992,3.000000,10.103510,54.000000,252.957746,0.187102,8.000000,4.160319,19.000000,182.989691,0.218964,1.000000,2.222986,0.000000,35.208711,0.000000,1.000000,6.739237,22.000000,316.666667,0.306329,1.000000,2.083832,3.000000,36.942675,0.694611,2.000000,5.977916,19.000000,152.427184,0.314627,7.000000,3.773815,6.000000,245.238095,0.628969,4.000000,1.562888,0.000000,45.569620,0.000000,4.000000,3.315944,8.000000,189.383562,0.414493,4.000000,2.000000,7.000000,75.000000,-1.000000,,,,70.002287,77.114428,84.135220,2.438331,2.001919,0.436413,39.404542,36.505123,20.127631,2.803213,5.229746,0.695608,0.147440,,0.000000,,40.319235,19.480519,14.153439,-0.060549,-0.041814,-0.018735,15.886015,13.092927,19.327045,-0.121495,-0.136977,0.178121,0.003770,0.901398,1.574074,25.000000,509.621993,30.561555,2.278661,1.942232
2026-04-09T06:30:00Z,0.950073,no_impulse,0,BAJFINANCE,15m,1.000000,63.583815,2.468028,11.000000,0.224366,0.308112,1.668025,5.452972,3.736501,17.000000,76.888889,0.219794,2.000000,54.160779,61.702128,52.234043,1.000000,0.829178,1.145320,-0.316142,50.478112,23.328803,35.564858,-0.180241,2.020556,5.706920,0.326568,0.010374,5.107832,8.000000,119.680851,0.638479,1.000000,79.382848,90.092470,95.123476,1.000000,2.013184,1.559654,0.453529,59.150534,53.366650,5.665277,3.229125,5.729599,7.891292,0.750640,0.133134,4.093185,0.000000,50.708024,0.000000,1.000000,87.972517,93.997072,66.626475,0.000000,0.766165,0.420215,0.345951,43.528884,62.286309,4.487228,6.128162,7.258426,8.094879,1.528009,0.063504,8.780863,25.000000,509.621993,0.351235,1.000000,87.972517,93.997072,66.626475,0.000000,0.766165,0.420215,0.345951,43.528884,62.286309,4.487228,6.128162,7.258426,8.094879,1.528009,0.063504,1.693830,0.000000,32.513966,0.000000,1.000000,79.332307,95.454545,92.666297,0.000000,0.931711,0.818549,0.113162,40.530070,34.981355,7.891098,1.825856,2.949918,2.528616,0.908901,0.045483,5.495855,23.000000,260.174419,0.238950,1.000000,79.332307,95.454545,92.666297,1.000000,0.931711,0.818549,0.113162,40.530070,34.981355,7.891098,1.825856,2.949918,2.528616,0.908901,0.045483,2.068675,2.000000,44.733420,1.034338,2.000000,46.849078,22.377622,31.468531,0.000000,0.200093,0.174480,0.025613,17.811719,17.571234,18.124830,-0.401225,-0.527384,-2.499713,0.384625,0.034637,4.848676,22.000000,227.514793,0.220394,7.000000,48.791633,31.235431,74.721679,1.000000,0.311073,0.141618,0.169454,20.516361,21.836550,21.271655,-0.205444,-0.317601,-2.306774,0.445927,0.037916,2.086677,3.000000,119.434629,0.695559,4.000000,1.778197,0.000000,30.561555,0.000000,4.000000,5.498486,25.000000,107.549361,0.219939,4.000000,5.387985,2.000000,47.939866,2.693992,3.000000,10.103510,54.000000,252.957746,0.187102,8.000000,4.160319,19.000000,182.989691,0.218964,1.000000,2.222986,0.000000,35.208711,0.000000,1.000000,6.739237,22.000000,316.666667,0.306329,1.000000,2.083832,3.000000,36.942675,0.694611,2.000000,5.977916,19.000000,152.427184,0.314627,7.000000,3.773815,6.000000,245.238095,0.628969,4.000000,1.562888,0.000000,45.569620,0.000000,4.000000,3.000000,1.000000,86.000000,-1.000000,,,,66.520618,73.712021,77.455999,2.183730,2.134229,0.049501,37.483973,33.560554,18.229406,1.886246,4.467825,0.640293,0.137035,,0.000000,,40.319235,19.480519,14.153439,-0.060549,-0.041814,-0.018735,15.886015,13.092927,19.327045,-0.121495,-0.136977,0.178121,0.003770,0.621822,1.100000,36.000000,509.621993,30.561555,2.229996,0.810086
2026-04-09T09:00:00Z,0.928958,no_impulse,0,BAJFINANCE,15m,-1.000000,92.272727,2.222466,10.000000,0.222247,-0.532994,0.056237,3.634775,2.468028,11.000000,63.583815,0.224366,3.000000,59.027462,77.443609,71.616541,0.000000,0.231501,0.363642,-0.132141,32.872222,22.791898,24.539933,0.308112,1.668025,5.452972,0.674296,0.017732,3.736501,17.000000,76.888889,0.219794,2.000000,54.160779,61.702128,52.234043,1.000000,0.829178,1.145320,-0.316142,50.478112,23.328803,35.564858,-0.180241,2.020556,5.706920,0.326568,0.010374,5.107832,8.000000,119.680851,0.638479,1.000000,79.382848,90.092470,95.123476,1.000000,2.013184,1.559654,0.453529,59.150534,53.366650,5.665277,3.229125,5.729599,7.891292,0.750640,0.133134,4.093185,0.000000,50.708024,0.000000,1.000000,87.972517,93.997072,66.626475,0.000000,0.766165,0.420215,0.345951,43.528884,62.286309,4.487228,6.128162,7.258426,8.094879,1.528009,0.063504,8.780863,25.000000,509.621993,0.351235,1.000000,87.972517,93.997072,66.626475,0.000000,0.766165,0.420215,0.345951,43.528884,62.286309,4.487228,6.128162,7.258426,8.094879,1.528009,0.063504,1.693830,0.000000,32.513966,0.000000,1.000000,79.332307,95.454545,92.666297,0.000000,0.931711,0.818549,0.113162,40.530070,34.981355,7.891098,1.825856,2.949918,2.528616,0.908901,0.045483,5.495855,23.000000,260.174419,0.238950,1.000000,79.332307,95.454545,92.666297,1.000000,0.931711,0.818549,0.113162,40.530070,34.981355,7.891098,1.825856,2.949918,2.528616,0.908901,0.045483,2.068675,2.000000,44.733420,1.034338,2.000000,46.849078,22.377622,31.468531,0.000000,0.200093,0.174480,0.025613,17.811719,17.571234,18.124830,-0.401225,-0.527384,-2.499713,0.384625,0.034637,4.848676,22.000000,227.514793,0.220394,7.000000,2.086677,3.000000,119.434629,0.695559,4.000000,1.778197,0.000000,30.561555,0.000000,4.000000,5.498486,25.000000,107.549361,0.219939,4.000000,5.387985,2.000000,47.939866,2.693992,3.000000,10.103510,54.000000,252.957746,0.187102,8.000000,4.160319,19.000000,182.989691,0.218964,1.000000,2.222986,0.000000,35.208711,0.000000,1.000000,6.739237,22.000000,316.666667,0.306329,1.000000,2.083832,3.000000,36.942675,0.694611,2.000000,5.977916,19.000000,152.427184,0.314627,7.000000,3.773815,6.000000,245.238095,0.628969,4.000000,2.000000,1.000000,96.000000,-1.000000,,,,62.075402,69.863014,67.056936,1.849466,2.052748,-0.203282,33.894956,28.547738,22.813692,1.453768,3.961516,0.615889,0.127296,,0.000000,,40.319235,19.480519,14.153439,-0.060549,-0.041814,-0.018735,15.886015,13.092927,19.327045,-0.121495,-0.136977,0.178121,0.003770,0.550386,0.900901,46.000000,509.621993,32.513966,2.164399,0.776528
2026-04-10T04:30:00Z,0.962503,no_impulse,0,BAJFINANCE,15m,1.000000,158.866995,3.611018,7.000000,0.515860,1.688644,2.457172,5.992867,2.222466,10.000000,92.272727,0.222247,2.000000,41.196805,27.339901,11.374607,0.000000,-0.275173,-0.073991,-0.201182,31.730035,16.282836,29.742467,-0.532994,0.056237,3.634775,0.275579,0.023624,2.468028,11.000000,63.583815,0.224366,3.000000,59.027462,77.443609,71.616541,0.000000,0.231501,0.363642,-0.132141,32.872222,22.791898,24.539933,0.308112,1.668025,5.452972,0.674296,0.017732,3.736501,17.000000,76.888889,0.219794,2.000000,54.160779,61.702128,52.234043,1.000000,0.829178,1.145320,-0.316142,50.478112,23.328803,35.564858,-0.180241,2.020556,5.706920,0.326568,0.010374,5.107832,8.000000,119.680851,0.638479,1.000000,79.382848,90.092470,95.123476,1.000000,2.013184,1.559654,0.453529,59.150534,53.366650,5.665277,3.229125,5.729599,7.891292,0.750640,0.133134,4.093185,0.000000,50.708024,0.000000,1.000000,87.972517,93.997072,66.626475,0.000000,0.766165,0.420215,0.345951,43.528884,62.286309,4.487228,6.128162,7.258426,8.094879,1.528009,0.063504,8.780863,25.000000,509.621993,0.351235,1.000000,87.972517,93.997072,66.626475,0.000000,0.766165,0.420215,0.345951,43.528884,62.286309,4.487228,6.128162,7.258426,8.094879,1.528009,0.063504,1.693830,0.000000,32.513966,0.000000,1.000000,79.332307,95.454545,92.666297,0.000000,0.931711,0.818549,0.113162,40.530070,34.981355,7.891098,1.825856,2.949918,2.528616,0.908901,0.045483,5.495855,23.000000,260.174419,0.238950,1.000000,79.332307,95.454545,92.666297,1.000000,0.931711,0.818549,0.113162,40.530070,34.981355,7.891098,1.825856,2.949918,2.528616,0.908901,0.045483,2.068675,2.000000,44.733420,1.034338,2.000000,4.848676,22.000000,227.514793,0.220394,7.000000,2.086677,3.000000,119.434629,0.695559,4.000000,1.778197,0.000000,30.561555,0.000000,4.000000,5.498486,25.000000,107.549361,0.219939,4.000000,5.387985,2.000000,47.939866,2.693992,3.000000,10.103510,54.000000,252.957746,0.187102,8.000000,4.160319,19.000000,182.989691,0.218964,1.000000,2.222986,0.000000,35.208711,0.000000,1.000000,6.739237,22.000000,316.666667,0.306329,1.000000,2.083832,3.000000,36.942675,0.694611,2.000000,5.977916,19.000000,152.427184,0.314627,7.000000,1.000000,2.000000,103.000000,-1.000000,,,,68.534313,93.641618,78.557696,1.799221,1.886160,-0.086940,32.171853,34.976625,18.199852,2.819712,5.422264,0.766682,0.108801,,0.000000,,40.319235,19.480519,14.153439,-0.060549,-0.041814,-0.018735,15.886015,13.092927,19.327045,-0.121495,-0.136977,0.178121,0.003770,0.891259,0.593220,53.000000,509.621993,32.513966,2.151183,0.468638
2026-04-10T08:45:00Z,0.950385,no_impulse,0,BAJFINANCE,15m,-1.000000,36.124031,1.258983,17.000000,0.074058,-0.175647,0.543673,4.206365,3.611018,7.000000,158.866995,0.515860,1.000000,71.022133,97.519380,97.271625,0.000000,0.338814,0.044975,0.293838,29.516281,31.359684,15.348046,1.688644,2.457172,5.992867,0.945386,0.038565,2.222466,10.000000,92.272727,0.222247,2.000000,41.196805,27.339901,11.374607,0.000000,-0.275173,-0.073991,-0.201182,31.730035,16.282836,29.742467,-0.532994,0.056237,3.634775,0.275579,0.023624,2.468028,11.000000,63.583815,0.224366,3.000000,59.027462,77.443609,71.616541,0.000000,0.231501,0.363642,-0.132141,32.872222,22.791898,24.539933,0.308112,1.668025,5.452972,0.674296,0.017732,3.736501,17.000000,76.888889,0.219794,2.000000,54.160779,61.702128,52.234043,1.000000,0.829178,1.145320,-0.316142,50.478112,23.328803,35.564858,-0.180241,2.020556,5.706920,0.326568,0.010374,5.107832,8.000000,119.680851,0.638479,1.000000,79.382848,90.092470,95.123476,1.000000,2.013184,1.559654,0.453529,59.150534,53.366650,5.665277,3.229125,5.729599,7.891292,0.750640,0.133134,4.093185,0.000000,50.708024,0.000000,1.000000,87.972517,93.997072,66.626475,0.000000,0.766165,0.420215,0.345951,43.528884,62.286309,4.487228,6.128162,7.258426,8.094879,1.528009,0.063504,8.780863,25.000000,509.621993,0.351235,1.000000,87.972517,93.997072,66.626475,0.000000,0.766165,0.420215,0.345951,43.528884,62.286309,4.487228,6.128162,7.258426,8.094879,1.528009,0.063504,1.693830,0.000000,32.513966,0.000000,1.000000,79.332307,95.454545,92.666297,0.000000,0.931711,0.818549,0.113162,40.530070,34.981355,7.891098,1.825856,2.949918,2.528616,0.908901,0.045483,5.495855,23.000000,260.174419,0.238950,1.000000,2.068675,2.000000,44.733420,1.034338,2.000000,4.848676,22.000000,227.514793,0.220394,7.000000,2.086677,3.000000,119.434629,0.695559,4.000000,1.778197,0.000000,30.561555,0.000000,4.000000,5.498486,25.000000,107.549361,0.219939,4.000000,5.387985,2.000000,47.939866,2.693992,3.000000,10.103510,54.000000,252.957746,0.187102,8.000000,4.160319,19.000000,182.989691,0.218964,1.000000,2.222986,0.000000,35.208711,0.000000,1.000000,6.739237,22.000000,316.666667,0.306329,1.000000,2.083832,3.000000,36.942675,0.694611,2.000000,2.000000,3.000000,120.000000,-1.000000,,,,67.226467,98.408104,84.692736,1.644403,1.766646,-0.122243,30.650666,32.076703,17.990995,2.170202,4.836847,1.109579,0.036391,,0.000000,,40.319235,19.480519,14.153439,-0.060549,-0.041814,-0.018735,15.886015,13.092927,19.327045,-0.121495,-0.136977,0.178121,0.003770,0.320529,1.650485,70.000000,509.621993,32.513966,2.135776,0.641662
2026-04-10T09:45:00Z,0.964531,no_impulse,0,BAJFINANCE,15m,1.000000,116.738197,1.488454,4.000000,0.372113,0.473049,1.169427,4.786828,1.258983,17.000000,36.124031,0.074058,2.000000,49.133985,16.814159,18.799164,1.000000,0.199620,0.310685,-0.111065,17.814750,16.832394,20.630997,-0.175647,0.543673,4.206365,0.346095,0.011393,3.611018,7.000000,158.866995,0.515860,1.000000,71.022133,97.519380,97.271625,0.000000,0.338814,0.044975,0.293838,29.516281,31.359684,15.348046,1.688644,2.457172,5.992867,0.945386,0.038565,2.222466,10.000000,92.272727,0.222247,2.000000,41.196805,27.339901,11.374607,0.000000,-0.275173,-0.073991,-0.201182,31.730035,16.282836,29.742467,-0.532994,0.056237,3.634775,0.275579,0.023624,2.468028,11.000000,63.583815,0.224366,3.000000,59.027462,77.443609,71.616541,0.000000,0.231501,0.363642,-0.132141,32.872222,22.791898,24.539933,0.308112,1.668025,5.452972,0.674296,0.017732,3.736501,17.000000,76.888889,0.219794,2.000000,54.160779,61.702128,52.234043,1.000000,0.829178,1.145320,-0.316142,50.478112,23.328803,35.564858,-0.180241,2.020556,5.706920,0.326568,0.010374,5.107832,8.000000,119.680851,0.638479,1.000000,79.382848,90.092470,95.123476,1.000000,2.013184,1.559654,0.453529,59.150534,53.366650,5.665277,3.229125,5.729599,7.891292,0.750640,0.133134,4.093185,0.000000,50.708024,0.000000,1.000000,87.972517,93.997072,66.626475,0.000000,0.766165,0.420215,0.345951,43.528884,62.286309,4.487228,6.128162,7.258426,8.094879,1.528009,0.063504,8.780863,25.000000,509.621993,0.351235,1.000000,87.972517,93.997072,66.626475,0.000000,0.766165,0.420215,0.345951,43.528884,62.286309,4.487228,6.128162,7.258426,8.094879,1.528009,0.063504,1.693830,0.000000,32.513966,0.000000,1.000000,5.495855,23.000000,260.174419,0.238950,1.000000,2.068675,2.000000,44.733420,1.034338,2.000000,4.848676,22.000000,227.514793,0.220394,7.000000,2.086677,3.000000,119.434629,0.695559,4.000000,1.778197,0.000000,30.561555,0.000000,4.000000,5.498486,25.000000,107.549361,0.219939,4.000000,5.387985,2.000000,47.939866,2.693992,3.000000,10.103510,54.000000,252.957746,0.187102,8.000000,4.160319,19.000000,182.989691,0.218964,1.000000,2.222986,0.000000,35.208711,0.000000,1.000000,6.739237,22.000000,316.666667,0.306329,1.000000,1.000000,4.000000,124.000000,-1.000000,,,,65.274021,88.022284,87.818475,1.604332,1.737858,-0.133526,30.572712,31.823938,17.302503,1.733364,4.409426,0.981214,0.036656,,0.000000,,40.319235,19.480519,14.153439,-0.060549,-0.041814,-0.018735,15.886015,13.092927,19.327045,-0.121495,-0.136977,0.178121,0.003770,0.386927,0.338983,74.000000,509.621993,32.513966,2.227469,0.626966
2026-04-13T03:45:00Z,0.916476,no_impulse,0,BAJFINANCE,15m,-1.000000,339.705882,4.982206,1.000000,4.982206,-1.991388,-1.427649,2.206496,1.488454,4.000000,116.738197,0.372113,1.000000,59.384033,68.382353,78.255448,0.000000,0.242390,0.250192,-0.007802,18.453627,27.806354,14.831247,0.473049,1.169427,4.786828,0.888650,0.012229,1.258983,17.000000,36.124031,0.074058,2.000000,49.133985,16.814159,18.799164,1.000000,0.199620,0.310685,-0.111065,17.814750,16.832394,20.630997,-0.175647,0.543673,4.206365,0.346095,0.011393,3.611018,7.000000,158.866995,0.515860,1.000000,71.022133,97.519380,97.271625,0.000000,0.338814,0.044975,0.293838,29.516281,31.359684,15.348046,1.688644,2.457172,5.992867,0.945386,0.038565,2.222466,10.000000,92.272727,0.222247,2.000000,41.196805,27.339901,11.374607,0.000000,-0.275173,-0.073991,-0.201182,31.730035,16.282836,29.742467,-0.532994,0.056237,3.634775,0.275579,0.023624,2.468028,11.000000,63.583815,0.224366,3.000000,59.027462,77.443609,71.616541,0.000000,0.231501,0.363642,-0.132141,32.872222,22.791898,24.539933,0.308112,1.668025,5.452972,0.674296,0.017732,3.736501,17.000000,76.888889,0.219794,2.000000,54.160779,61.702128,52.234043,1.000000,0.829178,1.145320,-0.316142,50.478112,23.328803,35.564858,-0.180241,2.020556,5.706920,0.326568,0.010374,5.107832,8.000000,119.680851,0.638479,1.000000,79.382848,90.092470,95.123476,1.000000,2.013184,1.559654,0.453529,59.150534,53.366650,5.665277,3.229125,5.729599,7.891292,0.750640,0.133134,4.093185,0.000000,50.708024,0.000000,1.000000,87.972517,93.997072,66.626475,0.000000,0.766165,0.420215,0.345951,43.528884,62.286309,4.487228,6.128162,7.258426,8.094879,1.528009,0.063504,8.780863,25.000000,509.621993,0.351235,1.000000,1.693830,0.000000,32.513966,0.000000,1.000000,5.495855,23.000000,260.174419,0.238950,1.000000,2.068675,2.000000,44.733420,1.034338,2.000000,4.848676,22.000000,227.514793,0.220394,7.000000,2.086677,3.000000,119.434629,0.695559,4.000000,1.778197,0.000000,30.561555,0.000000,4.000000,5.498486,25.000000,107.549361,0.219939,4.000000,5.387985,2.000000,47.939866,2.693992,3.000000,10.103510,54.000000,252.957746,0.187102,8.000000,4.160319,19.000000,182.989691,0.218964,1.000000,2.222986,0.000000,35.208711,0.000000,1.000000,8.000000,1.000000,125.000000,-1.000000,,,,51.459275,46.103896,77.511428,1.404615,1.702947,-0.298332,29.914262,24.003364,37.038497,-0.461309,2.139938,0.378015,0.037643,,0.000000,,40.319235,19.480519,14.153439,-0.060549,-0.041814,-0.018735,15.886015,13.092927,19.327045,-0.121495,-0.136977,0.178121,0.003770,1.445745,0.101010,75.000000,509.621993,32.513966,2.258109,0.754534
2026-04-13T04:45:00Z,0.942272,no_impulse,0,BAJFINANCE,15m,1.000000,53.679654,2.814663,4.000000,0.703666,-0.786479,-0.578227,2.787762,4.982206,1.000000,339.705882,4.982206,8.000000,32.743273,38.419913,67.437490,0.000000,0.044122,0.214356,-0.170234,20.869464,15.826286,50.497029,-1.991388,-1.427649,2.206496,-0.330652,0.023506,1.488454,4.000000,116.738197,0.372113,1.000000,59.384033,68.382353,78.255448,0.000000,0.242390,0.250192,-0.007802,18.453627,27.806354,14.831247,0.473049,1.169427,4.786828,0.888650,0.012229,1.258983,17.000000,36.124031,0.074058,2.000000,49.133985,16.814159,18.799164,1.000000,0.199620,0.310685,-0.111065,17.814750,16.832394,20.630997,-0.175647,0.543673,4.206365,0.346095,0.011393,3.611018,7.000000,158.866995,0.515860,1.000000,71.022133,97.519380,97.271625,0.000000,0.338814,0.044975,0.293838,29.516281,31.359684,15.348046,1.688644,2.457172,5.992867,0.945386,0.038565,2.222466,10.000000,92.272727,0.222247,2.000000,41.196805,27.339901,11.374607,0.000000,-0.275173,-0.073991,-0.201182,31.730035,16.282836,29.742467,-0.532994,0.056237,3.634775,0.275579,0.023624,2.468028,11.000000,63.583815,0.224366,3.000000,59.027462,77.443609,71.616541,0.000000,0.231501,0.363642,-0.132141,32.872222,22.791898,24.539933,0.308112,1.668025,5.452972,0.674296,0.017732,3.736501,17.000000,76.888889,0.219794,2.000000,54.160779,61.702128,52.234043,1.000000,0.829178,1.145320,-0.316142,50.478112,23.328803,35.564858,-0.180241,2.020556,5.706920,0.326568,0.010374,5.107832,8.000000,119.680851,0.638479,1.000000,79.382848,90.092470,95.123476,1.000000,2.013184,1.559654,0.453529,59.150534,53.366650,5.665277,3.229125,5.729599,7.891292,0.750640,0.133134,4.093185,0.000000,50.708024,0.000000,1.000000,8.780863,25.000000,509.621993,0.351235,1.000000,1.693830,0.000000,32.513966,0.000000,1.000000,5.495855,23.000000,260.174419,0.238950,1.000000,2.068675,2.000000,44.733420,1.034338,2.000000,4.848676,22.000000,227.514793,0.220394,7.000000,2.086677,3.000000,119.434629,0.695559,4.000000,1.778197,0.000000,30.561555,0.000000,4.000000,5.498486,25.000000,107.549361,0.219939,4.000000,5.387985,2.000000,47.939866,2.693992,3.000000,10.103510,54.000000,252.957746,0.187102,8.000000,4.160319,19.000000,182.989691,0.218964,1.000000,3.000000,2.000000,4.000000,-1.000000,,,,52.042942,48.484848,60.870343,1.211687,1.603036,-0.391350,29.262670,23.415019,35.707826,-0.306713,2.170490,0.420622,0.038522,,0.000000,,40.319235,19.480519,14.153439,-0.060549,-0.041814,-0.018735,15.886015,13.092927,19.327045,-0.121495,-0.136977,0.178121,0.003770,0.745615,0.400000,79.000000,509.621993,36.124031,2.213575,0.931113
