timestamp,price,label,direction,symbol,timeframe,curr_direction,curr_retrace_pct,curr_leg_size_pct,curr_leg_duration,curr_leg_speed,curr_ema20_dist,curr_ema50_dist,curr_ema200_dist,p1_leg_size_pct,p1_leg_duration,p1_retrace_pct,p1_leg_speed,p1_trend_state,p1_rsi,p1_stoch_k,p1_stoch_d,p1_stoch_cross,p1_macd_line,p1_macd_signal,p1_macd_hist,p1_adx,p1_plus_di,p1_minus_di,p1_ema20_dist,p1_ema50_dist,p1_ema200_dist,p1_bb_position,p1_bb_bandwidth,p2_leg_size_pct,p2_leg_duration,p2_retrace_pct,p2_leg_speed,p2_trend_state,p2_rsi,p2_stoch_k,p2_stoch_d,p2_stoch_cross,p2_macd_line,p2_macd_signal,p2_macd_hist,p2_adx,p2_plus_di,p2_minus_di,p2_ema20_dist,p2_ema50_dist,p2_ema200_dist,p2_bb_position,p2_bb_bandwidth,p3_leg_size_pct,p3_leg_duration,p3_retrace_pct,p3_leg_speed,p3_trend_state,p3_rsi,p3_stoch_k,p3_stoch_d,p3_stoch_cross,p3_macd_line,p3_macd_signal,p3_macd_hist,p3_adx,p3_plus_di,p3_minus_di,p3_ema20_dist,p3_ema50_dist,p3_ema200_dist,p3_bb_position,p3_bb_bandwidth,p4_leg_size_pct,p4_leg_duration,p4_retrace_pct,p4_leg_speed,p4_trend_state,p4_rsi,p4_stoch_k,p4_stoch_d,p4_stoch_cross,p4_macd_line,p4_macd_signal,p4_macd_hist,p4_adx,p4_plus_di,p4_minus_di,p4_ema20_dist,p4_ema50_dist,p4_ema200_dist,p4_bb_position,p4_bb_bandwidth,p5_leg_size_pct,p5_leg_duration,p5_retrace_pct,p5_leg_speed,p5_trend_state,p5_rsi,p5_stoch_k,p5_stoch_d,p5_stoch_cross,p5_macd_line,p5_macd_signal,p5_macd_hist,p5_adx,p5_plus_di,p5_minus_di,p5_ema20_dist,p5_ema50_dist,p5_ema200_dist,p5_bb_position,p5_bb_bandwidth,p6_leg_size_pct,p6_leg_duration,p6_retrace_pct,p6_leg_speed,p6_trend_state,p6_rsi,p6_stoch_k,p6_stoch_d,p6_stoch_cross,p6_macd_line,p6_macd_signal,p6_macd_hist,p6_adx,p6_plus_di,p6_minus_di,p6_ema20_dist,p6_ema50_dist,p6_ema200_dist,p6_bb_position,p6_bb_bandwidth,p7_leg_size_pct,p7_leg_duration,p7_retrace_pct,p7_leg_speed,p7_trend_state,p7_rsi,p7_stoch_k,p7_stoch_d,p7_stoch_cross,p7_macd_line,p7_macd_signal,p7_macd_hist,p7_adx,p7_plus_di,p7_minus_di,p7_ema20_dist,p7_ema50_dist,p7_ema200_dist,p7_bb_position,p7_bb_bandwidth,p8_leg_size_pct,p8_leg_duration,p8_retrace_pct,p8_leg_speed,p8_trend_state,p8_rsi,p8_stoch_k,p8_stoch_d,p8_stoch_cross,p8_macd_line,p8_macd_signal,p8_macd_hist,p8_adx,p8_plus_di,p8_minus_di,p8_ema20_dist,p8_ema50_dist,p8_ema200_dist,p8_bb_position,p8_bb_bandwidth,p9_leg_size_pct,p9_leg_duration,p9_retrace_pct,p9_leg_speed,p9_trend_state,p10_leg_size_pct,p10_leg_duration,p10_retrace_pct,p10_leg_speed,p10_trend_state,p11_leg_size_pct,p11_leg_duration,p11_retrace_pct,p11_leg_speed,p11_trend_state,p12_leg_size_pct,p12_leg_duration,p12_retrace_pct,p12_leg_speed,p12_trend_state,p13_leg_size_pct,p13_leg_duration,p13_retrace_pct,p13_leg_speed,p13_trend_state,p14_leg_size_pct,p14_leg_duration,p14_retrace_pct,p14_leg_speed,p14_trend_state,p15_leg_size_pct,p15_leg_duration,p15_retrace_pct,p15_leg_speed,p15_trend_state,p16_leg_size_pct,p16_leg_duration,p16_retrace_pct,p16_leg_speed,p16_trend_state,p17_leg_size_pct,p17_leg_duration,p17_retrace_pct,p17_leg_speed,p17_trend_state,p18_leg_size_pct,p18_leg_duration,p18_retrace_pct,p18_leg_speed,p18_trend_state,p19_leg_size_pct,p19_leg_duration,p19_retrace_pct,p19_leg_speed,p19_trend_state,p20_leg_size_pct,p20_leg_duration,p20_retrace_pct,p20_leg_speed,p20_trend_state,mkt_trend_state,mkt_trend_streak,mkt_bars_since_reversal,mkt_last_break_type,htf_trend_state,htf_retrace_pct,htf_pivot_dist_pct,htf_rsi,htf_stoch_k,htf_stoch_d,htf_macd_line,htf_macd_signal,htf_macd_hist,htf_adx,htf_plus_di,htf_minus_di,htf_ema20_dist,htf_ema50_dist,htf_bb_position,htf_bb_bandwidth,ltf_trend_state,ltf_zigzag_count,ltf_trend_reversal_flag,ltf_rsi,ltf_stoch_k,ltf_stoch_d,ltf_macd_line,ltf_macd_signal,ltf_macd_hist,ltf_adx,ltf_plus_di,ltf_minus_di,ltf_ema20_dist,ltf_ema50_dist,ltf_bb_position,ltf_bb_bandwidth,leg_size_vs_avg,leg_duration_vs_avg,bars_since_large_leg,max_retrace_last10,min_retrace_last10,leg_size_stddev,legs_contracting
2025-09-12T03:45:00Z,1.000000,no_impulse,0,BERGEPAINT,1h,1.000000,,0.000000,0.000000,0.000000,1.698036,2.037142,1.064407,,,,,,,,,,,,,,,,,,,,,,,,,,,,,,,,,,,,,,,,,,,,,,,,,,,,,,,,,,,,,,,,,,,,,,,,,,,,,,,,,,,,,,,,,,,,,,,,,,,,,,,,,,,,,,,,,,,,,,,,,,,,,,,,,,,,,,,,,,,,,,,,,,,,,,,,,,,,,,,,,,,,,,,,,,,,,,,,,,,,,,,,,,,,,,,,,,,,,,,,,,,,,,,,,,,,,,,,,,,,,0.000000,1.000000,,-1.000000,,,,47.521886,47.960619,61.664495,-0.684742,-1.006367,0.321625,13.947175,20.642550,14.010960,-0.410585,-1.811209,0.428439,0.057141,,0.000000,,78.584106,61.256545,77.470987,0.683510,0.540917,0.142593,47.624562,42.851338,3.944220,1.093310,1.894468,0.831178,0.033378,0.000000,0.000000,,,,0.000000,
2025-09-12T09:45:00Z,0.959487,no_impulse,0,BERGEPAINT,1h,-1.000000,,4.051268,6.000000,0.675211,-0.640739,-0.182298,-0.924626,0.000000,0.000000,,0.000000,0.000000,67.798783,70.433145,84.002528,0.000000,0.564844,0.186723,0.378120,29.801860,38.763443,8.224001,1.698036,2.037142,1.064407,0.842881,0.050378,,,,,,,,,,,,,,,,,,,,,,,,,,,,,,,,,,,,,,,,,,,,,,,,,,,,,,,,,,,,,,,,,,,,,,,,,,,,,,,,,,,,,,,,,,,,,,,,,,,,,,,,,,,,,,,,,,,,,,,,,,,,,,,,,,,,,,,,,,,,,,,,,,,,,,,,,,,,,,,,,,,,,,,,,,,,,,,,,,,,,,,,,,,,,,,,,,,,,,,,,0.000000,2.000000,,-1.000000,,,,47.521886,47.960619,61.664495,-0.684742,-1.006367,0.321625,13.947175,20.642550,14.010960,-0.410585,-1.811209,0.428439,0.057141,,0.000000,,29.461358,24.096386,10.266130,-0.139384,0.106792,-0.246176,34.317112,17.919487,39.847207,-1.236760,-0.932659,-0.056513,0.021952,1.000000,1.000000,,,,0.000000,
2025-09-16T04:45:00Z,0.993816,no_impulse,0,BERGEPAINT,1h,1.000000,84.734513,3.577767,9.000000,0.397530,1.389763,1.881111,1.408096,4.051268,6.000000,,0.675211,0.000000,46.393468,26.627219,41.042842,0.000000,0.415258,0.462001,-0.046742,33.847059,28.123900,25.377035,-0.640739,-0.182298,-0.924626,0.368775,0.048517,0.000000,0.000000,,0.000000,0.000000,67.798783,70.433145,84.002528,0.000000,0.564844,0.186723,0.378120,29.801860,38.763443,8.224001,1.698036,2.037142,1.064407,0.842881,0.050378,,,,,,,,,,,,,,,,,,,,,,,,,,,,,,,,,,,,,,,,,,,,,,,,,,,,,,,,,,,,,,,,,,,,,,,,,,,,,,,,,,,,,,,,,,,,,,,,,,,,,,,,,,,,,,,,,,,,,,,,,,,,,,,,,,,,,,,,,,,,,,,,,,,,,,,,,,,,,,,,,,,,,,,,,,,,,,,,,,,,,3.000000,1.000000,,-1.000000,,,,46.300744,40.646976,50.117206,-0.584870,-0.855585,0.270715,15.364478,21.787998,11.999590,-0.854657,-2.179835,0.340886,0.053258,,0.000000,,73.636456,91.318328,94.162053,0.392413,0.148959,0.243454,25.611388,36.218249,12.302724,1.237541,1.520949,0.861955,0.034619,1.766246,3.000000,,,,2.864679,
2025-09-16T09:45:00Z,0.959667,no_impulse,0,BERGEPAINT,1h,-1.000000,99.477807,3.436147,5.000000,0.687229,-0.964786,-0.693029,-1.161549,3.577767,9.000000,84.734513,0.397530,3.000000,62.663022,87.728460,75.752161,1.000000,0.382090,0.288864,0.093225,25.072693,36.022608,18.523832,1.389763,1.881111,1.408096,0.924699,0.033185,4.051268,6.000000,,0.675211,0.000000,46.393468,26.627219,41.042842,0.000000,0.415258,0.462001,-0.046742,33.847059,28.123900,25.377035,-0.640739,-0.182298,-0.924626,0.368775,0.048517,0.000000,0.000000,,0.000000,0.000000,67.798783,70.433145,84.002528,0.000000,0.564844,0.186723,0.378120,29.801860,38.763443,8.224001,1.698036,2.037142,1.064407,0.842881,0.050378,,,,,,,,,,,,,,,,,,,,,,,,,,,,,,,,,,,,,,,,,,,,,,,,,,,,,,,,,,,,,,,,,,,,,,,,,,,,,,,,,,,,,,,,,,,,,,,,,,,,,,,,,,,,,,,,,,,,,,,,,,,,,,,,,,,,,,,,,,,,,,,,,,,,,,,,,,,,,,,,,2.000000,1.000000,,-1.000000,,,,45.041942,26.365055,42.918684,-0.628879,-0.813447,0.184567,15.885802,20.142158,12.699296,-1.200259,-2.553746,0.268686,0.051273,,0.000000,,29.262125,17.406143,7.653900,-0.443417,-0.232665,-0.210752,35.587243,10.504148,41.828957,-0.911291,-1.160438,0.283424,0.041697,1.351212,1.000000,,84.734513,84.734513,2.215002,
2025-09-17T03:45:00Z,0.980909,no_impulse,0,BERGEPAINT,1h,1.000000,62.204724,2.213505,1.000000,2.213505,-0.156801,0.092543,-0.364861,3.436147,5.000000,99.477807,0.687229,2.000000,43.206772,13.385827,15.602064,1.000000,0.008355,0.217322,-0.208968,20.983414,25.732201,33.261190,-0.964786,-0.693029,-1.161549,0.221141,0.034267,3.577767,9.000000,84.734513,0.397530,3.000000,62.663022,87.728460,75.752161,1.000000,0.382090,0.288864,0.093225,25.072693,36.022608,18.523832,1.389763,1.881111,1.408096,0.924699,0.033185,4.051268,6.000000,,0.675211,0.000000,46.393468,26.627219,41.042842,0.000000,0.415258,0.462001,-0.046742,33.847059,28.123900,25.377035,-0.640739,-0.182298,-0.924626,0.368775,0.048517,0.000000,0.000000,,0.000000,0.000000,67.798783,70.433145,84.002528,0.000000,0.564844,0.186723,0.378120,29.801860,38.763443,8.224001,1.698036,2.037142,1.064407,0.842881,0.050378,,,,,,,,,,,,,,,,,,,,,,,,,,,,,,,,,,,,,,,,,,,,,,,,,,,,,,,,,,,,,,,,,,,,,,,,,,,,,,,,,,,,,,,,,,,,,,,,,,,,,,,,,,,,,,,,,,,,,,,,,,,,,,,,,,,,,,,,,,,,,3.000000,1.000000,,-1.000000,,,,45.041942,26.365055,42.918684,-0.628879,-0.813447,0.184567,15.885802,20.142158,12.699296,-1.200259,-2.553746,0.268686,0.051273,,0.000000,,51.197944,59.246575,25.550906,-0.362958,-0.256637,-0.106321,33.358567,33.786313,30.947239,0.199275,-0.025079,0.551131,0.039051,0.800169,0.200000,,99.477807,84.734513,1.862859,
2025-09-17T08:45:00Z,0.953930,no_impulse,0,BERGEPAINT,1h,-1.000000,127.004219,2.750365,5.000000,0.550073,-1.224024,-1.218864,-1.741124,2.213505,1.000000,62.204724,2.213505,3.000000,49.200894,35.695538,19.232518,1.000000,-0.003206,0.171854,-0.175060,20.222310,35.526216,28.874893,-0.156801,0.092543,-0.364861,0.453580,0.033726,3.436147,5.000000,99.477807,0.687229,2.000000,43.206772,13.385827,15.602064,1.000000,0.008355,0.217322,-0.208968,20.983414,25.732201,33.261190,-0.964786,-0.693029,-1.161549,0.221141,0.034267,3.577767,9.000000,84.734513,0.397530,3.000000,62.663022,87.728460,75.752161,1.000000,0.382090,0.288864,0.093225,25.072693,36.022608,18.523832,1.389763,1.881111,1.408096,0.924699,0.033185,4.051268,6.000000,,0.675211,0.000000,46.393468,26.627219,41.042842,0.000000,0.415258,0.462001,-0.046742,33.847059,28.123900,25.377035,-0.640739,-0.182298,-0.924626,0.368775,0.048517,0.000000,0.000000,,0.000000,0.000000,67.798783,70.433145,84.002528,0.000000,0.564844,0.186723,0.378120,29.801860,38.763443,8.224001,1.698036,2.037142,1.064407,0.842881,0.050378,,,,,,,,,,,,,,,,,,,,,,,,,,,,,,,,,,,,,,,,,,,,,,,,,,,,,,,,,,,,,,,,,,,,,,,,,,,,,,,,,,,,,,,,,,,,,,,,,,,,,,,,,,,,,,,,,,,,,,,,,4.000000,2.000000,,-1.000000,,,,45.740945,22.680412,29.897481,-0.636314,-0.776683,0.140369,16.369888,19.070132,12.023401,-0.897813,-2.251143,0.323090,0.050298,,0.000000,,33.020869,8.994709,8.396130,-0.353780,-0.267290,-0.086491,21.927675,15.639665,33.447112,-0.696832,-1.115106,0.143051,0.019387,1.035631,1.190476,,99.477807,62.204724,1.632115,
2025-09-18T03:45:00Z,0.973380,no_impulse,0,BERGEPAINT,1h,1.000000,72.093023,2.038899,2.000000,1.019449,-0.633337,-0.718874,-1.277834,2.750365,5.000000,127.004219,0.550073,4.000000,40.024243,10.786517,10.218428,0.000000,-0.253744,-0.032692,-0.221052,16.365288,26.633235,34.208869,-1.224024,-1.218864,-1.741124,0.153866,0.034935,2.213505,1.000000,62.204724,2.213505,3.000000,49.200894,35.695538,19.232518,1.000000,-0.003206,0.171854,-0.175060,20.222310,35.526216,28.874893,-0.156801,0.092543,-0.364861,0.453580,0.033726,3.436147,5.000000,99.477807,0.687229,2.000000,43.206772,13.385827,15.602064,1.000000,0.008355,0.217322,-0.208968,20.983414,25.732201,33.261190,-0.964786,-0.693029,-1.161549,0.221141,0.034267,3.577767,9.000000,84.734513,0.397530,3.000000,62.663022,87.728460,75.752161,1.000000,0.382090,0.288864,0.093225,25.072693,36.022608,18.523832,1.389763,1.881111,1.408096,0.924699,0.033185,4.051268,6.000000,,0.675211,0.000000,46.393468,26.627219,41.042842,0.000000,0.415258,0.462001,-0.046742,33.847059,28.123900,25.377035,-0.640739,-0.182298,-0.924626,0.368775,0.048517,0.000000,0.000000,,0.000000,0.000000,67.798783,70.433145,84.002528,0.000000,0.564844,0.186723,0.378120,29.801860,38.763443,8.224001,1.698036,2.037142,1.064407,0.842881,0.050378,,,,,,,,,,,,,,,,,,,,,,,,,,,,,,,,,,,,,,,,,,,,,,,,,,,,,,,,,,,,,,,,,,,,,,,,,,,,,,,,,,,,,,,,,,,,,,,,,,,,,3.000000,3.000000,,-1.000000,,,,45.740945,22.680412,29.897481,-0.636314,-0.776683,0.140369,16.369888,19.070132,12.023401,-0.897813,-2.251143,0.323090,0.050298,,0.000000,,53.975031,75.115207,45.996821,-0.324467,-0.353270,0.028803,25.928697,34.456569,24.530305,0.427640,-0.053422,0.668507,0.025487,0.763201,0.461538,,127.004219,62.204724,1.460319,1.101059
2025-09-22T03:45:00Z,0.950435,no_impulse,0,BERGEPAINT,1h,-1.000000,117.972350,2.357274,14.000000,0.168377,0.031065,-0.407316,-1.251076,2.038899,2.000000,72.093023,1.019449,3.000000,43.909645,21.123596,16.404494,0.000000,-0.309034,-0.129556,-0.179478,15.408566,33.487923,29.088339,-0.633337,-0.718874,-1.277834,0.330443,0.037117,2.750365,5.000000,127.004219,0.550073,4.000000,40.024243,10.786517,10.218428,0.000000,-0.253744,-0.032692,-0.221052,16.365288,26.633235,34.208869,-1.224024,-1.218864,-1.741124,0.153866,0.034935,2.213505,1.000000,62.204724,2.213505,3.000000,49.200894,35.695538,19.232518,1.000000,-0.003206,0.171854,-0.175060,20.222310,35.526216,28.874893,-0.156801,0.092543,-0.364861,0.453580,0.033726,3.436147,5.000000,99.477807,0.687229,2.000000,43.206772,13.385827,15.602064,1.000000,0.008355,0.217322,-0.208968,20.983414,25.732201,33.261190,-0.964786,-0.693029,-1.161549,0.221141,0.034267,3.577767,9.000000,84.734513,0.397530,3.000000,62.663022,87.728460,75.752161,1.000000,0.382090,0.288864,0.093225,25.072693,36.022608,18.523832,1.389763,1.881111,1.408096,0.924699,0.033185,4.051268,6.000000,,0.675211,0.000000,46.393468,26.627219,41.042842,0.000000,0.415258,0.462001,-0.046742,33.847059,28.123900,25.377035,-0.640739,-0.182298,-0.924626,0.368775,0.048517,0.000000,0.000000,,0.000000,0.000000,67.798783,70.433145,84.002528,0.000000,0.564844,0.186723,0.378120,29.801860,38.763443,8.224001,1.698036,2.037142,1.064407,0.842881,0.050378,,,,,,,,,,,,,,,,,,,,,,,,,,,,,,,,,,,,,,,,,,,,,,,,,,,,,,,,,,,,,,,,,,,,,,,,,,,,,,,,,4.000000,4.000000,,-1.000000,,,,43.672378,9.621993,14.032073,-0.733300,-0.758767,0.025467,16.547319,17.101065,11.968065,-1.326214,-2.753175,0.227439,0.048021,,0.000000,,52.411249,95.505618,47.871283,-0.136106,-0.137409,0.001303,15.112685,13.834922,19.269238,0.171045,-0.123313,0.725283,0.007605,0.913270,3.500000,,127.004219,62.204724,1.354356,0.632865
2025-09-22T04:45:00Z,0.967733,no_impulse,0,BERGEPAINT,1h,1.000000,75.390625,1.820068,1.000000,1.820068,0.615105,0.234736,-0.588057,2.357274,14.000000,117.972350,0.168377,4.000000,48.494780,53.333333,23.377757,0.000000,-0.371391,-0.374891,0.003501,10.234218,26.620399,21.046240,0.031065,-0.407316,-1.251076,0.518625,0.016684,2.038899,2.000000,72.093023,1.019449,3.000000,43.909645,21.123596,16.404494,0.000000,-0.309034,-0.129556,-0.179478,15.408566,33.487923,29.088339,-0.633337,-0.718874,-1.277834,0.330443,0.037117,2.750365,5.000000,127.004219,0.550073,4.000000,40.024243,10.786517,10.218428,0.000000,-0.253744,-0.032692,-0.221052,16.365288,26.633235,34.208869,-1.224024,-1.218864,-1.741124,0.153866,0.034935,2.213505,1.000000,62.204724,2.213505,3.000000,49.200894,35.695538,19.232518,1.000000,-0.003206,0.171854,-0.175060,20.222310,35.526216,28.874893,-0.156801,0.092543,-0.364861,0.453580,0.033726,3.436147,5.000000,99.477807,0.687229,2.000000,43.206772,13.385827,15.602064,1.000000,0.008355,0.217322,-0.208968,20.983414,25.732201,33.261190,-0.964786,-0.693029,-1.161549,0.221141,0.034267,3.577767,9.000000,84.734513,0.397530,3.000000,62.663022,87.728460,75.752161,1.000000,0.382090,0.288864,0.093225,25.072693,36.022608,18.523832,1.389763,1.881111,1.408096,0.924699,0.033185,4.051268,6.000000,,0.675211,0.000000,46.393468,26.627219,41.042842,0.000000,0.415258,0.462001,-0.046742,33.847059,28.123900,25.377035,-0.640739,-0.182298,-0.924626,0.368775,0.048517,0.000000,0.000000,,0.000000,0.000000,67.798783,70.433145,84.002528,0.000000,0.564844,0.186723,0.378120,29.801860,38.763443,8.224001,1.698036,2.037142,1.064407,0.842881,0.050378,,,,,,,,,,,,,,,,,,,,,,,,,,,,,,,,,,,,,,,,,,,,,,,,,,,,,,,,,,,,,3.000000,5.000000,,-1.000000,,,,43.672378,9.621993,14.032073,-0.733300,-0.758767,0.025467,16.547319,17.101065,11.968065,-1.326214,-2.753175,0.227439,0.048021,,0.000000,,55.908025,69.135802,68.518519,0.017467,-0.065149,0.082616,15.960120,18.906513,12.610787,0.270867,0.103761,0.752098,0.010774,0.712871,0.190476,,127.004219,62.204724,1.256386,0.774489
2025-09-23T03:45:00Z,0.949180,no_impulse,0,BERGEPAINT,1h,-1.000000,107.253886,1.917199,6.000000,0.319533,-0.557371,-1.007935,-1.942072,1.820068,1.000000,75.390625,1.820068,3.000000,55.153320,86.666667,52.005208,0.000000,-0.269315,-0.351830,0.082514,10.706357,27.095445,19.283329,0.615105,0.234736,-0.588057,0.905383,0.015267,2.357274,14.000000,117.972350,0.168377,4.000000,48.494780,53.333333,23.377757,0.000000,-0.371391,-0.374891,0.003501,10.234218,26.620399,21.046240,0.031065,-0.407316,-1.251076,0.518625,0.016684,2.038899,2.000000,72.093023,1.019449,3.000000,43.909645,21.123596,16.404494,0.000000,-0.309034,-0.129556,-0.179478,15.408566,33.487923,29.088339,-0.633337,-0.718874,-1.277834,0.330443,0.037117,2.750365,5.000000,127.004219,0.550073,4.000000,40.024243,10.786517,10.218428,0.000000,-0.253744,-0.032692,-0.221052,16.365288,26.633235,34.208869,-1.224024,-1.218864,-1.741124,0.153866,0.034935,2.213505,1.000000,62.204724,2.213505,3.000000,49.200894,35.695538,19.232518,1.000000,-0.003206,0.171854,-0.175060,20.222310,35.526216,28.874893,-0.156801,0.092543,-0.364861,0.453580,0.033726,3.436147,5.000000,99.477807,0.687229,2.000000,43.206772,13.385827,15.602064,1.000000,0.008355,0.217322,-0.208968,20.983414,25.732201,33.261190,-0.964786,-0.693029,-1.161549,0.221141,0.034267,3.577767,9.000000,84.734513,0.397530,3.000000,62.663022,87.728460,75.752161,1.000000,0.382090,0.288864,0.093225,25.072693,36.022608,18.523832,1.389763,1.881111,1.408096,0.924699,0.033185,4.051268,6.000000,,0.675211,0.000000,46.393468,26.627219,41.042842,0.000000,0.415258,0.462001,-0.046742,33.847059,28.123900,25.377035,-0.640739,-0.182298,-0.924626,0.368775,0.048517,0.000000,0.000000,,0.000000,0.000000,,,,,,,,,,,,,,,,,,,,,,,,,,,,,,,,,,,,,,,,,,,,,,,,,,,,,,,,4.000000,6.000000,,-1.000000,,,,44.476236,13.230241,10.882016,-0.736387,-0.753094,0.016707,16.512229,16.523345,11.951422,-1.019172,-2.450577,0.291850,0.048469,,0.000000,,38.596579,10.489510,11.007532,-0.174895,-0.117979,-0.056916,19.406132,23.542569,18.299671,-0.339826,-0.549440,0.322876,0.019121,0.775660,1.255814,,127.004219,62.204724,1.200377,0.740027
2025-09-24T04:45:00Z,0.966747,no_impulse,0,BERGEPAINT,1h,1.000000,94.685990,1.850803,8.000000,0.231350,0.512685,0.135998,-0.855991,1.917199,6.000000,107.253886,0.319533,4.000000,41.670383,20.289855,16.445825,0.000000,-0.310341,-0.299450,-0.010891,9.318299,23.700609,19.432442,-0.557371,-1.007935,-1.942072,0.156283,0.016126,1.820068,1.000000,75.390625,1.820068,3.000000,55.153320,86.666667,52.005208,0.000000,-0.269315,-0.351830,0.082514,10.706357,27.095445,19.283329,0.615105,0.234736,-0.588057,0.905383,0.015267,2.357274,14.000000,117.972350,0.168377,4.000000,48.494780,53.333333,23.377757,0.000000,-0.371391,-0.374891,0.003501,10.234218,26.620399,21.046240,0.031065,-0.407316,-1.251076,0.518625,0.016684,2.038899,2.000000,72.093023,1.019449,3.000000,43.909645,21.123596,16.404494,0.000000,-0.309034,-0.129556,-0.179478,15.408566,33.487923,29.088339,-0.633337,-0.718874,-1.277834,0.330443,0.037117,2.750365,5.000000,127.004219,0.550073,4.000000,40.024243,10.786517,10.218428,0.000000,-0.253744,-0.032692,-0.221052,16.365288,26.633235,34.208869,-1.224024,-1.218864,-1.741124,0.153866,0.034935,2.213505,1.000000,62.204724,2.213505,3.000000,49.200894,35.695538,19.232518,1.000000,-0.003206,0.171854,-0.175060,20.222310,35.526216,28.874893,-0.156801,0.092543,-0.364861,0.453580,0.033726,3.436147,5.000000,99.477807,0.687229,2.000000,43.206772,13.385827,15.602064,1.000000,0.008355,0.217322,-0.208968,20.983414,25.732201,33.261190,-0.964786,-0.693029,-1.161549,0.221141,0.034267,3.577767,9.000000,84.734513,0.397530,3.000000,62.663022,87.728460,75.752161,1.000000,0.382090,0.288864,0.093225,25.072693,36.022608,18.523832,1.389763,1.881111,1.408096,0.924699,0.033185,4.051268,6.000000,,0.675211,0.000000,0.000000,0.000000,,0.000000,0.000000,,,,,,,,,,,,,,,,,,,,,,,,,,,,,,,,,,,,,,,,,,,,,,,,,,,3.000000,7.000000,,-1.000000,,,,46.960525,24.226804,15.693013,-0.679535,-0.734784,0.055249,16.910901,17.750799,11.326554,-0.376243,-1.766598,0.414949,0.044072,,0.000000,,51.793765,47.619048,48.677249,0.022661,0.010151,0.012511,31.595756,22.195814,10.001820,0.061287,-0.004977,0.607390,0.005710,0.765982,1.632653,,127.004219,62.204724,1.145230,0.870304
2025-09-26T03:45:00Z,0.939321,no_impulse,0,BERGEPAINT,1h,-1.000000,156.122449,2.837011,13.000000,0.218232,-1.467496,-1.882429,-2.986096,1.850803,8.000000,94.685990,0.231350,3.000000,55.966452,70.098039,48.647817,0.000000,-0.142956,-0.242166,0.099209,13.837059,26.623541,11.886604,0.512685,0.135998,-0.855991,0.819188,0.016145,1.917199,6.000000,107.253886,0.319533,4.000000,41.670383,20.289855,16.445825,0.000000,-0.310341,-0.299450,-0.010891,9.318299,23.700609,19.432442,-0.557371,-1.007935,-1.942072,0.156283,0.016126,1.820068,1.000000,75.390625,1.820068,3.000000,55.153320,86.666667,52.005208,0.000000,-0.269315,-0.351830,0.082514,10.706357,27.095445,19.283329,0.615105,0.234736,-0.588057,0.905383,0.015267,2.357274,14.000000,117.972350,0.168377,4.000000,48.494780,53.333333,23.377757,0.000000,-0.371391,-0.374891,0.003501,10.234218,26.620399,21.046240,0.031065,-0.407316,-1.251076,0.518625,0.016684,2.038899,2.000000,72.093023,1.019449,3.000000,43.909645,21.123596,16.404494,0.000000,-0.309034,-0.129556,-0.179478,15.408566,33.487923,29.088339,-0.633337,-0.718874,-1.277834,0.330443,0.037117,2.750365,5.000000,127.004219,0.550073,4.000000,40.024243,10.786517,10.218428,0.000000,-0.253744,-0.032692,-0.221052,16.365288,26.633235,34.208869,-1.224024,-1.218864,-1.741124,0.153866,0.034935,2.213505,1.000000,62.204724,2.213505,3.000000,49.200894,35.695538,19.232518,1.000000,-0.003206,0.171854,-0.175060,20.222310,35.526216,28.874893,-0.156801,0.092543,-0.364861,0.453580,0.033726,3.436147,5.000000,99.477807,0.687229,2.000000,43.206772,13.385827,15.602064,1.000000,0.008355,0.217322,-0.208968,20.983414,25.732201,33.261190,-0.964786,-0.693029,-1.161549,0.221141,0.034267,3.577767,9.000000,84.734513,0.397530,3.000000,4.051268,6.000000,,0.675211,0.000000,0.000000,0.000000,,0.000000,0.000000,,,,,,,,,,,,,,,,,,,,,,,,,,,,,,,,,,,,,,,,,,,,,,4.000000,8.000000,,-1.000000,,,,38.261070,18.202247,16.949432,-0.875207,-0.773192,-0.102015,16.818701,15.245214,19.121913,-2.730305,-4.286420,-0.031596,0.049996,,0.000000,,32.837654,22.627737,15.042579,-0.114775,-0.062935,-0.051840,19.462346,10.165384,32.285257,-0.628785,-0.764053,-0.132718,0.009876,1.090600,2.280702,,127.004219,62.204724,0.812601,0.781927
2025-09-26T03:45:00Z,0.954020,no_impulse,0,BERGEPAINT,1h,1.000000,53.594771,1.564885,0.000000,0.000000,-1.467496,-1.882429,-2.986096,2.837011,13.000000,156.122449,0.218232,4.000000,33.589538,3.267974,5.322129,1.000000,-0.277994,-0.157734,-0.120260,18.927618,15.225525,25.307186,-1.467496,-1.882429,-2.986096,-0.217037,0.020170,1.850803,8.000000,94.685990,0.231350,3.000000,55.966452,70.098039,48.647817,0.000000,-0.142956,-0.242166,0.099209,13.837059,26.623541,11.886604,0.512685,0.135998,-0.855991,0.819188,0.016145,1.917199,6.000000,107.253886,0.319533,4.000000,41.670383,20.289855,16.445825,0.000000,-0.310341,-0.299450,-0.010891,9.318299,23.700609,19.432442,-0.557371,-1.007935,-1.942072,0.156283,0.016126,1.820068,1.000000,75.390625,1.820068,3.000000,55.153320,86.666667,52.005208,0.000000,-0.269315,-0.351830,0.082514,10.706357,27.095445,19.283329,0.615105,0.234736,-0.588057,0.905383,0.015267,2.357274,14.000000,117.972350,0.168377,4.000000,48.494780,53.333333,23.377757,0.000000,-0.371391,-0.374891,0.003501,10.234218,26.620399,21.046240,0.031065,-0.407316,-1.251076,0.518625,0.016684,2.038899,2.000000,72.093023,1.019449,3.000000,43.909645,21.123596,16.404494,0.000000,-0.309034,-0.129556,-0.179478,15.408566,33.487923,29.088339,-0.633337,-0.718874,-1.277834,0.330443,0.037117,2.750365,5.000000,127.004219,0.550073,4.000000,40.024243,10.786517,10.218428,0.000000,-0.253744,-0.032692,-0.221052,16.365288,26.633235,34.208869,-1.224024,-1.218864,-1.741124,0.153866,0.034935,2.213505,1.000000,62.204724,2.213505,3.000000,49.200894,35.695538,19.232518,1.000000,-0.003206,0.171854,-0.175060,20.222310,35.526216,28.874893,-0.156801,0.092543,-0.364861,0.453580,0.033726,3.436147,5.000000,99.477807,0.687229,2.000000,3.577767,9.000000,84.734513,0.397530,3.000000,4.051268,6.000000,,0.675211,0.000000,0.000000,0.000000,,0.000000,0.000000,,,,,,,,,,,,,,,,,,,,,,,,,,,,,,,,,,,,,,,,,4.000000,9.000000,,-1.000000,,,,38.261070,18.202247,16.949432,-0.875207,-0.773192,-0.102015,16.818701,15.245214,19.121913,-2.730305,-4.286420,-0.031596,0.049996,,0.000000,,32.837654,22.627737,15.042579,-0.114775,-0.062935,-0.051840,19.462346,10.165384,32.285257,-0.628785,-0.764053,-0.132718,0.009876,0.631027,0.000000,,156.122449,62.204724,0.645382,1.062541
2025-09-26T09:45:00Z,0.920229,no_impulse,0,BERGEPAINT,1h,-1.000000,229.878049,3.541902,6.000000,0.590317,-2.033944,-2.813168,-4.214965,1.564885,0.000000,53.594771,0.000000,4.000000,33.589538,3.267974,5.322129,0.000000,-0.277994,-0.157734,-0.120260,18.927618,15.225525,25.307186,-1.467496,-1.882429,-2.986096,-0.217037,0.020170,2.837011,13.000000,156.122449,0.218232,4.000000,33.589538,3.267974,5.322129,1.000000,-0.277994,-0.157734,-0.120260,18.927618,15.225525,25.307186,-1.467496,-1.882429,-2.986096,-0.217037,0.020170,1.850803,8.000000,94.685990,0.231350,3.000000,55.966452,70.098039,48.647817,0.000000,-0.142956,-0.242166,0.099209,13.837059,26.623541,11.886604,0.512685,0.135998,-0.855991,0.819188,0.016145,1.917199,6.000000,107.253886,0.319533,4.000000,41.670383,20.289855,16.445825,0.000000,-0.310341,-0.299450,-0.010891,9.318299,23.700609,19.432442,-0.557371,-1.007935,-1.942072,0.156283,0.016126,1.820068,1.000000,75.390625,1.820068,3.000000,55.153320,86.666667,52.005208,0.000000,-0.269315,-0.351830,0.082514,10.706357,27.095445,19.283329,0.615105,0.234736,-0.588057,0.905383,0.015267,2.357274,14.000000,117.972350,0.168377,4.000000,48.494780,53.333333,23.377757,0.000000,-0.371391,-0.374891,0.003501,10.234218,26.620399,21.046240,0.031065,-0.407316,-1.251076,0.518625,0.016684,2.038899,2.000000,72.093023,1.019449,3.000000,43.909645,21.123596,16.404494,0.000000,-0.309034,-0.129556,-0.179478,15.408566,33.487923,29.088339,-0.633337,-0.718874,-1.277834,0.330443,0.037117,2.750365,5.000000,127.004219,0.550073,4.000000,40.024243,10.786517,10.218428,0.000000,-0.253744,-0.032692,-0.221052,16.365288,26.633235,34.208869,-1.224024,-1.218864,-1.741124,0.153866,0.034935,2.213505,1.000000,62.204724,2.213505,3.000000,3.436147,5.000000,99.477807,0.687229,2.000000,3.577767,9.000000,84.734513,0.397530,3.000000,4.051268,6.000000,,0.675211,0.000000,0.000000,0.000000,,0.000000,0.000000,,,,,,,,,,,,,,,,,,,,,,,,,,,,,,,,,,,,4.000000,10.000000,,-1.000000,,,,38.261070,18.202247,16.949432,-0.875207,-0.773192,-0.102015,16.818701,15.245214,19.121913,-2.730305,-4.286420,-0.031596,0.049996,,0.000000,,20.615918,31.620553,44.755871,-0.340110,-0.317004,-0.023106,44.347452,7.722515,44.192718,-1.360206,-1.938971,-0.641407,0.011757,1.554409,1.090909,,156.122449,53.594771,0.574983,1.025951
2025-09-26T09:45:00Z,0.939589,no_impulse,0,BERGEPAINT,1h,1.000000,57.294430,2.103828,0.000000,0.000000,-2.033944,-2.813168,-4.214965,3.541902,6.000000,229.878049,0.590317,4.000000,24.205557,17.241379,15.320531,1.000000,-0.648600,-0.433878,-0.214721,25.595110,9.382218,35.961941,-2.033944,-2.813168,-4.214965,0.013972,0.041014,1.564885,0.000000,53.594771,0.000000,4.000000,33.589538,3.267974,5.322129,0.000000,-0.277994,-0.157734,-0.120260,18.927618,15.225525,25.307186,-1.467496,-1.882429,-2.986096,-0.217037,0.020170,2.837011,13.000000,156.122449,0.218232,4.000000,33.589538,3.267974,5.322129,1.000000,-0.277994,-0.157734,-0.120260,18.927618,15.225525,25.307186,-1.467496,-1.882429,-2.986096,-0.217037,0.020170,1.850803,8.000000,94.685990,0.231350,3.000000,55.966452,70.098039,48.647817,0.000000,-0.142956,-0.242166,0.099209,13.837059,26.623541,11.886604,0.512685,0.135998,-0.855991,0.819188,0.016145,1.917199,6.000000,107.253886,0.319533,4.000000,41.670383,20.289855,16.445825,0.000000,-0.310341,-0.299450,-0.010891,9.318299,23.700609,19.432442,-0.557371,-1.007935,-1.942072,0.156283,0.016126,1.820068,1.000000,75.390625,1.820068,3.000000,55.153320,86.666667,52.005208,0.000000,-0.269315,-0.351830,0.082514,10.706357,27.095445,19.283329,0.615105,0.234736,-0.588057,0.905383,0.015267,2.357274,14.000000,117.972350,0.168377,4.000000,48.494780,53.333333,23.377757,0.000000,-0.371391,-0.374891,0.003501,10.234218,26.620399,21.046240,0.031065,-0.407316,-1.251076,0.518625,0.016684,2.038899,2.000000,72.093023,1.019449,3.000000,43.909645,21.123596,16.404494,0.000000,-0.309034,-0.129556,-0.179478,15.408566,33.487923,29.088339,-0.633337,-0.718874,-1.277834,0.330443,0.037117,2.750365,5.000000,127.004219,0.550073,4.000000,2.213505,1.000000,62.204724,2.213505,3.000000,3.436147,5.000000,99.477807,0.687229,2.000000,3.577767,9.000000,84.734513,0.397530,3.000000,4.051268,6.000000,,0.675211,0.000000,0.000000,0.000000,,0.000000,0.000000,,,,,,,,,,,,,,,,,,,,,,,,,,,,,,,4.000000,11.000000,,-1.000000,,,,38.261070,18.202247,16.949432,-0.875207,-0.773192,-0.102015,16.818701,15.245214,19.121913,-2.730305,-4.286420,-0.031596,0.049996,,0.000000,,20.615918,31.620553,44.755871,-0.340110,-0.317004,-0.023106,44.347452,7.722515,44.192718,-1.360206,-1.938971,-0.641407,0.011757,0.919027,0.000000,,229.878049,53.594771,0.599105,1.421564
2025-09-30T03:45:00Z,0.907233,no_impulse,0,BERGEPAINT,1h,-1.000000,167.129630,3.443671,8.000000,0.430459,-0.391450,-1.640844,-3.600769,2.103828,0.000000,57.294430,0.000000,4.000000,24.205557,17.241379,15.320531,0.000000,-0.648600,-0.433878,-0.214721,25.595110,9.382218,35.961941,-2.033944,-2.813168,-4.214965,0.013972,0.041014,3.541902,6.000000,229.878049,0.590317,4.000000,24.205557,17.241379,15.320531,1.000000,-0.648600,-0.433878,-0.214721,25.595110,9.382218,35.961941,-2.033944,-2.813168,-4.214965,0.013972,0.041014,1.564885,0.000000,53.594771,0.000000,4.000000,33.589538,3.267974,5.322129,0.000000,-0.277994,-0.157734,-0.120260,18.927618,15.225525,25.307186,-1.467496,-1.882429,-2.986096,-0.217037,0.020170,2.837011,13.000000,156.122449,0.218232,4.000000,33.589538,3.267974,5.322129,1.000000,-0.277994,-0.157734,-0.120260,18.927618,15.225525,25.307186,-1.467496,-1.882429,-2.986096,-0.217037,0.020170,1.850803,8.000000,94.685990,0.231350,3.000000,55.966452,70.098039,48.647817,0.000000,-0.142956,-0.242166,0.099209,13.837059,26.623541,11.886604,0.512685,0.135998,-0.855991,0.819188,0.016145,1.917199,6.000000,107.253886,0.319533,4.000000,41.670383,20.289855,16.445825,0.000000,-0.310341,-0.299450,-0.010891,9.318299,23.700609,19.432442,-0.557371,-1.007935,-1.942072,0.156283,0.016126,1.820068,1.000000,75.390625,1.820068,3.000000,55.153320,86.666667,52.005208,0.000000,-0.269315,-0.351830,0.082514,10.706357,27.095445,19.283329,0.615105,0.234736,-0.588057,0.905383,0.015267,2.357274,14.000000,117.972350,0.168377,4.000000,48.494780,53.333333,23.377757,0.000000,-0.371391,-0.374891,0.003501,10.234218,26.620399,21.046240,0.031065,-0.407316,-1.251076,0.518625,0.016684,2.038899,2.000000,72.093023,1.019449,3.000000,2.750365,5.000000,127.004219,0.550073,4.000000,2.213505,1.000000,62.204724,2.213505,3.000000,3.436147,5.000000,99.477807,0.687229,2.000000,3.577767,9.000000,84.734513,0.397530,3.000000,4.051268,6.000000,,0.675211,0.000000,0.000000,0.000000,,0.000000,0.000000,,,,,,,,,,,,,,,,,,,,,,,,,,4.000000,12.000000,,-1.000000,,,,35.083607,17.584541,18.046654,-1.231717,-0.918966,-0.312751,16.748732,14.625712,19.080012,-3.280266,-5.135633,0.009802,0.064792,,0.000000,,60.969501,85.374150,89.242364,-0.008976,-0.204009,0.195034,31.831628,13.019821,37.607698,0.602971,0.015961,0.803746,0.019972,1.511560,1.454545,,229.878049,53.594771,0.601643,1.091688
2025-09-30T03:45:00Z,0.936004,no_impulse,0,BERGEPAINT,1h,1.000000,88.919668,3.171310,0.000000,0.000000,-0.391450,-1.640844,-3.600769,3.443671,8.000000,167.129630,0.430459,4.000000,42.877566,62.562814,45.512596,0.000000,-0.860722,-0.877792,0.017070,38.488012,9.252116,36.123553,-0.391450,-1.640844,-3.600769,0.432798,0.058023,2.103828,0.000000,57.294430,0.000000,4.000000,24.205557,17.241379,15.320531,0.000000,-0.648600,-0.433878,-0.214721,25.595110,9.382218,35.961941,-2.033944,-2.813168,-4.214965,0.013972,0.041014,3.541902,6.000000,229.878049,0.590317,4.000000,24.205557,17.241379,15.320531,1.000000,-0.648600,-0.433878,-0.214721,25.595110,9.382218,35.961941,-2.033944,-2.813168,-4.214965,0.013972,0.041014,1.564885,0.000000,53.594771,0.000000,4.000000,33.589538,3.267974,5.322129,0.000000,-0.277994,-0.157734,-0.120260,18.927618,15.225525,25.307186,-1.467496,-1.882429,-2.986096,-0.217037,0.020170,2.837011,13.000000,156.122449,0.218232,4.000000,33.589538,3.267974,5.322129,1.000000,-0.277994,-0.157734,-0.120260,18.927618,15.225525,25.307186,-1.467496,-1.882429,-2.986096,-0.217037,0.020170,1.850803,8.000000,94.685990,0.231350,3.000000,55.966452,70.098039,48.647817,0.000000,-0.142956,-0.242166,0.099209,13.837059,26.623541,11.886604,0.512685,0.135998,-0.855991,0.819188,0.016145,1.917199,6.000000,107.253886,0.319533,4.000000,41.670383,20.289855,16.445825,0.000000,-0.310341,-0.299450,-0.010891,9.318299,23.700609,19.432442,-0.557371,-1.007935,-1.942072,0.156283,0.016126,1.820068,1.000000,75.390625,1.820068,3.000000,55.153320,86.666667,52.005208,0.000000,-0.269315,-0.351830,0.082514,10.706357,27.095445,19.283329,0.615105,0.234736,-0.588057,0.905383,0.015267,2.357274,14.000000,117.972350,0.168377,4.000000,2.038899,2.000000,72.093023,1.019449,3.000000,2.750365,5.000000,127.004219,0.550073,4.000000,2.213505,1.000000,62.204724,2.213505,3.000000,3.436147,5.000000,99.477807,0.687229,2.000000,3.577767,9.000000,84.734513,0.397530,3.000000,4.051268,6.000000,,0.675211,0.000000,0.000000,0.000000,,0.000000,0.000000,,,,,,,,,,,,,,,,,,,,,4.000000,13.000000,,-1.000000,,,,35.083607,17.584541,18.046654,-1.231717,-0.918966,-0.312751,16.748732,14.625712,19.080012,-3.280266,-5.135633,0.009802,0.064792,,0.000000,,60.969501,85.374150,89.242364,-0.008976,-0.204009,0.195034,31.831628,13.019821,37.607698,0.602971,0.015961,0.803746,0.019972,1.350900,0.000000,,229.878049,53.594771,0.694826,1.453676
2025-09-30T07:45:00Z,0.914224,no_impulse,0,BERGEPAINT,1h,-1.000000,75.700935,2.326918,4.000000,0.581729,-1.356688,-2.660901,-4.835321,3.171310,0.000000,88.919668,0.000000,4.000000,42.877566,62.562814,45.512596,0.000000,-0.860722,-0.877792,0.017070,38.488012,9.252116,36.123553,-0.391450,-1.640844,-3.600769,0.432798,0.058023,3.443671,8.000000,167.129630,0.430459,4.000000,42.877566,62.562814,45.512596,0.000000,-0.860722,-0.877792,0.017070,38.488012,9.252116,36.123553,-0.391450,-1.640844,-3.600769,0.432798,0.058023,2.103828,0.000000,57.294430,0.000000,4.000000,24.205557,17.241379,15.320531,0.000000,-0.648600,-0.433878,-0.214721,25.595110,9.382218,35.961941,-2.033944,-2.813168,-4.214965,0.013972,0.041014,3.541902,6.000000,229.878049,0.590317,4.000000,24.205557,17.241379,15.320531,1.000000,-0.648600,-0.433878,-0.214721,25.595110,9.382218,35.961941,-2.033944,-2.813168,-4.214965,0.013972,0.041014,1.564885,0.000000,53.594771,0.000000,4.000000,33.589538,3.267974,5.322129,0.000000,-0.277994,-0.157734,-0.120260,18.927618,15.225525,25.307186,-1.467496,-1.882429,-2.986096,-0.217037,0.020170,2.837011,13.000000,156.122449,0.218232,4.000000,33.589538,3.267974,5.322129,1.000000,-0.277994,-0.157734,-0.120260,18.927618,15.225525,25.307186,-1.467496,-1.882429,-2.986096,-0.217037,0.020170,1.850803,8.000000,94.685990,0.231350,3.000000,55.966452,70.098039,48.647817,0.000000,-0.142956,-0.242166,0.099209,13.837059,26.623541,11.886604,0.512685,0.135998,-0.855991,0.819188,0.016145,1.917199,6.000000,107.253886,0.319533,4.000000,41.670383,20.289855,16.445825,0.000000,-0.310341,-0.299450,-0.010891,9.318299,23.700609,19.432442,-0.557371,-1.007935,-1.942072,0.156283,0.016126,1.820068,1.000000,75.390625,1.820068,3.000000,2.357274,14.000000,117.972350,0.168377,4.000000,2.038899,2.000000,72.093023,1.019449,3.000000,2.750365,5.000000,127.004219,0.550073,4.000000,2.213505,1.000000,62.204724,2.213505,3.000000,3.436147,5.000000,99.477807,0.687229,2.000000,3.577767,9.000000,84.734513,0.397530,3.000000,4.051268,6.000000,,0.675211,0.000000,0.000000,0.000000,,0.000000,0.000000,,,,,,,,,,,,,,,,2.000000,1.000000,,-1.000000,,,,46.730598,45.507246,27.148321,-1.087321,-0.932580,-0.154741,15.891111,18.580085,16.897711,-0.418504,-2.178391,0.434324,0.063457,,0.000000,,33.729241,1.941748,3.224569,-0.200657,-0.069650,-0.131007,35.739217,13.373704,32.283844,-0.700885,-1.107619,0.148554,0.019804,0.945596,0.714286,,229.878049,53.594771,0.730306,1.097562
2025-10-01T08:45:00Z,0.950972,no_impulse,0,BERGEPAINT,1h,1.000000,168.724280,4.019608,8.000000,0.502451,1.989872,1.097339,-1.114293,2.326918,4.000000,75.700935,0.581729,2.000000,33.631933,27.638191,36.515913,1.000000,-0.814121,-0.833718,0.019597,45.347105,7.170792,39.386224,-1.356688,-2.660901,-4.835321,0.203459,0.045138,3.171310,0.000000,88.919668,0.000000,4.000000,42.877566,62.562814,45.512596,0.000000,-0.860722,-0.877792,0.017070,38.488012,9.252116,36.123553,-0.391450,-1.640844,-3.600769,0.432798,0.058023,3.443671,8.000000,167.129630,0.430459,4.000000,42.877566,62.562814,45.512596,0.000000,-0.860722,-0.877792,0.017070,38.488012,9.252116,36.123553,-0.391450,-1.640844,-3.600769,0.432798,0.058023,2.103828,0.000000,57.294430,0.000000,4.000000,24.205557,17.241379,15.320531,0.000000,-0.648600,-0.433878,-0.214721,25.595110,9.382218,35.961941,-2.033944,-2.813168,-4.214965,0.013972,0.041014,3.541902,6.000000,229.878049,0.590317,4.000000,24.205557,17.241379,15.320531,1.000000,-0.648600,-0.433878,-0.214721,25.595110,9.382218,35.961941,-2.033944,-2.813168,-4.214965,0.013972,0.041014,1.564885,0.000000,53.594771,0.000000,4.000000,33.589538,3.267974,5.322129,0.000000,-0.277994,-0.157734,-0.120260,18.927618,15.225525,25.307186,-1.467496,-1.882429,-2.986096,-0.217037,0.020170,2.837011,13.000000,156.122449,0.218232,4.000000,33.589538,3.267974,5.322129,1.000000,-0.277994,-0.157734,-0.120260,18.927618,15.225525,25.307186,-1.467496,-1.882429,-2.986096,-0.217037,0.020170,1.850803,8.000000,94.685990,0.231350,3.000000,55.966452,70.098039,48.647817,0.000000,-0.142956,-0.242166,0.099209,13.837059,26.623541,11.886604,0.512685,0.135998,-0.855991,0.819188,0.016145,1.917199,6.000000,107.253886,0.319533,4.000000,1.820068,1.000000,75.390625,1.820068,3.000000,2.357274,14.000000,117.972350,0.168377,4.000000,2.038899,2.000000,72.093023,1.019449,3.000000,2.750365,5.000000,127.004219,0.550073,4.000000,2.213505,1.000000,62.204724,2.213505,3.000000,3.436147,5.000000,99.477807,0.687229,2.000000,3.577767,9.000000,84.734513,0.397530,3.000000,4.051268,6.000000,,0.675211,0.000000,0.000000,0.000000,,0.000000,0.000000,,,,,,,,,,,1.000000,2.000000,,-1.000000,,,,46.730598,45.507246,27.148321,-1.087321,-0.932580,-0.154741,15.891111,18.580085,16.897711,-0.418504,-2.178391,0.434324,0.063457,,0.000000,,75.237158,97.883598,97.266024,0.306944,0.152799,0.154145,25.746835,36.171709,9.153869,1.273489,1.402751,1.124986,0.020639,1.635477,1.739130,,229.878049,53.594771,0.730847,1.240102
2025-10-01T08:45:00Z,0.932240,no_impulse,0,BERGEPAINT,1h,-1.000000,50.975610,1.969840,0.000000,0.000000,1.989872,1.097339,-1.114293,4.019608,8.000000,168.724280,0.502451,1.000000,65.022320,93.852459,83.828286,1.000000,-0.190396,-0.534869,0.344473,42.780306,28.626316,22.825817,1.989872,1.097339,-1.114293,1.120519,0.032719,2.326918,4.000000,75.700935,0.581729,2.000000,33.631933,27.638191,36.515913,1.000000,-0.814121,-0.833718,0.019597,45.347105,7.170792,39.386224,-1.356688,-2.660901,-4.835321,0.203459,0.045138,3.171310,0.000000,88.919668,0.000000,4.000000,42.877566,62.562814,45.512596,0.000000,-0.860722,-0.877792,0.017070,38.488012,9.252116,36.123553,-0.391450,-1.640844,-3.600769,0.432798,0.058023,3.443671,8.000000,167.129630,0.430459,4.000000,42.877566,62.562814,45.512596,0.000000,-0.860722,-0.877792,0.017070,38.488012,9.252116,36.123553,-0.391450,-1.640844,-3.600769,0.432798,0.058023,2.103828,0.000000,57.294430,0.000000,4.000000,24.205557,17.241379,15.320531,0.000000,-0.648600,-0.433878,-0.214721,25.595110,9.382218,35.961941,-2.033944,-2.813168,-4.214965,0.013972,0.041014,3.541902,6.000000,229.878049,0.590317,4.000000,24.205557,17.241379,15.320531,1.000000,-0.648600,-0.433878,-0.214721,25.595110,9.382218,35.961941,-2.033944,-2.813168,-4.214965,0.013972,0.041014,1.564885,0.000000,53.594771,0.000000,4.000000,33.589538,3.267974,5.322129,0.000000,-0.277994,-0.157734,-0.120260,18.927618,15.225525,25.307186,-1.467496,-1.882429,-2.986096,-0.217037,0.020170,2.837011,13.000000,156.122449,0.218232,4.000000,33.589538,3.267974,5.322129,1.000000,-0.277994,-0.157734,-0.120260,18.927618,15.225525,25.307186,-1.467496,-1.882429,-2.986096,-0.217037,0.020170,1.850803,8.000000,94.685990,0.231350,3.000000,1.917199,6.000000,107.253886,0.319533,4.000000,1.820068,1.000000,75.390625,1.820068,3.000000,2.357274,14.000000,117.972350,0.168377,4.000000,2.038899,2.000000,72.093023,1.019449,3.000000,2.750365,5.000000,127.004219,0.550073,4.000000,2.213505,1.000000,62.204724,2.213505,3.000000,3.436147,5.000000,99.477807,0.687229,2.000000,3.577767,9.000000,84.734513,0.397530,3.000000,4.051268,6.000000,,0.675211,0.000000,0.000000,0.000000,,0.000000,0.000000,,,,,,1.000000,3.000000,,-1.000000,,,,46.730598,45.507246,27.148321,-1.087321,-0.932580,-0.154741,15.891111,18.580085,16.897711,-0.418504,-2.178391,0.434324,0.063457,,0.000000,,75.237158,97.883598,97.266024,0.306944,0.152799,0.154145,25.746835,36.171709,9.153869,1.273489,1.402751,1.124986,0.020639,0.735643,0.000000,,229.878049,53.594771,0.840381,1.047136
2025-10-03T08:45:00Z,0.974187,no_impulse,0,BERGEPAINT,1h,1.000000,223.923445,4.499567,7.000000,0.642795,2.979759,3.152688,1.518687,1.969840,0.000000,50.975610,0.000000,1.000000,65.022320,93.852459,83.828286,0.000000,-0.190396,-0.534869,0.344473,42.780306,28.626316,22.825817,1.989872,1.097339,-1.114293,1.120519,0.032719,4.019608,8.000000,168.724280,0.502451,1.000000,65.022320,93.852459,83.828286,1.000000,-0.190396,-0.534869,0.344473,42.780306,28.626316,22.825817,1.989872,1.097339,-1.114293,1.120519,0.032719,2.326918,4.000000,75.700935,0.581729,2.000000,33.631933,27.638191,36.515913,1.000000,-0.814121,-0.833718,0.019597,45.347105,7.170792,39.386224,-1.356688,-2.660901,-4.835321,0.203459,0.045138,3.171310,0.000000,88.919668,0.000000,4.000000,42.877566,62.562814,45.512596,0.000000,-0.860722,-0.877792,0.017070,38.488012,9.252116,36.123553,-0.391450,-1.640844,-3.600769,0.432798,0.058023,3.443671,8.000000,167.129630,0.430459,4.000000,42.877566,62.562814,45.512596,0.000000,-0.860722,-0.877792,0.017070,38.488012,9.252116,36.123553,-0.391450,-1.640844,-3.600769,0.432798,0.058023,2.103828,0.000000,57.294430,0.000000,4.000000,24.205557,17.241379,15.320531,0.000000,-0.648600,-0.433878,-0.214721,25.595110,9.382218,35.961941,-2.033944,-2.813168,-4.214965,0.013972,0.041014,3.541902,6.000000,229.878049,0.590317,4.000000,24.205557,17.241379,15.320531,1.000000,-0.648600,-0.433878,-0.214721,25.595110,9.382218,35.961941,-2.033944,-2.813168,-4.214965,0.013972,0.041014,1.564885,0.000000,53.594771,0.000000,4.000000,33.589538,3.267974,5.322129,0.000000,-0.277994,-0.157734,-0.120260,18.927618,15.225525,25.307186,-1.467496,-1.882429,-2.986096,-0.217037,0.020170,2.837011,13.000000,156.122449,0.218232,4.000000,1.850803,8.000000,94.685990,0.231350,3.000000,1.917199,6.000000,107.253886,0.319533,4.000000,1.820068,1.000000,75.390625,1.820068,3.000000,2.357274,14.000000,117.972350,0.168377,4.000000,2.038899,2.000000,72.093023,1.019449,3.000000,2.750365,5.000000,127.004219,0.550073,4.000000,2.213505,1.000000,62.204724,2.213505,3.000000,3.436147,5.000000,99.477807,0.687229,2.000000,3.577767,9.000000,84.734513,0.397530,3.000000,4.051268,6.000000,,0.675211,0.000000,0.000000,0.000000,,0.000000,0.000000,1.000000,4.000000,,-1.000000,,,,54.593208,75.569358,46.220382,-0.774156,-0.883089,0.108933,16.071606,22.445927,15.463713,1.789747,0.250050,0.785269,0.063882,,0.000000,,86.095467,99.470899,97.001764,0.806794,0.762678,0.044116,74.620747,46.020324,3.403144,1.054283,2.251167,0.856236,0.029910,1.677080,1.489362,,229.878049,50.975610,0.835237,0.953842
2025-10-09T03:45:00Z,0.939948,no_impulse,0,BERGEPAINT,1h,-1.000000,81.623932,3.514583,23.000000,0.152808,-0.442730,-0.269335,-1.222892,4.499567,7.000000,223.923445,0.642795,1.000000,76.108010,98.919753,98.830876,0.000000,0.852481,0.297881,0.554599,37.336453,40.123763,14.720245,2.979759,3.152688,1.518687,0.920457,0.073046,1.969840,0.000000,50.975610,0.000000,1.000000,65.022320,93.852459,83.828286,0.000000,-0.190396,-0.534869,0.344473,42.780306,28.626316,22.825817,1.989872,1.097339,-1.114293,1.120519,0.032719,4.019608,8.000000,168.724280,0.502451,1.000000,65.022320,93.852459,83.828286,1.000000,-0.190396,-0.534869,0.344473,42.780306,28.626316,22.825817,1.989872,1.097339,-1.114293,1.120519,0.032719,2.326918,4.000000,75.700935,0.581729,2.000000,33.631933,27.638191,36.515913,1.000000,-0.814121,-0.833718,0.019597,45.347105,7.170792,39.386224,-1.356688,-2.660901,-4.835321,0.203459,0.045138,3.171310,0.000000,88.919668,0.000000,4.000000,42.877566,62.562814,45.512596,0.000000,-0.860722,-0.877792,0.017070,38.488012,9.252116,36.123553,-0.391450,-1.640844,-3.600769,0.432798,0.058023,3.443671,8.000000,167.129630,0.430459,4.000000,42.877566,62.562814,45.512596,0.000000,-0.860722,-0.877792,0.017070,38.488012,9.252116,36.123553,-0.391450,-1.640844,-3.600769,0.432798,0.058023,2.103828,0.000000,57.294430,0.000000,4.000000,24.205557,17.241379,15.320531,0.000000,-0.648600,-0.433878,-0.214721,25.595110,9.382218,35.961941,-2.033944,-2.813168,-4.214965,0.013972,0.041014,3.541902,6.000000,229.878049,0.590317,4.000000,24.205557,17.241379,15.320531,1.000000,-0.648600,-0.433878,-0.214721,25.595110,9.382218,35.961941,-2.033944,-2.813168,-4.214965,0.013972,0.041014,1.564885,0.000000,53.594771,0.000000,4.000000,2.837011,13.000000,156.122449,0.218232,4.000000,1.850803,8.000000,94.685990,0.231350,3.000000,1.917199,6.000000,107.253886,0.319533,4.000000,1.820068,1.000000,75.390625,1.820068,3.000000,2.357274,14.000000,117.972350,0.168377,4.000000,2.038899,2.000000,72.093023,1.019449,3.000000,2.750365,5.000000,127.004219,0.550073,4.000000,2.213505,1.000000,62.204724,2.213505,3.000000,3.436147,5.000000,99.477807,0.687229,2.000000,3.577767,9.000000,84.734513,0.397530,3.000000,4.051268,6.000000,,0.675211,0.000000,2.000000,5.000000,,-1.000000,,,,49.265594,72.021419,66.276460,-0.535511,-0.719352,0.183841,14.878330,17.959337,15.869219,0.089152,-1.285638,0.514121,0.063191,,0.000000,,43.996617,66.406250,28.705465,-0.273420,-0.234461,-0.038958,39.516965,15.285763,25.766961,-0.143366,-0.427174,0.386650,0.012630,1.192251,5.000000,,229.878049,50.975610,0.953617,1.173019
2025-10-14T03:45:00Z,0.963700,no_impulse,0,BERGEPAINT,1h,1.000000,69.371728,2.526938,21.000000,0.120330,0.372810,0.679275,0.203728,3.514583,23.000000,81.623932,0.152808,2.000000,45.291540,26.356589,11.923740,0.000000,-0.063862,0.156339,-0.220201,19.925703,25.951964,24.320810,-0.442730,-0.269335,-1.222892,0.292671,0.021260,4.499567,7.000000,223.923445,0.642795,1.000000,76.108010,98.919753,98.830876,0.000000,0.852481,0.297881,0.554599,37.336453,40.123763,14.720245,2.979759,3.152688,1.518687,0.920457,0.073046,1.969840,0.000000,50.975610,0.000000,1.000000,65.022320,93.852459,83.828286,0.000000,-0.190396,-0.534869,0.344473,42.780306,28.626316,22.825817,1.989872,1.097339,-1.114293,1.120519,0.032719,4.019608,8.000000,168.724280,0.502451,1.000000,65.022320,93.852459,83.828286,1.000000,-0.190396,-0.534869,0.344473,42.780306,28.626316,22.825817,1.989872,1.097339,-1.114293,1.120519,0.032719,2.326918,4.000000,75.700935,0.581729,2.000000,33.631933,27.638191,36.515913,1.000000,-0.814121,-0.833718,0.019597,45.347105,7.170792,39.386224,-1.356688,-2.660901,-4.835321,0.203459,0.045138,3.171310,0.000000,88.919668,0.000000,4.000000,42.877566,62.562814,45.512596,0.000000,-0.860722,-0.877792,0.017070,38.488012,9.252116,36.123553,-0.391450,-1.640844,-3.600769,0.432798,0.058023,3.443671,8.000000,167.129630,0.430459,4.000000,42.877566,62.562814,45.512596,0.000000,-0.860722,-0.877792,0.017070,38.488012,9.252116,36.123553,-0.391450,-1.640844,-3.600769,0.432798,0.058023,2.103828,0.000000,57.294430,0.000000,4.000000,24.205557,17.241379,15.320531,0.000000,-0.648600,-0.433878,-0.214721,25.595110,9.382218,35.961941,-2.033944,-2.813168,-4.214965,0.013972,0.041014,3.541902,6.000000,229.878049,0.590317,4.000000,1.564885,0.000000,53.594771,0.000000,4.000000,2.837011,13.000000,156.122449,0.218232,4.000000,1.850803,8.000000,94.685990,0.231350,3.000000,1.917199,6.000000,107.253886,0.319533,4.000000,1.820068,1.000000,75.390625,1.820068,3.000000,2.357274,14.000000,117.972350,0.168377,4.000000,2.038899,2.000000,72.093023,1.019449,3.000000,2.750365,5.000000,127.004219,0.550073,4.000000,2.213505,1.000000,62.204724,2.213505,3.000000,3.436147,5.000000,99.477807,0.687229,2.000000,3.577767,9.000000,84.734513,0.397530,3.000000,3.000000,1.000000,,-1.000000,,,,49.764876,74.564926,75.769746,-0.313496,-0.544943,0.231446,14.001833,18.020702,14.117795,0.177743,-0.989608,0.536201,0.049187,,0.000000,,55.708232,39.423077,60.052448,0.075135,0.059065,0.016070,15.528666,24.652349,12.018056,0.133925,0.254732,0.635751,0.009879,0.837952,3.750000,,229.878049,50.975610,0.968817,1.048977
2025-10-15T09:45:00Z,0.941113,no_impulse,0,BERGEPAINT,1h,-1.000000,95.094340,2.343750,13.000000,0.180288,-0.869436,-0.856240,-1.268412,2.526938,21.000000,69.371728,0.120330,3.000000,58.834429,69.642857,67.890212,0.000000,0.180518,0.162230,0.018288,13.050400,25.324729,15.889187,0.372810,0.679275,0.203728,0.821206,0.011650,3.514583,23.000000,81.623932,0.152808,2.000000,45.291540,26.356589,11.923740,0.000000,-0.063862,0.156339,-0.220201,19.925703,25.951964,24.320810,-0.442730,-0.269335,-1.222892,0.292671,0.021260,4.499567,7.000000,223.923445,0.642795,1.000000,76.108010,98.919753,98.830876,0.000000,0.852481,0.297881,0.554599,37.336453,40.123763,14.720245,2.979759,3.152688,1.518687,0.920457,0.073046,1.969840,0.000000,50.975610,0.000000,1.000000,65.022320,93.852459,83.828286,0.000000,-0.190396,-0.534869,0.344473,42.780306,28.626316,22.825817,1.989872,1.097339,-1.114293,1.120519,0.032719,4.019608,8.000000,168.724280,0.502451,1.000000,65.022320,93.852459,83.828286,1.000000,-0.190396,-0.534869,0.344473,42.780306,28.626316,22.825817,1.989872,1.097339,-1.114293,1.120519,0.032719,2.326918,4.000000,75.700935,0.581729,2.000000,33.631933,27.638191,36.515913,1.000000,-0.814121,-0.833718,0.019597,45.347105,7.170792,39.386224,-1.356688,-2.660901,-4.835321,0.203459,0.045138,3.171310,0.000000,88.919668,0.000000,4.000000,42.877566,62.562814,45.512596,0.000000,-0.860722,-0.877792,0.017070,38.488012,9.252116,36.123553,-0.391450,-1.640844,-3.600769,0.432798,0.058023,3.443671,8.000000,167.129630,0.430459,4.000000,42.877566,62.562814,45.512596,0.000000,-0.860722,-0.877792,0.017070,38.488012,9.252116,36.123553,-0.391450,-1.640844,-3.600769,0.432798,0.058023,2.103828,0.000000,57.294430,0.000000,4.000000,3.541902,6.000000,229.878049,0.590317,4.000000,1.564885,0.000000,53.594771,0.000000,4.000000,2.837011,13.000000,156.122449,0.218232,4.000000,1.850803,8.000000,94.685990,0.231350,3.000000,1.917199,6.000000,107.253886,0.319533,4.000000,1.820068,1.000000,75.390625,1.820068,3.000000,2.357274,14.000000,117.972350,0.168377,4.000000,2.038899,2.000000,72.093023,1.019449,3.000000,2.750365,5.000000,127.004219,0.550073,4.000000,2.213505,1.000000,62.204724,2.213505,3.000000,3.436147,5.000000,99.477807,0.687229,2.000000,2.000000,1.000000,,-1.000000,,,,49.494661,71.753681,66.755913,-0.333017,-0.477330,0.144313,12.180143,15.697522,15.943598,0.092022,-1.050180,0.518905,0.048721,,0.000000,,35.639919,21.693122,8.769502,-0.351535,-0.251401,-0.100134,26.555489,13.216050,24.870978,-0.545744,-0.903806,0.235567,0.020526,0.753177,1.688312,,229.878049,50.975610,0.849124,1.267511
2025-10-17T03:45:00Z,0.969884,no_impulse,0,BERGEPAINT,1h,1.000000,127.380952,3.057143,8.000000,0.382143,0.752327,0.865682,0.558861,2.343750,13.000000,95.094340,0.180288,2.000000,36.885154,16.269841,7.770698,0.000000,-0.207258,-0.013214,-0.194044,12.178572,14.280485,23.067461,-0.869436,-0.856240,-1.268412,0.102781,0.021699,2.526938,21.000000,69.371728,0.120330,3.000000,58.834429,69.642857,67.890212,0.000000,0.180518,0.162230,0.018288,13.050400,25.324729,15.889187,0.372810,0.679275,0.203728,0.821206,0.011650,3.514583,23.000000,81.623932,0.152808,2.000000,45.291540,26.356589,11.923740,0.000000,-0.063862,0.156339,-0.220201,19.925703,25.951964,24.320810,-0.442730,-0.269335,-1.222892,0.292671,0.021260,4.499567,7.000000,223.923445,0.642795,1.000000,76.108010,98.919753,98.830876,0.000000,0.852481,0.297881,0.554599,37.336453,40.123763,14.720245,2.979759,3.152688,1.518687,0.920457,0.073046,1.969840,0.000000,50.975610,0.000000,1.000000,65.022320,93.852459,83.828286,0.000000,-0.190396,-0.534869,0.344473,42.780306,28.626316,22.825817,1.989872,1.097339,-1.114293,1.120519,0.032719,4.019608,8.000000,168.724280,0.502451,1.000000,65.022320,93.852459,83.828286,1.000000,-0.190396,-0.534869,0.344473,42.780306,28.626316,22.825817,1.989872,1.097339,-1.114293,1.120519,0.032719,2.326918,4.000000,75.700935,0.581729,2.000000,33.631933,27.638191,36.515913,1.000000,-0.814121,-0.833718,0.019597,45.347105,7.170792,39.386224,-1.356688,-2.660901,-4.835321,0.203459,0.045138,3.171310,0.000000,88.919668,0.000000,4.000000,42.877566,62.562814,45.512596,0.000000,-0.860722,-0.877792,0.017070,38.488012,9.252116,36.123553,-0.391450,-1.640844,-3.600769,0.432798,0.058023,3.443671,8.000000,167.129630,0.430459,4.000000,2.103828,0.000000,57.294430,0.000000,4.000000,3.541902,6.000000,229.878049,0.590317,4.000000,1.564885,0.000000,53.594771,0.000000,4.000000,2.837011,13.000000,156.122449,0.218232,4.000000,1.850803,8.000000,94.685990,0.231350,3.000000,1.917199,6.000000,107.253886,0.319533,4.000000,1.820068,1.000000,75.390625,1.820068,3.000000,2.357274,14.000000,117.972350,0.168377,4.000000,2.038899,2.000000,72.093023,1.019449,3.000000,2.750365,5.000000,127.004219,0.550073,4.000000,2.213505,1.000000,62.204724,2.213505,3.000000,1.000000,2.000000,,-1.000000,,,,56.480160,97.732997,74.478603,-0.108014,-0.395057,0.287043,12.524652,20.445358,14.502994,2.073926,1.129100,0.896202,0.053454,,0.000000,,66.865333,76.666667,65.845411,0.170629,0.105244,0.065385,17.129138,33.481185,11.349736,0.964671,1.072617,1.137645,0.015276,1.021772,0.952381,,223.923445,50.975610,0.866057,0.799434
2025-10-17T03:45:00Z,0.951869,no_impulse,0,BERGEPAINT,1h,-1.000000,62.616822,1.857499,0.000000,0.000000,0.752327,0.865682,0.558861,3.057143,8.000000,127.380952,0.382143,1.000000,60.826556,72.897196,68.376200,0.000000,0.060299,-0.025140,0.085439,14.735739,32.082374,13.346951,0.752327,0.865682,0.558861,0.852636,0.021496,2.343750,13.000000,95.094340,0.180288,2.000000,36.885154,16.269841,7.770698,0.000000,-0.207258,-0.013214,-0.194044,12.178572,14.280485,23.067461,-0.869436,-0.856240,-1.268412,0.102781,0.021699,2.526938,21.000000,69.371728,0.120330,3.000000,58.834429,69.642857,67.890212,0.000000,0.180518,0.162230,0.018288,13.050400,25.324729,15.889187,0.372810,0.679275,0.203728,0.821206,0.011650,3.514583,23.000000,81.623932,0.152808,2.000000,45.291540,26.356589,11.923740,0.000000,-0.063862,0.156339,-0.220201,19.925703,25.951964,24.320810,-0.442730,-0.269335,-1.222892,0.292671,0.021260,4.499567,7.000000,223.923445,0.642795,1.000000,76.108010,98.919753,98.830876,0.000000,0.852481,0.297881,0.554599,37.336453,40.123763,14.720245,2.979759,3.152688,1.518687,0.920457,0.073046,1.969840,0.000000,50.975610,0.000000,1.000000,65.022320,93.852459,83.828286,0.000000,-0.190396,-0.534869,0.344473,42.780306,28.626316,22.825817,1.989872,1.097339,-1.114293,1.120519,0.032719,4.019608,8.000000,168.724280,0.502451,1.000000,65.022320,93.852459,83.828286,1.000000,-0.190396,-0.534869,0.344473,42.780306,28.626316,22.825817,1.989872,1.097339,-1.114293,1.120519,0.032719,2.326918,4.000000,75.700935,0.581729,2.000000,33.631933,27.638191,36.515913,1.000000,-0.814121,-0.833718,0.019597,45.347105,7.170792,39.386224,-1.356688,-2.660901,-4.835321,0.203459,0.045138,3.171310,0.000000,88.919668,0.000000,4.000000,3.443671,8.000000,167.129630,0.430459,4.000000,2.103828,0.000000,57.294430,0.000000,4.000000,3.541902,6.000000,229.878049,0.590317,4.000000,1.564885,0.000000,53.594771,0.000000,4.000000,2.837011,13.000000,156.122449,0.218232,4.000000,1.850803,8.000000,94.685990,0.231350,3.000000,1.917199,6.000000,107.253886,0.319533,4.000000,1.820068,1.000000,75.390625,1.820068,3.000000,2.357274,14.000000,117.972350,0.168377,4.000000,2.038899,2.000000,72.093023,1.019449,3.000000,2.750365,5.000000,127.004219,0.550073,4.000000,1.000000,3.000000,,-1.000000,,,,56.480160,97.732997,74.478603,-0.108014,-0.395057,0.287043,12.524652,20.445358,14.502994,2.073926,1.129100,0.896202,0.053454,,0.000000,,66.865333,76.666667,65.845411,0.170629,0.105244,0.065385,17.129138,33.481185,11.349736,0.964671,1.072617,1.137645,0.015276,0.601652,0.000000,,223.923445,50.975610,0.807947,0.794054
2025-10-20T03:45:00Z,0.991575,no_impulse,0,BERGEPAINT,1h,1.000000,220.398010,4.171375,7.000000,0.595911,0.938472,1.477662,1.513195,1.857499,0.000000,62.616822,0.000000,1.000000,60.826556,72.897196,68.376200,0.000000,0.060299,-0.025140,0.085439,14.735739,32.082374,13.346951,0.752327,0.865682,0.558861,0.852636,0.021496,3.057143,8.000000,127.380952,0.382143,1.000000,60.826556,72.897196,68.376200,0.000000,0.060299,-0.025140,0.085439,14.735739,32.082374,13.346951,0.752327,0.865682,0.558861,0.852636,0.021496,2.343750,13.000000,95.094340,0.180288,2.000000,36.885154,16.269841,7.770698,0.000000,-0.207258,-0.013214,-0.194044,12.178572,14.280485,23.067461,-0.869436,-0.856240,-1.268412,0.102781,0.021699,2.526938,21.000000,69.371728,0.120330,3.000000,58.834429,69.642857,67.890212,0.000000,0.180518,0.162230,0.018288,13.050400,25.324729,15.889187,0.372810,0.679275,0.203728,0.821206,0.011650,3.514583,23.000000,81.623932,0.152808,2.000000,45.291540,26.356589,11.923740,0.000000,-0.063862,0.156339,-0.220201,19.925703,25.951964,24.320810,-0.442730,-0.269335,-1.222892,0.292671,0.021260,4.499567,7.000000,223.923445,0.642795,1.000000,76.108010,98.919753,98.830876,0.000000,0.852481,0.297881,0.554599,37.336453,40.123763,14.720245,2.979759,3.152688,1.518687,0.920457,0.073046,1.969840,0.000000,50.975610,0.000000,1.000000,65.022320,93.852459,83.828286,0.000000,-0.190396,-0.534869,0.344473,42.780306,28.626316,22.825817,1.989872,1.097339,-1.114293,1.120519,0.032719,4.019608,8.000000,168.724280,0.502451,1.000000,65.022320,93.852459,83.828286,1.000000,-0.190396,-0.534869,0.344473,42.780306,28.626316,22.825817,1.989872,1.097339,-1.114293,1.120519,0.032719,2.326918,4.000000,75.700935,0.581729,2.000000,3.171310,0.000000,88.919668,0.000000,4.000000,3.443671,8.000000,167.129630,0.430459,4.000000,2.103828,0.000000,57.294430,0.000000,4.000000,3.541902,6.000000,229.878049,0.590317,4.000000,1.564885,0.000000,53.594771,0.000000,4.000000,2.837011,13.000000,156.122449,0.218232,4.000000,1.850803,8.000000,94.685990,0.231350,3.000000,1.917199,6.000000,107.253886,0.319533,4.000000,1.820068,1.000000,75.390625,1.820068,3.000000,2.357274,14.000000,117.972350,0.168377,4.000000,2.038899,2.000000,72.093023,1.019449,3.000000,1.000000,4.000000,,-1.000000,,,,53.086599,71.519660,80.335446,-0.011751,-0.321412,0.309661,13.564712,22.919511,13.149928,1.031039,0.178445,0.688690,0.055211,,0.000000,,69.672902,75.277778,83.778039,0.464132,0.379381,0.084751,36.719550,43.536845,10.836759,1.241435,1.892190,1.039336,0.023307,1.424302,0.833333,,223.923445,50.975610,0.882479,0.688581
2025-10-23T04:45:00Z,0.961011,no_impulse,0,BERGEPAINT,1h,-1.000000,76.975169,3.082347,9.000000,0.342483,0.124869,0.644476,0.912571,4.171375,7.000000,220.398010,0.595911,1.000000,62.475041,56.941650,81.262270,1.000000,0.522013,0.318031,0.203981,24.785395,35.542173,10.901168,0.938472,1.477662,1.513195,0.730305,0.041135,1.857499,0.000000,62.616822,0.000000,1.000000,60.826556,72.897196,68.376200,0.000000,0.060299,-0.025140,0.085439,14.735739,32.082374,13.346951,0.752327,0.865682,0.558861,0.852636,0.021496,3.057143,8.000000,127.380952,0.382143,1.000000,60.826556,72.897196,68.376200,0.000000,0.060299,-0.025140,0.085439,14.735739,32.082374,13.346951,0.752327,0.865682,0.558861,0.852636,0.021496,2.343750,13.000000,95.094340,0.180288,2.000000,36.885154,16.269841,7.770698,0.000000,-0.207258,-0.013214,-0.194044,12.178572,14.280485,23.067461,-0.869436,-0.856240,-1.268412,0.102781,0.021699,2.526938,21.000000,69.371728,0.120330,3.000000,58.834429,69.642857,67.890212,0.000000,0.180518,0.162230,0.018288,13.050400,25.324729,15.889187,0.372810,0.679275,0.203728,0.821206,0.011650,3.514583,23.000000,81.623932,0.152808,2.000000,45.291540,26.356589,11.923740,0.000000,-0.063862,0.156339,-0.220201,19.925703,25.951964,24.320810,-0.442730,-0.269335,-1.222892,0.292671,0.021260,4.499567,7.000000,223.923445,0.642795,1.000000,76.108010,98.919753,98.830876,0.000000,0.852481,0.297881,0.554599,37.336453,40.123763,14.720245,2.979759,3.152688,1.518687,0.920457,0.073046,1.969840,0.000000,50.975610,0.000000,1.000000,65.022320,93.852459,83.828286,0.000000,-0.190396,-0.534869,0.344473,42.780306,28.626316,22.825817,1.989872,1.097339,-1.114293,1.120519,0.032719,4.019608,8.000000,168.724280,0.502451,1.000000,2.326918,4.000000,75.700935,0.581729,2.000000,3.171310,0.000000,88.919668,0.000000,4.000000,3.443671,8.000000,167.129630,0.430459,4.000000,2.103828,0.000000,57.294430,0.000000,4.000000,3.541902,6.000000,229.878049,0.590317,4.000000,1.564885,0.000000,53.594771,0.000000,4.000000,2.837011,13.000000,156.122449,0.218232,4.000000,1.850803,8.000000,94.685990,0.231350,3.000000,1.917199,6.000000,107.253886,0.319533,4.000000,1.820068,1.000000,75.390625,1.820068,3.000000,2.357274,14.000000,117.972350,0.168377,4.000000,2.000000,5.000000,,-1.000000,,,,54.611000,62.500000,68.703307,0.180088,-0.154528,0.334617,15.165352,20.765940,12.885274,1.247480,0.613066,0.711415,0.059752,,0.000000,,35.192331,8.187135,11.111111,-0.210777,-0.130707,-0.080070,18.529082,24.085978,20.158286,-0.496303,-0.547806,0.130228,0.013356,1.017705,0.989011,,223.923445,50.975610,0.965762,1.083569
2025-10-24T09:45:00Z,0.982343,no_impulse,0,BERGEPAINT,1h,1.000000,69.794721,2.219735,12.000000,0.184978,0.662508,1.201233,1.733718,3.082347,9.000000,76.975169,0.342483,2.000000,53.606344,25.277778,21.481481,1.000000,0.273504,0.368472,-0.094967,30.358174,28.962014,14.344816,0.124869,0.644476,0.912571,0.549055,0.025487,4.171375,7.000000,220.398010,0.595911,1.000000,62.475041,56.941650,81.262270,1.000000,0.522013,0.318031,0.203981,24.785395,35.542173,10.901168,0.938472,1.477662,1.513195,0.730305,0.041135,1.857499,0.000000,62.616822,0.000000,1.000000,60.826556,72.897196,68.376200,0.000000,0.060299,-0.025140,0.085439,14.735739,32.082374,13.346951,0.752327,0.865682,0.558861,0.852636,0.021496,3.057143,8.000000,127.380952,0.382143,1.000000,60.826556,72.897196,68.376200,0.000000,0.060299,-0.025140,0.085439,14.735739,32.082374,13.346951,0.752327,0.865682,0.558861,0.852636,0.021496,2.343750,13.000000,95.094340,0.180288,2.000000,36.885154,16.269841,7.770698,0.000000,-0.207258,-0.013214,-0.194044,12.178572,14.280485,23.067461,-0.869436,-0.856240,-1.268412,0.102781,0.021699,2.526938,21.000000,69.371728,0.120330,3.000000,58.834429,69.642857,67.890212,0.000000,0.180518,0.162230,0.018288,13.050400,25.324729,15.889187,0.372810,0.679275,0.203728,0.821206,0.011650,3.514583,23.000000,81.623932,0.152808,2.000000,45.291540,26.356589,11.923740,0.000000,-0.063862,0.156339,-0.220201,19.925703,25.951964,24.320810,-0.442730,-0.269335,-1.222892,0.292671,0.021260,4.499567,7.000000,223.923445,0.642795,1.000000,76.108010,98.919753,98.830876,0.000000,0.852481,0.297881,0.554599,37.336453,40.123763,14.720245,2.979759,3.152688,1.518687,0.920457,0.073046,1.969840,0.000000,50.975610,0.000000,1.000000,4.019608,8.000000,168.724280,0.502451,1.000000,2.326918,4.000000,75.700935,0.581729,2.000000,3.171310,0.000000,88.919668,0.000000,4.000000,3.443671,8.000000,167.129630,0.430459,4.000000,2.103828,0.000000,57.294430,0.000000,4.000000,3.541902,6.000000,229.878049,0.590317,4.000000,1.564885,0.000000,53.594771,0.000000,4.000000,2.837011,13.000000,156.122449,0.218232,4.000000,1.850803,8.000000,94.685990,0.231350,3.000000,1.917199,6.000000,107.253886,0.319533,4.000000,1.820068,1.000000,75.390625,1.820068,3.000000,3.000000,1.000000,,-1.000000,,,,56.628790,73.958333,69.516198,0.296473,-0.063580,0.360054,16.103922,21.466629,11.995159,1.669031,1.166528,0.768646,0.063182,,0.000000,,65.477259,63.125000,84.024369,0.206305,0.124782,0.081523,29.103936,37.923644,9.721253,0.430326,0.642763,0.815608,0.013694,0.715060,1.250000,,223.923445,50.975610,0.933782,1.149270
2025-10-27T04:45:00Z,0.965044,no_impulse,0,BERGEPAINT,1h,-1.000000,81.092437,1.760949,2.000000,0.880474,-0.353069,0.118846,0.661021,2.219735,12.000000,69.794721,0.184978,3.000000,62.159183,75.210084,83.381973,1.000000,0.296965,0.257956,0.039009,29.551025,32.111879,14.415982,0.662508,1.201233,1.733718,0.947607,0.014900,3.082347,9.000000,76.975169,0.342483,2.000000,53.606344,25.277778,21.481481,1.000000,0.273504,0.368472,-0.094967,30.358174,28.962014,14.344816,0.124869,0.644476,0.912571,0.549055,0.025487,4.171375,7.000000,220.398010,0.595911,1.000000,62.475041,56.941650,81.262270,1.000000,0.522013,0.318031,0.203981,24.785395,35.542173,10.901168,0.938472,1.477662,1.513195,0.730305,0.041135,1.857499,0.000000,62.616822,0.000000,1.000000,60.826556,72.897196,68.376200,0.000000,0.060299,-0.025140,0.085439,14.735739,32.082374,13.346951,0.752327,0.865682,0.558861,0.852636,0.021496,3.057143,8.000000,127.380952,0.382143,1.000000,60.826556,72.897196,68.376200,0.000000,0.060299,-0.025140,0.085439,14.735739,32.082374,13.346951,0.752327,0.865682,0.558861,0.852636,0.021496,2.343750,13.000000,95.094340,0.180288,2.000000,36.885154,16.269841,7.770698,0.000000,-0.207258,-0.013214,-0.194044,12.178572,14.280485,23.067461,-0.869436,-0.856240,-1.268412,0.102781,0.021699,2.526938,21.000000,69.371728,0.120330,3.000000,58.834429,69.642857,67.890212,0.000000,0.180518,0.162230,0.018288,13.050400,25.324729,15.889187,0.372810,0.679275,0.203728,0.821206,0.011650,3.514583,23.000000,81.623932,0.152808,2.000000,45.291540,26.356589,11.923740,0.000000,-0.063862,0.156339,-0.220201,19.925703,25.951964,24.320810,-0.442730,-0.269335,-1.222892,0.292671,0.021260,4.499567,7.000000,223.923445,0.642795,1.000000,1.969840,0.000000,50.975610,0.000000,1.000000,4.019608,8.000000,168.724280,0.502451,1.000000,2.326918,4.000000,75.700935,0.581729,2.000000,3.171310,0.000000,88.919668,0.000000,4.000000,3.443671,8.000000,167.129630,0.430459,4.000000,2.103828,0.000000,57.294430,0.000000,4.000000,3.541902,6.000000,229.878049,0.590317,4.000000,1.564885,0.000000,53.594771,0.000000,4.000000,2.837011,13.000000,156.122449,0.218232,4.000000,1.850803,8.000000,94.685990,0.231350,3.000000,1.917199,6.000000,107.253886,0.319533,4.000000,2.000000,1.000000,,-1.000000,,,,53.194606,58.506944,64.988426,0.322707,0.013259,0.309448,16.975451,20.456674,11.430814,0.778555,0.339996,0.621846,0.064398,,0.000000,,39.859436,6.250000,7.954793,0.028234,0.103617,-0.075383,23.995807,21.663944,22.330300,-0.440401,-0.325178,0.149702,0.012517,0.602183,0.200000,,223.923445,50.975610,0.910929,1.305173
2025-10-30T09:45:00Z,0.978758,no_impulse,0,BERGEPAINT,1h,1.000000,79.274611,1.421009,26.000000,0.054654,0.434597,0.783310,1.574284,1.760949,2.000000,81.092437,0.880474,2.000000,46.830911,20.454545,44.353196,0.000000,0.189802,0.244934,-0.055133,26.917300,27.295481,24.125454,-0.353069,0.118846,0.661021,0.269622,0.015272,2.219735,12.000000,69.794721,0.184978,3.000000,62.159183,75.210084,83.381973,1.000000,0.296965,0.257956,0.039009,29.551025,32.111879,14.415982,0.662508,1.201233,1.733718,0.947607,0.014900,3.082347,9.000000,76.975169,0.342483,2.000000,53.606344,25.277778,21.481481,1.000000,0.273504,0.368472,-0.094967,30.358174,28.962014,14.344816,0.124869,0.644476,0.912571,0.549055,0.025487,4.171375,7.000000,220.398010,0.595911,1.000000,62.475041,56.941650,81.262270,1.000000,0.522013,0.318031,0.203981,24.785395,35.542173,10.901168,0.938472,1.477662,1.513195,0.730305,0.041135,1.857499,0.000000,62.616822,0.000000,1.000000,60.826556,72.897196,68.376200,0.000000,0.060299,-0.025140,0.085439,14.735739,32.082374,13.346951,0.752327,0.865682,0.558861,0.852636,0.021496,3.057143,8.000000,127.380952,0.382143,1.000000,60.826556,72.897196,68.376200,0.000000,0.060299,-0.025140,0.085439,14.735739,32.082374,13.346951,0.752327,0.865682,0.558861,0.852636,0.021496,2.343750,13.000000,95.094340,0.180288,2.000000,36.885154,16.269841,7.770698,0.000000,-0.207258,-0.013214,-0.194044,12.178572,14.280485,23.067461,-0.869436,-0.856240,-1.268412,0.102781,0.021699,2.526938,21.000000,69.371728,0.120330,3.000000,58.834429,69.642857,67.890212,0.000000,0.180518,0.162230,0.018288,13.050400,25.324729,15.889187,0.372810,0.679275,0.203728,0.821206,0.011650,3.514583,23.000000,81.623932,0.152808,2.000000,4.499567,7.000000,223.923445,0.642795,1.000000,1.969840,0.000000,50.975610,0.000000,1.000000,4.019608,8.000000,168.724280,0.502451,1.000000,2.326918,4.000000,75.700935,0.581729,2.000000,3.171310,0.000000,88.919668,0.000000,4.000000,3.443671,8.000000,167.129630,0.430459,4.000000,2.103828,0.000000,57.294430,0.000000,4.000000,3.541902,6.000000,229.878049,0.590317,4.000000,1.564885,0.000000,53.594771,0.000000,4.000000,2.837011,13.000000,156.122449,0.218232,4.000000,1.850803,8.000000,94.685990,0.231350,3.000000,3.000000,1.000000,,-1.000000,,,,53.011809,60.746004,67.593620,0.455181,0.269347,0.185834,19.614459,17.276724,10.148338,0.511110,0.374627,0.614259,0.044962,,0.000000,,62.802959,100.000000,72.916667,0.086404,0.062054,0.024350,10.287402,20.761603,18.709572,0.364633,0.471042,0.968869,0.007805,0.489431,2.549020,,223.923445,62.616822,0.937262,0.777352
2025-11-03T05:45:00Z,0.955454,no_impulse,0,BERGEPAINT,1h,-1.000000,169.934641,2.380952,10.000000,0.238095,-1.267556,-1.221419,-0.519876,1.421009,26.000000,79.274611,0.054654,3.000000,57.290844,100.000000,84.285714,1.000000,0.156144,0.136081,0.020063,12.793707,18.179040,22.881546,0.434597,0.783310,1.574284,0.875668,0.011619,1.760949,2.000000,81.092437,0.880474,2.000000,46.830911,20.454545,44.353196,0.000000,0.189802,0.244934,-0.055133,26.917300,27.295481,24.125454,-0.353069,0.118846,0.661021,0.269622,0.015272,2.219735,12.000000,69.794721,0.184978,3.000000,62.159183,75.210084,83.381973,1.000000,0.296965,0.257956,0.039009,29.551025,32.111879,14.415982,0.662508,1.201233,1.733718,0.947607,0.014900,3.082347,9.000000,76.975169,0.342483,2.000000,53.606344,25.277778,21.481481,1.000000,0.273504,0.368472,-0.094967,30.358174,28.962014,14.344816,0.124869,0.644476,0.912571,0.549055,0.025487,4.171375,7.000000,220.398010,0.595911,1.000000,62.475041,56.941650,81.262270,1.000000,0.522013,0.318031,0.203981,24.785395,35.542173,10.901168,0.938472,1.477662,1.513195,0.730305,0.041135,1.857499,0.000000,62.616822,0.000000,1.000000,60.826556,72.897196,68.376200,0.000000,0.060299,-0.025140,0.085439,14.735739,32.082374,13.346951,0.752327,0.865682,0.558861,0.852636,0.021496,3.057143,8.000000,127.380952,0.382143,1.000000,60.826556,72.897196,68.376200,0.000000,0.060299,-0.025140,0.085439,14.735739,32.082374,13.346951,0.752327,0.865682,0.558861,0.852636,0.021496,2.343750,13.000000,95.094340,0.180288,2.000000,36.885154,16.269841,7.770698,0.000000,-0.207258,-0.013214,-0.194044,12.178572,14.280485,23.067461,-0.869436,-0.856240,-1.268412,0.102781,0.021699,2.526938,21.000000,69.371728,0.120330,3.000000,3.514583,23.000000,81.623932,0.152808,2.000000,4.499567,7.000000,223.923445,0.642795,1.000000,1.969840,0.000000,50.975610,0.000000,1.000000,4.019608,8.000000,168.724280,0.502451,1.000000,2.326918,4.000000,75.700935,0.581729,2.000000,3.171310,0.000000,88.919668,0.000000,4.000000,3.443671,8.000000,167.129630,0.430459,4.000000,2.103828,0.000000,57.294430,0.000000,4.000000,3.541902,6.000000,229.878049,0.590317,4.000000,1.564885,0.000000,53.594771,0.000000,4.000000,2.837011,13.000000,156.122449,0.218232,4.000000,4.000000,2.000000,,-1.000000,,,,50.242802,49.733570,60.213144,0.391066,0.294930,0.096136,18.738598,16.139529,13.928786,-0.055271,-0.190579,0.487551,0.044374,,0.000000,,28.973710,2.500000,11.041667,-0.255851,-0.176797,-0.079053,36.758084,6.767013,31.624299,-0.579346,-0.816699,0.184642,0.018265,0.917327,0.826446,,220.398010,62.616822,0.856871,0.592862
2025-11-06T03:45:00Z,0.994533,no_impulse,0,BERGEPAINT,1h,1.000000,167.692308,4.090056,12.000000,0.340838,1.849085,1.806870,2.327145,2.380952,10.000000,169.934641,0.238095,4.000000,33.857365,15.384615,11.755189,0.000000,-0.194807,-0.017327,-0.177480,25.129432,9.245088,35.075886,-1.267556,-1.221419,-0.519876,-0.142571,0.019479,1.421009,26.000000,79.274611,0.054654,3.000000,57.290844,100.000000,84.285714,1.000000,0.156144,0.136081,0.020063,12.793707,18.179040,22.881546,0.434597,0.783310,1.574284,0.875668,0.011619,1.760949,2.000000,81.092437,0.880474,2.000000,46.830911,20.454545,44.353196,0.000000,0.189802,0.244934,-0.055133,26.917300,27.295481,24.125454,-0.353069,0.118846,0.661021,0.269622,0.015272,2.219735,12.000000,69.794721,0.184978,3.000000,62.159183,75.210084,83.381973,1.000000,0.296965,0.257956,0.039009,29.551025,32.111879,14.415982,0.662508,1.201233,1.733718,0.947607,0.014900,3.082347,9.000000,76.975169,0.342483,2.000000,53.606344,25.277778,21.481481,1.000000,0.273504,0.368472,-0.094967,30.358174,28.962014,14.344816,0.124869,0.644476,0.912571,0.549055,0.025487,4.171375,7.000000,220.398010,0.595911,1.000000,62.475041,56.941650,81.262270,1.000000,0.522013,0.318031,0.203981,24.785395,35.542173,10.901168,0.938472,1.477662,1.513195,0.730305,0.041135,1.857499,0.000000,62.616822,0.000000,1.000000,60.826556,72.897196,68.376200,0.000000,0.060299,-0.025140,0.085439,14.735739,32.082374,13.346951,0.752327,0.865682,0.558861,0.852636,0.021496,3.057143,8.000000,127.380952,0.382143,1.000000,60.826556,72.897196,68.376200,0.000000,0.060299,-0.025140,0.085439,14.735739,32.082374,13.346951,0.752327,0.865682,0.558861,0.852636,0.021496,2.343750,13.000000,95.094340,0.180288,2.000000,2.526938,21.000000,69.371728,0.120330,3.000000,3.514583,23.000000,81.623932,0.152808,2.000000,4.499567,7.000000,223.923445,0.642795,1.000000,1.969840,0.000000,50.975610,0.000000,1.000000,4.019608,8.000000,168.724280,0.502451,1.000000,2.326918,4.000000,75.700935,0.581729,2.000000,3.171310,0.000000,88.919668,0.000000,4.000000,3.443671,8.000000,167.129630,0.430459,4.000000,2.103828,0.000000,57.294430,0.000000,4.000000,3.541902,6.000000,229.878049,0.590317,4.000000,1.564885,0.000000,53.594771,0.000000,4.000000,7.000000,3.000000,,-1.000000,,,,54.872496,62.836625,52.265849,0.345516,0.305292,0.040224,19.042188,21.211920,11.050704,0.885415,0.798318,0.702264,0.044166,,0.000000,,74.180050,95.478723,56.325741,0.083670,-0.004136,0.087806,28.519079,27.988317,11.848966,1.605098,1.586830,1.499391,0.016323,1.647775,1.111111,,220.398010,62.616822,0.794491,0.587210
2025-11-06T03:45:00Z,0.950614,no_impulse,0,BERGEPAINT,1h,-1.000000,112.385321,4.416006,0.000000,0.000000,1.849085,1.806870,2.327145,4.090056,12.000000,167.692308,0.340838,7.000000,67.594236,83.673469,56.912715,0.000000,-0.026646,-0.159457,0.132811,28.163999,32.333586,15.992826,1.849085,1.806870,2.327145,1.241878,0.025394,2.380952,10.000000,169.934641,0.238095,4.000000,33.857365,15.384615,11.755189,0.000000,-0.194807,-0.017327,-0.177480,25.129432,9.245088,35.075886,-1.267556,-1.221419,-0.519876,-0.142571,0.019479,1.421009,26.000000,79.274611,0.054654,3.000000,57.290844,100.000000,84.285714,1.000000,0.156144,0.136081,0.020063,12.793707,18.179040,22.881546,0.434597,0.783310,1.574284,0.875668,0.011619,1.760949,2.000000,81.092437,0.880474,2.000000,46.830911,20.454545,44.353196,0.000000,0.189802,0.244934,-0.055133,26.917300,27.295481,24.125454,-0.353069,0.118846,0.661021,0.269622,0.015272,2.219735,12.000000,69.794721,0.184978,3.000000,62.159183,75.210084,83.381973,1.000000,0.296965,0.257956,0.039009,29.551025,32.111879,14.415982,0.662508,1.201233,1.733718,0.947607,0.014900,3.082347,9.000000,76.975169,0.342483,2.000000,53.606344,25.277778,21.481481,1.000000,0.273504,0.368472,-0.094967,30.358174,28.962014,14.344816,0.124869,0.644476,0.912571,0.549055,0.025487,4.171375,7.000000,220.398010,0.595911,1.000000,62.475041,56.941650,81.262270,1.000000,0.522013,0.318031,0.203981,24.785395,35.542173,10.901168,0.938472,1.477662,1.513195,0.730305,0.041135,1.857499,0.000000,62.616822,0.000000,1.000000,60.826556,72.897196,68.376200,0.000000,0.060299,-0.025140,0.085439,14.735739,32.082374,13.346951,0.752327,0.865682,0.558861,0.852636,0.021496,3.057143,8.000000,127.380952,0.382143,1.000000,2.343750,13.000000,95.094340,0.180288,2.000000,2.526938,21.000000,69.371728,0.120330,3.000000,3.514583,23.000000,81.623932,0.152808,2.000000,4.499567,7.000000,223.923445,0.642795,1.000000,1.969840,0.000000,50.975610,0.000000,1.000000,4.019608,8.000000,168.724280,0.502451,1.000000,2.326918,4.000000,75.700935,0.581729,2.000000,3.171310,0.000000,88.919668,0.000000,4.000000,3.443671,8.000000,167.129630,0.430459,4.000000,2.103828,0.000000,57.294430,0.000000,4.000000,3.541902,6.000000,229.878049,0.590317,4.000000,7.000000,4.000000,0.000000,-1.000000,,,,54.872496,62.836625,52.265849,0.345516,0.305292,0.040224,19.042188,21.211920,11.050704,0.885415,0.798318,0.702264,0.044166,,0.000000,,74.180050,95.478723,56.325741,0.083670,-0.004136,0.087806,28.519079,27.988317,11.848966,1.605098,1.586830,1.499391,0.016323,1.673692,0.000000,,220.398010,62.616822,0.943981,1.117370
2025-11-06T09:45:00Z,0.979833,no_impulse,0,BERGEPAINT,1h,1.000000,66.530612,3.073732,6.000000,0.512289,0.315568,0.462116,1.075691,4.416006,0.000000,112.385321,0.000000,7.000000,67.594236,83.673469,56.912715,0.000000,-0.026646,-0.159457,0.132811,28.163999,32.333586,15.992826,1.849085,1.806870,2.327145,1.241878,0.025394,4.090056,12.000000,167.692308,0.340838,7.000000,67.594236,83.673469,56.912715,0.000000,-0.026646,-0.159457,0.132811,28.163999,32.333586,15.992826,1.849085,1.806870,2.327145,1.241878,0.025394,2.380952,10.000000,169.934641,0.238095,4.000000,33.857365,15.384615,11.755189,0.000000,-0.194807,-0.017327,-0.177480,25.129432,9.245088,35.075886,-1.267556,-1.221419,-0.519876,-0.142571,0.019479,1.421009,26.000000,79.274611,0.054654,3.000000,57.290844,100.000000,84.285714,1.000000,0.156144,0.136081,0.020063,12.793707,18.179040,22.881546,0.434597,0.783310,1.574284,0.875668,0.011619,1.760949,2.000000,81.092437,0.880474,2.000000,46.830911,20.454545,44.353196,0.000000,0.189802,0.244934,-0.055133,26.917300,27.295481,24.125454,-0.353069,0.118846,0.661021,0.269622,0.015272,2.219735,12.000000,69.794721,0.184978,3.000000,62.159183,75.210084,83.381973,1.000000,0.296965,0.257956,0.039009,29.551025,32.111879,14.415982,0.662508,1.201233,1.733718,0.947607,0.014900,3.082347,9.000000,76.975169,0.342483,2.000000,53.606344,25.277778,21.481481,1.000000,0.273504,0.368472,-0.094967,30.358174,28.962014,14.344816,0.124869,0.644476,0.912571,0.549055,0.025487,4.171375,7.000000,220.398010,0.595911,1.000000,62.475041,56.941650,81.262270,1.000000,0.522013,0.318031,0.203981,24.785395,35.542173,10.901168,0.938472,1.477662,1.513195,0.730305,0.041135,1.857499,0.000000,62.616822,0.000000,1.000000,3.057143,8.000000,127.380952,0.382143,1.000000,2.343750,13.000000,95.094340,0.180288,2.000000,2.526938,21.000000,69.371728,0.120330,3.000000,3.514583,23.000000,81.623932,0.152808,2.000000,4.499567,7.000000,223.923445,0.642795,1.000000,1.969840,0.000000,50.975610,0.000000,1.000000,4.019608,8.000000,168.724280,0.502451,1.000000,2.326918,4.000000,75.700935,0.581729,2.000000,3.171310,0.000000,88.919668,0.000000,4.000000,3.443671,8.000000,167.129630,0.430459,4.000000,2.103828,0.000000,57.294430,0.000000,4.000000,3.000000,5.000000,6.000000,-1.000000,,,,44.178012,10.207940,39.090639,0.178827,0.286161,-0.107335,19.541699,19.005186,11.153315,-1.461684,-1.637985,0.148876,0.041029,,0.000000,,49.707922,41.975309,31.236997,0.010416,0.077945,-0.067528,15.723624,24.080301,18.129564,-0.045912,0.154498,0.473644,0.017412,1.080129,0.697674,,220.398010,62.616822,1.088485,2.015482
2025-11-07T09:45:00Z,0.947118,no_impulse,0,BERGEPAINT,1h,-1.000000,111.963190,3.338822,7.000000,0.476975,-0.785043,-1.143937,-0.849948,3.073732,6.000000,66.530612,0.512289,3.000000,54.163231,56.938776,55.850340,0.000000,0.167982,0.072512,0.095470,22.182739,26.189265,21.606800,0.315568,0.462116,1.075691,0.602542,0.030872,4.416006,0.000000,112.385321,0.000000,7.000000,67.594236,83.673469,56.912715,0.000000,-0.026646,-0.159457,0.132811,28.163999,32.333586,15.992826,1.849085,1.806870,2.327145,1.241878,0.025394,4.090056,12.000000,167.692308,0.340838,7.000000,67.594236,83.673469,56.912715,0.000000,-0.026646,-0.159457,0.132811,28.163999,32.333586,15.992826,1.849085,1.806870,2.327145,1.241878,0.025394,2.380952,10.000000,169.934641,0.238095,4.000000,33.857365,15.384615,11.755189,0.000000,-0.194807,-0.017327,-0.177480,25.129432,9.245088,35.075886,-1.267556,-1.221419,-0.519876,-0.142571,0.019479,1.421009,26.000000,79.274611,0.054654,3.000000,57.290844,100.000000,84.285714,1.000000,0.156144,0.136081,0.020063,12.793707,18.179040,22.881546,0.434597,0.783310,1.574284,0.875668,0.011619,1.760949,2.000000,81.092437,0.880474,2.000000,46.830911,20.454545,44.353196,0.000000,0.189802,0.244934,-0.055133,26.917300,27.295481,24.125454,-0.353069,0.118846,0.661021,0.269622,0.015272,2.219735,12.000000,69.794721,0.184978,3.000000,62.159183,75.210084,83.381973,1.000000,0.296965,0.257956,0.039009,29.551025,32.111879,14.415982,0.662508,1.201233,1.733718,0.947607,0.014900,3.082347,9.000000,76.975169,0.342483,2.000000,53.606344,25.277778,21.481481,1.000000,0.273504,0.368472,-0.094967,30.358174,28.962014,14.344816,0.124869,0.644476,0.912571,0.549055,0.025487,4.171375,7.000000,220.398010,0.595911,1.000000,1.857499,0.000000,62.616822,0.000000,1.000000,3.057143,8.000000,127.380952,0.382143,1.000000,2.343750,13.000000,95.094340,0.180288,2.000000,2.526938,21.000000,69.371728,0.120330,3.000000,3.514583,23.000000,81.623932,0.152808,2.000000,4.499567,7.000000,223.923445,0.642795,1.000000,1.969840,0.000000,50.975610,0.000000,1.000000,4.019608,8.000000,168.724280,0.502451,1.000000,2.326918,4.000000,75.700935,0.581729,2.000000,3.171310,0.000000,88.919668,0.000000,4.000000,3.443671,8.000000,167.129630,0.430459,4.000000,4.000000,6.000000,13.000000,-1.000000,,,,44.178012,10.207940,39.090639,0.178827,0.286161,-0.107335,19.541699,19.005186,11.153315,-1.461684,-1.637985,0.148876,0.041029,,0.000000,,44.609540,81.102362,38.730027,-0.327749,-0.399026,0.071277,27.965153,11.551994,31.926646,-0.076902,-0.658681,0.366483,0.005755,1.172600,0.833333,,220.398010,62.616822,1.088856,2.081607
2025-11-11T03:45:00Z,1.001344,no_impulse,0,BERGEPAINT,1h,1.000000,165.753425,5.725371,8.000000,0.715671,2.249850,2.009818,2.172368,3.338822,7.000000,111.963190,0.476975,4.000000,41.183832,19.470699,9.959621,0.000000,-0.441037,-0.234183,-0.206854,24.675217,15.618243,33.666852,-0.785043,-1.143937,-0.849948,0.318157,0.042835,3.073732,6.000000,66.530612,0.512289,3.000000,54.163231,56.938776,55.850340,0.000000,0.167982,0.072512,0.095470,22.182739,26.189265,21.606800,0.315568,0.462116,1.075691,0.602542,0.030872,4.416006,0.000000,112.385321,0.000000,7.000000,67.594236,83.673469,56.912715,0.000000,-0.026646,-0.159457,0.132811,28.163999,32.333586,15.992826,1.849085,1.806870,2.327145,1.241878,0.025394,4.090056,12.000000,167.692308,0.340838,7.000000,67.594236,83.673469,56.912715,0.000000,-0.026646,-0.159457,0.132811,28.163999,32.333586,15.992826,1.849085,1.806870,2.327145,1.241878,0.025394,2.380952,10.000000,169.934641,0.238095,4.000000,33.857365,15.384615,11.755189,0.000000,-0.194807,-0.017327,-0.177480,25.129432,9.245088,35.075886,-1.267556,-1.221419,-0.519876,-0.142571,0.019479,1.421009,26.000000,79.274611,0.054654,3.000000,57.290844,100.000000,84.285714,1.000000,0.156144,0.136081,0.020063,12.793707,18.179040,22.881546,0.434597,0.783310,1.574284,0.875668,0.011619,1.760949,2.000000,81.092437,0.880474,2.000000,46.830911,20.454545,44.353196,0.000000,0.189802,0.244934,-0.055133,26.917300,27.295481,24.125454,-0.353069,0.118846,0.661021,0.269622,0.015272,2.219735,12.000000,69.794721,0.184978,3.000000,62.159183,75.210084,83.381973,1.000000,0.296965,0.257956,0.039009,29.551025,32.111879,14.415982,0.662508,1.201233,1.733718,0.947607,0.014900,3.082347,9.000000,76.975169,0.342483,2.000000,4.171375,7.000000,220.398010,0.595911,1.000000,1.857499,0.000000,62.616822,0.000000,1.000000,3.057143,8.000000,127.380952,0.382143,1.000000,2.343750,13.000000,95.094340,0.180288,2.000000,2.526938,21.000000,69.371728,0.120330,3.000000,3.514583,23.000000,81.623932,0.152808,2.000000,4.499567,7.000000,223.923445,0.642795,1.000000,1.969840,0.000000,50.975610,0.000000,1.000000,4.019608,8.000000,168.724280,0.502451,1.000000,2.326918,4.000000,75.700935,0.581729,2.000000,3.171310,0.000000,88.919668,0.000000,4.000000,7.000000,7.000000,21.000000,-1.000000,,,,55.344968,59.008264,32.208804,0.204168,0.235653,-0.031485,22.246087,28.209832,9.062037,1.274428,1.163455,0.813811,0.041136,,0.000000,,81.040463,94.346290,65.874993,0.262770,0.109810,0.152960,17.126808,49.657077,11.529328,2.066039,2.123692,1.420095,0.022928,1.911325,0.879121,,220.398010,66.530612,1.038841,1.372090
2025-11-11T03:45:00Z,0.960115,no_impulse,0,BERGEPAINT,1h,-1.000000,76.033058,4.117436,0.000000,0.000000,2.249850,2.009818,2.172368,5.725371,8.000000,165.753425,0.715671,7.000000,66.342551,71.074380,53.553910,0.000000,-0.050195,-0.281396,0.231201,22.112505,44.616595,15.936855,2.249850,2.009818,2.172368,1.045803,0.042170,3.338822,7.000000,111.963190,0.476975,4.000000,41.183832,19.470699,9.959621,0.000000,-0.441037,-0.234183,-0.206854,24.675217,15.618243,33.666852,-0.785043,-1.143937,-0.849948,0.318157,0.042835,3.073732,6.000000,66.530612,0.512289,3.000000,54.163231,56.938776,55.850340,0.000000,0.167982,0.072512,0.095470,22.182739,26.189265,21.606800,0.315568,0.462116,1.075691,0.602542,0.030872,4.416006,0.000000,112.385321,0.000000,7.000000,67.594236,83.673469,56.912715,0.000000,-0.026646,-0.159457,0.132811,28.163999,32.333586,15.992826,1.849085,1.806870,2.327145,1.241878,0.025394,4.090056,12.000000,167.692308,0.340838,7.000000,67.594236,83.673469,56.912715,0.000000,-0.026646,-0.159457,0.132811,28.163999,32.333586,15.992826,1.849085,1.806870,2.327145,1.241878,0.025394,2.380952,10.000000,169.934641,0.238095,4.000000,33.857365,15.384615,11.755189,0.000000,-0.194807,-0.017327,-0.177480,25.129432,9.245088,35.075886,-1.267556,-1.221419,-0.519876,-0.142571,0.019479,1.421009,26.000000,79.274611,0.054654,3.000000,57.290844,100.000000,84.285714,1.000000,0.156144,0.136081,0.020063,12.793707,18.179040,22.881546,0.434597,0.783310,1.574284,0.875668,0.011619,1.760949,2.000000,81.092437,0.880474,2.000000,46.830911,20.454545,44.353196,0.000000,0.189802,0.244934,-0.055133,26.917300,27.295481,24.125454,-0.353069,0.118846,0.661021,0.269622,0.015272,2.219735,12.000000,69.794721,0.184978,3.000000,3.082347,9.000000,76.975169,0.342483,2.000000,4.171375,7.000000,220.398010,0.595911,1.000000,1.857499,0.000000,62.616822,0.000000,1.000000,3.057143,8.000000,127.380952,0.382143,1.000000,2.343750,13.000000,95.094340,0.180288,2.000000,2.526938,21.000000,69.371728,0.120330,3.000000,3.514583,23.000000,81.623932,0.152808,2.000000,4.499567,7.000000,223.923445,0.642795,1.000000,1.969840,0.000000,50.975610,0.000000,1.000000,4.019608,8.000000,168.724280,0.502451,1.000000,2.326918,4.000000,75.700935,0.581729,2.000000,7.000000,8.000000,0.000000,-1.000000,,,,55.344968,59.008264,32.208804,0.204168,0.235653,-0.031485,22.246087,28.209832,9.062037,1.274428,1.163455,0.813811,0.041136,,0.000000,,81.040463,94.346290,65.874993,0.262770,0.109810,0.152960,17.126808,49.657077,11.529328,2.066039,2.123692,1.420095,0.022928,1.306750,0.000000,,169.934641,66.530612,1.314059,1.114899
2025-11-12T08:45:00Z,1.002061,no_impulse,0,BERGEPAINT,1h,1.000000,101.739130,4.368932,12.000000,0.364078,2.169799,2.754385,3.402521,4.117436,0.000000,76.033058,0.000000,7.000000,66.342551,71.074380,53.553910,0.000000,-0.050195,-0.281396,0.231201,22.112505,44.616595,15.936855,2.249850,2.009818,2.172368,1.045803,0.042170,5.725371,8.000000,165.753425,0.715671,7.000000,66.342551,71.074380,53.553910,0.000000,-0.050195,-0.281396,0.231201,22.112505,44.616595,15.936855,2.249850,2.009818,2.172368,1.045803,0.042170,3.338822,7.000000,111.963190,0.476975,4.000000,41.183832,19.470699,9.959621,0.000000,-0.441037,-0.234183,-0.206854,24.675217,15.618243,33.666852,-0.785043,-1.143937,-0.849948,0.318157,0.042835,3.073732,6.000000,66.530612,0.512289,3.000000,54.163231,56.938776,55.850340,0.000000,0.167982,0.072512,0.095470,22.182739,26.189265,21.606800,0.315568,0.462116,1.075691,0.602542,0.030872,4.416006,0.000000,112.385321,0.000000,7.000000,67.594236,83.673469,56.912715,0.000000,-0.026646,-0.159457,0.132811,28.163999,32.333586,15.992826,1.849085,1.806870,2.327145,1.241878,0.025394,4.090056,12.000000,167.692308,0.340838,7.000000,67.594236,83.673469,56.912715,0.000000,-0.026646,-0.159457,0.132811,28.163999,32.333586,15.992826,1.849085,1.806870,2.327145,1.241878,0.025394,2.380952,10.000000,169.934641,0.238095,4.000000,33.857365,15.384615,11.755189,0.000000,-0.194807,-0.017327,-0.177480,25.129432,9.245088,35.075886,-1.267556,-1.221419,-0.519876,-0.142571,0.019479,1.421009,26.000000,79.274611,0.054654,3.000000,57.290844,100.000000,84.285714,1.000000,0.156144,0.136081,0.020063,12.793707,18.179040,22.881546,0.434597,0.783310,1.574284,0.875668,0.011619,1.760949,2.000000,81.092437,0.880474,2.000000,2.219735,12.000000,69.794721,0.184978,3.000000,3.082347,9.000000,76.975169,0.342483,2.000000,4.171375,7.000000,220.398010,0.595911,1.000000,1.857499,0.000000,62.616822,0.000000,1.000000,3.057143,8.000000,127.380952,0.382143,1.000000,2.343750,13.000000,95.094340,0.180288,2.000000,2.526938,21.000000,69.371728,0.120330,3.000000,3.514583,23.000000,81.623932,0.152808,2.000000,4.499567,7.000000,223.923445,0.642795,1.000000,1.969840,0.000000,50.975610,0.000000,1.000000,4.019608,8.000000,168.724280,0.502451,1.000000,1.000000,1.000000,12.000000,-1.000000,,,,69.839001,92.357875,76.236947,0.903089,0.396168,0.506921,27.808555,33.788951,6.944709,5.741719,6.194720,1.293030,0.076813,,0.000000,,45.640295,21.649485,16.562289,0.020655,0.115056,-0.094401,16.956174,17.143900,20.874378,-0.195874,0.155718,0.296582,0.009610,1.342466,1.445783,,169.934641,66.530612,1.348378,1.138330
2025-11-12T08:45:00Z,0.980461,no_impulse,0,BERGEPAINT,1h,-1.000000,51.495726,2.155635,0.000000,0.000000,2.169799,2.754385,3.402521,4.368932,12.000000,101.739130,0.364078,1.000000,68.456823,96.487603,70.800743,0.000000,0.659743,0.463483,0.196260,32.980480,41.906476,15.508542,2.169799,2.754385,3.402521,0.895982,0.056011,4.117436,0.000000,76.033058,0.000000,7.000000,66.342551,71.074380,53.553910,0.000000,-0.050195,-0.281396,0.231201,22.112505,44.616595,15.936855,2.249850,2.009818,2.172368,1.045803,0.042170,5.725371,8.000000,165.753425,0.715671,7.000000,66.342551,71.074380,53.553910,0.000000,-0.050195,-0.281396,0.231201,22.112505,44.616595,15.936855,2.249850,2.009818,2.172368,1.045803,0.042170,3.338822,7.000000,111.963190,0.476975,4.000000,41.183832,19.470699,9.959621,0.000000,-0.441037,-0.234183,-0.206854,24.675217,15.618243,33.666852,-0.785043,-1.143937,-0.849948,0.318157,0.042835,3.073732,6.000000,66.530612,0.512289,3.000000,54.163231,56.938776,55.850340,0.000000,0.167982,0.072512,0.095470,22.182739,26.189265,21.606800,0.315568,0.462116,1.075691,0.602542,0.030872,4.416006,0.000000,112.385321,0.000000,7.000000,67.594236,83.673469,56.912715,0.000000,-0.026646,-0.159457,0.132811,28.163999,32.333586,15.992826,1.849085,1.806870,2.327145,1.241878,0.025394,4.090056,12.000000,167.692308,0.340838,7.000000,67.594236,83.673469,56.912715,0.000000,-0.026646,-0.159457,0.132811,28.163999,32.333586,15.992826,1.849085,1.806870,2.327145,1.241878,0.025394,2.380952,10.000000,169.934641,0.238095,4.000000,33.857365,15.384615,11.755189,0.000000,-0.194807,-0.017327,-0.177480,25.129432,9.245088,35.075886,-1.267556,-1.221419,-0.519876,-0.142571,0.019479,1.421009,26.000000,79.274611,0.054654,3.000000,1.760949,2.000000,81.092437,0.880474,2.000000,2.219735,12.000000,69.794721,0.184978,3.000000,3.082347,9.000000,76.975169,0.342483,2.000000,4.171375,7.000000,220.398010,0.595911,1.000000,1.857499,0.000000,62.616822,0.000000,1.000000,3.057143,8.000000,127.380952,0.382143,1.000000,2.343750,13.000000,95.094340,0.180288,2.000000,2.526938,21.000000,69.371728,0.120330,3.000000,3.514583,23.000000,81.623932,0.152808,2.000000,4.499567,7.000000,223.923445,0.642795,1.000000,1.969840,0.000000,50.975610,0.000000,1.000000,1.000000,2.000000,12.000000,-1.000000,,,,69.839001,92.357875,76.236947,0.903089,0.396168,0.506921,27.808555,33.788951,6.944709,5.741719,6.194720,1.293030,0.076813,,0.000000,,45.640295,21.649485,16.562289,0.020655,0.115056,-0.094401,16.956174,17.143900,20.874378,-0.195874,0.155718,0.296582,0.009610,0.621341,0.000000,,169.934641,66.530612,1.336364,1.312431
2025-11-14T03:45:00Z,1.053957,no_impulse,0,BERGEPAINT,1h,1.000000,340.248963,7.496115,9.000000,0.832902,2.113568,3.994601,5.754629,2.155635,0.000000,51.495726,0.000000,1.000000,68.456823,96.487603,70.800743,0.000000,0.659743,0.463483,0.196260,32.980480,41.906476,15.508542,2.169799,2.754385,3.402521,0.895982,0.056011,4.368932,12.000000,101.739130,0.364078,1.000000,68.456823,96.487603,70.800743,0.000000,0.659743,0.463483,0.196260,32.980480,41.906476,15.508542,2.169799,2.754385,3.402521,0.895982,0.056011,4.117436,0.000000,76.033058,0.000000,7.000000,66.342551,71.074380,53.553910,0.000000,-0.050195,-0.281396,0.231201,22.112505,44.616595,15.936855,2.249850,2.009818,2.172368,1.045803,0.042170,5.725371,8.000000,165.753425,0.715671,7.000000,66.342551,71.074380,53.553910,0.000000,-0.050195,-0.281396,0.231201,22.112505,44.616595,15.936855,2.249850,2.009818,2.172368,1.045803,0.042170,3.338822,7.000000,111.963190,0.476975,4.000000,41.183832,19.470699,9.959621,0.000000,-0.441037,-0.234183,-0.206854,24.675217,15.618243,33.666852,-0.785043,-1.143937,-0.849948,0.318157,0.042835,3.073732,6.000000,66.530612,0.512289,3.000000,54.163231,56.938776,55.850340,0.000000,0.167982,0.072512,0.095470,22.182739,26.189265,21.606800,0.315568,0.462116,1.075691,0.602542,0.030872,4.416006,0.000000,112.385321,0.000000,7.000000,67.594236,83.673469,56.912715,0.000000,-0.026646,-0.159457,0.132811,28.163999,32.333586,15.992826,1.849085,1.806870,2.327145,1.241878,0.025394,4.090056,12.000000,167.692308,0.340838,7.000000,67.594236,83.673469,56.912715,0.000000,-0.026646,-0.159457,0.132811,28.163999,32.333586,15.992826,1.849085,1.806870,2.327145,1.241878,0.025394,2.380952,10.000000,169.934641,0.238095,4.000000,1.421009,26.000000,79.274611,0.054654,3.000000,1.760949,2.000000,81.092437,0.880474,2.000000,2.219735,12.000000,69.794721,0.184978,3.000000,3.082347,9.000000,76.975169,0.342483,2.000000,4.171375,7.000000,220.398010,0.595911,1.000000,1.857499,0.000000,62.616822,0.000000,1.000000,3.057143,8.000000,127.380952,0.382143,1.000000,2.343750,13.000000,95.094340,0.180288,2.000000,2.526938,21.000000,69.371728,0.120330,3.000000,3.514583,23.000000,81.623932,0.152808,2.000000,4.499567,7.000000,223.923445,0.642795,1.000000,1.000000,3.000000,21.000000,-1.000000,,,,70.395050,85.906040,85.202872,1.262032,0.568438,0.693594,30.719492,32.782582,6.114256,5.437688,6.208384,1.134259,0.090663,,0.000000,,53.009591,35.394456,68.107526,0.752696,0.886068,-0.133373,52.308935,25.821782,24.803083,-0.123288,1.394720,0.461409,0.031908,2.136379,1.111111,,169.934641,51.495726,1.285149,0.876756
2025-11-14T03:45:00Z,1.011921,no_impulse,0,BERGEPAINT,1h,-1.000000,57.195122,3.988434,0.000000,0.000000,2.113568,3.994601,5.754629,7.496115,9.000000,340.248963,0.832902,1.000000,67.362011,69.397590,85.349580,1.000000,1.683148,1.371310,0.311838,47.753009,36.423359,18.491934,2.113568,3.994601,5.754629,0.734836,0.091945,2.155635,0.000000,51.495726,0.000000,1.000000,68.456823,96.487603,70.800743,0.000000,0.659743,0.463483,0.196260,32.980480,41.906476,15.508542,2.169799,2.754385,3.402521,0.895982,0.056011,4.368932,12.000000,101.739130,0.364078,1.000000,68.456823,96.487603,70.800743,0.000000,0.659743,0.463483,0.196260,32.980480,41.906476,15.508542,2.169799,2.754385,3.402521,0.895982,0.056011,4.117436,0.000000,76.033058,0.000000,7.000000,66.342551,71.074380,53.553910,0.000000,-0.050195,-0.281396,0.231201,22.112505,44.616595,15.936855,2.249850,2.009818,2.172368,1.045803,0.042170,5.725371,8.000000,165.753425,0.715671,7.000000,66.342551,71.074380,53.553910,0.000000,-0.050195,-0.281396,0.231201,22.112505,44.616595,15.936855,2.249850,2.009818,2.172368,1.045803,0.042170,3.338822,7.000000,111.963190,0.476975,4.000000,41.183832,19.470699,9.959621,0.000000,-0.441037,-0.234183,-0.206854,24.675217,15.618243,33.666852,-0.785043,-1.143937,-0.849948,0.318157,0.042835,3.073732,6.000000,66.530612,0.512289,3.000000,54.163231,56.938776,55.850340,0.000000,0.167982,0.072512,0.095470,22.182739,26.189265,21.606800,0.315568,0.462116,1.075691,0.602542,0.030872,4.416006,0.000000,112.385321,0.000000,7.000000,67.594236,83.673469,56.912715,0.000000,-0.026646,-0.159457,0.132811,28.163999,32.333586,15.992826,1.849085,1.806870,2.327145,1.241878,0.025394,4.090056,12.000000,167.692308,0.340838,7.000000,2.380952,10.000000,169.934641,0.238095,4.000000,1.421009,26.000000,79.274611,0.054654,3.000000,1.760949,2.000000,81.092437,0.880474,2.000000,2.219735,12.000000,69.794721,0.184978,3.000000,3.082347,9.000000,76.975169,0.342483,2.000000,4.171375,7.000000,220.398010,0.595911,1.000000,1.857499,0.000000,62.616822,0.000000,1.000000,3.057143,8.000000,127.380952,0.382143,1.000000,2.343750,13.000000,95.094340,0.180288,2.000000,2.526938,21.000000,69.371728,0.120330,3.000000,3.514583,23.000000,81.623932,0.152808,2.000000,1.000000,4.000000,21.000000,-1.000000,,,,70.395050,85.906040,85.202872,1.262032,0.568438,0.693594,30.719492,32.782582,6.114256,5.437688,6.208384,1.134259,0.090663,,0.000000,,53.009591,35.394456,68.107526,0.752696,0.886068,-0.133373,52.308935,25.821782,24.803083,-0.123288,1.394720,0.461409,0.031908,0.968935,0.000000,,340.248963,51.495726,1.588628,1.063653
2025-11-19T08:45:00Z,1.061217,no_impulse,0,BERGEPAINT,1h,1.000000,117.270789,4.871568,26.000000,0.187368,1.028070,2.963088,6.582468,3.988434,0.000000,57.195122,0.000000,1.000000,67.362011,69.397590,85.349580,0.000000,1.683148,1.371310,0.311838,47.753009,36.423359,18.491934,2.113568,3.994601,5.754629,0.734836,0.091945,7.496115,9.000000,340.248963,0.832902,1.000000,67.362011,69.397590,85.349580,1.000000,1.683148,1.371310,0.311838,47.753009,36.423359,18.491934,2.113568,3.994601,5.754629,0.734836,0.091945,2.155635,0.000000,51.495726,0.000000,1.000000,68.456823,96.487603,70.800743,0.000000,0.659743,0.463483,0.196260,32.980480,41.906476,15.508542,2.169799,2.754385,3.402521,0.895982,0.056011,4.368932,12.000000,101.739130,0.364078,1.000000,68.456823,96.487603,70.800743,0.000000,0.659743,0.463483,0.196260,32.980480,41.906476,15.508542,2.169799,2.754385,3.402521,0.895982,0.056011,4.117436,0.000000,76.033058,0.000000,7.000000,66.342551,71.074380,53.553910,0.000000,-0.050195,-0.281396,0.231201,22.112505,44.616595,15.936855,2.249850,2.009818,2.172368,1.045803,0.042170,5.725371,8.000000,165.753425,0.715671,7.000000,66.342551,71.074380,53.553910,0.000000,-0.050195,-0.281396,0.231201,22.112505,44.616595,15.936855,2.249850,2.009818,2.172368,1.045803,0.042170,3.338822,7.000000,111.963190,0.476975,4.000000,41.183832,19.470699,9.959621,0.000000,-0.441037,-0.234183,-0.206854,24.675217,15.618243,33.666852,-0.785043,-1.143937,-0.849948,0.318157,0.042835,3.073732,6.000000,66.530612,0.512289,3.000000,54.163231,56.938776,55.850340,0.000000,0.167982,0.072512,0.095470,22.182739,26.189265,21.606800,0.315568,0.462116,1.075691,0.602542,0.030872,4.416006,0.000000,112.385321,0.000000,7.000000,4.090056,12.000000,167.692308,0.340838,7.000000,2.380952,10.000000,169.934641,0.238095,4.000000,1.421009,26.000000,79.274611,0.054654,3.000000,1.760949,2.000000,81.092437,0.880474,2.000000,2.219735,12.000000,69.794721,0.184978,3.000000,3.082347,9.000000,76.975169,0.342483,2.000000,4.171375,7.000000,220.398010,0.595911,1.000000,1.857499,0.000000,62.616822,0.000000,1.000000,3.057143,8.000000,127.380952,0.382143,1.000000,2.343750,13.000000,95.094340,0.180288,2.000000,2.526938,21.000000,69.371728,0.120330,3.000000,1.000000,5.000000,47.000000,-1.000000,,,,73.379931,97.014925,95.442163,2.191206,1.367754,0.823452,40.938440,30.211232,5.471749,4.983122,6.818741,0.875076,0.139824,,0.000000,,55.340592,49.438202,75.280899,0.252298,0.246553,0.005744,48.853912,26.546286,13.833236,0.093397,0.609360,0.554408,0.017182,1.139001,4.814815,,340.248963,51.495726,1.470456,0.959783
2025-11-20T05:45:00Z,1.039885,no_impulse,0,BERGEPAINT,1h,-1.000000,43.272727,2.010135,4.000000,0.502534,0.283863,1.901159,5.591428,4.871568,26.000000,117.270789,0.187368,1.000000,65.441202,89.152542,95.252632,0.000000,0.916442,0.961794,-0.045352,33.370053,21.811394,14.805564,1.028070,2.963088,6.582468,0.803058,0.034276,3.988434,0.000000,57.195122,0.000000,1.000000,67.362011,69.397590,85.349580,0.000000,1.683148,1.371310,0.311838,47.753009,36.423359,18.491934,2.113568,3.994601,5.754629,0.734836,0.091945,7.496115,9.000000,340.248963,0.832902,1.000000,67.362011,69.397590,85.349580,1.000000,1.683148,1.371310,0.311838,47.753009,36.423359,18.491934,2.113568,3.994601,5.754629,0.734836,0.091945,2.155635,0.000000,51.495726,0.000000,1.000000,68.456823,96.487603,70.800743,0.000000,0.659743,0.463483,0.196260,32.980480,41.906476,15.508542,2.169799,2.754385,3.402521,0.895982,0.056011,4.368932,12.000000,101.739130,0.364078,1.000000,68.456823,96.487603,70.800743,0.000000,0.659743,0.463483,0.196260,32.980480,41.906476,15.508542,2.169799,2.754385,3.402521,0.895982,0.056011,4.117436,0.000000,76.033058,0.000000,7.000000,66.342551,71.074380,53.553910,0.000000,-0.050195,-0.281396,0.231201,22.112505,44.616595,15.936855,2.249850,2.009818,2.172368,1.045803,0.042170,5.725371,8.000000,165.753425,0.715671,7.000000,66.342551,71.074380,53.553910,0.000000,-0.050195,-0.281396,0.231201,22.112505,44.616595,15.936855,2.249850,2.009818,2.172368,1.045803,0.042170,3.338822,7.000000,111.963190,0.476975,4.000000,41.183832,19.470699,9.959621,0.000000,-0.441037,-0.234183,-0.206854,24.675217,15.618243,33.666852,-0.785043,-1.143937,-0.849948,0.318157,0.042835,3.073732,6.000000,66.530612,0.512289,3.000000,4.416006,0.000000,112.385321,0.000000,7.000000,4.090056,12.000000,167.692308,0.340838,7.000000,2.380952,10.000000,169.934641,0.238095,4.000000,1.421009,26.000000,79.274611,0.054654,3.000000,1.760949,2.000000,81.092437,0.880474,2.000000,2.219735,12.000000,69.794721,0.184978,3.000000,3.082347,9.000000,76.975169,0.342483,2.000000,4.171375,7.000000,220.398010,0.595911,1.000000,1.857499,0.000000,62.616822,0.000000,1.000000,3.057143,8.000000,127.380952,0.382143,1.000000,2.343750,13.000000,95.094340,0.180288,2.000000,2.000000,6.000000,51.000000,-1.000000,,,,73.379931,97.014925,95.442163,2.191206,1.367754,0.823452,40.938440,30.211232,5.471749,4.983122,6.818741,0.875076,0.139824,,0.000000,,50.664910,45.798319,16.386555,-0.272501,-0.187528,-0.084974,32.591025,31.750011,21.261716,0.119117,0.068320,0.539225,0.030404,0.461548,0.588235,,340.248963,51.495726,1.480149,1.536940
2025-11-21T03:45:00Z,1.065788,no_impulse,0,BERGEPAINT,1h,1.000000,121.428571,2.490950,5.000000,0.498190,1.148037,2.673411,6.482245,2.010135,4.000000,43.272727,0.502534,2.000000,55.447689,45.378151,23.640438,1.000000,0.514553,0.757051,-0.242498,28.025672,16.664252,20.881046,0.283863,1.901159,5.591428,0.588704,0.032092,4.871568,26.000000,117.270789,0.187368,1.000000,65.441202,89.152542,95.252632,0.000000,0.916442,0.961794,-0.045352,33.370053,21.811394,14.805564,1.028070,2.963088,6.582468,0.803058,0.034276,3.988434,0.000000,57.195122,0.000000,1.000000,67.362011,69.397590,85.349580,0.000000,1.683148,1.371310,0.311838,47.753009,36.423359,18.491934,2.113568,3.994601,5.754629,0.734836,0.091945,7.496115,9.000000,340.248963,0.832902,1.000000,67.362011,69.397590,85.349580,1.000000,1.683148,1.371310,0.311838,47.753009,36.423359,18.491934,2.113568,3.994601,5.754629,0.734836,0.091945,2.155635,0.000000,51.495726,0.000000,1.000000,68.456823,96.487603,70.800743,0.000000,0.659743,0.463483,0.196260,32.980480,41.906476,15.508542,2.169799,2.754385,3.402521,0.895982,0.056011,4.368932,12.000000,101.739130,0.364078,1.000000,68.456823,96.487603,70.800743,0.000000,0.659743,0.463483,0.196260,32.980480,41.906476,15.508542,2.169799,2.754385,3.402521,0.895982,0.056011,4.117436,0.000000,76.033058,0.000000,7.000000,66.342551,71.074380,53.553910,0.000000,-0.050195,-0.281396,0.231201,22.112505,44.616595,15.936855,2.249850,2.009818,2.172368,1.045803,0.042170,5.725371,8.000000,165.753425,0.715671,7.000000,66.342551,71.074380,53.553910,0.000000,-0.050195,-0.281396,0.231201,22.112505,44.616595,15.936855,2.249850,2.009818,2.172368,1.045803,0.042170,3.338822,7.000000,111.963190,0.476975,4.000000,3.073732,6.000000,66.530612,0.512289,3.000000,4.416006,0.000000,112.385321,0.000000,7.000000,4.090056,12.000000,167.692308,0.340838,7.000000,2.380952,10.000000,169.934641,0.238095,4.000000,1.421009,26.000000,79.274611,0.054654,3.000000,1.760949,2.000000,81.092437,0.880474,2.000000,2.219735,12.000000,69.794721,0.184978,3.000000,3.082347,9.000000,76.975169,0.342483,2.000000,4.171375,7.000000,220.398010,0.595911,1.000000,1.857499,0.000000,62.616822,0.000000,1.000000,3.057143,8.000000,127.380952,0.382143,1.000000,1.000000,7.000000,56.000000,-1.000000,,,,64.087905,77.341390,89.854828,2.203559,1.554834,0.648725,42.207635,27.264645,7.093786,2.943603,4.921608,0.712549,0.142691,,0.000000,,63.969077,77.710843,73.299448,0.188063,0.123843,0.064220,30.285690,22.363936,26.112446,0.478990,0.706473,0.754120,0.018940,0.605390,0.694444,,340.248963,43.272727,1.654435,0.775293
2025-11-21T09:45:00Z,1.032536,no_impulse,0,BERGEPAINT,1h,-1.000000,128.373702,3.120007,6.000000,0.520001,-0.035384,1.079567,4.904955,2.490950,5.000000,121.428571,0.498190,1.000000,63.458371,89.273356,81.578514,0.000000,0.555995,0.599254,-0.043259,22.361792,23.895364,14.733714,1.148037,2.673411,6.482245,1.016562,0.022483,2.010135,4.000000,43.272727,0.502534,2.000000,55.447689,45.378151,23.640438,1.000000,0.514553,0.757051,-0.242498,28.025672,16.664252,20.881046,0.283863,1.901159,5.591428,0.588704,0.032092,4.871568,26.000000,117.270789,0.187368,1.000000,65.441202,89.152542,95.252632,0.000000,0.916442,0.961794,-0.045352,33.370053,21.811394,14.805564,1.028070,2.963088,6.582468,0.803058,0.034276,3.988434,0.000000,57.195122,0.000000,1.000000,67.362011,69.397590,85.349580,0.000000,1.683148,1.371310,0.311838,47.753009,36.423359,18.491934,2.113568,3.994601,5.754629,0.734836,0.091945,7.496115,9.000000,340.248963,0.832902,1.000000,67.362011,69.397590,85.349580,1.000000,1.683148,1.371310,0.311838,47.753009,36.423359,18.491934,2.113568,3.994601,5.754629,0.734836,0.091945,2.155635,0.000000,51.495726,0.000000,1.000000,68.456823,96.487603,70.800743,0.000000,0.659743,0.463483,0.196260,32.980480,41.906476,15.508542,2.169799,2.754385,3.402521,0.895982,0.056011,4.368932,12.000000,101.739130,0.364078,1.000000,68.456823,96.487603,70.800743,0.000000,0.659743,0.463483,0.196260,32.980480,41.906476,15.508542,2.169799,2.754385,3.402521,0.895982,0.056011,4.117436,0.000000,76.033058,0.000000,7.000000,66.342551,71.074380,53.553910,0.000000,-0.050195,-0.281396,0.231201,22.112505,44.616595,15.936855,2.249850,2.009818,2.172368,1.045803,0.042170,5.725371,8.000000,165.753425,0.715671,7.000000,3.338822,7.000000,111.963190,0.476975,4.000000,3.073732,6.000000,66.530612,0.512289,3.000000,4.416006,0.000000,112.385321,0.000000,7.000000,4.090056,12.000000,167.692308,0.340838,7.000000,2.380952,10.000000,169.934641,0.238095,4.000000,1.421009,26.000000,79.274611,0.054654,3.000000,1.760949,2.000000,81.092437,0.880474,2.000000,2.219735,12.000000,69.794721,0.184978,3.000000,3.082347,9.000000,76.975169,0.342483,2.000000,4.171375,7.000000,220.398010,0.595911,1.000000,1.857499,0.000000,62.616822,0.000000,1.000000,8.000000,1.000000,62.000000,-1.000000,,,,64.087905,77.341390,89.854828,2.203559,1.554834,0.648725,42.207635,27.264645,7.093786,2.943603,4.921608,0.712549,0.142691,,0.000000,,50.708219,55.555556,29.416005,-0.396656,-0.345453,-0.051203,33.724934,18.195355,26.932605,0.200629,-0.129391,0.553297,0.037720,0.769168,0.845070,,340.248963,43.272727,1.704676,0.687135
2025-11-24T03:45:00Z,1.058439,no_impulse,0,BERGEPAINT,1h,1.000000,77.897574,2.508681,1.000000,2.508681,-0.117187,0.947792,4.767550,3.120007,6.000000,128.373702,0.520001,8.000000,50.985148,48.517520,26.144806,0.000000,0.136573,0.376177,-0.239604,22.038299,19.401052,25.041406,-0.035384,1.079567,4.904955,0.488609,0.031051,2.490950,5.000000,121.428571,0.498190,1.000000,63.458371,89.273356,81.578514,0.000000,0.555995,0.599254,-0.043259,22.361792,23.895364,14.733714,1.148037,2.673411,6.482245,1.016562,0.022483,2.010135,4.000000,43.272727,0.502534,2.000000,55.447689,45.378151,23.640438,1.000000,0.514553,0.757051,-0.242498,28.025672,16.664252,20.881046,0.283863,1.901159,5.591428,0.588704,0.032092,4.871568,26.000000,117.270789,0.187368,1.000000,65.441202,89.152542,95.252632,0.000000,0.916442,0.961794,-0.045352,33.370053,21.811394,14.805564,1.028070,2.963088,6.582468,0.803058,0.034276,3.988434,0.000000,57.195122,0.000000,1.000000,67.362011,69.397590,85.349580,0.000000,1.683148,1.371310,0.311838,47.753009,36.423359,18.491934,2.113568,3.994601,5.754629,0.734836,0.091945,7.496115,9.000000,340.248963,0.832902,1.000000,67.362011,69.397590,85.349580,1.000000,1.683148,1.371310,0.311838,47.753009,36.423359,18.491934,2.113568,3.994601,5.754629,0.734836,0.091945,2.155635,0.000000,51.495726,0.000000,1.000000,68.456823,96.487603,70.800743,0.000000,0.659743,0.463483,0.196260,32.980480,41.906476,15.508542,2.169799,2.754385,3.402521,0.895982,0.056011,4.368932,12.000000,101.739130,0.364078,1.000000,68.456823,96.487603,70.800743,0.000000,0.659743,0.463483,0.196260,32.980480,41.906476,15.508542,2.169799,2.754385,3.402521,0.895982,0.056011,4.117436,0.000000,76.033058,0.000000,7.000000,5.725371,8.000000,165.753425,0.715671,7.000000,3.338822,7.000000,111.963190,0.476975,4.000000,3.073732,6.000000,66.530612,0.512289,3.000000,4.416006,0.000000,112.385321,0.000000,7.000000,4.090056,12.000000,167.692308,0.340838,7.000000,2.380952,10.000000,169.934641,0.238095,4.000000,1.421009,26.000000,79.274611,0.054654,3.000000,1.760949,2.000000,81.092437,0.880474,2.000000,2.219735,12.000000,69.794721,0.184978,3.000000,3.082347,9.000000,76.975169,0.342483,2.000000,4.171375,7.000000,220.398010,0.595911,1.000000,3.000000,2.000000,1.000000,-1.000000,,,,63.881472,76.963746,83.773354,2.154362,1.675276,0.479086,43.050778,24.960876,7.453396,2.625364,4.689181,0.685857,0.145066,,0.000000,,58.493788,81.250000,48.680408,-0.273718,-0.329229,0.055511,31.931624,25.106510,21.122240,0.794728,0.529012,0.718211,0.036712,0.621813,0.142857,,340.248963,43.272727,1.716274,0.465947
2025-11-24T08:45:00Z,1.029219,no_impulse,0,BERGEPAINT,1h,-1.000000,112.802768,2.760606,5.000000,0.552121,-0.760190,-0.055037,3.651580,2.508681,1.000000,77.897574,2.508681,3.000000,50.270219,45.552561,34.034441,0.000000,0.116145,0.324454,-0.208309,20.794843,23.669266,21.574514,-0.117187,0.947792,4.767550,0.462459,0.031180,3.120007,6.000000,128.373702,0.520001,8.000000,50.985148,48.517520,26.144806,0.000000,0.136573,0.376177,-0.239604,22.038299,19.401052,25.041406,-0.035384,1.079567,4.904955,0.488609,0.031051,2.490950,5.000000,121.428571,0.498190,1.000000,63.458371,89.273356,81.578514,0.000000,0.555995,0.599254,-0.043259,22.361792,23.895364,14.733714,1.148037,2.673411,6.482245,1.016562,0.022483,2.010135,4.000000,43.272727,0.502534,2.000000,55.447689,45.378151,23.640438,1.000000,0.514553,0.757051,-0.242498,28.025672,16.664252,20.881046,0.283863,1.901159,5.591428,0.588704,0.032092,4.871568,26.000000,117.270789,0.187368,1.000000,65.441202,89.152542,95.252632,0.000000,0.916442,0.961794,-0.045352,33.370053,21.811394,14.805564,1.028070,2.963088,6.582468,0.803058,0.034276,3.988434,0.000000,57.195122,0.000000,1.000000,67.362011,69.397590,85.349580,0.000000,1.683148,1.371310,0.311838,47.753009,36.423359,18.491934,2.113568,3.994601,5.754629,0.734836,0.091945,7.496115,9.000000,340.248963,0.832902,1.000000,67.362011,69.397590,85.349580,1.000000,1.683148,1.371310,0.311838,47.753009,36.423359,18.491934,2.113568,3.994601,5.754629,0.734836,0.091945,2.155635,0.000000,51.495726,0.000000,1.000000,68.456823,96.487603,70.800743,0.000000,0.659743,0.463483,0.196260,32.980480,41.906476,15.508542,2.169799,2.754385,3.402521,0.895982,0.056011,4.368932,12.000000,101.739130,0.364078,1.000000,4.117436,0.000000,76.033058,0.000000,7.000000,5.725371,8.000000,165.753425,0.715671,7.000000,3.338822,7.000000,111.963190,0.476975,4.000000,3.073732,6.000000,66.530612,0.512289,3.000000,4.416006,0.000000,112.385321,0.000000,7.000000,4.090056,12.000000,167.692308,0.340838,7.000000,2.380952,10.000000,169.934641,0.238095,4.000000,1.421009,26.000000,79.274611,0.054654,3.000000,1.760949,2.000000,81.092437,0.880474,2.000000,2.219735,12.000000,69.794721,0.184978,3.000000,3.082347,9.000000,76.975169,0.342483,2.000000,4.000000,3.000000,6.000000,-1.000000,,,,55.995297,61.631420,71.978852,1.985540,1.761230,0.224310,42.479632,22.453859,10.797635,0.804173,2.872212,0.556718,0.142935,,0.000000,,38.377145,16.993464,21.196755,-0.234055,-0.212063,-0.021991,14.025896,15.288728,25.020843,-0.506925,-0.860347,0.158850,0.014784,0.743540,0.793651,47.000000,340.248963,43.272727,1.664815,0.746967
2025-11-25T03:45:00Z,1.050462,no_impulse,0,BERGEPAINT,1h,1.000000,72.699387,2.063921,2.000000,1.031960,-0.529453,0.048075,3.677905,2.760606,5.000000,112.802768,0.552121,4.000000,43.153408,23.284314,22.586236,0.000000,-0.133973,0.074697,-0.208669,17.310684,16.487449,24.345989,-0.760190,-0.055037,3.651580,0.267369,0.032431,2.508681,1.000000,77.897574,2.508681,3.000000,50.270219,45.552561,34.034441,0.000000,0.116145,0.324454,-0.208309,20.794843,23.669266,21.574514,-0.117187,0.947792,4.767550,0.462459,0.031180,3.120007,6.000000,128.373702,0.520001,8.000000,50.985148,48.517520,26.144806,0.000000,0.136573,0.376177,-0.239604,22.038299,19.401052,25.041406,-0.035384,1.079567,4.904955,0.488609,0.031051,2.490950,5.000000,121.428571,0.498190,1.000000,63.458371,89.273356,81.578514,0.000000,0.555995,0.599254,-0.043259,22.361792,23.895364,14.733714,1.148037,2.673411,6.482245,1.016562,0.022483,2.010135,4.000000,43.272727,0.502534,2.000000,55.447689,45.378151,23.640438,1.000000,0.514553,0.757051,-0.242498,28.025672,16.664252,20.881046,0.283863,1.901159,5.591428,0.588704,0.032092,4.871568,26.000000,117.270789,0.187368,1.000000,65.441202,89.152542,95.252632,0.000000,0.916442,0.961794,-0.045352,33.370053,21.811394,14.805564,1.028070,2.963088,6.582468,0.803058,0.034276,3.988434,0.000000,57.195122,0.000000,1.000000,67.362011,69.397590,85.349580,0.000000,1.683148,1.371310,0.311838,47.753009,36.423359,18.491934,2.113568,3.994601,5.754629,0.734836,0.091945,7.496115,9.000000,340.248963,0.832902,1.000000,67.362011,69.397590,85.349580,1.000000,1.683148,1.371310,0.311838,47.753009,36.423359,18.491934,2.113568,3.994601,5.754629,0.734836,0.091945,2.155635,0.000000,51.495726,0.000000,1.000000,4.368932,12.000000,101.739130,0.364078,1.000000,4.117436,0.000000,76.033058,0.000000,7.000000,5.725371,8.000000,165.753425,0.715671,7.000000,3.338822,7.000000,111.963190,0.476975,4.000000,3.073732,6.000000,66.530612,0.512289,3.000000,4.416006,0.000000,112.385321,0.000000,7.000000,4.090056,12.000000,167.692308,0.340838,7.000000,2.380952,10.000000,169.934641,0.238095,4.000000,1.421009,26.000000,79.274611,0.054654,3.000000,1.760949,2.000000,81.092437,0.880474,2.000000,2.219735,12.000000,69.794721,0.184978,3.000000,3.000000,4.000000,8.000000,-1.000000,,,,55.995297,61.631420,71.978852,1.985540,1.761230,0.224310,42.479632,22.453859,10.797635,0.804173,2.872212,0.556718,0.142935,,0.000000,,47.097253,48.101266,52.191947,-0.241567,-0.252713,0.011146,16.829667,22.762472,22.978544,-0.059402,-0.459063,0.454275,0.012983,0.576981,0.294118,49.000000,340.248963,43.272727,1.683360,0.895082
2025-11-26T03:45:00Z,1.001793,no_impulse,0,BERGEPAINT,1h,-1.000000,229.113924,4.633106,7.000000,0.661872,-2.739002,-2.850112,0.399087,2.063921,2.000000,72.699387,1.031960,3.000000,44.312202,27.088608,24.715810,0.000000,-0.190785,-0.017715,-0.173070,16.338162,19.590758,20.425730,-0.529453,0.048075,3.677905,0.342786,0.033500,2.760606,5.000000,112.802768,0.552121,4.000000,43.153408,23.284314,22.586236,0.000000,-0.133973,0.074697,-0.208669,17.310684,16.487449,24.345989,-0.760190,-0.055037,3.651580,0.267369,0.032431,2.508681,1.000000,77.897574,2.508681,3.000000,50.270219,45.552561,34.034441,0.000000,0.116145,0.324454,-0.208309,20.794843,23.669266,21.574514,-0.117187,0.947792,4.767550,0.462459,0.031180,3.120007,6.000000,128.373702,0.520001,8.000000,50.985148,48.517520,26.144806,0.000000,0.136573,0.376177,-0.239604,22.038299,19.401052,25.041406,-0.035384,1.079567,4.904955,0.488609,0.031051,2.490950,5.000000,121.428571,0.498190,1.000000,63.458371,89.273356,81.578514,0.000000,0.555995,0.599254,-0.043259,22.361792,23.895364,14.733714,1.148037,2.673411,6.482245,1.016562,0.022483,2.010135,4.000000,43.272727,0.502534,2.000000,55.447689,45.378151,23.640438,1.000000,0.514553,0.757051,-0.242498,28.025672,16.664252,20.881046,0.283863,1.901159,5.591428,0.588704,0.032092,4.871568,26.000000,117.270789,0.187368,1.000000,65.441202,89.152542,95.252632,0.000000,0.916442,0.961794,-0.045352,33.370053,21.811394,14.805564,1.028070,2.963088,6.582468,0.803058,0.034276,3.988434,0.000000,57.195122,0.000000,1.000000,67.362011,69.397590,85.349580,0.000000,1.683148,1.371310,0.311838,47.753009,36.423359,18.491934,2.113568,3.994601,5.754629,0.734836,0.091945,7.496115,9.000000,340.248963,0.832902,1.000000,2.155635,0.000000,51.495726,0.000000,1.000000,4.368932,12.000000,101.739130,0.364078,1.000000,4.117436,0.000000,76.033058,0.000000,7.000000,5.725371,8.000000,165.753425,0.715671,7.000000,3.338822,7.000000,111.963190,0.476975,4.000000,3.073732,6.000000,66.530612,0.512289,3.000000,4.416006,0.000000,112.385321,0.000000,7.000000,4.090056,12.000000,167.692308,0.340838,7.000000,2.380952,10.000000,169.934641,0.238095,4.000000,1.421009,26.000000,79.274611,0.054654,3.000000,1.760949,2.000000,81.092437,0.880474,2.000000,4.000000,5.000000,15.000000,-1.000000,,,,59.447828,71.450151,70.015106,1.870288,1.767132,0.103156,40.944317,20.346623,13.288268,1.740989,3.813294,0.624422,0.142406,,0.000000,,28.536558,3.715170,12.220998,-0.542222,-0.379624,-0.162597,24.300989,11.354635,33.680975,-1.688771,-2.412409,-0.113867,0.027054,1.384420,1.206897,56.000000,340.248963,43.272727,1.720295,0.962225
2025-11-27T03:45:00Z,1.038541,no_impulse,0,BERGEPAINT,1h,1.000000,75.506446,3.668247,7.000000,0.524035,-0.086419,-0.357340,2.438082,4.633106,7.000000,229.113924,0.661872,4.000000,27.420660,8.726003,8.468940,0.000000,-0.726225,-0.396593,-0.329633,20.351993,11.329382,32.009809,-2.739002,-2.850112,0.399087,-0.102234,0.044268,2.063921,2.000000,72.699387,1.031960,3.000000,44.312202,27.088608,24.715810,0.000000,-0.190785,-0.017715,-0.173070,16.338162,19.590758,20.425730,-0.529453,0.048075,3.677905,0.342786,0.033500,2.760606,5.000000,112.802768,0.552121,4.000000,43.153408,23.284314,22.586236,0.000000,-0.133973,0.074697,-0.208669,17.310684,16.487449,24.345989,-0.760190,-0.055037,3.651580,0.267369,0.032431,2.508681,1.000000,77.897574,2.508681,3.000000,50.270219,45.552561,34.034441,0.000000,0.116145,0.324454,-0.208309,20.794843,23.669266,21.574514,-0.117187,0.947792,4.767550,0.462459,0.031180,3.120007,6.000000,128.373702,0.520001,8.000000,50.985148,48.517520,26.144806,0.000000,0.136573,0.376177,-0.239604,22.038299,19.401052,25.041406,-0.035384,1.079567,4.904955,0.488609,0.031051,2.490950,5.000000,121.428571,0.498190,1.000000,63.458371,89.273356,81.578514,0.000000,0.555995,0.599254,-0.043259,22.361792,23.895364,14.733714,1.148037,2.673411,6.482245,1.016562,0.022483,2.010135,4.000000,43.272727,0.502534,2.000000,55.447689,45.378151,23.640438,1.000000,0.514553,0.757051,-0.242498,28.025672,16.664252,20.881046,0.283863,1.901159,5.591428,0.588704,0.032092,4.871568,26.000000,117.270789,0.187368,1.000000,65.441202,89.152542,95.252632,0.000000,0.916442,0.961794,-0.045352,33.370053,21.811394,14.805564,1.028070,2.963088,6.582468,0.803058,0.034276,3.988434,0.000000,57.195122,0.000000,1.000000,7.496115,9.000000,340.248963,0.832902,1.000000,2.155635,0.000000,51.495726,0.000000,1.000000,4.368932,12.000000,101.739130,0.364078,1.000000,4.117436,0.000000,76.033058,0.000000,7.000000,5.725371,8.000000,165.753425,0.715671,7.000000,3.338822,7.000000,111.963190,0.476975,4.000000,3.073732,6.000000,66.530612,0.512289,3.000000,4.416006,0.000000,112.385321,0.000000,7.000000,4.090056,12.000000,167.692308,0.340838,7.000000,2.380952,10.000000,169.934641,0.238095,4.000000,1.421009,26.000000,79.274611,0.054654,3.000000,3.000000,6.000000,22.000000,-1.000000,,,,55.956417,63.899467,65.660346,1.724102,1.770413,-0.046311,39.635740,19.325249,12.194209,0.827655,2.886683,0.559461,0.140355,,0.000000,,61.738018,78.048780,82.170106,0.270328,0.089131,0.181197,29.592343,33.216236,12.208871,0.791825,0.655759,0.794176,0.027132,1.020559,1.076923,63.000000,340.248963,43.272727,1.708073,1.164785
2025-12-02T06:45:00Z,0.986107,no_impulse,0,BERGEPAINT,1h,-1.000000,142.682927,5.048762,24.000000,0.210365,-1.604773,-2.864310,-1.758434,3.668247,7.000000,75.506446,0.524035,3.000000,47.794608,71.904762,65.957204,0.000000,-0.433665,-0.541292,0.107627,19.948576,19.412669,19.834227,-0.086419,-0.357340,2.438082,0.476981,0.037510,4.633106,7.000000,229.113924,0.661872,4.000000,27.420660,8.726003,8.468940,0.000000,-0.726225,-0.396593,-0.329633,20.351993,11.329382,32.009809,-2.739002,-2.850112,0.399087,-0.102234,0.044268,2.063921,2.000000,72.699387,1.031960,3.000000,44.312202,27.088608,24.715810,0.000000,-0.190785,-0.017715,-0.173070,16.338162,19.590758,20.425730,-0.529453,0.048075,3.677905,0.342786,0.033500,2.760606,5.000000,112.802768,0.552121,4.000000,43.153408,23.284314,22.586236,0.000000,-0.133973,0.074697,-0.208669,17.310684,16.487449,24.345989,-0.760190,-0.055037,3.651580,0.267369,0.032431,2.508681,1.000000,77.897574,2.508681,3.000000,50.270219,45.552561,34.034441,0.000000,0.116145,0.324454,-0.208309,20.794843,23.669266,21.574514,-0.117187,0.947792,4.767550,0.462459,0.031180,3.120007,6.000000,128.373702,0.520001,8.000000,50.985148,48.517520,26.144806,0.000000,0.136573,0.376177,-0.239604,22.038299,19.401052,25.041406,-0.035384,1.079567,4.904955,0.488609,0.031051,2.490950,5.000000,121.428571,0.498190,1.000000,63.458371,89.273356,81.578514,0.000000,0.555995,0.599254,-0.043259,22.361792,23.895364,14.733714,1.148037,2.673411,6.482245,1.016562,0.022483,2.010135,4.000000,43.272727,0.502534,2.000000,55.447689,45.378151,23.640438,1.000000,0.514553,0.757051,-0.242498,28.025672,16.664252,20.881046,0.283863,1.901159,5.591428,0.588704,0.032092,4.871568,26.000000,117.270789,0.187368,1.000000,3.988434,0.000000,57.195122,0.000000,1.000000,7.496115,9.000000,340.248963,0.832902,1.000000,2.155635,0.000000,51.495726,0.000000,1.000000,4.368932,12.000000,101.739130,0.364078,1.000000,4.117436,0.000000,76.033058,0.000000,7.000000,5.725371,8.000000,165.753425,0.715671,7.000000,3.338822,7.000000,111.963190,0.476975,4.000000,3.073732,6.000000,66.530612,0.512289,3.000000,4.416006,0.000000,112.385321,0.000000,7.000000,4.090056,12.000000,167.692308,0.340838,7.000000,2.380952,10.000000,169.934641,0.238095,4.000000,4.000000,7.000000,46.000000,-1.000000,,,,47.972632,19.533851,20.048177,0.770949,1.360275,-0.589326,31.129858,15.267939,15.477164,-0.999681,0.569577,0.417557,0.120058,,0.000000,,32.145702,10.526316,6.142217,-0.418187,-0.414006,-0.004181,33.332782,18.530746,25.100139,-0.431101,-1.194894,0.286308,0.020087,1.572056,3.809524,87.000000,229.113924,43.272727,1.031400,1.235536
2025-12-02T08:45:00Z,1.007350,no_impulse,0,BERGEPAINT,1h,1.000000,40.512821,2.154154,2.000000,1.077077,-0.074922,-1.284197,-0.321780,5.048762,24.000000,142.682927,0.210365,4.000000,26.211836,3.217158,2.549338,0.000000,-0.963835,-0.836046,-0.127789,33.048932,11.268527,24.777178,-1.604773,-2.864310,-1.758434,0.133200,0.043060,3.668247,7.000000,75.506446,0.524035,3.000000,47.794608,71.904762,65.957204,0.000000,-0.433665,-0.541292,0.107627,19.948576,19.412669,19.834227,-0.086419,-0.357340,2.438082,0.476981,0.037510,4.633106,7.000000,229.113924,0.661872,4.000000,27.420660,8.726003,8.468940,0.000000,-0.726225,-0.396593,-0.329633,20.351993,11.329382,32.009809,-2.739002,-2.850112,0.399087,-0.102234,0.044268,2.063921,2.000000,72.699387,1.031960,3.000000,44.312202,27.088608,24.715810,0.000000,-0.190785,-0.017715,-0.173070,16.338162,19.590758,20.425730,-0.529453,0.048075,3.677905,0.342786,0.033500,2.760606,5.000000,112.802768,0.552121,4.000000,43.153408,23.284314,22.586236,0.000000,-0.133973,0.074697,-0.208669,17.310684,16.487449,24.345989,-0.760190,-0.055037,3.651580,0.267369,0.032431,2.508681,1.000000,77.897574,2.508681,3.000000,50.270219,45.552561,34.034441,0.000000,0.116145,0.324454,-0.208309,20.794843,23.669266,21.574514,-0.117187,0.947792,4.767550,0.462459,0.031180,3.120007,6.000000,128.373702,0.520001,8.000000,50.985148,48.517520,26.144806,0.000000,0.136573,0.376177,-0.239604,22.038299,19.401052,25.041406,-0.035384,1.079567,4.904955,0.488609,0.031051,2.490950,5.000000,121.428571,0.498190,1.000000,63.458371,89.273356,81.578514,0.000000,0.555995,0.599254,-0.043259,22.361792,23.895364,14.733714,1.148037,2.673411,6.482245,1.016562,0.022483,2.010135,4.000000,43.272727,0.502534,2.000000,4.871568,26.000000,117.270789,0.187368,1.000000,3.988434,0.000000,57.195122,0.000000,1.000000,7.496115,9.000000,340.248963,0.832902,1.000000,2.155635,0.000000,51.495726,0.000000,1.000000,4.368932,12.000000,101.739130,0.364078,1.000000,4.117436,0.000000,76.033058,0.000000,7.000000,5.725371,8.000000,165.753425,0.715671,7.000000,3.338822,7.000000,111.963190,0.476975,4.000000,3.073732,6.000000,66.530612,0.512289,3.000000,4.416006,0.000000,112.385321,0.000000,7.000000,4.090056,12.000000,167.692308,0.340838,7.000000,3.000000,8.000000,48.000000,-1.000000,,,,47.972632,19.533851,20.048177,0.770949,1.360275,-0.589326,31.129858,15.267939,15.477164,-0.999681,0.569577,0.417557,0.120058,,0.000000,,53.553231,90.322581,76.329749,-0.219099,-0.328632,0.109534,25.753333,25.408166,17.405235,0.258665,-0.376846,0.799760,0.008651,0.649311,0.229885,89.000000,229.113924,43.272727,1.165876,1.820501
2025-12-03T05:45:00Z,0.985032,no_impulse,0,BERGEPAINT,1h,-1.000000,105.063291,2.215500,4.000000,0.553875,-0.688790,-1.911861,-1.217119,2.154154,2.000000,40.512821,1.077077,3.000000,45.294975,48.554913,23.334211,0.000000,-0.812995,-0.837278,0.024283,31.232629,21.625866,20.159440,-0.074922,-1.284197,-0.321780,0.480042,0.037512,5.048762,24.000000,142.682927,0.210365,4.000000,26.211836,3.217158,2.549338,0.000000,-0.963835,-0.836046,-0.127789,33.048932,11.268527,24.777178,-1.604773,-2.864310,-1.758434,0.133200,0.043060,3.668247,7.000000,75.506446,0.524035,3.000000,47.794608,71.904762,65.957204,0.000000,-0.433665,-0.541292,0.107627,19.948576,19.412669,19.834227,-0.086419,-0.357340,2.438082,0.476981,0.037510,4.633106,7.000000,229.113924,0.661872,4.000000,27.420660,8.726003,8.468940,0.000000,-0.726225,-0.396593,-0.329633,20.351993,11.329382,32.009809,-2.739002,-2.850112,0.399087,-0.102234,0.044268,2.063921,2.000000,72.699387,1.031960,3.000000,44.312202,27.088608,24.715810,0.000000,-0.190785,-0.017715,-0.173070,16.338162,19.590758,20.425730,-0.529453,0.048075,3.677905,0.342786,0.033500,2.760606,5.000000,112.802768,0.552121,4.000000,43.153408,23.284314,22.586236,0.000000,-0.133973,0.074697,-0.208669,17.310684,16.487449,24.345989,-0.760190,-0.055037,3.651580,0.267369,0.032431,2.508681,1.000000,77.897574,2.508681,3.000000,50.270219,45.552561,34.034441,0.000000,0.116145,0.324454,-0.208309,20.794843,23.669266,21.574514,-0.117187,0.947792,4.767550,0.462459,0.031180,3.120007,6.000000,128.373702,0.520001,8.000000,50.985148,48.517520,26.144806,0.000000,0.136573,0.376177,-0.239604,22.038299,19.401052,25.041406,-0.035384,1.079567,4.904955,0.488609,0.031051,2.490950,5.000000,121.428571,0.498190,1.000000,2.010135,4.000000,43.272727,0.502534,2.000000,4.871568,26.000000,117.270789,0.187368,1.000000,3.988434,0.000000,57.195122,0.000000,1.000000,7.496115,9.000000,340.248963,0.832902,1.000000,2.155635,0.000000,51.495726,0.000000,1.000000,4.368932,12.000000,101.739130,0.364078,1.000000,4.117436,0.000000,76.033058,0.000000,7.000000,5.725371,8.000000,165.753425,0.715671,7.000000,3.338822,7.000000,111.963190,0.476975,4.000000,3.073732,6.000000,66.530612,0.512289,3.000000,4.416006,0.000000,112.385321,0.000000,7.000000,4.000000,9.000000,52.000000,-1.000000,,,,47.972632,19.533851,20.048177,0.770949,1.360275,-0.589326,31.129858,15.267939,15.477164,-0.999681,0.569577,0.417557,0.120058,,0.000000,,39.791938,3.813559,9.568754,-0.130391,-0.089035,-0.041356,18.934413,24.203885,26.499812,-0.453311,-0.848838,0.260915,0.018875,0.727381,0.634921,93.000000,229.113924,40.512821,1.076711,1.149459
2025-12-04T07:45:00Z,1.006543,no_impulse,0,BERGEPAINT,1h,1.000000,96.385542,2.183803,9.000000,0.242645,-0.020266,-0.865650,-0.498633,2.215500,4.000000,105.063291,0.553875,4.000000,39.537077,30.522088,18.063922,0.000000,-0.726552,-0.783435,0.056883,27.599074,15.667078,25.126972,-0.688790,-1.911861,-1.217119,0.288763,0.032384,2.154154,2.000000,40.512821,1.077077,3.000000,45.294975,48.554913,23.334211,0.000000,-0.812995,-0.837278,0.024283,31.232629,21.625866,20.159440,-0.074922,-1.284197,-0.321780,0.480042,0.037512,5.048762,24.000000,142.682927,0.210365,4.000000,26.211836,3.217158,2.549338,0.000000,-0.963835,-0.836046,-0.127789,33.048932,11.268527,24.777178,-1.604773,-2.864310,-1.758434,0.133200,0.043060,3.668247,7.000000,75.506446,0.524035,3.000000,47.794608,71.904762,65.957204,0.000000,-0.433665,-0.541292,0.107627,19.948576,19.412669,19.834227,-0.086419,-0.357340,2.438082,0.476981,0.037510,4.633106,7.000000,229.113924,0.661872,4.000000,27.420660,8.726003,8.468940,0.000000,-0.726225,-0.396593,-0.329633,20.351993,11.329382,32.009809,-2.739002,-2.850112,0.399087,-0.102234,0.044268,2.063921,2.000000,72.699387,1.031960,3.000000,44.312202,27.088608,24.715810,0.000000,-0.190785,-0.017715,-0.173070,16.338162,19.590758,20.425730,-0.529453,0.048075,3.677905,0.342786,0.033500,2.760606,5.000000,112.802768,0.552121,4.000000,43.153408,23.284314,22.586236,0.000000,-0.133973,0.074697,-0.208669,17.310684,16.487449,24.345989,-0.760190,-0.055037,3.651580,0.267369,0.032431,2.508681,1.000000,77.897574,2.508681,3.000000,50.270219,45.552561,34.034441,0.000000,0.116145,0.324454,-0.208309,20.794843,23.669266,21.574514,-0.117187,0.947792,4.767550,0.462459,0.031180,3.120007,6.000000,128.373702,0.520001,8.000000,2.490950,5.000000,121.428571,0.498190,1.000000,2.010135,4.000000,43.272727,0.502534,2.000000,4.871568,26.000000,117.270789,0.187368,1.000000,3.988434,0.000000,57.195122,0.000000,1.000000,7.496115,9.000000,340.248963,0.832902,1.000000,2.155635,0.000000,51.495726,0.000000,1.000000,4.368932,12.000000,101.739130,0.364078,1.000000,4.117436,0.000000,76.033058,0.000000,7.000000,5.725371,8.000000,165.753425,0.715671,7.000000,3.338822,7.000000,111.963190,0.476975,4.000000,3.073732,6.000000,66.530612,0.512289,3.000000,3.000000,10.000000,61.000000,-1.000000,,,,45.462233,11.098779,15.131336,0.394080,1.047993,-0.653913,27.101114,14.622743,14.081901,-1.410565,-0.114435,0.364600,0.102729,,0.000000,,57.488203,69.064748,57.314149,0.119780,0.117173,0.002608,14.186960,26.764395,19.401488,0.339725,0.465437,0.822180,0.010581,0.712173,1.428571,102.000000,229.113924,40.512821,1.056531,0.908651
2025-12-09T03:45:00Z,0.950076,no_impulse,0,BERGEPAINT,1h,-1.000000,262.500000,5.609973,17.000000,0.329998,-2.847714,-4.322331,-5.043362,2.183803,9.000000,96.385542,0.242645,3.000000,47.960610,60.240964,55.689424,0.000000,-0.242978,-0.400266,0.157288,19.934607,19.630998,21.563395,-0.020266,-0.865650,-0.498633,0.490216,0.020709,2.215500,4.000000,105.063291,0.553875,4.000000,39.537077,30.522088,18.063922,0.000000,-0.726552,-0.783435,0.056883,27.599074,15.667078,25.126972,-0.688790,-1.911861,-1.217119,0.288763,0.032384,2.154154,2.000000,40.512821,1.077077,3.000000,45.294975,48.554913,23.334211,0.000000,-0.812995,-0.837278,0.024283,31.232629,21.625866,20.159440,-0.074922,-1.284197,-0.321780,0.480042,0.037512,5.048762,24.000000,142.682927,0.210365,4.000000,26.211836,3.217158,2.549338,0.000000,-0.963835,-0.836046,-0.127789,33.048932,11.268527,24.777178,-1.604773,-2.864310,-1.758434,0.133200,0.043060,3.668247,7.000000,75.506446,0.524035,3.000000,47.794608,71.904762,65.957204,0.000000,-0.433665,-0.541292,0.107627,19.948576,19.412669,19.834227,-0.086419,-0.357340,2.438082,0.476981,0.037510,4.633106,7.000000,229.113924,0.661872,4.000000,27.420660,8.726003,8.468940,0.000000,-0.726225,-0.396593,-0.329633,20.351993,11.329382,32.009809,-2.739002,-2.850112,0.399087,-0.102234,0.044268,2.063921,2.000000,72.699387,1.031960,3.000000,44.312202,27.088608,24.715810,0.000000,-0.190785,-0.017715,-0.173070,16.338162,19.590758,20.425730,-0.529453,0.048075,3.677905,0.342786,0.033500,2.760606,5.000000,112.802768,0.552121,4.000000,43.153408,23.284314,22.586236,0.000000,-0.133973,0.074697,-0.208669,17.310684,16.487449,24.345989,-0.760190,-0.055037,3.651580,0.267369,0.032431,2.508681,1.000000,77.897574,2.508681,3.000000,3.120007,6.000000,128.373702,0.520001,8.000000,2.490950,5.000000,121.428571,0.498190,1.000000,2.010135,4.000000,43.272727,0.502534,2.000000,4.871568,26.000000,117.270789,0.187368,1.000000,3.988434,0.000000,57.195122,0.000000,1.000000,7.496115,9.000000,340.248963,0.832902,1.000000,2.155635,0.000000,51.495726,0.000000,1.000000,4.368932,12.000000,101.739130,0.364078,1.000000,4.117436,0.000000,76.033058,0.000000,7.000000,5.725371,8.000000,165.753425,0.715671,7.000000,3.338822,7.000000,111.963190,0.476975,4.000000,4.000000,11.000000,78.000000,-1.000000,,,,37.437089,16.641221,11.252317,-0.262322,0.640134,-0.902456,27.054832,12.144695,22.745970,-3.378092,-2.590040,0.187905,0.104702,,0.000000,,25.761639,8.500000,17.652996,-0.532781,-0.569950,0.037169,33.028620,16.990409,24.277939,-0.883479,-1.824633,-0.131942,0.013858,1.848013,2.537313,119.000000,229.113924,40.512821,1.079337,0.490891
2025-12-10T03:45:00Z,0.990410,no_impulse,0,BERGEPAINT,1h,1.000000,71.428571,4.245283,7.000000,0.606469,1.608236,0.317617,-0.764168,5.609973,17.000000,262.500000,0.329998,4.000000,19.314444,3.552398,7.260283,1.000000,-1.082140,-0.771661,-0.310478,28.430531,11.292040,36.066093,-2.847714,-4.322331,-5.043362,0.040632,0.060275,2.183803,9.000000,96.385542,0.242645,3.000000,47.960610,60.240964,55.689424,0.000000,-0.242978,-0.400266,0.157288,19.934607,19.630998,21.563395,-0.020266,-0.865650,-0.498633,0.490216,0.020709,2.215500,4.000000,105.063291,0.553875,4.000000,39.537077,30.522088,18.063922,0.000000,-0.726552,-0.783435,0.056883,27.599074,15.667078,25.126972,-0.688790,-1.911861,-1.217119,0.288763,0.032384,2.154154,2.000000,40.512821,1.077077,3.000000,45.294975,48.554913,23.334211,0.000000,-0.812995,-0.837278,0.024283,31.232629,21.625866,20.159440,-0.074922,-1.284197,-0.321780,0.480042,0.037512,5.048762,24.000000,142.682927,0.210365,4.000000,26.211836,3.217158,2.549338,0.000000,-0.963835,-0.836046,-0.127789,33.048932,11.268527,24.777178,-1.604773,-2.864310,-1.758434,0.133200,0.043060,3.668247,7.000000,75.506446,0.524035,3.000000,47.794608,71.904762,65.957204,0.000000,-0.433665,-0.541292,0.107627,19.948576,19.412669,19.834227,-0.086419,-0.357340,2.438082,0.476981,0.037510,4.633106,7.000000,229.113924,0.661872,4.000000,27.420660,8.726003,8.468940,0.000000,-0.726225,-0.396593,-0.329633,20.351993,11.329382,32.009809,-2.739002,-2.850112,0.399087,-0.102234,0.044268,2.063921,2.000000,72.699387,1.031960,3.000000,44.312202,27.088608,24.715810,0.000000,-0.190785,-0.017715,-0.173070,16.338162,19.590758,20.425730,-0.529453,0.048075,3.677905,0.342786,0.033500,2.760606,5.000000,112.802768,0.552121,4.000000,2.508681,1.000000,77.897574,2.508681,3.000000,3.120007,6.000000,128.373702,0.520001,8.000000,2.490950,5.000000,121.428571,0.498190,1.000000,2.010135,4.000000,43.272727,0.502534,2.000000,4.871568,26.000000,117.270789,0.187368,1.000000,3.988434,0.000000,57.195122,0.000000,1.000000,7.496115,9.000000,340.248963,0.832902,1.000000,2.155635,0.000000,51.495726,0.000000,1.000000,4.368932,12.000000,101.739130,0.364078,1.000000,4.117436,0.000000,76.033058,0.000000,7.000000,5.725371,8.000000,165.753425,0.715671,7.000000,3.000000,12.000000,85.000000,-1.000000,,,,44.682484,30.610687,17.756286,-0.342523,0.435069,-0.777592,26.025962,16.246122,20.951915,-1.497776,-0.845988,0.363867,0.108399,,0.000000,,57.053923,51.875000,62.704382,0.093186,0.010954,0.082233,27.115313,28.703335,15.389844,0.244983,-0.093114,0.600404,0.024460,1.292451,0.897436,126.000000,262.500000,40.512821,1.353374,0.920718
2025-12-10T03:45:00Z,0.965134,no_impulse,0,BERGEPAINT,1h,-1.000000,62.666667,2.552036,0.000000,0.000000,1.608236,0.317617,-0.764168,4.245283,7.000000,71.428571,0.606469,3.000000,60.062939,99.360341,61.803807,1.000000,-0.576563,-0.830580,0.254017,24.914939,33.119667,21.597318,1.608236,0.317617,-0.764168,0.786890,0.056974,5.609973,17.000000,262.500000,0.329998,4.000000,19.314444,3.552398,7.260283,1.000000,-1.082140,-0.771661,-0.310478,28.430531,11.292040,36.066093,-2.847714,-4.322331,-5.043362,0.040632,0.060275,2.183803,9.000000,96.385542,0.242645,3.000000,47.960610,60.240964,55.689424,0.000000,-0.242978,-0.400266,0.157288,19.934607,19.630998,21.563395,-0.020266,-0.865650,-0.498633,0.490216,0.020709,2.215500,4.000000,105.063291,0.553875,4.000000,39.537077,30.522088,18.063922,0.000000,-0.726552,-0.783435,0.056883,27.599074,15.667078,25.126972,-0.688790,-1.911861,-1.217119,0.288763,0.032384,2.154154,2.000000,40.512821,1.077077,3.000000,45.294975,48.554913,23.334211,0.000000,-0.812995,-0.837278,0.024283,31.232629,21.625866,20.159440,-0.074922,-1.284197,-0.321780,0.480042,0.037512,5.048762,24.000000,142.682927,0.210365,4.000000,26.211836,3.217158,2.549338,0.000000,-0.963835,-0.836046,-0.127789,33.048932,11.268527,24.777178,-1.604773,-2.864310,-1.758434,0.133200,0.043060,3.668247,7.000000,75.506446,0.524035,3.000000,47.794608,71.904762,65.957204,0.000000,-0.433665,-0.541292,0.107627,19.948576,19.412669,19.834227,-0.086419,-0.357340,2.438082,0.476981,0.037510,4.633106,7.000000,229.113924,0.661872,4.000000,27.420660,8.726003,8.468940,0.000000,-0.726225,-0.396593,-0.329633,20.351993,11.329382,32.009809,-2.739002,-2.850112,0.399087,-0.102234,0.044268,2.063921,2.000000,72.699387,1.031960,3.000000,2.760606,5.000000,112.802768,0.552121,4.000000,2.508681,1.000000,77.897574,2.508681,3.000000,3.120007,6.000000,128.373702,0.520001,8.000000,2.490950,5.000000,121.428571,0.498190,1.000000,2.010135,4.000000,43.272727,0.502534,2.000000,4.871568,26.000000,117.270789,0.187368,1.000000,3.988434,0.000000,57.195122,0.000000,1.000000,7.496115,9.000000,340.248963,0.832902,1.000000,2.155635,0.000000,51.495726,0.000000,1.000000,4.368932,12.000000,101.739130,0.364078,1.000000,4.117436,0.000000,76.033058,0.000000,7.000000,3.000000,13.000000,85.000000,-1.000000,,,,44.682484,30.610687,17.756286,-0.342523,0.435069,-0.777592,26.025962,16.246122,20.951915,-1.497776,-0.845988,0.363867,0.108399,,0.000000,,57.053923,51.875000,62.704382,0.093186,0.010954,0.082233,27.115313,28.703335,15.389844,0.244983,-0.093114,0.600404,0.024460,0.737938,0.000000,126.000000,262.500000,40.512821,1.354155,1.278247
2025-12-10T09:45:00Z,0.985928,no_impulse,0,BERGEPAINT,1h,1.000000,82.269504,2.154532,6.000000,0.359089,0.704511,-0.119269,-1.221271,2.552036,0.000000,62.666667,0.000000,3.000000,60.062939,99.360341,61.803807,0.000000,-0.576563,-0.830580,0.254017,24.914939,33.119667,21.597318,1.608236,0.317617,-0.764168,0.786890,0.056974,4.245283,7.000000,71.428571,0.606469,3.000000,60.062939,99.360341,61.803807,1.000000,-0.576563,-0.830580,0.254017,24.914939,33.119667,21.597318,1.608236,0.317617,-0.764168,0.786890,0.056974,5.609973,17.000000,262.500000,0.329998,4.000000,19.314444,3.552398,7.260283,1.000000,-1.082140,-0.771661,-0.310478,28.430531,11.292040,36.066093,-2.847714,-4.322331,-5.043362,0.040632,0.060275,2.183803,9.000000,96.385542,0.242645,3.000000,47.960610,60.240964,55.689424,0.000000,-0.242978,-0.400266,0.157288,19.934607,19.630998,21.563395,-0.020266,-0.865650,-0.498633,0.490216,0.020709,2.215500,4.000000,105.063291,0.553875,4.000000,39.537077,30.522088,18.063922,0.000000,-0.726552,-0.783435,0.056883,27.599074,15.667078,25.126972,-0.688790,-1.911861,-1.217119,0.288763,0.032384,2.154154,2.000000,40.512821,1.077077,3.000000,45.294975,48.554913,23.334211,0.000000,-0.812995,-0.837278,0.024283,31.232629,21.625866,20.159440,-0.074922,-1.284197,-0.321780,0.480042,0.037512,5.048762,24.000000,142.682927,0.210365,4.000000,26.211836,3.217158,2.549338,0.000000,-0.963835,-0.836046,-0.127789,33.048932,11.268527,24.777178,-1.604773,-2.864310,-1.758434,0.133200,0.043060,3.668247,7.000000,75.506446,0.524035,3.000000,47.794608,71.904762,65.957204,0.000000,-0.433665,-0.541292,0.107627,19.948576,19.412669,19.834227,-0.086419,-0.357340,2.438082,0.476981,0.037510,4.633106,7.000000,229.113924,0.661872,4.000000,2.063921,2.000000,72.699387,1.031960,3.000000,2.760606,5.000000,112.802768,0.552121,4.000000,2.508681,1.000000,77.897574,2.508681,3.000000,3.120007,6.000000,128.373702,0.520001,8.000000,2.490950,5.000000,121.428571,0.498190,1.000000,2.010135,4.000000,43.272727,0.502534,2.000000,4.871568,26.000000,117.270789,0.187368,1.000000,3.988434,0.000000,57.195122,0.000000,1.000000,7.496115,9.000000,340.248963,0.832902,1.000000,2.155635,0.000000,51.495726,0.000000,1.000000,4.368932,12.000000,101.739130,0.364078,1.000000,3.000000,14.000000,91.000000,-1.000000,,,,39.512234,17.019544,21.423817,-0.554033,0.243442,-0.797475,25.457429,14.981919,21.589004,-2.989201,-2.536919,0.249342,0.115793,,0.000000,,64.092682,87.619048,78.998779,0.255088,0.270952,-0.015864,29.358851,27.201606,17.189742,0.414622,0.773912,0.897605,0.010471,0.626777,0.759494,132.000000,262.500000,40.512821,1.367635,1.893244
2025-12-11T03:45:00Z,0.957247,no_impulse,0,BERGEPAINT,1h,-1.000000,137.931034,2.909091,1.000000,2.909091,-1.257883,-2.143942,-3.323301,2.154532,6.000000,82.269504,0.359089,3.000000,55.298420,82.688391,80.108622,0.000000,-0.057435,-0.368122,0.310687,23.646723,28.358009,17.685160,0.704511,-0.119269,-1.221271,0.666873,0.042518,2.552036,0.000000,62.666667,0.000000,3.000000,60.062939,99.360341,61.803807,0.000000,-0.576563,-0.830580,0.254017,24.914939,33.119667,21.597318,1.608236,0.317617,-0.764168,0.786890,0.056974,4.245283,7.000000,71.428571,0.606469,3.000000,60.062939,99.360341,61.803807,1.000000,-0.576563,-0.830580,0.254017,24.914939,33.119667,21.597318,1.608236,0.317617,-0.764168,0.786890,0.056974,5.609973,17.000000,262.500000,0.329998,4.000000,19.314444,3.552398,7.260283,1.000000,-1.082140,-0.771661,-0.310478,28.430531,11.292040,36.066093,-2.847714,-4.322331,-5.043362,0.040632,0.060275,2.183803,9.000000,96.385542,0.242645,3.000000,47.960610,60.240964,55.689424,0.000000,-0.242978,-0.400266,0.157288,19.934607,19.630998,21.563395,-0.020266,-0.865650,-0.498633,0.490216,0.020709,2.215500,4.000000,105.063291,0.553875,4.000000,39.537077,30.522088,18.063922,0.000000,-0.726552,-0.783435,0.056883,27.599074,15.667078,25.126972,-0.688790,-1.911861,-1.217119,0.288763,0.032384,2.154154,2.000000,40.512821,1.077077,3.000000,45.294975,48.554913,23.334211,0.000000,-0.812995,-0.837278,0.024283,31.232629,21.625866,20.159440,-0.074922,-1.284197,-0.321780,0.480042,0.037512,5.048762,24.000000,142.682927,0.210365,4.000000,26.211836,3.217158,2.549338,0.000000,-0.963835,-0.836046,-0.127789,33.048932,11.268527,24.777178,-1.604773,-2.864310,-1.758434,0.133200,0.043060,3.668247,7.000000,75.506446,0.524035,3.000000,4.633106,7.000000,229.113924,0.661872,4.000000,2.063921,2.000000,72.699387,1.031960,3.000000,2.760606,5.000000,112.802768,0.552121,4.000000,2.508681,1.000000,77.897574,2.508681,3.000000,3.120007,6.000000,128.373702,0.520001,8.000000,2.490950,5.000000,121.428571,0.498190,1.000000,2.010135,4.000000,43.272727,0.502534,2.000000,4.871568,26.000000,117.270789,0.187368,1.000000,3.988434,0.000000,57.195122,0.000000,1.000000,7.496115,9.000000,340.248963,0.832902,1.000000,2.155635,0.000000,51.495726,0.000000,1.000000,4.000000,15.000000,92.000000,-1.000000,,,,39.512234,17.019544,21.423817,-0.554033,0.243442,-0.797475,25.457429,14.981919,21.589004,-2.989201,-2.536919,0.249342,0.115793,,0.000000,,34.875165,13.181818,61.805417,0.130801,0.246491,-0.115691,29.216151,19.469660,34.137012,-1.108628,-0.826389,-0.293797,0.013813,0.844061,0.120482,133.000000,262.500000,40.512821,1.357788,0.894355
2025-12-16T04:45:00Z,0.974276,no_impulse,0,BERGEPAINT,1h,1.000000,59.375000,1.779026,22.000000,0.080865,0.035683,-0.553125,-2.173307,2.909091,1.000000,137.931034,2.909091,4.000000,40.018067,36.456212,67.006110,1.000000,-0.169265,-0.334563,0.165299,23.137385,22.515174,31.423722,-1.257883,-2.143942,-3.323301,0.210618,0.042928,2.154532,6.000000,82.269504,0.359089,3.000000,55.298420,82.688391,80.108622,0.000000,-0.057435,-0.368122,0.310687,23.646723,28.358009,17.685160,0.704511,-0.119269,-1.221271,0.666873,0.042518,2.552036,0.000000,62.666667,0.000000,3.000000,60.062939,99.360341,61.803807,0.000000,-0.576563,-0.830580,0.254017,24.914939,33.119667,21.597318,1.608236,0.317617,-0.764168,0.786890,0.056974,4.245283,7.000000,71.428571,0.606469,3.000000,60.062939,99.360341,61.803807,1.000000,-0.576563,-0.830580,0.254017,24.914939,33.119667,21.597318,1.608236,0.317617,-0.764168,0.786890,0.056974,5.609973,17.000000,262.500000,0.329998,4.000000,19.314444,3.552398,7.260283,1.000000,-1.082140,-0.771661,-0.310478,28.430531,11.292040,36.066093,-2.847714,-4.322331,-5.043362,0.040632,0.060275,2.183803,9.000000,96.385542,0.242645,3.000000,47.960610,60.240964,55.689424,0.000000,-0.242978,-0.400266,0.157288,19.934607,19.630998,21.563395,-0.020266,-0.865650,-0.498633,0.490216,0.020709,2.215500,4.000000,105.063291,0.553875,4.000000,39.537077,30.522088,18.063922,0.000000,-0.726552,-0.783435,0.056883,27.599074,15.667078,25.126972,-0.688790,-1.911861,-1.217119,0.288763,0.032384,2.154154,2.000000,40.512821,1.077077,3.000000,45.294975,48.554913,23.334211,0.000000,-0.812995,-0.837278,0.024283,31.232629,21.625866,20.159440,-0.074922,-1.284197,-0.321780,0.480042,0.037512,5.048762,24.000000,142.682927,0.210365,4.000000,3.668247,7.000000,75.506446,0.524035,3.000000,4.633106,7.000000,229.113924,0.661872,4.000000,2.063921,2.000000,72.699387,1.031960,3.000000,2.760606,5.000000,112.802768,0.552121,4.000000,2.508681,1.000000,77.897574,2.508681,3.000000,3.120007,6.000000,128.373702,0.520001,8.000000,2.490950,5.000000,121.428571,0.498190,1.000000,2.010135,4.000000,43.272727,0.502534,2.000000,4.871568,26.000000,117.270789,0.187368,1.000000,3.988434,0.000000,57.195122,0.000000,1.000000,7.496115,9.000000,340.248963,0.832902,1.000000,3.000000,16.000000,114.000000,-1.000000,,,,40.194353,21.868787,21.753093,-0.869948,-0.263512,-0.606436,24.144379,13.402495,20.234308,-2.154339,-2.165786,0.325396,0.120782,,0.000000,,56.218411,58.333333,59.523810,0.073128,0.048830,0.024298,22.120603,20.035376,10.947189,0.150334,0.208130,0.760696,0.005775,0.543357,2.857143,155.000000,262.500000,40.512821,1.298545,0.632579
2025-12-18T03:45:00Z,0.952048,no_impulse,0,BERGEPAINT,1h,-1.000000,130.526316,2.281509,13.000000,0.175501,-0.987668,-1.567858,-3.359959,1.779026,22.000000,59.375000,0.080865,3.000000,49.164035,67.283951,68.518519,0.000000,-0.103258,-0.171693,0.068435,12.453979,23.633653,16.451524,0.035683,-0.553125,-2.173307,0.529364,0.012156,2.909091,1.000000,137.931034,2.909091,4.000000,40.018067,36.456212,67.006110,1.000000,-0.169265,-0.334563,0.165299,23.137385,22.515174,31.423722,-1.257883,-2.143942,-3.323301,0.210618,0.042928,2.154532,6.000000,82.269504,0.359089,3.000000,55.298420,82.688391,80.108622,0.000000,-0.057435,-0.368122,0.310687,23.646723,28.358009,17.685160,0.704511,-0.119269,-1.221271,0.666873,0.042518,2.552036,0.000000,62.666667,0.000000,3.000000,60.062939,99.360341,61.803807,0.000000,-0.576563,-0.830580,0.254017,24.914939,33.119667,21.597318,1.608236,0.317617,-0.764168,0.786890,0.056974,4.245283,7.000000,71.428571,0.606469,3.000000,60.062939,99.360341,61.803807,1.000000,-0.576563,-0.830580,0.254017,24.914939,33.119667,21.597318,1.608236,0.317617,-0.764168,0.786890,0.056974,5.609973,17.000000,262.500000,0.329998,4.000000,19.314444,3.552398,7.260283,1.000000,-1.082140,-0.771661,-0.310478,28.430531,11.292040,36.066093,-2.847714,-4.322331,-5.043362,0.040632,0.060275,2.183803,9.000000,96.385542,0.242645,3.000000,47.960610,60.240964,55.689424,0.000000,-0.242978,-0.400266,0.157288,19.934607,19.630998,21.563395,-0.020266,-0.865650,-0.498633,0.490216,0.020709,2.215500,4.000000,105.063291,0.553875,4.000000,39.537077,30.522088,18.063922,0.000000,-0.726552,-0.783435,0.056883,27.599074,15.667078,25.126972,-0.688790,-1.911861,-1.217119,0.288763,0.032384,2.154154,2.000000,40.512821,1.077077,3.000000,5.048762,24.000000,142.682927,0.210365,4.000000,3.668247,7.000000,75.506446,0.524035,3.000000,4.633106,7.000000,229.113924,0.661872,4.000000,2.063921,2.000000,72.699387,1.031960,3.000000,2.760606,5.000000,112.802768,0.552121,4.000000,2.508681,1.000000,77.897574,2.508681,3.000000,3.120007,6.000000,128.373702,0.520001,8.000000,2.490950,5.000000,121.428571,0.498190,1.000000,2.010135,4.000000,43.272727,0.502534,2.000000,4.871568,26.000000,117.270789,0.187368,1.000000,3.988434,0.000000,57.195122,0.000000,1.000000,4.000000,17.000000,127.000000,-1.000000,,,,37.891947,19.035202,21.555853,-1.025387,-0.526010,-0.499377,24.349571,12.144856,21.447622,-2.381367,-2.667759,0.279166,0.105327,,0.000000,,39.744126,19.117647,68.175643,-0.015052,-0.029707,0.014654,15.709190,16.811266,31.299590,-0.523637,-0.633441,-0.000639,0.010405,0.739497,1.413043,,262.500000,40.512821,1.370284,0.551502
2025-12-22T05:45:00Z,1.020256,no_impulse,0,BERGEPAINT,1h,1.000000,306.854839,7.164376,16.000000,0.447773,0.795656,0.507511,-1.240131,2.281509,13.000000,130.526316,0.175501,4.000000,38.400645,14.919355,42.069892,0.000000,-0.235219,-0.205912,-0.029307,9.808505,18.364423,26.626868,-0.987668,-1.567858,-3.359959,-0.090381,0.016566,1.779026,22.000000,59.375000,0.080865,3.000000,49.164035,67.283951,68.518519,0.000000,-0.103258,-0.171693,0.068435,12.453979,23.633653,16.451524,0.035683,-0.553125,-2.173307,0.529364,0.012156,2.909091,1.000000,137.931034,2.909091,4.000000,40.018067,36.456212,67.006110,1.000000,-0.169265,-0.334563,0.165299,23.137385,22.515174,31.423722,-1.257883,-2.143942,-3.323301,0.210618,0.042928,2.154532,6.000000,82.269504,0.359089,3.000000,55.298420,82.688391,80.108622,0.000000,-0.057435,-0.368122,0.310687,23.646723,28.358009,17.685160,0.704511,-0.119269,-1.221271,0.666873,0.042518,2.552036,0.000000,62.666667,0.000000,3.000000,60.062939,99.360341,61.803807,0.000000,-0.576563,-0.830580,0.254017,24.914939,33.119667,21.597318,1.608236,0.317617,-0.764168,0.786890,0.056974,4.245283,7.000000,71.428571,0.606469,3.000000,60.062939,99.360341,61.803807,1.000000,-0.576563,-0.830580,0.254017,24.914939,33.119667,21.597318,1.608236,0.317617,-0.764168,0.786890,0.056974,5.609973,17.000000,262.500000,0.329998,4.000000,19.314444,3.552398,7.260283,1.000000,-1.082140,-0.771661,-0.310478,28.430531,11.292040,36.066093,-2.847714,-4.322331,-5.043362,0.040632,0.060275,2.183803,9.000000,96.385542,0.242645,3.000000,47.960610,60.240964,55.689424,0.000000,-0.242978,-0.400266,0.157288,19.934607,19.630998,21.563395,-0.020266,-0.865650,-0.498633,0.490216,0.020709,2.215500,4.000000,105.063291,0.553875,4.000000,2.154154,2.000000,40.512821,1.077077,3.000000,5.048762,24.000000,142.682927,0.210365,4.000000,3.668247,7.000000,75.506446,0.524035,3.000000,4.633106,7.000000,229.113924,0.661872,4.000000,2.063921,2.000000,72.699387,1.031960,3.000000,2.760606,5.000000,112.802768,0.552121,4.000000,2.508681,1.000000,77.897574,2.508681,3.000000,3.120007,6.000000,128.373702,0.520001,8.000000,2.490950,5.000000,121.428571,0.498190,1.000000,2.010135,4.000000,43.272727,0.502534,2.000000,4.871568,26.000000,117.270789,0.187368,1.000000,7.000000,18.000000,143.000000,-1.000000,,,,43.759978,32.668329,26.302393,-0.989374,-0.697522,-0.291851,24.185722,26.654418,16.817342,-0.986816,-1.419886,0.391413,0.089990,,0.000000,,70.800343,30.920060,30.619187,0.204635,0.147244,0.057391,16.947674,57.134570,8.565417,1.306073,1.552238,1.390288,0.014864,2.550970,1.975309,,262.500000,40.512821,1.198321,0.778568
2025-12-22T05:45:00Z,0.962893,no_impulse,0,BERGEPAINT,1h,-1.000000,84.099869,5.622419,0.000000,0.000000,0.795656,0.507511,-1.240131,7.164376,16.000000,306.854839,0.447773,7.000000,61.760742,26.057299,44.931721,0.000000,0.053246,-0.064119,0.117365,15.185799,48.885949,9.208671,0.795656,0.507511,-1.240131,0.914878,0.019332,2.281509,13.000000,130.526316,0.175501,4.000000,38.400645,14.919355,42.069892,0.000000,-0.235219,-0.205912,-0.029307,9.808505,18.364423,26.626868,-0.987668,-1.567858,-3.359959,-0.090381,0.016566,1.779026,22.000000,59.375000,0.080865,3.000000,49.164035,67.283951,68.518519,0.000000,-0.103258,-0.171693,0.068435,12.453979,23.633653,16.451524,0.035683,-0.553125,-2.173307,0.529364,0.012156,2.909091,1.000000,137.931034,2.909091,4.000000,40.018067,36.456212,67.006110,1.000000,-0.169265,-0.334563,0.165299,23.137385,22.515174,31.423722,-1.257883,-2.143942,-3.323301,0.210618,0.042928,2.154532,6.000000,82.269504,0.359089,3.000000,55.298420,82.688391,80.108622,0.000000,-0.057435,-0.368122,0.310687,23.646723,28.358009,17.685160,0.704511,-0.119269,-1.221271,0.666873,0.042518,2.552036,0.000000,62.666667,0.000000,3.000000,60.062939,99.360341,61.803807,0.000000,-0.576563,-0.830580,0.254017,24.914939,33.119667,21.597318,1.608236,0.317617,-0.764168,0.786890,0.056974,4.245283,7.000000,71.428571,0.606469,3.000000,60.062939,99.360341,61.803807,1.000000,-0.576563,-0.830580,0.254017,24.914939,33.119667,21.597318,1.608236,0.317617,-0.764168,0.786890,0.056974,5.609973,17.000000,262.500000,0.329998,4.000000,19.314444,3.552398,7.260283,1.000000,-1.082140,-0.771661,-0.310478,28.430531,11.292040,36.066093,-2.847714,-4.322331,-5.043362,0.040632,0.060275,2.183803,9.000000,96.385542,0.242645,3.000000,2.215500,4.000000,105.063291,0.553875,4.000000,2.154154,2.000000,40.512821,1.077077,3.000000,5.048762,24.000000,142.682927,0.210365,4.000000,3.668247,7.000000,75.506446,0.524035,3.000000,4.633106,7.000000,229.113924,0.661872,4.000000,2.063921,2.000000,72.699387,1.031960,3.000000,2.760606,5.000000,112.802768,0.552121,4.000000,2.508681,1.000000,77.897574,2.508681,3.000000,3.120007,6.000000,128.373702,0.520001,8.000000,2.490950,5.000000,121.428571,0.498190,1.000000,2.010135,4.000000,43.272727,0.502534,2.000000,7.000000,19.000000,0.000000,-1.000000,,,,43.759978,32.668329,26.302393,-0.989374,-0.697522,-0.291851,24.185722,26.654418,16.817342,-0.986816,-1.419886,0.391413,0.089990,,0.000000,,70.800343,30.920060,30.619187,0.204635,0.147244,0.057391,16.947674,57.134570,8.565417,1.306073,1.552238,1.390288,0.014864,1.698866,0.000000,0.000000,306.854839,59.375000,1.793789,1.473925
2025-12-23T03:45:00Z,0.989872,no_impulse,0,BERGEPAINT,1h,1.000000,47.031250,2.801824,5.000000,0.560365,1.397486,1.404099,-0.132507,5.622419,0.000000,84.099869,0.000000,7.000000,61.760742,26.057299,44.931721,0.000000,0.053246,-0.064119,0.117365,15.185799,48.885949,9.208671,0.795656,0.507511,-1.240131,0.914878,0.019332,7.164376,16.000000,306.854839,0.447773,7.000000,61.760742,26.057299,44.931721,0.000000,0.053246,-0.064119,0.117365,15.185799,48.885949,9.208671,0.795656,0.507511,-1.240131,0.914878,0.019332,2.281509,13.000000,130.526316,0.175501,4.000000,38.400645,14.919355,42.069892,0.000000,-0.235219,-0.205912,-0.029307,9.808505,18.364423,26.626868,-0.987668,-1.567858,-3.359959,-0.090381,0.016566,1.779026,22.000000,59.375000,0.080865,3.000000,49.164035,67.283951,68.518519,0.000000,-0.103258,-0.171693,0.068435,12.453979,23.633653,16.451524,0.035683,-0.553125,-2.173307,0.529364,0.012156,2.909091,1.000000,137.931034,2.909091,4.000000,40.018067,36.456212,67.006110,1.000000,-0.169265,-0.334563,0.165299,23.137385,22.515174,31.423722,-1.257883,-2.143942,-3.323301,0.210618,0.042928,2.154532,6.000000,82.269504,0.359089,3.000000,55.298420,82.688391,80.108622,0.000000,-0.057435,-0.368122,0.310687,23.646723,28.358009,17.685160,0.704511,-0.119269,-1.221271,0.666873,0.042518,2.552036,0.000000,62.666667,0.000000,3.000000,60.062939,99.360341,61.803807,0.000000,-0.576563,-0.830580,0.254017,24.914939,33.119667,21.597318,1.608236,0.317617,-0.764168,0.786890,0.056974,4.245283,7.000000,71.428571,0.606469,3.000000,60.062939,99.360341,61.803807,1.000000,-0.576563,-0.830580,0.254017,24.914939,33.119667,21.597318,1.608236,0.317617,-0.764168,0.786890,0.056974,5.609973,17.000000,262.500000,0.329998,4.000000,2.183803,9.000000,96.385542,0.242645,3.000000,2.215500,4.000000,105.063291,0.553875,4.000000,2.154154,2.000000,40.512821,1.077077,3.000000,5.048762,24.000000,142.682927,0.210365,4.000000,3.668247,7.000000,75.506446,0.524035,3.000000,4.633106,7.000000,229.113924,0.661872,4.000000,2.063921,2.000000,72.699387,1.031960,3.000000,2.760606,5.000000,112.802768,0.552121,4.000000,2.508681,1.000000,77.897574,2.508681,3.000000,3.120007,6.000000,128.373702,0.520001,8.000000,2.490950,5.000000,121.428571,0.498190,1.000000,3.000000,20.000000,5.000000,-1.000000,,,,45.610464,37.406484,32.426153,-0.906309,-0.737331,-0.168978,24.074503,24.926147,15.726907,-0.573743,-1.023903,0.432757,0.084838,,0.000000,,63.614545,45.175439,30.511864,0.188878,0.209289,-0.020410,47.697955,45.070631,9.319607,0.638633,1.004798,0.917357,0.015400,0.767580,0.549451,,306.854839,59.375000,1.884176,2.202116
2025-12-23T07:45:00Z,0.968898,no_impulse,0,BERGEPAINT,1h,-1.000000,77.740864,2.118798,4.000000,0.529699,0.322000,0.469746,-0.932430,2.801824,5.000000,47.031250,0.560365,3.000000,69.013564,39.000000,29.505302,1.000000,0.309090,0.131411,0.177679,30.837366,49.058965,8.666056,1.397486,1.404099,-0.132507,1.007409,0.027932,5.622419,0.000000,84.099869,0.000000,7.000000,61.760742,26.057299,44.931721,0.000000,0.053246,-0.064119,0.117365,15.185799,48.885949,9.208671,0.795656,0.507511,-1.240131,0.914878,0.019332,7.164376,16.000000,306.854839,0.447773,7.000000,61.760742,26.057299,44.931721,0.000000,0.053246,-0.064119,0.117365,15.185799,48.885949,9.208671,0.795656,0.507511,-1.240131,0.914878,0.019332,2.281509,13.000000,130.526316,0.175501,4.000000,38.400645,14.919355,42.069892,0.000000,-0.235219,-0.205912,-0.029307,9.808505,18.364423,26.626868,-0.987668,-1.567858,-3.359959,-0.090381,0.016566,1.779026,22.000000,59.375000,0.080865,3.000000,49.164035,67.283951,68.518519,0.000000,-0.103258,-0.171693,0.068435,12.453979,23.633653,16.451524,0.035683,-0.553125,-2.173307,0.529364,0.012156,2.909091,1.000000,137.931034,2.909091,4.000000,40.018067,36.456212,67.006110,1.000000,-0.169265,-0.334563,0.165299,23.137385,22.515174,31.423722,-1.257883,-2.143942,-3.323301,0.210618,0.042928,2.154532,6.000000,82.269504,0.359089,3.000000,55.298420,82.688391,80.108622,0.000000,-0.057435,-0.368122,0.310687,23.646723,28.358009,17.685160,0.704511,-0.119269,-1.221271,0.666873,0.042518,2.552036,0.000000,62.666667,0.000000,3.000000,60.062939,99.360341,61.803807,0.000000,-0.576563,-0.830580,0.254017,24.914939,33.119667,21.597318,1.608236,0.317617,-0.764168,0.786890,0.056974,4.245283,7.000000,71.428571,0.606469,3.000000,5.609973,17.000000,262.500000,0.329998,4.000000,2.183803,9.000000,96.385542,0.242645,3.000000,2.215500,4.000000,105.063291,0.553875,4.000000,2.154154,2.000000,40.512821,1.077077,3.000000,5.048762,24.000000,142.682927,0.210365,4.000000,3.668247,7.000000,75.506446,0.524035,3.000000,4.633106,7.000000,229.113924,0.661872,4.000000,2.063921,2.000000,72.699387,1.031960,3.000000,2.760606,5.000000,112.802768,0.552121,4.000000,2.508681,1.000000,77.897574,2.508681,3.000000,3.120007,6.000000,128.373702,0.520001,8.000000,2.000000,1.000000,9.000000,-1.000000,,,,54.938678,65.087282,45.054032,-0.657439,-0.709558,0.052119,24.313704,25.398701,14.466375,1.300313,0.956969,0.680118,0.073144,,0.000000,,55.210668,43.362832,43.952802,0.144349,0.176201,-0.031853,41.354641,25.684320,12.467971,0.124316,0.495038,0.598299,0.012662,0.570796,0.459770,,306.854839,47.031250,1.840359,2.236651
2025-12-26T07:45:00Z,1.001255,no_impulse,0,BERGEPAINT,1h,1.000000,154.273504,3.339500,14.000000,0.238536,0.799721,1.482502,0.826034,2.118798,4.000000,77.740864,0.529699,2.000000,55.781919,22.021116,25.584006,1.000000,0.348274,0.261988,0.086286,37.839601,39.451542,15.066187,0.322000,0.469746,-0.932430,0.630974,0.024665,2.801824,5.000000,47.031250,0.560365,3.000000,69.013564,39.000000,29.505302,1.000000,0.309090,0.131411,0.177679,30.837366,49.058965,8.666056,1.397486,1.404099,-0.132507,1.007409,0.027932,5.622419,0.000000,84.099869,0.000000,7.000000,61.760742,26.057299,44.931721,0.000000,0.053246,-0.064119,0.117365,15.185799,48.885949,9.208671,0.795656,0.507511,-1.240131,0.914878,0.019332,7.164376,16.000000,306.854839,0.447773,7.000000,61.760742,26.057299,44.931721,0.000000,0.053246,-0.064119,0.117365,15.185799,48.885949,9.208671,0.795656,0.507511,-1.240131,0.914878,0.019332,2.281509,13.000000,130.526316,0.175501,4.000000,38.400645,14.919355,42.069892,0.000000,-0.235219,-0.205912,-0.029307,9.808505,18.364423,26.626868,-0.987668,-1.567858,-3.359959,-0.090381,0.016566,1.779026,22.000000,59.375000,0.080865,3.000000,49.164035,67.283951,68.518519,0.000000,-0.103258,-0.171693,0.068435,12.453979,23.633653,16.451524,0.035683,-0.553125,-2.173307,0.529364,0.012156,2.909091,1.000000,137.931034,2.909091,4.000000,40.018067,36.456212,67.006110,1.000000,-0.169265,-0.334563,0.165299,23.137385,22.515174,31.423722,-1.257883,-2.143942,-3.323301,0.210618,0.042928,2.154532,6.000000,82.269504,0.359089,3.000000,55.298420,82.688391,80.108622,0.000000,-0.057435,-0.368122,0.310687,23.646723,28.358009,17.685160,0.704511,-0.119269,-1.221271,0.666873,0.042518,2.552036,0.000000,62.666667,0.000000,3.000000,4.245283,7.000000,71.428571,0.606469,3.000000,5.609973,17.000000,262.500000,0.329998,4.000000,2.183803,9.000000,96.385542,0.242645,3.000000,2.215500,4.000000,105.063291,0.553875,4.000000,2.154154,2.000000,40.512821,1.077077,3.000000,5.048762,24.000000,142.682927,0.210365,4.000000,3.668247,7.000000,75.506446,0.524035,3.000000,4.633106,7.000000,229.113924,0.661872,4.000000,2.063921,2.000000,72.699387,1.031960,3.000000,2.760606,5.000000,112.802768,0.552121,4.000000,2.508681,1.000000,77.897574,2.508681,3.000000,1.000000,2.000000,23.000000,-1.000000,,,,45.106397,32.418953,44.970906,-0.673289,-0.716023,0.042734,24.260921,22.888525,14.155490,-0.981678,-1.380315,0.345814,0.063049,,0.000000,,65.965943,100.000000,63.793103,0.136759,0.128817,0.007942,19.744680,26.786854,12.431506,0.652257,1.028397,1.003981,0.013027,0.993045,1.891892,23.000000,306.854839,47.031250,1.770107,0.939254
2025-12-30T03:45:00Z,0.950524,no_impulse,0,BERGEPAINT,1h,-1.000000,156.786704,5.066691,10.000000,0.506669,-1.712934,-1.637748,-2.383256,3.339500,14.000000,154.273504,0.238536,1.000000,61.943728,67.673716,69.780128,0.000000,0.570270,0.548141,0.022129,47.553342,37.365507,9.556828,0.799721,1.482502,0.826034,0.785508,0.028236,2.118798,4.000000,77.740864,0.529699,2.000000,55.781919,22.021116,25.584006,1.000000,0.348274,0.261988,0.086286,37.839601,39.451542,15.066187,0.322000,0.469746,-0.932430,0.630974,0.024665,2.801824,5.000000,47.031250,0.560365,3.000000,69.013564,39.000000,29.505302,1.000000,0.309090,0.131411,0.177679,30.837366,49.058965,8.666056,1.397486,1.404099,-0.132507,1.007409,0.027932,5.622419,0.000000,84.099869,0.000000,7.000000,61.760742,26.057299,44.931721,0.000000,0.053246,-0.064119,0.117365,15.185799,48.885949,9.208671,0.795656,0.507511,-1.240131,0.914878,0.019332,7.164376,16.000000,306.854839,0.447773,7.000000,61.760742,26.057299,44.931721,0.000000,0.053246,-0.064119,0.117365,15.185799,48.885949,9.208671,0.795656,0.507511,-1.240131,0.914878,0.019332,2.281509,13.000000,130.526316,0.175501,4.000000,38.400645,14.919355,42.069892,0.000000,-0.235219,-0.205912,-0.029307,9.808505,18.364423,26.626868,-0.987668,-1.567858,-3.359959,-0.090381,0.016566,1.779026,22.000000,59.375000,0.080865,3.000000,49.164035,67.283951,68.518519,0.000000,-0.103258,-0.171693,0.068435,12.453979,23.633653,16.451524,0.035683,-0.553125,-2.173307,0.529364,0.012156,2.909091,1.000000,137.931034,2.909091,4.000000,40.018067,36.456212,67.006110,1.000000,-0.169265,-0.334563,0.165299,23.137385,22.515174,31.423722,-1.257883,-2.143942,-3.323301,0.210618,0.042928,2.154532,6.000000,82.269504,0.359089,3.000000,2.552036,0.000000,62.666667,0.000000,3.000000,4.245283,7.000000,71.428571,0.606469,3.000000,5.609973,17.000000,262.500000,0.329998,4.000000,2.183803,9.000000,96.385542,0.242645,3.000000,2.215500,4.000000,105.063291,0.553875,4.000000,2.154154,2.000000,40.512821,1.077077,3.000000,5.048762,24.000000,142.682927,0.210365,4.000000,3.668247,7.000000,75.506446,0.524035,3.000000,4.633106,7.000000,229.113924,0.661872,4.000000,2.063921,2.000000,72.699387,1.031960,3.000000,2.760606,5.000000,112.802768,0.552121,4.000000,8.000000,1.000000,33.000000,-1.000000,,,,36.478923,14.593536,28.596848,-0.893001,-0.754887,-0.138114,22.883948,18.832367,22.702822,-3.711196,-4.348911,-0.081551,0.061532,,0.000000,,28.195605,1.015228,42.105897,-0.162117,-0.151993,-0.010124,18.332713,13.808980,27.151150,-1.168484,-1.489656,-0.265783,0.015082,1.548352,1.234568,33.000000,306.854839,47.031250,1.742903,0.548179
2025-12-30T03:45:00Z,0.971229,no_impulse,0,BERGEPAINT,1h,1.000000,40.812721,2.178218,0.000000,0.000000,-1.712934,-1.637748,-2.383256,5.066691,10.000000,156.786704,0.506669,8.000000,35.606212,17.667845,26.984290,0.000000,-0.213879,0.017765,-0.231644,30.487232,22.028866,31.838025,-1.712934,-1.637748,-2.383256,0.077713,0.039880,3.339500,14.000000,154.273504,0.238536,1.000000,61.943728,67.673716,69.780128,0.000000,0.570270,0.548141,0.022129,47.553342,37.365507,9.556828,0.799721,1.482502,0.826034,0.785508,0.028236,2.118798,4.000000,77.740864,0.529699,2.000000,55.781919,22.021116,25.584006,1.000000,0.348274,0.261988,0.086286,37.839601,39.451542,15.066187,0.322000,0.469746,-0.932430,0.630974,0.024665,2.801824,5.000000,47.031250,0.560365,3.000000,69.013564,39.000000,29.505302,1.000000,0.309090,0.131411,0.177679,30.837366,49.058965,8.666056,1.397486,1.404099,-0.132507,1.007409,0.027932,5.622419,0.000000,84.099869,0.000000,7.000000,61.760742,26.057299,44.931721,0.000000,0.053246,-0.064119,0.117365,15.185799,48.885949,9.208671,0.795656,0.507511,-1.240131,0.914878,0.019332,7.164376,16.000000,306.854839,0.447773,7.000000,61.760742,26.057299,44.931721,0.000000,0.053246,-0.064119,0.117365,15.185799,48.885949,9.208671,0.795656,0.507511,-1.240131,0.914878,0.019332,2.281509,13.000000,130.526316,0.175501,4.000000,38.400645,14.919355,42.069892,0.000000,-0.235219,-0.205912,-0.029307,9.808505,18.364423,26.626868,-0.987668,-1.567858,-3.359959,-0.090381,0.016566,1.779026,22.000000,59.375000,0.080865,3.000000,49.164035,67.283951,68.518519,0.000000,-0.103258,-0.171693,0.068435,12.453979,23.633653,16.451524,0.035683,-0.553125,-2.173307,0.529364,0.012156,2.909091,1.000000,137.931034,2.909091,4.000000,2.154532,6.000000,82.269504,0.359089,3.000000,2.552036,0.000000,62.666667,0.000000,3.000000,4.245283,7.000000,71.428571,0.606469,3.000000,5.609973,17.000000,262.500000,0.329998,4.000000,2.183803,9.000000,96.385542,0.242645,3.000000,2.215500,4.000000,105.063291,0.553875,4.000000,2.154154,2.000000,40.512821,1.077077,3.000000,5.048762,24.000000,142.682927,0.210365,4.000000,3.668247,7.000000,75.506446,0.524035,3.000000,4.633106,7.000000,229.113924,0.661872,4.000000,2.063921,2.000000,72.699387,1.031960,3.000000,8.000000,2.000000,0.000000,-1.000000,,,,36.478923,14.593536,28.596848,-0.893001,-0.754887,-0.138114,22.883948,18.832367,22.702822,-3.711196,-4.348911,-0.081551,0.061532,,0.000000,,28.195605,1.015228,42.105897,-0.162117,-0.151993,-0.010124,18.332713,13.808980,27.151150,-1.168484,-1.489656,-0.265783,0.015082,0.618149,0.000000,33.000000,306.854839,47.031250,1.807639,0.675171
2025-12-30T09:45:00Z,0.937797,no_impulse,0,BERGEPAINT,1h,-1.000000,161.471861,3.442230,6.000000,0.573705,-1.370007,-2.115308,-3.350251,2.178218,0.000000,40.812721,0.000000,8.000000,35.606212,17.667845,26.984290,0.000000,-0.213879,0.017765,-0.231644,30.487232,22.028866,31.838025,-1.712934,-1.637748,-2.383256,0.077713,0.039880,5.066691,10.000000,156.786704,0.506669,8.000000,35.606212,17.667845,26.984290,0.000000,-0.213879,0.017765,-0.231644,30.487232,22.028866,31.838025,-1.712934,-1.637748,-2.383256,0.077713,0.039880,3.339500,14.000000,154.273504,0.238536,1.000000,61.943728,67.673716,69.780128,0.000000,0.570270,0.548141,0.022129,47.553342,37.365507,9.556828,0.799721,1.482502,0.826034,0.785508,0.028236,2.118798,4.000000,77.740864,0.529699,2.000000,55.781919,22.021116,25.584006,1.000000,0.348274,0.261988,0.086286,37.839601,39.451542,15.066187,0.322000,0.469746,-0.932430,0.630974,0.024665,2.801824,5.000000,47.031250,0.560365,3.000000,69.013564,39.000000,29.505302,1.000000,0.309090,0.131411,0.177679,30.837366,49.058965,8.666056,1.397486,1.404099,-0.132507,1.007409,0.027932,5.622419,0.000000,84.099869,0.000000,7.000000,61.760742,26.057299,44.931721,0.000000,0.053246,-0.064119,0.117365,15.185799,48.885949,9.208671,0.795656,0.507511,-1.240131,0.914878,0.019332,7.164376,16.000000,306.854839,0.447773,7.000000,61.760742,26.057299,44.931721,0.000000,0.053246,-0.064119,0.117365,15.185799,48.885949,9.208671,0.795656,0.507511,-1.240131,0.914878,0.019332,2.281509,13.000000,130.526316,0.175501,4.000000,38.400645,14.919355,42.069892,0.000000,-0.235219,-0.205912,-0.029307,9.808505,18.364423,26.626868,-0.987668,-1.567858,-3.359959,-0.090381,0.016566,1.779026,22.000000,59.375000,0.080865,3.000000,2.909091,1.000000,137.931034,2.909091,4.000000,2.154532,6.000000,82.269504,0.359089,3.000000,2.552036,0.000000,62.666667,0.000000,3.000000,4.245283,7.000000,71.428571,0.606469,3.000000,5.609973,17.000000,262.500000,0.329998,4.000000,2.183803,9.000000,96.385542,0.242645,3.000000,2.215500,4.000000,105.063291,0.553875,4.000000,2.154154,2.000000,40.512821,1.077077,3.000000,5.048762,24.000000,142.682927,0.210365,4.000000,3.668247,7.000000,75.506446,0.524035,3.000000,4.633106,7.000000,229.113924,0.661872,4.000000,4.000000,3.000000,6.000000,-1.000000,,,,44.286516,36.141038,29.837543,-0.889370,-0.769402,-0.119967,21.914987,17.367967,20.937456,-1.434026,-2.122965,0.253547,0.057364,,0.000000,,47.632847,62.566845,26.244527,-0.419034,-0.584316,0.165282,34.593253,22.257392,26.186932,0.056358,-0.970107,0.526999,0.020886,0.976202,0.705882,39.000000,306.854839,40.812721,1.805660,1.003924
2025-12-31T08:45:00Z,0.969705,no_impulse,0,BERGEPAINT,1h,1.000000,95.442359,3.402466,6.000000,0.567078,0.343426,-0.407398,-1.791565,3.442230,6.000000,161.471861,0.573705,4.000000,40.235080,37.913043,32.509759,1.000000,-0.950842,-0.634514,-0.316328,29.906750,18.705594,28.938672,-1.370007,-2.115308,-3.350251,0.315447,0.073230,2.178218,0.000000,40.812721,0.000000,8.000000,35.606212,17.667845,26.984290,0.000000,-0.213879,0.017765,-0.231644,30.487232,22.028866,31.838025,-1.712934,-1.637748,-2.383256,0.077713,0.039880,5.066691,10.000000,156.786704,0.506669,8.000000,35.606212,17.667845,26.984290,0.000000,-0.213879,0.017765,-0.231644,30.487232,22.028866,31.838025,-1.712934,-1.637748,-2.383256,0.077713,0.039880,3.339500,14.000000,154.273504,0.238536,1.000000,61.943728,67.673716,69.780128,0.000000,0.570270,0.548141,0.022129,47.553342,37.365507,9.556828,0.799721,1.482502,0.826034,0.785508,0.028236,2.118798,4.000000,77.740864,0.529699,2.000000,55.781919,22.021116,25.584006,1.000000,0.348274,0.261988,0.086286,37.839601,39.451542,15.066187,0.322000,0.469746,-0.932430,0.630974,0.024665,2.801824,5.000000,47.031250,0.560365,3.000000,69.013564,39.000000,29.505302,1.000000,0.309090,0.131411,0.177679,30.837366,49.058965,8.666056,1.397486,1.404099,-0.132507,1.007409,0.027932,5.622419,0.000000,84.099869,0.000000,7.000000,61.760742,26.057299,44.931721,0.000000,0.053246,-0.064119,0.117365,15.185799,48.885949,9.208671,0.795656,0.507511,-1.240131,0.914878,0.019332,7.164376,16.000000,306.854839,0.447773,7.000000,61.760742,26.057299,44.931721,0.000000,0.053246,-0.064119,0.117365,15.185799,48.885949,9.208671,0.795656,0.507511,-1.240131,0.914878,0.019332,2.281509,13.000000,130.526316,0.175501,4.000000,1.779026,22.000000,59.375000,0.080865,3.000000,2.909091,1.000000,137.931034,2.909091,4.000000,2.154532,6.000000,82.269504,0.359089,3.000000,2.552036,0.000000,62.666667,0.000000,3.000000,4.245283,7.000000,71.428571,0.606469,3.000000,5.609973,17.000000,262.500000,0.329998,4.000000,2.183803,9.000000,96.385542,0.242645,3.000000,2.215500,4.000000,105.063291,0.553875,4.000000,2.154154,2.000000,40.512821,1.077077,3.000000,5.048762,24.000000,142.682927,0.210365,4.000000,3.668247,7.000000,75.506446,0.524035,3.000000,3.000000,4.000000,12.000000,-1.000000,,,,42.793159,30.460333,27.064969,-0.938924,-0.806651,-0.132272,21.015238,16.497774,19.888420,-1.796175,-2.572913,0.168430,0.053216,,0.000000,,54.542613,41.106719,41.370224,0.143351,0.076411,0.066940,17.410220,29.070003,20.346069,0.288791,0.084607,0.697030,0.014700,0.950553,0.666667,45.000000,306.854839,40.812721,1.793245,1.293823
2026-01-02T06:45:00Z,0.935108,no_impulse,0,BERGEPAINT,1h,-1.000000,108.426966,3.567797,12.000000,0.297316,-1.361164,-2.230689,-3.960825,3.402466,6.000000,95.442359,0.567078,3.000000,50.484134,63.130435,52.289855,0.000000,-0.585973,-0.707671,0.121697,23.824517,24.474617,18.159791,0.343426,-0.407398,-1.791565,0.562604,0.055046,3.442230,6.000000,161.471861,0.573705,4.000000,40.235080,37.913043,32.509759,1.000000,-0.950842,-0.634514,-0.316328,29.906750,18.705594,28.938672,-1.370007,-2.115308,-3.350251,0.315447,0.073230,2.178218,0.000000,40.812721,0.000000,8.000000,35.606212,17.667845,26.984290,0.000000,-0.213879,0.017765,-0.231644,30.487232,22.028866,31.838025,-1.712934,-1.637748,-2.383256,0.077713,0.039880,5.066691,10.000000,156.786704,0.506669,8.000000,35.606212,17.667845,26.984290,0.000000,-0.213879,0.017765,-0.231644,30.487232,22.028866,31.838025,-1.712934,-1.637748,-2.383256,0.077713,0.039880,3.339500,14.000000,154.273504,0.238536,1.000000,61.943728,67.673716,69.780128,0.000000,0.570270,0.548141,0.022129,47.553342,37.365507,9.556828,0.799721,1.482502,0.826034,0.785508,0.028236,2.118798,4.000000,77.740864,0.529699,2.000000,55.781919,22.021116,25.584006,1.000000,0.348274,0.261988,0.086286,37.839601,39.451542,15.066187,0.322000,0.469746,-0.932430,0.630974,0.024665,2.801824,5.000000,47.031250,0.560365,3.000000,69.013564,39.000000,29.505302,1.000000,0.309090,0.131411,0.177679,30.837366,49.058965,8.666056,1.397486,1.404099,-0.132507,1.007409,0.027932,5.622419,0.000000,84.099869,0.000000,7.000000,61.760742,26.057299,44.931721,0.000000,0.053246,-0.064119,0.117365,15.185799,48.885949,9.208671,0.795656,0.507511,-1.240131,0.914878,0.019332,7.164376,16.000000,306.854839,0.447773,7.000000,2.281509,13.000000,130.526316,0.175501,4.000000,1.779026,22.000000,59.375000,0.080865,3.000000,2.909091,1.000000,137.931034,2.909091,4.000000,2.154532,6.000000,82.269504,0.359089,3.000000,2.552036,0.000000,62.666667,0.000000,3.000000,4.245283,7.000000,71.428571,0.606469,3.000000,5.609973,17.000000,262.500000,0.329998,4.000000,2.183803,9.000000,96.385542,0.242645,3.000000,2.215500,4.000000,105.063291,0.553875,4.000000,2.154154,2.000000,40.512821,1.077077,3.000000,5.048762,24.000000,142.682927,0.210365,4.000000,4.000000,5.000000,24.000000,-1.000000,,,,38.222289,11.753183,26.118185,-1.126173,-0.882315,-0.243858,20.857961,15.262487,22.336034,-3.303354,-4.267772,-0.082850,0.054864,,0.000000,,28.921579,0.393701,0.418590,-0.371279,-0.271425,-0.099854,20.999751,12.106916,28.100788,-0.785661,-1.216417,0.172958,0.023836,0.953497,1.621622,,306.854839,40.812721,1.682186,0.857285
2026-01-06T08:45:00Z,0.953303,no_impulse,0,BERGEPAINT,1h,1.000000,52.590674,1.945749,16.000000,0.121609,0.012712,-0.643377,-2.626065,3.567797,12.000000,108.426966,0.297316,4.000000,34.656076,8.549223,4.394995,0.000000,-0.576885,-0.491409,-0.085476,15.908326,15.752406,26.271054,-1.361164,-2.230689,-3.960825,-0.018402,0.025904,3.402466,6.000000,95.442359,0.567078,3.000000,50.484134,63.130435,52.289855,0.000000,-0.585973,-0.707671,0.121697,23.824517,24.474617,18.159791,0.343426,-0.407398,-1.791565,0.562604,0.055046,3.442230,6.000000,161.471861,0.573705,4.000000,40.235080,37.913043,32.509759,1.000000,-0.950842,-0.634514,-0.316328,29.906750,18.705594,28.938672,-1.370007,-2.115308,-3.350251,0.315447,0.073230,2.178218,0.000000,40.812721,0.000000,8.000000,35.606212,17.667845,26.984290,0.000000,-0.213879,0.017765,-0.231644,30.487232,22.028866,31.838025,-1.712934,-1.637748,-2.383256,0.077713,0.039880,5.066691,10.000000,156.786704,0.506669,8.000000,35.606212,17.667845,26.984290,0.000000,-0.213879,0.017765,-0.231644,30.487232,22.028866,31.838025,-1.712934,-1.637748,-2.383256,0.077713,0.039880,3.339500,14.000000,154.273504,0.238536,1.000000,61.943728,67.673716,69.780128,0.000000,0.570270,0.548141,0.022129,47.553342,37.365507,9.556828,0.799721,1.482502,0.826034,0.785508,0.028236,2.118798,4.000000,77.740864,0.529699,2.000000,55.781919,22.021116,25.584006,1.000000,0.348274,0.261988,0.086286,37.839601,39.451542,15.066187,0.322000,0.469746,-0.932430,0.630974,0.024665,2.801824,5.000000,47.031250,0.560365,3.000000,69.013564,39.000000,29.505302,1.000000,0.309090,0.131411,0.177679,30.837366,49.058965,8.666056,1.397486,1.404099,-0.132507,1.007409,0.027932,5.622419,0.000000,84.099869,0.000000,7.000000,7.164376,16.000000,306.854839,0.447773,7.000000,2.281509,13.000000,130.526316,0.175501,4.000000,1.779026,22.000000,59.375000,0.080865,3.000000,2.909091,1.000000,137.931034,2.909091,4.000000,2.154532,6.000000,82.269504,0.359089,3.000000,2.552036,0.000000,62.666667,0.000000,3.000000,4.245283,7.000000,71.428571,0.606469,3.000000,5.609973,17.000000,262.500000,0.329998,4.000000,2.183803,9.000000,96.385542,0.242645,3.000000,2.215500,4.000000,105.063291,0.553875,4.000000,2.154154,2.000000,40.512821,1.077077,3.000000,3.000000,6.000000,40.000000,-1.000000,,,,40.163147,15.768854,17.793013,-1.266576,-1.050000,-0.216575,19.933626,14.636623,19.991873,-2.195420,-3.446318,0.138578,0.059439,,0.000000,,59.005752,82.278481,84.133477,0.153041,0.084568,0.068472,23.118120,22.642091,14.416198,0.291358,0.372028,0.665315,0.017676,0.502721,2.191781,,306.854839,40.812721,1.605550,0.983758
2026-01-12T03:45:00Z,0.905261,no_impulse,0,BERGEPAINT,1h,-1.000000,264.039409,5.039489,23.000000,0.219108,-0.840161,-1.921821,-4.572887,1.945749,16.000000,52.590674,0.121609,3.000000,48.308003,56.632653,73.276506,1.000000,-0.186788,-0.303684,0.116896,12.035509,23.072596,18.248657,0.012712,-0.643377,-2.626065,0.508156,0.015588,3.567797,12.000000,108.426966,0.297316,4.000000,34.656076,8.549223,4.394995,0.000000,-0.576885,-0.491409,-0.085476,15.908326,15.752406,26.271054,-1.361164,-2.230689,-3.960825,-0.018402,0.025904,3.402466,6.000000,95.442359,0.567078,3.000000,50.484134,63.130435,52.289855,0.000000,-0.585973,-0.707671,0.121697,23.824517,24.474617,18.159791,0.343426,-0.407398,-1.791565,0.562604,0.055046,3.442230,6.000000,161.471861,0.573705,4.000000,40.235080,37.913043,32.509759,1.000000,-0.950842,-0.634514,-0.316328,29.906750,18.705594,28.938672,-1.370007,-2.115308,-3.350251,0.315447,0.073230,2.178218,0.000000,40.812721,0.000000,8.000000,35.606212,17.667845,26.984290,0.000000,-0.213879,0.017765,-0.231644,30.487232,22.028866,31.838025,-1.712934,-1.637748,-2.383256,0.077713,0.039880,5.066691,10.000000,156.786704,0.506669,8.000000,35.606212,17.667845,26.984290,0.000000,-0.213879,0.017765,-0.231644,30.487232,22.028866,31.838025,-1.712934,-1.637748,-2.383256,0.077713,0.039880,3.339500,14.000000,154.273504,0.238536,1.000000,61.943728,67.673716,69.780128,0.000000,0.570270,0.548141,0.022129,47.553342,37.365507,9.556828,0.799721,1.482502,0.826034,0.785508,0.028236,2.118798,4.000000,77.740864,0.529699,2.000000,55.781919,22.021116,25.584006,1.000000,0.348274,0.261988,0.086286,37.839601,39.451542,15.066187,0.322000,0.469746,-0.932430,0.630974,0.024665,2.801824,5.000000,47.031250,0.560365,3.000000,5.622419,0.000000,84.099869,0.000000,7.000000,7.164376,16.000000,306.854839,0.447773,7.000000,2.281509,13.000000,130.526316,0.175501,4.000000,1.779026,22.000000,59.375000,0.080865,3.000000,2.909091,1.000000,137.931034,2.909091,4.000000,2.154532,6.000000,82.269504,0.359089,3.000000,2.552036,0.000000,62.666667,0.000000,3.000000,4.245283,7.000000,71.428571,0.606469,3.000000,5.609973,17.000000,262.500000,0.329998,4.000000,2.183803,9.000000,96.385542,0.242645,3.000000,2.215500,4.000000,105.063291,0.553875,4.000000,4.000000,7.000000,63.000000,-1.000000,,,,32.380714,9.150327,7.777643,-1.761558,-1.343048,-0.418510,21.889459,12.033039,25.280954,-4.260644,-6.081801,0.004018,0.082393,,0.000000,,29.271365,0.000000,42.592593,-0.326256,-0.276527,-0.049729,19.072634,16.081237,35.407542,-1.601464,-2.193230,-0.437620,0.016811,1.504968,3.150685,96.000000,161.471861,40.812721,1.217057,0.834275
2026-01-13T09:45:00Z,0.943623,no_impulse,0,BERGEPAINT,1h,1.000000,79.850746,4.237624,13.000000,0.325971,0.448941,-0.312287,-3.098398,5.039489,23.000000,264.039409,0.219108,4.000000,31.933533,42.673522,28.410107,1.000000,-0.651456,-0.613255,-0.038201,20.043705,13.509965,30.921213,-0.840161,-1.921821,-4.572887,0.270659,0.036328,1.945749,16.000000,52.590674,0.121609,3.000000,48.308003,56.632653,73.276506,1.000000,-0.186788,-0.303684,0.116896,12.035509,23.072596,18.248657,0.012712,-0.643377,-2.626065,0.508156,0.015588,3.567797,12.000000,108.426966,0.297316,4.000000,34.656076,8.549223,4.394995,0.000000,-0.576885,-0.491409,-0.085476,15.908326,15.752406,26.271054,-1.361164,-2.230689,-3.960825,-0.018402,0.025904,3.402466,6.000000,95.442359,0.567078,3.000000,50.484134,63.130435,52.289855,0.000000,-0.585973,-0.707671,0.121697,23.824517,24.474617,18.159791,0.343426,-0.407398,-1.791565,0.562604,0.055046,3.442230,6.000000,161.471861,0.573705,4.000000,40.235080,37.913043,32.509759,1.000000,-0.950842,-0.634514,-0.316328,29.906750,18.705594,28.938672,-1.370007,-2.115308,-3.350251,0.315447,0.073230,2.178218,0.000000,40.812721,0.000000,8.000000,35.606212,17.667845,26.984290,0.000000,-0.213879,0.017765,-0.231644,30.487232,22.028866,31.838025,-1.712934,-1.637748,-2.383256,0.077713,0.039880,5.066691,10.000000,156.786704,0.506669,8.000000,35.606212,17.667845,26.984290,0.000000,-0.213879,0.017765,-0.231644,30.487232,22.028866,31.838025,-1.712934,-1.637748,-2.383256,0.077713,0.039880,3.339500,14.000000,154.273504,0.238536,1.000000,61.943728,67.673716,69.780128,0.000000,0.570270,0.548141,0.022129,47.553342,37.365507,9.556828,0.799721,1.482502,0.826034,0.785508,0.028236,2.118798,4.000000,77.740864,0.529699,2.000000,2.801824,5.000000,47.031250,0.560365,3.000000,5.622419,0.000000,84.099869,0.000000,7.000000,7.164376,16.000000,306.854839,0.447773,7.000000,2.281509,13.000000,130.526316,0.175501,4.000000,1.779026,22.000000,59.375000,0.080865,3.000000,2.909091,1.000000,137.931034,2.909091,4.000000,2.154532,6.000000,82.269504,0.359089,3.000000,2.552036,0.000000,62.666667,0.000000,3.000000,4.245283,7.000000,71.428571,0.606469,3.000000,5.609973,17.000000,262.500000,0.329998,4.000000,2.183803,9.000000,96.385542,0.242645,3.000000,3.000000,8.000000,76.000000,-1.000000,,,,44.452197,37.628385,25.396825,-1.534491,-1.407065,-0.127427,21.177958,14.955776,20.963010,-0.937119,-2.738911,0.389376,0.083925,,0.000000,,57.559241,24.215247,63.221329,0.286771,0.248680,0.038091,21.096387,35.481327,10.398940,0.346954,0.593443,0.688087,0.018511,1.287923,1.354167,109.000000,264.039409,40.812721,1.104832,1.169582
2026-01-14T03:45:00Z,0.919154,no_impulse,0,BERGEPAINT,1h,-1.000000,63.785047,2.593085,1.000000,2.593085,0.004437,-0.729926,-3.522852,4.237624,13.000000,79.850746,0.325971,3.000000,53.887909,60.514019,79.857860,1.000000,-0.133166,-0.376778,0.243612,21.624764,32.769492,14.549277,0.448941,-0.312287,-3.098398,0.718198,0.020668,5.039489,23.000000,264.039409,0.219108,4.000000,31.933533,42.673522,28.410107,1.000000,-0.651456,-0.613255,-0.038201,20.043705,13.509965,30.921213,-0.840161,-1.921821,-4.572887,0.270659,0.036328,1.945749,16.000000,52.590674,0.121609,3.000000,48.308003,56.632653,73.276506,1.000000,-0.186788,-0.303684,0.116896,12.035509,23.072596,18.248657,0.012712,-0.643377,-2.626065,0.508156,0.015588,3.567797,12.000000,108.426966,0.297316,4.000000,34.656076,8.549223,4.394995,0.000000,-0.576885,-0.491409,-0.085476,15.908326,15.752406,26.271054,-1.361164,-2.230689,-3.960825,-0.018402,0.025904,3.402466,6.000000,95.442359,0.567078,3.000000,50.484134,63.130435,52.289855,0.000000,-0.585973,-0.707671,0.121697,23.824517,24.474617,18.159791,0.343426,-0.407398,-1.791565,0.562604,0.055046,3.442230,6.000000,161.471861,0.573705,4.000000,40.235080,37.913043,32.509759,1.000000,-0.950842,-0.634514,-0.316328,29.906750,18.705594,28.938672,-1.370007,-2.115308,-3.350251,0.315447,0.073230,2.178218,0.000000,40.812721,0.000000,8.000000,35.606212,17.667845,26.984290,0.000000,-0.213879,0.017765,-0.231644,30.487232,22.028866,31.838025,-1.712934,-1.637748,-2.383256,0.077713,0.039880,5.066691,10.000000,156.786704,0.506669,8.000000,35.606212,17.667845,26.984290,0.000000,-0.213879,0.017765,-0.231644,30.487232,22.028866,31.838025,-1.712934,-1.637748,-2.383256,0.077713,0.039880,3.339500,14.000000,154.273504,0.238536,1.000000,2.118798,4.000000,77.740864,0.529699,2.000000,2.801824,5.000000,47.031250,0.560365,3.000000,5.622419,0.000000,84.099869,0.000000,7.000000,7.164376,16.000000,306.854839,0.447773,7.000000,2.281509,13.000000,130.526316,0.175501,4.000000,1.779026,22.000000,59.375000,0.080865,3.000000,2.909091,1.000000,137.931034,2.909091,4.000000,2.154532,6.000000,82.269504,0.359089,3.000000,2.552036,0.000000,62.666667,0.000000,3.000000,4.245283,7.000000,71.428571,0.606469,3.000000,5.609973,17.000000,262.500000,0.329998,4.000000,2.000000,1.000000,77.000000,-1.000000,,,,44.452197,37.628385,25.396825,-1.534491,-1.407065,-0.127427,21.177958,14.955776,20.963010,-0.937119,-2.738911,0.389376,0.083925,,0.000000,,49.577423,19.413919,47.308207,0.240343,0.247997,-0.007654,20.873708,29.588429,20.570428,-0.132177,0.097632,0.418056,0.016109,0.755153,0.096154,110.000000,264.039409,40.812721,1.127367,1.077827
2026-01-14T08:45:00Z,0.943354,no_impulse,0,BERGEPAINT,1h,1.000000,98.901099,2.632862,5.000000,0.526572,1.459491,1.109872,-1.453396,2.593085,1.000000,63.785047,2.593085,2.000000,48.483364,41.576087,67.049889,0.000000,-0.122078,-0.327182,0.205104,21.305802,29.249625,20.681753,0.004437,-0.729926,-3.522852,0.502131,0.020820,4.237624,13.000000,79.850746,0.325971,3.000000,53.887909,60.514019,79.857860,1.000000,-0.133166,-0.376778,0.243612,21.624764,32.769492,14.549277,0.448941,-0.312287,-3.098398,0.718198,0.020668,5.039489,23.000000,264.039409,0.219108,4.000000,31.933533,42.673522,28.410107,1.000000,-0.651456,-0.613255,-0.038201,20.043705,13.509965,30.921213,-0.840161,-1.921821,-4.572887,0.270659,0.036328,1.945749,16.000000,52.590674,0.121609,3.000000,48.308003,56.632653,73.276506,1.000000,-0.186788,-0.303684,0.116896,12.035509,23.072596,18.248657,0.012712,-0.643377,-2.626065,0.508156,0.015588,3.567797,12.000000,108.426966,0.297316,4.000000,34.656076,8.549223,4.394995,0.000000,-0.576885,-0.491409,-0.085476,15.908326,15.752406,26.271054,-1.361164,-2.230689,-3.960825,-0.018402,0.025904,3.402466,6.000000,95.442359,0.567078,3.000000,50.484134,63.130435,52.289855,0.000000,-0.585973,-0.707671,0.121697,23.824517,24.474617,18.159791,0.343426,-0.407398,-1.791565,0.562604,0.055046,3.442230,6.000000,161.471861,0.573705,4.000000,40.235080,37.913043,32.509759,1.000000,-0.950842,-0.634514,-0.316328,29.906750,18.705594,28.938672,-1.370007,-2.115308,-3.350251,0.315447,0.073230,2.178218,0.000000,40.812721,0.000000,8.000000,35.606212,17.667845,26.984290,0.000000,-0.213879,0.017765,-0.231644,30.487232,22.028866,31.838025,-1.712934,-1.637748,-2.383256,0.077713,0.039880,5.066691,10.000000,156.786704,0.506669,8.000000,3.339500,14.000000,154.273504,0.238536,1.000000,2.118798,4.000000,77.740864,0.529699,2.000000,2.801824,5.000000,47.031250,0.560365,3.000000,5.622419,0.000000,84.099869,0.000000,7.000000,7.164376,16.000000,306.854839,0.447773,7.000000,2.281509,13.000000,130.526316,0.175501,4.000000,1.779026,22.000000,59.375000,0.080865,3.000000,2.909091,1.000000,137.931034,2.909091,4.000000,2.154532,6.000000,82.269504,0.359089,3.000000,2.552036,0.000000,62.666667,0.000000,3.000000,4.245283,7.000000,71.428571,0.606469,3.000000,3.000000,1.000000,82.000000,-1.000000,,,,44.452197,37.628385,25.396825,-1.534491,-1.407065,-0.127427,21.177958,14.955776,20.963010,-0.937119,-2.738911,0.389376,0.083925,,0.000000,,66.079183,86.705202,84.337225,0.342426,0.285203,0.057222,43.107597,35.508578,8.218421,0.554545,0.991085,0.757848,0.021627,0.756290,0.495050,115.000000,264.039409,40.812721,1.074639,1.331335
2026-01-20T03:45:00Z,0.914224,no_impulse,0,BERGEPAINT,1h,-1.000000,120.370370,3.087886,16.000000,0.192993,-0.706512,-0.871859,-3.150289,2.632862,5.000000,98.901099,0.526572,3.000000,66.685333,95.380435,81.068841,1.000000,0.227528,-0.047687,0.275215,25.241764,38.177891,14.928626,1.459491,1.109872,-1.453396,0.944772,0.033300,2.593085,1.000000,63.785047,2.593085,2.000000,48.483364,41.576087,67.049889,0.000000,-0.122078,-0.327182,0.205104,21.305802,29.249625,20.681753,0.004437,-0.729926,-3.522852,0.502131,0.020820,4.237624,13.000000,79.850746,0.325971,3.000000,53.887909,60.514019,79.857860,1.000000,-0.133166,-0.376778,0.243612,21.624764,32.769492,14.549277,0.448941,-0.312287,-3.098398,0.718198,0.020668,5.039489,23.000000,264.039409,0.219108,4.000000,31.933533,42.673522,28.410107,1.000000,-0.651456,-0.613255,-0.038201,20.043705,13.509965,30.921213,-0.840161,-1.921821,-4.572887,0.270659,0.036328,1.945749,16.000000,52.590674,0.121609,3.000000,48.308003,56.632653,73.276506,1.000000,-0.186788,-0.303684,0.116896,12.035509,23.072596,18.248657,0.012712,-0.643377,-2.626065,0.508156,0.015588,3.567797,12.000000,108.426966,0.297316,4.000000,34.656076,8.549223,4.394995,0.000000,-0.576885,-0.491409,-0.085476,15.908326,15.752406,26.271054,-1.361164,-2.230689,-3.960825,-0.018402,0.025904,3.402466,6.000000,95.442359,0.567078,3.000000,50.484134,63.130435,52.289855,0.000000,-0.585973,-0.707671,0.121697,23.824517,24.474617,18.159791,0.343426,-0.407398,-1.791565,0.562604,0.055046,3.442230,6.000000,161.471861,0.573705,4.000000,40.235080,37.913043,32.509759,1.000000,-0.950842,-0.634514,-0.316328,29.906750,18.705594,28.938672,-1.370007,-2.115308,-3.350251,0.315447,0.073230,2.178218,0.000000,40.812721,0.000000,8.000000,5.066691,10.000000,156.786704,0.506669,8.000000,3.339500,14.000000,154.273504,0.238536,1.000000,2.118798,4.000000,77.740864,0.529699,2.000000,2.801824,5.000000,47.031250,0.560365,3.000000,5.622419,0.000000,84.099869,0.000000,7.000000,7.164376,16.000000,306.854839,0.447773,7.000000,2.281509,13.000000,130.526316,0.175501,4.000000,1.779026,22.000000,59.375000,0.080865,3.000000,2.909091,1.000000,137.931034,2.909091,4.000000,2.154532,6.000000,82.269504,0.359089,3.000000,2.552036,0.000000,62.666667,0.000000,3.000000,4.000000,2.000000,98.000000,-1.000000,,,,38.491861,26.008345,33.732973,-1.520535,-1.473982,-0.046553,21.509665,12.296201,22.115477,-2.435245,-4.419630,0.233530,0.089216,,0.000000,,26.686966,0.000000,46.472999,-0.087379,-0.010435,-0.076944,24.496977,16.186419,31.588651,-1.535009,-1.612778,-0.465655,0.015656,0.905374,1.739130,131.000000,264.039409,40.812721,1.107721,0.896763
2026-01-20T03:45:00Z,0.932957,no_impulse,0,BERGEPAINT,1h,1.000000,64.307692,2.049020,0.000000,0.000000,-0.706512,-0.871859,-3.150289,3.087886,16.000000,120.370370,0.192993,4.000000,42.744570,32.666667,48.507937,1.000000,-0.011816,0.058803,-0.070618,16.202065,23.717634,30.886752,-0.706512,-0.871859,-3.150289,0.166040,0.021007,2.632862,5.000000,98.901099,0.526572,3.000000,66.685333,95.380435,81.068841,1.000000,0.227528,-0.047687,0.275215,25.241764,38.177891,14.928626,1.459491,1.109872,-1.453396,0.944772,0.033300,2.593085,1.000000,63.785047,2.593085,2.000000,48.483364,41.576087,67.049889,0.000000,-0.122078,-0.327182,0.205104,21.305802,29.249625,20.681753,0.004437,-0.729926,-3.522852,0.502131,0.020820,4.237624,13.000000,79.850746,0.325971,3.000000,53.887909,60.514019,79.857860,1.000000,-0.133166,-0.376778,0.243612,21.624764,32.769492,14.549277,0.448941,-0.312287,-3.098398,0.718198,0.020668,5.039489,23.000000,264.039409,0.219108,4.000000,31.933533,42.673522,28.410107,1.000000,-0.651456,-0.613255,-0.038201,20.043705,13.509965,30.921213,-0.840161,-1.921821,-4.572887,0.270659,0.036328,1.945749,16.000000,52.590674,0.121609,3.000000,48.308003,56.632653,73.276506,1.000000,-0.186788,-0.303684,0.116896,12.035509,23.072596,18.248657,0.012712,-0.643377,-2.626065,0.508156,0.015588,3.567797,12.000000,108.426966,0.297316,4.000000,34.656076,8.549223,4.394995,0.000000,-0.576885,-0.491409,-0.085476,15.908326,15.752406,26.271054,-1.361164,-2.230689,-3.960825,-0.018402,0.025904,3.402466,6.000000,95.442359,0.567078,3.000000,50.484134,63.130435,52.289855,0.000000,-0.585973,-0.707671,0.121697,23.824517,24.474617,18.159791,0.343426,-0.407398,-1.791565,0.562604,0.055046,3.442230,6.000000,161.471861,0.573705,4.000000,2.178218,0.000000,40.812721,0.000000,8.000000,5.066691,10.000000,156.786704,0.506669,8.000000,3.339500,14.000000,154.273504,0.238536,1.000000,2.118798,4.000000,77.740864,0.529699,2.000000,2.801824,5.000000,47.031250,0.560365,3.000000,5.622419,0.000000,84.099869,0.000000,7.000000,7.164376,16.000000,306.854839,0.447773,7.000000,2.281509,13.000000,130.526316,0.175501,4.000000,1.779026,22.000000,59.375000,0.080865,3.000000,2.909091,1.000000,137.931034,2.909091,4.000000,2.154532,6.000000,82.269504,0.359089,3.000000,4.000000,3.000000,98.000000,-1.000000,,,,38.491861,26.008345,33.732973,-1.520535,-1.473982,-0.046553,21.509665,12.296201,22.115477,-2.435245,-4.419630,0.233530,0.089216,,0.000000,,26.686966,0.000000,46.472999,-0.087379,-0.010435,-0.076944,24.496977,16.186419,31.588651,-1.535009,-1.612778,-0.465655,0.015656,0.637779,0.000000,131.000000,264.039409,40.812721,0.943601,0.740794
2026-01-21T03:45:00Z,0.907054,no_impulse,0,BERGEPAINT,1h,-1.000000,138.277512,2.776443,7.000000,0.396635,-0.861589,-1.161394,-3.449394,2.049020,0.000000,64.307692,0.000000,4.000000,42.744570,32.666667,48.507937,0.000000,-0.011816,0.058803,-0.070618,16.202065,23.717634,30.886752,-0.706512,-0.871859,-3.150289,0.166040,0.021007,3.087886,16.000000,120.370370,0.192993,4.000000,42.744570,32.666667,48.507937,1.000000,-0.011816,0.058803,-0.070618,16.202065,23.717634,30.886752,-0.706512,-0.871859,-3.150289,0.166040,0.021007,2.632862,5.000000,98.901099,0.526572,3.000000,66.685333,95.380435,81.068841,1.000000,0.227528,-0.047687,0.275215,25.241764,38.177891,14.928626,1.459491,1.109872,-1.453396,0.944772,0.033300,2.593085,1.000000,63.785047,2.593085,2.000000,48.483364,41.576087,67.049889,0.000000,-0.122078,-0.327182,0.205104,21.305802,29.249625,20.681753,0.004437,-0.729926,-3.522852,0.502131,0.020820,4.237624,13.000000,79.850746,0.325971,3.000000,53.887909,60.514019,79.857860,1.000000,-0.133166,-0.376778,0.243612,21.624764,32.769492,14.549277,0.448941,-0.312287,-3.098398,0.718198,0.020668,5.039489,23.000000,264.039409,0.219108,4.000000,31.933533,42.673522,28.410107,1.000000,-0.651456,-0.613255,-0.038201,20.043705,13.509965,30.921213,-0.840161,-1.921821,-4.572887,0.270659,0.036328,1.945749,16.000000,52.590674,0.121609,3.000000,48.308003,56.632653,73.276506,1.000000,-0.186788,-0.303684,0.116896,12.035509,23.072596,18.248657,0.012712,-0.643377,-2.626065,0.508156,0.015588,3.567797,12.000000,108.426966,0.297316,4.000000,34.656076,8.549223,4.394995,0.000000,-0.576885,-0.491409,-0.085476,15.908326,15.752406,26.271054,-1.361164,-2.230689,-3.960825,-0.018402,0.025904,3.402466,6.000000,95.442359,0.567078,3.000000,3.442230,6.000000,161.471861,0.573705,4.000000,2.178218,0.000000,40.812721,0.000000,8.000000,5.066691,10.000000,156.786704,0.506669,8.000000,3.339500,14.000000,154.273504,0.238536,1.000000,2.118798,4.000000,77.740864,0.529699,2.000000,2.801824,5.000000,47.031250,0.560365,3.000000,5.622419,0.000000,84.099869,0.000000,7.000000,7.164376,16.000000,306.854839,0.447773,7.000000,2.281509,13.000000,130.526316,0.175501,4.000000,1.779026,22.000000,59.375000,0.080865,3.000000,2.909091,1.000000,137.931034,2.909091,4.000000,4.000000,4.000000,105.000000,-1.000000,,,,39.746833,31.764706,32.572901,-1.501424,-1.476155,-0.025269,22.123451,11.447859,21.308350,-1.942779,-3.964281,0.284777,0.088548,,0.000000,,37.794196,15.000000,54.184149,-0.090854,-0.047425,-0.043429,19.637239,10.977323,23.442017,-1.415413,-1.597862,-0.209722,0.019665,0.867687,0.714286,138.000000,264.039409,52.590674,0.960080,0.654561
2026-01-22T05:45:00Z,0.932329,no_impulse,0,BERGEPAINT,1h,1.000000,97.577855,2.786561,9.000000,0.309618,-0.482655,-0.753942,-2.954724,2.776443,7.000000,138.277512,0.396635,4.000000,42.763255,41.368078,55.042314,0.000000,-0.178203,-0.114091,-0.064112,13.721538,16.083431,23.520199,-0.861589,-1.161394,-3.449394,0.130691,0.023130,2.049020,0.000000,64.307692,0.000000,4.000000,42.744570,32.666667,48.507937,0.000000,-0.011816,0.058803,-0.070618,16.202065,23.717634,30.886752,-0.706512,-0.871859,-3.150289,0.166040,0.021007,3.087886,16.000000,120.370370,0.192993,4.000000,42.744570,32.666667,48.507937,1.000000,-0.011816,0.058803,-0.070618,16.202065,23.717634,30.886752,-0.706512,-0.871859,-3.150289,0.166040,0.021007,2.632862,5.000000,98.901099,0.526572,3.000000,66.685333,95.380435,81.068841,1.000000,0.227528,-0.047687,0.275215,25.241764,38.177891,14.928626,1.459491,1.109872,-1.453396,0.944772,0.033300,2.593085,1.000000,63.785047,2.593085,2.000000,48.483364,41.576087,67.049889,0.000000,-0.122078,-0.327182,0.205104,21.305802,29.249625,20.681753,0.004437,-0.729926,-3.522852,0.502131,0.020820,4.237624,13.000000,79.850746,0.325971,3.000000,53.887909,60.514019,79.857860,1.000000,-0.133166,-0.376778,0.243612,21.624764,32.769492,14.549277,0.448941,-0.312287,-3.098398,0.718198,0.020668,5.039489,23.000000,264.039409,0.219108,4.000000,31.933533,42.673522,28.410107,1.000000,-0.651456,-0.613255,-0.038201,20.043705,13.509965,30.921213,-0.840161,-1.921821,-4.572887,0.270659,0.036328,1.945749,16.000000,52.590674,0.121609,3.000000,48.308003,56.632653,73.276506,1.000000,-0.186788,-0.303684,0.116896,12.035509,23.072596,18.248657,0.012712,-0.643377,-2.626065,0.508156,0.015588,3.567797,12.000000,108.426966,0.297316,4.000000,3.402466,6.000000,95.442359,0.567078,3.000000,3.442230,6.000000,161.471861,0.573705,4.000000,2.178218,0.000000,40.812721,0.000000,8.000000,5.066691,10.000000,156.786704,0.506669,8.000000,3.339500,14.000000,154.273504,0.238536,1.000000,2.118798,4.000000,77.740864,0.529699,2.000000,2.801824,5.000000,47.031250,0.560365,3.000000,5.622419,0.000000,84.099869,0.000000,7.000000,7.164376,16.000000,306.854839,0.447773,7.000000,2.281509,13.000000,130.526316,0.175501,4.000000,1.779026,22.000000,59.375000,0.080865,3.000000,3.000000,5.000000,114.000000,-1.000000,,,,35.449332,8.974359,22.249137,-1.621565,-1.523842,-0.097724,22.338596,11.774814,19.681515,-3.210828,-5.382466,0.152121,0.089426,,0.000000,,57.726440,71.250000,62.459677,0.124262,0.112542,0.011720,14.297232,20.589074,11.216813,0.292080,0.388232,0.963574,0.006319,0.889354,0.909091,147.000000,264.039409,52.590674,0.964477,0.836191
2026-01-27T03:45:00Z,0.883481,no_impulse,0,BERGEPAINT,1h,-1.000000,193.262411,5.239377,12.000000,0.436615,-2.431924,-3.336320,-5.979390,2.786561,9.000000,97.577855,0.309618,3.000000,44.576792,53.900709,70.704998,0.000000,-0.111697,-0.126620,0.014923,11.219753,15.390926,20.312043,-0.482655,-0.753942,-2.954724,0.244090,0.018770,2.776443,7.000000,138.277512,0.396635,4.000000,42.763255,41.368078,55.042314,0.000000,-0.178203,-0.114091,-0.064112,13.721538,16.083431,23.520199,-0.861589,-1.161394,-3.449394,0.130691,0.023130,2.049020,0.000000,64.307692,0.000000,4.000000,42.744570,32.666667,48.507937,0.000000,-0.011816,0.058803,-0.070618,16.202065,23.717634,30.886752,-0.706512,-0.871859,-3.150289,0.166040,0.021007,3.087886,16.000000,120.370370,0.192993,4.000000,42.744570,32.666667,48.507937,1.000000,-0.011816,0.058803,-0.070618,16.202065,23.717634,30.886752,-0.706512,-0.871859,-3.150289,0.166040,0.021007,2.632862,5.000000,98.901099,0.526572,3.000000,66.685333,95.380435,81.068841,1.000000,0.227528,-0.047687,0.275215,25.241764,38.177891,14.928626,1.459491,1.109872,-1.453396,0.944772,0.033300,2.593085,1.000000,63.785047,2.593085,2.000000,48.483364,41.576087,67.049889,0.000000,-0.122078,-0.327182,0.205104,21.305802,29.249625,20.681753,0.004437,-0.729926,-3.522852,0.502131,0.020820,4.237624,13.000000,79.850746,0.325971,3.000000,53.887909,60.514019,79.857860,1.000000,-0.133166,-0.376778,0.243612,21.624764,32.769492,14.549277,0.448941,-0.312287,-3.098398,0.718198,0.020668,5.039489,23.000000,264.039409,0.219108,4.000000,31.933533,42.673522,28.410107,1.000000,-0.651456,-0.613255,-0.038201,20.043705,13.509965,30.921213,-0.840161,-1.921821,-4.572887,0.270659,0.036328,1.945749,16.000000,52.590674,0.121609,3.000000,3.567797,12.000000,108.426966,0.297316,4.000000,3.402466,6.000000,95.442359,0.567078,3.000000,3.442230,6.000000,161.471861,0.573705,4.000000,2.178218,0.000000,40.812721,0.000000,8.000000,5.066691,10.000000,156.786704,0.506669,8.000000,3.339500,14.000000,154.273504,0.238536,1.000000,2.118798,4.000000,77.740864,0.529699,2.000000,2.801824,5.000000,47.031250,0.560365,3.000000,5.622419,0.000000,84.099869,0.000000,7.000000,7.164376,16.000000,306.854839,0.447773,7.000000,2.281509,13.000000,130.526316,0.175501,4.000000,4.000000,6.000000,126.000000,-1.000000,,,,29.733483,14.519906,10.000372,-1.989671,-1.681677,-0.307994,24.529513,10.144187,26.871869,-4.920655,-7.493633,-0.047784,0.085615,,0.000000,,23.461014,24.315068,39.376500,-0.397446,-0.316923,-0.080523,25.672711,7.966842,39.035523,-1.768455,-2.401899,-0.370450,0.019964,1.705720,1.176471,159.000000,264.039409,52.590674,0.965040,0.915585
2026-01-27T03:45:00Z,0.907054,no_impulse,0,BERGEPAINT,1h,1.000000,48.256881,2.668155,0.000000,0.000000,-2.431924,-3.336320,-5.979390,5.239377,12.000000,193.262411,0.436615,4.000000,29.136886,13.577982,13.192661,1.000000,-0.741005,-0.539881,-0.201124,27.170322,7.141590,32.985854,-2.431924,-3.336320,-5.979390,-0.046761,0.043423,2.786561,9.000000,97.577855,0.309618,3.000000,44.576792,53.900709,70.704998,0.000000,-0.111697,-0.126620,0.014923,11.219753,15.390926,20.312043,-0.482655,-0.753942,-2.954724,0.244090,0.018770,2.776443,7.000000,138.277512,0.396635,4.000000,42.763255,41.368078,55.042314,0.000000,-0.178203,-0.114091,-0.064112,13.721538,16.083431,23.520199,-0.861589,-1.161394,-3.449394,0.130691,0.023130,2.049020,0.000000,64.307692,0.000000,4.000000,42.744570,32.666667,48.507937,0.000000,-0.011816,0.058803,-0.070618,16.202065,23.717634,30.886752,-0.706512,-0.871859,-3.150289,0.166040,0.021007,3.087886,16.000000,120.370370,0.192993,4.000000,42.744570,32.666667,48.507937,1.000000,-0.011816,0.058803,-0.070618,16.202065,23.717634,30.886752,-0.706512,-0.871859,-3.150289,0.166040,0.021007,2.632862,5.000000,98.901099,0.526572,3.000000,66.685333,95.380435,81.068841,1.000000,0.227528,-0.047687,0.275215,25.241764,38.177891,14.928626,1.459491,1.109872,-1.453396,0.944772,0.033300,2.593085,1.000000,63.785047,2.593085,2.000000,48.483364,41.576087,67.049889,0.000000,-0.122078,-0.327182,0.205104,21.305802,29.249625,20.681753,0.004437,-0.729926,-3.522852,0.502131,0.020820,4.237624,13.000000,79.850746,0.325971,3.000000,53.887909,60.514019,79.857860,1.000000,-0.133166,-0.376778,0.243612,21.624764,32.769492,14.549277,0.448941,-0.312287,-3.098398,0.718198,0.020668,5.039489,23.000000,264.039409,0.219108,4.000000,1.945749,16.000000,52.590674,0.121609,3.000000,3.567797,12.000000,108.426966,0.297316,4.000000,3.402466,6.000000,95.442359,0.567078,3.000000,3.442230,6.000000,161.471861,0.573705,4.000000,2.178218,0.000000,40.812721,0.000000,8.000000,5.066691,10.000000,156.786704,0.506669,8.000000,3.339500,14.000000,154.273504,0.238536,1.000000,2.118798,4.000000,77.740864,0.529699,2.000000,2.801824,5.000000,47.031250,0.560365,3.000000,5.622419,0.000000,84.099869,0.000000,7.000000,7.164376,16.000000,306.854839,0.447773,7.000000,4.000000,7.000000,126.000000,-1.000000,,,,29.733483,14.519906,10.000372,-1.989671,-1.681677,-0.307994,24.529513,10.144187,26.871869,-4.920655,-7.493633,-0.047784,0.085615,,0.000000,,23.461014,24.315068,39.376500,-0.397446,-0.316923,-0.080523,25.672711,7.966842,39.035523,-1.768455,-2.401899,-0.370450,0.019964,0.823807,0.000000,159.000000,264.039409,52.590674,1.181109,1.390310
2026-01-29T03:45:00Z,0.835440,no_impulse,0,BERGEPAINT,1h,-1.000000,303.802281,7.895257,14.000000,0.563947,-4.742315,-7.158983,-11.363415,2.668155,0.000000,48.256881,0.000000,4.000000,29.136886,13.577982,13.192661,0.000000,-0.741005,-0.539881,-0.201124,27.170322,7.141590,32.985854,-2.431924,-3.336320,-5.979390,-0.046761,0.043423,5.239377,12.000000,193.262411,0.436615,4.000000,29.136886,13.577982,13.192661,1.000000,-0.741005,-0.539881,-0.201124,27.170322,7.141590,32.985854,-2.431924,-3.336320,-5.979390,-0.046761,0.043423,2.786561,9.000000,97.577855,0.309618,3.000000,44.576792,53.900709,70.704998,0.000000,-0.111697,-0.126620,0.014923,11.219753,15.390926,20.312043,-0.482655,-0.753942,-2.954724,0.244090,0.018770,2.776443,7.000000,138.277512,0.396635,4.000000,42.763255,41.368078,55.042314,0.000000,-0.178203,-0.114091,-0.064112,13.721538,16.083431,23.520199,-0.861589,-1.161394,-3.449394,0.130691,0.023130,2.049020,0.000000,64.307692,0.000000,4.000000,42.744570,32.666667,48.507937,0.000000,-0.011816,0.058803,-0.070618,16.202065,23.717634,30.886752,-0.706512,-0.871859,-3.150289,0.166040,0.021007,3.087886,16.000000,120.370370,0.192993,4.000000,42.744570,32.666667,48.507937,1.000000,-0.011816,0.058803,-0.070618,16.202065,23.717634,30.886752,-0.706512,-0.871859,-3.150289,0.166040,0.021007,2.632862,5.000000,98.901099,0.526572,3.000000,66.685333,95.380435,81.068841,1.000000,0.227528,-0.047687,0.275215,25.241764,38.177891,14.928626,1.459491,1.109872,-1.453396,0.944772,0.033300,2.593085,1.000000,63.785047,2.593085,2.000000,48.483364,41.576087,67.049889,0.000000,-0.122078,-0.327182,0.205104,21.305802,29.249625,20.681753,0.004437,-0.729926,-3.522852,0.502131,0.020820,4.237624,13.000000,79.850746,0.325971,3.000000,5.039489,23.000000,264.039409,0.219108,4.000000,1.945749,16.000000,52.590674,0.121609,3.000000,3.567797,12.000000,108.426966,0.297316,4.000000,3.402466,6.000000,95.442359,0.567078,3.000000,3.442230,6.000000,161.471861,0.573705,4.000000,2.178218,0.000000,40.812721,0.000000,8.000000,5.066691,10.000000,156.786704,0.506669,8.000000,3.339500,14.000000,154.273504,0.238536,1.000000,2.118798,4.000000,77.740864,0.529699,2.000000,2.801824,5.000000,47.031250,0.560365,3.000000,5.622419,0.000000,84.099869,0.000000,7.000000,4.000000,8.000000,140.000000,-1.000000,,,,20.268831,2.675841,6.668997,-3.144591,-2.189508,-0.955083,29.225775,8.242054,36.111250,-10.205987,-13.850082,-0.178711,0.136447,,0.000000,,16.372203,3.164557,13.829303,-0.815284,-0.672420,-0.142864,48.899378,6.727861,47.785664,-2.533292,-3.927423,-0.349744,0.029076,2.384517,1.627907,,264.039409,48.256881,1.113385,1.351399
2026-01-29T03:45:00Z,0.860446,no_impulse,0,BERGEPAINT,1h,1.000000,34.918648,2.993241,0.000000,0.000000,-4.742315,-7.158983,-11.363415,7.895257,14.000000,303.802281,0.563947,4.000000,16.632750,5.308465,5.505624,1.000000,-1.880061,-1.510982,-0.369079,50.659842,6.627016,48.015840,-4.742315,-7.158983,-11.363415,-0.036431,0.084402,2.668155,0.000000,48.256881,0.000000,4.000000,29.136886,13.577982,13.192661,0.000000,-0.741005,-0.539881,-0.201124,27.170322,7.141590,32.985854,-2.431924,-3.336320,-5.979390,-0.046761,0.043423,5.239377,12.000000,193.262411,0.436615,4.000000,29.136886,13.577982,13.192661,1.000000,-0.741005,-0.539881,-0.201124,27.170322,7.141590,32.985854,-2.431924,-3.336320,-5.979390,-0.046761,0.043423,2.786561,9.000000,97.577855,0.309618,3.000000,44.576792,53.900709,70.704998,0.000000,-0.111697,-0.126620,0.014923,11.219753,15.390926,20.312043,-0.482655,-0.753942,-2.954724,0.244090,0.018770,2.776443,7.000000,138.277512,0.396635,4.000000,42.763255,41.368078,55.042314,0.000000,-0.178203,-0.114091,-0.064112,13.721538,16.083431,23.520199,-0.861589,-1.161394,-3.449394,0.130691,0.023130,2.049020,0.000000,64.307692,0.000000,4.000000,42.744570,32.666667,48.507937,0.000000,-0.011816,0.058803,-0.070618,16.202065,23.717634,30.886752,-0.706512,-0.871859,-3.150289,0.166040,0.021007,3.087886,16.000000,120.370370,0.192993,4.000000,42.744570,32.666667,48.507937,1.000000,-0.011816,0.058803,-0.070618,16.202065,23.717634,30.886752,-0.706512,-0.871859,-3.150289,0.166040,0.021007,2.632862,5.000000,98.901099,0.526572,3.000000,66.685333,95.380435,81.068841,1.000000,0.227528,-0.047687,0.275215,25.241764,38.177891,14.928626,1.459491,1.109872,-1.453396,0.944772,0.033300,2.593085,1.000000,63.785047,2.593085,2.000000,4.237624,13.000000,79.850746,0.325971,3.000000,5.039489,23.000000,264.039409,0.219108,4.000000,1.945749,16.000000,52.590674,0.121609,3.000000,3.567797,12.000000,108.426966,0.297316,4.000000,3.402466,6.000000,95.442359,0.567078,3.000000,3.442230,6.000000,161.471861,0.573705,4.000000,2.178218,0.000000,40.812721,0.000000,8.000000,5.066691,10.000000,156.786704,0.506669,8.000000,3.339500,14.000000,154.273504,0.238536,1.000000,2.118798,4.000000,77.740864,0.529699,2.000000,2.801824,5.000000,47.031250,0.560365,3.000000,4.000000,9.000000,140.000000,-1.000000,,,,20.268831,2.675841,6.668997,-3.144591,-2.189508,-0.955083,29.225775,8.242054,36.111250,-10.205987,-13.850082,-0.178711,0.136447,,0.000000,,16.372203,3.164557,13.829303,-0.815284,-0.672420,-0.142864,48.899378,6.727861,47.785664,-2.533292,-3.927423,-0.349744,0.029076,0.832236,0.000000,0.000000,303.802281,48.256881,1.775404,2.076030
2026-01-30T03:45:00Z,0.823250,no_impulse,0,BERGEPAINT,1h,-1.000000,148.745520,4.322917,7.000000,0.617560,-3.099266,-6.424709,-11.826678,2.993241,0.000000,34.918648,0.000000,4.000000,16.632750,5.308465,5.505624,0.000000,-1.880061,-1.510982,-0.369079,50.659842,6.627016,48.015840,-4.742315,-7.158983,-11.363415,-0.036431,0.084402,7.895257,14.000000,303.802281,0.563947,4.000000,16.632750,5.308465,5.505624,1.000000,-1.880061,-1.510982,-0.369079,50.659842,6.627016,48.015840,-4.742315,-7.158983,-11.363415,-0.036431,0.084402,2.668155,0.000000,48.256881,0.000000,4.000000,29.136886,13.577982,13.192661,0.000000,-0.741005,-0.539881,-0.201124,27.170322,7.141590,32.985854,-2.431924,-3.336320,-5.979390,-0.046761,0.043423,5.239377,12.000000,193.262411,0.436615,4.000000,29.136886,13.577982,13.192661,1.000000,-0.741005,-0.539881,-0.201124,27.170322,7.141590,32.985854,-2.431924,-3.336320,-5.979390,-0.046761,0.043423,2.786561,9.000000,97.577855,0.309618,3.000000,44.576792,53.900709,70.704998,0.000000,-0.111697,-0.126620,0.014923,11.219753,15.390926,20.312043,-0.482655,-0.753942,-2.954724,0.244090,0.018770,2.776443,7.000000,138.277512,0.396635,4.000000,42.763255,41.368078,55.042314,0.000000,-0.178203,-0.114091,-0.064112,13.721538,16.083431,23.520199,-0.861589,-1.161394,-3.449394,0.130691,0.023130,2.049020,0.000000,64.307692,0.000000,4.000000,42.744570,32.666667,48.507937,0.000000,-0.011816,0.058803,-0.070618,16.202065,23.717634,30.886752,-0.706512,-0.871859,-3.150289,0.166040,0.021007,3.087886,16.000000,120.370370,0.192993,4.000000,42.744570,32.666667,48.507937,1.000000,-0.011816,0.058803,-0.070618,16.202065,23.717634,30.886752,-0.706512,-0.871859,-3.150289,0.166040,0.021007,2.632862,5.000000,98.901099,0.526572,3.000000,2.593085,1.000000,63.785047,2.593085,2.000000,4.237624,13.000000,79.850746,0.325971,3.000000,5.039489,23.000000,264.039409,0.219108,4.000000,1.945749,16.000000,52.590674,0.121609,3.000000,3.567797,12.000000,108.426966,0.297316,4.000000,3.402466,6.000000,95.442359,0.567078,3.000000,3.442230,6.000000,161.471861,0.573705,4.000000,2.178218,0.000000,40.812721,0.000000,8.000000,5.066691,10.000000,156.786704,0.506669,8.000000,3.339500,14.000000,154.273504,0.238536,1.000000,2.118798,4.000000,77.740864,0.529699,2.000000,4.000000,10.000000,147.000000,-1.000000,,,,20.133611,5.435592,3.640893,-3.577441,-2.469365,-1.108076,31.710420,7.913947,36.065620,-9.363230,-13.448724,-0.043778,0.157446,,0.000000,,30.152643,29.940120,30.516602,-0.629682,-0.776272,0.146590,48.095252,12.396613,34.094793,-0.815377,-2.510735,-0.513711,0.007978,1.245012,1.093750,7.000000,303.802281,34.918648,1.769083,1.254969
2026-02-01T03:45:00Z,0.840728,no_impulse,0,BERGEPAINT,1h,1.000000,46.987952,2.123027,7.000000,0.303290,-1.299218,-4.548431,-10.659502,4.322917,7.000000,148.745520,0.617560,4.000000,21.954599,10.569106,7.170112,1.000000,-2.338794,-2.165162,-0.173632,58.575794,7.607854,40.248164,-3.099266,-6.424709,-11.826678,0.211915,0.104348,2.993241,0.000000,34.918648,0.000000,4.000000,16.632750,5.308465,5.505624,0.000000,-1.880061,-1.510982,-0.369079,50.659842,6.627016,48.015840,-4.742315,-7.158983,-11.363415,-0.036431,0.084402,7.895257,14.000000,303.802281,0.563947,4.000000,16.632750,5.308465,5.505624,1.000000,-1.880061,-1.510982,-0.369079,50.659842,6.627016,48.015840,-4.742315,-7.158983,-11.363415,-0.036431,0.084402,2.668155,0.000000,48.256881,0.000000,4.000000,29.136886,13.577982,13.192661,0.000000,-0.741005,-0.539881,-0.201124,27.170322,7.141590,32.985854,-2.431924,-3.336320,-5.979390,-0.046761,0.043423,5.239377,12.000000,193.262411,0.436615,4.000000,29.136886,13.577982,13.192661,1.000000,-0.741005,-0.539881,-0.201124,27.170322,7.141590,32.985854,-2.431924,-3.336320,-5.979390,-0.046761,0.043423,2.786561,9.000000,97.577855,0.309618,3.000000,44.576792,53.900709,70.704998,0.000000,-0.111697,-0.126620,0.014923,11.219753,15.390926,20.312043,-0.482655,-0.753942,-2.954724,0.244090,0.018770,2.776443,7.000000,138.277512,0.396635,4.000000,42.763255,41.368078,55.042314,0.000000,-0.178203,-0.114091,-0.064112,13.721538,16.083431,23.520199,-0.861589,-1.161394,-3.449394,0.130691,0.023130,2.049020,0.000000,64.307692,0.000000,4.000000,42.744570,32.666667,48.507937,0.000000,-0.011816,0.058803,-0.070618,16.202065,23.717634,30.886752,-0.706512,-0.871859,-3.150289,0.166040,0.021007,3.087886,16.000000,120.370370,0.192993,4.000000,2.632862,5.000000,98.901099,0.526572,3.000000,2.593085,1.000000,63.785047,2.593085,2.000000,4.237624,13.000000,79.850746,0.325971,3.000000,5.039489,23.000000,264.039409,0.219108,4.000000,1.945749,16.000000,52.590674,0.121609,3.000000,3.567797,12.000000,108.426966,0.297316,4.000000,3.402466,6.000000,95.442359,0.567078,3.000000,3.442230,6.000000,161.471861,0.573705,4.000000,2.178218,0.000000,40.812721,0.000000,8.000000,5.066691,10.000000,156.786704,0.506669,8.000000,3.339500,14.000000,154.273504,0.238536,1.000000,3.000000,11.000000,154.000000,-1.000000,,,,20.121564,5.361132,4.490855,-3.873887,-2.750483,-1.123404,33.616540,9.000680,34.267770,-8.482183,-12.933098,0.048124,0.173033,,0.000000,,34.209117,8.571429,24.168618,-0.182942,-0.180473,-0.002469,16.801156,32.835074,15.590844,-0.523556,-1.320527,-0.163125,0.007854,0.582422,1.000000,14.000000,303.802281,34.918648,1.758110,1.422413
2026-02-02T04:45:00Z,0.811777,no_impulse,0,BERGEPAINT,1h,-1.000000,165.641026,3.443497,8.000000,0.430437,-1.060728,-3.996708,-10.704509,2.123027,7.000000,46.987952,0.303290,3.000000,30.343793,49.743590,28.388425,0.000000,-1.752551,-1.992676,0.240124,58.673329,15.658853,27.807083,-1.299218,-4.548431,-10.659502,0.310459,0.067666,4.322917,7.000000,148.745520,0.617560,4.000000,21.954599,10.569106,7.170112,1.000000,-2.338794,-2.165162,-0.173632,58.575794,7.607854,40.248164,-3.099266,-6.424709,-11.826678,0.211915,0.104348,2.993241,0.000000,34.918648,0.000000,4.000000,16.632750,5.308465,5.505624,0.000000,-1.880061,-1.510982,-0.369079,50.659842,6.627016,48.015840,-4.742315,-7.158983,-11.363415,-0.036431,0.084402,7.895257,14.000000,303.802281,0.563947,4.000000,16.632750,5.308465,5.505624,1.000000,-1.880061,-1.510982,-0.369079,50.659842,6.627016,48.015840,-4.742315,-7.158983,-11.363415,-0.036431,0.084402,2.668155,0.000000,48.256881,0.000000,4.000000,29.136886,13.577982,13.192661,0.000000,-0.741005,-0.539881,-0.201124,27.170322,7.141590,32.985854,-2.431924,-3.336320,-5.979390,-0.046761,0.043423,5.239377,12.000000,193.262411,0.436615,4.000000,29.136886,13.577982,13.192661,1.000000,-0.741005,-0.539881,-0.201124,27.170322,7.141590,32.985854,-2.431924,-3.336320,-5.979390,-0.046761,0.043423,2.786561,9.000000,97.577855,0.309618,3.000000,44.576792,53.900709,70.704998,0.000000,-0.111697,-0.126620,0.014923,11.219753,15.390926,20.312043,-0.482655,-0.753942,-2.954724,0.244090,0.018770,2.776443,7.000000,138.277512,0.396635,4.000000,42.763255,41.368078,55.042314,0.000000,-0.178203,-0.114091,-0.064112,13.721538,16.083431,23.520199,-0.861589,-1.161394,-3.449394,0.130691,0.023130,2.049020,0.000000,64.307692,0.000000,4.000000,3.087886,16.000000,120.370370,0.192993,4.000000,2.632862,5.000000,98.901099,0.526572,3.000000,2.593085,1.000000,63.785047,2.593085,2.000000,4.237624,13.000000,79.850746,0.325971,3.000000,5.039489,23.000000,264.039409,0.219108,4.000000,1.945749,16.000000,52.590674,0.121609,3.000000,3.567797,12.000000,108.426966,0.297316,4.000000,3.402466,6.000000,95.442359,0.567078,3.000000,3.442230,6.000000,161.471861,0.573705,4.000000,2.178218,0.000000,40.812721,0.000000,8.000000,5.066691,10.000000,156.786704,0.506669,8.000000,4.000000,12.000000,162.000000,-1.000000,,,,23.380120,18.082937,9.626554,-3.976468,-2.980103,-0.996366,35.668716,8.121245,35.016072,-6.979522,-11.657787,0.147484,0.185075,,0.000000,,29.885044,15.901060,18.610130,-0.460333,-0.270560,-0.189773,27.393352,8.040867,31.887774,-1.111353,-1.758621,0.121573,0.029045,0.958074,1.111111,22.000000,303.802281,34.918648,1.797675,0.597311
2026-02-03T03:45:00Z,0.860446,no_impulse,0,BERGEPAINT,1h,1.000000,168.111455,5.995363,6.000000,0.999227,1.060622,-1.091723,-7.658077,3.443497,8.000000,165.641026,0.430437,4.000000,35.768437,46.130031,24.245924,0.000000,-1.281177,-1.475810,0.194633,52.398676,7.879907,31.617027,-1.060728,-3.996708,-10.704509,-0.064577,0.018591,2.123027,7.000000,46.987952,0.303290,3.000000,30.343793,49.743590,28.388425,0.000000,-1.752551,-1.992676,0.240124,58.673329,15.658853,27.807083,-1.299218,-4.548431,-10.659502,0.310459,0.067666,4.322917,7.000000,148.745520,0.617560,4.000000,21.954599,10.569106,7.170112,1.000000,-2.338794,-2.165162,-0.173632,58.575794,7.607854,40.248164,-3.099266,-6.424709,-11.826678,0.211915,0.104348,2.993241,0.000000,34.918648,0.000000,4.000000,16.632750,5.308465,5.505624,0.000000,-1.880061,-1.510982,-0.369079,50.659842,6.627016,48.015840,-4.742315,-7.158983,-11.363415,-0.036431,0.084402,7.895257,14.000000,303.802281,0.563947,4.000000,16.632750,5.308465,5.505624,1.000000,-1.880061,-1.510982,-0.369079,50.659842,6.627016,48.015840,-4.742315,-7.158983,-11.363415,-0.036431,0.084402,2.668155,0.000000,48.256881,0.000000,4.000000,29.136886,13.577982,13.192661,0.000000,-0.741005,-0.539881,-0.201124,27.170322,7.141590,32.985854,-2.431924,-3.336320,-5.979390,-0.046761,0.043423,5.239377,12.000000,193.262411,0.436615,4.000000,29.136886,13.577982,13.192661,1.000000,-0.741005,-0.539881,-0.201124,27.170322,7.141590,32.985854,-2.431924,-3.336320,-5.979390,-0.046761,0.043423,2.786561,9.000000,97.577855,0.309618,3.000000,44.576792,53.900709,70.704998,0.000000,-0.111697,-0.126620,0.014923,11.219753,15.390926,20.312043,-0.482655,-0.753942,-2.954724,0.244090,0.018770,2.776443,7.000000,138.277512,0.396635,4.000000,2.049020,0.000000,64.307692,0.000000,4.000000,3.087886,16.000000,120.370370,0.192993,4.000000,2.632862,5.000000,98.901099,0.526572,3.000000,2.593085,1.000000,63.785047,2.593085,2.000000,4.237624,13.000000,79.850746,0.325971,3.000000,5.039489,23.000000,264.039409,0.219108,4.000000,1.945749,16.000000,52.590674,0.121609,3.000000,3.567797,12.000000,108.426966,0.297316,4.000000,3.402466,6.000000,95.442359,0.567078,3.000000,3.442230,6.000000,161.471861,0.573705,4.000000,2.178218,0.000000,40.812721,0.000000,8.000000,7.000000,13.000000,168.000000,-1.000000,,,,35.344420,37.057221,20.167096,-3.685249,-3.052100,-0.633149,36.104798,13.211391,32.168192,-3.512192,-8.094320,0.316139,0.184543,,0.000000,,78.421000,51.123596,80.755017,0.382303,0.227636,0.154667,22.912898,47.771055,8.707291,1.370534,1.557145,1.116956,0.022523,1.651729,0.937500,28.000000,303.802281,34.918648,1.790048,0.729490
2026-02-03T03:45:00Z,0.840100,no_impulse,0,BERGEPAINT,1h,-1.000000,41.804788,2.364583,0.000000,0.000000,1.060622,-1.091723,-7.658077,5.995363,6.000000,168.111455,0.999227,7.000000,55.793686,66.850829,80.222199,1.000000,-0.464425,-0.922421,0.457995,43.975122,30.379157,19.790508,1.060622,-1.091723,-7.658077,0.895541,0.027102,3.443497,8.000000,165.641026,0.430437,4.000000,35.768437,46.130031,24.245924,0.000000,-1.281177,-1.475810,0.194633,52.398676,7.879907,31.617027,-1.060728,-3.996708,-10.704509,-0.064577,0.018591,2.123027,7.000000,46.987952,0.303290,3.000000,30.343793,49.743590,28.388425,0.000000,-1.752551,-1.992676,0.240124,58.673329,15.658853,27.807083,-1.299218,-4.548431,-10.659502,0.310459,0.067666,4.322917,7.000000,148.745520,0.617560,4.000000,21.954599,10.569106,7.170112,1.000000,-2.338794,-2.165162,-0.173632,58.575794,7.607854,40.248164,-3.099266,-6.424709,-11.826678,0.211915,0.104348,2.993241,0.000000,34.918648,0.000000,4.000000,16.632750,5.308465,5.505624,0.000000,-1.880061,-1.510982,-0.369079,50.659842,6.627016,48.015840,-4.742315,-7.158983,-11.363415,-0.036431,0.084402,7.895257,14.000000,303.802281,0.563947,4.000000,16.632750,5.308465,5.505624,1.000000,-1.880061,-1.510982,-0.369079,50.659842,6.627016,48.015840,-4.742315,-7.158983,-11.363415,-0.036431,0.084402,2.668155,0.000000,48.256881,0.000000,4.000000,29.136886,13.577982,13.192661,0.000000,-0.741005,-0.539881,-0.201124,27.170322,7.141590,32.985854,-2.431924,-3.336320,-5.979390,-0.046761,0.043423,5.239377,12.000000,193.262411,0.436615,4.000000,29.136886,13.577982,13.192661,1.000000,-0.741005,-0.539881,-0.201124,27.170322,7.141590,32.985854,-2.431924,-3.336320,-5.979390,-0.046761,0.043423,2.786561,9.000000,97.577855,0.309618,3.000000,2.776443,7.000000,138.277512,0.396635,4.000000,2.049020,0.000000,64.307692,0.000000,4.000000,3.087886,16.000000,120.370370,0.192993,4.000000,2.632862,5.000000,98.901099,0.526572,3.000000,2.593085,1.000000,63.785047,2.593085,2.000000,4.237624,13.000000,79.850746,0.325971,3.000000,5.039489,23.000000,264.039409,0.219108,4.000000,1.945749,16.000000,52.590674,0.121609,3.000000,3.567797,12.000000,108.426966,0.297316,4.000000,3.402466,6.000000,95.442359,0.567078,3.000000,3.442230,6.000000,161.471861,0.573705,4.000000,7.000000,14.000000,0.000000,-1.000000,,,,35.344420,37.057221,20.167096,-3.685249,-3.052100,-0.633149,36.104798,13.211391,32.168192,-3.512192,-8.094320,0.316139,0.184543,,0.000000,,78.421000,51.123596,80.755017,0.382303,0.227636,0.154667,22.912898,47.771055,8.707291,1.370534,1.557145,1.116956,0.022523,0.587564,0.000000,,303.802281,34.918648,1.837223,0.760080
2026-02-03T09:45:00Z,0.862239,no_impulse,0,BERGEPAINT,1h,1.000000,108.810573,2.635229,6.000000,0.439205,2.001689,0.877697,-5.184793,2.364583,0.000000,41.804788,0.000000,7.000000,55.793686,66.850829,80.222199,0.000000,-0.464425,-0.922421,0.457995,43.975122,30.379157,19.790508,1.060622,-1.091723,-7.658077,0.895541,0.027102,5.995363,6.000000,168.111455,0.999227,7.000000,55.793686,66.850829,80.222199,1.000000,-0.464425,-0.922421,0.457995,43.975122,30.379157,19.790508,1.060622,-1.091723,-7.658077,0.895541,0.027102,3.443497,8.000000,165.641026,0.430437,4.000000,35.768437,46.130031,24.245924,0.000000,-1.281177,-1.475810,0.194633,52.398676,7.879907,31.617027,-1.060728,-3.996708,-10.704509,-0.064577,0.018591,2.123027,7.000000,46.987952,0.303290,3.000000,30.343793,49.743590,28.388425,0.000000,-1.752551,-1.992676,0.240124,58.673329,15.658853,27.807083,-1.299218,-4.548431,-10.659502,0.310459,0.067666,4.322917,7.000000,148.745520,0.617560,4.000000,21.954599,10.569106,7.170112,1.000000,-2.338794,-2.165162,-0.173632,58.575794,7.607854,40.248164,-3.099266,-6.424709,-11.826678,0.211915,0.104348,2.993241,0.000000,34.918648,0.000000,4.000000,16.632750,5.308465,5.505624,0.000000,-1.880061,-1.510982,-0.369079,50.659842,6.627016,48.015840,-4.742315,-7.158983,-11.363415,-0.036431,0.084402,7.895257,14.000000,303.802281,0.563947,4.000000,16.632750,5.308465,5.505624,1.000000,-1.880061,-1.510982,-0.369079,50.659842,6.627016,48.015840,-4.742315,-7.158983,-11.363415,-0.036431,0.084402,2.668155,0.000000,48.256881,0.000000,4.000000,29.136886,13.577982,13.192661,0.000000,-0.741005,-0.539881,-0.201124,27.170322,7.141590,32.985854,-2.431924,-3.336320,-5.979390,-0.046761,0.043423,5.239377,12.000000,193.262411,0.436615,4.000000,2.786561,9.000000,97.577855,0.309618,3.000000,2.776443,7.000000,138.277512,0.396635,4.000000,2.049020,0.000000,64.307692,0.000000,4.000000,3.087886,16.000000,120.370370,0.192993,4.000000,2.632862,5.000000,98.901099,0.526572,3.000000,2.593085,1.000000,63.785047,2.593085,2.000000,4.237624,13.000000,79.850746,0.325971,3.000000,5.039489,23.000000,264.039409,0.219108,4.000000,1.945749,16.000000,52.590674,0.121609,3.000000,3.567797,12.000000,108.426966,0.297316,4.000000,3.402466,6.000000,95.442359,0.567078,3.000000,1.000000,1.000000,6.000000,-1.000000,,,,35.383506,37.252221,30.797460,-3.504103,-3.142246,-0.361856,36.087203,14.002145,29.658004,-3.167944,-7.766079,0.331956,0.182730,,0.000000,,75.458647,94.583333,90.020686,0.664889,0.575574,0.089315,46.370249,38.485357,10.157459,1.120750,2.027055,0.882924,0.029600,0.661586,0.952381,,303.802281,34.918648,1.872584,1.250473
2026-02-04T03:45:00Z,0.842520,no_impulse,0,BERGEPAINT,1h,-1.000000,89.068826,2.286902,1.000000,2.286902,1.764882,0.793687,-5.187430,2.635229,6.000000,108.810573,0.439205,1.000000,69.173230,97.690941,95.715371,1.000000,0.385380,-0.156909,0.542288,38.113912,29.886650,14.610960,2.001689,0.877697,-5.184793,0.857100,0.057199,2.364583,0.000000,41.804788,0.000000,7.000000,55.793686,66.850829,80.222199,0.000000,-0.464425,-0.922421,0.457995,43.975122,30.379157,19.790508,1.060622,-1.091723,-7.658077,0.895541,0.027102,5.995363,6.000000,168.111455,0.999227,7.000000,55.793686,66.850829,80.222199,1.000000,-0.464425,-0.922421,0.457995,43.975122,30.379157,19.790508,1.060622,-1.091723,-7.658077,0.895541,0.027102,3.443497,8.000000,165.641026,0.430437,4.000000,35.768437,46.130031,24.245924,0.000000,-1.281177,-1.475810,0.194633,52.398676,7.879907,31.617027,-1.060728,-3.996708,-10.704509,-0.064577,0.018591,2.123027,7.000000,46.987952,0.303290,3.000000,30.343793,49.743590,28.388425,0.000000,-1.752551,-1.992676,0.240124,58.673329,15.658853,27.807083,-1.299218,-4.548431,-10.659502,0.310459,0.067666,4.322917,7.000000,148.745520,0.617560,4.000000,21.954599,10.569106,7.170112,1.000000,-2.338794,-2.165162,-0.173632,58.575794,7.607854,40.248164,-3.099266,-6.424709,-11.826678,0.211915,0.104348,2.993241,0.000000,34.918648,0.000000,4.000000,16.632750,5.308465,5.505624,0.000000,-1.880061,-1.510982,-0.369079,50.659842,6.627016,48.015840,-4.742315,-7.158983,-11.363415,-0.036431,0.084402,7.895257,14.000000,303.802281,0.563947,4.000000,16.632750,5.308465,5.505624,1.000000,-1.880061,-1.510982,-0.369079,50.659842,6.627016,48.015840,-4.742315,-7.158983,-11.363415,-0.036431,0.084402,2.668155,0.000000,48.256881,0.000000,4.000000,5.239377,12.000000,193.262411,0.436615,4.000000,2.786561,9.000000,97.577855,0.309618,3.000000,2.776443,7.000000,138.277512,0.396635,4.000000,2.049020,0.000000,64.307692,0.000000,4.000000,3.087886,16.000000,120.370370,0.192993,4.000000,2.632862,5.000000,98.901099,0.526572,3.000000,2.593085,1.000000,63.785047,2.593085,2.000000,4.237624,13.000000,79.850746,0.325971,3.000000,5.039489,23.000000,264.039409,0.219108,4.000000,1.945749,16.000000,52.590674,0.121609,3.000000,3.567797,12.000000,108.426966,0.297316,4.000000,2.000000,2.000000,7.000000,-1.000000,,,,35.383506,37.252221,30.797460,-3.504103,-3.142246,-0.361856,36.087203,14.002145,29.658004,-3.167944,-7.766079,0.331956,0.182730,,0.000000,,58.050600,61.250000,82.777778,0.610975,0.586520,0.024454,43.277357,28.590001,30.400886,0.262781,1.157128,0.592159,0.028589,0.576327,0.166667,,303.802281,34.918648,1.883906,1.111810
2026-02-05T03:45:00Z,0.869320,no_impulse,0,BERGEPAINT,1h,1.000000,135.909091,3.180851,7.000000,0.454407,-0.067517,-0.470454,-6.053901,2.286902,1.000000,89.068826,2.286902,2.000000,68.476856,96.802842,97.098875,1.000000,0.480413,-0.029510,0.509922,35.395500,25.315091,25.286681,1.764882,0.793687,-5.187430,0.792156,0.061494,2.635229,6.000000,108.810573,0.439205,1.000000,69.173230,97.690941,95.715371,1.000000,0.385380,-0.156909,0.542288,38.113912,29.886650,14.610960,2.001689,0.877697,-5.184793,0.857100,0.057199,2.364583,0.000000,41.804788,0.000000,7.000000,55.793686,66.850829,80.222199,0.000000,-0.464425,-0.922421,0.457995,43.975122,30.379157,19.790508,1.060622,-1.091723,-7.658077,0.895541,0.027102,5.995363,6.000000,168.111455,0.999227,7.000000,55.793686,66.850829,80.222199,1.000000,-0.464425,-0.922421,0.457995,43.975122,30.379157,19.790508,1.060622,-1.091723,-7.658077,0.895541,0.027102,3.443497,8.000000,165.641026,0.430437,4.000000,35.768437,46.130031,24.245924,0.000000,-1.281177,-1.475810,0.194633,52.398676,7.879907,31.617027,-1.060728,-3.996708,-10.704509,-0.064577,0.018591,2.123027,7.000000,46.987952,0.303290,3.000000,30.343793,49.743590,28.388425,0.000000,-1.752551,-1.992676,0.240124,58.673329,15.658853,27.807083,-1.299218,-4.548431,-10.659502,0.310459,0.067666,4.322917,7.000000,148.745520,0.617560,4.000000,21.954599,10.569106,7.170112,1.000000,-2.338794,-2.165162,-0.173632,58.575794,7.607854,40.248164,-3.099266,-6.424709,-11.826678,0.211915,0.104348,2.993241,0.000000,34.918648,0.000000,4.000000,16.632750,5.308465,5.505624,0.000000,-1.880061,-1.510982,-0.369079,50.659842,6.627016,48.015840,-4.742315,-7.158983,-11.363415,-0.036431,0.084402,7.895257,14.000000,303.802281,0.563947,4.000000,2.668155,0.000000,48.256881,0.000000,4.000000,5.239377,12.000000,193.262411,0.436615,4.000000,2.786561,9.000000,97.577855,0.309618,3.000000,2.776443,7.000000,138.277512,0.396635,4.000000,2.049020,0.000000,64.307692,0.000000,4.000000,3.087886,16.000000,120.370370,0.192993,4.000000,2.632862,5.000000,98.901099,0.526572,3.000000,2.593085,1.000000,63.785047,2.593085,2.000000,4.237624,13.000000,79.850746,0.325971,3.000000,5.039489,23.000000,264.039409,0.219108,4.000000,1.945749,16.000000,52.590674,0.121609,3.000000,1.000000,3.000000,14.000000,-1.000000,,,,32.121204,28.394161,34.234534,-3.509161,-3.257144,-0.252017,35.993390,13.198033,27.270487,-4.407778,-9.171482,0.268524,0.182381,,0.000000,,43.481990,6.467662,32.041158,0.174856,0.230955,-0.056099,21.444777,31.497865,8.598712,-0.555967,0.001520,0.069907,0.012855,0.866052,1.428571,42.000000,303.802281,34.918648,1.893858,0.630236
2026-02-06T03:45:00Z,0.821816,no_impulse,0,BERGEPAINT,1h,-1.000000,177.257525,5.464481,7.000000,0.780640,-1.951637,-2.440019,-7.934391,3.180851,7.000000,135.909091,0.454407,1.000000,50.696624,34.169279,60.745156,0.000000,0.508062,0.425501,0.082562,23.940649,22.756639,26.060714,-0.067517,-0.470454,-6.053901,0.486099,0.048539,2.286902,1.000000,89.068826,2.286902,2.000000,68.476856,96.802842,97.098875,1.000000,0.480413,-0.029510,0.509922,35.395500,25.315091,25.286681,1.764882,0.793687,-5.187430,0.792156,0.061494,2.635229,6.000000,108.810573,0.439205,1.000000,69.173230,97.690941,95.715371,1.000000,0.385380,-0.156909,0.542288,38.113912,29.886650,14.610960,2.001689,0.877697,-5.184793,0.857100,0.057199,2.364583,0.000000,41.804788,0.000000,7.000000,55.793686,66.850829,80.222199,0.000000,-0.464425,-0.922421,0.457995,43.975122,30.379157,19.790508,1.060622,-1.091723,-7.658077,0.895541,0.027102,5.995363,6.000000,168.111455,0.999227,7.000000,55.793686,66.850829,80.222199,1.000000,-0.464425,-0.922421,0.457995,43.975122,30.379157,19.790508,1.060622,-1.091723,-7.658077,0.895541,0.027102,3.443497,8.000000,165.641026,0.430437,4.000000,35.768437,46.130031,24.245924,0.000000,-1.281177,-1.475810,0.194633,52.398676,7.879907,31.617027,-1.060728,-3.996708,-10.704509,-0.064577,0.018591,2.123027,7.000000,46.987952,0.303290,3.000000,30.343793,49.743590,28.388425,0.000000,-1.752551,-1.992676,0.240124,58.673329,15.658853,27.807083,-1.299218,-4.548431,-10.659502,0.310459,0.067666,4.322917,7.000000,148.745520,0.617560,4.000000,21.954599,10.569106,7.170112,1.000000,-2.338794,-2.165162,-0.173632,58.575794,7.607854,40.248164,-3.099266,-6.424709,-11.826678,0.211915,0.104348,2.993241,0.000000,34.918648,0.000000,4.000000,7.895257,14.000000,303.802281,0.563947,4.000000,2.668155,0.000000,48.256881,0.000000,4.000000,5.239377,12.000000,193.262411,0.436615,4.000000,2.786561,9.000000,97.577855,0.309618,3.000000,2.776443,7.000000,138.277512,0.396635,4.000000,2.049020,0.000000,64.307692,0.000000,4.000000,3.087886,16.000000,120.370370,0.192993,4.000000,2.632862,5.000000,98.901099,0.526572,3.000000,2.593085,1.000000,63.785047,2.593085,2.000000,4.237624,13.000000,79.850746,0.325971,3.000000,5.039489,23.000000,264.039409,0.219108,4.000000,8.000000,1.000000,21.000000,-1.000000,,,,32.207501,28.686720,31.444368,-3.425380,-3.290240,-0.135140,36.567874,12.109582,31.166868,-3.967993,-8.789612,0.291034,0.182640,,0.000000,,20.910935,6.993007,37.651990,-0.348649,-0.209090,-0.139558,20.448585,10.686461,38.988377,-2.305313,-2.544073,-0.514919,0.022202,1.467335,1.250000,49.000000,303.802281,34.918648,1.870433,0.686493
2026-02-06T08:45:00Z,0.849601,no_impulse,0,BERGEPAINT,1h,1.000000,58.490566,3.380958,5.000000,0.676192,0.263655,-0.320079,-5.646203,5.464481,7.000000,177.257525,0.780640,8.000000,32.744364,21.886792,22.457247,0.000000,-0.033962,0.231334,-0.265297,21.103831,13.578481,36.435967,-1.951637,-2.440019,-7.934391,-0.079628,0.033026,3.180851,7.000000,135.909091,0.454407,1.000000,50.696624,34.169279,60.745156,0.000000,0.508062,0.425501,0.082562,23.940649,22.756639,26.060714,-0.067517,-0.470454,-6.053901,0.486099,0.048539,2.286902,1.000000,89.068826,2.286902,2.000000,68.476856,96.802842,97.098875,1.000000,0.480413,-0.029510,0.509922,35.395500,25.315091,25.286681,1.764882,0.793687,-5.187430,0.792156,0.061494,2.635229,6.000000,108.810573,0.439205,1.000000,69.173230,97.690941,95.715371,1.000000,0.385380,-0.156909,0.542288,38.113912,29.886650,14.610960,2.001689,0.877697,-5.184793,0.857100,0.057199,2.364583,0.000000,41.804788,0.000000,7.000000,55.793686,66.850829,80.222199,0.000000,-0.464425,-0.922421,0.457995,43.975122,30.379157,19.790508,1.060622,-1.091723,-7.658077,0.895541,0.027102,5.995363,6.000000,168.111455,0.999227,7.000000,55.793686,66.850829,80.222199,1.000000,-0.464425,-0.922421,0.457995,43.975122,30.379157,19.790508,1.060622,-1.091723,-7.658077,0.895541,0.027102,3.443497,8.000000,165.641026,0.430437,4.000000,35.768437,46.130031,24.245924,0.000000,-1.281177,-1.475810,0.194633,52.398676,7.879907,31.617027,-1.060728,-3.996708,-10.704509,-0.064577,0.018591,2.123027,7.000000,46.987952,0.303290,3.000000,30.343793,49.743590,28.388425,0.000000,-1.752551,-1.992676,0.240124,58.673329,15.658853,27.807083,-1.299218,-4.548431,-10.659502,0.310459,0.067666,4.322917,7.000000,148.745520,0.617560,4.000000,2.993241,0.000000,34.918648,0.000000,4.000000,7.895257,14.000000,303.802281,0.563947,4.000000,2.668155,0.000000,48.256881,0.000000,4.000000,5.239377,12.000000,193.262411,0.436615,4.000000,2.786561,9.000000,97.577855,0.309618,3.000000,2.776443,7.000000,138.277512,0.396635,4.000000,2.049020,0.000000,64.307692,0.000000,4.000000,3.087886,16.000000,120.370370,0.192993,4.000000,2.632862,5.000000,98.901099,0.526572,3.000000,2.593085,1.000000,63.785047,2.593085,2.000000,4.237624,13.000000,79.850746,0.325971,3.000000,3.000000,2.000000,5.000000,-1.000000,,,,32.207501,28.686720,31.444368,-3.425380,-3.290240,-0.135140,36.567874,12.109582,31.166868,-3.967993,-8.789612,0.291034,0.182640,,0.000000,,58.951553,88.636364,87.359791,-0.006371,-0.217814,0.211443,27.453457,26.992058,11.178989,0.584702,0.228292,0.731513,0.025404,0.971258,1.020408,54.000000,177.257525,34.918648,1.355078,0.994276
2026-02-11T06:45:00Z,0.804428,no_impulse,0,BERGEPAINT,1h,-1.000000,162.580645,5.317017,19.000000,0.279843,-1.527866,-2.877262,-8.559865,3.380958,5.000000,58.490566,0.676192,3.000000,51.852846,54.150943,44.654088,1.000000,-0.205875,-0.085526,-0.120349,22.293787,21.612208,26.529353,0.263655,-0.320079,-5.646203,0.565109,0.040601,5.464481,7.000000,177.257525,0.780640,8.000000,32.744364,21.886792,22.457247,0.000000,-0.033962,0.231334,-0.265297,21.103831,13.578481,36.435967,-1.951637,-2.440019,-7.934391,-0.079628,0.033026,3.180851,7.000000,135.909091,0.454407,1.000000,50.696624,34.169279,60.745156,0.000000,0.508062,0.425501,0.082562,23.940649,22.756639,26.060714,-0.067517,-0.470454,-6.053901,0.486099,0.048539,2.286902,1.000000,89.068826,2.286902,2.000000,68.476856,96.802842,97.098875,1.000000,0.480413,-0.029510,0.509922,35.395500,25.315091,25.286681,1.764882,0.793687,-5.187430,0.792156,0.061494,2.635229,6.000000,108.810573,0.439205,1.000000,69.173230,97.690941,95.715371,1.000000,0.385380,-0.156909,0.542288,38.113912,29.886650,14.610960,2.001689,0.877697,-5.184793,0.857100,0.057199,2.364583,0.000000,41.804788,0.000000,7.000000,55.793686,66.850829,80.222199,0.000000,-0.464425,-0.922421,0.457995,43.975122,30.379157,19.790508,1.060622,-1.091723,-7.658077,0.895541,0.027102,5.995363,6.000000,168.111455,0.999227,7.000000,55.793686,66.850829,80.222199,1.000000,-0.464425,-0.922421,0.457995,43.975122,30.379157,19.790508,1.060622,-1.091723,-7.658077,0.895541,0.027102,3.443497,8.000000,165.641026,0.430437,4.000000,35.768437,46.130031,24.245924,0.000000,-1.281177,-1.475810,0.194633,52.398676,7.879907,31.617027,-1.060728,-3.996708,-10.704509,-0.064577,0.018591,2.123027,7.000000,46.987952,0.303290,3.000000,4.322917,7.000000,148.745520,0.617560,4.000000,2.993241,0.000000,34.918648,0.000000,4.000000,7.895257,14.000000,303.802281,0.563947,4.000000,2.668155,0.000000,48.256881,0.000000,4.000000,5.239377,12.000000,193.262411,0.436615,4.000000,2.786561,9.000000,97.577855,0.309618,3.000000,2.776443,7.000000,138.277512,0.396635,4.000000,2.049020,0.000000,64.307692,0.000000,4.000000,3.087886,16.000000,120.370370,0.192993,4.000000,2.632862,5.000000,98.901099,0.526572,3.000000,2.593085,1.000000,63.785047,2.593085,2.000000,4.000000,3.000000,24.000000,-1.000000,,,,29.122086,20.960699,15.124903,-3.575067,-3.494776,-0.080291,39.650125,11.641190,32.159015,-4.440864,-9.847235,0.267238,0.182678,,4.000000,,31.891171,11.000000,17.833333,-0.536561,-0.483711,-0.052851,26.568404,17.968023,34.160691,-0.890339,-1.769996,0.139600,0.024486,1.510610,3.518519,73.000000,177.257525,41.804788,1.345081,1.650441
2026-02-12T06:45:00Z,0.834274,no_impulse,0,BERGEPAINT,1h,1.000000,66.071429,3.710306,7.000000,0.530044,0.419887,-0.528492,-5.940586,5.317017,19.000000,162.580645,0.279843,4.000000,30.730992,25.176471,13.240374,0.000000,-0.972174,-0.777624,-0.194550,35.314575,10.517047,28.599437,-1.527866,-2.877262,-8.559865,0.215795,0.052950,3.380958,5.000000,58.490566,0.676192,3.000000,51.852846,54.150943,44.654088,1.000000,-0.205875,-0.085526,-0.120349,22.293787,21.612208,26.529353,0.263655,-0.320079,-5.646203,0.565109,0.040601,5.464481,7.000000,177.257525,0.780640,8.000000,32.744364,21.886792,22.457247,0.000000,-0.033962,0.231334,-0.265297,21.103831,13.578481,36.435967,-1.951637,-2.440019,-7.934391,-0.079628,0.033026,3.180851,7.000000,135.909091,0.454407,1.000000,50.696624,34.169279,60.745156,0.000000,0.508062,0.425501,0.082562,23.940649,22.756639,26.060714,-0.067517,-0.470454,-6.053901,0.486099,0.048539,2.286902,1.000000,89.068826,2.286902,2.000000,68.476856,96.802842,97.098875,1.000000,0.480413,-0.029510,0.509922,35.395500,25.315091,25.286681,1.764882,0.793687,-5.187430,0.792156,0.061494,2.635229,6.000000,108.810573,0.439205,1.000000,69.173230,97.690941,95.715371,1.000000,0.385380,-0.156909,0.542288,38.113912,29.886650,14.610960,2.001689,0.877697,-5.184793,0.857100,0.057199,2.364583,0.000000,41.804788,0.000000,7.000000,55.793686,66.850829,80.222199,0.000000,-0.464425,-0.922421,0.457995,43.975122,30.379157,19.790508,1.060622,-1.091723,-7.658077,0.895541,0.027102,5.995363,6.000000,168.111455,0.999227,7.000000,55.793686,66.850829,80.222199,1.000000,-0.464425,-0.922421,0.457995,43.975122,30.379157,19.790508,1.060622,-1.091723,-7.658077,0.895541,0.027102,3.443497,8.000000,165.641026,0.430437,4.000000,2.123027,7.000000,46.987952,0.303290,3.000000,4.322917,7.000000,148.745520,0.617560,4.000000,2.993241,0.000000,34.918648,0.000000,4.000000,7.895257,14.000000,303.802281,0.563947,4.000000,2.668155,0.000000,48.256881,0.000000,4.000000,5.239377,12.000000,193.262411,0.436615,4.000000,2.786561,9.000000,97.577855,0.309618,3.000000,2.776443,7.000000,138.277512,0.396635,4.000000,2.049020,0.000000,64.307692,0.000000,4.000000,3.087886,16.000000,120.370370,0.192993,4.000000,2.632862,5.000000,98.901099,0.526572,3.000000,3.000000,4.000000,31.000000,-1.000000,,,,30.415868,28.741866,21.830679,-3.462508,-3.480758,0.018250,40.398297,10.869872,32.718182,-3.762258,-9.175518,0.290335,0.172935,,3.000000,,70.036345,98.148148,89.350232,0.420321,0.370316,0.050005,31.606084,30.394242,13.338544,0.791414,1.051680,0.761078,0.030555,1.025176,1.060606,80.000000,177.257525,41.804788,1.444122,1.747808
2026-02-13T04:45:00Z,0.811150,no_impulse,0,BERGEPAINT,1h,-1.000000,77.477477,2.771809,5.000000,0.554362,-0.791533,-1.693401,-7.101480,3.710306,7.000000,66.071429,0.530044,3.000000,52.398534,87.387387,89.129129,1.000000,-0.294745,-0.567127,0.272382,26.111231,20.668345,20.473314,0.419887,-0.528492,-5.940586,0.607805,0.039113,5.317017,19.000000,162.580645,0.279843,4.000000,30.730992,25.176471,13.240374,0.000000,-0.972174,-0.777624,-0.194550,35.314575,10.517047,28.599437,-1.527866,-2.877262,-8.559865,0.215795,0.052950,3.380958,5.000000,58.490566,0.676192,3.000000,51.852846,54.150943,44.654088,1.000000,-0.205875,-0.085526,-0.120349,22.293787,21.612208,26.529353,0.263655,-0.320079,-5.646203,0.565109,0.040601,5.464481,7.000000,177.257525,0.780640,8.000000,32.744364,21.886792,22.457247,0.000000,-0.033962,0.231334,-0.265297,21.103831,13.578481,36.435967,-1.951637,-2.440019,-7.934391,-0.079628,0.033026,3.180851,7.000000,135.909091,0.454407,1.000000,50.696624,34.169279,60.745156,0.000000,0.508062,0.425501,0.082562,23.940649,22.756639,26.060714,-0.067517,-0.470454,-6.053901,0.486099,0.048539,2.286902,1.000000,89.068826,2.286902,2.000000,68.476856,96.802842,97.098875,1.000000,0.480413,-0.029510,0.509922,35.395500,25.315091,25.286681,1.764882,0.793687,-5.187430,0.792156,0.061494,2.635229,6.000000,108.810573,0.439205,1.000000,69.173230,97.690941,95.715371,1.000000,0.385380,-0.156909,0.542288,38.113912,29.886650,14.610960,2.001689,0.877697,-5.184793,0.857100,0.057199,2.364583,0.000000,41.804788,0.000000,7.000000,55.793686,66.850829,80.222199,0.000000,-0.464425,-0.922421,0.457995,43.975122,30.379157,19.790508,1.060622,-1.091723,-7.658077,0.895541,0.027102,5.995363,6.000000,168.111455,0.999227,7.000000,3.443497,8.000000,165.641026,0.430437,4.000000,2.123027,7.000000,46.987952,0.303290,3.000000,4.322917,7.000000,148.745520,0.617560,4.000000,2.993241,0.000000,34.918648,0.000000,4.000000,7.895257,14.000000,303.802281,0.563947,4.000000,2.668155,0.000000,48.256881,0.000000,4.000000,5.239377,12.000000,193.262411,0.436615,4.000000,2.786561,9.000000,97.577855,0.309618,3.000000,2.776443,7.000000,138.277512,0.396635,4.000000,2.049020,0.000000,64.307692,0.000000,4.000000,3.087886,16.000000,120.370370,0.192993,4.000000,2.000000,1.000000,36.000000,-1.000000,,,,30.415868,28.741866,21.830679,-3.462508,-3.480758,0.018250,40.398297,10.869872,32.718182,-3.762258,-9.175518,0.290335,0.172935,,3.000000,,37.523955,27.600000,17.723592,-0.295302,-0.074209,-0.221093,30.018827,11.227783,34.131174,-0.772763,-0.911256,0.238624,0.029339,0.733687,0.757576,85.000000,177.257525,41.804788,1.345248,1.135018
2026-02-17T04:45:00Z,0.834454,no_impulse,0,BERGEPAINT,1h,1.000000,100.775194,2.872928,14.000000,0.205209,0.385818,0.061815,-4.708927,2.771809,5.000000,77.477477,0.554362,2.000000,41.323057,48.648649,53.253253,0.000000,-0.333872,-0.367916,0.034044,23.260164,13.654881,27.099679,-0.791533,-1.693401,-7.101480,0.252938,0.031786,3.710306,7.000000,66.071429,0.530044,3.000000,52.398534,87.387387,89.129129,1.000000,-0.294745,-0.567127,0.272382,26.111231,20.668345,20.473314,0.419887,-0.528492,-5.940586,0.607805,0.039113,5.317017,19.000000,162.580645,0.279843,4.000000,30.730992,25.176471,13.240374,0.000000,-0.972174,-0.777624,-0.194550,35.314575,10.517047,28.599437,-1.527866,-2.877262,-8.559865,0.215795,0.052950,3.380958,5.000000,58.490566,0.676192,3.000000,51.852846,54.150943,44.654088,1.000000,-0.205875,-0.085526,-0.120349,22.293787,21.612208,26.529353,0.263655,-0.320079,-5.646203,0.565109,0.040601,5.464481,7.000000,177.257525,0.780640,8.000000,32.744364,21.886792,22.457247,0.000000,-0.033962,0.231334,-0.265297,21.103831,13.578481,36.435967,-1.951637,-2.440019,-7.934391,-0.079628,0.033026,3.180851,7.000000,135.909091,0.454407,1.000000,50.696624,34.169279,60.745156,0.000000,0.508062,0.425501,0.082562,23.940649,22.756639,26.060714,-0.067517,-0.470454,-6.053901,0.486099,0.048539,2.286902,1.000000,89.068826,2.286902,2.000000,68.476856,96.802842,97.098875,1.000000,0.480413,-0.029510,0.509922,35.395500,25.315091,25.286681,1.764882,0.793687,-5.187430,0.792156,0.061494,2.635229,6.000000,108.810573,0.439205,1.000000,69.173230,97.690941,95.715371,1.000000,0.385380,-0.156909,0.542288,38.113912,29.886650,14.610960,2.001689,0.877697,-5.184793,0.857100,0.057199,2.364583,0.000000,41.804788,0.000000,7.000000,5.995363,6.000000,168.111455,0.999227,7.000000,3.443497,8.000000,165.641026,0.430437,4.000000,2.123027,7.000000,46.987952,0.303290,3.000000,4.322917,7.000000,148.745520,0.617560,4.000000,2.993241,0.000000,34.918648,0.000000,4.000000,7.895257,14.000000,303.802281,0.563947,4.000000,2.668155,0.000000,48.256881,0.000000,4.000000,5.239377,12.000000,193.262411,0.436615,4.000000,2.786561,9.000000,97.577855,0.309618,3.000000,2.776443,7.000000,138.277512,0.396635,4.000000,2.049020,0.000000,64.307692,0.000000,4.000000,1.000000,2.000000,50.000000,-1.000000,,,,31.995374,40.469613,35.639554,-3.171164,-3.387261,0.216097,41.387228,10.868473,30.471700,-2.804554,-8.157376,0.310402,0.143886,,6.000000,,62.523141,94.897959,96.865628,0.148860,0.123099,0.025761,9.626519,15.230012,13.515168,0.336484,0.589107,0.958020,0.007371,0.774218,2.222222,99.000000,177.257525,41.804788,1.380118,0.981112
2026-02-20T03:45:00Z,0.810164,no_impulse,0,BERGEPAINT,1h,-1.000000,104.230769,2.910849,20.000000,0.145542,-1.026354,-1.458739,-5.769333,2.872928,14.000000,100.775194,0.205209,1.000000,54.304918,82.795699,83.499993,0.000000,0.118515,0.011843,0.106672,13.805803,19.067132,19.741226,0.385818,0.061815,-4.708927,0.666154,0.023310,2.771809,5.000000,77.477477,0.554362,2.000000,41.323057,48.648649,53.253253,0.000000,-0.333872,-0.367916,0.034044,23.260164,13.654881,27.099679,-0.791533,-1.693401,-7.101480,0.252938,0.031786,3.710306,7.000000,66.071429,0.530044,3.000000,52.398534,87.387387,89.129129,1.000000,-0.294745,-0.567127,0.272382,26.111231,20.668345,20.473314,0.419887,-0.528492,-5.940586,0.607805,0.039113,5.317017,19.000000,162.580645,0.279843,4.000000,30.730992,25.176471,13.240374,0.000000,-0.972174,-0.777624,-0.194550,35.314575,10.517047,28.599437,-1.527866,-2.877262,-8.559865,0.215795,0.052950,3.380958,5.000000,58.490566,0.676192,3.000000,51.852846,54.150943,44.654088,1.000000,-0.205875,-0.085526,-0.120349,22.293787,21.612208,26.529353,0.263655,-0.320079,-5.646203,0.565109,0.040601,5.464481,7.000000,177.257525,0.780640,8.000000,32.744364,21.886792,22.457247,0.000000,-0.033962,0.231334,-0.265297,21.103831,13.578481,36.435967,-1.951637,-2.440019,-7.934391,-0.079628,0.033026,3.180851,7.000000,135.909091,0.454407,1.000000,50.696624,34.169279,60.745156,0.000000,0.508062,0.425501,0.082562,23.940649,22.756639,26.060714,-0.067517,-0.470454,-6.053901,0.486099,0.048539,2.286902,1.000000,89.068826,2.286902,2.000000,68.476856,96.802842,97.098875,1.000000,0.480413,-0.029510,0.509922,35.395500,25.315091,25.286681,1.764882,0.793687,-5.187430,0.792156,0.061494,2.635229,6.000000,108.810573,0.439205,1.000000,2.364583,0.000000,41.804788,0.000000,7.000000,5.995363,6.000000,168.111455,0.999227,7.000000,3.443497,8.000000,165.641026,0.430437,4.000000,2.123027,7.000000,46.987952,0.303290,3.000000,4.322917,7.000000,148.745520,0.617560,4.000000,2.993241,0.000000,34.918648,0.000000,4.000000,7.895257,14.000000,303.802281,0.563947,4.000000,2.668155,0.000000,48.256881,0.000000,4.000000,5.239377,12.000000,193.262411,0.436615,4.000000,2.786561,9.000000,97.577855,0.309618,3.000000,2.776443,7.000000,138.277512,0.396635,4.000000,8.000000,1.000000,70.000000,-1.000000,,,,27.787107,18.508287,24.907919,-2.998489,-3.251744,0.253255,43.540342,9.280351,31.601991,-3.528766,-8.965121,0.087312,0.082592,,7.000000,,19.442807,3.932584,5.755306,-0.239255,-0.105984,-0.133271,18.694496,9.953065,36.455988,-1.396664,-1.659748,-0.337604,0.016445,0.856508,2.816901,119.000000,177.257525,41.804788,1.137740,0.660552
2026-02-20T04:45:00Z,0.828000,no_impulse,0,BERGEPAINT,1h,1.000000,73.431734,2.201571,1.000000,2.201571,-0.359448,-0.794547,-5.059877,2.910849,20.000000,104.230769,0.145542,8.000000,31.520395,27.230047,11.558952,1.000000,-0.286742,-0.164677,-0.122065,24.897509,8.732025,30.428075,-1.026354,-1.458739,-5.769333,-0.043259,0.018701,2.872928,14.000000,100.775194,0.205209,1.000000,54.304918,82.795699,83.499993,0.000000,0.118515,0.011843,0.106672,13.805803,19.067132,19.741226,0.385818,0.061815,-4.708927,0.666154,0.023310,2.771809,5.000000,77.477477,0.554362,2.000000,41.323057,48.648649,53.253253,0.000000,-0.333872,-0.367916,0.034044,23.260164,13.654881,27.099679,-0.791533,-1.693401,-7.101480,0.252938,0.031786,3.710306,7.000000,66.071429,0.530044,3.000000,52.398534,87.387387,89.129129,1.000000,-0.294745,-0.567127,0.272382,26.111231,20.668345,20.473314,0.419887,-0.528492,-5.940586,0.607805,0.039113,5.317017,19.000000,162.580645,0.279843,4.000000,30.730992,25.176471,13.240374,0.000000,-0.972174,-0.777624,-0.194550,35.314575,10.517047,28.599437,-1.527866,-2.877262,-8.559865,0.215795,0.052950,3.380958,5.000000,58.490566,0.676192,3.000000,51.852846,54.150943,44.654088,1.000000,-0.205875,-0.085526,-0.120349,22.293787,21.612208,26.529353,0.263655,-0.320079,-5.646203,0.565109,0.040601,5.464481,7.000000,177.257525,0.780640,8.000000,32.744364,21.886792,22.457247,0.000000,-0.033962,0.231334,-0.265297,21.103831,13.578481,36.435967,-1.951637,-2.440019,-7.934391,-0.079628,0.033026,3.180851,7.000000,135.909091,0.454407,1.000000,50.696624,34.169279,60.745156,0.000000,0.508062,0.425501,0.082562,23.940649,22.756639,26.060714,-0.067517,-0.470454,-6.053901,0.486099,0.048539,2.286902,1.000000,89.068826,2.286902,2.000000,2.635229,6.000000,108.810573,0.439205,1.000000,2.364583,0.000000,41.804788,0.000000,7.000000,5.995363,6.000000,168.111455,0.999227,7.000000,3.443497,8.000000,165.641026,0.430437,4.000000,2.123027,7.000000,46.987952,0.303290,3.000000,4.322917,7.000000,148.745520,0.617560,4.000000,2.993241,0.000000,34.918648,0.000000,4.000000,7.895257,14.000000,303.802281,0.563947,4.000000,2.668155,0.000000,48.256881,0.000000,4.000000,5.239377,12.000000,193.262411,0.436615,4.000000,2.786561,9.000000,97.577855,0.309618,3.000000,3.000000,2.000000,1.000000,-1.000000,,,,27.787107,18.508287,24.907919,-2.998489,-3.251744,0.253255,43.540342,9.280351,31.601991,-3.528766,-8.965121,0.087312,0.082592,,1.000000,,42.014943,46.892655,41.242938,-0.282244,-0.205973,-0.076270,28.275512,9.670389,28.791648,-0.338056,-0.678365,0.326886,0.019462,0.637558,0.109890,120.000000,177.257525,58.490566,1.094889,0.689506
2026-02-20T09:45:00Z,0.813032,no_impulse,0,BERGEPAINT,1h,-1.000000,83.919598,1.807751,5.000000,0.361550,-0.683976,-1.202579,-5.440364,2.201571,1.000000,73.431734,2.201571,3.000000,43.150084,53.990610,29.555822,0.000000,-0.280112,-0.186944,-0.093168,25.486700,12.798880,25.490275,-0.359448,-0.794547,-5.059877,0.298769,0.017799,2.910849,20.000000,104.230769,0.145542,8.000000,31.520395,27.230047,11.558952,1.000000,-0.286742,-0.164677,-0.122065,24.897509,8.732025,30.428075,-1.026354,-1.458739,-5.769333,-0.043259,0.018701,2.872928,14.000000,100.775194,0.205209,1.000000,54.304918,82.795699,83.499993,0.000000,0.118515,0.011843,0.106672,13.805803,19.067132,19.741226,0.385818,0.061815,-4.708927,0.666154,0.023310,2.771809,5.000000,77.477477,0.554362,2.000000,41.323057,48.648649,53.253253,0.000000,-0.333872,-0.367916,0.034044,23.260164,13.654881,27.099679,-0.791533,-1.693401,-7.101480,0.252938,0.031786,3.710306,7.000000,66.071429,0.530044,3.000000,52.398534,87.387387,89.129129,1.000000,-0.294745,-0.567127,0.272382,26.111231,20.668345,20.473314,0.419887,-0.528492,-5.940586,0.607805,0.039113,5.317017,19.000000,162.580645,0.279843,4.000000,30.730992,25.176471,13.240374,0.000000,-0.972174,-0.777624,-0.194550,35.314575,10.517047,28.599437,-1.527866,-2.877262,-8.559865,0.215795,0.052950,3.380958,5.000000,58.490566,0.676192,3.000000,51.852846,54.150943,44.654088,1.000000,-0.205875,-0.085526,-0.120349,22.293787,21.612208,26.529353,0.263655,-0.320079,-5.646203,0.565109,0.040601,5.464481,7.000000,177.257525,0.780640,8.000000,32.744364,21.886792,22.457247,0.000000,-0.033962,0.231334,-0.265297,21.103831,13.578481,36.435967,-1.951637,-2.440019,-7.934391,-0.079628,0.033026,3.180851,7.000000,135.909091,0.454407,1.000000,2.286902,1.000000,89.068826,2.286902,2.000000,2.635229,6.000000,108.810573,0.439205,1.000000,2.364583,0.000000,41.804788,0.000000,7.000000,5.995363,6.000000,168.111455,0.999227,7.000000,3.443497,8.000000,165.641026,0.430437,4.000000,2.123027,7.000000,46.987952,0.303290,3.000000,4.322917,7.000000,148.745520,0.617560,4.000000,2.993241,0.000000,34.918648,0.000000,4.000000,7.895257,14.000000,303.802281,0.563947,4.000000,2.668155,0.000000,48.256881,0.000000,4.000000,5.239377,12.000000,193.262411,0.436615,4.000000,2.000000,1.000000,6.000000,-1.000000,,,,27.787107,18.508287,24.907919,-2.998489,-3.251744,0.253255,43.540342,9.280351,31.601991,-3.528766,-8.965121,0.087312,0.082592,,1.000000,,40.758375,25.471698,39.252342,-0.108492,-0.096572,-0.011919,14.615038,13.637520,26.427484,-0.436784,-0.671209,0.034710,0.009347,0.530168,0.581395,125.000000,177.257525,58.490566,1.138599,0.676774
2026-02-23T09:45:00Z,0.834454,no_impulse,0,BERGEPAINT,1h,1.000000,143.113772,2.634770,7.000000,0.376396,1.045072,0.961596,-2.796953,1.807751,5.000000,83.919598,0.361550,2.000000,37.811867,27.699531,36.932707,1.000000,-0.337680,-0.274061,-0.063619,27.570463,11.330727,22.355721,-0.683976,-1.202579,-5.440364,0.113154,0.017561,2.201571,1.000000,73.431734,2.201571,3.000000,43.150084,53.990610,29.555822,0.000000,-0.280112,-0.186944,-0.093168,25.486700,12.798880,25.490275,-0.359448,-0.794547,-5.059877,0.298769,0.017799,2.910849,20.000000,104.230769,0.145542,8.000000,31.520395,27.230047,11.558952,1.000000,-0.286742,-0.164677,-0.122065,24.897509,8.732025,30.428075,-1.026354,-1.458739,-5.769333,-0.043259,0.018701,2.872928,14.000000,100.775194,0.205209,1.000000,54.304918,82.795699,83.499993,0.000000,0.118515,0.011843,0.106672,13.805803,19.067132,19.741226,0.385818,0.061815,-4.708927,0.666154,0.023310,2.771809,5.000000,77.477477,0.554362,2.000000,41.323057,48.648649,53.253253,0.000000,-0.333872,-0.367916,0.034044,23.260164,13.654881,27.099679,-0.791533,-1.693401,-7.101480,0.252938,0.031786,3.710306,7.000000,66.071429,0.530044,3.000000,52.398534,87.387387,89.129129,1.000000,-0.294745,-0.567127,0.272382,26.111231,20.668345,20.473314,0.419887,-0.528492,-5.940586,0.607805,0.039113,5.317017,19.000000,162.580645,0.279843,4.000000,30.730992,25.176471,13.240374,0.000000,-0.972174,-0.777624,-0.194550,35.314575,10.517047,28.599437,-1.527866,-2.877262,-8.559865,0.215795,0.052950,3.380958,5.000000,58.490566,0.676192,3.000000,51.852846,54.150943,44.654088,1.000000,-0.205875,-0.085526,-0.120349,22.293787,21.612208,26.529353,0.263655,-0.320079,-5.646203,0.565109,0.040601,5.464481,7.000000,177.257525,0.780640,8.000000,3.180851,7.000000,135.909091,0.454407,1.000000,2.286902,1.000000,89.068826,2.286902,2.000000,2.635229,6.000000,108.810573,0.439205,1.000000,2.364583,0.000000,41.804788,0.000000,7.000000,5.995363,6.000000,168.111455,0.999227,7.000000,3.443497,8.000000,165.641026,0.430437,4.000000,2.123027,7.000000,46.987952,0.303290,3.000000,4.322917,7.000000,148.745520,0.617560,4.000000,2.993241,0.000000,34.918648,0.000000,4.000000,7.895257,14.000000,303.802281,0.563947,4.000000,2.668155,0.000000,48.256881,0.000000,4.000000,1.000000,2.000000,13.000000,-1.000000,,,,37.455888,38.535912,33.793738,-2.536481,-2.990340,0.453860,43.823098,10.592730,28.346078,-1.599826,-6.716784,0.219667,0.056170,,2.000000,,67.376782,100.000000,89.010989,0.277153,0.264517,0.012636,26.760454,24.697708,11.008131,0.563803,0.934777,1.124989,0.009072,0.783726,0.777778,132.000000,177.257525,58.490566,1.199553,0.739726
2026-02-25T08:45:00Z,0.813928,no_impulse,0,BERGEPAINT,1h,-1.000000,95.815900,2.459721,13.000000,0.189209,-1.052751,-1.184644,-4.598572,2.634770,7.000000,143.113772,0.376396,1.000000,64.494005,100.000000,95.041051,1.000000,0.205373,-0.014800,0.220173,24.546020,22.030448,12.938514,1.045072,0.961596,-2.796953,0.882793,0.027590,1.807751,5.000000,83.919598,0.361550,2.000000,37.811867,27.699531,36.932707,1.000000,-0.337680,-0.274061,-0.063619,27.570463,11.330727,22.355721,-0.683976,-1.202579,-5.440364,0.113154,0.017561,2.201571,1.000000,73.431734,2.201571,3.000000,43.150084,53.990610,29.555822,0.000000,-0.280112,-0.186944,-0.093168,25.486700,12.798880,25.490275,-0.359448,-0.794547,-5.059877,0.298769,0.017799,2.910849,20.000000,104.230769,0.145542,8.000000,31.520395,27.230047,11.558952,1.000000,-0.286742,-0.164677,-0.122065,24.897509,8.732025,30.428075,-1.026354,-1.458739,-5.769333,-0.043259,0.018701,2.872928,14.000000,100.775194,0.205209,1.000000,54.304918,82.795699,83.499993,0.000000,0.118515,0.011843,0.106672,13.805803,19.067132,19.741226,0.385818,0.061815,-4.708927,0.666154,0.023310,2.771809,5.000000,77.477477,0.554362,2.000000,41.323057,48.648649,53.253253,0.000000,-0.333872,-0.367916,0.034044,23.260164,13.654881,27.099679,-0.791533,-1.693401,-7.101480,0.252938,0.031786,3.710306,7.000000,66.071429,0.530044,3.000000,52.398534,87.387387,89.129129,1.000000,-0.294745,-0.567127,0.272382,26.111231,20.668345,20.473314,0.419887,-0.528492,-5.940586,0.607805,0.039113,5.317017,19.000000,162.580645,0.279843,4.000000,30.730992,25.176471,13.240374,0.000000,-0.972174,-0.777624,-0.194550,35.314575,10.517047,28.599437,-1.527866,-2.877262,-8.559865,0.215795,0.052950,3.380958,5.000000,58.490566,0.676192,3.000000,5.464481,7.000000,177.257525,0.780640,8.000000,3.180851,7.000000,135.909091,0.454407,1.000000,2.286902,1.000000,89.068826,2.286902,2.000000,2.635229,6.000000,108.810573,0.439205,1.000000,2.364583,0.000000,41.804788,0.000000,7.000000,5.995363,6.000000,168.111455,0.999227,7.000000,3.443497,8.000000,165.641026,0.430437,4.000000,2.123027,7.000000,46.987952,0.303290,3.000000,4.322917,7.000000,148.745520,0.617560,4.000000,2.993241,0.000000,34.918648,0.000000,4.000000,7.895257,14.000000,303.802281,0.563947,4.000000,2.000000,3.000000,26.000000,-1.000000,,,,36.937453,44.397463,37.300543,-2.373006,-2.802849,0.429843,44.739161,9.398164,28.553543,-1.874354,-6.914092,0.190217,0.059392,,2.000000,,36.084452,17.241379,17.248084,-0.284860,-0.226217,-0.058643,32.579231,10.500147,29.133590,-0.405653,-0.672717,0.311158,0.021394,0.743737,1.444444,145.000000,177.257525,58.490566,1.220947,0.776579
2026-02-26T04:45:00Z,0.828986,no_impulse,0,BERGEPAINT,1h,1.000000,73.362445,1.850017,3.000000,0.616672,0.193230,0.080985,-3.201834,2.459721,13.000000,95.815900,0.189209,2.000000,35.734195,11.790393,12.572106,1.000000,-0.123906,0.048221,-0.172127,17.896916,12.361273,26.297986,-1.052751,-1.184644,-4.598572,0.010187,0.021269,2.634770,7.000000,143.113772,0.376396,1.000000,64.494005,100.000000,95.041051,1.000000,0.205373,-0.014800,0.220173,24.546020,22.030448,12.938514,1.045072,0.961596,-2.796953,0.882793,0.027590,1.807751,5.000000,83.919598,0.361550,2.000000,37.811867,27.699531,36.932707,1.000000,-0.337680,-0.274061,-0.063619,27.570463,11.330727,22.355721,-0.683976,-1.202579,-5.440364,0.113154,0.017561,2.201571,1.000000,73.431734,2.201571,3.000000,43.150084,53.990610,29.555822,0.000000,-0.280112,-0.186944,-0.093168,25.486700,12.798880,25.490275,-0.359448,-0.794547,-5.059877,0.298769,0.017799,2.910849,20.000000,104.230769,0.145542,8.000000,31.520395,27.230047,11.558952,1.000000,-0.286742,-0.164677,-0.122065,24.897509,8.732025,30.428075,-1.026354,-1.458739,-5.769333,-0.043259,0.018701,2.872928,14.000000,100.775194,0.205209,1.000000,54.304918,82.795699,83.499993,0.000000,0.118515,0.011843,0.106672,13.805803,19.067132,19.741226,0.385818,0.061815,-4.708927,0.666154,0.023310,2.771809,5.000000,77.477477,0.554362,2.000000,41.323057,48.648649,53.253253,0.000000,-0.333872,-0.367916,0.034044,23.260164,13.654881,27.099679,-0.791533,-1.693401,-7.101480,0.252938,0.031786,3.710306,7.000000,66.071429,0.530044,3.000000,52.398534,87.387387,89.129129,1.000000,-0.294745,-0.567127,0.272382,26.111231,20.668345,20.473314,0.419887,-0.528492,-5.940586,0.607805,0.039113,5.317017,19.000000,162.580645,0.279843,4.000000,3.380958,5.000000,58.490566,0.676192,3.000000,5.464481,7.000000,177.257525,0.780640,8.000000,3.180851,7.000000,135.909091,0.454407,1.000000,2.286902,1.000000,89.068826,2.286902,2.000000,2.635229,6.000000,108.810573,0.439205,1.000000,2.364583,0.000000,41.804788,0.000000,7.000000,5.995363,6.000000,168.111455,0.999227,7.000000,3.443497,8.000000,165.641026,0.430437,4.000000,2.123027,7.000000,46.987952,0.303290,3.000000,4.322917,7.000000,148.745520,0.617560,4.000000,2.993241,0.000000,34.918648,0.000000,4.000000,3.000000,1.000000,29.000000,-1.000000,,,,36.937453,44.397463,37.300543,-2.373006,-2.802849,0.429843,44.739161,9.398164,28.553543,-1.874354,-6.914092,0.190217,0.059392,,3.000000,,59.938595,89.285714,92.641633,-0.016845,-0.162831,0.145986,29.720267,25.958784,16.872579,0.519459,0.355997,0.833125,0.015675,0.615284,0.312500,,162.580645,58.490566,0.976284,0.864363
2026-03-02T03:45:00Z,0.772878,no_impulse,0,BERGEPAINT,1h,-1.000000,372.619048,6.768299,13.000000,0.520638,-2.238501,-2.680160,-5.950132,1.850017,3.000000,73.362445,0.616672,3.000000,52.117374,67.142857,57.417417,1.000000,-0.069545,-0.023901,-0.045644,17.043137,19.254438,20.472763,0.193230,0.080985,-3.201834,0.587199,0.022203,2.459721,13.000000,95.815900,0.189209,2.000000,35.734195,11.790393,12.572106,1.000000,-0.123906,0.048221,-0.172127,17.896916,12.361273,26.297986,-1.052751,-1.184644,-4.598572,0.010187,0.021269,2.634770,7.000000,143.113772,0.376396,1.000000,64.494005,100.000000,95.041051,1.000000,0.205373,-0.014800,0.220173,24.546020,22.030448,12.938514,1.045072,0.961596,-2.796953,0.882793,0.027590,1.807751,5.000000,83.919598,0.361550,2.000000,37.811867,27.699531,36.932707,1.000000,-0.337680,-0.274061,-0.063619,27.570463,11.330727,22.355721,-0.683976,-1.202579,-5.440364,0.113154,0.017561,2.201571,1.000000,73.431734,2.201571,3.000000,43.150084,53.990610,29.555822,0.000000,-0.280112,-0.186944,-0.093168,25.486700,12.798880,25.490275,-0.359448,-0.794547,-5.059877,0.298769,0.017799,2.910849,20.000000,104.230769,0.145542,8.000000,31.520395,27.230047,11.558952,1.000000,-0.286742,-0.164677,-0.122065,24.897509,8.732025,30.428075,-1.026354,-1.458739,-5.769333,-0.043259,0.018701,2.872928,14.000000,100.775194,0.205209,1.000000,54.304918,82.795699,83.499993,0.000000,0.118515,0.011843,0.106672,13.805803,19.067132,19.741226,0.385818,0.061815,-4.708927,0.666154,0.023310,2.771809,5.000000,77.477477,0.554362,2.000000,41.323057,48.648649,53.253253,0.000000,-0.333872,-0.367916,0.034044,23.260164,13.654881,27.099679,-0.791533,-1.693401,-7.101480,0.252938,0.031786,3.710306,7.000000,66.071429,0.530044,3.000000,5.317017,19.000000,162.580645,0.279843,4.000000,3.380958,5.000000,58.490566,0.676192,3.000000,5.464481,7.000000,177.257525,0.780640,8.000000,3.180851,7.000000,135.909091,0.454407,1.000000,2.286902,1.000000,89.068826,2.286902,2.000000,2.635229,6.000000,108.810573,0.439205,1.000000,2.364583,0.000000,41.804788,0.000000,7.000000,5.995363,6.000000,168.111455,0.999227,7.000000,3.443497,8.000000,165.641026,0.430437,4.000000,2.123027,7.000000,46.987952,0.303290,3.000000,4.322917,7.000000,148.745520,0.617560,4.000000,4.000000,2.000000,42.000000,-1.000000,,,,30.167918,47.307132,42.097610,-2.432098,-2.705653,0.273555,46.854040,7.519695,38.973930,-3.910691,-9.069732,-0.048522,0.068612,,2.000000,,17.715882,57.333333,47.316239,-0.269160,-0.134809,-0.134351,28.739488,4.194914,65.994544,-2.110899,-2.441672,-0.528942,0.020091,2.371785,1.382979,133.000000,162.580645,66.071429,1.029663,1.003517
2026-03-02T08:45:00Z,0.809178,no_impulse,0,BERGEPAINT,1h,1.000000,64.696486,4.696741,5.000000,0.939348,-1.153767,-1.965472,-5.406644,6.768299,13.000000,372.619048,0.520638,4.000000,24.499795,50.319489,28.450445,0.000000,-0.412656,-0.238440,-0.174216,25.384947,6.747933,52.300843,-2.238501,-2.680160,-5.950132,-0.381544,0.024837,1.850017,3.000000,73.362445,0.616672,3.000000,52.117374,67.142857,57.417417,1.000000,-0.069545,-0.023901,-0.045644,17.043137,19.254438,20.472763,0.193230,0.080985,-3.201834,0.587199,0.022203,2.459721,13.000000,95.815900,0.189209,2.000000,35.734195,11.790393,12.572106,1.000000,-0.123906,0.048221,-0.172127,17.896916,12.361273,26.297986,-1.052751,-1.184644,-4.598572,0.010187,0.021269,2.634770,7.000000,143.113772,0.376396,1.000000,64.494005,100.000000,95.041051,1.000000,0.205373,-0.014800,0.220173,24.546020,22.030448,12.938514,1.045072,0.961596,-2.796953,0.882793,0.027590,1.807751,5.000000,83.919598,0.361550,2.000000,37.811867,27.699531,36.932707,1.000000,-0.337680,-0.274061,-0.063619,27.570463,11.330727,22.355721,-0.683976,-1.202579,-5.440364,0.113154,0.017561,2.201571,1.000000,73.431734,2.201571,3.000000,43.150084,53.990610,29.555822,0.000000,-0.280112,-0.186944,-0.093168,25.486700,12.798880,25.490275,-0.359448,-0.794547,-5.059877,0.298769,0.017799,2.910849,20.000000,104.230769,0.145542,8.000000,31.520395,27.230047,11.558952,1.000000,-0.286742,-0.164677,-0.122065,24.897509,8.732025,30.428075,-1.026354,-1.458739,-5.769333,-0.043259,0.018701,2.872928,14.000000,100.775194,0.205209,1.000000,54.304918,82.795699,83.499993,0.000000,0.118515,0.011843,0.106672,13.805803,19.067132,19.741226,0.385818,0.061815,-4.708927,0.666154,0.023310,2.771809,5.000000,77.477477,0.554362,2.000000,3.710306,7.000000,66.071429,0.530044,3.000000,5.317017,19.000000,162.580645,0.279843,4.000000,3.380958,5.000000,58.490566,0.676192,3.000000,5.464481,7.000000,177.257525,0.780640,8.000000,3.180851,7.000000,135.909091,0.454407,1.000000,2.286902,1.000000,89.068826,2.286902,2.000000,2.635229,6.000000,108.810573,0.439205,1.000000,2.364583,0.000000,41.804788,0.000000,7.000000,5.995363,6.000000,168.111455,0.999227,7.000000,3.443497,8.000000,165.641026,0.430437,4.000000,2.123027,7.000000,46.987952,0.303290,3.000000,3.000000,3.000000,47.000000,-1.000000,,,,30.167918,47.307132,42.097610,-2.432098,-2.705653,0.273555,46.854040,7.519695,38.973930,-3.910691,-9.069732,-0.048522,0.068612,,2.000000,,40.195724,37.404580,31.806616,-0.447186,-0.499450,0.052264,51.951238,15.498770,33.831553,-0.270952,-1.075061,0.296554,0.013282,1.566206,0.568182,5.000000,372.619048,66.071429,1.437106,1.667352
2026-03-04T09:45:00Z,0.777180,no_impulse,0,BERGEPAINT,1h,-1.000000,88.148148,3.954364,8.000000,0.494296,-2.653570,-4.230088,-8.331990,4.696741,5.000000,64.696486,0.939348,3.000000,34.770327,56.543624,52.908277,0.000000,-0.737278,-0.530154,-0.207125,38.692189,6.900248,43.154508,-1.153767,-1.965472,-5.406644,0.243790,0.044518,6.768299,13.000000,372.619048,0.520638,4.000000,24.499795,50.319489,28.450445,0.000000,-0.412656,-0.238440,-0.174216,25.384947,6.747933,52.300843,-2.238501,-2.680160,-5.950132,-0.381544,0.024837,1.850017,3.000000,73.362445,0.616672,3.000000,52.117374,67.142857,57.417417,1.000000,-0.069545,-0.023901,-0.045644,17.043137,19.254438,20.472763,0.193230,0.080985,-3.201834,0.587199,0.022203,2.459721,13.000000,95.815900,0.189209,2.000000,35.734195,11.790393,12.572106,1.000000,-0.123906,0.048221,-0.172127,17.896916,12.361273,26.297986,-1.052751,-1.184644,-4.598572,0.010187,0.021269,2.634770,7.000000,143.113772,0.376396,1.000000,64.494005,100.000000,95.041051,1.000000,0.205373,-0.014800,0.220173,24.546020,22.030448,12.938514,1.045072,0.961596,-2.796953,0.882793,0.027590,1.807751,5.000000,83.919598,0.361550,2.000000,37.811867,27.699531,36.932707,1.000000,-0.337680,-0.274061,-0.063619,27.570463,11.330727,22.355721,-0.683976,-1.202579,-5.440364,0.113154,0.017561,2.201571,1.000000,73.431734,2.201571,3.000000,43.150084,53.990610,29.555822,0.000000,-0.280112,-0.186944,-0.093168,25.486700,12.798880,25.490275,-0.359448,-0.794547,-5.059877,0.298769,0.017799,2.910849,20.000000,104.230769,0.145542,8.000000,31.520395,27.230047,11.558952,1.000000,-0.286742,-0.164677,-0.122065,24.897509,8.732025,30.428075,-1.026354,-1.458739,-5.769333,-0.043259,0.018701,2.872928,14.000000,100.775194,0.205209,1.000000,2.771809,5.000000,77.477477,0.554362,2.000000,3.710306,7.000000,66.071429,0.530044,3.000000,5.317017,19.000000,162.580645,0.279843,4.000000,3.380958,5.000000,58.490566,0.676192,3.000000,5.464481,7.000000,177.257525,0.780640,8.000000,3.180851,7.000000,135.909091,0.454407,1.000000,2.286902,1.000000,89.068826,2.286902,2.000000,2.635229,6.000000,108.810573,0.439205,1.000000,2.364583,0.000000,41.804788,0.000000,7.000000,5.995363,6.000000,168.111455,0.999227,7.000000,3.443497,8.000000,165.641026,0.430437,4.000000,2.000000,1.000000,55.000000,-1.000000,,,,24.746462,12.160229,27.197514,-2.877556,-2.787610,-0.089946,49.826030,6.280293,34.433115,-5.744509,-11.324233,-0.182601,0.079584,,2.000000,,32.002847,0.000000,30.877193,-0.404246,-0.437177,0.032931,23.466597,30.495484,18.166504,-1.119251,-2.093167,-0.381229,0.012560,1.276653,0.930233,13.000000,372.619048,64.696486,1.522678,1.929092
2026-03-04T09:45:00Z,0.798781,no_impulse,0,BERGEPAINT,1h,1.000000,67.507003,2.779380,0.000000,0.000000,-2.653570,-4.230088,-8.331990,3.954364,8.000000,88.148148,0.494296,2.000000,24.570938,10.105263,21.485765,1.000000,-1.302314,-1.059612,-0.242702,46.391541,17.165514,32.913167,-2.653570,-4.230088,-8.331990,0.129125,0.069699,4.696741,5.000000,64.696486,0.939348,3.000000,34.770327,56.543624,52.908277,0.000000,-0.737278,-0.530154,-0.207125,38.692189,6.900248,43.154508,-1.153767,-1.965472,-5.406644,0.243790,0.044518,6.768299,13.000000,372.619048,0.520638,4.000000,24.499795,50.319489,28.450445,0.000000,-0.412656,-0.238440,-0.174216,25.384947,6.747933,52.300843,-2.238501,-2.680160,-5.950132,-0.381544,0.024837,1.850017,3.000000,73.362445,0.616672,3.000000,52.117374,67.142857,57.417417,1.000000,-0.069545,-0.023901,-0.045644,17.043137,19.254438,20.472763,0.193230,0.080985,-3.201834,0.587199,0.022203,2.459721,13.000000,95.815900,0.189209,2.000000,35.734195,11.790393,12.572106,1.000000,-0.123906,0.048221,-0.172127,17.896916,12.361273,26.297986,-1.052751,-1.184644,-4.598572,0.010187,0.021269,2.634770,7.000000,143.113772,0.376396,1.000000,64.494005,100.000000,95.041051,1.000000,0.205373,-0.014800,0.220173,24.546020,22.030448,12.938514,1.045072,0.961596,-2.796953,0.882793,0.027590,1.807751,5.000000,83.919598,0.361550,2.000000,37.811867,27.699531,36.932707,1.000000,-0.337680,-0.274061,-0.063619,27.570463,11.330727,22.355721,-0.683976,-1.202579,-5.440364,0.113154,0.017561,2.201571,1.000000,73.431734,2.201571,3.000000,43.150084,53.990610,29.555822,0.000000,-0.280112,-0.186944,-0.093168,25.486700,12.798880,25.490275,-0.359448,-0.794547,-5.059877,0.298769,0.017799,2.910849,20.000000,104.230769,0.145542,8.000000,2.872928,14.000000,100.775194,0.205209,1.000000,2.771809,5.000000,77.477477,0.554362,2.000000,3.710306,7.000000,66.071429,0.530044,3.000000,5.317017,19.000000,162.580645,0.279843,4.000000,3.380958,5.000000,58.490566,0.676192,3.000000,5.464481,7.000000,177.257525,0.780640,8.000000,3.180851,7.000000,135.909091,0.454407,1.000000,2.286902,1.000000,89.068826,2.286902,2.000000,2.635229,6.000000,108.810573,0.439205,1.000000,2.364583,0.000000,41.804788,0.000000,7.000000,5.995363,6.000000,168.111455,0.999227,7.000000,2.000000,2.000000,55.000000,-1.000000,,,,24.746462,12.160229,27.197514,-2.877556,-2.787610,-0.089946,49.826030,6.280293,34.433115,-5.744509,-11.324233,-0.182601,0.079584,,0.000000,,32.002847,0.000000,30.877193,-0.404246,-0.437177,0.032931,23.466597,30.495484,18.166504,-1.119251,-2.093167,-0.381229,0.012560,0.864315,0.000000,13.000000,372.619048,64.696486,1.540395,2.220374
2026-03-06T04:45:00Z,0.769114,no_impulse,0,BERGEPAINT,1h,-1.000000,137.344398,3.714093,9.000000,0.412677,-0.233143,-1.999596,-6.548775,2.779380,0.000000,67.507003,0.000000,2.000000,24.570938,10.105263,21.485765,0.000000,-1.302314,-1.059612,-0.242702,46.391541,17.165514,32.913167,-2.653570,-4.230088,-8.331990,0.129125,0.069699,3.954364,8.000000,88.148148,0.494296,2.000000,24.570938,10.105263,21.485765,1.000000,-1.302314,-1.059612,-0.242702,46.391541,17.165514,32.913167,-2.653570,-4.230088,-8.331990,0.129125,0.069699,4.696741,5.000000,64.696486,0.939348,3.000000,34.770327,56.543624,52.908277,0.000000,-0.737278,-0.530154,-0.207125,38.692189,6.900248,43.154508,-1.153767,-1.965472,-5.406644,0.243790,0.044518,6.768299,13.000000,372.619048,0.520638,4.000000,24.499795,50.319489,28.450445,0.000000,-0.412656,-0.238440,-0.174216,25.384947,6.747933,52.300843,-2.238501,-2.680160,-5.950132,-0.381544,0.024837,1.850017,3.000000,73.362445,0.616672,3.000000,52.117374,67.142857,57.417417,1.000000,-0.069545,-0.023901,-0.045644,17.043137,19.254438,20.472763,0.193230,0.080985,-3.201834,0.587199,0.022203,2.459721,13.000000,95.815900,0.189209,2.000000,35.734195,11.790393,12.572106,1.000000,-0.123906,0.048221,-0.172127,17.896916,12.361273,26.297986,-1.052751,-1.184644,-4.598572,0.010187,0.021269,2.634770,7.000000,143.113772,0.376396,1.000000,64.494005,100.000000,95.041051,1.000000,0.205373,-0.014800,0.220173,24.546020,22.030448,12.938514,1.045072,0.961596,-2.796953,0.882793,0.027590,1.807751,5.000000,83.919598,0.361550,2.000000,37.811867,27.699531,36.932707,1.000000,-0.337680,-0.274061,-0.063619,27.570463,11.330727,22.355721,-0.683976,-1.202579,-5.440364,0.113154,0.017561,2.201571,1.000000,73.431734,2.201571,3.000000,2.910849,20.000000,104.230769,0.145542,8.000000,2.872928,14.000000,100.775194,0.205209,1.000000,2.771809,5.000000,77.477477,0.554362,2.000000,3.710306,7.000000,66.071429,0.530044,3.000000,5.317017,19.000000,162.580645,0.279843,4.000000,3.380958,5.000000,58.490566,0.676192,3.000000,5.464481,7.000000,177.257525,0.780640,8.000000,3.180851,7.000000,135.909091,0.454407,1.000000,2.286902,1.000000,89.068826,2.286902,2.000000,2.635229,6.000000,108.810573,0.439205,1.000000,2.364583,0.000000,41.804788,0.000000,7.000000,4.000000,1.000000,64.000000,-1.000000,,,,30.886179,30.864198,21.716536,-2.855171,-2.773265,-0.081906,51.259769,5.703919,32.193834,-4.002308,-9.544074,0.031097,0.082070,,2.000000,,34.109812,17.142857,19.285714,-0.308762,-0.240712,-0.068050,16.131862,14.577104,30.162988,-0.636580,-1.316355,0.098325,0.015748,1.158357,1.200000,22.000000,372.619048,64.696486,1.542990,1.031815
2026-03-06T09:45:00Z,0.795913,no_impulse,0,BERGEPAINT,1h,1.000000,90.332326,3.484442,5.000000,0.696888,-0.313592,-1.711546,-6.240586,3.714093,9.000000,137.344398,0.412677,4.000000,44.310373,54.078550,29.860154,1.000000,-1.061386,-1.163109,0.101723,40.707768,17.590110,28.823565,-0.233143,-1.999596,-6.548775,0.450968,0.047439,2.779380,0.000000,67.507003,0.000000,2.000000,24.570938,10.105263,21.485765,0.000000,-1.302314,-1.059612,-0.242702,46.391541,17.165514,32.913167,-2.653570,-4.230088,-8.331990,0.129125,0.069699,3.954364,8.000000,88.148148,0.494296,2.000000,24.570938,10.105263,21.485765,1.000000,-1.302314,-1.059612,-0.242702,46.391541,17.165514,32.913167,-2.653570,-4.230088,-8.331990,0.129125,0.069699,4.696741,5.000000,64.696486,0.939348,3.000000,34.770327,56.543624,52.908277,0.000000,-0.737278,-0.530154,-0.207125,38.692189,6.900248,43.154508,-1.153767,-1.965472,-5.406644,0.243790,0.044518,6.768299,13.000000,372.619048,0.520638,4.000000,24.499795,50.319489,28.450445,0.000000,-0.412656,-0.238440,-0.174216,25.384947,6.747933,52.300843,-2.238501,-2.680160,-5.950132,-0.381544,0.024837,1.850017,3.000000,73.362445,0.616672,3.000000,52.117374,67.142857,57.417417,1.000000,-0.069545,-0.023901,-0.045644,17.043137,19.254438,20.472763,0.193230,0.080985,-3.201834,0.587199,0.022203,2.459721,13.000000,95.815900,0.189209,2.000000,35.734195,11.790393,12.572106,1.000000,-0.123906,0.048221,-0.172127,17.896916,12.361273,26.297986,-1.052751,-1.184644,-4.598572,0.010187,0.021269,2.634770,7.000000,143.113772,0.376396,1.000000,64.494005,100.000000,95.041051,1.000000,0.205373,-0.014800,0.220173,24.546020,22.030448,12.938514,1.045072,0.961596,-2.796953,0.882793,0.027590,1.807751,5.000000,83.919598,0.361550,2.000000,2.201571,1.000000,73.431734,2.201571,3.000000,2.910849,20.000000,104.230769,0.145542,8.000000,2.872928,14.000000,100.775194,0.205209,1.000000,2.771809,5.000000,77.477477,0.554362,2.000000,3.710306,7.000000,66.071429,0.530044,3.000000,5.317017,19.000000,162.580645,0.279843,4.000000,3.380958,5.000000,58.490566,0.676192,3.000000,5.464481,7.000000,177.257525,0.780640,8.000000,3.180851,7.000000,135.909091,0.454407,1.000000,2.286902,1.000000,89.068826,2.286902,2.000000,2.635229,6.000000,108.810573,0.439205,1.000000,3.000000,2.000000,69.000000,-1.000000,,,,30.886179,30.864198,21.716536,-2.855171,-2.773265,-0.081906,51.259769,5.703919,32.193834,-4.002308,-9.544074,0.031097,0.082070,,1.000000,,46.948035,0.000000,32.424242,0.293002,0.320577,-0.027575,25.615033,33.041709,15.350800,-0.266426,-0.067664,0.377201,0.021638,1.060174,0.781250,27.000000,372.619048,64.696486,1.546801,0.784663
2026-03-09T03:45:00Z,0.754952,no_impulse,0,BERGEPAINT,1h,-1.000000,152.842809,5.146396,1.000000,5.146396,-3.103618,-4.680655,-9.446519,3.484442,5.000000,90.332326,0.696888,3.000000,44.736786,60.200669,70.117242,1.000000,-0.520635,-0.814868,0.294233,31.966633,19.512434,25.043047,-0.313592,-1.711546,-6.240586,0.372486,0.024516,3.714093,9.000000,137.344398,0.412677,4.000000,44.310373,54.078550,29.860154,1.000000,-1.061386,-1.163109,0.101723,40.707768,17.590110,28.823565,-0.233143,-1.999596,-6.548775,0.450968,0.047439,2.779380,0.000000,67.507003,0.000000,2.000000,24.570938,10.105263,21.485765,0.000000,-1.302314,-1.059612,-0.242702,46.391541,17.165514,32.913167,-2.653570,-4.230088,-8.331990,0.129125,0.069699,3.954364,8.000000,88.148148,0.494296,2.000000,24.570938,10.105263,21.485765,1.000000,-1.302314,-1.059612,-0.242702,46.391541,17.165514,32.913167,-2.653570,-4.230088,-8.331990,0.129125,0.069699,4.696741,5.000000,64.696486,0.939348,3.000000,34.770327,56.543624,52.908277,0.000000,-0.737278,-0.530154,-0.207125,38.692189,6.900248,43.154508,-1.153767,-1.965472,-5.406644,0.243790,0.044518,6.768299,13.000000,372.619048,0.520638,4.000000,24.499795,50.319489,28.450445,0.000000,-0.412656,-0.238440,-0.174216,25.384947,6.747933,52.300843,-2.238501,-2.680160,-5.950132,-0.381544,0.024837,1.850017,3.000000,73.362445,0.616672,3.000000,52.117374,67.142857,57.417417,1.000000,-0.069545,-0.023901,-0.045644,17.043137,19.254438,20.472763,0.193230,0.080985,-3.201834,0.587199,0.022203,2.459721,13.000000,95.815900,0.189209,2.000000,35.734195,11.790393,12.572106,1.000000,-0.123906,0.048221,-0.172127,17.896916,12.361273,26.297986,-1.052751,-1.184644,-4.598572,0.010187,0.021269,2.634770,7.000000,143.113772,0.376396,1.000000,1.807751,5.000000,83.919598,0.361550,2.000000,2.201571,1.000000,73.431734,2.201571,3.000000,2.910849,20.000000,104.230769,0.145542,8.000000,2.872928,14.000000,100.775194,0.205209,1.000000,2.771809,5.000000,77.477477,0.554362,2.000000,3.710306,7.000000,66.071429,0.530044,3.000000,5.317017,19.000000,162.580645,0.279843,4.000000,3.380958,5.000000,58.490566,0.676192,3.000000,5.464481,7.000000,177.257525,0.780640,8.000000,3.180851,7.000000,135.909091,0.454407,1.000000,2.286902,1.000000,89.068826,2.286902,2.000000,4.000000,3.000000,70.000000,-1.000000,,,,28.143636,29.425028,24.149818,-2.985132,-2.846807,-0.138324,52.851518,5.012937,32.883838,-4.943093,-10.648411,-0.040612,0.087128,,0.000000,,20.277323,15.317287,20.257277,-0.008855,0.262783,-0.271638,26.814189,19.863714,49.111363,-3.103671,-3.098855,-0.418083,0.032788,1.507016,0.147059,,372.619048,64.696486,1.499275,0.647101
2026-03-10T03:45:00Z,0.797257,no_impulse,0,BERGEPAINT,1h,1.000000,103.282276,5.603704,7.000000,0.800529,0.718282,-0.794970,-5.656229,5.146396,1.000000,152.842809,5.146396,4.000000,30.117147,16.192560,49.432184,0.000000,-0.751655,-0.822479,0.070825,32.983604,15.245621,41.433996,-3.103618,-4.680655,-9.446519,-0.378330,0.034272,3.484442,5.000000,90.332326,0.696888,3.000000,44.736786,60.200669,70.117242,1.000000,-0.520635,-0.814868,0.294233,31.966633,19.512434,25.043047,-0.313592,-1.711546,-6.240586,0.372486,0.024516,3.714093,9.000000,137.344398,0.412677,4.000000,44.310373,54.078550,29.860154,1.000000,-1.061386,-1.163109,0.101723,40.707768,17.590110,28.823565,-0.233143,-1.999596,-6.548775,0.450968,0.047439,2.779380,0.000000,67.507003,0.000000,2.000000,24.570938,10.105263,21.485765,0.000000,-1.302314,-1.059612,-0.242702,46.391541,17.165514,32.913167,-2.653570,-4.230088,-8.331990,0.129125,0.069699,3.954364,8.000000,88.148148,0.494296,2.000000,24.570938,10.105263,21.485765,1.000000,-1.302314,-1.059612,-0.242702,46.391541,17.165514,32.913167,-2.653570,-4.230088,-8.331990,0.129125,0.069699,4.696741,5.000000,64.696486,0.939348,3.000000,34.770327,56.543624,52.908277,0.000000,-0.737278,-0.530154,-0.207125,38.692189,6.900248,43.154508,-1.153767,-1.965472,-5.406644,0.243790,0.044518,6.768299,13.000000,372.619048,0.520638,4.000000,24.499795,50.319489,28.450445,0.000000,-0.412656,-0.238440,-0.174216,25.384947,6.747933,52.300843,-2.238501,-2.680160,-5.950132,-0.381544,0.024837,1.850017,3.000000,73.362445,0.616672,3.000000,52.117374,67.142857,57.417417,1.000000,-0.069545,-0.023901,-0.045644,17.043137,19.254438,20.472763,0.193230,0.080985,-3.201834,0.587199,0.022203,2.459721,13.000000,95.815900,0.189209,2.000000,2.634770,7.000000,143.113772,0.376396,1.000000,1.807751,5.000000,83.919598,0.361550,2.000000,2.201571,1.000000,73.431734,2.201571,3.000000,2.910849,20.000000,104.230769,0.145542,8.000000,2.872928,14.000000,100.775194,0.205209,1.000000,2.771809,5.000000,77.477477,0.554362,2.000000,3.710306,7.000000,66.071429,0.530044,3.000000,5.317017,19.000000,162.580645,0.279843,4.000000,3.380958,5.000000,58.490566,0.676192,3.000000,5.464481,7.000000,177.257525,0.780640,8.000000,3.180851,7.000000,135.909091,0.454407,1.000000,7.000000,4.000000,77.000000,-1.000000,,,,30.853541,35.062007,31.783744,-2.958542,-2.856117,-0.102426,53.791177,6.316658,30.847525,-3.928765,-9.622232,0.082670,0.090582,,4.000000,,67.738386,64.467005,72.909669,0.121479,-0.188077,0.309555,19.966842,38.387956,10.515930,1.624416,1.287900,1.071556,0.028890,1.494791,1.093750,,372.619048,64.696486,1.473112,1.080001
2026-03-16T03:45:00Z,0.708165,no_impulse,0,BERGEPAINT,1h,-1.000000,210.593220,11.174817,28.000000,0.399101,-4.616098,-7.339244,-13.810005,5.603704,7.000000,103.282276,0.800529,7.000000,52.261779,70.974576,62.972561,1.000000,-0.615245,-0.818826,0.203582,29.612639,27.737826,23.221790,0.718282,-0.794970,-5.656229,0.652734,0.047369,5.146396,1.000000,152.842809,5.146396,4.000000,30.117147,16.192560,49.432184,0.000000,-0.751655,-0.822479,0.070825,32.983604,15.245621,41.433996,-3.103618,-4.680655,-9.446519,-0.378330,0.034272,3.484442,5.000000,90.332326,0.696888,3.000000,44.736786,60.200669,70.117242,1.000000,-0.520635,-0.814868,0.294233,31.966633,19.512434,25.043047,-0.313592,-1.711546,-6.240586,0.372486,0.024516,3.714093,9.000000,137.344398,0.412677,4.000000,44.310373,54.078550,29.860154,1.000000,-1.061386,-1.163109,0.101723,40.707768,17.590110,28.823565,-0.233143,-1.999596,-6.548775,0.450968,0.047439,2.779380,0.000000,67.507003,0.000000,2.000000,24.570938,10.105263,21.485765,0.000000,-1.302314,-1.059612,-0.242702,46.391541,17.165514,32.913167,-2.653570,-4.230088,-8.331990,0.129125,0.069699,3.954364,8.000000,88.148148,0.494296,2.000000,24.570938,10.105263,21.485765,1.000000,-1.302314,-1.059612,-0.242702,46.391541,17.165514,32.913167,-2.653570,-4.230088,-8.331990,0.129125,0.069699,4.696741,5.000000,64.696486,0.939348,3.000000,34.770327,56.543624,52.908277,0.000000,-0.737278,-0.530154,-0.207125,38.692189,6.900248,43.154508,-1.153767,-1.965472,-5.406644,0.243790,0.044518,6.768299,13.000000,372.619048,0.520638,4.000000,24.499795,50.319489,28.450445,0.000000,-0.412656,-0.238440,-0.174216,25.384947,6.747933,52.300843,-2.238501,-2.680160,-5.950132,-0.381544,0.024837,1.850017,3.000000,73.362445,0.616672,3.000000,2.459721,13.000000,95.815900,0.189209,2.000000,2.634770,7.000000,143.113772,0.376396,1.000000,1.807751,5.000000,83.919598,0.361550,2.000000,2.201571,1.000000,73.431734,2.201571,3.000000,2.910849,20.000000,104.230769,0.145542,8.000000,2.872928,14.000000,100.775194,0.205209,1.000000,2.771809,5.000000,77.477477,0.554362,2.000000,3.710306,7.000000,66.071429,0.530044,3.000000,5.317017,19.000000,162.580645,0.279843,4.000000,3.380958,5.000000,58.490566,0.676192,3.000000,5.464481,7.000000,177.257525,0.780640,8.000000,4.000000,5.000000,28.000000,-1.000000,,,,19.465219,18.095881,10.303264,-4.171432,-3.487858,-0.683574,59.491304,4.402560,43.698422,-9.053564,-16.053820,-0.012633,0.161947,,11.000000,,18.923188,6.521739,39.389789,-0.862193,-0.881200,0.019007,54.791515,8.973471,49.561626,-2.738325,-4.454702,-0.437893,0.028418,2.762136,4.375000,,372.619048,64.696486,1.522007,1.362439
2026-03-16T03:45:00Z,0.726002,no_impulse,0,BERGEPAINT,1h,1.000000,20.020121,2.518669,0.000000,0.000000,-4.616098,-7.339244,-13.810005,11.174817,28.000000,210.593220,0.399101,4.000000,20.672423,9.284627,10.943032,1.000000,-2.026499,-1.603042,-0.423456,42.046169,9.277258,51.422230,-4.616098,-7.339244,-13.810005,0.081046,0.105320,5.603704,7.000000,103.282276,0.800529,7.000000,52.261779,70.974576,62.972561,1.000000,-0.615245,-0.818826,0.203582,29.612639,27.737826,23.221790,0.718282,-0.794970,-5.656229,0.652734,0.047369,5.146396,1.000000,152.842809,5.146396,4.000000,30.117147,16.192560,49.432184,0.000000,-0.751655,-0.822479,0.070825,32.983604,15.245621,41.433996,-3.103618,-4.680655,-9.446519,-0.378330,0.034272,3.484442,5.000000,90.332326,0.696888,3.000000,44.736786,60.200669,70.117242,1.000000,-0.520635,-0.814868,0.294233,31.966633,19.512434,25.043047,-0.313592,-1.711546,-6.240586,0.372486,0.024516,3.714093,9.000000,137.344398,0.412677,4.000000,44.310373,54.078550,29.860154,1.000000,-1.061386,-1.163109,0.101723,40.707768,17.590110,28.823565,-0.233143,-1.999596,-6.548775,0.450968,0.047439,2.779380,0.000000,67.507003,0.000000,2.000000,24.570938,10.105263,21.485765,0.000000,-1.302314,-1.059612,-0.242702,46.391541,17.165514,32.913167,-2.653570,-4.230088,-8.331990,0.129125,0.069699,3.954364,8.000000,88.148148,0.494296,2.000000,24.570938,10.105263,21.485765,1.000000,-1.302314,-1.059612,-0.242702,46.391541,17.165514,32.913167,-2.653570,-4.230088,-8.331990,0.129125,0.069699,4.696741,5.000000,64.696486,0.939348,3.000000,34.770327,56.543624,52.908277,0.000000,-0.737278,-0.530154,-0.207125,38.692189,6.900248,43.154508,-1.153767,-1.965472,-5.406644,0.243790,0.044518,6.768299,13.000000,372.619048,0.520638,4.000000,1.850017,3.000000,73.362445,0.616672,3.000000,2.459721,13.000000,95.815900,0.189209,2.000000,2.634770,7.000000,143.113772,0.376396,1.000000,1.807751,5.000000,83.919598,0.361550,2.000000,2.201571,1.000000,73.431734,2.201571,3.000000,2.910849,20.000000,104.230769,0.145542,8.000000,2.872928,14.000000,100.775194,0.205209,1.000000,2.771809,5.000000,77.477477,0.554362,2.000000,3.710306,7.000000,66.071429,0.530044,3.000000,5.317017,19.000000,162.580645,0.279843,4.000000,3.380958,5.000000,58.490566,0.676192,3.000000,4.000000,6.000000,28.000000,-1.000000,,,,19.465219,18.095881,10.303264,-4.171432,-3.487858,-0.683574,59.491304,4.402560,43.698422,-9.053564,-16.053820,-0.012633,0.161947,,0.000000,,18.923188,6.521739,39.389789,-0.862193,-0.881200,0.019007,54.791515,8.973471,49.561626,-2.738325,-4.454702,-0.437893,0.028418,0.512213,0.000000,0.000000,372.619048,64.696486,2.615381,2.197345
2026-03-16T06:45:00Z,0.701085,no_impulse,0,BERGEPAINT,1h,-1.000000,139.698492,3.432099,3.000000,1.144033,-4.695414,-8.022064,-15.128809,2.518669,0.000000,20.020121,0.000000,4.000000,20.672423,9.284627,10.943032,0.000000,-2.026499,-1.603042,-0.423456,42.046169,9.277258,51.422230,-4.616098,-7.339244,-13.810005,0.081046,0.105320,11.174817,28.000000,210.593220,0.399101,4.000000,20.672423,9.284627,10.943032,1.000000,-2.026499,-1.603042,-0.423456,42.046169,9.277258,51.422230,-4.616098,-7.339244,-13.810005,0.081046,0.105320,5.603704,7.000000,103.282276,0.800529,7.000000,52.261779,70.974576,62.972561,1.000000,-0.615245,-0.818826,0.203582,29.612639,27.737826,23.221790,0.718282,-0.794970,-5.656229,0.652734,0.047369,5.146396,1.000000,152.842809,5.146396,4.000000,30.117147,16.192560,49.432184,0.000000,-0.751655,-0.822479,0.070825,32.983604,15.245621,41.433996,-3.103618,-4.680655,-9.446519,-0.378330,0.034272,3.484442,5.000000,90.332326,0.696888,3.000000,44.736786,60.200669,70.117242,1.000000,-0.520635,-0.814868,0.294233,31.966633,19.512434,25.043047,-0.313592,-1.711546,-6.240586,0.372486,0.024516,3.714093,9.000000,137.344398,0.412677,4.000000,44.310373,54.078550,29.860154,1.000000,-1.061386,-1.163109,0.101723,40.707768,17.590110,28.823565,-0.233143,-1.999596,-6.548775,0.450968,0.047439,2.779380,0.000000,67.507003,0.000000,2.000000,24.570938,10.105263,21.485765,0.000000,-1.302314,-1.059612,-0.242702,46.391541,17.165514,32.913167,-2.653570,-4.230088,-8.331990,0.129125,0.069699,3.954364,8.000000,88.148148,0.494296,2.000000,24.570938,10.105263,21.485765,1.000000,-1.302314,-1.059612,-0.242702,46.391541,17.165514,32.913167,-2.653570,-4.230088,-8.331990,0.129125,0.069699,4.696741,5.000000,64.696486,0.939348,3.000000,6.768299,13.000000,372.619048,0.520638,4.000000,1.850017,3.000000,73.362445,0.616672,3.000000,2.459721,13.000000,95.815900,0.189209,2.000000,2.634770,7.000000,143.113772,0.376396,1.000000,1.807751,5.000000,83.919598,0.361550,2.000000,2.201571,1.000000,73.431734,2.201571,3.000000,2.910849,20.000000,104.230769,0.145542,8.000000,2.872928,14.000000,100.775194,0.205209,1.000000,2.771809,5.000000,77.477477,0.554362,2.000000,3.710306,7.000000,66.071429,0.530044,3.000000,5.317017,19.000000,162.580645,0.279843,4.000000,4.000000,7.000000,31.000000,-1.000000,,,,30.609509,34.104833,19.151743,-4.036536,-3.519480,-0.517055,59.321410,10.889471,39.892435,-5.429151,-12.302772,0.193280,0.167891,,0.000000,,28.220351,9.539474,10.824649,-1.124389,-1.158606,0.034217,57.784610,11.510202,34.878891,-1.185245,-3.312308,0.294689,0.057053,0.688611,0.394737,3.000000,372.619048,20.020121,2.535582,1.563167
2026-03-17T03:45:00Z,0.747782,no_impulse,0,BERGEPAINT,1h,1.000000,187.410072,6.660701,4.000000,1.665175,1.889667,-0.948725,-7.833200,3.432099,3.000000,139.698492,1.144033,4.000000,20.155993,2.719033,2.541746,1.000000,-2.510132,-2.011099,-0.499032,47.951678,7.525683,47.311425,-4.695414,-8.022064,-15.128809,0.126586,0.120103,2.518669,0.000000,20.020121,0.000000,4.000000,20.672423,9.284627,10.943032,0.000000,-2.026499,-1.603042,-0.423456,42.046169,9.277258,51.422230,-4.616098,-7.339244,-13.810005,0.081046,0.105320,11.174817,28.000000,210.593220,0.399101,4.000000,20.672423,9.284627,10.943032,1.000000,-2.026499,-1.603042,-0.423456,42.046169,9.277258,51.422230,-4.616098,-7.339244,-13.810005,0.081046,0.105320,5.603704,7.000000,103.282276,0.800529,7.000000,52.261779,70.974576,62.972561,1.000000,-0.615245,-0.818826,0.203582,29.612639,27.737826,23.221790,0.718282,-0.794970,-5.656229,0.652734,0.047369,5.146396,1.000000,152.842809,5.146396,4.000000,30.117147,16.192560,49.432184,0.000000,-0.751655,-0.822479,0.070825,32.983604,15.245621,41.433996,-3.103618,-4.680655,-9.446519,-0.378330,0.034272,3.484442,5.000000,90.332326,0.696888,3.000000,44.736786,60.200669,70.117242,1.000000,-0.520635,-0.814868,0.294233,31.966633,19.512434,25.043047,-0.313592,-1.711546,-6.240586,0.372486,0.024516,3.714093,9.000000,137.344398,0.412677,4.000000,44.310373,54.078550,29.860154,1.000000,-1.061386,-1.163109,0.101723,40.707768,17.590110,28.823565,-0.233143,-1.999596,-6.548775,0.450968,0.047439,2.779380,0.000000,67.507003,0.000000,2.000000,24.570938,10.105263,21.485765,0.000000,-1.302314,-1.059612,-0.242702,46.391541,17.165514,32.913167,-2.653570,-4.230088,-8.331990,0.129125,0.069699,3.954364,8.000000,88.148148,0.494296,2.000000,4.696741,5.000000,64.696486,0.939348,3.000000,6.768299,13.000000,372.619048,0.520638,4.000000,1.850017,3.000000,73.362445,0.616672,3.000000,2.459721,13.000000,95.815900,0.189209,2.000000,2.634770,7.000000,143.113772,0.376396,1.000000,1.807751,5.000000,83.919598,0.361550,2.000000,2.201571,1.000000,73.431734,2.201571,3.000000,2.910849,20.000000,104.230769,0.145542,8.000000,2.872928,14.000000,100.775194,0.205209,1.000000,2.771809,5.000000,77.477477,0.554362,2.000000,3.710306,7.000000,66.071429,0.530044,3.000000,7.000000,8.000000,35.000000,-1.000000,,,,30.609509,34.104833,19.151743,-4.036536,-3.519480,-0.517055,59.321410,10.889471,39.892435,-5.429151,-12.302772,0.193280,0.167891,,3.000000,,75.077512,90.103093,86.320033,0.253451,-0.316799,0.570250,43.500113,44.532069,11.804805,3.059152,2.129081,1.094850,0.053050,1.432264,0.606061,7.000000,210.593220,20.020121,2.493877,1.203100
2026-03-17T03:45:00Z,0.724747,no_impulse,0,BERGEPAINT,1h,-1.000000,49.328215,3.080427,0.000000,0.000000,1.889667,-0.948725,-7.833200,6.660701,4.000000,187.410072,1.665175,7.000000,54.500106,98.848369,62.663269,0.000000,-1.556241,-1.914607,0.358366,42.699804,30.196777,28.716370,1.889667,-0.948725,-7.833200,0.686192,0.103445,3.432099,3.000000,139.698492,1.144033,4.000000,20.155993,2.719033,2.541746,1.000000,-2.510132,-2.011099,-0.499032,47.951678,7.525683,47.311425,-4.695414,-8.022064,-15.128809,0.126586,0.120103,2.518669,0.000000,20.020121,0.000000,4.000000,20.672423,9.284627,10.943032,0.000000,-2.026499,-1.603042,-0.423456,42.046169,9.277258,51.422230,-4.616098,-7.339244,-13.810005,0.081046,0.105320,11.174817,28.000000,210.593220,0.399101,4.000000,20.672423,9.284627,10.943032,1.000000,-2.026499,-1.603042,-0.423456,42.046169,9.277258,51.422230,-4.616098,-7.339244,-13.810005,0.081046,0.105320,5.603704,7.000000,103.282276,0.800529,7.000000,52.261779,70.974576,62.972561,1.000000,-0.615245,-0.818826,0.203582,29.612639,27.737826,23.221790,0.718282,-0.794970,-5.656229,0.652734,0.047369,5.146396,1.000000,152.842809,5.146396,4.000000,30.117147,16.192560,49.432184,0.000000,-0.751655,-0.822479,0.070825,32.983604,15.245621,41.433996,-3.103618,-4.680655,-9.446519,-0.378330,0.034272,3.484442,5.000000,90.332326,0.696888,3.000000,44.736786,60.200669,70.117242,1.000000,-0.520635,-0.814868,0.294233,31.966633,19.512434,25.043047,-0.313592,-1.711546,-6.240586,0.372486,0.024516,3.714093,9.000000,137.344398,0.412677,4.000000,44.310373,54.078550,29.860154,1.000000,-1.061386,-1.163109,0.101723,40.707768,17.590110,28.823565,-0.233143,-1.999596,-6.548775,0.450968,0.047439,2.779380,0.000000,67.507003,0.000000,2.000000,3.954364,8.000000,88.148148,0.494296,2.000000,4.696741,5.000000,64.696486,0.939348,3.000000,6.768299,13.000000,372.619048,0.520638,4.000000,1.850017,3.000000,73.362445,0.616672,3.000000,2.459721,13.000000,95.815900,0.189209,2.000000,2.634770,7.000000,143.113772,0.376396,1.000000,1.807751,5.000000,83.919598,0.361550,2.000000,2.201571,1.000000,73.431734,2.201571,3.000000,2.910849,20.000000,104.230769,0.145542,8.000000,2.872928,14.000000,100.775194,0.205209,1.000000,2.771809,5.000000,77.477477,0.554362,2.000000,7.000000,9.000000,0.000000,-1.000000,,,,30.609509,34.104833,19.151743,-4.036536,-3.519480,-0.517055,59.321410,10.889471,39.892435,-5.429151,-12.302772,0.193280,0.167891,,0.000000,,75.077512,90.103093,86.320033,0.253451,-0.316799,0.570250,43.500113,44.532069,11.804805,3.059152,2.129081,1.094850,0.053050,0.635550,0.000000,7.000000,210.593220,20.020121,2.573972,0.575212
2026-03-17T07:45:00Z,0.753608,no_impulse,0,BERGEPAINT,1h,1.000000,125.291829,3.982191,4.000000,0.995548,1.401753,-0.677919,-7.394385,3.080427,0.000000,49.328215,0.000000,7.000000,54.500106,98.848369,62.663269,0.000000,-1.556241,-1.914607,0.358366,42.699804,30.196777,28.716370,1.889667,-0.948725,-7.833200,0.686192,0.103445,6.660701,4.000000,187.410072,1.665175,7.000000,54.500106,98.848369,62.663269,0.000000,-1.556241,-1.914607,0.358366,42.699804,30.196777,28.716370,1.889667,-0.948725,-7.833200,0.686192,0.103445,3.432099,3.000000,139.698492,1.144033,4.000000,20.155993,2.719033,2.541746,1.000000,-2.510132,-2.011099,-0.499032,47.951678,7.525683,47.311425,-4.695414,-8.022064,-15.128809,0.126586,0.120103,2.518669,0.000000,20.020121,0.000000,4.000000,20.672423,9.284627,10.943032,0.000000,-2.026499,-1.603042,-0.423456,42.046169,9.277258,51.422230,-4.616098,-7.339244,-13.810005,0.081046,0.105320,11.174817,28.000000,210.593220,0.399101,4.000000,20.672423,9.284627,10.943032,1.000000,-2.026499,-1.603042,-0.423456,42.046169,9.277258,51.422230,-4.616098,-7.339244,-13.810005,0.081046,0.105320,5.603704,7.000000,103.282276,0.800529,7.000000,52.261779,70.974576,62.972561,1.000000,-0.615245,-0.818826,0.203582,29.612639,27.737826,23.221790,0.718282,-0.794970,-5.656229,0.652734,0.047369,5.146396,1.000000,152.842809,5.146396,4.000000,30.117147,16.192560,49.432184,0.000000,-0.751655,-0.822479,0.070825,32.983604,15.245621,41.433996,-3.103618,-4.680655,-9.446519,-0.378330,0.034272,3.484442,5.000000,90.332326,0.696888,3.000000,44.736786,60.200669,70.117242,1.000000,-0.520635,-0.814868,0.294233,31.966633,19.512434,25.043047,-0.313592,-1.711546,-6.240586,0.372486,0.024516,3.714093,9.000000,137.344398,0.412677,4.000000,2.779380,0.000000,67.507003,0.000000,2.000000,3.954364,8.000000,88.148148,0.494296,2.000000,4.696741,5.000000,64.696486,0.939348,3.000000,6.768299,13.000000,372.619048,0.520638,4.000000,1.850017,3.000000,73.362445,0.616672,3.000000,2.459721,13.000000,95.815900,0.189209,2.000000,2.634770,7.000000,143.113772,0.376396,1.000000,1.807751,5.000000,83.919598,0.361550,2.000000,2.201571,1.000000,73.431734,2.201571,3.000000,2.910849,20.000000,104.230769,0.145542,8.000000,2.872928,14.000000,100.775194,0.205209,1.000000,1.000000,1.000000,4.000000,-1.000000,,,,30.146756,33.426769,28.542495,-4.010908,-3.625908,-0.385000,59.163652,10.410342,38.137196,-5.187944,-12.132345,0.212022,0.171266,,2.000000,,71.495240,91.129032,81.436950,0.868522,0.842603,0.025920,36.454911,38.907281,18.588551,1.620728,2.333323,0.882793,0.043037,0.836688,0.701754,11.000000,210.593220,20.020121,2.622030,0.682650
2026-03-19T03:45:00Z,0.729856,no_impulse,0,BERGEPAINT,1h,-1.000000,82.298137,3.151760,10.000000,0.315176,-0.052846,-1.163766,-7.544231,3.982191,4.000000,125.291829,0.995548,1.000000,54.314761,89.590444,89.660375,1.000000,-0.530562,-1.260880,0.730318,33.285368,29.360393,30.483018,1.401753,-0.677919,-7.394385,0.666839,0.085213,3.080427,0.000000,49.328215,0.000000,7.000000,54.500106,98.848369,62.663269,0.000000,-1.556241,-1.914607,0.358366,42.699804,30.196777,28.716370,1.889667,-0.948725,-7.833200,0.686192,0.103445,6.660701,4.000000,187.410072,1.665175,7.000000,54.500106,98.848369,62.663269,0.000000,-1.556241,-1.914607,0.358366,42.699804,30.196777,28.716370,1.889667,-0.948725,-7.833200,0.686192,0.103445,3.432099,3.000000,139.698492,1.144033,4.000000,20.155993,2.719033,2.541746,1.000000,-2.510132,-2.011099,-0.499032,47.951678,7.525683,47.311425,-4.695414,-8.022064,-15.128809,0.126586,0.120103,2.518669,0.000000,20.020121,0.000000,4.000000,20.672423,9.284627,10.943032,0.000000,-2.026499,-1.603042,-0.423456,42.046169,9.277258,51.422230,-4.616098,-7.339244,-13.810005,0.081046,0.105320,11.174817,28.000000,210.593220,0.399101,4.000000,20.672423,9.284627,10.943032,1.000000,-2.026499,-1.603042,-0.423456,42.046169,9.277258,51.422230,-4.616098,-7.339244,-13.810005,0.081046,0.105320,5.603704,7.000000,103.282276,0.800529,7.000000,52.261779,70.974576,62.972561,1.000000,-0.615245,-0.818826,0.203582,29.612639,27.737826,23.221790,0.718282,-0.794970,-5.656229,0.652734,0.047369,5.146396,1.000000,152.842809,5.146396,4.000000,30.117147,16.192560,49.432184,0.000000,-0.751655,-0.822479,0.070825,32.983604,15.245621,41.433996,-3.103618,-4.680655,-9.446519,-0.378330,0.034272,3.484442,5.000000,90.332326,0.696888,3.000000,3.714093,9.000000,137.344398,0.412677,4.000000,2.779380,0.000000,67.507003,0.000000,2.000000,3.954364,8.000000,88.148148,0.494296,2.000000,4.696741,5.000000,64.696486,0.939348,3.000000,6.768299,13.000000,372.619048,0.520638,4.000000,1.850017,3.000000,73.362445,0.616672,3.000000,2.459721,13.000000,95.815900,0.189209,2.000000,2.634770,7.000000,143.113772,0.376396,1.000000,1.807751,5.000000,83.919598,0.361550,2.000000,2.201571,1.000000,73.431734,2.201571,3.000000,2.910849,20.000000,104.230769,0.145542,8.000000,2.000000,2.000000,14.000000,-1.000000,,,,28.053392,26.270580,31.267394,-4.096002,-3.758892,-0.337110,59.159703,9.891229,38.486534,-5.972240,-13.103733,0.181711,0.177061,,2.000000,,28.421981,26.976744,42.570679,-0.047862,0.087998,-0.135859,20.564524,10.817213,33.870782,-1.332620,-1.047329,-0.438826,0.014008,0.645885,1.639344,21.000000,210.593220,20.020121,2.547637,0.801334
2026-03-20T07:45:00Z,0.752891,no_impulse,0,BERGEPAINT,1h,1.000000,96.981132,3.156085,11.000000,0.286917,0.750010,0.109019,-5.834979,3.151760,10.000000,82.298137,0.315176,2.000000,48.729492,50.943396,64.835816,0.000000,0.041709,-0.144886,0.186595,22.776781,19.578620,34.347339,-0.052846,-1.163766,-7.544231,0.493388,0.079885,3.982191,4.000000,125.291829,0.995548,1.000000,54.314761,89.590444,89.660375,1.000000,-0.530562,-1.260880,0.730318,33.285368,29.360393,30.483018,1.401753,-0.677919,-7.394385,0.666839,0.085213,3.080427,0.000000,49.328215,0.000000,7.000000,54.500106,98.848369,62.663269,0.000000,-1.556241,-1.914607,0.358366,42.699804,30.196777,28.716370,1.889667,-0.948725,-7.833200,0.686192,0.103445,6.660701,4.000000,187.410072,1.665175,7.000000,54.500106,98.848369,62.663269,0.000000,-1.556241,-1.914607,0.358366,42.699804,30.196777,28.716370,1.889667,-0.948725,-7.833200,0.686192,0.103445,3.432099,3.000000,139.698492,1.144033,4.000000,20.155993,2.719033,2.541746,1.000000,-2.510132,-2.011099,-0.499032,47.951678,7.525683,47.311425,-4.695414,-8.022064,-15.128809,0.126586,0.120103,2.518669,0.000000,20.020121,0.000000,4.000000,20.672423,9.284627,10.943032,0.000000,-2.026499,-1.603042,-0.423456,42.046169,9.277258,51.422230,-4.616098,-7.339244,-13.810005,0.081046,0.105320,11.174817,28.000000,210.593220,0.399101,4.000000,20.672423,9.284627,10.943032,1.000000,-2.026499,-1.603042,-0.423456,42.046169,9.277258,51.422230,-4.616098,-7.339244,-13.810005,0.081046,0.105320,5.603704,7.000000,103.282276,0.800529,7.000000,52.261779,70.974576,62.972561,1.000000,-0.615245,-0.818826,0.203582,29.612639,27.737826,23.221790,0.718282,-0.794970,-5.656229,0.652734,0.047369,5.146396,1.000000,152.842809,5.146396,4.000000,3.484442,5.000000,90.332326,0.696888,3.000000,3.714093,9.000000,137.344398,0.412677,4.000000,2.779380,0.000000,67.507003,0.000000,2.000000,3.954364,8.000000,88.148148,0.494296,2.000000,4.696741,5.000000,64.696486,0.939348,3.000000,6.768299,13.000000,372.619048,0.520638,4.000000,1.850017,3.000000,73.362445,0.616672,3.000000,2.459721,13.000000,95.815900,0.189209,2.000000,2.634770,7.000000,143.113772,0.376396,1.000000,1.807751,5.000000,83.919598,0.361550,2.000000,2.201571,1.000000,73.431734,2.201571,3.000000,3.000000,1.000000,25.000000,-1.000000,,,,34.509116,40.125392,33.274247,-3.864110,-3.727616,-0.136494,58.594141,11.652992,36.146147,-3.735283,-10.699184,0.296745,0.177156,,6.000000,,58.620328,90.000000,90.909091,0.260552,0.227943,0.032609,12.834574,24.001116,19.776228,0.367095,0.657482,0.678396,0.020653,0.654311,1.774194,32.000000,210.593220,20.020121,2.582197,0.809928
2026-03-23T04:45:00Z,0.723582,no_impulse,0,BERGEPAINT,1h,-1.000000,127.237354,3.892857,4.000000,0.973214,-1.813053,-2.551515,-8.589980,3.156085,11.000000,96.981132,0.286917,3.000000,57.081488,80.544747,88.292181,0.000000,0.134919,-0.020555,0.155474,16.984082,24.105641,19.409321,0.750010,0.109019,-5.834979,0.818583,0.023720,3.151760,10.000000,82.298137,0.315176,2.000000,48.729492,50.943396,64.835816,0.000000,0.041709,-0.144886,0.186595,22.776781,19.578620,34.347339,-0.052846,-1.163766,-7.544231,0.493388,0.079885,3.982191,4.000000,125.291829,0.995548,1.000000,54.314761,89.590444,89.660375,1.000000,-0.530562,-1.260880,0.730318,33.285368,29.360393,30.483018,1.401753,-0.677919,-7.394385,0.666839,0.085213,3.080427,0.000000,49.328215,0.000000,7.000000,54.500106,98.848369,62.663269,0.000000,-1.556241,-1.914607,0.358366,42.699804,30.196777,28.716370,1.889667,-0.948725,-7.833200,0.686192,0.103445,6.660701,4.000000,187.410072,1.665175,7.000000,54.500106,98.848369,62.663269,0.000000,-1.556241,-1.914607,0.358366,42.699804,30.196777,28.716370,1.889667,-0.948725,-7.833200,0.686192,0.103445,3.432099,3.000000,139.698492,1.144033,4.000000,20.155993,2.719033,2.541746,1.000000,-2.510132,-2.011099,-0.499032,47.951678,7.525683,47.311425,-4.695414,-8.022064,-15.128809,0.126586,0.120103,2.518669,0.000000,20.020121,0.000000,4.000000,20.672423,9.284627,10.943032,0.000000,-2.026499,-1.603042,-0.423456,42.046169,9.277258,51.422230,-4.616098,-7.339244,-13.810005,0.081046,0.105320,11.174817,28.000000,210.593220,0.399101,4.000000,20.672423,9.284627,10.943032,1.000000,-2.026499,-1.603042,-0.423456,42.046169,9.277258,51.422230,-4.616098,-7.339244,-13.810005,0.081046,0.105320,5.603704,7.000000,103.282276,0.800529,7.000000,5.146396,1.000000,152.842809,5.146396,4.000000,3.484442,5.000000,90.332326,0.696888,3.000000,3.714093,9.000000,137.344398,0.412677,4.000000,2.779380,0.000000,67.507003,0.000000,2.000000,3.954364,8.000000,88.148148,0.494296,2.000000,4.696741,5.000000,64.696486,0.939348,3.000000,6.768299,13.000000,372.619048,0.520638,4.000000,1.850017,3.000000,73.362445,0.616672,3.000000,2.459721,13.000000,95.815900,0.189209,2.000000,2.634770,7.000000,143.113772,0.376396,1.000000,1.807751,5.000000,83.919598,0.361550,2.000000,4.000000,2.000000,29.000000,-1.000000,,,,30.009346,26.330275,30.908749,-4.018074,-3.868451,-0.149623,58.427986,10.779758,38.519380,-5.983752,-13.230720,0.191031,0.182734,,3.000000,,25.210853,2.287582,5.228758,-0.572659,-0.178500,-0.394159,26.516422,11.862094,36.137261,-1.850069,-2.157942,0.126644,0.048652,0.812589,0.588235,36.000000,210.593220,20.020121,2.603120,0.781133
2026-03-24T03:45:00Z,0.753339,no_impulse,0,BERGEPAINT,1h,1.000000,101.529052,4.112474,6.000000,0.685412,0.278525,-0.620454,-6.560347,3.892857,4.000000,127.237354,0.973214,4.000000,35.286139,13.149847,31.532049,0.000000,-0.181731,-0.009279,-0.172451,17.781513,15.985489,31.852886,-1.813053,-2.551515,-8.589980,-0.016687,0.034465,3.156085,11.000000,96.981132,0.286917,3.000000,57.081488,80.544747,88.292181,0.000000,0.134919,-0.020555,0.155474,16.984082,24.105641,19.409321,0.750010,0.109019,-5.834979,0.818583,0.023720,3.151760,10.000000,82.298137,0.315176,2.000000,48.729492,50.943396,64.835816,0.000000,0.041709,-0.144886,0.186595,22.776781,19.578620,34.347339,-0.052846,-1.163766,-7.544231,0.493388,0.079885,3.982191,4.000000,125.291829,0.995548,1.000000,54.314761,89.590444,89.660375,1.000000,-0.530562,-1.260880,0.730318,33.285368,29.360393,30.483018,1.401753,-0.677919,-7.394385,0.666839,0.085213,3.080427,0.000000,49.328215,0.000000,7.000000,54.500106,98.848369,62.663269,0.000000,-1.556241,-1.914607,0.358366,42.699804,30.196777,28.716370,1.889667,-0.948725,-7.833200,0.686192,0.103445,6.660701,4.000000,187.410072,1.665175,7.000000,54.500106,98.848369,62.663269,0.000000,-1.556241,-1.914607,0.358366,42.699804,30.196777,28.716370,1.889667,-0.948725,-7.833200,0.686192,0.103445,3.432099,3.000000,139.698492,1.144033,4.000000,20.155993,2.719033,2.541746,1.000000,-2.510132,-2.011099,-0.499032,47.951678,7.525683,47.311425,-4.695414,-8.022064,-15.128809,0.126586,0.120103,2.518669,0.000000,20.020121,0.000000,4.000000,20.672423,9.284627,10.943032,0.000000,-2.026499,-1.603042,-0.423456,42.046169,9.277258,51.422230,-4.616098,-7.339244,-13.810005,0.081046,0.105320,11.174817,28.000000,210.593220,0.399101,4.000000,5.603704,7.000000,103.282276,0.800529,7.000000,5.146396,1.000000,152.842809,5.146396,4.000000,3.484442,5.000000,90.332326,0.696888,3.000000,3.714093,9.000000,137.344398,0.412677,4.000000,2.779380,0.000000,67.507003,0.000000,2.000000,3.954364,8.000000,88.148148,0.494296,2.000000,4.696741,5.000000,64.696486,0.939348,3.000000,6.768299,13.000000,372.619048,0.520638,4.000000,1.850017,3.000000,73.362445,0.616672,3.000000,2.459721,13.000000,95.815900,0.189209,2.000000,2.634770,7.000000,143.113772,0.376396,1.000000,7.000000,3.000000,35.000000,-1.000000,,,,36.615631,42.311277,36.255648,-3.767043,-3.785721,0.018678,57.553323,12.991888,35.289581,-3.478921,-10.516607,0.306681,0.173908,,5.000000,,65.300430,69.508197,31.277507,-0.133061,-0.331484,0.198422,18.844447,47.635522,14.894555,1.756572,1.302509,1.279395,0.022941,0.881497,0.845070,42.000000,210.593220,20.020121,2.614245,0.743312
2026-03-24T04:45:00Z,0.730214,no_impulse,0,BERGEPAINT,1h,-1.000000,77.710843,3.069601,1.000000,3.069601,-0.421399,-1.317663,-7.282480,4.112474,6.000000,101.529052,0.685412,7.000000,50.771990,48.493976,25.338971,1.000000,-0.422375,-0.323131,-0.099244,15.922390,34.551205,18.433636,0.278525,-0.620454,-6.560347,0.563767,0.043800,3.892857,4.000000,127.237354,0.973214,4.000000,35.286139,13.149847,31.532049,0.000000,-0.181731,-0.009279,-0.172451,17.781513,15.985489,31.852886,-1.813053,-2.551515,-8.589980,-0.016687,0.034465,3.156085,11.000000,96.981132,0.286917,3.000000,57.081488,80.544747,88.292181,0.000000,0.134919,-0.020555,0.155474,16.984082,24.105641,19.409321,0.750010,0.109019,-5.834979,0.818583,0.023720,3.151760,10.000000,82.298137,0.315176,2.000000,48.729492,50.943396,64.835816,0.000000,0.041709,-0.144886,0.186595,22.776781,19.578620,34.347339,-0.052846,-1.163766,-7.544231,0.493388,0.079885,3.982191,4.000000,125.291829,0.995548,1.000000,54.314761,89.590444,89.660375,1.000000,-0.530562,-1.260880,0.730318,33.285368,29.360393,30.483018,1.401753,-0.677919,-7.394385,0.666839,0.085213,3.080427,0.000000,49.328215,0.000000,7.000000,54.500106,98.848369,62.663269,0.000000,-1.556241,-1.914607,0.358366,42.699804,30.196777,28.716370,1.889667,-0.948725,-7.833200,0.686192,0.103445,6.660701,4.000000,187.410072,1.665175,7.000000,54.500106,98.848369,62.663269,0.000000,-1.556241,-1.914607,0.358366,42.699804,30.196777,28.716370,1.889667,-0.948725,-7.833200,0.686192,0.103445,3.432099,3.000000,139.698492,1.144033,4.000000,20.155993,2.719033,2.541746,1.000000,-2.510132,-2.011099,-0.499032,47.951678,7.525683,47.311425,-4.695414,-8.022064,-15.128809,0.126586,0.120103,2.518669,0.000000,20.020121,0.000000,4.000000,11.174817,28.000000,210.593220,0.399101,4.000000,5.603704,7.000000,103.282276,0.800529,7.000000,5.146396,1.000000,152.842809,5.146396,4.000000,3.484442,5.000000,90.332326,0.696888,3.000000,3.714093,9.000000,137.344398,0.412677,4.000000,2.779380,0.000000,67.507003,0.000000,2.000000,3.954364,8.000000,88.148148,0.494296,2.000000,4.696741,5.000000,64.696486,0.939348,3.000000,6.768299,13.000000,372.619048,0.520638,4.000000,1.850017,3.000000,73.362445,0.616672,3.000000,2.459721,13.000000,95.815900,0.189209,2.000000,2.000000,1.000000,1.000000,-1.000000,,,,36.615631,42.311277,36.255648,-3.767043,-3.785721,0.018678,57.553323,12.991888,35.289581,-3.478921,-10.516607,0.306681,0.173908,,0.000000,,53.681881,41.311475,47.540984,0.113849,-0.096891,0.210740,23.081042,37.024844,18.657275,0.416847,0.196953,0.648988,0.028096,0.679686,0.142857,43.000000,210.593220,20.020121,2.597247,1.092716
2026-03-25T07:45:00Z,0.766694,no_impulse,0,BERGEPAINT,1h,1.000000,157.751938,4.995704,10.000000,0.499570,2.183343,2.442183,-2.376990,3.069601,1.000000,77.710843,3.069601,2.000000,45.600808,30.120482,30.995849,1.000000,-0.409474,-0.342329,-0.067145,16.102353,32.343441,22.271432,-0.421399,-1.317663,-7.282480,0.404962,0.044154,4.112474,6.000000,101.529052,0.685412,7.000000,50.771990,48.493976,25.338971,1.000000,-0.422375,-0.323131,-0.099244,15.922390,34.551205,18.433636,0.278525,-0.620454,-6.560347,0.563767,0.043800,3.892857,4.000000,127.237354,0.973214,4.000000,35.286139,13.149847,31.532049,0.000000,-0.181731,-0.009279,-0.172451,17.781513,15.985489,31.852886,-1.813053,-2.551515,-8.589980,-0.016687,0.034465,3.156085,11.000000,96.981132,0.286917,3.000000,57.081488,80.544747,88.292181,0.000000,0.134919,-0.020555,0.155474,16.984082,24.105641,19.409321,0.750010,0.109019,-5.834979,0.818583,0.023720,3.151760,10.000000,82.298137,0.315176,2.000000,48.729492,50.943396,64.835816,0.000000,0.041709,-0.144886,0.186595,22.776781,19.578620,34.347339,-0.052846,-1.163766,-7.544231,0.493388,0.079885,3.982191,4.000000,125.291829,0.995548,1.000000,54.314761,89.590444,89.660375,1.000000,-0.530562,-1.260880,0.730318,33.285368,29.360393,30.483018,1.401753,-0.677919,-7.394385,0.666839,0.085213,3.080427,0.000000,49.328215,0.000000,7.000000,54.500106,98.848369,62.663269,0.000000,-1.556241,-1.914607,0.358366,42.699804,30.196777,28.716370,1.889667,-0.948725,-7.833200,0.686192,0.103445,6.660701,4.000000,187.410072,1.665175,7.000000,54.500106,98.848369,62.663269,0.000000,-1.556241,-1.914607,0.358366,42.699804,30.196777,28.716370,1.889667,-0.948725,-7.833200,0.686192,0.103445,3.432099,3.000000,139.698492,1.144033,4.000000,2.518669,0.000000,20.020121,0.000000,4.000000,11.174817,28.000000,210.593220,0.399101,4.000000,5.603704,7.000000,103.282276,0.800529,7.000000,5.146396,1.000000,152.842809,5.146396,4.000000,3.484442,5.000000,90.332326,0.696888,3.000000,3.714093,9.000000,137.344398,0.412677,4.000000,2.779380,0.000000,67.507003,0.000000,2.000000,3.954364,8.000000,88.148148,0.494296,2.000000,4.696741,5.000000,64.696486,0.939348,3.000000,6.768299,13.000000,372.619048,0.520638,4.000000,1.850017,3.000000,73.362445,0.616672,3.000000,1.000000,2.000000,11.000000,-1.000000,,,,44.488362,64.026095,44.222549,-3.274193,-3.600485,0.326291,55.842699,16.166301,32.530732,-0.583917,-7.196616,0.463670,0.159793,,3.000000,,65.221351,62.376238,68.322943,0.668612,0.739346,-0.070735,42.484054,28.254387,17.599924,0.486501,1.554375,0.633575,0.036600,1.348118,2.325581,53.000000,187.410072,20.020121,1.149753,1.076277
2026-03-30T07:45:00Z,0.725016,no_impulse,0,BERGEPAINT,1h,-1.000000,114.250614,5.436053,14.000000,0.388290,-1.847558,-2.307023,-7.010704,4.995704,10.000000,157.751938,0.499570,1.000000,69.048508,94.713656,94.374249,1.000000,0.801130,0.353590,0.447540,27.247367,37.213963,13.049634,2.183343,2.442183,-2.376990,0.808543,0.072343,3.069601,1.000000,77.710843,3.069601,2.000000,45.600808,30.120482,30.995849,1.000000,-0.409474,-0.342329,-0.067145,16.102353,32.343441,22.271432,-0.421399,-1.317663,-7.282480,0.404962,0.044154,4.112474,6.000000,101.529052,0.685412,7.000000,50.771990,48.493976,25.338971,1.000000,-0.422375,-0.323131,-0.099244,15.922390,34.551205,18.433636,0.278525,-0.620454,-6.560347,0.563767,0.043800,3.892857,4.000000,127.237354,0.973214,4.000000,35.286139,13.149847,31.532049,0.000000,-0.181731,-0.009279,-0.172451,17.781513,15.985489,31.852886,-1.813053,-2.551515,-8.589980,-0.016687,0.034465,3.156085,11.000000,96.981132,0.286917,3.000000,57.081488,80.544747,88.292181,0.000000,0.134919,-0.020555,0.155474,16.984082,24.105641,19.409321,0.750010,0.109019,-5.834979,0.818583,0.023720,3.151760,10.000000,82.298137,0.315176,2.000000,48.729492,50.943396,64.835816,0.000000,0.041709,-0.144886,0.186595,22.776781,19.578620,34.347339,-0.052846,-1.163766,-7.544231,0.493388,0.079885,3.982191,4.000000,125.291829,0.995548,1.000000,54.314761,89.590444,89.660375,1.000000,-0.530562,-1.260880,0.730318,33.285368,29.360393,30.483018,1.401753,-0.677919,-7.394385,0.666839,0.085213,3.080427,0.000000,49.328215,0.000000,7.000000,54.500106,98.848369,62.663269,0.000000,-1.556241,-1.914607,0.358366,42.699804,30.196777,28.716370,1.889667,-0.948725,-7.833200,0.686192,0.103445,6.660701,4.000000,187.410072,1.665175,7.000000,3.432099,3.000000,139.698492,1.144033,4.000000,2.518669,0.000000,20.020121,0.000000,4.000000,11.174817,28.000000,210.593220,0.399101,4.000000,5.603704,7.000000,103.282276,0.800529,7.000000,5.146396,1.000000,152.842809,5.146396,4.000000,3.484442,5.000000,90.332326,0.696888,3.000000,3.714093,9.000000,137.344398,0.412677,4.000000,2.779380,0.000000,67.507003,0.000000,2.000000,3.954364,8.000000,88.148148,0.494296,2.000000,4.696741,5.000000,64.696486,0.939348,3.000000,6.768299,13.000000,372.619048,0.520638,4.000000,8.000000,1.000000,25.000000,-1.000000,,,,37.654218,35.228332,47.716682,-3.191648,-3.549819,0.358171,53.693947,13.940438,34.403654,-3.678432,-10.414848,0.242079,0.137559,,7.000000,,31.260434,21.698113,18.966681,-0.610222,-0.656710,0.046488,42.331189,10.878302,28.010831,-0.590641,-1.516416,0.310399,0.030969,1.375036,2.641509,67.000000,187.410072,49.328215,1.132301,1.193818
2026-04-01T03:45:00Z,0.751456,no_impulse,0,BERGEPAINT,1h,1.000000,63.440860,3.646928,3.000000,1.215643,1.055705,0.712597,-3.730187,5.436053,14.000000,114.250614,0.388290,8.000000,35.212285,3.070175,6.347972,1.000000,-0.572957,-0.160938,-0.412019,20.528066,17.793949,31.163334,-1.847558,-2.307023,-7.010704,0.245548,0.071292,4.995704,10.000000,157.751938,0.499570,1.000000,69.048508,94.713656,94.374249,1.000000,0.801130,0.353590,0.447540,27.247367,37.213963,13.049634,2.183343,2.442183,-2.376990,0.808543,0.072343,3.069601,1.000000,77.710843,3.069601,2.000000,45.600808,30.120482,30.995849,1.000000,-0.409474,-0.342329,-0.067145,16.102353,32.343441,22.271432,-0.421399,-1.317663,-7.282480,0.404962,0.044154,4.112474,6.000000,101.529052,0.685412,7.000000,50.771990,48.493976,25.338971,1.000000,-0.422375,-0.323131,-0.099244,15.922390,34.551205,18.433636,0.278525,-0.620454,-6.560347,0.563767,0.043800,3.892857,4.000000,127.237354,0.973214,4.000000,35.286139,13.149847,31.532049,0.000000,-0.181731,-0.009279,-0.172451,17.781513,15.985489,31.852886,-1.813053,-2.551515,-8.589980,-0.016687,0.034465,3.156085,11.000000,96.981132,0.286917,3.000000,57.081488,80.544747,88.292181,0.000000,0.134919,-0.020555,0.155474,16.984082,24.105641,19.409321,0.750010,0.109019,-5.834979,0.818583,0.023720,3.151760,10.000000,82.298137,0.315176,2.000000,48.729492,50.943396,64.835816,0.000000,0.041709,-0.144886,0.186595,22.776781,19.578620,34.347339,-0.052846,-1.163766,-7.544231,0.493388,0.079885,3.982191,4.000000,125.291829,0.995548,1.000000,54.314761,89.590444,89.660375,1.000000,-0.530562,-1.260880,0.730318,33.285368,29.360393,30.483018,1.401753,-0.677919,-7.394385,0.666839,0.085213,3.080427,0.000000,49.328215,0.000000,7.000000,6.660701,4.000000,187.410072,1.665175,7.000000,3.432099,3.000000,139.698492,1.144033,4.000000,2.518669,0.000000,20.020121,0.000000,4.000000,11.174817,28.000000,210.593220,0.399101,4.000000,5.603704,7.000000,103.282276,0.800529,7.000000,5.146396,1.000000,152.842809,5.146396,4.000000,3.484442,5.000000,90.332326,0.696888,3.000000,3.714093,9.000000,137.344398,0.412677,4.000000,2.779380,0.000000,67.507003,0.000000,2.000000,3.954364,8.000000,88.148148,0.494296,2.000000,4.696741,5.000000,64.696486,0.939348,3.000000,3.000000,2.000000,3.000000,-1.000000,,,,42.692097,50.377358,43.167103,-2.900914,-3.367020,0.466106,52.373858,15.614386,32.587608,-1.576852,-8.025901,0.370006,0.119419,,3.000000,,75.793990,89.830508,93.147582,0.007608,-0.359856,0.367464,42.830980,44.532206,14.483716,2.122163,1.589813,1.199392,0.031001,0.877977,0.468750,70.000000,187.410072,49.328215,1.204801,1.209646
2026-04-02T03:45:00Z,0.727346,no_impulse,0,BERGEPAINT,1h,-1.000000,91.186441,3.208492,7.000000,0.458356,-0.444886,-0.521570,-4.645638,3.646928,3.000000,63.440860,1.215643,3.000000,56.168291,87.796610,53.051491,1.000000,-0.281455,-0.273586,-0.007869,18.576994,31.733740,23.652970,1.055705,0.712597,-3.730187,0.658640,0.067257,5.436053,14.000000,114.250614,0.388290,8.000000,35.212285,3.070175,6.347972,1.000000,-0.572957,-0.160938,-0.412019,20.528066,17.793949,31.163334,-1.847558,-2.307023,-7.010704,0.245548,0.071292,4.995704,10.000000,157.751938,0.499570,1.000000,69.048508,94.713656,94.374249,1.000000,0.801130,0.353590,0.447540,27.247367,37.213963,13.049634,2.183343,2.442183,-2.376990,0.808543,0.072343,3.069601,1.000000,77.710843,3.069601,2.000000,45.600808,30.120482,30.995849,1.000000,-0.409474,-0.342329,-0.067145,16.102353,32.343441,22.271432,-0.421399,-1.317663,-7.282480,0.404962,0.044154,4.112474,6.000000,101.529052,0.685412,7.000000,50.771990,48.493976,25.338971,1.000000,-0.422375,-0.323131,-0.099244,15.922390,34.551205,18.433636,0.278525,-0.620454,-6.560347,0.563767,0.043800,3.892857,4.000000,127.237354,0.973214,4.000000,35.286139,13.149847,31.532049,0.000000,-0.181731,-0.009279,-0.172451,17.781513,15.985489,31.852886,-1.813053,-2.551515,-8.589980,-0.016687,0.034465,3.156085,11.000000,96.981132,0.286917,3.000000,57.081488,80.544747,88.292181,0.000000,0.134919,-0.020555,0.155474,16.984082,24.105641,19.409321,0.750010,0.109019,-5.834979,0.818583,0.023720,3.151760,10.000000,82.298137,0.315176,2.000000,48.729492,50.943396,64.835816,0.000000,0.041709,-0.144886,0.186595,22.776781,19.578620,34.347339,-0.052846,-1.163766,-7.544231,0.493388,0.079885,3.982191,4.000000,125.291829,0.995548,1.000000,3.080427,0.000000,49.328215,0.000000,7.000000,6.660701,4.000000,187.410072,1.665175,7.000000,3.432099,3.000000,139.698492,1.144033,4.000000,2.518669,0.000000,20.020121,0.000000,4.000000,11.174817,28.000000,210.593220,0.399101,4.000000,5.603704,7.000000,103.282276,0.800529,7.000000,5.146396,1.000000,152.842809,5.146396,4.000000,3.484442,5.000000,90.332326,0.696888,3.000000,3.714093,9.000000,137.344398,0.412677,4.000000,2.779380,0.000000,67.507003,0.000000,2.000000,3.954364,8.000000,88.148148,0.494296,2.000000,2.000000,1.000000,10.000000,-1.000000,,,,45.402676,82.845745,56.150478,-2.574371,-3.180103,0.605732,51.551482,13.962259,33.255869,-0.458132,-6.617344,0.457081,0.106256,,3.000000,,29.838559,16.600791,63.893640,0.140297,0.311718,-0.171422,30.475880,16.204454,45.173200,-1.798529,-1.532869,-0.346550,0.020870,0.832854,1.111111,77.000000,157.751938,49.328215,0.825154,1.271221
2026-04-08T03:45:00Z,0.807385,no_impulse,0,BERGEPAINT,1h,1.000000,331.970260,11.004313,21.000000,0.524015,2.993196,4.217149,2.227659,3.208492,7.000000,91.186441,0.458356,2.000000,46.839884,55.593220,78.757062,1.000000,0.077120,-0.037340,0.114460,17.852294,23.557332,34.625555,-0.444886,-0.521570,-4.645638,0.392625,0.041249,3.646928,3.000000,63.440860,1.215643,3.000000,56.168291,87.796610,53.051491,1.000000,-0.281455,-0.273586,-0.007869,18.576994,31.733740,23.652970,1.055705,0.712597,-3.730187,0.658640,0.067257,5.436053,14.000000,114.250614,0.388290,8.000000,35.212285,3.070175,6.347972,1.000000,-0.572957,-0.160938,-0.412019,20.528066,17.793949,31.163334,-1.847558,-2.307023,-7.010704,0.245548,0.071292,4.995704,10.000000,157.751938,0.499570,1.000000,69.048508,94.713656,94.374249,1.000000,0.801130,0.353590,0.447540,27.247367,37.213963,13.049634,2.183343,2.442183,-2.376990,0.808543,0.072343,3.069601,1.000000,77.710843,3.069601,2.000000,45.600808,30.120482,30.995849,1.000000,-0.409474,-0.342329,-0.067145,16.102353,32.343441,22.271432,-0.421399,-1.317663,-7.282480,0.404962,0.044154,4.112474,6.000000,101.529052,0.685412,7.000000,50.771990,48.493976,25.338971,1.000000,-0.422375,-0.323131,-0.099244,15.922390,34.551205,18.433636,0.278525,-0.620454,-6.560347,0.563767,0.043800,3.892857,4.000000,127.237354,0.973214,4.000000,35.286139,13.149847,31.532049,0.000000,-0.181731,-0.009279,-0.172451,17.781513,15.985489,31.852886,-1.813053,-2.551515,-8.589980,-0.016687,0.034465,3.156085,11.000000,96.981132,0.286917,3.000000,57.081488,80.544747,88.292181,0.000000,0.134919,-0.020555,0.155474,16.984082,24.105641,19.409321,0.750010,0.109019,-5.834979,0.818583,0.023720,3.151760,10.000000,82.298137,0.315176,2.000000,3.982191,4.000000,125.291829,0.995548,1.000000,3.080427,0.000000,49.328215,0.000000,7.000000,6.660701,4.000000,187.410072,1.665175,7.000000,3.432099,3.000000,139.698492,1.144033,4.000000,2.518669,0.000000,20.020121,0.000000,4.000000,11.174817,28.000000,210.593220,0.399101,4.000000,5.603704,7.000000,103.282276,0.800529,7.000000,5.146396,1.000000,152.842809,5.146396,4.000000,3.484442,5.000000,90.332326,0.696888,3.000000,3.714093,9.000000,137.344398,0.412677,4.000000,2.779380,0.000000,67.507003,0.000000,2.000000,1.000000,2.000000,31.000000,-1.000000,,,,55.626520,79.893048,86.350075,-1.259718,-2.351591,1.091873,44.728490,23.468256,25.249442,3.218713,-1.671224,0.836143,0.098939,,8.000000,,70.662754,52.034261,31.748046,0.233512,0.205825,0.027687,25.068916,51.007814,12.775256,1.940379,2.593827,1.455866,0.020701,2.847012,3.000000,98.000000,157.751938,63.440860,0.812742,1.009336
2026-04-10T03:45:00Z,0.768934,no_impulse,0,BERGEPAINT,1h,-1.000000,48.040314,4.762433,14.000000,0.340174,3.566642,5.111786,4.504311,11.004313,21.000000,331.970260,0.524015,1.000000,67.106544,69.339623,65.812932,1.000000,0.981403,0.880056,0.101347,17.467575,43.579845,17.026662,2.993196,4.217149,2.227659,1.000409,0.061661,3.208492,7.000000,91.186441,0.458356,2.000000,46.839884,55.593220,78.757062,1.000000,0.077120,-0.037340,0.114460,17.852294,23.557332,34.625555,-0.444886,-0.521570,-4.645638,0.392625,0.041249,3.646928,3.000000,63.440860,1.215643,3.000000,56.168291,87.796610,53.051491,1.000000,-0.281455,-0.273586,-0.007869,18.576994,31.733740,23.652970,1.055705,0.712597,-3.730187,0.658640,0.067257,5.436053,14.000000,114.250614,0.388290,8.000000,35.212285,3.070175,6.347972,1.000000,-0.572957,-0.160938,-0.412019,20.528066,17.793949,31.163334,-1.847558,-2.307023,-7.010704,0.245548,0.071292,4.995704,10.000000,157.751938,0.499570,1.000000,69.048508,94.713656,94.374249,1.000000,0.801130,0.353590,0.447540,27.247367,37.213963,13.049634,2.183343,2.442183,-2.376990,0.808543,0.072343,3.069601,1.000000,77.710843,3.069601,2.000000,45.600808,30.120482,30.995849,1.000000,-0.409474,-0.342329,-0.067145,16.102353,32.343441,22.271432,-0.421399,-1.317663,-7.282480,0.404962,0.044154,4.112474,6.000000,101.529052,0.685412,7.000000,50.771990,48.493976,25.338971,1.000000,-0.422375,-0.323131,-0.099244,15.922390,34.551205,18.433636,0.278525,-0.620454,-6.560347,0.563767,0.043800,3.892857,4.000000,127.237354,0.973214,4.000000,35.286139,13.149847,31.532049,0.000000,-0.181731,-0.009279,-0.172451,17.781513,15.985489,31.852886,-1.813053,-2.551515,-8.589980,-0.016687,0.034465,3.156085,11.000000,96.981132,0.286917,3.000000,3.151760,10.000000,82.298137,0.315176,2.000000,3.982191,4.000000,125.291829,0.995548,1.000000,3.080427,0.000000,49.328215,0.000000,7.000000,6.660701,4.000000,187.410072,1.665175,7.000000,3.432099,3.000000,139.698492,1.144033,4.000000,2.518669,0.000000,20.020121,0.000000,4.000000,11.174817,28.000000,210.593220,0.399101,4.000000,5.603704,7.000000,103.282276,0.800529,7.000000,5.146396,1.000000,152.842809,5.146396,4.000000,3.484442,5.000000,90.332326,0.696888,3.000000,3.714093,9.000000,137.344398,0.412677,4.000000,2.000000,3.000000,45.000000,-1.000000,,,,55.626520,79.893048,86.350075,-1.259718,-2.351591,1.091873,44.728490,23.468256,25.249442,3.218713,-1.671224,0.836143,0.098939,,5.000000,,70.589744,95.495495,58.120579,0.071057,-0.003112,0.074169,17.168065,30.941652,12.789512,1.679248,1.959934,1.262633,0.022395,1.042695,1.609195,14.000000,331.970260,63.440860,2.402937,1.322810
2026-04-10T09:45:00Z,0.820830,no_impulse,0,BERGEPAINT,1h,1.000000,134.965035,6.749038,6.000000,1.124840,2.439159,4.562612,4.825902,4.762433,14.000000,48.040314,0.340174,2.000000,71.506976,98.723404,53.918386,0.000000,0.949895,0.871988,0.077907,27.328519,37.796234,13.185201,3.566642,5.111786,4.504311,1.280111,0.047411,11.004313,21.000000,331.970260,0.524015,1.000000,67.106544,69.339623,65.812932,1.000000,0.981403,0.880056,0.101347,17.467575,43.579845,17.026662,2.993196,4.217149,2.227659,1.000409,0.061661,3.208492,7.000000,91.186441,0.458356,2.000000,46.839884,55.593220,78.757062,1.000000,0.077120,-0.037340,0.114460,17.852294,23.557332,34.625555,-0.444886,-0.521570,-4.645638,0.392625,0.041249,3.646928,3.000000,63.440860,1.215643,3.000000,56.168291,87.796610,53.051491,1.000000,-0.281455,-0.273586,-0.007869,18.576994,31.733740,23.652970,1.055705,0.712597,-3.730187,0.658640,0.067257,5.436053,14.000000,114.250614,0.388290,8.000000,35.212285,3.070175,6.347972,1.000000,-0.572957,-0.160938,-0.412019,20.528066,17.793949,31.163334,-1.847558,-2.307023,-7.010704,0.245548,0.071292,4.995704,10.000000,157.751938,0.499570,1.000000,69.048508,94.713656,94.374249,1.000000,0.801130,0.353590,0.447540,27.247367,37.213963,13.049634,2.183343,2.442183,-2.376990,0.808543,0.072343,3.069601,1.000000,77.710843,3.069601,2.000000,45.600808,30.120482,30.995849,1.000000,-0.409474,-0.342329,-0.067145,16.102353,32.343441,22.271432,-0.421399,-1.317663,-7.282480,0.404962,0.044154,4.112474,6.000000,101.529052,0.685412,7.000000,50.771990,48.493976,25.338971,1.000000,-0.422375,-0.323131,-0.099244,15.922390,34.551205,18.433636,0.278525,-0.620454,-6.560347,0.563767,0.043800,3.892857,4.000000,127.237354,0.973214,4.000000,3.156085,11.000000,96.981132,0.286917,3.000000,3.151760,10.000000,82.298137,0.315176,2.000000,3.982191,4.000000,125.291829,0.995548,1.000000,3.080427,0.000000,49.328215,0.000000,7.000000,6.660701,4.000000,187.410072,1.665175,7.000000,3.432099,3.000000,139.698492,1.144033,4.000000,2.518669,0.000000,20.020121,0.000000,4.000000,11.174817,28.000000,210.593220,0.399101,4.000000,5.603704,7.000000,103.282276,0.800529,7.000000,5.146396,1.000000,152.842809,5.146396,4.000000,3.484442,5.000000,90.332326,0.696888,3.000000,1.000000,4.000000,51.000000,-1.000000,,,,55.626520,79.893048,86.350075,-1.259718,-2.351591,1.091873,44.728490,23.468256,25.249442,3.218713,-1.671224,0.836143,0.098939,,0.000000,,73.205733,56.716418,45.354748,0.548749,0.643337,-0.094587,41.731619,41.610999,11.012672,0.751638,1.898814,1.387025,0.008538,1.427312,0.659341,20.000000,331.970260,48.040314,2.350921,1.347799
2026-04-13T03:45:00Z,0.788205,no_impulse,0,BERGEPAINT,1h,-1.000000,62.867012,3.974667,1.000000,3.974667,0.787610,2.909362,3.262843,6.749038,6.000000,134.965035,1.124840,1.000000,71.622565,89.982729,90.717306,1.000000,1.467716,1.244399,0.223317,36.482240,37.314421,10.035217,2.439159,4.562612,4.825902,0.850775,0.071275,4.762433,14.000000,48.040314,0.340174,2.000000,71.506976,98.723404,53.918386,0.000000,0.949895,0.871988,0.077907,27.328519,37.796234,13.185201,3.566642,5.111786,4.504311,1.280111,0.047411,11.004313,21.000000,331.970260,0.524015,1.000000,67.106544,69.339623,65.812932,1.000000,0.981403,0.880056,0.101347,17.467575,43.579845,17.026662,2.993196,4.217149,2.227659,1.000409,0.061661,3.208492,7.000000,91.186441,0.458356,2.000000,46.839884,55.593220,78.757062,1.000000,0.077120,-0.037340,0.114460,17.852294,23.557332,34.625555,-0.444886,-0.521570,-4.645638,0.392625,0.041249,3.646928,3.000000,63.440860,1.215643,3.000000,56.168291,87.796610,53.051491,1.000000,-0.281455,-0.273586,-0.007869,18.576994,31.733740,23.652970,1.055705,0.712597,-3.730187,0.658640,0.067257,5.436053,14.000000,114.250614,0.388290,8.000000,35.212285,3.070175,6.347972,1.000000,-0.572957,-0.160938,-0.412019,20.528066,17.793949,31.163334,-1.847558,-2.307023,-7.010704,0.245548,0.071292,4.995704,10.000000,157.751938,0.499570,1.000000,69.048508,94.713656,94.374249,1.000000,0.801130,0.353590,0.447540,27.247367,37.213963,13.049634,2.183343,2.442183,-2.376990,0.808543,0.072343,3.069601,1.000000,77.710843,3.069601,2.000000,45.600808,30.120482,30.995849,1.000000,-0.409474,-0.342329,-0.067145,16.102353,32.343441,22.271432,-0.421399,-1.317663,-7.282480,0.404962,0.044154,4.112474,6.000000,101.529052,0.685412,7.000000,3.892857,4.000000,127.237354,0.973214,4.000000,3.156085,11.000000,96.981132,0.286917,3.000000,3.151760,10.000000,82.298137,0.315176,2.000000,3.982191,4.000000,125.291829,0.995548,1.000000,3.080427,0.000000,49.328215,0.000000,7.000000,6.660701,4.000000,187.410072,1.665175,7.000000,3.432099,3.000000,139.698492,1.144033,4.000000,2.518669,0.000000,20.020121,0.000000,4.000000,11.174817,28.000000,210.593220,0.399101,4.000000,5.603704,7.000000,103.282276,0.800529,7.000000,5.146396,1.000000,152.842809,5.146396,4.000000,2.000000,5.000000,52.000000,-1.000000,,,,55.626520,79.893048,86.350075,-1.259718,-2.351591,1.091873,44.728490,23.468256,25.249442,3.218713,-1.671224,0.836143,0.098939,,0.000000,,38.398942,32.967033,44.024918,0.389383,0.603285,-0.213902,40.061730,26.514969,38.435430,-1.193638,-0.142360,-0.237404,0.015996,0.781217,0.116279,21.000000,331.970260,48.040314,2.358452,1.831821
2026-04-13T08:45:00Z,0.826387,no_impulse,0,BERGEPAINT,1h,1.000000,117.032967,4.844212,5.000000,0.968842,1.998588,4.290424,5.258689,3.974667,1.000000,62.867012,3.974667,2.000000,58.609456,65.112263,81.741782,0.000000,1.376539,1.286834,0.089706,34.634688,30.280547,24.468143,0.787610,2.909362,3.262843,0.610679,0.071726,6.749038,6.000000,134.965035,1.124840,1.000000,71.622565,89.982729,90.717306,1.000000,1.467716,1.244399,0.223317,36.482240,37.314421,10.035217,2.439159,4.562612,4.825902,0.850775,0.071275,4.762433,14.000000,48.040314,0.340174,2.000000,71.506976,98.723404,53.918386,0.000000,0.949895,0.871988,0.077907,27.328519,37.796234,13.185201,3.566642,5.111786,4.504311,1.280111,0.047411,11.004313,21.000000,331.970260,0.524015,1.000000,67.106544,69.339623,65.812932,1.000000,0.981403,0.880056,0.101347,17.467575,43.579845,17.026662,2.993196,4.217149,2.227659,1.000409,0.061661,3.208492,7.000000,91.186441,0.458356,2.000000,46.839884,55.593220,78.757062,1.000000,0.077120,-0.037340,0.114460,17.852294,23.557332,34.625555,-0.444886,-0.521570,-4.645638,0.392625,0.041249,3.646928,3.000000,63.440860,1.215643,3.000000,56.168291,87.796610,53.051491,1.000000,-0.281455,-0.273586,-0.007869,18.576994,31.733740,23.652970,1.055705,0.712597,-3.730187,0.658640,0.067257,5.436053,14.000000,114.250614,0.388290,8.000000,35.212285,3.070175,6.347972,1.000000,-0.572957,-0.160938,-0.412019,20.528066,17.793949,31.163334,-1.847558,-2.307023,-7.010704,0.245548,0.071292,4.995704,10.000000,157.751938,0.499570,1.000000,69.048508,94.713656,94.374249,1.000000,0.801130,0.353590,0.447540,27.247367,37.213963,13.049634,2.183343,2.442183,-2.376990,0.808543,0.072343,3.069601,1.000000,77.710843,3.069601,2.000000,4.112474,6.000000,101.529052,0.685412,7.000000,3.892857,4.000000,127.237354,0.973214,4.000000,3.156085,11.000000,96.981132,0.286917,3.000000,3.151760,10.000000,82.298137,0.315176,2.000000,3.982191,4.000000,125.291829,0.995548,1.000000,3.080427,0.000000,49.328215,0.000000,7.000000,6.660701,4.000000,187.410072,1.665175,7.000000,3.432099,3.000000,139.698492,1.144033,4.000000,2.518669,0.000000,20.020121,0.000000,4.000000,11.174817,28.000000,210.593220,0.399101,4.000000,5.603704,7.000000,103.282276,0.800529,7.000000,1.000000,6.000000,57.000000,-1.000000,,,,55.626520,79.893048,86.350075,-1.259718,-2.351591,1.091873,44.728490,23.468256,25.249442,3.218713,-1.671224,0.836143,0.098939,,0.000000,,67.802049,96.330275,98.592596,0.472910,0.418286,0.054624,27.518695,35.653238,16.817040,0.808032,1.737182,0.763443,0.030922,0.950597,0.602410,26.000000,331.970260,48.040314,2.353984,0.867098
