timestamp,price,label,direction,symbol,timeframe,curr_direction,curr_retrace_pct,curr_leg_size_pct,curr_leg_duration,curr_leg_speed,curr_ema20_dist,curr_ema50_dist,curr_ema200_dist,p1_leg_size_pct,p1_leg_duration,p1_retrace_pct,p1_leg_speed,p1_trend_state,p1_rsi,p1_stoch_k,p1_stoch_d,p1_stoch_cross,p1_macd_line,p1_macd_signal,p1_macd_hist,p1_adx,p1_plus_di,p1_minus_di,p1_ema20_dist,p1_ema50_dist,p1_ema200_dist,p1_bb_position,p1_bb_bandwidth,p2_leg_size_pct,p2_leg_duration,p2_retrace_pct,p2_leg_speed,p2_trend_state,p2_rsi,p2_stoch_k,p2_stoch_d,p2_stoch_cross,p2_macd_line,p2_macd_signal,p2_macd_hist,p2_adx,p2_plus_di,p2_minus_di,p2_ema20_dist,p2_ema50_dist,p2_ema200_dist,p2_bb_position,p2_bb_bandwidth,p3_leg_size_pct,p3_leg_duration,p3_retrace_pct,p3_leg_speed,p3_trend_state,p3_rsi,p3_stoch_k,p3_stoch_d,p3_stoch_cross,p3_macd_line,p3_macd_signal,p3_macd_hist,p3_adx,p3_plus_di,p3_minus_di,p3_ema20_dist,p3_ema50_dist,p3_ema200_dist,p3_bb_position,p3_bb_bandwidth,p4_leg_size_pct,p4_leg_duration,p4_retrace_pct,p4_leg_speed,p4_trend_state,p4_rsi,p4_stoch_k,p4_stoch_d,p4_stoch_cross,p4_macd_line,p4_macd_signal,p4_macd_hist,p4_adx,p4_plus_di,p4_minus_di,p4_ema20_dist,p4_ema50_dist,p4_ema200_dist,p4_bb_position,p4_bb_bandwidth,p5_leg_size_pct,p5_leg_duration,p5_retrace_pct,p5_leg_speed,p5_trend_state,p5_rsi,p5_stoch_k,p5_stoch_d,p5_stoch_cross,p5_macd_line,p5_macd_signal,p5_macd_hist,p5_adx,p5_plus_di,p5_minus_di,p5_ema20_dist,p5_ema50_dist,p5_ema200_dist,p5_bb_position,p5_bb_bandwidth,p6_leg_size_pct,p6_leg_duration,p6_retrace_pct,p6_leg_speed,p6_trend_state,p6_rsi,p6_stoch_k,p6_stoch_d,p6_stoch_cross,p6_macd_line,p6_macd_signal,p6_macd_hist,p6_adx,p6_plus_di,p6_minus_di,p6_ema20_dist,p6_ema50_dist,p6_ema200_dist,p6_bb_position,p6_bb_bandwidth,p7_leg_size_pct,p7_leg_duration,p7_retrace_pct,p7_leg_speed,p7_trend_state,p7_rsi,p7_stoch_k,p7_stoch_d,p7_stoch_cross,p7_macd_line,p7_macd_signal,p7_macd_hist,p7_adx,p7_plus_di,p7_minus_di,p7_ema20_dist,p7_ema50_dist,p7_ema200_dist,p7_bb_position,p7_bb_bandwidth,p8_leg_size_pct,p8_leg_duration,p8_retrace_pct,p8_leg_speed,p8_trend_state,p8_rsi,p8_stoch_k,p8_stoch_d,p8_stoch_cross,p8_macd_line,p8_macd_signal,p8_macd_hist,p8_adx,p8_plus_di,p8_minus_di,p8_ema20_dist,p8_ema50_dist,p8_ema200_dist,p8_bb_position,p8_bb_bandwidth,p9_leg_size_pct,p9_leg_duration,p9_retrace_pct,p9_leg_speed,p9_trend_state,p10_leg_size_pct,p10_leg_duration,p10_retrace_pct,p10_leg_speed,p10_trend_state,p11_leg_size_pct,p11_leg_duration,p11_retrace_pct,p11_leg_speed,p11_trend_state,p12_leg_size_pct,p12_leg_duration,p12_retrace_pct,p12_leg_speed,p12_trend_state,p13_leg_size_pct,p13_leg_duration,p13_retrace_pct,p13_leg_speed,p13_trend_state,p14_leg_size_pct,p14_leg_duration,p14_retrace_pct,p14_leg_speed,p14_trend_state,p15_leg_size_pct,p15_leg_duration,p15_retrace_pct,p15_leg_speed,p15_trend_state,p16_leg_size_pct,p16_leg_duration,p16_retrace_pct,p16_leg_speed,p16_trend_state,p17_leg_size_pct,p17_leg_duration,p17_retrace_pct,p17_leg_speed,p17_trend_state,p18_leg_size_pct,p18_leg_duration,p18_retrace_pct,p18_leg_speed,p18_trend_state,p19_leg_size_pct,p19_leg_duration,p19_retrace_pct,p19_leg_speed,p19_trend_state,p20_leg_size_pct,p20_leg_duration,p20_retrace_pct,p20_leg_speed,p20_trend_state,mkt_trend_state,mkt_trend_streak,mkt_bars_since_reversal,mkt_last_break_type,htf_trend_state,htf_retrace_pct,htf_pivot_dist_pct,htf_rsi,htf_stoch_k,htf_stoch_d,htf_macd_line,htf_macd_signal,htf_macd_hist,htf_adx,htf_plus_di,htf_minus_di,htf_ema20_dist,htf_ema50_dist,htf_bb_position,htf_bb_bandwidth,ltf_trend_state,ltf_zigzag_count,ltf_trend_reversal_flag,ltf_rsi,ltf_stoch_k,ltf_stoch_d,ltf_macd_line,ltf_macd_signal,ltf_macd_hist,ltf_adx,ltf_plus_di,ltf_minus_di,ltf_ema20_dist,ltf_ema50_dist,ltf_bb_position,ltf_bb_bandwidth,leg_size_vs_avg,leg_duration_vs_avg,bars_since_large_leg,max_retrace_last10,min_retrace_last10,leg_size_stddev,legs_contracting
2025-09-12T03:45:00Z,1.000000,no_impulse,0,CANBK,1h,1.000000,,0.000000,0.000000,0.000000,0.766121,2.166282,2.605173,,,,,,,,,,,,,,,,,,,,,,,,,,,,,,,,,,,,,,,,,,,,,,,,,,,,,,,,,,,,,,,,,,,,,,,,,,,,,,,,,,,,,,,,,,,,,,,,,,,,,,,,,,,,,,,,,,,,,,,,,,,,,,,,,,,,,,,,,,,,,,,,,,,,,,,,,,,,,,,,,,,,,,,,,,,,,,,,,,,,,,,,,,,,,,,,,,,,,,,,,,,,,,,,,,,,,,,,,,,,,0.000000,1.000000,,-1.000000,,,,56.342634,75.228426,78.917448,0.125857,-0.424186,0.550043,15.142252,31.088029,15.917546,2.000575,2.093487,0.721465,0.092178,,0.000000,,48.118439,33.544304,21.077268,0.152403,0.270181,-0.117778,30.860515,29.377420,17.180878,-0.204846,0.464999,0.242158,0.007928,0.000000,0.000000,,,,0.000000,
2025-09-12T08:45:00Z,0.981398,no_impulse,0,CANBK,1h,-1.000000,,1.860218,5.000000,0.372044,0.079707,1.279765,1.916183,0.000000,0.000000,,0.000000,0.000000,66.680839,53.929539,67.210206,0.000000,1.003449,1.002933,0.000516,53.018862,37.100061,7.253773,0.766121,2.166282,2.605173,0.630903,0.058978,,,,,,,,,,,,,,,,,,,,,,,,,,,,,,,,,,,,,,,,,,,,,,,,,,,,,,,,,,,,,,,,,,,,,,,,,,,,,,,,,,,,,,,,,,,,,,,,,,,,,,,,,,,,,,,,,,,,,,,,,,,,,,,,,,,,,,,,,,,,,,,,,,,,,,,,,,,,,,,,,,,,,,,,,,,,,,,,,,,,,,,,,,,,,,,,,,,,,,,,,0.000000,2.000000,,-1.000000,,,,56.342634,75.228426,78.917448,0.125857,-0.424186,0.550043,15.142252,31.088029,15.917546,2.000575,2.093487,0.721465,0.092178,,0.000000,,44.878554,48.571429,42.278333,-0.159876,-0.166800,0.006925,14.706690,22.810840,17.927024,-0.127848,-0.105484,0.363021,0.009321,1.000000,1.000000,,,,0.000000,
2025-09-17T04:45:00Z,1.027549,no_impulse,0,CANBK,1h,1.000000,248.095238,4.702590,17.000000,0.276623,2.093335,3.397015,4.892897,1.860218,5.000000,,0.372044,0.000000,56.143619,16.842105,22.464820,0.000000,0.589563,0.804793,-0.215230,52.963059,29.954768,9.773663,0.079707,1.279765,1.916183,0.528478,0.028012,0.000000,0.000000,,0.000000,0.000000,66.680839,53.929539,67.210206,0.000000,1.003449,1.002933,0.000516,53.018862,37.100061,7.253773,0.766121,2.166282,2.605173,0.630903,0.058978,,,,,,,,,,,,,,,,,,,,,,,,,,,,,,,,,,,,,,,,,,,,,,,,,,,,,,,,,,,,,,,,,,,,,,,,,,,,,,,,,,,,,,,,,,,,,,,,,,,,,,,,,,,,,,,,,,,,,,,,,,,,,,,,,,,,,,,,,,,,,,,,,,,,,,,,,,,,,,,,,,,,,,,,,,,,,,,,,,,,,1.000000,3.000000,,-1.000000,,,,67.511117,98.909657,94.587851,0.968015,0.125828,0.842187,19.983628,35.613511,12.711053,5.259212,6.022481,0.975701,0.116694,,0.000000,,81.868720,96.350365,53.069169,0.263999,0.167484,0.096516,45.025015,55.439999,7.007432,1.936916,2.390022,1.552115,0.018773,5.055957,6.800000,,,,1.315373,
2025-09-17T04:45:00Z,1.001683,no_impulse,0,CANBK,1h,-1.000000,56.046065,2.517241,0.000000,0.000000,2.093335,3.397015,4.892897,4.702590,17.000000,248.095238,0.276623,1.000000,81.713090,80.454545,77.209095,1.000000,0.735284,0.647632,0.087652,68.492963,49.679246,3.655333,2.093335,3.397015,4.892897,1.065136,0.037833,1.860218,5.000000,,0.372044,0.000000,56.143619,16.842105,22.464820,0.000000,0.589563,0.804793,-0.215230,52.963059,29.954768,9.773663,0.079707,1.279765,1.916183,0.528478,0.028012,0.000000,0.000000,,0.000000,0.000000,66.680839,53.929539,67.210206,0.000000,1.003449,1.002933,0.000516,53.018862,37.100061,7.253773,0.766121,2.166282,2.605173,0.630903,0.058978,,,,,,,,,,,,,,,,,,,,,,,,,,,,,,,,,,,,,,,,,,,,,,,,,,,,,,,,,,,,,,,,,,,,,,,,,,,,,,,,,,,,,,,,,,,,,,,,,,,,,,,,,,,,,,,,,,,,,,,,,,,,,,,,,,,,,,,,,,,,,,,,,,,,,,,,,,,,,,,,,1.000000,4.000000,,-1.000000,,,,67.511117,98.909657,94.587851,0.968015,0.125828,0.842187,19.983628,35.613511,12.711053,5.259212,6.022481,0.975701,0.116694,,0.000000,,81.868720,96.350365,53.069169,0.263999,0.167484,0.096516,45.025015,55.439999,7.007432,1.936916,2.390022,1.552115,0.018773,1.150685,0.000000,0.000000,248.095238,248.095238,2.368327,
2025-09-18T03:45:00Z,1.042608,no_impulse,0,CANBK,1h,1.000000,158.219178,4.085603,6.000000,0.680934,2.049669,3.744319,5.769396,2.517241,0.000000,56.046065,0.000000,1.000000,81.713090,80.454545,77.209095,0.000000,0.735284,0.647632,0.087652,68.492963,49.679246,3.655333,2.093335,3.397015,4.892897,1.065136,0.037833,4.702590,17.000000,248.095238,0.276623,1.000000,81.713090,80.454545,77.209095,1.000000,0.735284,0.647632,0.087652,68.492963,49.679246,3.655333,2.093335,3.397015,4.892897,1.065136,0.037833,1.860218,5.000000,,0.372044,0.000000,56.143619,16.842105,22.464820,0.000000,0.589563,0.804793,-0.215230,52.963059,29.954768,9.773663,0.079707,1.279765,1.916183,0.528478,0.028012,0.000000,0.000000,,0.000000,0.000000,66.680839,53.929539,67.210206,0.000000,1.003449,1.002933,0.000516,53.018862,37.100061,7.253773,0.766121,2.166282,2.605173,0.630903,0.058978,,,,,,,,,,,,,,,,,,,,,,,,,,,,,,,,,,,,,,,,,,,,,,,,,,,,,,,,,,,,,,,,,,,,,,,,,,,,,,,,,,,,,,,,,,,,,,,,,,,,,,,,,,,,,,,,,,,,,,,,,,,,,,,,,,,,,,,,,,,,,1.000000,5.000000,,-1.000000,,,,64.538892,83.284672,92.027919,1.206658,0.342727,0.863931,22.258004,36.357636,11.536530,4.134446,5.129123,0.847315,0.124174,,0.000000,,71.430779,92.307692,90.228690,0.555935,0.545233,0.010703,50.968226,30.769740,8.031717,1.002790,1.955618,1.037976,0.018829,1.799815,1.090909,6.000000,248.095238,56.046065,1.940743,
2025-09-18T06:45:00Z,1.016033,no_impulse,0,CANBK,1h,-1.000000,64.935065,2.548853,3.000000,0.849618,0.373643,2.057745,4.288393,4.085603,6.000000,158.219178,0.680934,1.000000,84.225207,77.244259,89.741341,1.000000,1.120571,0.919112,0.201459,75.721260,48.577170,2.222150,2.049669,3.744319,5.769396,0.886260,0.054175,2.517241,0.000000,56.046065,0.000000,1.000000,81.713090,80.454545,77.209095,0.000000,0.735284,0.647632,0.087652,68.492963,49.679246,3.655333,2.093335,3.397015,4.892897,1.065136,0.037833,4.702590,17.000000,248.095238,0.276623,1.000000,81.713090,80.454545,77.209095,1.000000,0.735284,0.647632,0.087652,68.492963,49.679246,3.655333,2.093335,3.397015,4.892897,1.065136,0.037833,1.860218,5.000000,,0.372044,0.000000,56.143619,16.842105,22.464820,0.000000,0.589563,0.804793,-0.215230,52.963059,29.954768,9.773663,0.079707,1.279765,1.916183,0.528478,0.028012,0.000000,0.000000,,0.000000,0.000000,66.680839,53.929539,67.210206,0.000000,1.003449,1.002933,0.000516,53.018862,37.100061,7.253773,0.766121,2.166282,2.605173,0.630903,0.058978,,,,,,,,,,,,,,,,,,,,,,,,,,,,,,,,,,,,,,,,,,,,,,,,,,,,,,,,,,,,,,,,,,,,,,,,,,,,,,,,,,,,,,,,,,,,,,,,,,,,,,,,,,,,,,,,,,,,,,,,,2.000000,6.000000,,-1.000000,,,,68.691677,95.311355,92.501895,1.506123,0.569935,0.936189,24.529034,35.189506,10.495600,5.471570,6.746965,0.913694,0.139917,,0.000000,,45.305900,14.682540,10.671249,0.131974,0.320224,-0.188251,36.980185,18.401220,24.714473,-0.364374,0.312762,0.272008,0.015924,0.967993,0.535714,,248.095238,56.046065,1.866584,
2025-09-22T03:45:00Z,1.056781,no_impulse,0,CANBK,1h,1.000000,153.333333,4.010462,11.000000,0.364587,1.803017,3.665755,6.599413,2.548853,3.000000,64.935065,0.849618,2.000000,59.842708,42.004264,53.802416,0.000000,0.966777,0.985552,-0.018775,73.544242,37.446107,13.585521,0.373643,2.057745,4.288393,0.577480,0.048405,4.085603,6.000000,158.219178,0.680934,1.000000,84.225207,77.244259,89.741341,1.000000,1.120571,0.919112,0.201459,75.721260,48.577170,2.222150,2.049669,3.744319,5.769396,0.886260,0.054175,2.517241,0.000000,56.046065,0.000000,1.000000,81.713090,80.454545,77.209095,0.000000,0.735284,0.647632,0.087652,68.492963,49.679246,3.655333,2.093335,3.397015,4.892897,1.065136,0.037833,4.702590,17.000000,248.095238,0.276623,1.000000,81.713090,80.454545,77.209095,1.000000,0.735284,0.647632,0.087652,68.492963,49.679246,3.655333,2.093335,3.397015,4.892897,1.065136,0.037833,1.860218,5.000000,,0.372044,0.000000,56.143619,16.842105,22.464820,0.000000,0.589563,0.804793,-0.215230,52.963059,29.954768,9.773663,0.079707,1.279765,1.916183,0.528478,0.028012,0.000000,0.000000,,0.000000,0.000000,66.680839,53.929539,67.210206,0.000000,1.003449,1.002933,0.000516,53.018862,37.100061,7.253773,0.766121,2.166282,2.605173,0.630903,0.058978,,,,,,,,,,,,,,,,,,,,,,,,,,,,,,,,,,,,,,,,,,,,,,,,,,,,,,,,,,,,,,,,,,,,,,,,,,,,,,,,,,,,,,,,,,,,,,,,,,,,,1.000000,7.000000,,-1.000000,,,,70.451857,93.975904,90.857310,1.800669,0.811824,0.988845,26.919567,36.600779,9.730350,5.749101,7.319020,0.888943,0.156830,,0.000000,,70.153103,97.802198,50.296206,0.331868,0.346652,-0.014784,38.915793,33.921133,10.053399,1.120290,1.819184,1.288727,0.014365,1.531246,2.129032,,248.095238,56.046065,1.669878,1.394479
2025-09-22T03:45:00Z,1.039065,no_impulse,0,CANBK,1h,-1.000000,43.478261,1.676446,0.000000,0.000000,1.803017,3.665755,6.599413,4.010462,11.000000,153.333333,0.364587,1.000000,74.621727,85.217391,83.450842,1.000000,1.061042,0.995978,0.065064,68.033846,41.900853,6.682773,1.803017,3.665755,6.599413,0.975038,0.038652,2.548853,3.000000,64.935065,0.849618,2.000000,59.842708,42.004264,53.802416,0.000000,0.966777,0.985552,-0.018775,73.544242,37.446107,13.585521,0.373643,2.057745,4.288393,0.577480,0.048405,4.085603,6.000000,158.219178,0.680934,1.000000,84.225207,77.244259,89.741341,1.000000,1.120571,0.919112,0.201459,75.721260,48.577170,2.222150,2.049669,3.744319,5.769396,0.886260,0.054175,2.517241,0.000000,56.046065,0.000000,1.000000,81.713090,80.454545,77.209095,0.000000,0.735284,0.647632,0.087652,68.492963,49.679246,3.655333,2.093335,3.397015,4.892897,1.065136,0.037833,4.702590,17.000000,248.095238,0.276623,1.000000,81.713090,80.454545,77.209095,1.000000,0.735284,0.647632,0.087652,68.492963,49.679246,3.655333,2.093335,3.397015,4.892897,1.065136,0.037833,1.860218,5.000000,,0.372044,0.000000,56.143619,16.842105,22.464820,0.000000,0.589563,0.804793,-0.215230,52.963059,29.954768,9.773663,0.079707,1.279765,1.916183,0.528478,0.028012,0.000000,0.000000,,0.000000,0.000000,66.680839,53.929539,67.210206,0.000000,1.003449,1.002933,0.000516,53.018862,37.100061,7.253773,0.766121,2.166282,2.605173,0.630903,0.058978,,,,,,,,,,,,,,,,,,,,,,,,,,,,,,,,,,,,,,,,,,,,,,,,,,,,,,,,,,,,,,,,,,,,,,,,,,,,,,,,,1.000000,8.000000,,-1.000000,,,,70.451857,93.975904,90.857310,1.800669,0.811824,0.988845,26.919567,36.600779,9.730350,5.749101,7.319020,0.888943,0.156830,,0.000000,,70.153103,97.802198,50.296206,0.331868,0.346652,-0.014784,38.915793,33.921133,10.053399,1.120290,1.819184,1.288727,0.014365,0.594937,0.000000,,248.095238,56.046065,1.612546,1.172341
2025-09-22T06:45:00Z,1.060236,no_impulse,0,CANBK,1h,1.000000,119.500000,2.037511,3.000000,0.679170,1.946751,3.953982,7.142173,1.676446,0.000000,43.478261,0.000000,1.000000,74.621727,85.217391,83.450842,0.000000,1.061042,0.995978,0.065064,68.033846,41.900853,6.682773,1.803017,3.665755,6.599413,0.975038,0.038652,4.010462,11.000000,153.333333,0.364587,1.000000,74.621727,85.217391,83.450842,1.000000,1.061042,0.995978,0.065064,68.033846,41.900853,6.682773,1.803017,3.665755,6.599413,0.975038,0.038652,2.548853,3.000000,64.935065,0.849618,2.000000,59.842708,42.004264,53.802416,0.000000,0.966777,0.985552,-0.018775,73.544242,37.446107,13.585521,0.373643,2.057745,4.288393,0.577480,0.048405,4.085603,6.000000,158.219178,0.680934,1.000000,84.225207,77.244259,89.741341,1.000000,1.120571,0.919112,0.201459,75.721260,48.577170,2.222150,2.049669,3.744319,5.769396,0.886260,0.054175,2.517241,0.000000,56.046065,0.000000,1.000000,81.713090,80.454545,77.209095,0.000000,0.735284,0.647632,0.087652,68.492963,49.679246,3.655333,2.093335,3.397015,4.892897,1.065136,0.037833,4.702590,17.000000,248.095238,0.276623,1.000000,81.713090,80.454545,77.209095,1.000000,0.735284,0.647632,0.087652,68.492963,49.679246,3.655333,2.093335,3.397015,4.892897,1.065136,0.037833,1.860218,5.000000,,0.372044,0.000000,56.143619,16.842105,22.464820,0.000000,0.589563,0.804793,-0.215230,52.963059,29.954768,9.773663,0.079707,1.279765,1.916183,0.528478,0.028012,0.000000,0.000000,,0.000000,0.000000,66.680839,53.929539,67.210206,0.000000,1.003449,1.002933,0.000516,53.018862,37.100061,7.253773,0.766121,2.166282,2.605173,0.630903,0.058978,,,,,,,,,,,,,,,,,,,,,,,,,,,,,,,,,,,,,,,,,,,,,,,,,,,,,,,,,,,,,1.000000,9.000000,,-1.000000,,,,74.642728,98.847087,96.044782,2.169964,1.067309,1.102655,29.566428,37.938739,8.334895,7.321191,9.245377,0.938582,0.180115,,0.000000,,64.766199,87.603306,90.327005,0.454785,0.446335,0.008450,46.082857,28.323129,9.070380,0.511601,1.360944,0.711193,0.024349,0.761636,0.571429,,248.095238,43.478261,1.546507,0.728478
2025-09-23T03:45:00Z,1.035787,no_impulse,0,CANBK,1h,-1.000000,115.481172,2.305957,4.000000,0.576489,0.427962,2.384222,5.841228,2.037511,3.000000,119.500000,0.679170,1.000000,78.482223,97.346939,95.450414,0.000000,1.193062,1.073517,0.119545,69.294949,37.321707,5.477825,1.946751,3.953982,7.142173,0.906370,0.048857,1.676446,0.000000,43.478261,0.000000,1.000000,74.621727,85.217391,83.450842,0.000000,1.061042,0.995978,0.065064,68.033846,41.900853,6.682773,1.803017,3.665755,6.599413,0.975038,0.038652,4.010462,11.000000,153.333333,0.364587,1.000000,74.621727,85.217391,83.450842,1.000000,1.061042,0.995978,0.065064,68.033846,41.900853,6.682773,1.803017,3.665755,6.599413,0.975038,0.038652,2.548853,3.000000,64.935065,0.849618,2.000000,59.842708,42.004264,53.802416,0.000000,0.966777,0.985552,-0.018775,73.544242,37.446107,13.585521,0.373643,2.057745,4.288393,0.577480,0.048405,4.085603,6.000000,158.219178,0.680934,1.000000,84.225207,77.244259,89.741341,1.000000,1.120571,0.919112,0.201459,75.721260,48.577170,2.222150,2.049669,3.744319,5.769396,0.886260,0.054175,2.517241,0.000000,56.046065,0.000000,1.000000,81.713090,80.454545,77.209095,0.000000,0.735284,0.647632,0.087652,68.492963,49.679246,3.655333,2.093335,3.397015,4.892897,1.065136,0.037833,4.702590,17.000000,248.095238,0.276623,1.000000,81.713090,80.454545,77.209095,1.000000,0.735284,0.647632,0.087652,68.492963,49.679246,3.655333,2.093335,3.397015,4.892897,1.065136,0.037833,1.860218,5.000000,,0.372044,0.000000,56.143619,16.842105,22.464820,0.000000,0.589563,0.804793,-0.215230,52.963059,29.954768,9.773663,0.079707,1.279765,1.916183,0.528478,0.028012,0.000000,0.000000,,0.000000,0.000000,,,,,,,,,,,,,,,,,,,,,,,,,,,,,,,,,,,,,,,,,,,,,,,,,,,,,,,,8.000000,1.000000,,-1.000000,,,,74.642728,98.847087,96.044782,2.169964,1.067309,1.102655,29.566428,37.938739,8.334895,7.321191,9.245377,0.938582,0.180115,,0.000000,,32.191073,5.238095,10.242764,0.029991,0.218621,-0.188630,33.238757,11.357388,32.185868,-1.042733,-0.521217,-0.203597,0.014667,0.885434,0.800000,,248.095238,43.478261,1.462157,0.844042
2025-09-24T04:45:00Z,1.103286,no_impulse,0,CANBK,1h,1.000000,276.086957,6.516719,8.000000,0.814590,2.642405,4.945573,8.983696,2.305957,4.000000,115.481172,0.576489,8.000000,60.976653,47.670251,68.789590,1.000000,0.992624,1.085768,-0.093144,62.654243,27.590729,23.265198,0.427962,2.384222,5.841228,0.584647,0.050776,2.037511,3.000000,119.500000,0.679170,1.000000,78.482223,97.346939,95.450414,0.000000,1.193062,1.073517,0.119545,69.294949,37.321707,5.477825,1.946751,3.953982,7.142173,0.906370,0.048857,1.676446,0.000000,43.478261,0.000000,1.000000,74.621727,85.217391,83.450842,0.000000,1.061042,0.995978,0.065064,68.033846,41.900853,6.682773,1.803017,3.665755,6.599413,0.975038,0.038652,4.010462,11.000000,153.333333,0.364587,1.000000,74.621727,85.217391,83.450842,1.000000,1.061042,0.995978,0.065064,68.033846,41.900853,6.682773,1.803017,3.665755,6.599413,0.975038,0.038652,2.548853,3.000000,64.935065,0.849618,2.000000,59.842708,42.004264,53.802416,0.000000,0.966777,0.985552,-0.018775,73.544242,37.446107,13.585521,0.373643,2.057745,4.288393,0.577480,0.048405,4.085603,6.000000,158.219178,0.680934,1.000000,84.225207,77.244259,89.741341,1.000000,1.120571,0.919112,0.201459,75.721260,48.577170,2.222150,2.049669,3.744319,5.769396,0.886260,0.054175,2.517241,0.000000,56.046065,0.000000,1.000000,81.713090,80.454545,77.209095,0.000000,0.735284,0.647632,0.087652,68.492963,49.679246,3.655333,2.093335,3.397015,4.892897,1.065136,0.037833,4.702590,17.000000,248.095238,0.276623,1.000000,81.713090,80.454545,77.209095,1.000000,0.735284,0.647632,0.087652,68.492963,49.679246,3.655333,2.093335,3.397015,4.892897,1.065136,0.037833,1.860218,5.000000,,0.372044,0.000000,0.000000,0.000000,,0.000000,0.000000,,,,,,,,,,,,,,,,,,,,,,,,,,,,,,,,,,,,,,,,,,,,,,,,,,,1.000000,1.000000,8.000000,-1.000000,,,,75.871221,91.341077,94.721356,2.514893,1.349809,1.165084,32.377462,41.972625,7.722377,7.312982,9.599334,0.899753,0.197371,,0.000000,,86.448074,96.696035,95.615256,0.987305,0.759856,0.227450,56.311727,43.100544,3.688751,2.072433,3.322960,0.935968,0.048542,2.531268,1.632653,,248.095238,43.478261,1.381760,0.565520
2025-09-26T08:45:00Z,1.040836,no_impulse,0,CANBK,1h,-1.000000,92.519685,5.660377,18.000000,0.314465,-1.926768,-0.836972,3.794605,6.516719,8.000000,276.086957,0.814590,1.000000,74.327764,82.152231,91.304876,0.000000,1.428291,1.173491,0.254800,53.680990,42.567114,10.337939,2.642405,4.945573,8.983696,0.955893,0.059534,2.305957,4.000000,115.481172,0.576489,8.000000,60.976653,47.670251,68.789590,1.000000,0.992624,1.085768,-0.093144,62.654243,27.590729,23.265198,0.427962,2.384222,5.841228,0.584647,0.050776,2.037511,3.000000,119.500000,0.679170,1.000000,78.482223,97.346939,95.450414,0.000000,1.193062,1.073517,0.119545,69.294949,37.321707,5.477825,1.946751,3.953982,7.142173,0.906370,0.048857,1.676446,0.000000,43.478261,0.000000,1.000000,74.621727,85.217391,83.450842,0.000000,1.061042,0.995978,0.065064,68.033846,41.900853,6.682773,1.803017,3.665755,6.599413,0.975038,0.038652,4.010462,11.000000,153.333333,0.364587,1.000000,74.621727,85.217391,83.450842,1.000000,1.061042,0.995978,0.065064,68.033846,41.900853,6.682773,1.803017,3.665755,6.599413,0.975038,0.038652,2.548853,3.000000,64.935065,0.849618,2.000000,59.842708,42.004264,53.802416,0.000000,0.966777,0.985552,-0.018775,73.544242,37.446107,13.585521,0.373643,2.057745,4.288393,0.577480,0.048405,4.085603,6.000000,158.219178,0.680934,1.000000,84.225207,77.244259,89.741341,1.000000,1.120571,0.919112,0.201459,75.721260,48.577170,2.222150,2.049669,3.744319,5.769396,0.886260,0.054175,2.517241,0.000000,56.046065,0.000000,1.000000,81.713090,80.454545,77.209095,0.000000,0.735284,0.647632,0.087652,68.492963,49.679246,3.655333,2.093335,3.397015,4.892897,1.065136,0.037833,4.702590,17.000000,248.095238,0.276623,1.000000,1.860218,5.000000,,0.372044,0.000000,0.000000,0.000000,,0.000000,0.000000,,,,,,,,,,,,,,,,,,,,,,,,,,,,,,,,,,,,,,,,,,,,,,2.000000,2.000000,26.000000,-1.000000,,,,60.079013,62.361838,78.620039,2.656340,1.875996,0.780344,33.949476,35.165647,19.069183,2.637624,5.340539,0.639858,0.193703,,0.000000,,23.871680,6.147541,8.649161,-0.788514,-0.701700,-0.086814,46.862427,7.893157,35.939801,-1.319976,-2.303572,0.070582,0.030338,1.754525,3.157895,18.000000,276.086957,43.478261,1.558125,1.318662
2025-09-30T03:45:00Z,1.100718,no_impulse,0,CANBK,1h,1.000000,95.886525,5.753191,9.000000,0.639243,2.652069,3.564407,7.905886,5.660377,18.000000,92.519685,0.314465,2.000000,33.564516,10.463122,8.449095,1.000000,-0.260783,0.313421,-0.574204,35.452669,14.297656,31.561967,-1.926768,-0.836972,3.794605,0.187202,0.060433,6.516719,8.000000,276.086957,0.814590,1.000000,74.327764,82.152231,91.304876,0.000000,1.428291,1.173491,0.254800,53.680990,42.567114,10.337939,2.642405,4.945573,8.983696,0.955893,0.059534,2.305957,4.000000,115.481172,0.576489,8.000000,60.976653,47.670251,68.789590,1.000000,0.992624,1.085768,-0.093144,62.654243,27.590729,23.265198,0.427962,2.384222,5.841228,0.584647,0.050776,2.037511,3.000000,119.500000,0.679170,1.000000,78.482223,97.346939,95.450414,0.000000,1.193062,1.073517,0.119545,69.294949,37.321707,5.477825,1.946751,3.953982,7.142173,0.906370,0.048857,1.676446,0.000000,43.478261,0.000000,1.000000,74.621727,85.217391,83.450842,0.000000,1.061042,0.995978,0.065064,68.033846,41.900853,6.682773,1.803017,3.665755,6.599413,0.975038,0.038652,4.010462,11.000000,153.333333,0.364587,1.000000,74.621727,85.217391,83.450842,1.000000,1.061042,0.995978,0.065064,68.033846,41.900853,6.682773,1.803017,3.665755,6.599413,0.975038,0.038652,2.548853,3.000000,64.935065,0.849618,2.000000,59.842708,42.004264,53.802416,0.000000,0.966777,0.985552,-0.018775,73.544242,37.446107,13.585521,0.373643,2.057745,4.288393,0.577480,0.048405,4.085603,6.000000,158.219178,0.680934,1.000000,84.225207,77.244259,89.741341,1.000000,1.120571,0.919112,0.201459,75.721260,48.577170,2.222150,2.049669,3.744319,5.769396,0.886260,0.054175,2.517241,0.000000,56.046065,0.000000,1.000000,4.702590,17.000000,248.095238,0.276623,1.000000,1.860218,5.000000,,0.372044,0.000000,0.000000,0.000000,,0.000000,0.000000,,,,,,,,,,,,,,,,,,,,,,,,,,,,,,,,,,,,,,,,,3.000000,1.000000,35.000000,-1.000000,,,,68.784336,93.961179,77.117897,2.768095,2.110097,0.657998,34.112031,36.624778,15.625240,6.011255,9.004930,0.832703,0.192235,,0.000000,,72.814027,99.716714,65.962482,0.335069,0.226906,0.108163,17.674197,40.535673,15.842220,2.069245,2.282752,1.385798,0.023854,1.595372,1.285714,,276.086957,43.478261,1.648746,1.874970
2025-09-30T03:45:00Z,1.071131,no_impulse,0,CANBK,1h,-1.000000,49.408284,2.687912,0.000000,0.000000,2.652069,3.564407,7.905886,5.753191,9.000000,95.886525,0.639243,3.000000,66.937888,96.893491,82.750505,0.000000,0.241293,0.030081,0.211213,26.743753,40.021923,16.878434,2.652069,3.564407,7.905886,1.040714,0.050384,5.660377,18.000000,92.519685,0.314465,2.000000,33.564516,10.463122,8.449095,1.000000,-0.260783,0.313421,-0.574204,35.452669,14.297656,31.561967,-1.926768,-0.836972,3.794605,0.187202,0.060433,6.516719,8.000000,276.086957,0.814590,1.000000,74.327764,82.152231,91.304876,0.000000,1.428291,1.173491,0.254800,53.680990,42.567114,10.337939,2.642405,4.945573,8.983696,0.955893,0.059534,2.305957,4.000000,115.481172,0.576489,8.000000,60.976653,47.670251,68.789590,1.000000,0.992624,1.085768,-0.093144,62.654243,27.590729,23.265198,0.427962,2.384222,5.841228,0.584647,0.050776,2.037511,3.000000,119.500000,0.679170,1.000000,78.482223,97.346939,95.450414,0.000000,1.193062,1.073517,0.119545,69.294949,37.321707,5.477825,1.946751,3.953982,7.142173,0.906370,0.048857,1.676446,0.000000,43.478261,0.000000,1.000000,74.621727,85.217391,83.450842,0.000000,1.061042,0.995978,0.065064,68.033846,41.900853,6.682773,1.803017,3.665755,6.599413,0.975038,0.038652,4.010462,11.000000,153.333333,0.364587,1.000000,74.621727,85.217391,83.450842,1.000000,1.061042,0.995978,0.065064,68.033846,41.900853,6.682773,1.803017,3.665755,6.599413,0.975038,0.038652,2.548853,3.000000,64.935065,0.849618,2.000000,59.842708,42.004264,53.802416,0.000000,0.966777,0.985552,-0.018775,73.544242,37.446107,13.585521,0.373643,2.057745,4.288393,0.577480,0.048405,4.085603,6.000000,158.219178,0.680934,1.000000,2.517241,0.000000,56.046065,0.000000,1.000000,4.702590,17.000000,248.095238,0.276623,1.000000,1.860218,5.000000,,0.372044,0.000000,0.000000,0.000000,,0.000000,0.000000,,,,,,,,,,,,,,,,,,,,,,,,,,,,,,,,,,,,3.000000,2.000000,35.000000,-1.000000,,,,68.784336,93.961179,77.117897,2.768095,2.110097,0.657998,34.112031,36.624778,15.625240,6.011255,9.004930,0.832703,0.192235,,0.000000,,72.814027,99.716714,65.962482,0.335069,0.226906,0.108163,17.674197,40.535673,15.842220,2.069245,2.282752,1.385798,0.023854,0.724263,0.000000,,276.086957,43.478261,1.756336,2.978496
2025-10-01T04:45:00Z,1.102843,no_impulse,0,CANBK,1h,1.000000,107.185629,2.960635,8.000000,0.370079,-0.335659,0.941636,5.643973,2.687912,0.000000,49.408284,0.000000,3.000000,66.937888,96.893491,82.750505,0.000000,0.241293,0.030081,0.211213,26.743753,40.021923,16.878434,2.652069,3.564407,7.905886,1.040714,0.050384,5.753191,9.000000,95.886525,0.639243,3.000000,66.937888,96.893491,82.750505,0.000000,0.241293,0.030081,0.211213,26.743753,40.021923,16.878434,2.652069,3.564407,7.905886,1.040714,0.050384,5.660377,18.000000,92.519685,0.314465,2.000000,33.564516,10.463122,8.449095,1.000000,-0.260783,0.313421,-0.574204,35.452669,14.297656,31.561967,-1.926768,-0.836972,3.794605,0.187202,0.060433,6.516719,8.000000,276.086957,0.814590,1.000000,74.327764,82.152231,91.304876,0.000000,1.428291,1.173491,0.254800,53.680990,42.567114,10.337939,2.642405,4.945573,8.983696,0.955893,0.059534,2.305957,4.000000,115.481172,0.576489,8.000000,60.976653,47.670251,68.789590,1.000000,0.992624,1.085768,-0.093144,62.654243,27.590729,23.265198,0.427962,2.384222,5.841228,0.584647,0.050776,2.037511,3.000000,119.500000,0.679170,1.000000,78.482223,97.346939,95.450414,0.000000,1.193062,1.073517,0.119545,69.294949,37.321707,5.477825,1.946751,3.953982,7.142173,0.906370,0.048857,1.676446,0.000000,43.478261,0.000000,1.000000,74.621727,85.217391,83.450842,0.000000,1.061042,0.995978,0.065064,68.033846,41.900853,6.682773,1.803017,3.665755,6.599413,0.975038,0.038652,4.010462,11.000000,153.333333,0.364587,1.000000,74.621727,85.217391,83.450842,1.000000,1.061042,0.995978,0.065064,68.033846,41.900853,6.682773,1.803017,3.665755,6.599413,0.975038,0.038652,2.548853,3.000000,64.935065,0.849618,2.000000,4.085603,6.000000,158.219178,0.680934,1.000000,2.517241,0.000000,56.046065,0.000000,1.000000,4.702590,17.000000,248.095238,0.276623,1.000000,1.860218,5.000000,,0.372044,0.000000,0.000000,0.000000,,0.000000,0.000000,,,,,,,,,,,,,,,,,,,,,,,,,,,,,,,1.000000,1.000000,43.000000,-1.000000,,,,68.851340,94.258721,87.750192,2.897328,2.266861,0.630467,34.557450,33.670662,14.311047,5.473110,8.687116,0.796076,0.195558,,0.000000,,44.985120,13.368984,54.081078,0.218767,0.324884,-0.106118,18.914552,11.838347,21.952938,-0.561171,0.099755,0.017722,0.011571,0.794097,1.290323,,276.086957,43.478261,1.744232,1.298457
2025-10-01T04:45:00Z,1.073346,no_impulse,0,CANBK,1h,-1.000000,93.016760,2.674699,0.000000,0.000000,-0.335659,0.941636,5.643973,2.960635,8.000000,107.185629,0.370079,1.000000,49.748224,44.375000,77.121244,1.000000,0.671688,0.574554,0.097133,27.422126,22.857231,23.957269,-0.335659,0.941636,5.643973,0.451766,0.069357,2.687912,0.000000,49.408284,0.000000,3.000000,66.937888,96.893491,82.750505,0.000000,0.241293,0.030081,0.211213,26.743753,40.021923,16.878434,2.652069,3.564407,7.905886,1.040714,0.050384,5.753191,9.000000,95.886525,0.639243,3.000000,66.937888,96.893491,82.750505,0.000000,0.241293,0.030081,0.211213,26.743753,40.021923,16.878434,2.652069,3.564407,7.905886,1.040714,0.050384,5.660377,18.000000,92.519685,0.314465,2.000000,33.564516,10.463122,8.449095,1.000000,-0.260783,0.313421,-0.574204,35.452669,14.297656,31.561967,-1.926768,-0.836972,3.794605,0.187202,0.060433,6.516719,8.000000,276.086957,0.814590,1.000000,74.327764,82.152231,91.304876,0.000000,1.428291,1.173491,0.254800,53.680990,42.567114,10.337939,2.642405,4.945573,8.983696,0.955893,0.059534,2.305957,4.000000,115.481172,0.576489,8.000000,60.976653,47.670251,68.789590,1.000000,0.992624,1.085768,-0.093144,62.654243,27.590729,23.265198,0.427962,2.384222,5.841228,0.584647,0.050776,2.037511,3.000000,119.500000,0.679170,1.000000,78.482223,97.346939,95.450414,0.000000,1.193062,1.073517,0.119545,69.294949,37.321707,5.477825,1.946751,3.953982,7.142173,0.906370,0.048857,1.676446,0.000000,43.478261,0.000000,1.000000,74.621727,85.217391,83.450842,0.000000,1.061042,0.995978,0.065064,68.033846,41.900853,6.682773,1.803017,3.665755,6.599413,0.975038,0.038652,4.010462,11.000000,153.333333,0.364587,1.000000,2.548853,3.000000,64.935065,0.849618,2.000000,4.085603,6.000000,158.219178,0.680934,1.000000,2.517241,0.000000,56.046065,0.000000,1.000000,4.702590,17.000000,248.095238,0.276623,1.000000,1.860218,5.000000,,0.372044,0.000000,0.000000,0.000000,,0.000000,0.000000,,,,,,,,,,,,,,,,,,,,,,,,,,1.000000,2.000000,43.000000,-1.000000,,,,68.851340,94.258721,87.750192,2.897328,2.266861,0.630467,34.557450,33.670662,14.311047,5.473110,8.687116,0.796076,0.195558,,0.000000,,44.985120,13.368984,54.081078,0.218767,0.324884,-0.106118,18.914552,11.838347,21.952938,-0.561171,0.099755,0.017722,0.011571,0.739724,0.000000,,276.086957,43.478261,1.754873,0.787247
2025-10-03T05:45:00Z,1.119851,no_impulse,0,CANBK,1h,1.000000,157.657658,4.332756,8.000000,0.541594,2.196731,3.487600,8.174452,2.674699,0.000000,93.016760,0.000000,1.000000,49.748224,44.375000,77.121244,0.000000,0.671688,0.574554,0.097133,27.422126,22.857231,23.957269,-0.335659,0.941636,5.643973,0.451766,0.069357,2.960635,8.000000,107.185629,0.370079,1.000000,49.748224,44.375000,77.121244,1.000000,0.671688,0.574554,0.097133,27.422126,22.857231,23.957269,-0.335659,0.941636,5.643973,0.451766,0.069357,2.687912,0.000000,49.408284,0.000000,3.000000,66.937888,96.893491,82.750505,0.000000,0.241293,0.030081,0.211213,26.743753,40.021923,16.878434,2.652069,3.564407,7.905886,1.040714,0.050384,5.753191,9.000000,95.886525,0.639243,3.000000,66.937888,96.893491,82.750505,0.000000,0.241293,0.030081,0.211213,26.743753,40.021923,16.878434,2.652069,3.564407,7.905886,1.040714,0.050384,5.660377,18.000000,92.519685,0.314465,2.000000,33.564516,10.463122,8.449095,1.000000,-0.260783,0.313421,-0.574204,35.452669,14.297656,31.561967,-1.926768,-0.836972,3.794605,0.187202,0.060433,6.516719,8.000000,276.086957,0.814590,1.000000,74.327764,82.152231,91.304876,0.000000,1.428291,1.173491,0.254800,53.680990,42.567114,10.337939,2.642405,4.945573,8.983696,0.955893,0.059534,2.305957,4.000000,115.481172,0.576489,8.000000,60.976653,47.670251,68.789590,1.000000,0.992624,1.085768,-0.093144,62.654243,27.590729,23.265198,0.427962,2.384222,5.841228,0.584647,0.050776,2.037511,3.000000,119.500000,0.679170,1.000000,78.482223,97.346939,95.450414,0.000000,1.193062,1.073517,0.119545,69.294949,37.321707,5.477825,1.946751,3.953982,7.142173,0.906370,0.048857,1.676446,0.000000,43.478261,0.000000,1.000000,4.010462,11.000000,153.333333,0.364587,1.000000,2.548853,3.000000,64.935065,0.849618,2.000000,4.085603,6.000000,158.219178,0.680934,1.000000,2.517241,0.000000,56.046065,0.000000,1.000000,4.702590,17.000000,248.095238,0.276623,1.000000,1.860218,5.000000,,0.372044,0.000000,0.000000,0.000000,,0.000000,0.000000,,,,,,,,,,,,,,,,,,,,,1.000000,3.000000,51.000000,-1.000000,,,,71.655621,96.581197,94.933699,3.051608,2.392985,0.658622,35.389295,35.868639,13.198167,6.405571,9.837680,0.852223,0.194308,,0.000000,,50.357542,13.793103,23.563218,0.149721,0.181993,-0.032271,21.028292,21.784474,14.791288,-0.051953,0.276394,0.462244,0.013753,1.194126,1.311475,,276.086957,43.478261,1.746804,0.464200
2025-10-03T05:45:00Z,1.092657,no_impulse,0,CANBK,1h,-1.000000,58.476190,2.428413,0.000000,0.000000,2.196731,3.487600,8.174452,4.332756,8.000000,157.657658,0.541594,1.000000,64.007863,90.476190,85.113685,1.000000,0.703251,0.593797,0.109454,24.652668,33.185079,13.264831,2.196731,3.487600,8.174452,1.003576,0.044602,2.674699,0.000000,93.016760,0.000000,1.000000,49.748224,44.375000,77.121244,0.000000,0.671688,0.574554,0.097133,27.422126,22.857231,23.957269,-0.335659,0.941636,5.643973,0.451766,0.069357,2.960635,8.000000,107.185629,0.370079,1.000000,49.748224,44.375000,77.121244,1.000000,0.671688,0.574554,0.097133,27.422126,22.857231,23.957269,-0.335659,0.941636,5.643973,0.451766,0.069357,2.687912,0.000000,49.408284,0.000000,3.000000,66.937888,96.893491,82.750505,0.000000,0.241293,0.030081,0.211213,26.743753,40.021923,16.878434,2.652069,3.564407,7.905886,1.040714,0.050384,5.753191,9.000000,95.886525,0.639243,3.000000,66.937888,96.893491,82.750505,0.000000,0.241293,0.030081,0.211213,26.743753,40.021923,16.878434,2.652069,3.564407,7.905886,1.040714,0.050384,5.660377,18.000000,92.519685,0.314465,2.000000,33.564516,10.463122,8.449095,1.000000,-0.260783,0.313421,-0.574204,35.452669,14.297656,31.561967,-1.926768,-0.836972,3.794605,0.187202,0.060433,6.516719,8.000000,276.086957,0.814590,1.000000,74.327764,82.152231,91.304876,0.000000,1.428291,1.173491,0.254800,53.680990,42.567114,10.337939,2.642405,4.945573,8.983696,0.955893,0.059534,2.305957,4.000000,115.481172,0.576489,8.000000,60.976653,47.670251,68.789590,1.000000,0.992624,1.085768,-0.093144,62.654243,27.590729,23.265198,0.427962,2.384222,5.841228,0.584647,0.050776,2.037511,3.000000,119.500000,0.679170,1.000000,1.676446,0.000000,43.478261,0.000000,1.000000,4.010462,11.000000,153.333333,0.364587,1.000000,2.548853,3.000000,64.935065,0.849618,2.000000,4.085603,6.000000,158.219178,0.680934,1.000000,2.517241,0.000000,56.046065,0.000000,1.000000,4.702590,17.000000,248.095238,0.276623,1.000000,1.860218,5.000000,,0.372044,0.000000,0.000000,0.000000,,0.000000,0.000000,,,,,,,,,,,,,,,,1.000000,4.000000,51.000000,-1.000000,,,,71.655621,96.581197,94.933699,3.051608,2.392985,0.658622,35.389295,35.868639,13.198167,6.405571,9.837680,0.852223,0.194308,,0.000000,,50.357542,13.793103,23.563218,0.149721,0.181993,-0.032271,21.028292,21.784474,14.791288,-0.051953,0.276394,0.462244,0.013753,0.663388,0.000000,,276.086957,43.478261,1.757577,0.706882
2025-10-08T03:45:00Z,1.138719,no_impulse,0,CANBK,1h,1.000000,169.381107,4.215647,19.000000,0.221876,-0.271283,1.382948,6.793873,2.428413,0.000000,58.476190,0.000000,1.000000,64.007863,90.476190,85.113685,0.000000,0.703251,0.593797,0.109454,24.652668,33.185079,13.264831,2.196731,3.487600,8.174452,1.003576,0.044602,4.332756,8.000000,157.657658,0.541594,1.000000,64.007863,90.476190,85.113685,1.000000,0.703251,0.593797,0.109454,24.652668,33.185079,13.264831,2.196731,3.487600,8.174452,1.003576,0.044602,2.674699,0.000000,93.016760,0.000000,1.000000,49.748224,44.375000,77.121244,0.000000,0.671688,0.574554,0.097133,27.422126,22.857231,23.957269,-0.335659,0.941636,5.643973,0.451766,0.069357,2.960635,8.000000,107.185629,0.370079,1.000000,49.748224,44.375000,77.121244,1.000000,0.671688,0.574554,0.097133,27.422126,22.857231,23.957269,-0.335659,0.941636,5.643973,0.451766,0.069357,2.687912,0.000000,49.408284,0.000000,3.000000,66.937888,96.893491,82.750505,0.000000,0.241293,0.030081,0.211213,26.743753,40.021923,16.878434,2.652069,3.564407,7.905886,1.040714,0.050384,5.753191,9.000000,95.886525,0.639243,3.000000,66.937888,96.893491,82.750505,0.000000,0.241293,0.030081,0.211213,26.743753,40.021923,16.878434,2.652069,3.564407,7.905886,1.040714,0.050384,5.660377,18.000000,92.519685,0.314465,2.000000,33.564516,10.463122,8.449095,1.000000,-0.260783,0.313421,-0.574204,35.452669,14.297656,31.561967,-1.926768,-0.836972,3.794605,0.187202,0.060433,6.516719,8.000000,276.086957,0.814590,1.000000,74.327764,82.152231,91.304876,0.000000,1.428291,1.173491,0.254800,53.680990,42.567114,10.337939,2.642405,4.945573,8.983696,0.955893,0.059534,2.305957,4.000000,115.481172,0.576489,8.000000,2.037511,3.000000,119.500000,0.679170,1.000000,1.676446,0.000000,43.478261,0.000000,1.000000,4.010462,11.000000,153.333333,0.364587,1.000000,2.548853,3.000000,64.935065,0.849618,2.000000,4.085603,6.000000,158.219178,0.680934,1.000000,2.517241,0.000000,56.046065,0.000000,1.000000,4.702590,17.000000,248.095238,0.276623,1.000000,1.860218,5.000000,,0.372044,0.000000,0.000000,0.000000,,0.000000,0.000000,,,,,,,,,,,1.000000,5.000000,70.000000,-1.000000,,,,67.763927,81.877256,90.443153,3.391684,2.861332,0.530353,37.963575,33.101029,13.118747,4.638539,8.732858,0.768036,0.181474,,0.000000,,44.814957,32.765957,66.806981,0.218380,0.241816,-0.023437,28.549928,23.180410,27.096573,-0.416005,0.088463,0.194572,0.013564,1.128440,3.275862,,276.086957,49.408284,1.677515,0.827581
2025-10-08T05:45:00Z,1.104615,no_impulse,0,CANBK,1h,-1.000000,74.038462,2.994944,2.000000,1.497472,-0.714383,0.709353,6.079792,4.215647,19.000000,169.381107,0.221876,1.000000,50.986417,27.544910,69.586439,1.000000,0.799242,0.890402,-0.091160,31.946663,20.175879,24.405281,-0.271283,1.382948,6.793873,0.393524,0.025409,2.428413,0.000000,58.476190,0.000000,1.000000,64.007863,90.476190,85.113685,0.000000,0.703251,0.593797,0.109454,24.652668,33.185079,13.264831,2.196731,3.487600,8.174452,1.003576,0.044602,4.332756,8.000000,157.657658,0.541594,1.000000,64.007863,90.476190,85.113685,1.000000,0.703251,0.593797,0.109454,24.652668,33.185079,13.264831,2.196731,3.487600,8.174452,1.003576,0.044602,2.674699,0.000000,93.016760,0.000000,1.000000,49.748224,44.375000,77.121244,0.000000,0.671688,0.574554,0.097133,27.422126,22.857231,23.957269,-0.335659,0.941636,5.643973,0.451766,0.069357,2.960635,8.000000,107.185629,0.370079,1.000000,49.748224,44.375000,77.121244,1.000000,0.671688,0.574554,0.097133,27.422126,22.857231,23.957269,-0.335659,0.941636,5.643973,0.451766,0.069357,2.687912,0.000000,49.408284,0.000000,3.000000,66.937888,96.893491,82.750505,0.000000,0.241293,0.030081,0.211213,26.743753,40.021923,16.878434,2.652069,3.564407,7.905886,1.040714,0.050384,5.753191,9.000000,95.886525,0.639243,3.000000,66.937888,96.893491,82.750505,0.000000,0.241293,0.030081,0.211213,26.743753,40.021923,16.878434,2.652069,3.564407,7.905886,1.040714,0.050384,5.660377,18.000000,92.519685,0.314465,2.000000,33.564516,10.463122,8.449095,1.000000,-0.260783,0.313421,-0.574204,35.452669,14.297656,31.561967,-1.926768,-0.836972,3.794605,0.187202,0.060433,6.516719,8.000000,276.086957,0.814590,1.000000,2.305957,4.000000,115.481172,0.576489,8.000000,2.037511,3.000000,119.500000,0.679170,1.000000,1.676446,0.000000,43.478261,0.000000,1.000000,4.010462,11.000000,153.333333,0.364587,1.000000,2.548853,3.000000,64.935065,0.849618,2.000000,4.085603,6.000000,158.219178,0.680934,1.000000,2.517241,0.000000,56.046065,0.000000,1.000000,4.702590,17.000000,248.095238,0.276623,1.000000,1.860218,5.000000,,0.372044,0.000000,0.000000,0.000000,,0.000000,0.000000,,,,,,2.000000,6.000000,72.000000,-1.000000,,,,67.763927,81.877256,90.443153,3.391684,2.861332,0.530353,37.963575,33.101029,13.118747,4.638539,8.732858,0.768036,0.181474,,0.000000,,32.457708,10.389610,8.328279,-0.371967,-0.128442,-0.243526,30.888711,11.557664,31.386901,-1.123735,-1.167165,0.163023,0.032977,0.757517,0.270270,,276.086957,49.408284,1.570495,1.318814
2025-10-10T03:45:00Z,1.139162,no_impulse,0,CANBK,1h,1.000000,101.298701,3.127506,12.000000,0.260626,1.516110,2.453839,7.509628,2.994944,2.000000,74.038462,1.497472,2.000000,47.212196,16.363636,16.108044,1.000000,0.474498,0.765492,-0.290994,29.698397,17.291176,23.695759,-0.714383,0.709353,6.079792,0.255235,0.028979,4.215647,19.000000,169.381107,0.221876,1.000000,50.986417,27.544910,69.586439,1.000000,0.799242,0.890402,-0.091160,31.946663,20.175879,24.405281,-0.271283,1.382948,6.793873,0.393524,0.025409,2.428413,0.000000,58.476190,0.000000,1.000000,64.007863,90.476190,85.113685,0.000000,0.703251,0.593797,0.109454,24.652668,33.185079,13.264831,2.196731,3.487600,8.174452,1.003576,0.044602,4.332756,8.000000,157.657658,0.541594,1.000000,64.007863,90.476190,85.113685,1.000000,0.703251,0.593797,0.109454,24.652668,33.185079,13.264831,2.196731,3.487600,8.174452,1.003576,0.044602,2.674699,0.000000,93.016760,0.000000,1.000000,49.748224,44.375000,77.121244,0.000000,0.671688,0.574554,0.097133,27.422126,22.857231,23.957269,-0.335659,0.941636,5.643973,0.451766,0.069357,2.960635,8.000000,107.185629,0.370079,1.000000,49.748224,44.375000,77.121244,1.000000,0.671688,0.574554,0.097133,27.422126,22.857231,23.957269,-0.335659,0.941636,5.643973,0.451766,0.069357,2.687912,0.000000,49.408284,0.000000,3.000000,66.937888,96.893491,82.750505,0.000000,0.241293,0.030081,0.211213,26.743753,40.021923,16.878434,2.652069,3.564407,7.905886,1.040714,0.050384,5.753191,9.000000,95.886525,0.639243,3.000000,66.937888,96.893491,82.750505,0.000000,0.241293,0.030081,0.211213,26.743753,40.021923,16.878434,2.652069,3.564407,7.905886,1.040714,0.050384,5.660377,18.000000,92.519685,0.314465,2.000000,6.516719,8.000000,276.086957,0.814590,1.000000,2.305957,4.000000,115.481172,0.576489,8.000000,2.037511,3.000000,119.500000,0.679170,1.000000,1.676446,0.000000,43.478261,0.000000,1.000000,4.010462,11.000000,153.333333,0.364587,1.000000,2.548853,3.000000,64.935065,0.849618,2.000000,4.085603,6.000000,158.219178,0.680934,1.000000,2.517241,0.000000,56.046065,0.000000,1.000000,4.702590,17.000000,248.095238,0.276623,1.000000,1.860218,5.000000,,0.372044,0.000000,0.000000,0.000000,,0.000000,0.000000,1.000000,7.000000,84.000000,-1.000000,,,,69.805208,89.631534,84.400366,3.311389,3.003593,0.307796,39.060478,34.014588,11.818836,4.706859,8.990263,0.791136,0.169658,,0.000000,,70.925748,79.702970,57.280715,0.068503,-0.005806,0.074309,26.477582,42.530502,10.392050,0.859692,0.866971,1.327721,0.010476,0.777497,1.666667,,276.086957,49.408284,1.503879,0.966986
2025-10-14T06:45:00Z,1.103729,no_impulse,0,CANBK,1h,-1.000000,102.564103,3.110420,17.000000,0.182966,-1.263328,-0.811157,4.012604,3.127506,12.000000,101.298701,0.260626,1.000000,65.362661,92.820513,57.173937,0.000000,0.255511,0.237515,0.017995,18.588619,32.764265,13.881847,1.516110,2.453839,7.509628,0.997364,0.030952,2.994944,2.000000,74.038462,1.497472,2.000000,47.212196,16.363636,16.108044,1.000000,0.474498,0.765492,-0.290994,29.698397,17.291176,23.695759,-0.714383,0.709353,6.079792,0.255235,0.028979,4.215647,19.000000,169.381107,0.221876,1.000000,50.986417,27.544910,69.586439,1.000000,0.799242,0.890402,-0.091160,31.946663,20.175879,24.405281,-0.271283,1.382948,6.793873,0.393524,0.025409,2.428413,0.000000,58.476190,0.000000,1.000000,64.007863,90.476190,85.113685,0.000000,0.703251,0.593797,0.109454,24.652668,33.185079,13.264831,2.196731,3.487600,8.174452,1.003576,0.044602,4.332756,8.000000,157.657658,0.541594,1.000000,64.007863,90.476190,85.113685,1.000000,0.703251,0.593797,0.109454,24.652668,33.185079,13.264831,2.196731,3.487600,8.174452,1.003576,0.044602,2.674699,0.000000,93.016760,0.000000,1.000000,49.748224,44.375000,77.121244,0.000000,0.671688,0.574554,0.097133,27.422126,22.857231,23.957269,-0.335659,0.941636,5.643973,0.451766,0.069357,2.960635,8.000000,107.185629,0.370079,1.000000,49.748224,44.375000,77.121244,1.000000,0.671688,0.574554,0.097133,27.422126,22.857231,23.957269,-0.335659,0.941636,5.643973,0.451766,0.069357,2.687912,0.000000,49.408284,0.000000,3.000000,66.937888,96.893491,82.750505,0.000000,0.241293,0.030081,0.211213,26.743753,40.021923,16.878434,2.652069,3.564407,7.905886,1.040714,0.050384,5.753191,9.000000,95.886525,0.639243,3.000000,5.660377,18.000000,92.519685,0.314465,2.000000,6.516719,8.000000,276.086957,0.814590,1.000000,2.305957,4.000000,115.481172,0.576489,8.000000,2.037511,3.000000,119.500000,0.679170,1.000000,1.676446,0.000000,43.478261,0.000000,1.000000,4.010462,11.000000,153.333333,0.364587,1.000000,2.548853,3.000000,64.935065,0.849618,2.000000,4.085603,6.000000,158.219178,0.680934,1.000000,2.517241,0.000000,56.046065,0.000000,1.000000,4.702590,17.000000,248.095238,0.276623,1.000000,1.860218,5.000000,,0.372044,0.000000,8.000000,1.000000,101.000000,-1.000000,,,,67.414909,96.548673,85.957334,3.065484,3.046472,0.019012,39.088584,29.343083,13.491706,4.307480,8.729988,0.842937,0.131260,,0.000000,,24.681645,5.000000,8.170174,-0.470227,-0.344467,-0.125760,39.299257,7.249081,33.005575,-1.046080,-1.510309,0.147070,0.029333,0.844395,2.236842,,169.381107,49.408284,1.237662,1.095617
2025-10-16T03:45:00Z,1.152804,no_impulse,0,CANBK,1h,1.000000,138.500000,4.446228,11.000000,0.404203,1.146452,1.711378,6.168054,3.110420,17.000000,102.564103,0.182966,8.000000,36.228777,10.554090,4.731849,0.000000,-0.175005,0.100288,-0.275293,20.074582,14.682744,30.186559,-1.263328,-0.811157,4.012604,0.094072,0.030734,3.127506,12.000000,101.298701,0.260626,1.000000,65.362661,92.820513,57.173937,0.000000,0.255511,0.237515,0.017995,18.588619,32.764265,13.881847,1.516110,2.453839,7.509628,0.997364,0.030952,2.994944,2.000000,74.038462,1.497472,2.000000,47.212196,16.363636,16.108044,1.000000,0.474498,0.765492,-0.290994,29.698397,17.291176,23.695759,-0.714383,0.709353,6.079792,0.255235,0.028979,4.215647,19.000000,169.381107,0.221876,1.000000,50.986417,27.544910,69.586439,1.000000,0.799242,0.890402,-0.091160,31.946663,20.175879,24.405281,-0.271283,1.382948,6.793873,0.393524,0.025409,2.428413,0.000000,58.476190,0.000000,1.000000,64.007863,90.476190,85.113685,0.000000,0.703251,0.593797,0.109454,24.652668,33.185079,13.264831,2.196731,3.487600,8.174452,1.003576,0.044602,4.332756,8.000000,157.657658,0.541594,1.000000,64.007863,90.476190,85.113685,1.000000,0.703251,0.593797,0.109454,24.652668,33.185079,13.264831,2.196731,3.487600,8.174452,1.003576,0.044602,2.674699,0.000000,93.016760,0.000000,1.000000,49.748224,44.375000,77.121244,0.000000,0.671688,0.574554,0.097133,27.422126,22.857231,23.957269,-0.335659,0.941636,5.643973,0.451766,0.069357,2.960635,8.000000,107.185629,0.370079,1.000000,49.748224,44.375000,77.121244,1.000000,0.671688,0.574554,0.097133,27.422126,22.857231,23.957269,-0.335659,0.941636,5.643973,0.451766,0.069357,2.687912,0.000000,49.408284,0.000000,3.000000,5.753191,9.000000,95.886525,0.639243,3.000000,5.660377,18.000000,92.519685,0.314465,2.000000,6.516719,8.000000,276.086957,0.814590,1.000000,2.305957,4.000000,115.481172,0.576489,8.000000,2.037511,3.000000,119.500000,0.679170,1.000000,1.676446,0.000000,43.478261,0.000000,1.000000,4.010462,11.000000,153.333333,0.364587,1.000000,2.548853,3.000000,64.935065,0.849618,2.000000,4.085603,6.000000,158.219178,0.680934,1.000000,2.517241,0.000000,56.046065,0.000000,1.000000,4.702590,17.000000,248.095238,0.276623,1.000000,1.000000,1.000000,11.000000,-1.000000,,,,64.232377,78.085443,81.394555,2.993282,3.055734,-0.062453,39.297249,30.553151,12.476456,3.190310,7.671624,0.766721,0.123554,,0.000000,,80.518983,87.632509,77.434474,0.501556,0.423279,0.078277,53.177933,46.112948,7.317403,1.419293,1.976524,1.243068,0.019375,1.296801,1.466667,,169.381107,49.408284,1.030478,0.841125
2025-10-17T03:45:00Z,1.112410,no_impulse,0,CANBK,1h,-1.000000,82.310469,3.503919,7.000000,0.500560,-1.090150,-0.608908,3.787914,4.446228,11.000000,138.500000,0.404203,1.000000,66.289117,73.465704,84.409203,1.000000,0.339214,0.121767,0.217447,23.674779,41.148914,13.914345,1.146452,1.711378,6.168054,0.810377,0.037366,3.110420,17.000000,102.564103,0.182966,8.000000,36.228777,10.554090,4.731849,0.000000,-0.175005,0.100288,-0.275293,20.074582,14.682744,30.186559,-1.263328,-0.811157,4.012604,0.094072,0.030734,3.127506,12.000000,101.298701,0.260626,1.000000,65.362661,92.820513,57.173937,0.000000,0.255511,0.237515,0.017995,18.588619,32.764265,13.881847,1.516110,2.453839,7.509628,0.997364,0.030952,2.994944,2.000000,74.038462,1.497472,2.000000,47.212196,16.363636,16.108044,1.000000,0.474498,0.765492,-0.290994,29.698397,17.291176,23.695759,-0.714383,0.709353,6.079792,0.255235,0.028979,4.215647,19.000000,169.381107,0.221876,1.000000,50.986417,27.544910,69.586439,1.000000,0.799242,0.890402,-0.091160,31.946663,20.175879,24.405281,-0.271283,1.382948,6.793873,0.393524,0.025409,2.428413,0.000000,58.476190,0.000000,1.000000,64.007863,90.476190,85.113685,0.000000,0.703251,0.593797,0.109454,24.652668,33.185079,13.264831,2.196731,3.487600,8.174452,1.003576,0.044602,4.332756,8.000000,157.657658,0.541594,1.000000,64.007863,90.476190,85.113685,1.000000,0.703251,0.593797,0.109454,24.652668,33.185079,13.264831,2.196731,3.487600,8.174452,1.003576,0.044602,2.674699,0.000000,93.016760,0.000000,1.000000,49.748224,44.375000,77.121244,0.000000,0.671688,0.574554,0.097133,27.422126,22.857231,23.957269,-0.335659,0.941636,5.643973,0.451766,0.069357,2.960635,8.000000,107.185629,0.370079,1.000000,2.687912,0.000000,49.408284,0.000000,3.000000,5.753191,9.000000,95.886525,0.639243,3.000000,5.660377,18.000000,92.519685,0.314465,2.000000,6.516719,8.000000,276.086957,0.814590,1.000000,2.305957,4.000000,115.481172,0.576489,8.000000,2.037511,3.000000,119.500000,0.679170,1.000000,1.676446,0.000000,43.478261,0.000000,1.000000,4.010462,11.000000,153.333333,0.364587,1.000000,2.548853,3.000000,64.935065,0.849618,2.000000,4.085603,6.000000,158.219178,0.680934,1.000000,2.517241,0.000000,56.046065,0.000000,1.000000,2.000000,2.000000,18.000000,-1.000000,,,,58.826126,60.858586,78.497567,2.806673,3.042545,-0.235872,38.051761,28.262780,18.122718,1.574266,6.041823,0.648825,0.107471,,0.000000,,34.851807,33.492823,21.510220,-0.148575,-0.045030,-0.103545,20.053468,14.504754,37.348044,-0.678220,-0.600834,-0.085865,0.011498,1.062465,0.909091,,169.381107,49.408284,0.746698,1.108429
2025-10-17T03:45:00Z,1.129861,no_impulse,0,CANBK,1h,1.000000,43.201754,1.568721,0.000000,0.000000,-1.090150,-0.608908,3.787914,3.503919,7.000000,82.310469,0.500560,2.000000,38.774701,8.552632,31.149640,0.000000,0.140044,0.248258,-0.108214,25.606452,24.346716,28.969164,-1.090150,-0.608908,3.787914,0.229609,0.039883,4.446228,11.000000,138.500000,0.404203,1.000000,66.289117,73.465704,84.409203,1.000000,0.339214,0.121767,0.217447,23.674779,41.148914,13.914345,1.146452,1.711378,6.168054,0.810377,0.037366,3.110420,17.000000,102.564103,0.182966,8.000000,36.228777,10.554090,4.731849,0.000000,-0.175005,0.100288,-0.275293,20.074582,14.682744,30.186559,-1.263328,-0.811157,4.012604,0.094072,0.030734,3.127506,12.000000,101.298701,0.260626,1.000000,65.362661,92.820513,57.173937,0.000000,0.255511,0.237515,0.017995,18.588619,32.764265,13.881847,1.516110,2.453839,7.509628,0.997364,0.030952,2.994944,2.000000,74.038462,1.497472,2.000000,47.212196,16.363636,16.108044,1.000000,0.474498,0.765492,-0.290994,29.698397,17.291176,23.695759,-0.714383,0.709353,6.079792,0.255235,0.028979,4.215647,19.000000,169.381107,0.221876,1.000000,50.986417,27.544910,69.586439,1.000000,0.799242,0.890402,-0.091160,31.946663,20.175879,24.405281,-0.271283,1.382948,6.793873,0.393524,0.025409,2.428413,0.000000,58.476190,0.000000,1.000000,64.007863,90.476190,85.113685,0.000000,0.703251,0.593797,0.109454,24.652668,33.185079,13.264831,2.196731,3.487600,8.174452,1.003576,0.044602,4.332756,8.000000,157.657658,0.541594,1.000000,64.007863,90.476190,85.113685,1.000000,0.703251,0.593797,0.109454,24.652668,33.185079,13.264831,2.196731,3.487600,8.174452,1.003576,0.044602,2.674699,0.000000,93.016760,0.000000,1.000000,2.960635,8.000000,107.185629,0.370079,1.000000,2.687912,0.000000,49.408284,0.000000,3.000000,5.753191,9.000000,95.886525,0.639243,3.000000,5.660377,18.000000,92.519685,0.314465,2.000000,6.516719,8.000000,276.086957,0.814590,1.000000,2.305957,4.000000,115.481172,0.576489,8.000000,2.037511,3.000000,119.500000,0.679170,1.000000,1.676446,0.000000,43.478261,0.000000,1.000000,4.010462,11.000000,153.333333,0.364587,1.000000,2.548853,3.000000,64.935065,0.849618,2.000000,4.085603,6.000000,158.219178,0.680934,1.000000,2.000000,3.000000,18.000000,-1.000000,,,,58.826126,60.858586,78.497567,2.806673,3.042545,-0.235872,38.051761,28.262780,18.122718,1.574266,6.041823,0.648825,0.107471,,0.000000,,34.851807,33.492823,21.510220,-0.148575,-0.045030,-0.103545,20.053468,14.504754,37.348044,-0.678220,-0.600834,-0.085865,0.011498,0.464185,0.000000,,169.381107,58.476190,0.716610,1.069884
2025-10-17T07:45:00Z,1.103729,no_impulse,0,CANBK,1h,-1.000000,149.746193,2.312819,4.000000,0.578205,-1.289020,-1.093853,3.085354,1.568721,0.000000,43.201754,0.000000,2.000000,38.774701,8.552632,31.149640,0.000000,0.140044,0.248258,-0.108214,25.606452,24.346716,28.969164,-1.090150,-0.608908,3.787914,0.229609,0.039883,3.503919,7.000000,82.310469,0.500560,2.000000,38.774701,8.552632,31.149640,0.000000,0.140044,0.248258,-0.108214,25.606452,24.346716,28.969164,-1.090150,-0.608908,3.787914,0.229609,0.039883,4.446228,11.000000,138.500000,0.404203,1.000000,66.289117,73.465704,84.409203,1.000000,0.339214,0.121767,0.217447,23.674779,41.148914,13.914345,1.146452,1.711378,6.168054,0.810377,0.037366,3.110420,17.000000,102.564103,0.182966,8.000000,36.228777,10.554090,4.731849,0.000000,-0.175005,0.100288,-0.275293,20.074582,14.682744,30.186559,-1.263328,-0.811157,4.012604,0.094072,0.030734,3.127506,12.000000,101.298701,0.260626,1.000000,65.362661,92.820513,57.173937,0.000000,0.255511,0.237515,0.017995,18.588619,32.764265,13.881847,1.516110,2.453839,7.509628,0.997364,0.030952,2.994944,2.000000,74.038462,1.497472,2.000000,47.212196,16.363636,16.108044,1.000000,0.474498,0.765492,-0.290994,29.698397,17.291176,23.695759,-0.714383,0.709353,6.079792,0.255235,0.028979,4.215647,19.000000,169.381107,0.221876,1.000000,50.986417,27.544910,69.586439,1.000000,0.799242,0.890402,-0.091160,31.946663,20.175879,24.405281,-0.271283,1.382948,6.793873,0.393524,0.025409,2.428413,0.000000,58.476190,0.000000,1.000000,64.007863,90.476190,85.113685,0.000000,0.703251,0.593797,0.109454,24.652668,33.185079,13.264831,2.196731,3.487600,8.174452,1.003576,0.044602,4.332756,8.000000,157.657658,0.541594,1.000000,2.674699,0.000000,93.016760,0.000000,1.000000,2.960635,8.000000,107.185629,0.370079,1.000000,2.687912,0.000000,49.408284,0.000000,3.000000,5.753191,9.000000,95.886525,0.639243,3.000000,5.660377,18.000000,92.519685,0.314465,2.000000,6.516719,8.000000,276.086957,0.814590,1.000000,2.305957,4.000000,115.481172,0.576489,8.000000,2.037511,3.000000,119.500000,0.679170,1.000000,1.676446,0.000000,43.478261,0.000000,1.000000,4.010462,11.000000,153.333333,0.364587,1.000000,2.548853,3.000000,64.935065,0.849618,2.000000,4.000000,1.000000,22.000000,-1.000000,,,,58.826126,60.858586,78.497567,2.806673,3.042545,-0.235872,38.051761,28.262780,18.122718,1.574266,6.041823,0.648825,0.107471,,0.000000,,35.621858,18.081181,13.518045,-0.421835,-0.350569,-0.071266,28.603775,13.698259,33.728576,-0.825578,-1.275970,0.143073,0.022941,0.713761,0.526316,115.000000,169.381107,43.201754,0.914789,1.030976
2025-10-20T06:45:00Z,1.146691,no_impulse,0,CANBK,1h,1.000000,164.406780,3.892456,6.000000,0.648743,1.453858,1.776780,5.708553,2.312819,4.000000,149.746193,0.578205,4.000000,38.548321,11.732852,12.367369,0.000000,-0.196422,0.065223,-0.261646,25.021533,15.423459,31.040707,-1.289020,-1.093853,3.085354,0.134754,0.034843,1.568721,0.000000,43.201754,0.000000,2.000000,38.774701,8.552632,31.149640,0.000000,0.140044,0.248258,-0.108214,25.606452,24.346716,28.969164,-1.090150,-0.608908,3.787914,0.229609,0.039883,3.503919,7.000000,82.310469,0.500560,2.000000,38.774701,8.552632,31.149640,0.000000,0.140044,0.248258,-0.108214,25.606452,24.346716,28.969164,-1.090150,-0.608908,3.787914,0.229609,0.039883,4.446228,11.000000,138.500000,0.404203,1.000000,66.289117,73.465704,84.409203,1.000000,0.339214,0.121767,0.217447,23.674779,41.148914,13.914345,1.146452,1.711378,6.168054,0.810377,0.037366,3.110420,17.000000,102.564103,0.182966,8.000000,36.228777,10.554090,4.731849,0.000000,-0.175005,0.100288,-0.275293,20.074582,14.682744,30.186559,-1.263328,-0.811157,4.012604,0.094072,0.030734,3.127506,12.000000,101.298701,0.260626,1.000000,65.362661,92.820513,57.173937,0.000000,0.255511,0.237515,0.017995,18.588619,32.764265,13.881847,1.516110,2.453839,7.509628,0.997364,0.030952,2.994944,2.000000,74.038462,1.497472,2.000000,47.212196,16.363636,16.108044,1.000000,0.474498,0.765492,-0.290994,29.698397,17.291176,23.695759,-0.714383,0.709353,6.079792,0.255235,0.028979,4.215647,19.000000,169.381107,0.221876,1.000000,50.986417,27.544910,69.586439,1.000000,0.799242,0.890402,-0.091160,31.946663,20.175879,24.405281,-0.271283,1.382948,6.793873,0.393524,0.025409,2.428413,0.000000,58.476190,0.000000,1.000000,4.332756,8.000000,157.657658,0.541594,1.000000,2.674699,0.000000,93.016760,0.000000,1.000000,2.960635,8.000000,107.185629,0.370079,1.000000,2.687912,0.000000,49.408284,0.000000,3.000000,5.753191,9.000000,95.886525,0.639243,3.000000,5.660377,18.000000,92.519685,0.314465,2.000000,6.516719,8.000000,276.086957,0.814590,1.000000,2.305957,4.000000,115.481172,0.576489,8.000000,2.037511,3.000000,119.500000,0.679170,1.000000,1.676446,0.000000,43.478261,0.000000,1.000000,4.010462,11.000000,153.333333,0.364587,1.000000,7.000000,2.000000,28.000000,-1.000000,,,,61.254256,66.332219,66.511179,2.569967,2.866955,-0.296987,36.906299,28.415057,15.389185,2.289947,6.675457,0.761240,0.089711,,0.000000,,71.665347,96.354167,96.853572,0.526000,0.328241,0.197759,35.851455,34.230569,10.787391,1.128906,1.467770,0.762677,0.043468,1.214822,0.750000,121.000000,169.381107,43.201754,0.946267,0.691253
2025-10-21T08:15:00Z,1.120117,no_impulse,0,CANBK,1h,-1.000000,61.855670,2.317497,4.000000,0.579374,-0.292186,0.056247,3.977590,3.892456,6.000000,164.406780,0.648743,7.000000,62.812682,92.989691,92.643720,1.000000,0.179951,-0.008352,0.188303,23.641491,32.466117,19.402683,1.453858,1.776780,5.708553,0.871783,0.039682,2.312819,4.000000,149.746193,0.578205,4.000000,38.548321,11.732852,12.367369,0.000000,-0.196422,0.065223,-0.261646,25.021533,15.423459,31.040707,-1.289020,-1.093853,3.085354,0.134754,0.034843,1.568721,0.000000,43.201754,0.000000,2.000000,38.774701,8.552632,31.149640,0.000000,0.140044,0.248258,-0.108214,25.606452,24.346716,28.969164,-1.090150,-0.608908,3.787914,0.229609,0.039883,3.503919,7.000000,82.310469,0.500560,2.000000,38.774701,8.552632,31.149640,0.000000,0.140044,0.248258,-0.108214,25.606452,24.346716,28.969164,-1.090150,-0.608908,3.787914,0.229609,0.039883,4.446228,11.000000,138.500000,0.404203,1.000000,66.289117,73.465704,84.409203,1.000000,0.339214,0.121767,0.217447,23.674779,41.148914,13.914345,1.146452,1.711378,6.168054,0.810377,0.037366,3.110420,17.000000,102.564103,0.182966,8.000000,36.228777,10.554090,4.731849,0.000000,-0.175005,0.100288,-0.275293,20.074582,14.682744,30.186559,-1.263328,-0.811157,4.012604,0.094072,0.030734,3.127506,12.000000,101.298701,0.260626,1.000000,65.362661,92.820513,57.173937,0.000000,0.255511,0.237515,0.017995,18.588619,32.764265,13.881847,1.516110,2.453839,7.509628,0.997364,0.030952,2.994944,2.000000,74.038462,1.497472,2.000000,47.212196,16.363636,16.108044,1.000000,0.474498,0.765492,-0.290994,29.698397,17.291176,23.695759,-0.714383,0.709353,6.079792,0.255235,0.028979,4.215647,19.000000,169.381107,0.221876,1.000000,2.428413,0.000000,58.476190,0.000000,1.000000,4.332756,8.000000,157.657658,0.541594,1.000000,2.674699,0.000000,93.016760,0.000000,1.000000,2.960635,8.000000,107.185629,0.370079,1.000000,2.687912,0.000000,49.408284,0.000000,3.000000,5.753191,9.000000,95.886525,0.639243,3.000000,5.660377,18.000000,92.519685,0.314465,2.000000,6.516719,8.000000,276.086957,0.814590,1.000000,2.305957,4.000000,115.481172,0.576489,8.000000,2.037511,3.000000,119.500000,0.679170,1.000000,1.676446,0.000000,43.478261,0.000000,1.000000,2.000000,1.000000,4.000000,-1.000000,,,,61.254256,66.332219,66.511179,2.569967,2.866955,-0.296987,36.906299,28.415057,15.389185,2.289947,6.675457,0.761240,0.089711,,0.000000,,54.542177,51.982379,27.873790,0.174723,0.314912,-0.140189,29.186887,28.307542,23.855268,0.146569,0.523034,0.592211,0.015918,0.733360,0.512821,125.000000,169.381107,43.201754,0.896871,0.702857
2025-10-21T08:15:00Z,1.140934,no_impulse,0,CANBK,1h,1.000000,78.333333,1.858442,0.000000,0.000000,-0.292186,0.056247,3.977590,2.317497,4.000000,61.855670,0.579374,2.000000,48.219405,50.103093,59.243986,1.000000,0.176029,0.125097,0.050932,19.854903,29.047070,23.171122,-0.292186,0.056247,3.977590,0.423295,0.037981,3.892456,6.000000,164.406780,0.648743,7.000000,62.812682,92.989691,92.643720,1.000000,0.179951,-0.008352,0.188303,23.641491,32.466117,19.402683,1.453858,1.776780,5.708553,0.871783,0.039682,2.312819,4.000000,149.746193,0.578205,4.000000,38.548321,11.732852,12.367369,0.000000,-0.196422,0.065223,-0.261646,25.021533,15.423459,31.040707,-1.289020,-1.093853,3.085354,0.134754,0.034843,1.568721,0.000000,43.201754,0.000000,2.000000,38.774701,8.552632,31.149640,0.000000,0.140044,0.248258,-0.108214,25.606452,24.346716,28.969164,-1.090150,-0.608908,3.787914,0.229609,0.039883,3.503919,7.000000,82.310469,0.500560,2.000000,38.774701,8.552632,31.149640,0.000000,0.140044,0.248258,-0.108214,25.606452,24.346716,28.969164,-1.090150,-0.608908,3.787914,0.229609,0.039883,4.446228,11.000000,138.500000,0.404203,1.000000,66.289117,73.465704,84.409203,1.000000,0.339214,0.121767,0.217447,23.674779,41.148914,13.914345,1.146452,1.711378,6.168054,0.810377,0.037366,3.110420,17.000000,102.564103,0.182966,8.000000,36.228777,10.554090,4.731849,0.000000,-0.175005,0.100288,-0.275293,20.074582,14.682744,30.186559,-1.263328,-0.811157,4.012604,0.094072,0.030734,3.127506,12.000000,101.298701,0.260626,1.000000,65.362661,92.820513,57.173937,0.000000,0.255511,0.237515,0.017995,18.588619,32.764265,13.881847,1.516110,2.453839,7.509628,0.997364,0.030952,2.994944,2.000000,74.038462,1.497472,2.000000,4.215647,19.000000,169.381107,0.221876,1.000000,2.428413,0.000000,58.476190,0.000000,1.000000,4.332756,8.000000,157.657658,0.541594,1.000000,2.674699,0.000000,93.016760,0.000000,1.000000,2.960635,8.000000,107.185629,0.370079,1.000000,2.687912,0.000000,49.408284,0.000000,3.000000,5.753191,9.000000,95.886525,0.639243,3.000000,5.660377,18.000000,92.519685,0.314465,2.000000,6.516719,8.000000,276.086957,0.814590,1.000000,2.305957,4.000000,115.481172,0.576489,8.000000,2.037511,3.000000,119.500000,0.679170,1.000000,2.000000,2.000000,4.000000,-1.000000,,,,61.254256,66.332219,66.511179,2.569967,2.866955,-0.296987,36.906299,28.415057,15.389185,2.289947,6.675457,0.761240,0.089711,,0.000000,,54.542177,51.982379,27.873790,0.174723,0.314912,-0.140189,29.186887,28.307542,23.855268,0.146569,0.523034,0.592211,0.015918,0.590166,0.000000,125.000000,169.381107,43.201754,0.907548,0.895356
2025-10-24T07:45:00Z,1.104881,no_impulse,0,CANBK,1h,-1.000000,173.191489,3.159938,12.000000,0.263328,-1.088298,-1.177731,2.215310,1.858442,0.000000,78.333333,0.000000,2.000000,48.219405,50.103093,59.243986,0.000000,0.176029,0.125097,0.050932,19.854903,29.047070,23.171122,-0.292186,0.056247,3.977590,0.423295,0.037981,2.317497,4.000000,61.855670,0.579374,2.000000,48.219405,50.103093,59.243986,1.000000,0.176029,0.125097,0.050932,19.854903,29.047070,23.171122,-0.292186,0.056247,3.977590,0.423295,0.037981,3.892456,6.000000,164.406780,0.648743,7.000000,62.812682,92.989691,92.643720,1.000000,0.179951,-0.008352,0.188303,23.641491,32.466117,19.402683,1.453858,1.776780,5.708553,0.871783,0.039682,2.312819,4.000000,149.746193,0.578205,4.000000,38.548321,11.732852,12.367369,0.000000,-0.196422,0.065223,-0.261646,25.021533,15.423459,31.040707,-1.289020,-1.093853,3.085354,0.134754,0.034843,1.568721,0.000000,43.201754,0.000000,2.000000,38.774701,8.552632,31.149640,0.000000,0.140044,0.248258,-0.108214,25.606452,24.346716,28.969164,-1.090150,-0.608908,3.787914,0.229609,0.039883,3.503919,7.000000,82.310469,0.500560,2.000000,38.774701,8.552632,31.149640,0.000000,0.140044,0.248258,-0.108214,25.606452,24.346716,28.969164,-1.090150,-0.608908,3.787914,0.229609,0.039883,4.446228,11.000000,138.500000,0.404203,1.000000,66.289117,73.465704,84.409203,1.000000,0.339214,0.121767,0.217447,23.674779,41.148914,13.914345,1.146452,1.711378,6.168054,0.810377,0.037366,3.110420,17.000000,102.564103,0.182966,8.000000,36.228777,10.554090,4.731849,0.000000,-0.175005,0.100288,-0.275293,20.074582,14.682744,30.186559,-1.263328,-0.811157,4.012604,0.094072,0.030734,3.127506,12.000000,101.298701,0.260626,1.000000,2.994944,2.000000,74.038462,1.497472,2.000000,4.215647,19.000000,169.381107,0.221876,1.000000,2.428413,0.000000,58.476190,0.000000,1.000000,4.332756,8.000000,157.657658,0.541594,1.000000,2.674699,0.000000,93.016760,0.000000,1.000000,2.960635,8.000000,107.185629,0.370079,1.000000,2.687912,0.000000,49.408284,0.000000,3.000000,5.753191,9.000000,95.886525,0.639243,3.000000,5.660377,18.000000,92.519685,0.314465,2.000000,6.516719,8.000000,276.086957,0.814590,1.000000,2.305957,4.000000,115.481172,0.576489,8.000000,4.000000,1.000000,16.000000,-1.000000,,,,57.108130,19.855596,43.001021,2.212488,2.684787,-0.472299,34.671806,25.384820,18.091147,0.933951,5.172774,0.611055,0.084891,,0.000000,,32.408294,9.580838,5.702573,-0.174159,-0.137079,-0.037080,8.588457,15.942504,31.596162,-0.693693,-0.967941,-0.187115,0.010026,1.084661,1.904762,137.000000,164.406780,43.201754,0.905847,1.092470
2025-10-28T03:45:00Z,1.167242,no_impulse,0,CANBK,1h,1.000000,172.972973,5.644191,10.000000,0.564419,1.026780,1.391014,4.618035,3.159938,12.000000,173.191489,0.263328,4.000000,36.923821,12.776413,13.381898,0.000000,-0.264509,-0.136926,-0.127584,14.885630,21.546305,24.803593,-1.088298,-1.177731,2.215310,0.163869,0.032029,1.858442,0.000000,78.333333,0.000000,2.000000,48.219405,50.103093,59.243986,0.000000,0.176029,0.125097,0.050932,19.854903,29.047070,23.171122,-0.292186,0.056247,3.977590,0.423295,0.037981,2.317497,4.000000,61.855670,0.579374,2.000000,48.219405,50.103093,59.243986,1.000000,0.176029,0.125097,0.050932,19.854903,29.047070,23.171122,-0.292186,0.056247,3.977590,0.423295,0.037981,3.892456,6.000000,164.406780,0.648743,7.000000,62.812682,92.989691,92.643720,1.000000,0.179951,-0.008352,0.188303,23.641491,32.466117,19.402683,1.453858,1.776780,5.708553,0.871783,0.039682,2.312819,4.000000,149.746193,0.578205,4.000000,38.548321,11.732852,12.367369,0.000000,-0.196422,0.065223,-0.261646,25.021533,15.423459,31.040707,-1.289020,-1.093853,3.085354,0.134754,0.034843,1.568721,0.000000,43.201754,0.000000,2.000000,38.774701,8.552632,31.149640,0.000000,0.140044,0.248258,-0.108214,25.606452,24.346716,28.969164,-1.090150,-0.608908,3.787914,0.229609,0.039883,3.503919,7.000000,82.310469,0.500560,2.000000,38.774701,8.552632,31.149640,0.000000,0.140044,0.248258,-0.108214,25.606452,24.346716,28.969164,-1.090150,-0.608908,3.787914,0.229609,0.039883,4.446228,11.000000,138.500000,0.404203,1.000000,66.289117,73.465704,84.409203,1.000000,0.339214,0.121767,0.217447,23.674779,41.148914,13.914345,1.146452,1.711378,6.168054,0.810377,0.037366,3.110420,17.000000,102.564103,0.182966,8.000000,3.127506,12.000000,101.298701,0.260626,1.000000,2.994944,2.000000,74.038462,1.497472,2.000000,4.215647,19.000000,169.381107,0.221876,1.000000,2.428413,0.000000,58.476190,0.000000,1.000000,4.332756,8.000000,157.657658,0.541594,1.000000,2.674699,0.000000,93.016760,0.000000,1.000000,2.960635,8.000000,107.185629,0.370079,1.000000,2.687912,0.000000,49.408284,0.000000,3.000000,5.753191,9.000000,95.886525,0.639243,3.000000,5.660377,18.000000,92.519685,0.314465,2.000000,6.516719,8.000000,276.086957,0.814590,1.000000,7.000000,2.000000,26.000000,-1.000000,,,,65.224577,75.034868,58.886472,2.222735,2.453568,-0.230832,34.550898,31.670649,14.584936,3.491180,7.682047,1.050270,0.065740,,0.000000,,79.760257,89.709763,74.446027,0.540071,0.412972,0.127100,41.322082,54.546470,8.636979,2.121037,2.768699,1.392179,0.024289,1.926480,1.369863,147.000000,173.191489,43.201754,0.908996,0.943643
2025-10-28T05:45:00Z,1.131633,no_impulse,0,CANBK,1h,-1.000000,57.102273,3.050770,2.000000,1.525385,1.355900,1.788270,5.007966,5.644191,10.000000,172.972973,0.564419,7.000000,60.185851,59.943182,80.792926,0.000000,0.415481,0.159410,0.256071,25.792470,41.592081,10.215035,1.026780,1.391014,4.618035,0.764749,0.039186,3.159938,12.000000,173.191489,0.263328,4.000000,36.923821,12.776413,13.381898,0.000000,-0.264509,-0.136926,-0.127584,14.885630,21.546305,24.803593,-1.088298,-1.177731,2.215310,0.163869,0.032029,1.858442,0.000000,78.333333,0.000000,2.000000,48.219405,50.103093,59.243986,0.000000,0.176029,0.125097,0.050932,19.854903,29.047070,23.171122,-0.292186,0.056247,3.977590,0.423295,0.037981,2.317497,4.000000,61.855670,0.579374,2.000000,48.219405,50.103093,59.243986,1.000000,0.176029,0.125097,0.050932,19.854903,29.047070,23.171122,-0.292186,0.056247,3.977590,0.423295,0.037981,3.892456,6.000000,164.406780,0.648743,7.000000,62.812682,92.989691,92.643720,1.000000,0.179951,-0.008352,0.188303,23.641491,32.466117,19.402683,1.453858,1.776780,5.708553,0.871783,0.039682,2.312819,4.000000,149.746193,0.578205,4.000000,38.548321,11.732852,12.367369,0.000000,-0.196422,0.065223,-0.261646,25.021533,15.423459,31.040707,-1.289020,-1.093853,3.085354,0.134754,0.034843,1.568721,0.000000,43.201754,0.000000,2.000000,38.774701,8.552632,31.149640,0.000000,0.140044,0.248258,-0.108214,25.606452,24.346716,28.969164,-1.090150,-0.608908,3.787914,0.229609,0.039883,3.503919,7.000000,82.310469,0.500560,2.000000,38.774701,8.552632,31.149640,0.000000,0.140044,0.248258,-0.108214,25.606452,24.346716,28.969164,-1.090150,-0.608908,3.787914,0.229609,0.039883,4.446228,11.000000,138.500000,0.404203,1.000000,3.110420,17.000000,102.564103,0.182966,8.000000,3.127506,12.000000,101.298701,0.260626,1.000000,2.994944,2.000000,74.038462,1.497472,2.000000,4.215647,19.000000,169.381107,0.221876,1.000000,2.428413,0.000000,58.476190,0.000000,1.000000,4.332756,8.000000,157.657658,0.541594,1.000000,2.674699,0.000000,93.016760,0.000000,1.000000,2.960635,8.000000,107.185629,0.370079,1.000000,2.687912,0.000000,49.408284,0.000000,3.000000,5.753191,9.000000,95.886525,0.639243,3.000000,5.660377,18.000000,92.519685,0.314465,2.000000,2.000000,1.000000,2.000000,-1.000000,,,,65.224577,75.034868,58.886472,2.222735,2.453568,-0.230832,34.550898,31.670649,14.584936,3.491180,7.682047,1.050270,0.065740,,0.000000,,48.590225,13.184080,6.947515,0.140489,0.312084,-0.171594,32.418197,31.329748,24.506552,-0.230378,0.228256,0.407774,0.024922,0.958921,0.281690,,173.191489,43.201754,1.253083,1.251069
2025-10-29T03:45:00Z,1.155107,no_impulse,0,CANBK,1h,1.000000,65.920398,2.074364,5.000000,0.414873,0.440646,1.106501,4.433169,3.050770,2.000000,57.102273,1.525385,2.000000,61.252584,69.176136,58.333333,1.000000,0.449279,0.252061,0.197218,28.452854,38.064982,13.559125,1.355900,1.788270,5.007966,0.822404,0.042634,5.644191,10.000000,172.972973,0.564419,7.000000,60.185851,59.943182,80.792926,0.000000,0.415481,0.159410,0.256071,25.792470,41.592081,10.215035,1.026780,1.391014,4.618035,0.764749,0.039186,3.159938,12.000000,173.191489,0.263328,4.000000,36.923821,12.776413,13.381898,0.000000,-0.264509,-0.136926,-0.127584,14.885630,21.546305,24.803593,-1.088298,-1.177731,2.215310,0.163869,0.032029,1.858442,0.000000,78.333333,0.000000,2.000000,48.219405,50.103093,59.243986,0.000000,0.176029,0.125097,0.050932,19.854903,29.047070,23.171122,-0.292186,0.056247,3.977590,0.423295,0.037981,2.317497,4.000000,61.855670,0.579374,2.000000,48.219405,50.103093,59.243986,1.000000,0.176029,0.125097,0.050932,19.854903,29.047070,23.171122,-0.292186,0.056247,3.977590,0.423295,0.037981,3.892456,6.000000,164.406780,0.648743,7.000000,62.812682,92.989691,92.643720,1.000000,0.179951,-0.008352,0.188303,23.641491,32.466117,19.402683,1.453858,1.776780,5.708553,0.871783,0.039682,2.312819,4.000000,149.746193,0.578205,4.000000,38.548321,11.732852,12.367369,0.000000,-0.196422,0.065223,-0.261646,25.021533,15.423459,31.040707,-1.289020,-1.093853,3.085354,0.134754,0.034843,1.568721,0.000000,43.201754,0.000000,2.000000,38.774701,8.552632,31.149640,0.000000,0.140044,0.248258,-0.108214,25.606452,24.346716,28.969164,-1.090150,-0.608908,3.787914,0.229609,0.039883,3.503919,7.000000,82.310469,0.500560,2.000000,4.446228,11.000000,138.500000,0.404203,1.000000,3.110420,17.000000,102.564103,0.182966,8.000000,3.127506,12.000000,101.298701,0.260626,1.000000,2.994944,2.000000,74.038462,1.497472,2.000000,4.215647,19.000000,169.381107,0.221876,1.000000,2.428413,0.000000,58.476190,0.000000,1.000000,4.332756,8.000000,157.657658,0.541594,1.000000,2.674699,0.000000,93.016760,0.000000,1.000000,2.960635,8.000000,107.185629,0.370079,1.000000,2.687912,0.000000,49.408284,0.000000,3.000000,5.753191,9.000000,95.886525,0.639243,3.000000,3.000000,1.000000,7.000000,-1.000000,,,,61.468210,58.158996,71.654272,2.184127,2.418124,-0.233997,34.721379,30.024490,13.826849,2.338199,6.547334,0.966781,0.051291,,0.000000,,55.225134,59.146341,82.445270,0.245536,0.261053,-0.015517,27.042131,25.840229,30.460492,0.191850,0.716757,0.589619,0.021448,0.653241,0.892857,,173.191489,43.201754,1.253601,1.469301
2025-10-30T03:45:00Z,1.132075,no_impulse,0,CANBK,1h,-1.000000,98.113208,1.993865,7.000000,0.284838,-0.301723,0.248549,3.522565,2.074364,5.000000,65.920398,0.414873,3.000000,55.929795,38.151659,60.700913,1.000000,0.583268,0.474269,0.109000,31.653250,31.400832,21.396173,0.440646,1.106501,4.433169,0.591321,0.048466,3.050770,2.000000,57.102273,1.525385,2.000000,61.252584,69.176136,58.333333,1.000000,0.449279,0.252061,0.197218,28.452854,38.064982,13.559125,1.355900,1.788270,5.007966,0.822404,0.042634,5.644191,10.000000,172.972973,0.564419,7.000000,60.185851,59.943182,80.792926,0.000000,0.415481,0.159410,0.256071,25.792470,41.592081,10.215035,1.026780,1.391014,4.618035,0.764749,0.039186,3.159938,12.000000,173.191489,0.263328,4.000000,36.923821,12.776413,13.381898,0.000000,-0.264509,-0.136926,-0.127584,14.885630,21.546305,24.803593,-1.088298,-1.177731,2.215310,0.163869,0.032029,1.858442,0.000000,78.333333,0.000000,2.000000,48.219405,50.103093,59.243986,0.000000,0.176029,0.125097,0.050932,19.854903,29.047070,23.171122,-0.292186,0.056247,3.977590,0.423295,0.037981,2.317497,4.000000,61.855670,0.579374,2.000000,48.219405,50.103093,59.243986,1.000000,0.176029,0.125097,0.050932,19.854903,29.047070,23.171122,-0.292186,0.056247,3.977590,0.423295,0.037981,3.892456,6.000000,164.406780,0.648743,7.000000,62.812682,92.989691,92.643720,1.000000,0.179951,-0.008352,0.188303,23.641491,32.466117,19.402683,1.453858,1.776780,5.708553,0.871783,0.039682,2.312819,4.000000,149.746193,0.578205,4.000000,38.548321,11.732852,12.367369,0.000000,-0.196422,0.065223,-0.261646,25.021533,15.423459,31.040707,-1.289020,-1.093853,3.085354,0.134754,0.034843,1.568721,0.000000,43.201754,0.000000,2.000000,3.503919,7.000000,82.310469,0.500560,2.000000,4.446228,11.000000,138.500000,0.404203,1.000000,3.110420,17.000000,102.564103,0.182966,8.000000,3.127506,12.000000,101.298701,0.260626,1.000000,2.994944,2.000000,74.038462,1.497472,2.000000,4.215647,19.000000,169.381107,0.221876,1.000000,2.428413,0.000000,58.476190,0.000000,1.000000,4.332756,8.000000,157.657658,0.541594,1.000000,2.674699,0.000000,93.016760,0.000000,1.000000,2.960635,8.000000,107.185629,0.370079,1.000000,2.687912,0.000000,49.408284,0.000000,3.000000,2.000000,1.000000,14.000000,-1.000000,,,,68.186577,85.906736,73.033533,2.294444,2.333412,-0.038968,35.733916,34.376508,11.798404,4.854967,9.074276,1.333353,0.061231,,0.000000,,44.372747,23.636364,28.417508,-0.069629,-0.043072,-0.026556,13.178537,25.698076,17.692638,-0.187304,-0.123498,0.225323,0.006806,0.678575,1.400000,,173.191489,43.201754,1.210088,1.468035
2025-10-31T03:45:00Z,1.205333,no_impulse,0,CANBK,1h,1.000000,318.076923,6.471049,7.000000,0.924436,3.741128,4.934505,8.404649,1.993865,7.000000,98.113208,0.284838,2.000000,48.564398,21.509434,24.665665,0.000000,0.273175,0.395673,-0.122498,22.661196,19.778724,23.835235,-0.301723,0.248549,3.522565,0.355156,0.020768,2.074364,5.000000,65.920398,0.414873,3.000000,55.929795,38.151659,60.700913,1.000000,0.583268,0.474269,0.109000,31.653250,31.400832,21.396173,0.440646,1.106501,4.433169,0.591321,0.048466,3.050770,2.000000,57.102273,1.525385,2.000000,61.252584,69.176136,58.333333,1.000000,0.449279,0.252061,0.197218,28.452854,38.064982,13.559125,1.355900,1.788270,5.007966,0.822404,0.042634,5.644191,10.000000,172.972973,0.564419,7.000000,60.185851,59.943182,80.792926,0.000000,0.415481,0.159410,0.256071,25.792470,41.592081,10.215035,1.026780,1.391014,4.618035,0.764749,0.039186,3.159938,12.000000,173.191489,0.263328,4.000000,36.923821,12.776413,13.381898,0.000000,-0.264509,-0.136926,-0.127584,14.885630,21.546305,24.803593,-1.088298,-1.177731,2.215310,0.163869,0.032029,1.858442,0.000000,78.333333,0.000000,2.000000,48.219405,50.103093,59.243986,0.000000,0.176029,0.125097,0.050932,19.854903,29.047070,23.171122,-0.292186,0.056247,3.977590,0.423295,0.037981,2.317497,4.000000,61.855670,0.579374,2.000000,48.219405,50.103093,59.243986,1.000000,0.176029,0.125097,0.050932,19.854903,29.047070,23.171122,-0.292186,0.056247,3.977590,0.423295,0.037981,3.892456,6.000000,164.406780,0.648743,7.000000,62.812682,92.989691,92.643720,1.000000,0.179951,-0.008352,0.188303,23.641491,32.466117,19.402683,1.453858,1.776780,5.708553,0.871783,0.039682,2.312819,4.000000,149.746193,0.578205,4.000000,1.568721,0.000000,43.201754,0.000000,2.000000,3.503919,7.000000,82.310469,0.500560,2.000000,4.446228,11.000000,138.500000,0.404203,1.000000,3.110420,17.000000,102.564103,0.182966,8.000000,3.127506,12.000000,101.298701,0.260626,1.000000,2.994944,2.000000,74.038462,1.497472,2.000000,4.215647,19.000000,169.381107,0.221876,1.000000,2.428413,0.000000,58.476190,0.000000,1.000000,4.332756,8.000000,157.657658,0.541594,1.000000,2.674699,0.000000,93.016760,0.000000,1.000000,2.960635,8.000000,107.185629,0.370079,1.000000,1.000000,2.000000,21.000000,-1.000000,,,,73.195298,88.500000,77.521911,2.574469,2.325754,0.248715,37.358508,38.121676,9.988001,6.969002,11.333037,1.377299,0.085388,,0.000000,,76.297771,97.428571,83.140546,0.879266,0.751083,0.128183,34.948893,37.715124,10.643261,2.391460,3.458354,0.884224,0.063766,2.321614,1.400000,21.000000,173.191489,43.201754,1.225781,0.667663
2025-10-31T03:45:00Z,1.162193,no_impulse,0,CANBK,1h,-1.000000,58.887545,3.579040,0.000000,0.000000,3.741128,4.934505,8.404649,6.471049,7.000000,318.076923,0.924436,1.000000,73.931254,96.614268,84.556177,1.000000,1.061730,0.658585,0.403144,28.772703,37.974000,9.818032,3.741128,4.934505,8.404649,1.119880,0.062698,1.993865,7.000000,98.113208,0.284838,2.000000,48.564398,21.509434,24.665665,0.000000,0.273175,0.395673,-0.122498,22.661196,19.778724,23.835235,-0.301723,0.248549,3.522565,0.355156,0.020768,2.074364,5.000000,65.920398,0.414873,3.000000,55.929795,38.151659,60.700913,1.000000,0.583268,0.474269,0.109000,31.653250,31.400832,21.396173,0.440646,1.106501,4.433169,0.591321,0.048466,3.050770,2.000000,57.102273,1.525385,2.000000,61.252584,69.176136,58.333333,1.000000,0.449279,0.252061,0.197218,28.452854,38.064982,13.559125,1.355900,1.788270,5.007966,0.822404,0.042634,5.644191,10.000000,172.972973,0.564419,7.000000,60.185851,59.943182,80.792926,0.000000,0.415481,0.159410,0.256071,25.792470,41.592081,10.215035,1.026780,1.391014,4.618035,0.764749,0.039186,3.159938,12.000000,173.191489,0.263328,4.000000,36.923821,12.776413,13.381898,0.000000,-0.264509,-0.136926,-0.127584,14.885630,21.546305,24.803593,-1.088298,-1.177731,2.215310,0.163869,0.032029,1.858442,0.000000,78.333333,0.000000,2.000000,48.219405,50.103093,59.243986,0.000000,0.176029,0.125097,0.050932,19.854903,29.047070,23.171122,-0.292186,0.056247,3.977590,0.423295,0.037981,2.317497,4.000000,61.855670,0.579374,2.000000,48.219405,50.103093,59.243986,1.000000,0.176029,0.125097,0.050932,19.854903,29.047070,23.171122,-0.292186,0.056247,3.977590,0.423295,0.037981,3.892456,6.000000,164.406780,0.648743,7.000000,2.312819,4.000000,149.746193,0.578205,4.000000,1.568721,0.000000,43.201754,0.000000,2.000000,3.503919,7.000000,82.310469,0.500560,2.000000,4.446228,11.000000,138.500000,0.404203,1.000000,3.110420,17.000000,102.564103,0.182966,8.000000,3.127506,12.000000,101.298701,0.260626,1.000000,2.994944,2.000000,74.038462,1.497472,2.000000,4.215647,19.000000,169.381107,0.221876,1.000000,2.428413,0.000000,58.476190,0.000000,1.000000,4.332756,8.000000,157.657658,0.541594,1.000000,2.674699,0.000000,93.016760,0.000000,1.000000,1.000000,3.000000,21.000000,-1.000000,,,,73.195298,88.500000,77.521911,2.574469,2.325754,0.248715,37.358508,38.121676,9.988001,6.969002,11.333037,1.377299,0.085388,,0.000000,,76.297771,97.428571,83.140546,0.879266,0.751083,0.128183,34.948893,37.715124,10.643261,2.391460,3.458354,0.884224,0.063766,1.091990,0.000000,,318.076923,57.102273,1.605704,0.889023
2025-11-03T03:45:00Z,1.252990,no_impulse,0,CANBK,1h,1.000000,210.472279,7.812500,7.000000,1.116071,4.554444,6.763345,10.974385,3.579040,0.000000,58.887545,0.000000,1.000000,73.931254,96.614268,84.556177,0.000000,1.061730,0.658585,0.403144,28.772703,37.974000,9.818032,3.741128,4.934505,8.404649,1.119880,0.062698,6.471049,7.000000,318.076923,0.924436,1.000000,73.931254,96.614268,84.556177,1.000000,1.061730,0.658585,0.403144,28.772703,37.974000,9.818032,3.741128,4.934505,8.404649,1.119880,0.062698,1.993865,7.000000,98.113208,0.284838,2.000000,48.564398,21.509434,24.665665,0.000000,0.273175,0.395673,-0.122498,22.661196,19.778724,23.835235,-0.301723,0.248549,3.522565,0.355156,0.020768,2.074364,5.000000,65.920398,0.414873,3.000000,55.929795,38.151659,60.700913,1.000000,0.583268,0.474269,0.109000,31.653250,31.400832,21.396173,0.440646,1.106501,4.433169,0.591321,0.048466,3.050770,2.000000,57.102273,1.525385,2.000000,61.252584,69.176136,58.333333,1.000000,0.449279,0.252061,0.197218,28.452854,38.064982,13.559125,1.355900,1.788270,5.007966,0.822404,0.042634,5.644191,10.000000,172.972973,0.564419,7.000000,60.185851,59.943182,80.792926,0.000000,0.415481,0.159410,0.256071,25.792470,41.592081,10.215035,1.026780,1.391014,4.618035,0.764749,0.039186,3.159938,12.000000,173.191489,0.263328,4.000000,36.923821,12.776413,13.381898,0.000000,-0.264509,-0.136926,-0.127584,14.885630,21.546305,24.803593,-1.088298,-1.177731,2.215310,0.163869,0.032029,1.858442,0.000000,78.333333,0.000000,2.000000,48.219405,50.103093,59.243986,0.000000,0.176029,0.125097,0.050932,19.854903,29.047070,23.171122,-0.292186,0.056247,3.977590,0.423295,0.037981,2.317497,4.000000,61.855670,0.579374,2.000000,3.892456,6.000000,164.406780,0.648743,7.000000,2.312819,4.000000,149.746193,0.578205,4.000000,1.568721,0.000000,43.201754,0.000000,2.000000,3.503919,7.000000,82.310469,0.500560,2.000000,4.446228,11.000000,138.500000,0.404203,1.000000,3.110420,17.000000,102.564103,0.182966,8.000000,3.127506,12.000000,101.298701,0.260626,1.000000,2.994944,2.000000,74.038462,1.497472,2.000000,4.215647,19.000000,169.381107,0.221876,1.000000,2.428413,0.000000,58.476190,0.000000,1.000000,4.332756,8.000000,157.657658,0.541594,1.000000,1.000000,4.000000,28.000000,-1.000000,,,,75.806587,89.020772,87.809169,2.914776,2.408772,0.506004,39.213563,40.456661,9.083341,7.878970,12.481336,1.247903,0.114358,,0.000000,,71.443502,69.690722,28.349288,0.772114,0.887001,-0.114888,47.052803,48.989677,12.786044,1.969631,3.626195,1.138217,0.031482,2.294985,1.320755,,318.076923,57.102273,1.570720,1.118357
2025-11-03T03:45:00Z,1.216228,no_impulse,0,CANBK,1h,-1.000000,40.487805,2.933899,0.000000,0.000000,4.554444,6.763345,10.974385,7.812500,7.000000,210.472279,1.116071,1.000000,75.602901,94.444444,87.438272,0.000000,1.875156,1.447623,0.427533,42.729667,46.185444,8.598751,4.554444,6.763345,10.974385,0.906330,0.117436,3.579040,0.000000,58.887545,0.000000,1.000000,73.931254,96.614268,84.556177,0.000000,1.061730,0.658585,0.403144,28.772703,37.974000,9.818032,3.741128,4.934505,8.404649,1.119880,0.062698,6.471049,7.000000,318.076923,0.924436,1.000000,73.931254,96.614268,84.556177,1.000000,1.061730,0.658585,0.403144,28.772703,37.974000,9.818032,3.741128,4.934505,8.404649,1.119880,0.062698,1.993865,7.000000,98.113208,0.284838,2.000000,48.564398,21.509434,24.665665,0.000000,0.273175,0.395673,-0.122498,22.661196,19.778724,23.835235,-0.301723,0.248549,3.522565,0.355156,0.020768,2.074364,5.000000,65.920398,0.414873,3.000000,55.929795,38.151659,60.700913,1.000000,0.583268,0.474269,0.109000,31.653250,31.400832,21.396173,0.440646,1.106501,4.433169,0.591321,0.048466,3.050770,2.000000,57.102273,1.525385,2.000000,61.252584,69.176136,58.333333,1.000000,0.449279,0.252061,0.197218,28.452854,38.064982,13.559125,1.355900,1.788270,5.007966,0.822404,0.042634,5.644191,10.000000,172.972973,0.564419,7.000000,60.185851,59.943182,80.792926,0.000000,0.415481,0.159410,0.256071,25.792470,41.592081,10.215035,1.026780,1.391014,4.618035,0.764749,0.039186,3.159938,12.000000,173.191489,0.263328,4.000000,36.923821,12.776413,13.381898,0.000000,-0.264509,-0.136926,-0.127584,14.885630,21.546305,24.803593,-1.088298,-1.177731,2.215310,0.163869,0.032029,1.858442,0.000000,78.333333,0.000000,2.000000,2.317497,4.000000,61.855670,0.579374,2.000000,3.892456,6.000000,164.406780,0.648743,7.000000,2.312819,4.000000,149.746193,0.578205,4.000000,1.568721,0.000000,43.201754,0.000000,2.000000,3.503919,7.000000,82.310469,0.500560,2.000000,4.446228,11.000000,138.500000,0.404203,1.000000,3.110420,17.000000,102.564103,0.182966,8.000000,3.127506,12.000000,101.298701,0.260626,1.000000,2.994944,2.000000,74.038462,1.497472,2.000000,4.215647,19.000000,169.381107,0.221876,1.000000,2.428413,0.000000,58.476190,0.000000,1.000000,1.000000,5.000000,28.000000,-1.000000,,,,75.806587,89.020772,87.809169,2.914776,2.408772,0.506004,39.213563,40.456661,9.083341,7.878970,12.481336,1.247903,0.114358,,0.000000,,71.443502,69.690722,28.349288,0.772114,0.887001,-0.114888,47.052803,48.989677,12.786044,1.969631,3.626195,1.138217,0.031482,0.772859,0.000000,0.000000,318.076923,57.102273,2.104567,2.509143
2025-11-06T03:45:00Z,1.246789,no_impulse,0,CANBK,1h,1.000000,83.132530,2.512746,14.000000,0.179482,0.814127,3.322542,8.842169,2.933899,0.000000,40.487805,0.000000,1.000000,75.602901,94.444444,87.438272,0.000000,1.875156,1.447623,0.427533,42.729667,46.185444,8.598751,4.554444,6.763345,10.974385,0.906330,0.117436,7.812500,7.000000,210.472279,1.116071,1.000000,75.602901,94.444444,87.438272,0.000000,1.875156,1.447623,0.427533,42.729667,46.185444,8.598751,4.554444,6.763345,10.974385,0.906330,0.117436,3.579040,0.000000,58.887545,0.000000,1.000000,73.931254,96.614268,84.556177,0.000000,1.061730,0.658585,0.403144,28.772703,37.974000,9.818032,3.741128,4.934505,8.404649,1.119880,0.062698,6.471049,7.000000,318.076923,0.924436,1.000000,73.931254,96.614268,84.556177,1.000000,1.061730,0.658585,0.403144,28.772703,37.974000,9.818032,3.741128,4.934505,8.404649,1.119880,0.062698,1.993865,7.000000,98.113208,0.284838,2.000000,48.564398,21.509434,24.665665,0.000000,0.273175,0.395673,-0.122498,22.661196,19.778724,23.835235,-0.301723,0.248549,3.522565,0.355156,0.020768,2.074364,5.000000,65.920398,0.414873,3.000000,55.929795,38.151659,60.700913,1.000000,0.583268,0.474269,0.109000,31.653250,31.400832,21.396173,0.440646,1.106501,4.433169,0.591321,0.048466,3.050770,2.000000,57.102273,1.525385,2.000000,61.252584,69.176136,58.333333,1.000000,0.449279,0.252061,0.197218,28.452854,38.064982,13.559125,1.355900,1.788270,5.007966,0.822404,0.042634,5.644191,10.000000,172.972973,0.564419,7.000000,60.185851,59.943182,80.792926,0.000000,0.415481,0.159410,0.256071,25.792470,41.592081,10.215035,1.026780,1.391014,4.618035,0.764749,0.039186,3.159938,12.000000,173.191489,0.263328,4.000000,1.858442,0.000000,78.333333,0.000000,2.000000,2.317497,4.000000,61.855670,0.579374,2.000000,3.892456,6.000000,164.406780,0.648743,7.000000,2.312819,4.000000,149.746193,0.578205,4.000000,1.568721,0.000000,43.201754,0.000000,2.000000,3.503919,7.000000,82.310469,0.500560,2.000000,4.446228,11.000000,138.500000,0.404203,1.000000,3.110420,17.000000,102.564103,0.182966,8.000000,3.127506,12.000000,101.298701,0.260626,1.000000,2.994944,2.000000,74.038462,1.497472,2.000000,4.215647,19.000000,169.381107,0.221876,1.000000,3.000000,1.000000,42.000000,-1.000000,,,,74.643355,86.884273,88.308605,3.350068,2.726674,0.623394,42.543075,37.184842,8.319690,6.232431,11.302984,0.947207,0.148627,,0.000000,,57.791559,81.730769,68.807376,0.056893,0.027727,0.029166,15.193021,27.794870,17.065571,0.396743,0.814448,0.795344,0.013487,0.651341,2.800000,14.000000,318.076923,40.487805,2.065103,1.359243
2025-11-07T03:45:00Z,1.209762,no_impulse,0,CANBK,1h,-1.000000,121.159420,2.969805,7.000000,0.424258,-1.350851,0.679778,6.466650,2.512746,14.000000,83.132530,0.179482,3.000000,63.660738,35.294118,50.191402,1.000000,1.238467,1.519982,-0.281516,43.963728,34.433517,12.779331,0.814127,3.322542,8.842169,0.753248,0.032411,2.933899,0.000000,40.487805,0.000000,1.000000,75.602901,94.444444,87.438272,0.000000,1.875156,1.447623,0.427533,42.729667,46.185444,8.598751,4.554444,6.763345,10.974385,0.906330,0.117436,7.812500,7.000000,210.472279,1.116071,1.000000,75.602901,94.444444,87.438272,0.000000,1.875156,1.447623,0.427533,42.729667,46.185444,8.598751,4.554444,6.763345,10.974385,0.906330,0.117436,3.579040,0.000000,58.887545,0.000000,1.000000,73.931254,96.614268,84.556177,0.000000,1.061730,0.658585,0.403144,28.772703,37.974000,9.818032,3.741128,4.934505,8.404649,1.119880,0.062698,6.471049,7.000000,318.076923,0.924436,1.000000,73.931254,96.614268,84.556177,1.000000,1.061730,0.658585,0.403144,28.772703,37.974000,9.818032,3.741128,4.934505,8.404649,1.119880,0.062698,1.993865,7.000000,98.113208,0.284838,2.000000,48.564398,21.509434,24.665665,0.000000,0.273175,0.395673,-0.122498,22.661196,19.778724,23.835235,-0.301723,0.248549,3.522565,0.355156,0.020768,2.074364,5.000000,65.920398,0.414873,3.000000,55.929795,38.151659,60.700913,1.000000,0.583268,0.474269,0.109000,31.653250,31.400832,21.396173,0.440646,1.106501,4.433169,0.591321,0.048466,3.050770,2.000000,57.102273,1.525385,2.000000,61.252584,69.176136,58.333333,1.000000,0.449279,0.252061,0.197218,28.452854,38.064982,13.559125,1.355900,1.788270,5.007966,0.822404,0.042634,5.644191,10.000000,172.972973,0.564419,7.000000,3.159938,12.000000,173.191489,0.263328,4.000000,1.858442,0.000000,78.333333,0.000000,2.000000,2.317497,4.000000,61.855670,0.579374,2.000000,3.892456,6.000000,164.406780,0.648743,7.000000,2.312819,4.000000,149.746193,0.578205,4.000000,1.568721,0.000000,43.201754,0.000000,2.000000,3.503919,7.000000,82.310469,0.500560,2.000000,4.446228,11.000000,138.500000,0.404203,1.000000,3.110420,17.000000,102.564103,0.182966,8.000000,3.127506,12.000000,101.298701,0.260626,1.000000,2.994944,2.000000,74.038462,1.497472,2.000000,4.000000,2.000000,49.000000,-1.000000,,,,76.205274,95.370920,90.425321,3.480248,2.855214,0.625034,42.822844,33.426285,12.219380,6.501291,11.726032,0.930864,0.161382,,0.000000,,25.796184,3.741497,6.375371,-0.177096,-0.050907,-0.126189,13.125369,13.539169,39.719821,-1.481553,-1.466672,-0.394396,0.016323,0.756978,1.093750,,318.076923,40.487805,2.004184,1.100896
2025-11-10T03:45:00Z,1.263177,no_impulse,0,CANBK,1h,1.000000,144.258373,4.415318,7.000000,0.630760,0.831897,2.661715,8.475418,2.969805,7.000000,121.159420,0.424258,4.000000,42.177959,6.220096,21.164274,0.000000,0.607183,1.016640,-0.409457,39.117251,22.453470,26.263016,-1.350851,0.679778,6.466650,-0.140011,0.020825,2.512746,14.000000,83.132530,0.179482,3.000000,63.660738,35.294118,50.191402,1.000000,1.238467,1.519982,-0.281516,43.963728,34.433517,12.779331,0.814127,3.322542,8.842169,0.753248,0.032411,2.933899,0.000000,40.487805,0.000000,1.000000,75.602901,94.444444,87.438272,0.000000,1.875156,1.447623,0.427533,42.729667,46.185444,8.598751,4.554444,6.763345,10.974385,0.906330,0.117436,7.812500,7.000000,210.472279,1.116071,1.000000,75.602901,94.444444,87.438272,0.000000,1.875156,1.447623,0.427533,42.729667,46.185444,8.598751,4.554444,6.763345,10.974385,0.906330,0.117436,3.579040,0.000000,58.887545,0.000000,1.000000,73.931254,96.614268,84.556177,0.000000,1.061730,0.658585,0.403144,28.772703,37.974000,9.818032,3.741128,4.934505,8.404649,1.119880,0.062698,6.471049,7.000000,318.076923,0.924436,1.000000,73.931254,96.614268,84.556177,1.000000,1.061730,0.658585,0.403144,28.772703,37.974000,9.818032,3.741128,4.934505,8.404649,1.119880,0.062698,1.993865,7.000000,98.113208,0.284838,2.000000,48.564398,21.509434,24.665665,0.000000,0.273175,0.395673,-0.122498,22.661196,19.778724,23.835235,-0.301723,0.248549,3.522565,0.355156,0.020768,2.074364,5.000000,65.920398,0.414873,3.000000,55.929795,38.151659,60.700913,1.000000,0.583268,0.474269,0.109000,31.653250,31.400832,21.396173,0.440646,1.106501,4.433169,0.591321,0.048466,3.050770,2.000000,57.102273,1.525385,2.000000,5.644191,10.000000,172.972973,0.564419,7.000000,3.159938,12.000000,173.191489,0.263328,4.000000,1.858442,0.000000,78.333333,0.000000,2.000000,2.317497,4.000000,61.855670,0.579374,2.000000,3.892456,6.000000,164.406780,0.648743,7.000000,2.312819,4.000000,149.746193,0.578205,4.000000,1.568721,0.000000,43.201754,0.000000,2.000000,3.503919,7.000000,82.310469,0.500560,2.000000,4.446228,11.000000,138.500000,0.404203,1.000000,3.110420,17.000000,102.564103,0.182966,8.000000,3.127506,12.000000,101.298701,0.260626,1.000000,7.000000,3.000000,56.000000,-1.000000,,,,76.606793,91.270285,91.175159,3.580825,2.994344,0.586481,43.294440,34.035844,11.519852,6.104042,11.488681,0.879689,0.171215,,0.000000,,66.101277,78.260870,68.495333,0.386593,0.323925,0.062668,20.906587,37.728004,18.147800,1.003527,1.445440,0.958839,0.022093,1.130908,1.186441,28.000000,318.076923,40.487805,2.013112,0.471177
2025-11-11T03:45:00Z,1.221986,no_impulse,0,CANBK,1h,-1.000000,77.114428,3.260870,7.000000,0.465839,-1.289999,0.226622,6.165190,4.415318,7.000000,144.258373,0.630760,7.000000,61.021185,69.320066,80.200353,0.000000,0.657780,0.708690,-0.050910,30.766565,32.852392,15.943434,0.831897,2.661715,8.475418,0.842869,0.024466,2.969805,7.000000,121.159420,0.424258,4.000000,42.177959,6.220096,21.164274,0.000000,0.607183,1.016640,-0.409457,39.117251,22.453470,26.263016,-1.350851,0.679778,6.466650,-0.140011,0.020825,2.512746,14.000000,83.132530,0.179482,3.000000,63.660738,35.294118,50.191402,1.000000,1.238467,1.519982,-0.281516,43.963728,34.433517,12.779331,0.814127,3.322542,8.842169,0.753248,0.032411,2.933899,0.000000,40.487805,0.000000,1.000000,75.602901,94.444444,87.438272,0.000000,1.875156,1.447623,0.427533,42.729667,46.185444,8.598751,4.554444,6.763345,10.974385,0.906330,0.117436,7.812500,7.000000,210.472279,1.116071,1.000000,75.602901,94.444444,87.438272,0.000000,1.875156,1.447623,0.427533,42.729667,46.185444,8.598751,4.554444,6.763345,10.974385,0.906330,0.117436,3.579040,0.000000,58.887545,0.000000,1.000000,73.931254,96.614268,84.556177,0.000000,1.061730,0.658585,0.403144,28.772703,37.974000,9.818032,3.741128,4.934505,8.404649,1.119880,0.062698,6.471049,7.000000,318.076923,0.924436,1.000000,73.931254,96.614268,84.556177,1.000000,1.061730,0.658585,0.403144,28.772703,37.974000,9.818032,3.741128,4.934505,8.404649,1.119880,0.062698,1.993865,7.000000,98.113208,0.284838,2.000000,48.564398,21.509434,24.665665,0.000000,0.273175,0.395673,-0.122498,22.661196,19.778724,23.835235,-0.301723,0.248549,3.522565,0.355156,0.020768,2.074364,5.000000,65.920398,0.414873,3.000000,3.050770,2.000000,57.102273,1.525385,2.000000,5.644191,10.000000,172.972973,0.564419,7.000000,3.159938,12.000000,173.191489,0.263328,4.000000,1.858442,0.000000,78.333333,0.000000,2.000000,2.317497,4.000000,61.855670,0.579374,2.000000,3.892456,6.000000,164.406780,0.648743,7.000000,2.312819,4.000000,149.746193,0.578205,4.000000,1.568721,0.000000,43.201754,0.000000,2.000000,3.503919,7.000000,82.310469,0.500560,2.000000,4.446228,11.000000,138.500000,0.404203,1.000000,3.110420,17.000000,102.564103,0.182966,8.000000,2.000000,1.000000,7.000000,-1.000000,,,,75.972465,90.318970,92.320059,3.620720,3.122510,0.498210,42.782041,31.557096,14.809196,5.420184,10.935519,0.820431,0.178847,,0.000000,,40.565278,12.790698,59.804127,0.035244,0.079097,-0.043853,14.672633,18.057581,27.971031,-0.633526,-0.435267,-0.155013,0.009611,0.862359,1.250000,35.000000,318.076923,40.487805,1.930926,0.690930
2025-11-12T03:45:00Z,1.280361,no_impulse,0,CANBK,1h,1.000000,141.720430,4.777093,7.000000,0.682442,2.459965,3.791933,9.483588,3.260870,7.000000,77.114428,0.465839,2.000000,41.788436,22.318339,57.080132,0.000000,0.382272,0.569368,-0.187096,27.773688,22.396899,28.516752,-1.289999,0.226622,6.165190,0.068577,0.029520,4.415318,7.000000,144.258373,0.630760,7.000000,61.021185,69.320066,80.200353,0.000000,0.657780,0.708690,-0.050910,30.766565,32.852392,15.943434,0.831897,2.661715,8.475418,0.842869,0.024466,2.969805,7.000000,121.159420,0.424258,4.000000,42.177959,6.220096,21.164274,0.000000,0.607183,1.016640,-0.409457,39.117251,22.453470,26.263016,-1.350851,0.679778,6.466650,-0.140011,0.020825,2.512746,14.000000,83.132530,0.179482,3.000000,63.660738,35.294118,50.191402,1.000000,1.238467,1.519982,-0.281516,43.963728,34.433517,12.779331,0.814127,3.322542,8.842169,0.753248,0.032411,2.933899,0.000000,40.487805,0.000000,1.000000,75.602901,94.444444,87.438272,0.000000,1.875156,1.447623,0.427533,42.729667,46.185444,8.598751,4.554444,6.763345,10.974385,0.906330,0.117436,7.812500,7.000000,210.472279,1.116071,1.000000,75.602901,94.444444,87.438272,0.000000,1.875156,1.447623,0.427533,42.729667,46.185444,8.598751,4.554444,6.763345,10.974385,0.906330,0.117436,3.579040,0.000000,58.887545,0.000000,1.000000,73.931254,96.614268,84.556177,0.000000,1.061730,0.658585,0.403144,28.772703,37.974000,9.818032,3.741128,4.934505,8.404649,1.119880,0.062698,6.471049,7.000000,318.076923,0.924436,1.000000,73.931254,96.614268,84.556177,1.000000,1.061730,0.658585,0.403144,28.772703,37.974000,9.818032,3.741128,4.934505,8.404649,1.119880,0.062698,1.993865,7.000000,98.113208,0.284838,2.000000,2.074364,5.000000,65.920398,0.414873,3.000000,3.050770,2.000000,57.102273,1.525385,2.000000,5.644191,10.000000,172.972973,0.564419,7.000000,3.159938,12.000000,173.191489,0.263328,4.000000,1.858442,0.000000,78.333333,0.000000,2.000000,2.317497,4.000000,61.855670,0.579374,2.000000,3.892456,6.000000,164.406780,0.648743,7.000000,2.312819,4.000000,149.746193,0.578205,4.000000,1.568721,0.000000,43.201754,0.000000,2.000000,3.503919,7.000000,82.310469,0.500560,2.000000,4.446228,11.000000,138.500000,0.404203,1.000000,1.000000,2.000000,14.000000,-1.000000,,,,78.953255,95.103483,92.230913,3.689510,3.188932,0.500578,42.918197,35.747744,13.665736,6.513261,12.115951,0.866753,0.189966,,0.000000,,70.816975,90.490798,75.380530,0.271424,0.143327,0.128098,24.031863,41.869257,11.625578,1.364473,1.585645,1.067073,0.024395,1.256354,1.147541,42.000000,318.076923,40.487805,1.923221,0.802917
2025-11-12T03:45:00Z,1.252281,no_impulse,0,CANBK,1h,-1.000000,48.103187,2.193165,0.000000,0.000000,2.459965,3.791933,9.483588,4.777093,7.000000,141.720430,0.682442,1.000000,69.283588,91.957511,71.799457,1.000000,0.491876,0.379403,0.112473,23.119598,41.410214,16.344825,2.459965,3.791933,9.483588,1.317261,0.030859,3.260870,7.000000,77.114428,0.465839,2.000000,41.788436,22.318339,57.080132,0.000000,0.382272,0.569368,-0.187096,27.773688,22.396899,28.516752,-1.289999,0.226622,6.165190,0.068577,0.029520,4.415318,7.000000,144.258373,0.630760,7.000000,61.021185,69.320066,80.200353,0.000000,0.657780,0.708690,-0.050910,30.766565,32.852392,15.943434,0.831897,2.661715,8.475418,0.842869,0.024466,2.969805,7.000000,121.159420,0.424258,4.000000,42.177959,6.220096,21.164274,0.000000,0.607183,1.016640,-0.409457,39.117251,22.453470,26.263016,-1.350851,0.679778,6.466650,-0.140011,0.020825,2.512746,14.000000,83.132530,0.179482,3.000000,63.660738,35.294118,50.191402,1.000000,1.238467,1.519982,-0.281516,43.963728,34.433517,12.779331,0.814127,3.322542,8.842169,0.753248,0.032411,2.933899,0.000000,40.487805,0.000000,1.000000,75.602901,94.444444,87.438272,0.000000,1.875156,1.447623,0.427533,42.729667,46.185444,8.598751,4.554444,6.763345,10.974385,0.906330,0.117436,7.812500,7.000000,210.472279,1.116071,1.000000,75.602901,94.444444,87.438272,0.000000,1.875156,1.447623,0.427533,42.729667,46.185444,8.598751,4.554444,6.763345,10.974385,0.906330,0.117436,3.579040,0.000000,58.887545,0.000000,1.000000,73.931254,96.614268,84.556177,0.000000,1.061730,0.658585,0.403144,28.772703,37.974000,9.818032,3.741128,4.934505,8.404649,1.119880,0.062698,6.471049,7.000000,318.076923,0.924436,1.000000,1.993865,7.000000,98.113208,0.284838,2.000000,2.074364,5.000000,65.920398,0.414873,3.000000,3.050770,2.000000,57.102273,1.525385,2.000000,5.644191,10.000000,172.972973,0.564419,7.000000,3.159938,12.000000,173.191489,0.263328,4.000000,1.858442,0.000000,78.333333,0.000000,2.000000,2.317497,4.000000,61.855670,0.579374,2.000000,3.892456,6.000000,164.406780,0.648743,7.000000,2.312819,4.000000,149.746193,0.578205,4.000000,1.568721,0.000000,43.201754,0.000000,2.000000,3.503919,7.000000,82.310469,0.500560,2.000000,1.000000,3.000000,14.000000,-1.000000,,,,78.953255,95.103483,92.230913,3.689510,3.188932,0.500578,42.918197,35.747744,13.665736,6.513261,12.115951,0.866753,0.189966,,0.000000,,70.816975,90.490798,75.380530,0.271424,0.143327,0.128098,24.031863,41.869257,11.625578,1.364473,1.585645,1.067073,0.024395,0.538515,0.000000,,318.076923,40.487805,1.841580,1.479636
2025-11-17T03:45:00Z,1.327398,no_impulse,0,CANBK,1h,1.000000,267.507886,5.998444,21.000000,0.285640,3.152903,4.889727,10.956133,2.193165,0.000000,48.103187,0.000000,1.000000,69.283588,91.957511,71.799457,0.000000,0.491876,0.379403,0.112473,23.119598,41.410214,16.344825,2.459965,3.791933,9.483588,1.317261,0.030859,4.777093,7.000000,141.720430,0.682442,1.000000,69.283588,91.957511,71.799457,1.000000,0.491876,0.379403,0.112473,23.119598,41.410214,16.344825,2.459965,3.791933,9.483588,1.317261,0.030859,3.260870,7.000000,77.114428,0.465839,2.000000,41.788436,22.318339,57.080132,0.000000,0.382272,0.569368,-0.187096,27.773688,22.396899,28.516752,-1.289999,0.226622,6.165190,0.068577,0.029520,4.415318,7.000000,144.258373,0.630760,7.000000,61.021185,69.320066,80.200353,0.000000,0.657780,0.708690,-0.050910,30.766565,32.852392,15.943434,0.831897,2.661715,8.475418,0.842869,0.024466,2.969805,7.000000,121.159420,0.424258,4.000000,42.177959,6.220096,21.164274,0.000000,0.607183,1.016640,-0.409457,39.117251,22.453470,26.263016,-1.350851,0.679778,6.466650,-0.140011,0.020825,2.512746,14.000000,83.132530,0.179482,3.000000,63.660738,35.294118,50.191402,1.000000,1.238467,1.519982,-0.281516,43.963728,34.433517,12.779331,0.814127,3.322542,8.842169,0.753248,0.032411,2.933899,0.000000,40.487805,0.000000,1.000000,75.602901,94.444444,87.438272,0.000000,1.875156,1.447623,0.427533,42.729667,46.185444,8.598751,4.554444,6.763345,10.974385,0.906330,0.117436,7.812500,7.000000,210.472279,1.116071,1.000000,75.602901,94.444444,87.438272,0.000000,1.875156,1.447623,0.427533,42.729667,46.185444,8.598751,4.554444,6.763345,10.974385,0.906330,0.117436,3.579040,0.000000,58.887545,0.000000,1.000000,6.471049,7.000000,318.076923,0.924436,1.000000,1.993865,7.000000,98.113208,0.284838,2.000000,2.074364,5.000000,65.920398,0.414873,3.000000,3.050770,2.000000,57.102273,1.525385,2.000000,5.644191,10.000000,172.972973,0.564419,7.000000,3.159938,12.000000,173.191489,0.263328,4.000000,1.858442,0.000000,78.333333,0.000000,2.000000,2.317497,4.000000,61.855670,0.579374,2.000000,3.892456,6.000000,164.406780,0.648743,7.000000,2.312819,4.000000,149.746193,0.578205,4.000000,1.568721,0.000000,43.201754,0.000000,2.000000,1.000000,4.000000,35.000000,-1.000000,,,,83.612886,94.683208,95.178410,3.984317,3.430999,0.553317,44.550789,41.042636,11.104208,7.873583,13.861402,0.895957,0.215844,,0.000000,,77.523218,99.485861,92.512712,0.386718,0.274616,0.112102,27.952977,44.655096,10.047777,2.024034,2.644252,1.524541,0.020164,1.465699,3.750000,,318.076923,40.487805,1.817505,1.033670
2025-11-17T03:45:00Z,1.295686,no_impulse,0,CANBK,1h,-1.000000,42.216981,2.389056,0.000000,0.000000,3.152903,4.889727,10.956133,5.998444,21.000000,267.507886,0.285640,1.000000,79.553755,93.722628,94.799207,1.000000,1.015788,0.819460,0.196328,41.734795,42.669100,8.468400,3.152903,4.889727,10.956133,1.284664,0.041490,2.193165,0.000000,48.103187,0.000000,1.000000,69.283588,91.957511,71.799457,0.000000,0.491876,0.379403,0.112473,23.119598,41.410214,16.344825,2.459965,3.791933,9.483588,1.317261,0.030859,4.777093,7.000000,141.720430,0.682442,1.000000,69.283588,91.957511,71.799457,1.000000,0.491876,0.379403,0.112473,23.119598,41.410214,16.344825,2.459965,3.791933,9.483588,1.317261,0.030859,3.260870,7.000000,77.114428,0.465839,2.000000,41.788436,22.318339,57.080132,0.000000,0.382272,0.569368,-0.187096,27.773688,22.396899,28.516752,-1.289999,0.226622,6.165190,0.068577,0.029520,4.415318,7.000000,144.258373,0.630760,7.000000,61.021185,69.320066,80.200353,0.000000,0.657780,0.708690,-0.050910,30.766565,32.852392,15.943434,0.831897,2.661715,8.475418,0.842869,0.024466,2.969805,7.000000,121.159420,0.424258,4.000000,42.177959,6.220096,21.164274,0.000000,0.607183,1.016640,-0.409457,39.117251,22.453470,26.263016,-1.350851,0.679778,6.466650,-0.140011,0.020825,2.512746,14.000000,83.132530,0.179482,3.000000,63.660738,35.294118,50.191402,1.000000,1.238467,1.519982,-0.281516,43.963728,34.433517,12.779331,0.814127,3.322542,8.842169,0.753248,0.032411,2.933899,0.000000,40.487805,0.000000,1.000000,75.602901,94.444444,87.438272,0.000000,1.875156,1.447623,0.427533,42.729667,46.185444,8.598751,4.554444,6.763345,10.974385,0.906330,0.117436,7.812500,7.000000,210.472279,1.116071,1.000000,3.579040,0.000000,58.887545,0.000000,1.000000,6.471049,7.000000,318.076923,0.924436,1.000000,1.993865,7.000000,98.113208,0.284838,2.000000,2.074364,5.000000,65.920398,0.414873,3.000000,3.050770,2.000000,57.102273,1.525385,2.000000,5.644191,10.000000,172.972973,0.564419,7.000000,3.159938,12.000000,173.191489,0.263328,4.000000,1.858442,0.000000,78.333333,0.000000,2.000000,2.317497,4.000000,61.855670,0.579374,2.000000,3.892456,6.000000,164.406780,0.648743,7.000000,2.312819,4.000000,149.746193,0.578205,4.000000,1.000000,5.000000,35.000000,-1.000000,,,,83.612886,94.683208,95.178410,3.984317,3.430999,0.553317,44.550789,41.042636,11.104208,7.873583,13.861402,0.895957,0.215844,,0.000000,,77.523218,99.485861,92.512712,0.386718,0.274616,0.112102,27.952977,44.655096,10.047777,2.024034,2.644252,1.524541,0.020164,0.590577,0.000000,,267.507886,40.487805,1.753814,1.218177
2025-11-18T03:45:00Z,1.334839,no_impulse,0,CANBK,1h,1.000000,123.463687,3.021809,7.000000,0.431687,1.459978,3.565577,10.081551,2.389056,0.000000,42.216981,0.000000,1.000000,79.553755,93.722628,94.799207,0.000000,1.015788,0.819460,0.196328,41.734795,42.669100,8.468400,3.152903,4.889727,10.956133,1.284664,0.041490,5.998444,21.000000,267.507886,0.285640,1.000000,79.553755,93.722628,94.799207,1.000000,1.015788,0.819460,0.196328,41.734795,42.669100,8.468400,3.152903,4.889727,10.956133,1.284664,0.041490,2.193165,0.000000,48.103187,0.000000,1.000000,69.283588,91.957511,71.799457,0.000000,0.491876,0.379403,0.112473,23.119598,41.410214,16.344825,2.459965,3.791933,9.483588,1.317261,0.030859,4.777093,7.000000,141.720430,0.682442,1.000000,69.283588,91.957511,71.799457,1.000000,0.491876,0.379403,0.112473,23.119598,41.410214,16.344825,2.459965,3.791933,9.483588,1.317261,0.030859,3.260870,7.000000,77.114428,0.465839,2.000000,41.788436,22.318339,57.080132,0.000000,0.382272,0.569368,-0.187096,27.773688,22.396899,28.516752,-1.289999,0.226622,6.165190,0.068577,0.029520,4.415318,7.000000,144.258373,0.630760,7.000000,61.021185,69.320066,80.200353,0.000000,0.657780,0.708690,-0.050910,30.766565,32.852392,15.943434,0.831897,2.661715,8.475418,0.842869,0.024466,2.969805,7.000000,121.159420,0.424258,4.000000,42.177959,6.220096,21.164274,0.000000,0.607183,1.016640,-0.409457,39.117251,22.453470,26.263016,-1.350851,0.679778,6.466650,-0.140011,0.020825,2.512746,14.000000,83.132530,0.179482,3.000000,63.660738,35.294118,50.191402,1.000000,1.238467,1.519982,-0.281516,43.963728,34.433517,12.779331,0.814127,3.322542,8.842169,0.753248,0.032411,2.933899,0.000000,40.487805,0.000000,1.000000,7.812500,7.000000,210.472279,1.116071,1.000000,3.579040,0.000000,58.887545,0.000000,1.000000,6.471049,7.000000,318.076923,0.924436,1.000000,1.993865,7.000000,98.113208,0.284838,2.000000,2.074364,5.000000,65.920398,0.414873,3.000000,3.050770,2.000000,57.102273,1.525385,2.000000,5.644191,10.000000,172.972973,0.564419,7.000000,3.159938,12.000000,173.191489,0.263328,4.000000,1.858442,0.000000,78.333333,0.000000,2.000000,2.317497,4.000000,61.855670,0.579374,2.000000,3.892456,6.000000,164.406780,0.648743,7.000000,1.000000,6.000000,42.000000,-1.000000,,,,83.145953,92.616863,95.266287,4.118032,3.570617,0.547416,45.518265,39.806499,10.551052,7.056588,13.251165,0.847230,0.218655,,0.000000,,68.177756,79.104478,35.845283,0.318958,0.418821,-0.099863,38.059692,29.298809,11.111946,0.582783,1.488883,1.411303,0.006433,0.769635,1.000000,,267.507886,40.487805,1.827776,0.849629
2025-11-19T05:45:00Z,1.308442,no_impulse,0,CANBK,1h,-1.000000,67.420814,1.977570,9.000000,0.219730,0.520245,2.397662,9.124021,3.021809,7.000000,123.463687,0.431687,1.000000,73.899980,74.662162,79.637081,0.000000,1.243436,1.173988,0.069448,51.199191,39.191838,7.444034,1.459978,3.565577,10.081551,0.728879,0.064733,2.389056,0.000000,42.216981,0.000000,1.000000,79.553755,93.722628,94.799207,0.000000,1.015788,0.819460,0.196328,41.734795,42.669100,8.468400,3.152903,4.889727,10.956133,1.284664,0.041490,5.998444,21.000000,267.507886,0.285640,1.000000,79.553755,93.722628,94.799207,1.000000,1.015788,0.819460,0.196328,41.734795,42.669100,8.468400,3.152903,4.889727,10.956133,1.284664,0.041490,2.193165,0.000000,48.103187,0.000000,1.000000,69.283588,91.957511,71.799457,0.000000,0.491876,0.379403,0.112473,23.119598,41.410214,16.344825,2.459965,3.791933,9.483588,1.317261,0.030859,4.777093,7.000000,141.720430,0.682442,1.000000,69.283588,91.957511,71.799457,1.000000,0.491876,0.379403,0.112473,23.119598,41.410214,16.344825,2.459965,3.791933,9.483588,1.317261,0.030859,3.260870,7.000000,77.114428,0.465839,2.000000,41.788436,22.318339,57.080132,0.000000,0.382272,0.569368,-0.187096,27.773688,22.396899,28.516752,-1.289999,0.226622,6.165190,0.068577,0.029520,4.415318,7.000000,144.258373,0.630760,7.000000,61.021185,69.320066,80.200353,0.000000,0.657780,0.708690,-0.050910,30.766565,32.852392,15.943434,0.831897,2.661715,8.475418,0.842869,0.024466,2.969805,7.000000,121.159420,0.424258,4.000000,42.177959,6.220096,21.164274,0.000000,0.607183,1.016640,-0.409457,39.117251,22.453470,26.263016,-1.350851,0.679778,6.466650,-0.140011,0.020825,2.512746,14.000000,83.132530,0.179482,3.000000,2.933899,0.000000,40.487805,0.000000,1.000000,7.812500,7.000000,210.472279,1.116071,1.000000,3.579040,0.000000,58.887545,0.000000,1.000000,6.471049,7.000000,318.076923,0.924436,1.000000,1.993865,7.000000,98.113208,0.284838,2.000000,2.074364,5.000000,65.920398,0.414873,3.000000,3.050770,2.000000,57.102273,1.525385,2.000000,5.644191,10.000000,172.972973,0.564419,7.000000,3.159938,12.000000,173.191489,0.263328,4.000000,1.858442,0.000000,78.333333,0.000000,2.000000,2.317497,4.000000,61.855670,0.579374,2.000000,2.000000,7.000000,51.000000,-1.000000,,,,84.236199,97.833622,95.044564,4.208259,3.671932,0.536328,46.058987,37.043498,11.351425,7.156221,13.496365,0.844708,0.223604,,0.000000,,41.770723,26.797386,41.176471,-0.090660,-0.051775,-0.038885,13.392404,17.319587,20.226473,-0.322030,-0.175204,0.127972,0.008628,0.573671,1.285714,79.000000,267.507886,40.487805,1.224167,1.115157
2025-11-20T03:45:00Z,1.344672,no_impulse,0,CANBK,1h,1.000000,137.248322,2.768939,5.000000,0.553788,0.746826,2.564614,9.342530,1.977570,9.000000,67.420814,0.219730,2.000000,62.514311,44.630872,37.473712,1.000000,0.788316,0.974582,-0.186267,45.331169,22.354613,19.416132,0.520245,2.397662,9.124021,0.662664,0.032150,3.021809,7.000000,123.463687,0.431687,1.000000,73.899980,74.662162,79.637081,0.000000,1.243436,1.173988,0.069448,51.199191,39.191838,7.444034,1.459978,3.565577,10.081551,0.728879,0.064733,2.389056,0.000000,42.216981,0.000000,1.000000,79.553755,93.722628,94.799207,0.000000,1.015788,0.819460,0.196328,41.734795,42.669100,8.468400,3.152903,4.889727,10.956133,1.284664,0.041490,5.998444,21.000000,267.507886,0.285640,1.000000,79.553755,93.722628,94.799207,1.000000,1.015788,0.819460,0.196328,41.734795,42.669100,8.468400,3.152903,4.889727,10.956133,1.284664,0.041490,2.193165,0.000000,48.103187,0.000000,1.000000,69.283588,91.957511,71.799457,0.000000,0.491876,0.379403,0.112473,23.119598,41.410214,16.344825,2.459965,3.791933,9.483588,1.317261,0.030859,4.777093,7.000000,141.720430,0.682442,1.000000,69.283588,91.957511,71.799457,1.000000,0.491876,0.379403,0.112473,23.119598,41.410214,16.344825,2.459965,3.791933,9.483588,1.317261,0.030859,3.260870,7.000000,77.114428,0.465839,2.000000,41.788436,22.318339,57.080132,0.000000,0.382272,0.569368,-0.187096,27.773688,22.396899,28.516752,-1.289999,0.226622,6.165190,0.068577,0.029520,4.415318,7.000000,144.258373,0.630760,7.000000,61.021185,69.320066,80.200353,0.000000,0.657780,0.708690,-0.050910,30.766565,32.852392,15.943434,0.831897,2.661715,8.475418,0.842869,0.024466,2.969805,7.000000,121.159420,0.424258,4.000000,2.512746,14.000000,83.132530,0.179482,3.000000,2.933899,0.000000,40.487805,0.000000,1.000000,7.812500,7.000000,210.472279,1.116071,1.000000,3.579040,0.000000,58.887545,0.000000,1.000000,6.471049,7.000000,318.076923,0.924436,1.000000,1.993865,7.000000,98.113208,0.284838,2.000000,2.074364,5.000000,65.920398,0.414873,3.000000,3.050770,2.000000,57.102273,1.525385,2.000000,5.644191,10.000000,172.972973,0.564419,7.000000,3.159938,12.000000,173.191489,0.263328,4.000000,1.858442,0.000000,78.333333,0.000000,2.000000,1.000000,8.000000,56.000000,-1.000000,,,,74.998416,81.262136,90.570874,4.199302,3.825855,0.373446,46.704848,35.763703,10.352945,5.089224,11.596326,0.745230,0.218656,,0.000000,,62.357534,53.356890,75.934947,0.273700,0.213005,0.060695,24.114370,37.402043,14.055828,0.398694,0.782394,0.685515,0.021577,0.826158,0.632911,84.000000,267.507886,42.216981,1.303507,0.569713
2025-11-21T03:45:00Z,1.290637,no_impulse,0,CANBK,1h,-1.000000,149.144254,4.018445,7.000000,0.574064,-1.770776,-0.500105,6.259552,2.768939,5.000000,137.248322,0.553788,1.000000,66.380766,60.880196,78.442715,1.000000,0.771590,0.849062,-0.077471,40.318615,33.122660,14.320578,0.746826,2.564614,9.342530,1.004908,0.014903,1.977570,9.000000,67.420814,0.219730,2.000000,62.514311,44.630872,37.473712,1.000000,0.788316,0.974582,-0.186267,45.331169,22.354613,19.416132,0.520245,2.397662,9.124021,0.662664,0.032150,3.021809,7.000000,123.463687,0.431687,1.000000,73.899980,74.662162,79.637081,0.000000,1.243436,1.173988,0.069448,51.199191,39.191838,7.444034,1.459978,3.565577,10.081551,0.728879,0.064733,2.389056,0.000000,42.216981,0.000000,1.000000,79.553755,93.722628,94.799207,0.000000,1.015788,0.819460,0.196328,41.734795,42.669100,8.468400,3.152903,4.889727,10.956133,1.284664,0.041490,5.998444,21.000000,267.507886,0.285640,1.000000,79.553755,93.722628,94.799207,1.000000,1.015788,0.819460,0.196328,41.734795,42.669100,8.468400,3.152903,4.889727,10.956133,1.284664,0.041490,2.193165,0.000000,48.103187,0.000000,1.000000,69.283588,91.957511,71.799457,0.000000,0.491876,0.379403,0.112473,23.119598,41.410214,16.344825,2.459965,3.791933,9.483588,1.317261,0.030859,4.777093,7.000000,141.720430,0.682442,1.000000,69.283588,91.957511,71.799457,1.000000,0.491876,0.379403,0.112473,23.119598,41.410214,16.344825,2.459965,3.791933,9.483588,1.317261,0.030859,3.260870,7.000000,77.114428,0.465839,2.000000,41.788436,22.318339,57.080132,0.000000,0.382272,0.569368,-0.187096,27.773688,22.396899,28.516752,-1.289999,0.226622,6.165190,0.068577,0.029520,4.415318,7.000000,144.258373,0.630760,7.000000,2.969805,7.000000,121.159420,0.424258,4.000000,2.512746,14.000000,83.132530,0.179482,3.000000,2.933899,0.000000,40.487805,0.000000,1.000000,7.812500,7.000000,210.472279,1.116071,1.000000,3.579040,0.000000,58.887545,0.000000,1.000000,6.471049,7.000000,318.076923,0.924436,1.000000,1.993865,7.000000,98.113208,0.284838,2.000000,2.074364,5.000000,65.920398,0.414873,3.000000,3.050770,2.000000,57.102273,1.525385,2.000000,5.644191,10.000000,172.972973,0.564419,7.000000,3.159938,12.000000,173.191489,0.263328,4.000000,8.000000,1.000000,63.000000,-1.000000,,,,67.869875,60.407091,79.834283,4.032183,3.912683,0.119499,45.960179,33.303182,15.571650,3.326211,9.877159,0.667958,0.204852,,0.000000,,19.632046,21.935484,14.880969,-0.350354,-0.205827,-0.144527,26.650400,10.655011,41.720926,-0.918519,-1.118370,0.070978,0.021215,1.189872,1.000000,91.000000,267.507886,42.216981,1.287609,0.734199
2025-11-21T03:45:00Z,1.312339,no_impulse,0,CANBK,1h,1.000000,40.163934,1.681537,0.000000,0.000000,-1.770776,-0.500105,6.259552,4.018445,7.000000,149.144254,0.574064,8.000000,32.316806,7.540984,6.751640,1.000000,0.129478,0.509054,-0.379576,32.363889,19.683257,34.845909,-1.770776,-0.500105,6.259552,-0.137702,0.027285,2.768939,5.000000,137.248322,0.553788,1.000000,66.380766,60.880196,78.442715,1.000000,0.771590,0.849062,-0.077471,40.318615,33.122660,14.320578,0.746826,2.564614,9.342530,1.004908,0.014903,1.977570,9.000000,67.420814,0.219730,2.000000,62.514311,44.630872,37.473712,1.000000,0.788316,0.974582,-0.186267,45.331169,22.354613,19.416132,0.520245,2.397662,9.124021,0.662664,0.032150,3.021809,7.000000,123.463687,0.431687,1.000000,73.899980,74.662162,79.637081,0.000000,1.243436,1.173988,0.069448,51.199191,39.191838,7.444034,1.459978,3.565577,10.081551,0.728879,0.064733,2.389056,0.000000,42.216981,0.000000,1.000000,79.553755,93.722628,94.799207,0.000000,1.015788,0.819460,0.196328,41.734795,42.669100,8.468400,3.152903,4.889727,10.956133,1.284664,0.041490,5.998444,21.000000,267.507886,0.285640,1.000000,79.553755,93.722628,94.799207,1.000000,1.015788,0.819460,0.196328,41.734795,42.669100,8.468400,3.152903,4.889727,10.956133,1.284664,0.041490,2.193165,0.000000,48.103187,0.000000,1.000000,69.283588,91.957511,71.799457,0.000000,0.491876,0.379403,0.112473,23.119598,41.410214,16.344825,2.459965,3.791933,9.483588,1.317261,0.030859,4.777093,7.000000,141.720430,0.682442,1.000000,69.283588,91.957511,71.799457,1.000000,0.491876,0.379403,0.112473,23.119598,41.410214,16.344825,2.459965,3.791933,9.483588,1.317261,0.030859,3.260870,7.000000,77.114428,0.465839,2.000000,4.415318,7.000000,144.258373,0.630760,7.000000,2.969805,7.000000,121.159420,0.424258,4.000000,2.512746,14.000000,83.132530,0.179482,3.000000,2.933899,0.000000,40.487805,0.000000,1.000000,7.812500,7.000000,210.472279,1.116071,1.000000,3.579040,0.000000,58.887545,0.000000,1.000000,6.471049,7.000000,318.076923,0.924436,1.000000,1.993865,7.000000,98.113208,0.284838,2.000000,2.074364,5.000000,65.920398,0.414873,3.000000,3.050770,2.000000,57.102273,1.525385,2.000000,5.644191,10.000000,172.972973,0.564419,7.000000,8.000000,2.000000,0.000000,-1.000000,,,,67.869875,60.407091,79.834283,4.032183,3.912683,0.119499,45.960179,33.303182,15.571650,3.326211,9.877159,0.667958,0.204852,,0.000000,,19.632046,21.935484,14.880969,-0.350354,-0.205827,-0.144527,26.650400,10.655011,41.720926,-0.918519,-1.118370,0.070978,0.021215,0.482913,0.000000,91.000000,267.507886,42.216981,1.293431,0.768228
2025-11-21T08:45:00Z,1.289928,no_impulse,0,CANBK,1h,-1.000000,103.265306,1.707729,5.000000,0.341546,-1.349715,-0.676127,5.707933,1.681537,0.000000,40.163934,0.000000,8.000000,32.316806,7.540984,6.751640,0.000000,0.129478,0.509054,-0.379576,32.363889,19.683257,34.845909,-1.770776,-0.500105,6.259552,-0.137702,0.027285,4.018445,7.000000,149.144254,0.574064,8.000000,32.316806,7.540984,6.751640,1.000000,0.129478,0.509054,-0.379576,32.363889,19.683257,34.845909,-1.770776,-0.500105,6.259552,-0.137702,0.027285,2.768939,5.000000,137.248322,0.553788,1.000000,66.380766,60.880196,78.442715,1.000000,0.771590,0.849062,-0.077471,40.318615,33.122660,14.320578,0.746826,2.564614,9.342530,1.004908,0.014903,1.977570,9.000000,67.420814,0.219730,2.000000,62.514311,44.630872,37.473712,1.000000,0.788316,0.974582,-0.186267,45.331169,22.354613,19.416132,0.520245,2.397662,9.124021,0.662664,0.032150,3.021809,7.000000,123.463687,0.431687,1.000000,73.899980,74.662162,79.637081,0.000000,1.243436,1.173988,0.069448,51.199191,39.191838,7.444034,1.459978,3.565577,10.081551,0.728879,0.064733,2.389056,0.000000,42.216981,0.000000,1.000000,79.553755,93.722628,94.799207,0.000000,1.015788,0.819460,0.196328,41.734795,42.669100,8.468400,3.152903,4.889727,10.956133,1.284664,0.041490,5.998444,21.000000,267.507886,0.285640,1.000000,79.553755,93.722628,94.799207,1.000000,1.015788,0.819460,0.196328,41.734795,42.669100,8.468400,3.152903,4.889727,10.956133,1.284664,0.041490,2.193165,0.000000,48.103187,0.000000,1.000000,69.283588,91.957511,71.799457,0.000000,0.491876,0.379403,0.112473,23.119598,41.410214,16.344825,2.459965,3.791933,9.483588,1.317261,0.030859,4.777093,7.000000,141.720430,0.682442,1.000000,3.260870,7.000000,77.114428,0.465839,2.000000,4.415318,7.000000,144.258373,0.630760,7.000000,2.969805,7.000000,121.159420,0.424258,4.000000,2.512746,14.000000,83.132530,0.179482,3.000000,2.933899,0.000000,40.487805,0.000000,1.000000,7.812500,7.000000,210.472279,1.116071,1.000000,3.579040,0.000000,58.887545,0.000000,1.000000,6.471049,7.000000,318.076923,0.924436,1.000000,1.993865,7.000000,98.113208,0.284838,2.000000,2.074364,5.000000,65.920398,0.414873,3.000000,3.050770,2.000000,57.102273,1.525385,2.000000,4.000000,3.000000,5.000000,-1.000000,,,,67.869875,60.407091,79.834283,4.032183,3.912683,0.119499,45.960179,33.303182,15.571650,3.326211,9.877159,0.667958,0.204852,,0.000000,,46.464297,77.948718,90.936177,-0.255927,-0.410131,0.154204,37.109309,18.839272,20.059054,0.009853,-0.603682,0.507677,0.012836,0.532219,0.793651,96.000000,267.507886,40.163934,1.361384,1.146240
2025-11-24T04:45:00Z,1.316237,no_impulse,0,CANBK,1h,1.000000,117.391304,2.039555,3.000000,0.679852,0.022926,0.572596,6.718422,1.707729,5.000000,103.265306,0.341546,4.000000,36.188836,11.988304,19.736842,1.000000,-0.332209,0.012113,-0.344322,30.607351,18.951458,30.939326,-1.349715,-0.676127,5.707933,0.208660,0.045711,1.681537,0.000000,40.163934,0.000000,8.000000,32.316806,7.540984,6.751640,0.000000,0.129478,0.509054,-0.379576,32.363889,19.683257,34.845909,-1.770776,-0.500105,6.259552,-0.137702,0.027285,4.018445,7.000000,149.144254,0.574064,8.000000,32.316806,7.540984,6.751640,1.000000,0.129478,0.509054,-0.379576,32.363889,19.683257,34.845909,-1.770776,-0.500105,6.259552,-0.137702,0.027285,2.768939,5.000000,137.248322,0.553788,1.000000,66.380766,60.880196,78.442715,1.000000,0.771590,0.849062,-0.077471,40.318615,33.122660,14.320578,0.746826,2.564614,9.342530,1.004908,0.014903,1.977570,9.000000,67.420814,0.219730,2.000000,62.514311,44.630872,37.473712,1.000000,0.788316,0.974582,-0.186267,45.331169,22.354613,19.416132,0.520245,2.397662,9.124021,0.662664,0.032150,3.021809,7.000000,123.463687,0.431687,1.000000,73.899980,74.662162,79.637081,0.000000,1.243436,1.173988,0.069448,51.199191,39.191838,7.444034,1.459978,3.565577,10.081551,0.728879,0.064733,2.389056,0.000000,42.216981,0.000000,1.000000,79.553755,93.722628,94.799207,0.000000,1.015788,0.819460,0.196328,41.734795,42.669100,8.468400,3.152903,4.889727,10.956133,1.284664,0.041490,5.998444,21.000000,267.507886,0.285640,1.000000,79.553755,93.722628,94.799207,1.000000,1.015788,0.819460,0.196328,41.734795,42.669100,8.468400,3.152903,4.889727,10.956133,1.284664,0.041490,2.193165,0.000000,48.103187,0.000000,1.000000,4.777093,7.000000,141.720430,0.682442,1.000000,3.260870,7.000000,77.114428,0.465839,2.000000,4.415318,7.000000,144.258373,0.630760,7.000000,2.969805,7.000000,121.159420,0.424258,4.000000,2.512746,14.000000,83.132530,0.179482,3.000000,2.933899,0.000000,40.487805,0.000000,1.000000,7.812500,7.000000,210.472279,1.116071,1.000000,3.579040,0.000000,58.887545,0.000000,1.000000,6.471049,7.000000,318.076923,0.924436,1.000000,1.993865,7.000000,98.113208,0.284838,2.000000,2.074364,5.000000,65.920398,0.414873,3.000000,7.000000,4.000000,8.000000,-1.000000,,,,69.178369,66.316481,69.328569,3.831915,3.877322,-0.045408,45.361920,32.215112,14.614435,3.546145,10.021146,0.698271,0.185429,,0.000000,,66.050013,91.919192,94.789101,0.107793,-0.109130,0.216923,31.971922,34.018352,15.638818,0.906468,0.626090,0.948053,0.020416,0.667967,0.491803,99.000000,267.507886,40.163934,1.441035,0.953580
2025-11-25T03:45:00Z,1.287094,no_impulse,0,CANBK,1h,-1.000000,110.774411,2.214146,6.000000,0.369024,-0.294217,0.039464,5.883757,2.039555,3.000000,117.391304,0.679852,7.000000,49.976203,51.228733,41.663639,1.000000,-0.246383,-0.137509,-0.108874,27.330786,29.663545,23.372774,0.022926,0.572596,6.718422,0.504803,0.047746,1.707729,5.000000,103.265306,0.341546,4.000000,36.188836,11.988304,19.736842,1.000000,-0.332209,0.012113,-0.344322,30.607351,18.951458,30.939326,-1.349715,-0.676127,5.707933,0.208660,0.045711,1.681537,0.000000,40.163934,0.000000,8.000000,32.316806,7.540984,6.751640,0.000000,0.129478,0.509054,-0.379576,32.363889,19.683257,34.845909,-1.770776,-0.500105,6.259552,-0.137702,0.027285,4.018445,7.000000,149.144254,0.574064,8.000000,32.316806,7.540984,6.751640,1.000000,0.129478,0.509054,-0.379576,32.363889,19.683257,34.845909,-1.770776,-0.500105,6.259552,-0.137702,0.027285,2.768939,5.000000,137.248322,0.553788,1.000000,66.380766,60.880196,78.442715,1.000000,0.771590,0.849062,-0.077471,40.318615,33.122660,14.320578,0.746826,2.564614,9.342530,1.004908,0.014903,1.977570,9.000000,67.420814,0.219730,2.000000,62.514311,44.630872,37.473712,1.000000,0.788316,0.974582,-0.186267,45.331169,22.354613,19.416132,0.520245,2.397662,9.124021,0.662664,0.032150,3.021809,7.000000,123.463687,0.431687,1.000000,73.899980,74.662162,79.637081,0.000000,1.243436,1.173988,0.069448,51.199191,39.191838,7.444034,1.459978,3.565577,10.081551,0.728879,0.064733,2.389056,0.000000,42.216981,0.000000,1.000000,79.553755,93.722628,94.799207,0.000000,1.015788,0.819460,0.196328,41.734795,42.669100,8.468400,3.152903,4.889727,10.956133,1.284664,0.041490,5.998444,21.000000,267.507886,0.285640,1.000000,2.193165,0.000000,48.103187,0.000000,1.000000,4.777093,7.000000,141.720430,0.682442,1.000000,3.260870,7.000000,77.114428,0.465839,2.000000,4.415318,7.000000,144.258373,0.630760,7.000000,2.969805,7.000000,121.159420,0.424258,4.000000,2.512746,14.000000,83.132530,0.179482,3.000000,2.933899,0.000000,40.487805,0.000000,1.000000,7.812500,7.000000,210.472279,1.116071,1.000000,3.579040,0.000000,58.887545,0.000000,1.000000,6.471049,7.000000,318.076923,0.924436,1.000000,1.993865,7.000000,98.113208,0.284838,2.000000,4.000000,5.000000,6.000000,-1.000000,,,,71.940433,79.579777,68.767783,3.709503,3.801619,-0.092116,44.976224,31.091721,13.337026,4.393976,10.802614,0.765346,0.173205,,0.000000,,33.827781,29.739777,21.970305,-0.151095,-0.023337,-0.127758,23.901311,12.136904,30.981660,-0.655254,-0.834221,0.057913,0.014725,0.796563,1.052632,42.000000,267.507886,40.163934,1.333186,0.619378
2025-11-26T03:45:00Z,1.350784,no_impulse,0,CANBK,1h,1.000000,218.541033,4.948383,7.000000,0.706912,2.299640,2.838667,8.346886,2.214146,6.000000,110.774411,0.369024,4.000000,46.464874,54.545455,46.923783,0.000000,-0.226839,-0.187568,-0.039271,21.292330,18.882755,27.412755,-0.294217,0.039464,5.883757,0.410013,0.032600,2.039555,3.000000,117.391304,0.679852,7.000000,49.976203,51.228733,41.663639,1.000000,-0.246383,-0.137509,-0.108874,27.330786,29.663545,23.372774,0.022926,0.572596,6.718422,0.504803,0.047746,1.707729,5.000000,103.265306,0.341546,4.000000,36.188836,11.988304,19.736842,1.000000,-0.332209,0.012113,-0.344322,30.607351,18.951458,30.939326,-1.349715,-0.676127,5.707933,0.208660,0.045711,1.681537,0.000000,40.163934,0.000000,8.000000,32.316806,7.540984,6.751640,0.000000,0.129478,0.509054,-0.379576,32.363889,19.683257,34.845909,-1.770776,-0.500105,6.259552,-0.137702,0.027285,4.018445,7.000000,149.144254,0.574064,8.000000,32.316806,7.540984,6.751640,1.000000,0.129478,0.509054,-0.379576,32.363889,19.683257,34.845909,-1.770776,-0.500105,6.259552,-0.137702,0.027285,2.768939,5.000000,137.248322,0.553788,1.000000,66.380766,60.880196,78.442715,1.000000,0.771590,0.849062,-0.077471,40.318615,33.122660,14.320578,0.746826,2.564614,9.342530,1.004908,0.014903,1.977570,9.000000,67.420814,0.219730,2.000000,62.514311,44.630872,37.473712,1.000000,0.788316,0.974582,-0.186267,45.331169,22.354613,19.416132,0.520245,2.397662,9.124021,0.662664,0.032150,3.021809,7.000000,123.463687,0.431687,1.000000,73.899980,74.662162,79.637081,0.000000,1.243436,1.173988,0.069448,51.199191,39.191838,7.444034,1.459978,3.565577,10.081551,0.728879,0.064733,2.389056,0.000000,42.216981,0.000000,1.000000,5.998444,21.000000,267.507886,0.285640,1.000000,2.193165,0.000000,48.103187,0.000000,1.000000,4.777093,7.000000,141.720430,0.682442,1.000000,3.260870,7.000000,77.114428,0.465839,2.000000,4.415318,7.000000,144.258373,0.630760,7.000000,2.969805,7.000000,121.159420,0.424258,4.000000,2.512746,14.000000,83.132530,0.179482,3.000000,2.933899,0.000000,40.487805,0.000000,1.000000,7.812500,7.000000,210.472279,1.116071,1.000000,3.579040,0.000000,58.887545,0.000000,1.000000,6.471049,7.000000,318.076923,0.924436,1.000000,7.000000,6.000000,13.000000,-1.000000,,,,73.781765,85.310734,77.068997,3.654841,3.742490,-0.087649,45.216003,35.196168,12.259404,4.822306,11.217942,0.815386,0.160649,,0.000000,,77.698869,97.089947,81.297403,0.391570,0.248146,0.143424,26.876368,48.020498,12.045597,1.649143,1.988679,1.183359,0.024538,1.778891,1.111111,49.000000,267.507886,40.163934,1.332177,0.703918
2025-11-26T03:45:00Z,1.319160,no_impulse,0,CANBK,1h,-1.000000,49.652295,2.341137,0.000000,0.000000,2.299640,2.838667,8.346886,4.948383,7.000000,218.541033,0.706912,7.000000,70.752855,88.456189,86.103043,0.000000,0.290360,0.013907,0.276453,19.732781,40.763064,14.607800,2.299640,2.838667,8.346886,1.159545,0.035688,2.214146,6.000000,110.774411,0.369024,4.000000,46.464874,54.545455,46.923783,0.000000,-0.226839,-0.187568,-0.039271,21.292330,18.882755,27.412755,-0.294217,0.039464,5.883757,0.410013,0.032600,2.039555,3.000000,117.391304,0.679852,7.000000,49.976203,51.228733,41.663639,1.000000,-0.246383,-0.137509,-0.108874,27.330786,29.663545,23.372774,0.022926,0.572596,6.718422,0.504803,0.047746,1.707729,5.000000,103.265306,0.341546,4.000000,36.188836,11.988304,19.736842,1.000000,-0.332209,0.012113,-0.344322,30.607351,18.951458,30.939326,-1.349715,-0.676127,5.707933,0.208660,0.045711,1.681537,0.000000,40.163934,0.000000,8.000000,32.316806,7.540984,6.751640,0.000000,0.129478,0.509054,-0.379576,32.363889,19.683257,34.845909,-1.770776,-0.500105,6.259552,-0.137702,0.027285,4.018445,7.000000,149.144254,0.574064,8.000000,32.316806,7.540984,6.751640,1.000000,0.129478,0.509054,-0.379576,32.363889,19.683257,34.845909,-1.770776,-0.500105,6.259552,-0.137702,0.027285,2.768939,5.000000,137.248322,0.553788,1.000000,66.380766,60.880196,78.442715,1.000000,0.771590,0.849062,-0.077471,40.318615,33.122660,14.320578,0.746826,2.564614,9.342530,1.004908,0.014903,1.977570,9.000000,67.420814,0.219730,2.000000,62.514311,44.630872,37.473712,1.000000,0.788316,0.974582,-0.186267,45.331169,22.354613,19.416132,0.520245,2.397662,9.124021,0.662664,0.032150,3.021809,7.000000,123.463687,0.431687,1.000000,2.389056,0.000000,42.216981,0.000000,1.000000,5.998444,21.000000,267.507886,0.285640,1.000000,2.193165,0.000000,48.103187,0.000000,1.000000,4.777093,7.000000,141.720430,0.682442,1.000000,3.260870,7.000000,77.114428,0.465839,2.000000,4.415318,7.000000,144.258373,0.630760,7.000000,2.969805,7.000000,121.159420,0.424258,4.000000,2.512746,14.000000,83.132530,0.179482,3.000000,2.933899,0.000000,40.487805,0.000000,1.000000,7.812500,7.000000,210.472279,1.116071,1.000000,3.579040,0.000000,58.887545,0.000000,1.000000,7.000000,7.000000,0.000000,-1.000000,,,,73.781765,85.310734,77.068997,3.654841,3.742490,-0.087649,45.216003,35.196168,12.259404,4.822306,11.217942,0.815386,0.160649,,0.000000,,77.698869,97.089947,81.297403,0.391570,0.248146,0.143424,26.876368,48.020498,12.045597,1.649143,1.988679,1.183359,0.024538,0.874630,0.000000,49.000000,218.541033,40.163934,1.065057,1.242230
2025-12-01T03:45:00Z,1.361325,no_impulse,0,CANBK,1h,1.000000,133.333333,3.196347,21.000000,0.152207,0.718200,1.659930,7.101393,2.341137,0.000000,49.652295,0.000000,7.000000,70.752855,88.456189,86.103043,0.000000,0.290360,0.013907,0.276453,19.732781,40.763064,14.607800,2.299640,2.838667,8.346886,1.159545,0.035688,4.948383,7.000000,218.541033,0.706912,7.000000,70.752855,88.456189,86.103043,0.000000,0.290360,0.013907,0.276453,19.732781,40.763064,14.607800,2.299640,2.838667,8.346886,1.159545,0.035688,2.214146,6.000000,110.774411,0.369024,4.000000,46.464874,54.545455,46.923783,0.000000,-0.226839,-0.187568,-0.039271,21.292330,18.882755,27.412755,-0.294217,0.039464,5.883757,0.410013,0.032600,2.039555,3.000000,117.391304,0.679852,7.000000,49.976203,51.228733,41.663639,1.000000,-0.246383,-0.137509,-0.108874,27.330786,29.663545,23.372774,0.022926,0.572596,6.718422,0.504803,0.047746,1.707729,5.000000,103.265306,0.341546,4.000000,36.188836,11.988304,19.736842,1.000000,-0.332209,0.012113,-0.344322,30.607351,18.951458,30.939326,-1.349715,-0.676127,5.707933,0.208660,0.045711,1.681537,0.000000,40.163934,0.000000,8.000000,32.316806,7.540984,6.751640,0.000000,0.129478,0.509054,-0.379576,32.363889,19.683257,34.845909,-1.770776,-0.500105,6.259552,-0.137702,0.027285,4.018445,7.000000,149.144254,0.574064,8.000000,32.316806,7.540984,6.751640,1.000000,0.129478,0.509054,-0.379576,32.363889,19.683257,34.845909,-1.770776,-0.500105,6.259552,-0.137702,0.027285,2.768939,5.000000,137.248322,0.553788,1.000000,66.380766,60.880196,78.442715,1.000000,0.771590,0.849062,-0.077471,40.318615,33.122660,14.320578,0.746826,2.564614,9.342530,1.004908,0.014903,1.977570,9.000000,67.420814,0.219730,2.000000,3.021809,7.000000,123.463687,0.431687,1.000000,2.389056,0.000000,42.216981,0.000000,1.000000,5.998444,21.000000,267.507886,0.285640,1.000000,2.193165,0.000000,48.103187,0.000000,1.000000,4.777093,7.000000,141.720430,0.682442,1.000000,3.260870,7.000000,77.114428,0.465839,2.000000,4.415318,7.000000,144.258373,0.630760,7.000000,2.969805,7.000000,121.159420,0.424258,4.000000,2.512746,14.000000,83.132530,0.179482,3.000000,2.933899,0.000000,40.487805,0.000000,1.000000,7.812500,7.000000,210.472279,1.116071,1.000000,1.000000,1.000000,21.000000,-1.000000,,,,71.065810,74.167344,87.586136,3.525366,3.670837,-0.145471,46.208925,33.141908,10.264846,3.603703,10.069805,0.815361,0.118544,,0.000000,,51.349415,26.315789,44.035862,0.059386,0.086642,-0.027255,14.589063,40.562442,12.716929,-0.002605,0.233220,0.495845,0.006270,1.196271,4.285714,70.000000,218.541033,40.163934,1.066602,1.750595
2025-12-01T07:45:00Z,1.325184,no_impulse,0,CANBK,1h,-1.000000,85.714286,2.654867,4.000000,0.663717,-0.380401,0.448147,5.849273,3.196347,21.000000,133.333333,0.152207,1.000000,63.492908,59.268930,64.468492,1.000000,0.481478,0.511479,-0.030002,30.713847,34.582376,11.901171,0.718200,1.659930,7.101393,0.983945,0.014948,2.341137,0.000000,49.652295,0.000000,7.000000,70.752855,88.456189,86.103043,0.000000,0.290360,0.013907,0.276453,19.732781,40.763064,14.607800,2.299640,2.838667,8.346886,1.159545,0.035688,4.948383,7.000000,218.541033,0.706912,7.000000,70.752855,88.456189,86.103043,0.000000,0.290360,0.013907,0.276453,19.732781,40.763064,14.607800,2.299640,2.838667,8.346886,1.159545,0.035688,2.214146,6.000000,110.774411,0.369024,4.000000,46.464874,54.545455,46.923783,0.000000,-0.226839,-0.187568,-0.039271,21.292330,18.882755,27.412755,-0.294217,0.039464,5.883757,0.410013,0.032600,2.039555,3.000000,117.391304,0.679852,7.000000,49.976203,51.228733,41.663639,1.000000,-0.246383,-0.137509,-0.108874,27.330786,29.663545,23.372774,0.022926,0.572596,6.718422,0.504803,0.047746,1.707729,5.000000,103.265306,0.341546,4.000000,36.188836,11.988304,19.736842,1.000000,-0.332209,0.012113,-0.344322,30.607351,18.951458,30.939326,-1.349715,-0.676127,5.707933,0.208660,0.045711,1.681537,0.000000,40.163934,0.000000,8.000000,32.316806,7.540984,6.751640,0.000000,0.129478,0.509054,-0.379576,32.363889,19.683257,34.845909,-1.770776,-0.500105,6.259552,-0.137702,0.027285,4.018445,7.000000,149.144254,0.574064,8.000000,32.316806,7.540984,6.751640,1.000000,0.129478,0.509054,-0.379576,32.363889,19.683257,34.845909,-1.770776,-0.500105,6.259552,-0.137702,0.027285,2.768939,5.000000,137.248322,0.553788,1.000000,1.977570,9.000000,67.420814,0.219730,2.000000,3.021809,7.000000,123.463687,0.431687,1.000000,2.389056,0.000000,42.216981,0.000000,1.000000,5.998444,21.000000,267.507886,0.285640,1.000000,2.193165,0.000000,48.103187,0.000000,1.000000,4.777093,7.000000,141.720430,0.682442,1.000000,3.260870,7.000000,77.114428,0.465839,2.000000,4.415318,7.000000,144.258373,0.630760,7.000000,2.969805,7.000000,121.159420,0.424258,4.000000,2.512746,14.000000,83.132530,0.179482,3.000000,2.933899,0.000000,40.487805,0.000000,1.000000,2.000000,2.000000,25.000000,-1.000000,,,,73.212363,80.553078,82.799132,3.436280,3.594371,-0.158092,46.768581,31.607077,9.429322,4.138215,10.544459,0.869307,0.116891,,0.000000,,33.730417,5.911330,18.539545,-0.093487,-0.016160,-0.077326,12.887058,19.420302,26.309536,-0.576128,-0.512766,-0.007496,0.011287,0.987167,0.634921,74.000000,218.541033,40.163934,1.074363,1.758952
2025-12-02T05:45:00Z,1.366020,no_impulse,0,CANBK,1h,1.000000,112.990196,3.081551,5.000000,0.616310,1.395579,2.272749,7.525241,2.654867,4.000000,85.714286,0.663717,2.000000,47.444636,22.303922,29.146234,0.000000,0.308036,0.436815,-0.128779,30.756226,25.091125,21.501855,-0.380401,0.448147,5.849273,0.228742,0.013970,3.196347,21.000000,133.333333,0.152207,1.000000,63.492908,59.268930,64.468492,1.000000,0.481478,0.511479,-0.030002,30.713847,34.582376,11.901171,0.718200,1.659930,7.101393,0.983945,0.014948,2.341137,0.000000,49.652295,0.000000,7.000000,70.752855,88.456189,86.103043,0.000000,0.290360,0.013907,0.276453,19.732781,40.763064,14.607800,2.299640,2.838667,8.346886,1.159545,0.035688,4.948383,7.000000,218.541033,0.706912,7.000000,70.752855,88.456189,86.103043,0.000000,0.290360,0.013907,0.276453,19.732781,40.763064,14.607800,2.299640,2.838667,8.346886,1.159545,0.035688,2.214146,6.000000,110.774411,0.369024,4.000000,46.464874,54.545455,46.923783,0.000000,-0.226839,-0.187568,-0.039271,21.292330,18.882755,27.412755,-0.294217,0.039464,5.883757,0.410013,0.032600,2.039555,3.000000,117.391304,0.679852,7.000000,49.976203,51.228733,41.663639,1.000000,-0.246383,-0.137509,-0.108874,27.330786,29.663545,23.372774,0.022926,0.572596,6.718422,0.504803,0.047746,1.707729,5.000000,103.265306,0.341546,4.000000,36.188836,11.988304,19.736842,1.000000,-0.332209,0.012113,-0.344322,30.607351,18.951458,30.939326,-1.349715,-0.676127,5.707933,0.208660,0.045711,1.681537,0.000000,40.163934,0.000000,8.000000,32.316806,7.540984,6.751640,0.000000,0.129478,0.509054,-0.379576,32.363889,19.683257,34.845909,-1.770776,-0.500105,6.259552,-0.137702,0.027285,4.018445,7.000000,149.144254,0.574064,8.000000,2.768939,5.000000,137.248322,0.553788,1.000000,1.977570,9.000000,67.420814,0.219730,2.000000,3.021809,7.000000,123.463687,0.431687,1.000000,2.389056,0.000000,42.216981,0.000000,1.000000,5.998444,21.000000,267.507886,0.285640,1.000000,2.193165,0.000000,48.103187,0.000000,1.000000,4.777093,7.000000,141.720430,0.682442,1.000000,3.260870,7.000000,77.114428,0.465839,2.000000,4.415318,7.000000,144.258373,0.630760,7.000000,2.969805,7.000000,121.159420,0.424258,4.000000,2.512746,14.000000,83.132530,0.179482,3.000000,1.000000,3.000000,30.000000,-1.000000,,,,73.212363,80.553078,82.799132,3.436280,3.594371,-0.158092,46.768581,31.607077,9.429322,4.138215,10.544459,0.869307,0.116891,,0.000000,,67.259200,90.498812,90.809109,0.416651,0.248739,0.167912,26.663151,30.809029,18.616421,0.773187,1.163468,0.698826,0.039191,1.117675,0.862069,79.000000,218.541033,40.163934,1.045464,0.890271
2025-12-03T03:45:00Z,1.318363,no_impulse,0,CANBK,1h,-1.000000,116.702820,3.488749,5.000000,0.697750,-1.804803,-1.041153,4.267296,3.081551,5.000000,112.990196,0.616310,1.000000,67.413810,91.106291,89.002282,1.000000,0.454033,0.367018,0.087015,30.434020,33.836489,13.412046,1.395579,2.272749,7.525241,1.105043,0.023392,2.654867,4.000000,85.714286,0.663717,2.000000,47.444636,22.303922,29.146234,0.000000,0.308036,0.436815,-0.128779,30.756226,25.091125,21.501855,-0.380401,0.448147,5.849273,0.228742,0.013970,3.196347,21.000000,133.333333,0.152207,1.000000,63.492908,59.268930,64.468492,1.000000,0.481478,0.511479,-0.030002,30.713847,34.582376,11.901171,0.718200,1.659930,7.101393,0.983945,0.014948,2.341137,0.000000,49.652295,0.000000,7.000000,70.752855,88.456189,86.103043,0.000000,0.290360,0.013907,0.276453,19.732781,40.763064,14.607800,2.299640,2.838667,8.346886,1.159545,0.035688,4.948383,7.000000,218.541033,0.706912,7.000000,70.752855,88.456189,86.103043,0.000000,0.290360,0.013907,0.276453,19.732781,40.763064,14.607800,2.299640,2.838667,8.346886,1.159545,0.035688,2.214146,6.000000,110.774411,0.369024,4.000000,46.464874,54.545455,46.923783,0.000000,-0.226839,-0.187568,-0.039271,21.292330,18.882755,27.412755,-0.294217,0.039464,5.883757,0.410013,0.032600,2.039555,3.000000,117.391304,0.679852,7.000000,49.976203,51.228733,41.663639,1.000000,-0.246383,-0.137509,-0.108874,27.330786,29.663545,23.372774,0.022926,0.572596,6.718422,0.504803,0.047746,1.707729,5.000000,103.265306,0.341546,4.000000,36.188836,11.988304,19.736842,1.000000,-0.332209,0.012113,-0.344322,30.607351,18.951458,30.939326,-1.349715,-0.676127,5.707933,0.208660,0.045711,1.681537,0.000000,40.163934,0.000000,8.000000,4.018445,7.000000,149.144254,0.574064,8.000000,2.768939,5.000000,137.248322,0.553788,1.000000,1.977570,9.000000,67.420814,0.219730,2.000000,3.021809,7.000000,123.463687,0.431687,1.000000,2.389056,0.000000,42.216981,0.000000,1.000000,5.998444,21.000000,267.507886,0.285640,1.000000,2.193165,0.000000,48.103187,0.000000,1.000000,4.777093,7.000000,141.720430,0.682442,1.000000,3.260870,7.000000,77.114428,0.465839,2.000000,4.415318,7.000000,144.258373,0.630760,7.000000,2.969805,7.000000,121.159420,0.424258,4.000000,8.000000,1.000000,35.000000,-1.000000,,,,55.857479,25.069124,59.929849,3.166857,3.625991,-0.459134,44.616393,26.624792,19.028944,0.211405,6.630215,0.519471,0.108805,,0.000000,,28.529290,6.216216,16.092572,-0.093542,0.147241,-0.240782,27.867576,11.756837,36.234999,-1.508400,-1.302267,-0.184356,0.021714,1.251179,0.862069,84.000000,218.541033,40.163934,1.050518,0.939928
2025-12-03T03:45:00Z,1.354859,no_impulse,0,CANBK,1h,1.000000,76.579926,2.768259,0.000000,0.000000,-1.804803,-1.041153,4.267296,3.488749,5.000000,116.702820,0.697750,8.000000,36.442018,4.460967,38.797184,1.000000,0.227734,0.401781,-0.174047,28.812089,20.706438,31.562345,-1.804803,-1.041153,4.267296,-0.054287,0.031984,3.081551,5.000000,112.990196,0.616310,1.000000,67.413810,91.106291,89.002282,1.000000,0.454033,0.367018,0.087015,30.434020,33.836489,13.412046,1.395579,2.272749,7.525241,1.105043,0.023392,2.654867,4.000000,85.714286,0.663717,2.000000,47.444636,22.303922,29.146234,0.000000,0.308036,0.436815,-0.128779,30.756226,25.091125,21.501855,-0.380401,0.448147,5.849273,0.228742,0.013970,3.196347,21.000000,133.333333,0.152207,1.000000,63.492908,59.268930,64.468492,1.000000,0.481478,0.511479,-0.030002,30.713847,34.582376,11.901171,0.718200,1.659930,7.101393,0.983945,0.014948,2.341137,0.000000,49.652295,0.000000,7.000000,70.752855,88.456189,86.103043,0.000000,0.290360,0.013907,0.276453,19.732781,40.763064,14.607800,2.299640,2.838667,8.346886,1.159545,0.035688,4.948383,7.000000,218.541033,0.706912,7.000000,70.752855,88.456189,86.103043,0.000000,0.290360,0.013907,0.276453,19.732781,40.763064,14.607800,2.299640,2.838667,8.346886,1.159545,0.035688,2.214146,6.000000,110.774411,0.369024,4.000000,46.464874,54.545455,46.923783,0.000000,-0.226839,-0.187568,-0.039271,21.292330,18.882755,27.412755,-0.294217,0.039464,5.883757,0.410013,0.032600,2.039555,3.000000,117.391304,0.679852,7.000000,49.976203,51.228733,41.663639,1.000000,-0.246383,-0.137509,-0.108874,27.330786,29.663545,23.372774,0.022926,0.572596,6.718422,0.504803,0.047746,1.707729,5.000000,103.265306,0.341546,4.000000,1.681537,0.000000,40.163934,0.000000,8.000000,4.018445,7.000000,149.144254,0.574064,8.000000,2.768939,5.000000,137.248322,0.553788,1.000000,1.977570,9.000000,67.420814,0.219730,2.000000,3.021809,7.000000,123.463687,0.431687,1.000000,2.389056,0.000000,42.216981,0.000000,1.000000,5.998444,21.000000,267.507886,0.285640,1.000000,2.193165,0.000000,48.103187,0.000000,1.000000,4.777093,7.000000,141.720430,0.682442,1.000000,3.260870,7.000000,77.114428,0.465839,2.000000,4.415318,7.000000,144.258373,0.630760,7.000000,8.000000,2.000000,0.000000,-1.000000,,,,55.857479,25.069124,59.929849,3.166857,3.625991,-0.459134,44.616393,26.624792,19.028944,0.211405,6.630215,0.519471,0.108805,,0.000000,,28.529290,6.216216,16.092572,-0.093542,0.147241,-0.240782,27.867576,11.756837,36.234999,-1.508400,-1.302267,-0.184356,0.021714,1.012012,0.000000,84.000000,218.541033,40.163934,0.993405,0.879772
2025-12-03T07:45:00Z,1.284702,no_impulse,0,CANBK,1h,-1.000000,192.233010,5.178163,4.000000,1.294541,-2.876023,-2.883501,2.019229,2.768259,0.000000,76.579926,0.000000,8.000000,36.442018,4.460967,38.797184,0.000000,0.227734,0.401781,-0.174047,28.812089,20.706438,31.562345,-1.804803,-1.041153,4.267296,-0.054287,0.031984,3.488749,5.000000,116.702820,0.697750,8.000000,36.442018,4.460967,38.797184,1.000000,0.227734,0.401781,-0.174047,28.812089,20.706438,31.562345,-1.804803,-1.041153,4.267296,-0.054287,0.031984,3.081551,5.000000,112.990196,0.616310,1.000000,67.413810,91.106291,89.002282,1.000000,0.454033,0.367018,0.087015,30.434020,33.836489,13.412046,1.395579,2.272749,7.525241,1.105043,0.023392,2.654867,4.000000,85.714286,0.663717,2.000000,47.444636,22.303922,29.146234,0.000000,0.308036,0.436815,-0.128779,30.756226,25.091125,21.501855,-0.380401,0.448147,5.849273,0.228742,0.013970,3.196347,21.000000,133.333333,0.152207,1.000000,63.492908,59.268930,64.468492,1.000000,0.481478,0.511479,-0.030002,30.713847,34.582376,11.901171,0.718200,1.659930,7.101393,0.983945,0.014948,2.341137,0.000000,49.652295,0.000000,7.000000,70.752855,88.456189,86.103043,0.000000,0.290360,0.013907,0.276453,19.732781,40.763064,14.607800,2.299640,2.838667,8.346886,1.159545,0.035688,4.948383,7.000000,218.541033,0.706912,7.000000,70.752855,88.456189,86.103043,0.000000,0.290360,0.013907,0.276453,19.732781,40.763064,14.607800,2.299640,2.838667,8.346886,1.159545,0.035688,2.214146,6.000000,110.774411,0.369024,4.000000,46.464874,54.545455,46.923783,0.000000,-0.226839,-0.187568,-0.039271,21.292330,18.882755,27.412755,-0.294217,0.039464,5.883757,0.410013,0.032600,2.039555,3.000000,117.391304,0.679852,7.000000,1.707729,5.000000,103.265306,0.341546,4.000000,1.681537,0.000000,40.163934,0.000000,8.000000,4.018445,7.000000,149.144254,0.574064,8.000000,2.768939,5.000000,137.248322,0.553788,1.000000,1.977570,9.000000,67.420814,0.219730,2.000000,3.021809,7.000000,123.463687,0.431687,1.000000,2.389056,0.000000,42.216981,0.000000,1.000000,5.998444,21.000000,267.507886,0.285640,1.000000,2.193165,0.000000,48.103187,0.000000,1.000000,4.777093,7.000000,141.720430,0.682442,1.000000,3.260870,7.000000,77.114428,0.465839,2.000000,4.000000,3.000000,4.000000,-1.000000,,,,58.206491,26.270270,43.964157,2.855949,3.446200,-0.590251,42.617933,25.026279,17.886474,0.993723,7.167531,0.602451,0.097969,,0.000000,,19.608308,3.424658,5.213063,-1.142061,-1.016279,-0.125782,53.743315,8.393032,42.915711,-1.655458,-2.947679,0.218272,0.057804,1.820686,0.714286,88.000000,218.541033,49.652295,0.922198,1.139912
2025-12-05T08:45:00Z,1.323855,no_impulse,0,CANBK,1h,1.000000,55.808081,3.047645,15.000000,0.203176,0.174663,-0.212536,3.470559,5.178163,4.000000,192.233010,1.294541,4.000000,27.055520,8.387800,7.561205,1.000000,-0.685352,-0.087448,-0.597904,31.847053,14.491086,38.823986,-2.876023,-2.883501,2.019229,0.083199,0.067073,2.768259,0.000000,76.579926,0.000000,8.000000,36.442018,4.460967,38.797184,0.000000,0.227734,0.401781,-0.174047,28.812089,20.706438,31.562345,-1.804803,-1.041153,4.267296,-0.054287,0.031984,3.488749,5.000000,116.702820,0.697750,8.000000,36.442018,4.460967,38.797184,1.000000,0.227734,0.401781,-0.174047,28.812089,20.706438,31.562345,-1.804803,-1.041153,4.267296,-0.054287,0.031984,3.081551,5.000000,112.990196,0.616310,1.000000,67.413810,91.106291,89.002282,1.000000,0.454033,0.367018,0.087015,30.434020,33.836489,13.412046,1.395579,2.272749,7.525241,1.105043,0.023392,2.654867,4.000000,85.714286,0.663717,2.000000,47.444636,22.303922,29.146234,0.000000,0.308036,0.436815,-0.128779,30.756226,25.091125,21.501855,-0.380401,0.448147,5.849273,0.228742,0.013970,3.196347,21.000000,133.333333,0.152207,1.000000,63.492908,59.268930,64.468492,1.000000,0.481478,0.511479,-0.030002,30.713847,34.582376,11.901171,0.718200,1.659930,7.101393,0.983945,0.014948,2.341137,0.000000,49.652295,0.000000,7.000000,70.752855,88.456189,86.103043,0.000000,0.290360,0.013907,0.276453,19.732781,40.763064,14.607800,2.299640,2.838667,8.346886,1.159545,0.035688,4.948383,7.000000,218.541033,0.706912,7.000000,70.752855,88.456189,86.103043,0.000000,0.290360,0.013907,0.276453,19.732781,40.763064,14.607800,2.299640,2.838667,8.346886,1.159545,0.035688,2.214146,6.000000,110.774411,0.369024,4.000000,2.039555,3.000000,117.391304,0.679852,7.000000,1.707729,5.000000,103.265306,0.341546,4.000000,1.681537,0.000000,40.163934,0.000000,8.000000,4.018445,7.000000,149.144254,0.574064,8.000000,2.768939,5.000000,137.248322,0.553788,1.000000,1.977570,9.000000,67.420814,0.219730,2.000000,3.021809,7.000000,123.463687,0.431687,1.000000,2.389056,0.000000,42.216981,0.000000,1.000000,5.998444,21.000000,267.507886,0.285640,1.000000,2.193165,0.000000,48.103187,0.000000,1.000000,4.777093,7.000000,141.720430,0.682442,1.000000,3.000000,4.000000,19.000000,-1.000000,,,,60.373388,39.783784,30.374393,2.647070,3.263189,-0.616119,40.954503,24.963381,16.875886,1.652388,7.636519,0.688271,0.089241,,0.000000,,61.462696,100.000000,84.065934,0.263460,0.226626,0.036834,22.004844,26.164383,12.283565,0.623078,0.792387,0.909916,0.015295,0.955041,2.727273,,218.541033,49.652295,1.085580,1.280138
2025-12-09T03:45:00Z,1.249978,no_impulse,0,CANBK,1h,-1.000000,188.687783,5.580462,9.000000,0.620051,-1.874364,-3.132952,-0.383776,3.047645,15.000000,55.808081,0.203176,3.000000,50.167896,79.120879,82.512390,1.000000,-0.257046,-0.455715,0.198669,19.666647,22.328446,16.648453,0.174663,-0.212536,3.470559,0.563972,0.027351,5.178163,4.000000,192.233010,1.294541,4.000000,27.055520,8.387800,7.561205,1.000000,-0.685352,-0.087448,-0.597904,31.847053,14.491086,38.823986,-2.876023,-2.883501,2.019229,0.083199,0.067073,2.768259,0.000000,76.579926,0.000000,8.000000,36.442018,4.460967,38.797184,0.000000,0.227734,0.401781,-0.174047,28.812089,20.706438,31.562345,-1.804803,-1.041153,4.267296,-0.054287,0.031984,3.488749,5.000000,116.702820,0.697750,8.000000,36.442018,4.460967,38.797184,1.000000,0.227734,0.401781,-0.174047,28.812089,20.706438,31.562345,-1.804803,-1.041153,4.267296,-0.054287,0.031984,3.081551,5.000000,112.990196,0.616310,1.000000,67.413810,91.106291,89.002282,1.000000,0.454033,0.367018,0.087015,30.434020,33.836489,13.412046,1.395579,2.272749,7.525241,1.105043,0.023392,2.654867,4.000000,85.714286,0.663717,2.000000,47.444636,22.303922,29.146234,0.000000,0.308036,0.436815,-0.128779,30.756226,25.091125,21.501855,-0.380401,0.448147,5.849273,0.228742,0.013970,3.196347,21.000000,133.333333,0.152207,1.000000,63.492908,59.268930,64.468492,1.000000,0.481478,0.511479,-0.030002,30.713847,34.582376,11.901171,0.718200,1.659930,7.101393,0.983945,0.014948,2.341137,0.000000,49.652295,0.000000,7.000000,70.752855,88.456189,86.103043,0.000000,0.290360,0.013907,0.276453,19.732781,40.763064,14.607800,2.299640,2.838667,8.346886,1.159545,0.035688,4.948383,7.000000,218.541033,0.706912,7.000000,2.214146,6.000000,110.774411,0.369024,4.000000,2.039555,3.000000,117.391304,0.679852,7.000000,1.707729,5.000000,103.265306,0.341546,4.000000,1.681537,0.000000,40.163934,0.000000,8.000000,4.018445,7.000000,149.144254,0.574064,8.000000,2.768939,5.000000,137.248322,0.553788,1.000000,1.977570,9.000000,67.420814,0.219730,2.000000,3.021809,7.000000,123.463687,0.431687,1.000000,2.389056,0.000000,42.216981,0.000000,1.000000,5.998444,21.000000,267.507886,0.285640,1.000000,2.193165,0.000000,48.103187,0.000000,1.000000,4.000000,5.000000,28.000000,-1.000000,,,,53.856418,38.778626,28.556751,1.967403,2.868443,-0.901040,36.180761,19.494922,22.899729,0.200878,5.706765,0.527040,0.074440,,0.000000,,26.192943,6.060606,24.251840,-0.838972,-0.854450,0.015478,54.781122,10.296845,36.150322,-1.422186,-2.684360,0.043589,0.030723,1.695197,1.343284,,218.541033,49.652295,1.011007,1.191747
2025-12-10T03:45:00Z,1.309151,no_impulse,0,CANBK,1h,1.000000,80.095923,4.733896,7.000000,0.676271,0.812015,-0.049346,2.254545,5.580462,9.000000,188.687783,0.620051,4.000000,31.192525,23.141487,15.334150,1.000000,-1.135475,-0.849079,-0.286396,29.614861,11.093258,39.845251,-1.874364,-3.132952,-0.383776,0.209284,0.063288,3.047645,15.000000,55.808081,0.203176,3.000000,50.167896,79.120879,82.512390,1.000000,-0.257046,-0.455715,0.198669,19.666647,22.328446,16.648453,0.174663,-0.212536,3.470559,0.563972,0.027351,5.178163,4.000000,192.233010,1.294541,4.000000,27.055520,8.387800,7.561205,1.000000,-0.685352,-0.087448,-0.597904,31.847053,14.491086,38.823986,-2.876023,-2.883501,2.019229,0.083199,0.067073,2.768259,0.000000,76.579926,0.000000,8.000000,36.442018,4.460967,38.797184,0.000000,0.227734,0.401781,-0.174047,28.812089,20.706438,31.562345,-1.804803,-1.041153,4.267296,-0.054287,0.031984,3.488749,5.000000,116.702820,0.697750,8.000000,36.442018,4.460967,38.797184,1.000000,0.227734,0.401781,-0.174047,28.812089,20.706438,31.562345,-1.804803,-1.041153,4.267296,-0.054287,0.031984,3.081551,5.000000,112.990196,0.616310,1.000000,67.413810,91.106291,89.002282,1.000000,0.454033,0.367018,0.087015,30.434020,33.836489,13.412046,1.395579,2.272749,7.525241,1.105043,0.023392,2.654867,4.000000,85.714286,0.663717,2.000000,47.444636,22.303922,29.146234,0.000000,0.308036,0.436815,-0.128779,30.756226,25.091125,21.501855,-0.380401,0.448147,5.849273,0.228742,0.013970,3.196347,21.000000,133.333333,0.152207,1.000000,63.492908,59.268930,64.468492,1.000000,0.481478,0.511479,-0.030002,30.713847,34.582376,11.901171,0.718200,1.659930,7.101393,0.983945,0.014948,2.341137,0.000000,49.652295,0.000000,7.000000,4.948383,7.000000,218.541033,0.706912,7.000000,2.214146,6.000000,110.774411,0.369024,4.000000,2.039555,3.000000,117.391304,0.679852,7.000000,1.707729,5.000000,103.265306,0.341546,4.000000,1.681537,0.000000,40.163934,0.000000,8.000000,4.018445,7.000000,149.144254,0.574064,8.000000,2.768939,5.000000,137.248322,0.553788,1.000000,1.977570,9.000000,67.420814,0.219730,2.000000,3.021809,7.000000,123.463687,0.431687,1.000000,2.389056,0.000000,42.216981,0.000000,1.000000,5.998444,21.000000,267.507886,0.285640,1.000000,3.000000,6.000000,35.000000,-1.000000,,,,52.646585,33.969466,26.618645,1.738206,2.652328,-0.914122,33.724876,20.690153,21.447958,-0.209058,5.090863,0.470609,0.070982,,0.000000,,63.866046,70.588235,77.917512,0.365757,0.310206,0.055551,33.012450,36.060752,14.891765,0.777520,0.899565,0.981400,0.016278,1.304622,1.000000,,218.541033,49.652295,1.161503,1.478415
2025-12-10T09:45:00Z,1.279121,no_impulse,0,CANBK,1h,-1.000000,50.748503,2.293795,6.000000,0.382299,-0.748154,-1.455681,0.609336,4.733896,7.000000,80.095923,0.676271,3.000000,54.752612,89.071856,73.421898,0.000000,-0.347888,-0.637341,0.289452,23.691622,27.751935,26.814485,0.812015,-0.049346,2.254545,0.642462,0.057466,5.580462,9.000000,188.687783,0.620051,4.000000,31.192525,23.141487,15.334150,1.000000,-1.135475,-0.849079,-0.286396,29.614861,11.093258,39.845251,-1.874364,-3.132952,-0.383776,0.209284,0.063288,3.047645,15.000000,55.808081,0.203176,3.000000,50.167896,79.120879,82.512390,1.000000,-0.257046,-0.455715,0.198669,19.666647,22.328446,16.648453,0.174663,-0.212536,3.470559,0.563972,0.027351,5.178163,4.000000,192.233010,1.294541,4.000000,27.055520,8.387800,7.561205,1.000000,-0.685352,-0.087448,-0.597904,31.847053,14.491086,38.823986,-2.876023,-2.883501,2.019229,0.083199,0.067073,2.768259,0.000000,76.579926,0.000000,8.000000,36.442018,4.460967,38.797184,0.000000,0.227734,0.401781,-0.174047,28.812089,20.706438,31.562345,-1.804803,-1.041153,4.267296,-0.054287,0.031984,3.488749,5.000000,116.702820,0.697750,8.000000,36.442018,4.460967,38.797184,1.000000,0.227734,0.401781,-0.174047,28.812089,20.706438,31.562345,-1.804803,-1.041153,4.267296,-0.054287,0.031984,3.081551,5.000000,112.990196,0.616310,1.000000,67.413810,91.106291,89.002282,1.000000,0.454033,0.367018,0.087015,30.434020,33.836489,13.412046,1.395579,2.272749,7.525241,1.105043,0.023392,2.654867,4.000000,85.714286,0.663717,2.000000,47.444636,22.303922,29.146234,0.000000,0.308036,0.436815,-0.128779,30.756226,25.091125,21.501855,-0.380401,0.448147,5.849273,0.228742,0.013970,3.196347,21.000000,133.333333,0.152207,1.000000,2.341137,0.000000,49.652295,0.000000,7.000000,4.948383,7.000000,218.541033,0.706912,7.000000,2.214146,6.000000,110.774411,0.369024,4.000000,2.039555,3.000000,117.391304,0.679852,7.000000,1.707729,5.000000,103.265306,0.341546,4.000000,1.681537,0.000000,40.163934,0.000000,8.000000,4.018445,7.000000,149.144254,0.574064,8.000000,2.768939,5.000000,137.248322,0.553788,1.000000,1.977570,9.000000,67.420814,0.219730,2.000000,3.021809,7.000000,123.463687,0.431687,1.000000,2.389056,0.000000,42.216981,0.000000,1.000000,2.000000,1.000000,41.000000,-1.000000,,,,54.798886,43.435115,38.727735,1.586595,2.421258,-0.834663,31.375565,19.989852,20.326297,0.576691,5.661467,0.588557,0.065499,,0.000000,,37.713723,15.217391,37.730121,-0.037914,0.066117,-0.104031,16.362696,19.551271,29.364101,-0.792096,-0.704050,-0.106696,0.012953,0.635910,0.857143,,192.233010,49.652295,1.136126,1.168500
2025-12-16T03:45:00Z,1.318983,no_impulse,0,CANBK,1h,1.000000,132.743363,3.116343,22.000000,0.141652,-0.061590,0.044117,1.799671,2.293795,6.000000,50.748503,0.382299,2.000000,42.186701,54.491018,65.818363,1.000000,-0.225928,-0.327234,0.101307,18.971084,19.093177,30.199277,-0.748154,-1.455681,0.609336,0.307606,0.038598,4.733896,7.000000,80.095923,0.676271,3.000000,54.752612,89.071856,73.421898,0.000000,-0.347888,-0.637341,0.289452,23.691622,27.751935,26.814485,0.812015,-0.049346,2.254545,0.642462,0.057466,5.580462,9.000000,188.687783,0.620051,4.000000,31.192525,23.141487,15.334150,1.000000,-1.135475,-0.849079,-0.286396,29.614861,11.093258,39.845251,-1.874364,-3.132952,-0.383776,0.209284,0.063288,3.047645,15.000000,55.808081,0.203176,3.000000,50.167896,79.120879,82.512390,1.000000,-0.257046,-0.455715,0.198669,19.666647,22.328446,16.648453,0.174663,-0.212536,3.470559,0.563972,0.027351,5.178163,4.000000,192.233010,1.294541,4.000000,27.055520,8.387800,7.561205,1.000000,-0.685352,-0.087448,-0.597904,31.847053,14.491086,38.823986,-2.876023,-2.883501,2.019229,0.083199,0.067073,2.768259,0.000000,76.579926,0.000000,8.000000,36.442018,4.460967,38.797184,0.000000,0.227734,0.401781,-0.174047,28.812089,20.706438,31.562345,-1.804803,-1.041153,4.267296,-0.054287,0.031984,3.488749,5.000000,116.702820,0.697750,8.000000,36.442018,4.460967,38.797184,1.000000,0.227734,0.401781,-0.174047,28.812089,20.706438,31.562345,-1.804803,-1.041153,4.267296,-0.054287,0.031984,3.081551,5.000000,112.990196,0.616310,1.000000,67.413810,91.106291,89.002282,1.000000,0.454033,0.367018,0.087015,30.434020,33.836489,13.412046,1.395579,2.272749,7.525241,1.105043,0.023392,2.654867,4.000000,85.714286,0.663717,2.000000,3.196347,21.000000,133.333333,0.152207,1.000000,2.341137,0.000000,49.652295,0.000000,7.000000,4.948383,7.000000,218.541033,0.706912,7.000000,2.214146,6.000000,110.774411,0.369024,4.000000,2.039555,3.000000,117.391304,0.679852,7.000000,1.707729,5.000000,103.265306,0.341546,4.000000,1.681537,0.000000,40.163934,0.000000,8.000000,4.018445,7.000000,149.144254,0.574064,8.000000,2.768939,5.000000,137.248322,0.553788,1.000000,1.977570,9.000000,67.420814,0.219730,2.000000,3.021809,7.000000,123.463687,0.431687,1.000000,1.000000,2.000000,63.000000,-1.000000,,,,54.809718,46.259542,47.735369,1.314929,1.911602,-0.596674,25.855397,19.277703,17.456483,0.575275,5.216153,0.589701,0.064503,,0.000000,,44.535218,9.815951,37.428362,0.192172,0.252088,-0.059916,24.507096,17.065430,24.690831,-0.350028,-0.010174,0.279170,0.015795,0.865081,2.894737,,192.233010,50.748503,1.142071,1.146814
2025-12-16T05:45:00Z,1.297635,no_impulse,0,CANBK,1h,-1.000000,53.555556,1.618536,2.000000,0.809268,-0.090290,-0.015093,1.700399,3.116343,22.000000,132.743363,0.141652,1.000000,50.422994,46.081505,70.114943,0.000000,0.278194,0.221360,0.056834,12.604538,21.410416,24.504266,-0.061590,0.044117,1.799671,0.467884,0.019166,2.293795,6.000000,50.748503,0.382299,2.000000,42.186701,54.491018,65.818363,1.000000,-0.225928,-0.327234,0.101307,18.971084,19.093177,30.199277,-0.748154,-1.455681,0.609336,0.307606,0.038598,4.733896,7.000000,80.095923,0.676271,3.000000,54.752612,89.071856,73.421898,0.000000,-0.347888,-0.637341,0.289452,23.691622,27.751935,26.814485,0.812015,-0.049346,2.254545,0.642462,0.057466,5.580462,9.000000,188.687783,0.620051,4.000000,31.192525,23.141487,15.334150,1.000000,-1.135475,-0.849079,-0.286396,29.614861,11.093258,39.845251,-1.874364,-3.132952,-0.383776,0.209284,0.063288,3.047645,15.000000,55.808081,0.203176,3.000000,50.167896,79.120879,82.512390,1.000000,-0.257046,-0.455715,0.198669,19.666647,22.328446,16.648453,0.174663,-0.212536,3.470559,0.563972,0.027351,5.178163,4.000000,192.233010,1.294541,4.000000,27.055520,8.387800,7.561205,1.000000,-0.685352,-0.087448,-0.597904,31.847053,14.491086,38.823986,-2.876023,-2.883501,2.019229,0.083199,0.067073,2.768259,0.000000,76.579926,0.000000,8.000000,36.442018,4.460967,38.797184,0.000000,0.227734,0.401781,-0.174047,28.812089,20.706438,31.562345,-1.804803,-1.041153,4.267296,-0.054287,0.031984,3.488749,5.000000,116.702820,0.697750,8.000000,36.442018,4.460967,38.797184,1.000000,0.227734,0.401781,-0.174047,28.812089,20.706438,31.562345,-1.804803,-1.041153,4.267296,-0.054287,0.031984,3.081551,5.000000,112.990196,0.616310,1.000000,2.654867,4.000000,85.714286,0.663717,2.000000,3.196347,21.000000,133.333333,0.152207,1.000000,2.341137,0.000000,49.652295,0.000000,7.000000,4.948383,7.000000,218.541033,0.706912,7.000000,2.214146,6.000000,110.774411,0.369024,4.000000,2.039555,3.000000,117.391304,0.679852,7.000000,1.707729,5.000000,103.265306,0.341546,4.000000,1.681537,0.000000,40.163934,0.000000,8.000000,4.018445,7.000000,149.144254,0.574064,8.000000,2.768939,5.000000,137.248322,0.553788,1.000000,1.977570,9.000000,67.420814,0.219730,2.000000,2.000000,3.000000,65.000000,-1.000000,,,,54.809718,46.259542,47.735369,1.314929,1.911602,-0.596674,25.855397,19.277703,17.456483,0.575275,5.216153,0.589701,0.064503,,0.000000,,39.757527,12.863071,11.177091,-0.104779,0.015942,-0.120721,24.729042,13.904895,26.421191,-0.455502,-0.375469,0.236664,0.017219,0.450297,0.259740,,192.233010,50.748503,1.145506,0.734741
2025-12-18T03:45:00Z,1.343963,no_impulse,0,CANBK,1h,1.000000,217.012448,3.570210,12.000000,0.297517,0.289933,0.828762,2.701512,1.618536,2.000000,53.555556,0.809268,2.000000,49.813103,37.241379,37.491809,0.000000,0.182103,0.213000,-0.030897,12.092989,18.974606,23.412295,-0.090290,-0.015093,1.700399,0.452969,0.019181,3.116343,22.000000,132.743363,0.141652,1.000000,50.422994,46.081505,70.114943,0.000000,0.278194,0.221360,0.056834,12.604538,21.410416,24.504266,-0.061590,0.044117,1.799671,0.467884,0.019166,2.293795,6.000000,50.748503,0.382299,2.000000,42.186701,54.491018,65.818363,1.000000,-0.225928,-0.327234,0.101307,18.971084,19.093177,30.199277,-0.748154,-1.455681,0.609336,0.307606,0.038598,4.733896,7.000000,80.095923,0.676271,3.000000,54.752612,89.071856,73.421898,0.000000,-0.347888,-0.637341,0.289452,23.691622,27.751935,26.814485,0.812015,-0.049346,2.254545,0.642462,0.057466,5.580462,9.000000,188.687783,0.620051,4.000000,31.192525,23.141487,15.334150,1.000000,-1.135475,-0.849079,-0.286396,29.614861,11.093258,39.845251,-1.874364,-3.132952,-0.383776,0.209284,0.063288,3.047645,15.000000,55.808081,0.203176,3.000000,50.167896,79.120879,82.512390,1.000000,-0.257046,-0.455715,0.198669,19.666647,22.328446,16.648453,0.174663,-0.212536,3.470559,0.563972,0.027351,5.178163,4.000000,192.233010,1.294541,4.000000,27.055520,8.387800,7.561205,1.000000,-0.685352,-0.087448,-0.597904,31.847053,14.491086,38.823986,-2.876023,-2.883501,2.019229,0.083199,0.067073,2.768259,0.000000,76.579926,0.000000,8.000000,36.442018,4.460967,38.797184,0.000000,0.227734,0.401781,-0.174047,28.812089,20.706438,31.562345,-1.804803,-1.041153,4.267296,-0.054287,0.031984,3.488749,5.000000,116.702820,0.697750,8.000000,3.081551,5.000000,112.990196,0.616310,1.000000,2.654867,4.000000,85.714286,0.663717,2.000000,3.196347,21.000000,133.333333,0.152207,1.000000,2.341137,0.000000,49.652295,0.000000,7.000000,4.948383,7.000000,218.541033,0.706912,7.000000,2.214146,6.000000,110.774411,0.369024,4.000000,2.039555,3.000000,117.391304,0.679852,7.000000,1.707729,5.000000,103.265306,0.341546,4.000000,1.681537,0.000000,40.163934,0.000000,8.000000,4.018445,7.000000,149.144254,0.574064,8.000000,2.768939,5.000000,137.248322,0.553788,1.000000,1.000000,4.000000,77.000000,-1.000000,,,,59.173814,66.564885,60.763359,1.378677,1.695113,-0.316437,24.619998,22.001202,14.970578,1.893989,6.358858,0.797694,0.064850,,0.000000,,51.858332,2.985075,29.173719,0.233407,0.306678,-0.073271,39.629589,38.505933,10.385744,-0.064816,0.463313,0.411568,0.007325,1.022766,1.600000,,192.233010,50.748503,1.279041,0.526020
2025-12-18T03:45:00Z,1.313845,no_impulse,0,CANBK,1h,-1.000000,65.009560,2.240970,0.000000,0.000000,0.289933,0.828762,2.701512,3.570210,12.000000,217.012448,0.297517,1.000000,55.626575,50.095602,74.662792,0.000000,0.528049,0.440635,0.087414,21.435133,22.565737,19.363472,0.289933,0.828762,2.701512,0.584918,0.034242,1.618536,2.000000,53.555556,0.809268,2.000000,49.813103,37.241379,37.491809,0.000000,0.182103,0.213000,-0.030897,12.092989,18.974606,23.412295,-0.090290,-0.015093,1.700399,0.452969,0.019181,3.116343,22.000000,132.743363,0.141652,1.000000,50.422994,46.081505,70.114943,0.000000,0.278194,0.221360,0.056834,12.604538,21.410416,24.504266,-0.061590,0.044117,1.799671,0.467884,0.019166,2.293795,6.000000,50.748503,0.382299,2.000000,42.186701,54.491018,65.818363,1.000000,-0.225928,-0.327234,0.101307,18.971084,19.093177,30.199277,-0.748154,-1.455681,0.609336,0.307606,0.038598,4.733896,7.000000,80.095923,0.676271,3.000000,54.752612,89.071856,73.421898,0.000000,-0.347888,-0.637341,0.289452,23.691622,27.751935,26.814485,0.812015,-0.049346,2.254545,0.642462,0.057466,5.580462,9.000000,188.687783,0.620051,4.000000,31.192525,23.141487,15.334150,1.000000,-1.135475,-0.849079,-0.286396,29.614861,11.093258,39.845251,-1.874364,-3.132952,-0.383776,0.209284,0.063288,3.047645,15.000000,55.808081,0.203176,3.000000,50.167896,79.120879,82.512390,1.000000,-0.257046,-0.455715,0.198669,19.666647,22.328446,16.648453,0.174663,-0.212536,3.470559,0.563972,0.027351,5.178163,4.000000,192.233010,1.294541,4.000000,27.055520,8.387800,7.561205,1.000000,-0.685352,-0.087448,-0.597904,31.847053,14.491086,38.823986,-2.876023,-2.883501,2.019229,0.083199,0.067073,2.768259,0.000000,76.579926,0.000000,8.000000,3.488749,5.000000,116.702820,0.697750,8.000000,3.081551,5.000000,112.990196,0.616310,1.000000,2.654867,4.000000,85.714286,0.663717,2.000000,3.196347,21.000000,133.333333,0.152207,1.000000,2.341137,0.000000,49.652295,0.000000,7.000000,4.948383,7.000000,218.541033,0.706912,7.000000,2.214146,6.000000,110.774411,0.369024,4.000000,2.039555,3.000000,117.391304,0.679852,7.000000,1.707729,5.000000,103.265306,0.341546,4.000000,1.681537,0.000000,40.163934,0.000000,8.000000,4.018445,7.000000,149.144254,0.574064,8.000000,1.000000,5.000000,77.000000,-1.000000,,,,59.173814,66.564885,60.763359,1.378677,1.695113,-0.316437,24.619998,22.001202,14.970578,1.893989,6.358858,0.797694,0.064850,,0.000000,,51.858332,2.985075,29.173719,0.233407,0.306678,-0.073271,39.629589,38.505933,10.385744,-0.064816,0.463313,0.411568,0.007325,0.633113,0.000000,,217.012448,50.748503,1.270980,0.658708
2025-12-19T03:45:00Z,1.337408,no_impulse,0,CANBK,1h,1.000000,78.235294,1.793420,7.000000,0.256203,-0.268703,0.315815,2.290820,2.240970,0.000000,65.009560,0.000000,1.000000,55.626575,50.095602,74.662792,0.000000,0.528049,0.440635,0.087414,21.435133,22.565737,19.363472,0.289933,0.828762,2.701512,0.584918,0.034242,3.570210,12.000000,217.012448,0.297517,1.000000,55.626575,50.095602,74.662792,0.000000,0.528049,0.440635,0.087414,21.435133,22.565737,19.363472,0.289933,0.828762,2.701512,0.584918,0.034242,1.618536,2.000000,53.555556,0.809268,2.000000,49.813103,37.241379,37.491809,0.000000,0.182103,0.213000,-0.030897,12.092989,18.974606,23.412295,-0.090290,-0.015093,1.700399,0.452969,0.019181,3.116343,22.000000,132.743363,0.141652,1.000000,50.422994,46.081505,70.114943,0.000000,0.278194,0.221360,0.056834,12.604538,21.410416,24.504266,-0.061590,0.044117,1.799671,0.467884,0.019166,2.293795,6.000000,50.748503,0.382299,2.000000,42.186701,54.491018,65.818363,1.000000,-0.225928,-0.327234,0.101307,18.971084,19.093177,30.199277,-0.748154,-1.455681,0.609336,0.307606,0.038598,4.733896,7.000000,80.095923,0.676271,3.000000,54.752612,89.071856,73.421898,0.000000,-0.347888,-0.637341,0.289452,23.691622,27.751935,26.814485,0.812015,-0.049346,2.254545,0.642462,0.057466,5.580462,9.000000,188.687783,0.620051,4.000000,31.192525,23.141487,15.334150,1.000000,-1.135475,-0.849079,-0.286396,29.614861,11.093258,39.845251,-1.874364,-3.132952,-0.383776,0.209284,0.063288,3.047645,15.000000,55.808081,0.203176,3.000000,50.167896,79.120879,82.512390,1.000000,-0.257046,-0.455715,0.198669,19.666647,22.328446,16.648453,0.174663,-0.212536,3.470559,0.563972,0.027351,5.178163,4.000000,192.233010,1.294541,4.000000,2.768259,0.000000,76.579926,0.000000,8.000000,3.488749,5.000000,116.702820,0.697750,8.000000,3.081551,5.000000,112.990196,0.616310,1.000000,2.654867,4.000000,85.714286,0.663717,2.000000,3.196347,21.000000,133.333333,0.152207,1.000000,2.341137,0.000000,49.652295,0.000000,7.000000,4.948383,7.000000,218.541033,0.706912,7.000000,2.214146,6.000000,110.774411,0.369024,4.000000,2.039555,3.000000,117.391304,0.679852,7.000000,1.707729,5.000000,103.265306,0.341546,4.000000,1.681537,0.000000,40.163934,0.000000,8.000000,3.000000,1.000000,84.000000,-1.000000,,,,56.086854,57.022901,64.351145,1.321717,1.631843,-0.310126,23.721332,20.345946,15.973557,0.966852,5.352584,0.654713,0.063103,,0.000000,,58.248894,69.035533,53.567400,0.006902,0.026128,-0.019226,22.675190,35.213745,18.309471,0.333625,0.529540,0.777234,0.012074,0.525186,0.909091,,217.012448,50.748503,1.336109,0.732422
2025-12-19T06:45:00Z,1.304544,no_impulse,0,CANBK,1h,-1.000000,139.473684,2.457279,3.000000,0.819093,-0.908065,-0.546306,1.345613,1.793420,7.000000,78.235294,0.256203,3.000000,49.167192,14.411765,44.878095,0.000000,0.379206,0.466930,-0.087725,16.361737,23.362122,18.482229,-0.268703,0.315815,2.290820,0.421553,0.034161,2.240970,0.000000,65.009560,0.000000,1.000000,55.626575,50.095602,74.662792,0.000000,0.528049,0.440635,0.087414,21.435133,22.565737,19.363472,0.289933,0.828762,2.701512,0.584918,0.034242,3.570210,12.000000,217.012448,0.297517,1.000000,55.626575,50.095602,74.662792,0.000000,0.528049,0.440635,0.087414,21.435133,22.565737,19.363472,0.289933,0.828762,2.701512,0.584918,0.034242,1.618536,2.000000,53.555556,0.809268,2.000000,49.813103,37.241379,37.491809,0.000000,0.182103,0.213000,-0.030897,12.092989,18.974606,23.412295,-0.090290,-0.015093,1.700399,0.452969,0.019181,3.116343,22.000000,132.743363,0.141652,1.000000,50.422994,46.081505,70.114943,0.000000,0.278194,0.221360,0.056834,12.604538,21.410416,24.504266,-0.061590,0.044117,1.799671,0.467884,0.019166,2.293795,6.000000,50.748503,0.382299,2.000000,42.186701,54.491018,65.818363,1.000000,-0.225928,-0.327234,0.101307,18.971084,19.093177,30.199277,-0.748154,-1.455681,0.609336,0.307606,0.038598,4.733896,7.000000,80.095923,0.676271,3.000000,54.752612,89.071856,73.421898,0.000000,-0.347888,-0.637341,0.289452,23.691622,27.751935,26.814485,0.812015,-0.049346,2.254545,0.642462,0.057466,5.580462,9.000000,188.687783,0.620051,4.000000,31.192525,23.141487,15.334150,1.000000,-1.135475,-0.849079,-0.286396,29.614861,11.093258,39.845251,-1.874364,-3.132952,-0.383776,0.209284,0.063288,3.047645,15.000000,55.808081,0.203176,3.000000,5.178163,4.000000,192.233010,1.294541,4.000000,2.768259,0.000000,76.579926,0.000000,8.000000,3.488749,5.000000,116.702820,0.697750,8.000000,3.081551,5.000000,112.990196,0.616310,1.000000,2.654867,4.000000,85.714286,0.663717,2.000000,3.196347,21.000000,133.333333,0.152207,1.000000,2.341137,0.000000,49.652295,0.000000,7.000000,4.948383,7.000000,218.541033,0.706912,7.000000,2.214146,6.000000,110.774411,0.369024,4.000000,2.039555,3.000000,117.391304,0.679852,7.000000,1.707729,5.000000,103.265306,0.341546,4.000000,4.000000,2.000000,87.000000,-1.000000,,,,56.086854,57.022901,64.351145,1.321717,1.631843,-0.310126,23.721332,20.345946,15.973557,0.966852,5.352584,0.654713,0.063103,,0.000000,,33.556643,13.746631,9.344115,-0.402270,-0.296451,-0.105819,20.696355,18.677999,28.756073,-0.556826,-0.854447,0.272335,0.024323,0.740737,0.357143,,217.012448,50.748503,1.421368,1.081939
2025-12-23T03:45:00Z,1.339800,no_impulse,0,CANBK,1h,1.000000,107.277628,2.702519,11.000000,0.245684,0.647975,1.115307,3.019297,2.457279,3.000000,139.473684,0.819093,4.000000,40.810793,4.044944,5.490869,0.000000,0.054521,0.309053,-0.254531,14.913490,19.174585,23.505356,-0.908065,-0.546306,1.345613,0.211363,0.031177,1.793420,7.000000,78.235294,0.256203,3.000000,49.167192,14.411765,44.878095,0.000000,0.379206,0.466930,-0.087725,16.361737,23.362122,18.482229,-0.268703,0.315815,2.290820,0.421553,0.034161,2.240970,0.000000,65.009560,0.000000,1.000000,55.626575,50.095602,74.662792,0.000000,0.528049,0.440635,0.087414,21.435133,22.565737,19.363472,0.289933,0.828762,2.701512,0.584918,0.034242,3.570210,12.000000,217.012448,0.297517,1.000000,55.626575,50.095602,74.662792,0.000000,0.528049,0.440635,0.087414,21.435133,22.565737,19.363472,0.289933,0.828762,2.701512,0.584918,0.034242,1.618536,2.000000,53.555556,0.809268,2.000000,49.813103,37.241379,37.491809,0.000000,0.182103,0.213000,-0.030897,12.092989,18.974606,23.412295,-0.090290,-0.015093,1.700399,0.452969,0.019181,3.116343,22.000000,132.743363,0.141652,1.000000,50.422994,46.081505,70.114943,0.000000,0.278194,0.221360,0.056834,12.604538,21.410416,24.504266,-0.061590,0.044117,1.799671,0.467884,0.019166,2.293795,6.000000,50.748503,0.382299,2.000000,42.186701,54.491018,65.818363,1.000000,-0.225928,-0.327234,0.101307,18.971084,19.093177,30.199277,-0.748154,-1.455681,0.609336,0.307606,0.038598,4.733896,7.000000,80.095923,0.676271,3.000000,54.752612,89.071856,73.421898,0.000000,-0.347888,-0.637341,0.289452,23.691622,27.751935,26.814485,0.812015,-0.049346,2.254545,0.642462,0.057466,5.580462,9.000000,188.687783,0.620051,4.000000,3.047645,15.000000,55.808081,0.203176,3.000000,5.178163,4.000000,192.233010,1.294541,4.000000,2.768259,0.000000,76.579926,0.000000,8.000000,3.488749,5.000000,116.702820,0.697750,8.000000,3.081551,5.000000,112.990196,0.616310,1.000000,2.654867,4.000000,85.714286,0.663717,2.000000,3.196347,21.000000,133.333333,0.152207,1.000000,2.341137,0.000000,49.652295,0.000000,7.000000,4.948383,7.000000,218.541033,0.706912,7.000000,2.214146,6.000000,110.774411,0.369024,4.000000,2.039555,3.000000,117.391304,0.679852,7.000000,7.000000,3.000000,98.000000,-1.000000,,,,59.025787,85.862394,73.501179,1.329452,1.511764,-0.182312,22.402994,20.462587,14.783468,1.671915,5.892841,0.765898,0.063947,,0.000000,,66.290263,75.903614,73.800853,0.221060,0.212286,0.008773,23.956094,34.083610,12.096347,0.577683,0.870627,1.128185,0.009249,0.887452,1.325301,,217.012448,50.748503,1.278859,0.781650
2025-12-26T03:45:00Z,1.319515,no_impulse,0,CANBK,1h,-1.000000,57.537688,1.514050,14.000000,0.108146,0.155525,0.533193,2.448526,2.702519,11.000000,107.277628,0.245684,7.000000,59.458770,79.648241,80.098380,0.000000,0.293606,0.216504,0.077102,15.467965,27.094275,14.797646,0.647975,1.115307,3.019297,0.739205,0.027265,2.457279,3.000000,139.473684,0.819093,4.000000,40.810793,4.044944,5.490869,0.000000,0.054521,0.309053,-0.254531,14.913490,19.174585,23.505356,-0.908065,-0.546306,1.345613,0.211363,0.031177,1.793420,7.000000,78.235294,0.256203,3.000000,49.167192,14.411765,44.878095,0.000000,0.379206,0.466930,-0.087725,16.361737,23.362122,18.482229,-0.268703,0.315815,2.290820,0.421553,0.034161,2.240970,0.000000,65.009560,0.000000,1.000000,55.626575,50.095602,74.662792,0.000000,0.528049,0.440635,0.087414,21.435133,22.565737,19.363472,0.289933,0.828762,2.701512,0.584918,0.034242,3.570210,12.000000,217.012448,0.297517,1.000000,55.626575,50.095602,74.662792,0.000000,0.528049,0.440635,0.087414,21.435133,22.565737,19.363472,0.289933,0.828762,2.701512,0.584918,0.034242,1.618536,2.000000,53.555556,0.809268,2.000000,49.813103,37.241379,37.491809,0.000000,0.182103,0.213000,-0.030897,12.092989,18.974606,23.412295,-0.090290,-0.015093,1.700399,0.452969,0.019181,3.116343,22.000000,132.743363,0.141652,1.000000,50.422994,46.081505,70.114943,0.000000,0.278194,0.221360,0.056834,12.604538,21.410416,24.504266,-0.061590,0.044117,1.799671,0.467884,0.019166,2.293795,6.000000,50.748503,0.382299,2.000000,42.186701,54.491018,65.818363,1.000000,-0.225928,-0.327234,0.101307,18.971084,19.093177,30.199277,-0.748154,-1.455681,0.609336,0.307606,0.038598,4.733896,7.000000,80.095923,0.676271,3.000000,5.580462,9.000000,188.687783,0.620051,4.000000,3.047645,15.000000,55.808081,0.203176,3.000000,5.178163,4.000000,192.233010,1.294541,4.000000,2.768259,0.000000,76.579926,0.000000,8.000000,3.488749,5.000000,116.702820,0.697750,8.000000,3.081551,5.000000,112.990196,0.616310,1.000000,2.654867,4.000000,85.714286,0.663717,2.000000,3.196347,21.000000,133.333333,0.152207,1.000000,2.341137,0.000000,49.652295,0.000000,7.000000,4.948383,7.000000,218.541033,0.706912,7.000000,2.214146,6.000000,110.774411,0.369024,4.000000,2.000000,1.000000,14.000000,-1.000000,,,,58.343842,84.448633,83.663211,1.256601,1.425493,-0.168892,21.083425,18.798915,15.059162,1.311134,5.362932,0.717924,0.060964,,0.000000,,53.775736,84.931507,40.137545,-0.063317,-0.064354,0.001037,13.042620,12.090783,23.262808,0.149922,0.127753,0.789176,0.005192,0.502882,1.772152,,217.012448,50.748503,1.283436,0.935866
2025-12-29T07:45:00Z,1.347329,no_impulse,0,CANBK,1h,1.000000,137.117904,2.107948,11.000000,0.191632,0.651769,1.000772,2.876944,1.514050,14.000000,57.537688,0.108146,2.000000,54.581894,52.488688,23.918833,1.000000,0.117804,0.181017,-0.063213,15.230952,18.894466,18.521315,0.155525,0.533193,2.448526,0.744748,0.006364,2.702519,11.000000,107.277628,0.245684,7.000000,59.458770,79.648241,80.098380,0.000000,0.293606,0.216504,0.077102,15.467965,27.094275,14.797646,0.647975,1.115307,3.019297,0.739205,0.027265,2.457279,3.000000,139.473684,0.819093,4.000000,40.810793,4.044944,5.490869,0.000000,0.054521,0.309053,-0.254531,14.913490,19.174585,23.505356,-0.908065,-0.546306,1.345613,0.211363,0.031177,1.793420,7.000000,78.235294,0.256203,3.000000,49.167192,14.411765,44.878095,0.000000,0.379206,0.466930,-0.087725,16.361737,23.362122,18.482229,-0.268703,0.315815,2.290820,0.421553,0.034161,2.240970,0.000000,65.009560,0.000000,1.000000,55.626575,50.095602,74.662792,0.000000,0.528049,0.440635,0.087414,21.435133,22.565737,19.363472,0.289933,0.828762,2.701512,0.584918,0.034242,3.570210,12.000000,217.012448,0.297517,1.000000,55.626575,50.095602,74.662792,0.000000,0.528049,0.440635,0.087414,21.435133,22.565737,19.363472,0.289933,0.828762,2.701512,0.584918,0.034242,1.618536,2.000000,53.555556,0.809268,2.000000,49.813103,37.241379,37.491809,0.000000,0.182103,0.213000,-0.030897,12.092989,18.974606,23.412295,-0.090290,-0.015093,1.700399,0.452969,0.019181,3.116343,22.000000,132.743363,0.141652,1.000000,50.422994,46.081505,70.114943,0.000000,0.278194,0.221360,0.056834,12.604538,21.410416,24.504266,-0.061590,0.044117,1.799671,0.467884,0.019166,2.293795,6.000000,50.748503,0.382299,2.000000,4.733896,7.000000,80.095923,0.676271,3.000000,5.580462,9.000000,188.687783,0.620051,4.000000,3.047645,15.000000,55.808081,0.203176,3.000000,5.178163,4.000000,192.233010,1.294541,4.000000,2.768259,0.000000,76.579926,0.000000,8.000000,3.488749,5.000000,116.702820,0.697750,8.000000,3.081551,5.000000,112.990196,0.616310,1.000000,2.654867,4.000000,85.714286,0.663717,2.000000,3.196347,21.000000,133.333333,0.152207,1.000000,2.341137,0.000000,49.652295,0.000000,7.000000,4.948383,7.000000,218.541033,0.706912,7.000000,1.000000,2.000000,25.000000,-1.000000,,,,65.972575,95.346535,89.686045,1.385630,1.363158,0.022472,21.599721,23.589774,12.519072,3.324220,7.272597,1.012341,0.067114,,0.000000,,44.083202,13.223140,29.720997,0.025579,0.035577,-0.009998,16.317538,22.913431,19.460783,-0.146870,-0.098984,0.258774,0.006080,0.809472,1.309524,95.000000,217.012448,50.748503,0.989272,0.877607
2025-12-30T03:45:00Z,1.320932,no_impulse,0,CANBK,1h,-1.000000,94.904459,1.959237,3.000000,0.653079,0.613663,1.008369,2.903708,2.107948,11.000000,137.117904,0.191632,1.000000,62.257756,71.337580,67.860190,0.000000,0.148091,0.126896,0.021195,15.008181,30.898112,12.637683,0.651769,1.000772,2.876944,1.195162,0.009437,1.514050,14.000000,57.537688,0.108146,2.000000,54.581894,52.488688,23.918833,1.000000,0.117804,0.181017,-0.063213,15.230952,18.894466,18.521315,0.155525,0.533193,2.448526,0.744748,0.006364,2.702519,11.000000,107.277628,0.245684,7.000000,59.458770,79.648241,80.098380,0.000000,0.293606,0.216504,0.077102,15.467965,27.094275,14.797646,0.647975,1.115307,3.019297,0.739205,0.027265,2.457279,3.000000,139.473684,0.819093,4.000000,40.810793,4.044944,5.490869,0.000000,0.054521,0.309053,-0.254531,14.913490,19.174585,23.505356,-0.908065,-0.546306,1.345613,0.211363,0.031177,1.793420,7.000000,78.235294,0.256203,3.000000,49.167192,14.411765,44.878095,0.000000,0.379206,0.466930,-0.087725,16.361737,23.362122,18.482229,-0.268703,0.315815,2.290820,0.421553,0.034161,2.240970,0.000000,65.009560,0.000000,1.000000,55.626575,50.095602,74.662792,0.000000,0.528049,0.440635,0.087414,21.435133,22.565737,19.363472,0.289933,0.828762,2.701512,0.584918,0.034242,3.570210,12.000000,217.012448,0.297517,1.000000,55.626575,50.095602,74.662792,0.000000,0.528049,0.440635,0.087414,21.435133,22.565737,19.363472,0.289933,0.828762,2.701512,0.584918,0.034242,1.618536,2.000000,53.555556,0.809268,2.000000,49.813103,37.241379,37.491809,0.000000,0.182103,0.213000,-0.030897,12.092989,18.974606,23.412295,-0.090290,-0.015093,1.700399,0.452969,0.019181,3.116343,22.000000,132.743363,0.141652,1.000000,2.293795,6.000000,50.748503,0.382299,2.000000,4.733896,7.000000,80.095923,0.676271,3.000000,5.580462,9.000000,188.687783,0.620051,4.000000,3.047645,15.000000,55.808081,0.203176,3.000000,5.178163,4.000000,192.233010,1.294541,4.000000,2.768259,0.000000,76.579926,0.000000,8.000000,3.488749,5.000000,116.702820,0.697750,8.000000,3.081551,5.000000,112.990196,0.616310,1.000000,2.654867,4.000000,85.714286,0.663717,2.000000,3.196347,21.000000,133.333333,0.152207,1.000000,2.341137,0.000000,49.652295,0.000000,7.000000,2.000000,3.000000,28.000000,-1.000000,,,,65.972575,95.346535,89.686045,1.385630,1.363158,0.022472,21.599721,23.589774,12.519072,3.324220,7.272597,1.012341,0.067114,,0.000000,,36.773603,7.718121,31.461596,0.058155,0.106025,-0.047870,25.810250,28.265404,26.255929,-0.805423,-0.689052,-0.098221,0.013356,0.836742,0.340909,91.000000,217.012448,50.748503,0.652220,0.974251
2025-12-31T03:45:00Z,1.385242,no_impulse,0,CANBK,1h,1.000000,243.624161,4.868562,7.000000,0.695509,2.655515,3.547400,5.705703,1.959237,3.000000,94.904459,0.653079,2.000000,61.392467,75.503356,66.569059,0.000000,0.215155,0.156685,0.058470,18.579256,23.244045,18.110559,0.613663,1.008369,2.903708,0.973635,0.013036,2.107948,11.000000,137.117904,0.191632,1.000000,62.257756,71.337580,67.860190,0.000000,0.148091,0.126896,0.021195,15.008181,30.898112,12.637683,0.651769,1.000772,2.876944,1.195162,0.009437,1.514050,14.000000,57.537688,0.108146,2.000000,54.581894,52.488688,23.918833,1.000000,0.117804,0.181017,-0.063213,15.230952,18.894466,18.521315,0.155525,0.533193,2.448526,0.744748,0.006364,2.702519,11.000000,107.277628,0.245684,7.000000,59.458770,79.648241,80.098380,0.000000,0.293606,0.216504,0.077102,15.467965,27.094275,14.797646,0.647975,1.115307,3.019297,0.739205,0.027265,2.457279,3.000000,139.473684,0.819093,4.000000,40.810793,4.044944,5.490869,0.000000,0.054521,0.309053,-0.254531,14.913490,19.174585,23.505356,-0.908065,-0.546306,1.345613,0.211363,0.031177,1.793420,7.000000,78.235294,0.256203,3.000000,49.167192,14.411765,44.878095,0.000000,0.379206,0.466930,-0.087725,16.361737,23.362122,18.482229,-0.268703,0.315815,2.290820,0.421553,0.034161,2.240970,0.000000,65.009560,0.000000,1.000000,55.626575,50.095602,74.662792,0.000000,0.528049,0.440635,0.087414,21.435133,22.565737,19.363472,0.289933,0.828762,2.701512,0.584918,0.034242,3.570210,12.000000,217.012448,0.297517,1.000000,55.626575,50.095602,74.662792,0.000000,0.528049,0.440635,0.087414,21.435133,22.565737,19.363472,0.289933,0.828762,2.701512,0.584918,0.034242,1.618536,2.000000,53.555556,0.809268,2.000000,3.116343,22.000000,132.743363,0.141652,1.000000,2.293795,6.000000,50.748503,0.382299,2.000000,4.733896,7.000000,80.095923,0.676271,3.000000,5.580462,9.000000,188.687783,0.620051,4.000000,3.047645,15.000000,55.808081,0.203176,3.000000,5.178163,4.000000,192.233010,1.294541,4.000000,2.768259,0.000000,76.579926,0.000000,8.000000,3.488749,5.000000,116.702820,0.697750,8.000000,3.081551,5.000000,112.990196,0.616310,1.000000,2.654867,4.000000,85.714286,0.663717,2.000000,3.196347,21.000000,133.333333,0.152207,1.000000,1.000000,4.000000,35.000000,-1.000000,,,,67.422589,75.764706,86.791402,1.526807,1.389692,0.137114,23.184101,28.577087,11.173753,3.504512,7.493498,0.991274,0.073926,,0.000000,,76.717687,89.595376,87.028246,0.537194,0.456539,0.080655,45.404806,36.262407,7.891215,1.288399,2.028986,1.115542,0.021204,2.109382,0.823529,98.000000,217.012448,53.555556,0.663424,0.802684
2025-12-31T03:45:00Z,1.355302,no_impulse,0,CANBK,1h,-1.000000,46.556474,2.161402,0.000000,0.000000,2.655515,3.547400,5.705703,4.868562,7.000000,243.624161,0.695509,1.000000,84.016427,99.586777,95.711082,0.000000,0.786833,0.479309,0.307524,29.984309,37.970909,8.664209,2.655515,3.547400,5.705703,1.096860,0.045705,1.959237,3.000000,94.904459,0.653079,2.000000,61.392467,75.503356,66.569059,0.000000,0.215155,0.156685,0.058470,18.579256,23.244045,18.110559,0.613663,1.008369,2.903708,0.973635,0.013036,2.107948,11.000000,137.117904,0.191632,1.000000,62.257756,71.337580,67.860190,0.000000,0.148091,0.126896,0.021195,15.008181,30.898112,12.637683,0.651769,1.000772,2.876944,1.195162,0.009437,1.514050,14.000000,57.537688,0.108146,2.000000,54.581894,52.488688,23.918833,1.000000,0.117804,0.181017,-0.063213,15.230952,18.894466,18.521315,0.155525,0.533193,2.448526,0.744748,0.006364,2.702519,11.000000,107.277628,0.245684,7.000000,59.458770,79.648241,80.098380,0.000000,0.293606,0.216504,0.077102,15.467965,27.094275,14.797646,0.647975,1.115307,3.019297,0.739205,0.027265,2.457279,3.000000,139.473684,0.819093,4.000000,40.810793,4.044944,5.490869,0.000000,0.054521,0.309053,-0.254531,14.913490,19.174585,23.505356,-0.908065,-0.546306,1.345613,0.211363,0.031177,1.793420,7.000000,78.235294,0.256203,3.000000,49.167192,14.411765,44.878095,0.000000,0.379206,0.466930,-0.087725,16.361737,23.362122,18.482229,-0.268703,0.315815,2.290820,0.421553,0.034161,2.240970,0.000000,65.009560,0.000000,1.000000,55.626575,50.095602,74.662792,0.000000,0.528049,0.440635,0.087414,21.435133,22.565737,19.363472,0.289933,0.828762,2.701512,0.584918,0.034242,3.570210,12.000000,217.012448,0.297517,1.000000,1.618536,2.000000,53.555556,0.809268,2.000000,3.116343,22.000000,132.743363,0.141652,1.000000,2.293795,6.000000,50.748503,0.382299,2.000000,4.733896,7.000000,80.095923,0.676271,3.000000,5.580462,9.000000,188.687783,0.620051,4.000000,3.047645,15.000000,55.808081,0.203176,3.000000,5.178163,4.000000,192.233010,1.294541,4.000000,2.768259,0.000000,76.579926,0.000000,8.000000,3.488749,5.000000,116.702820,0.697750,8.000000,3.081551,5.000000,112.990196,0.616310,1.000000,2.654867,4.000000,85.714286,0.663717,2.000000,1.000000,5.000000,35.000000,-1.000000,,,,67.422589,75.764706,86.791402,1.526807,1.389692,0.137114,23.184101,28.577087,11.173753,3.504512,7.493498,0.991274,0.073926,,0.000000,,76.717687,89.595376,87.028246,0.537194,0.456539,0.080655,45.404806,36.262407,7.891215,1.288399,2.028986,1.115542,0.021204,0.870384,0.000000,105.000000,243.624161,53.555556,1.030482,1.338920
2025-12-31T06:45:00Z,1.392152,no_impulse,0,CANBK,1h,1.000000,123.076923,2.718954,3.000000,0.906318,2.212383,3.418461,5.819805,2.161402,0.000000,46.556474,0.000000,1.000000,84.016427,99.586777,95.711082,0.000000,0.786833,0.479309,0.307524,29.984309,37.970909,8.664209,2.655515,3.547400,5.705703,1.096860,0.045705,4.868562,7.000000,243.624161,0.695509,1.000000,84.016427,99.586777,95.711082,0.000000,0.786833,0.479309,0.307524,29.984309,37.970909,8.664209,2.655515,3.547400,5.705703,1.096860,0.045705,1.959237,3.000000,94.904459,0.653079,2.000000,61.392467,75.503356,66.569059,0.000000,0.215155,0.156685,0.058470,18.579256,23.244045,18.110559,0.613663,1.008369,2.903708,0.973635,0.013036,2.107948,11.000000,137.117904,0.191632,1.000000,62.257756,71.337580,67.860190,0.000000,0.148091,0.126896,0.021195,15.008181,30.898112,12.637683,0.651769,1.000772,2.876944,1.195162,0.009437,1.514050,14.000000,57.537688,0.108146,2.000000,54.581894,52.488688,23.918833,1.000000,0.117804,0.181017,-0.063213,15.230952,18.894466,18.521315,0.155525,0.533193,2.448526,0.744748,0.006364,2.702519,11.000000,107.277628,0.245684,7.000000,59.458770,79.648241,80.098380,0.000000,0.293606,0.216504,0.077102,15.467965,27.094275,14.797646,0.647975,1.115307,3.019297,0.739205,0.027265,2.457279,3.000000,139.473684,0.819093,4.000000,40.810793,4.044944,5.490869,0.000000,0.054521,0.309053,-0.254531,14.913490,19.174585,23.505356,-0.908065,-0.546306,1.345613,0.211363,0.031177,1.793420,7.000000,78.235294,0.256203,3.000000,49.167192,14.411765,44.878095,0.000000,0.379206,0.466930,-0.087725,16.361737,23.362122,18.482229,-0.268703,0.315815,2.290820,0.421553,0.034161,2.240970,0.000000,65.009560,0.000000,1.000000,3.570210,12.000000,217.012448,0.297517,1.000000,1.618536,2.000000,53.555556,0.809268,2.000000,3.116343,22.000000,132.743363,0.141652,1.000000,2.293795,6.000000,50.748503,0.382299,2.000000,4.733896,7.000000,80.095923,0.676271,3.000000,5.580462,9.000000,188.687783,0.620051,4.000000,3.047645,15.000000,55.808081,0.203176,3.000000,5.178163,4.000000,192.233010,1.294541,4.000000,2.768259,0.000000,76.579926,0.000000,8.000000,3.488749,5.000000,116.702820,0.697750,8.000000,3.081551,5.000000,112.990196,0.616310,1.000000,1.000000,6.000000,38.000000,-1.000000,,,,65.146390,69.406021,80.172421,1.598595,1.436302,0.162292,24.655311,26.878693,10.509675,2.791504,6.813557,0.866124,0.078434,,0.000000,,67.886967,78.800000,71.933333,0.738916,0.765833,-0.026917,55.897422,26.341338,13.534066,0.787425,1.965302,0.712347,0.037376,1.071484,0.441176,108.000000,243.624161,46.556474,0.993501,1.421326
2026-01-02T04:45:00Z,1.353530,no_impulse,0,CANBK,1h,-1.000000,104.807692,2.774243,12.000000,0.231187,-0.031808,0.930452,3.628170,2.718954,3.000000,123.076923,0.906318,1.000000,76.296782,86.824324,87.131988,1.000000,1.058729,0.734847,0.323882,37.718658,36.730957,6.741655,2.212383,3.418461,5.819805,0.859234,0.062979,2.161402,0.000000,46.556474,0.000000,1.000000,84.016427,99.586777,95.711082,0.000000,0.786833,0.479309,0.307524,29.984309,37.970909,8.664209,2.655515,3.547400,5.705703,1.096860,0.045705,4.868562,7.000000,243.624161,0.695509,1.000000,84.016427,99.586777,95.711082,0.000000,0.786833,0.479309,0.307524,29.984309,37.970909,8.664209,2.655515,3.547400,5.705703,1.096860,0.045705,1.959237,3.000000,94.904459,0.653079,2.000000,61.392467,75.503356,66.569059,0.000000,0.215155,0.156685,0.058470,18.579256,23.244045,18.110559,0.613663,1.008369,2.903708,0.973635,0.013036,2.107948,11.000000,137.117904,0.191632,1.000000,62.257756,71.337580,67.860190,0.000000,0.148091,0.126896,0.021195,15.008181,30.898112,12.637683,0.651769,1.000772,2.876944,1.195162,0.009437,1.514050,14.000000,57.537688,0.108146,2.000000,54.581894,52.488688,23.918833,1.000000,0.117804,0.181017,-0.063213,15.230952,18.894466,18.521315,0.155525,0.533193,2.448526,0.744748,0.006364,2.702519,11.000000,107.277628,0.245684,7.000000,59.458770,79.648241,80.098380,0.000000,0.293606,0.216504,0.077102,15.467965,27.094275,14.797646,0.647975,1.115307,3.019297,0.739205,0.027265,2.457279,3.000000,139.473684,0.819093,4.000000,40.810793,4.044944,5.490869,0.000000,0.054521,0.309053,-0.254531,14.913490,19.174585,23.505356,-0.908065,-0.546306,1.345613,0.211363,0.031177,1.793420,7.000000,78.235294,0.256203,3.000000,2.240970,0.000000,65.009560,0.000000,1.000000,3.570210,12.000000,217.012448,0.297517,1.000000,1.618536,2.000000,53.555556,0.809268,2.000000,3.116343,22.000000,132.743363,0.141652,1.000000,2.293795,6.000000,50.748503,0.382299,2.000000,4.733896,7.000000,80.095923,0.676271,3.000000,5.580462,9.000000,188.687783,0.620051,4.000000,3.047645,15.000000,55.808081,0.203176,3.000000,5.178163,4.000000,192.233010,1.294541,4.000000,2.768259,0.000000,76.579926,0.000000,8.000000,3.488749,5.000000,116.702820,0.697750,8.000000,8.000000,1.000000,50.000000,-1.000000,,,,66.298527,73.916667,73.029131,1.657239,1.475815,0.181424,25.560137,25.184153,11.494594,2.883423,6.910569,0.852966,0.084117,,0.000000,,35.596204,13.761468,23.913397,-0.246326,-0.206398,-0.039928,15.448912,11.501859,22.923115,-0.675661,-0.827359,0.050318,0.014924,1.131220,2.033898,120.000000,243.624161,46.556474,0.929604,1.746731
2026-01-05T03:45:00Z,1.396049,no_impulse,0,CANBK,1h,1.000000,110.091743,3.141361,6.000000,0.523560,1.059711,1.944772,4.678978,2.774243,12.000000,104.807692,0.231187,8.000000,52.548252,24.423077,22.998168,1.000000,0.364587,0.568109,-0.203522,33.996094,22.253591,19.706065,-0.031808,0.930452,3.628170,0.488857,0.028536,2.718954,3.000000,123.076923,0.906318,1.000000,76.296782,86.824324,87.131988,1.000000,1.058729,0.734847,0.323882,37.718658,36.730957,6.741655,2.212383,3.418461,5.819805,0.859234,0.062979,2.161402,0.000000,46.556474,0.000000,1.000000,84.016427,99.586777,95.711082,0.000000,0.786833,0.479309,0.307524,29.984309,37.970909,8.664209,2.655515,3.547400,5.705703,1.096860,0.045705,4.868562,7.000000,243.624161,0.695509,1.000000,84.016427,99.586777,95.711082,0.000000,0.786833,0.479309,0.307524,29.984309,37.970909,8.664209,2.655515,3.547400,5.705703,1.096860,0.045705,1.959237,3.000000,94.904459,0.653079,2.000000,61.392467,75.503356,66.569059,0.000000,0.215155,0.156685,0.058470,18.579256,23.244045,18.110559,0.613663,1.008369,2.903708,0.973635,0.013036,2.107948,11.000000,137.117904,0.191632,1.000000,62.257756,71.337580,67.860190,0.000000,0.148091,0.126896,0.021195,15.008181,30.898112,12.637683,0.651769,1.000772,2.876944,1.195162,0.009437,1.514050,14.000000,57.537688,0.108146,2.000000,54.581894,52.488688,23.918833,1.000000,0.117804,0.181017,-0.063213,15.230952,18.894466,18.521315,0.155525,0.533193,2.448526,0.744748,0.006364,2.702519,11.000000,107.277628,0.245684,7.000000,59.458770,79.648241,80.098380,0.000000,0.293606,0.216504,0.077102,15.467965,27.094275,14.797646,0.647975,1.115307,3.019297,0.739205,0.027265,2.457279,3.000000,139.473684,0.819093,4.000000,1.793420,7.000000,78.235294,0.256203,3.000000,2.240970,0.000000,65.009560,0.000000,1.000000,3.570210,12.000000,217.012448,0.297517,1.000000,1.618536,2.000000,53.555556,0.809268,2.000000,3.116343,22.000000,132.743363,0.141652,1.000000,2.293795,6.000000,50.748503,0.382299,2.000000,4.733896,7.000000,80.095923,0.676271,3.000000,5.580462,9.000000,188.687783,0.620051,4.000000,3.047645,15.000000,55.808081,0.203176,3.000000,5.178163,4.000000,192.233010,1.294541,4.000000,2.768259,0.000000,76.579926,0.000000,8.000000,1.000000,1.000000,6.000000,-1.000000,,,,63.984568,67.245873,70.189520,1.663303,1.518212,0.145090,26.895918,27.131178,10.482817,2.244193,6.268426,0.760802,0.088025,,0.000000,,68.890978,50.277778,59.656681,0.134648,0.037828,0.096820,20.232173,41.550076,8.769328,0.811711,0.886944,1.143978,0.012708,1.253655,0.845070,126.000000,243.624161,46.556474,0.931419,0.856627
2026-01-06T08:45:00Z,1.351758,no_impulse,0,CANBK,1h,-1.000000,104.166667,3.172589,12.000000,0.264382,-0.456808,0.130239,2.870539,3.141361,6.000000,110.091743,0.523560,1.000000,65.687819,70.000000,64.425287,0.000000,0.360239,0.380089,-0.019850,31.145573,34.683835,12.929985,1.059711,1.944772,4.678978,1.023341,0.020466,2.774243,12.000000,104.807692,0.231187,8.000000,52.548252,24.423077,22.998168,1.000000,0.364587,0.568109,-0.203522,33.996094,22.253591,19.706065,-0.031808,0.930452,3.628170,0.488857,0.028536,2.718954,3.000000,123.076923,0.906318,1.000000,76.296782,86.824324,87.131988,1.000000,1.058729,0.734847,0.323882,37.718658,36.730957,6.741655,2.212383,3.418461,5.819805,0.859234,0.062979,2.161402,0.000000,46.556474,0.000000,1.000000,84.016427,99.586777,95.711082,0.000000,0.786833,0.479309,0.307524,29.984309,37.970909,8.664209,2.655515,3.547400,5.705703,1.096860,0.045705,4.868562,7.000000,243.624161,0.695509,1.000000,84.016427,99.586777,95.711082,0.000000,0.786833,0.479309,0.307524,29.984309,37.970909,8.664209,2.655515,3.547400,5.705703,1.096860,0.045705,1.959237,3.000000,94.904459,0.653079,2.000000,61.392467,75.503356,66.569059,0.000000,0.215155,0.156685,0.058470,18.579256,23.244045,18.110559,0.613663,1.008369,2.903708,0.973635,0.013036,2.107948,11.000000,137.117904,0.191632,1.000000,62.257756,71.337580,67.860190,0.000000,0.148091,0.126896,0.021195,15.008181,30.898112,12.637683,0.651769,1.000772,2.876944,1.195162,0.009437,1.514050,14.000000,57.537688,0.108146,2.000000,54.581894,52.488688,23.918833,1.000000,0.117804,0.181017,-0.063213,15.230952,18.894466,18.521315,0.155525,0.533193,2.448526,0.744748,0.006364,2.702519,11.000000,107.277628,0.245684,7.000000,2.457279,3.000000,139.473684,0.819093,4.000000,1.793420,7.000000,78.235294,0.256203,3.000000,2.240970,0.000000,65.009560,0.000000,1.000000,3.570210,12.000000,217.012448,0.297517,1.000000,1.618536,2.000000,53.555556,0.809268,2.000000,3.116343,22.000000,132.743363,0.141652,1.000000,2.293795,6.000000,50.748503,0.382299,2.000000,4.733896,7.000000,80.095923,0.676271,3.000000,5.580462,9.000000,188.687783,0.620051,4.000000,3.047645,15.000000,55.808081,0.203176,3.000000,5.178163,4.000000,192.233010,1.294541,4.000000,8.000000,1.000000,18.000000,-1.000000,,,,59.314020,53.028891,61.041393,1.542666,1.550513,-0.007847,27.702250,22.630453,12.384192,1.120845,5.045368,0.646906,0.077162,,0.000000,,34.804810,13.605442,13.148244,-0.097354,0.035309,-0.132663,20.695316,18.259949,34.143748,-0.879904,-0.879326,-0.068704,0.015337,1.201485,1.714286,138.000000,243.624161,46.556474,0.914254,0.960548
2026-01-07T05:45:00Z,1.385331,no_impulse,0,CANBK,1h,1.000000,75.800000,2.483617,4.000000,0.620904,0.124556,0.692021,3.409786,3.172589,12.000000,104.166667,0.264382,8.000000,46.193659,26.800000,27.887582,1.000000,0.099272,0.199073,-0.099800,29.512444,24.852496,23.160533,-0.456808,0.130239,2.870539,0.255187,0.018575,3.141361,6.000000,110.091743,0.523560,1.000000,65.687819,70.000000,64.425287,0.000000,0.360239,0.380089,-0.019850,31.145573,34.683835,12.929985,1.059711,1.944772,4.678978,1.023341,0.020466,2.774243,12.000000,104.807692,0.231187,8.000000,52.548252,24.423077,22.998168,1.000000,0.364587,0.568109,-0.203522,33.996094,22.253591,19.706065,-0.031808,0.930452,3.628170,0.488857,0.028536,2.718954,3.000000,123.076923,0.906318,1.000000,76.296782,86.824324,87.131988,1.000000,1.058729,0.734847,0.323882,37.718658,36.730957,6.741655,2.212383,3.418461,5.819805,0.859234,0.062979,2.161402,0.000000,46.556474,0.000000,1.000000,84.016427,99.586777,95.711082,0.000000,0.786833,0.479309,0.307524,29.984309,37.970909,8.664209,2.655515,3.547400,5.705703,1.096860,0.045705,4.868562,7.000000,243.624161,0.695509,1.000000,84.016427,99.586777,95.711082,0.000000,0.786833,0.479309,0.307524,29.984309,37.970909,8.664209,2.655515,3.547400,5.705703,1.096860,0.045705,1.959237,3.000000,94.904459,0.653079,2.000000,61.392467,75.503356,66.569059,0.000000,0.215155,0.156685,0.058470,18.579256,23.244045,18.110559,0.613663,1.008369,2.903708,0.973635,0.013036,2.107948,11.000000,137.117904,0.191632,1.000000,62.257756,71.337580,67.860190,0.000000,0.148091,0.126896,0.021195,15.008181,30.898112,12.637683,0.651769,1.000772,2.876944,1.195162,0.009437,1.514050,14.000000,57.537688,0.108146,2.000000,2.702519,11.000000,107.277628,0.245684,7.000000,2.457279,3.000000,139.473684,0.819093,4.000000,1.793420,7.000000,78.235294,0.256203,3.000000,2.240970,0.000000,65.009560,0.000000,1.000000,3.570210,12.000000,217.012448,0.297517,1.000000,1.618536,2.000000,53.555556,0.809268,2.000000,3.116343,22.000000,132.743363,0.141652,1.000000,2.293795,6.000000,50.748503,0.382299,2.000000,4.733896,7.000000,80.095923,0.676271,3.000000,5.580462,9.000000,188.687783,0.620051,4.000000,3.047645,15.000000,55.808081,0.203176,3.000000,3.000000,2.000000,4.000000,-1.000000,,,,59.314020,53.028891,61.041393,1.542666,1.550513,-0.007847,27.702250,22.630453,12.384192,1.120845,5.045368,0.646906,0.077162,,0.000000,,64.447248,93.403694,90.837443,0.178478,0.051170,0.127308,22.394813,31.938114,14.983720,0.634830,0.766630,0.786410,0.022307,0.915759,0.506329,142.000000,243.624161,46.556474,0.926225,0.932226
2026-01-09T03:45:00Z,1.321729,no_impulse,0,CANBK,1h,-1.000000,189.445910,4.591086,12.000000,0.382591,-0.235782,-0.589902,1.471079,2.483617,4.000000,75.800000,0.620904,3.000000,52.175140,64.116095,81.266678,0.000000,0.158665,0.160646,-0.001981,26.198131,29.277763,21.839607,0.124556,0.692021,3.409786,0.564495,0.019337,3.172589,12.000000,104.166667,0.264382,8.000000,46.193659,26.800000,27.887582,1.000000,0.099272,0.199073,-0.099800,29.512444,24.852496,23.160533,-0.456808,0.130239,2.870539,0.255187,0.018575,3.141361,6.000000,110.091743,0.523560,1.000000,65.687819,70.000000,64.425287,0.000000,0.360239,0.380089,-0.019850,31.145573,34.683835,12.929985,1.059711,1.944772,4.678978,1.023341,0.020466,2.774243,12.000000,104.807692,0.231187,8.000000,52.548252,24.423077,22.998168,1.000000,0.364587,0.568109,-0.203522,33.996094,22.253591,19.706065,-0.031808,0.930452,3.628170,0.488857,0.028536,2.718954,3.000000,123.076923,0.906318,1.000000,76.296782,86.824324,87.131988,1.000000,1.058729,0.734847,0.323882,37.718658,36.730957,6.741655,2.212383,3.418461,5.819805,0.859234,0.062979,2.161402,0.000000,46.556474,0.000000,1.000000,84.016427,99.586777,95.711082,0.000000,0.786833,0.479309,0.307524,29.984309,37.970909,8.664209,2.655515,3.547400,5.705703,1.096860,0.045705,4.868562,7.000000,243.624161,0.695509,1.000000,84.016427,99.586777,95.711082,0.000000,0.786833,0.479309,0.307524,29.984309,37.970909,8.664209,2.655515,3.547400,5.705703,1.096860,0.045705,1.959237,3.000000,94.904459,0.653079,2.000000,61.392467,75.503356,66.569059,0.000000,0.215155,0.156685,0.058470,18.579256,23.244045,18.110559,0.613663,1.008369,2.903708,0.973635,0.013036,2.107948,11.000000,137.117904,0.191632,1.000000,1.514050,14.000000,57.537688,0.108146,2.000000,2.702519,11.000000,107.277628,0.245684,7.000000,2.457279,3.000000,139.473684,0.819093,4.000000,1.793420,7.000000,78.235294,0.256203,3.000000,2.240970,0.000000,65.009560,0.000000,1.000000,3.570210,12.000000,217.012448,0.297517,1.000000,1.618536,2.000000,53.555556,0.809268,2.000000,3.116343,22.000000,132.743363,0.141652,1.000000,2.293795,6.000000,50.748503,0.382299,2.000000,4.733896,7.000000,80.095923,0.676271,3.000000,5.580462,9.000000,188.687783,0.620051,4.000000,4.000000,3.000000,16.000000,-1.000000,,,,51.455739,18.380744,33.713122,1.151383,1.453014,-0.301631,25.620363,19.132751,15.283414,-0.379082,3.250348,0.443049,0.066312,,0.000000,,46.842354,59.150327,48.968476,-0.369658,-0.437650,0.067992,33.781973,25.212405,20.122614,-0.055404,-0.795403,0.455868,0.012547,1.706599,1.666667,154.000000,243.624161,46.556474,0.929059,1.149318
2026-01-09T04:45:00Z,1.354416,no_impulse,0,CANBK,1h,1.000000,51.392758,2.473025,1.000000,2.473025,-0.440290,-0.808636,1.212313,4.591086,12.000000,189.445910,0.382591,4.000000,46.101336,41.922006,22.467829,1.000000,-0.609674,-0.462451,-0.147223,27.132178,20.672953,25.921695,-0.235782,-0.589902,1.471079,0.450892,0.047901,2.483617,4.000000,75.800000,0.620904,3.000000,52.175140,64.116095,81.266678,0.000000,0.158665,0.160646,-0.001981,26.198131,29.277763,21.839607,0.124556,0.692021,3.409786,0.564495,0.019337,3.172589,12.000000,104.166667,0.264382,8.000000,46.193659,26.800000,27.887582,1.000000,0.099272,0.199073,-0.099800,29.512444,24.852496,23.160533,-0.456808,0.130239,2.870539,0.255187,0.018575,3.141361,6.000000,110.091743,0.523560,1.000000,65.687819,70.000000,64.425287,0.000000,0.360239,0.380089,-0.019850,31.145573,34.683835,12.929985,1.059711,1.944772,4.678978,1.023341,0.020466,2.774243,12.000000,104.807692,0.231187,8.000000,52.548252,24.423077,22.998168,1.000000,0.364587,0.568109,-0.203522,33.996094,22.253591,19.706065,-0.031808,0.930452,3.628170,0.488857,0.028536,2.718954,3.000000,123.076923,0.906318,1.000000,76.296782,86.824324,87.131988,1.000000,1.058729,0.734847,0.323882,37.718658,36.730957,6.741655,2.212383,3.418461,5.819805,0.859234,0.062979,2.161402,0.000000,46.556474,0.000000,1.000000,84.016427,99.586777,95.711082,0.000000,0.786833,0.479309,0.307524,29.984309,37.970909,8.664209,2.655515,3.547400,5.705703,1.096860,0.045705,4.868562,7.000000,243.624161,0.695509,1.000000,84.016427,99.586777,95.711082,0.000000,0.786833,0.479309,0.307524,29.984309,37.970909,8.664209,2.655515,3.547400,5.705703,1.096860,0.045705,1.959237,3.000000,94.904459,0.653079,2.000000,2.107948,11.000000,137.117904,0.191632,1.000000,1.514050,14.000000,57.537688,0.108146,2.000000,2.702519,11.000000,107.277628,0.245684,7.000000,2.457279,3.000000,139.473684,0.819093,4.000000,1.793420,7.000000,78.235294,0.256203,3.000000,2.240970,0.000000,65.009560,0.000000,1.000000,3.570210,12.000000,217.012448,0.297517,1.000000,1.618536,2.000000,53.555556,0.809268,2.000000,3.116343,22.000000,132.743363,0.141652,1.000000,2.293795,6.000000,50.748503,0.382299,2.000000,4.733896,7.000000,80.095923,0.676271,3.000000,3.000000,4.000000,17.000000,-1.000000,,,,51.455739,18.380744,33.713122,1.151383,1.453014,-0.301631,25.620363,19.132751,15.283414,-0.379082,3.250348,0.443049,0.066312,,0.000000,,58.813247,94.957983,93.733271,-0.067035,-0.276489,0.209454,31.963484,30.951999,15.348534,0.765984,0.263434,0.942024,0.017463,0.824919,0.142857,,243.624161,46.556474,1.002863,1.186777
2026-01-12T05:45:00Z,1.301798,no_impulse,0,CANBK,1h,-1.000000,160.975610,3.884892,8.000000,0.485612,-1.611783,-2.427977,-0.946596,2.473025,1.000000,51.392758,2.473025,3.000000,44.198290,36.629526,29.986313,0.000000,-0.571391,-0.485164,-0.086226,25.744431,20.987125,24.490606,-0.440290,-0.808636,1.212313,0.404244,0.045779,4.591086,12.000000,189.445910,0.382591,4.000000,46.101336,41.922006,22.467829,1.000000,-0.609674,-0.462451,-0.147223,27.132178,20.672953,25.921695,-0.235782,-0.589902,1.471079,0.450892,0.047901,2.483617,4.000000,75.800000,0.620904,3.000000,52.175140,64.116095,81.266678,0.000000,0.158665,0.160646,-0.001981,26.198131,29.277763,21.839607,0.124556,0.692021,3.409786,0.564495,0.019337,3.172589,12.000000,104.166667,0.264382,8.000000,46.193659,26.800000,27.887582,1.000000,0.099272,0.199073,-0.099800,29.512444,24.852496,23.160533,-0.456808,0.130239,2.870539,0.255187,0.018575,3.141361,6.000000,110.091743,0.523560,1.000000,65.687819,70.000000,64.425287,0.000000,0.360239,0.380089,-0.019850,31.145573,34.683835,12.929985,1.059711,1.944772,4.678978,1.023341,0.020466,2.774243,12.000000,104.807692,0.231187,8.000000,52.548252,24.423077,22.998168,1.000000,0.364587,0.568109,-0.203522,33.996094,22.253591,19.706065,-0.031808,0.930452,3.628170,0.488857,0.028536,2.718954,3.000000,123.076923,0.906318,1.000000,76.296782,86.824324,87.131988,1.000000,1.058729,0.734847,0.323882,37.718658,36.730957,6.741655,2.212383,3.418461,5.819805,0.859234,0.062979,2.161402,0.000000,46.556474,0.000000,1.000000,84.016427,99.586777,95.711082,0.000000,0.786833,0.479309,0.307524,29.984309,37.970909,8.664209,2.655515,3.547400,5.705703,1.096860,0.045705,4.868562,7.000000,243.624161,0.695509,1.000000,1.959237,3.000000,94.904459,0.653079,2.000000,2.107948,11.000000,137.117904,0.191632,1.000000,1.514050,14.000000,57.537688,0.108146,2.000000,2.702519,11.000000,107.277628,0.245684,7.000000,2.457279,3.000000,139.473684,0.819093,4.000000,1.793420,7.000000,78.235294,0.256203,3.000000,2.240970,0.000000,65.009560,0.000000,1.000000,3.570210,12.000000,217.012448,0.297517,1.000000,1.618536,2.000000,53.555556,0.809268,2.000000,3.116343,22.000000,132.743363,0.141652,1.000000,2.293795,6.000000,50.748503,0.382299,2.000000,4.000000,5.000000,25.000000,-1.000000,,,,49.824800,27.717391,25.275955,0.965989,1.359638,-0.393649,23.991538,17.441531,18.452600,-0.657777,2.800680,0.392901,0.061016,,0.000000,,34.360654,11.325967,16.114180,-0.535784,-0.428472,-0.107312,31.143697,9.370166,28.414518,-0.983838,-1.730238,0.213735,0.034033,1.280280,1.333333,,243.624161,46.556474,0.973068,1.050564
2026-01-16T03:45:00Z,1.391974,no_impulse,0,CANBK,1h,1.000000,171.380471,6.927055,19.000000,0.364582,2.680481,2.853842,4.008004,3.884892,8.000000,160.975610,0.485612,4.000000,33.461603,27.441077,18.033044,0.000000,-0.821007,-0.658570,-0.162436,28.175282,11.246858,33.530532,-1.611783,-2.427977,-0.946596,0.053399,0.035518,2.473025,1.000000,51.392758,2.473025,3.000000,44.198290,36.629526,29.986313,0.000000,-0.571391,-0.485164,-0.086226,25.744431,20.987125,24.490606,-0.440290,-0.808636,1.212313,0.404244,0.045779,4.591086,12.000000,189.445910,0.382591,4.000000,46.101336,41.922006,22.467829,1.000000,-0.609674,-0.462451,-0.147223,27.132178,20.672953,25.921695,-0.235782,-0.589902,1.471079,0.450892,0.047901,2.483617,4.000000,75.800000,0.620904,3.000000,52.175140,64.116095,81.266678,0.000000,0.158665,0.160646,-0.001981,26.198131,29.277763,21.839607,0.124556,0.692021,3.409786,0.564495,0.019337,3.172589,12.000000,104.166667,0.264382,8.000000,46.193659,26.800000,27.887582,1.000000,0.099272,0.199073,-0.099800,29.512444,24.852496,23.160533,-0.456808,0.130239,2.870539,0.255187,0.018575,3.141361,6.000000,110.091743,0.523560,1.000000,65.687819,70.000000,64.425287,0.000000,0.360239,0.380089,-0.019850,31.145573,34.683835,12.929985,1.059711,1.944772,4.678978,1.023341,0.020466,2.774243,12.000000,104.807692,0.231187,8.000000,52.548252,24.423077,22.998168,1.000000,0.364587,0.568109,-0.203522,33.996094,22.253591,19.706065,-0.031808,0.930452,3.628170,0.488857,0.028536,2.718954,3.000000,123.076923,0.906318,1.000000,76.296782,86.824324,87.131988,1.000000,1.058729,0.734847,0.323882,37.718658,36.730957,6.741655,2.212383,3.418461,5.819805,0.859234,0.062979,2.161402,0.000000,46.556474,0.000000,1.000000,4.868562,7.000000,243.624161,0.695509,1.000000,1.959237,3.000000,94.904459,0.653079,2.000000,2.107948,11.000000,137.117904,0.191632,1.000000,1.514050,14.000000,57.537688,0.108146,2.000000,2.702519,11.000000,107.277628,0.245684,7.000000,2.457279,3.000000,139.473684,0.819093,4.000000,1.793420,7.000000,78.235294,0.256203,3.000000,2.240970,0.000000,65.009560,0.000000,1.000000,3.570210,12.000000,217.012448,0.297517,1.000000,1.618536,2.000000,53.555556,0.809268,2.000000,3.116343,22.000000,132.743363,0.141652,1.000000,7.000000,6.000000,44.000000,-1.000000,,,,66.902836,92.119565,63.405797,1.072089,1.122525,-0.050436,22.272380,26.344738,14.825689,3.374942,6.606862,1.071739,0.061091,,0.000000,,73.212130,92.840095,85.205285,0.547360,0.475134,0.072227,30.415350,41.788308,12.342290,1.521411,2.267396,1.122968,0.024799,2.146611,2.923077,,243.624161,46.556474,0.926059,1.244549
2026-01-16T03:45:00Z,1.362831,no_impulse,0,CANBK,1h,-1.000000,32.318271,2.093674,0.000000,0.000000,2.680481,2.853842,4.008004,6.927055,19.000000,171.380471,0.364582,7.000000,70.353318,92.784810,91.003600,0.000000,0.595727,0.179361,0.416366,23.484796,33.716363,12.738893,2.680481,2.853842,4.008004,1.008879,0.054125,3.884892,8.000000,160.975610,0.485612,4.000000,33.461603,27.441077,18.033044,0.000000,-0.821007,-0.658570,-0.162436,28.175282,11.246858,33.530532,-1.611783,-2.427977,-0.946596,0.053399,0.035518,2.473025,1.000000,51.392758,2.473025,3.000000,44.198290,36.629526,29.986313,0.000000,-0.571391,-0.485164,-0.086226,25.744431,20.987125,24.490606,-0.440290,-0.808636,1.212313,0.404244,0.045779,4.591086,12.000000,189.445910,0.382591,4.000000,46.101336,41.922006,22.467829,1.000000,-0.609674,-0.462451,-0.147223,27.132178,20.672953,25.921695,-0.235782,-0.589902,1.471079,0.450892,0.047901,2.483617,4.000000,75.800000,0.620904,3.000000,52.175140,64.116095,81.266678,0.000000,0.158665,0.160646,-0.001981,26.198131,29.277763,21.839607,0.124556,0.692021,3.409786,0.564495,0.019337,3.172589,12.000000,104.166667,0.264382,8.000000,46.193659,26.800000,27.887582,1.000000,0.099272,0.199073,-0.099800,29.512444,24.852496,23.160533,-0.456808,0.130239,2.870539,0.255187,0.018575,3.141361,6.000000,110.091743,0.523560,1.000000,65.687819,70.000000,64.425287,0.000000,0.360239,0.380089,-0.019850,31.145573,34.683835,12.929985,1.059711,1.944772,4.678978,1.023341,0.020466,2.774243,12.000000,104.807692,0.231187,8.000000,52.548252,24.423077,22.998168,1.000000,0.364587,0.568109,-0.203522,33.996094,22.253591,19.706065,-0.031808,0.930452,3.628170,0.488857,0.028536,2.718954,3.000000,123.076923,0.906318,1.000000,2.161402,0.000000,46.556474,0.000000,1.000000,4.868562,7.000000,243.624161,0.695509,1.000000,1.959237,3.000000,94.904459,0.653079,2.000000,2.107948,11.000000,137.117904,0.191632,1.000000,1.514050,14.000000,57.537688,0.108146,2.000000,2.702519,11.000000,107.277628,0.245684,7.000000,2.457279,3.000000,139.473684,0.819093,4.000000,1.793420,7.000000,78.235294,0.256203,3.000000,2.240970,0.000000,65.009560,0.000000,1.000000,3.570210,12.000000,217.012448,0.297517,1.000000,1.618536,2.000000,53.555556,0.809268,2.000000,7.000000,7.000000,0.000000,-1.000000,,,,66.902836,92.119565,63.405797,1.072089,1.122525,-0.050436,22.272380,26.344738,14.825689,3.374942,6.606862,1.071739,0.061091,,0.000000,,73.212130,92.840095,85.205285,0.547360,0.475134,0.072227,30.415350,41.788308,12.342290,1.521411,2.267396,1.122968,0.024799,0.609899,0.000000,0.000000,189.445910,46.556474,1.425573,1.296437
2026-01-19T04:45:00Z,1.409337,no_impulse,0,CANBK,1h,1.000000,159.574468,3.412415,8.000000,0.426552,1.097150,2.001291,3.637815,2.093674,0.000000,32.318271,0.000000,7.000000,70.353318,92.784810,91.003600,0.000000,0.595727,0.179361,0.416366,23.484796,33.716363,12.738893,2.680481,2.853842,4.008004,1.008879,0.054125,6.927055,19.000000,171.380471,0.364582,7.000000,70.353318,92.784810,91.003600,0.000000,0.595727,0.179361,0.416366,23.484796,33.716363,12.738893,2.680481,2.853842,4.008004,1.008879,0.054125,3.884892,8.000000,160.975610,0.485612,4.000000,33.461603,27.441077,18.033044,0.000000,-0.821007,-0.658570,-0.162436,28.175282,11.246858,33.530532,-1.611783,-2.427977,-0.946596,0.053399,0.035518,2.473025,1.000000,51.392758,2.473025,3.000000,44.198290,36.629526,29.986313,0.000000,-0.571391,-0.485164,-0.086226,25.744431,20.987125,24.490606,-0.440290,-0.808636,1.212313,0.404244,0.045779,4.591086,12.000000,189.445910,0.382591,4.000000,46.101336,41.922006,22.467829,1.000000,-0.609674,-0.462451,-0.147223,27.132178,20.672953,25.921695,-0.235782,-0.589902,1.471079,0.450892,0.047901,2.483617,4.000000,75.800000,0.620904,3.000000,52.175140,64.116095,81.266678,0.000000,0.158665,0.160646,-0.001981,26.198131,29.277763,21.839607,0.124556,0.692021,3.409786,0.564495,0.019337,3.172589,12.000000,104.166667,0.264382,8.000000,46.193659,26.800000,27.887582,1.000000,0.099272,0.199073,-0.099800,29.512444,24.852496,23.160533,-0.456808,0.130239,2.870539,0.255187,0.018575,3.141361,6.000000,110.091743,0.523560,1.000000,65.687819,70.000000,64.425287,0.000000,0.360239,0.380089,-0.019850,31.145573,34.683835,12.929985,1.059711,1.944772,4.678978,1.023341,0.020466,2.774243,12.000000,104.807692,0.231187,8.000000,2.718954,3.000000,123.076923,0.906318,1.000000,2.161402,0.000000,46.556474,0.000000,1.000000,4.868562,7.000000,243.624161,0.695509,1.000000,1.959237,3.000000,94.904459,0.653079,2.000000,2.107948,11.000000,137.117904,0.191632,1.000000,1.514050,14.000000,57.537688,0.108146,2.000000,2.702519,11.000000,107.277628,0.245684,7.000000,2.457279,3.000000,139.473684,0.819093,4.000000,1.793420,7.000000,78.235294,0.256203,3.000000,2.240970,0.000000,65.009560,0.000000,1.000000,3.570210,12.000000,217.012448,0.297517,1.000000,1.000000,1.000000,8.000000,-1.000000,,,,65.939997,81.548600,78.813301,1.205392,1.140644,0.064747,23.028959,27.518579,13.904952,2.903040,6.193318,0.959344,0.065089,,0.000000,,75.239153,88.018433,85.484520,0.530603,0.409607,0.120996,39.124715,34.208430,8.102316,1.178581,2.122761,0.927882,0.027873,0.996020,1.038961,8.000000,189.445910,32.318271,1.432429,1.351696
2026-01-21T04:45:00Z,1.329347,no_impulse,0,CANBK,1h,-1.000000,172.000000,5.675676,14.000000,0.405405,-2.036119,-1.703111,0.025179,3.412415,8.000000,159.574468,0.426552,1.000000,59.452181,64.411367,84.630586,1.000000,1.006347,0.799525,0.206822,31.255201,31.579325,13.556244,1.097150,2.001291,3.637815,0.662413,0.068303,2.093674,0.000000,32.318271,0.000000,7.000000,70.353318,92.784810,91.003600,0.000000,0.595727,0.179361,0.416366,23.484796,33.716363,12.738893,2.680481,2.853842,4.008004,1.008879,0.054125,6.927055,19.000000,171.380471,0.364582,7.000000,70.353318,92.784810,91.003600,0.000000,0.595727,0.179361,0.416366,23.484796,33.716363,12.738893,2.680481,2.853842,4.008004,1.008879,0.054125,3.884892,8.000000,160.975610,0.485612,4.000000,33.461603,27.441077,18.033044,0.000000,-0.821007,-0.658570,-0.162436,28.175282,11.246858,33.530532,-1.611783,-2.427977,-0.946596,0.053399,0.035518,2.473025,1.000000,51.392758,2.473025,3.000000,44.198290,36.629526,29.986313,0.000000,-0.571391,-0.485164,-0.086226,25.744431,20.987125,24.490606,-0.440290,-0.808636,1.212313,0.404244,0.045779,4.591086,12.000000,189.445910,0.382591,4.000000,46.101336,41.922006,22.467829,1.000000,-0.609674,-0.462451,-0.147223,27.132178,20.672953,25.921695,-0.235782,-0.589902,1.471079,0.450892,0.047901,2.483617,4.000000,75.800000,0.620904,3.000000,52.175140,64.116095,81.266678,0.000000,0.158665,0.160646,-0.001981,26.198131,29.277763,21.839607,0.124556,0.692021,3.409786,0.564495,0.019337,3.172589,12.000000,104.166667,0.264382,8.000000,46.193659,26.800000,27.887582,1.000000,0.099272,0.199073,-0.099800,29.512444,24.852496,23.160533,-0.456808,0.130239,2.870539,0.255187,0.018575,3.141361,6.000000,110.091743,0.523560,1.000000,2.774243,12.000000,104.807692,0.231187,8.000000,2.718954,3.000000,123.076923,0.906318,1.000000,2.161402,0.000000,46.556474,0.000000,1.000000,4.868562,7.000000,243.624161,0.695509,1.000000,1.959237,3.000000,94.904459,0.653079,2.000000,2.107948,11.000000,137.117904,0.191632,1.000000,1.514050,14.000000,57.537688,0.108146,2.000000,2.702519,11.000000,107.277628,0.245684,7.000000,2.457279,3.000000,139.473684,0.819093,4.000000,1.793420,7.000000,78.235294,0.256203,3.000000,2.240970,0.000000,65.009560,0.000000,1.000000,8.000000,1.000000,22.000000,-1.000000,,,,48.376864,31.301483,56.068094,0.951756,1.138504,-0.186748,20.911449,21.730426,22.218325,-1.006497,2.140397,0.335431,0.060550,,0.000000,,38.955144,26.911315,41.997961,-0.317024,-0.337900,0.020875,14.865682,19.385362,18.978996,-0.717546,-1.161819,-0.022907,0.013624,1.623758,1.707317,,189.445910,32.318271,1.411019,1.135550
2026-01-21T04:45:00Z,1.364160,no_impulse,0,CANBK,1h,1.000000,43.521595,2.618778,0.000000,0.000000,-2.036119,-1.703111,0.025179,5.675676,14.000000,172.000000,0.405405,8.000000,35.020544,14.301552,14.966309,0.000000,-0.182326,0.231940,-0.414266,31.146325,22.166568,17.840219,-2.036119,-1.703111,0.025179,0.070419,0.046452,3.412415,8.000000,159.574468,0.426552,1.000000,59.452181,64.411367,84.630586,1.000000,1.006347,0.799525,0.206822,31.255201,31.579325,13.556244,1.097150,2.001291,3.637815,0.662413,0.068303,2.093674,0.000000,32.318271,0.000000,7.000000,70.353318,92.784810,91.003600,0.000000,0.595727,0.179361,0.416366,23.484796,33.716363,12.738893,2.680481,2.853842,4.008004,1.008879,0.054125,6.927055,19.000000,171.380471,0.364582,7.000000,70.353318,92.784810,91.003600,0.000000,0.595727,0.179361,0.416366,23.484796,33.716363,12.738893,2.680481,2.853842,4.008004,1.008879,0.054125,3.884892,8.000000,160.975610,0.485612,4.000000,33.461603,27.441077,18.033044,0.000000,-0.821007,-0.658570,-0.162436,28.175282,11.246858,33.530532,-1.611783,-2.427977,-0.946596,0.053399,0.035518,2.473025,1.000000,51.392758,2.473025,3.000000,44.198290,36.629526,29.986313,0.000000,-0.571391,-0.485164,-0.086226,25.744431,20.987125,24.490606,-0.440290,-0.808636,1.212313,0.404244,0.045779,4.591086,12.000000,189.445910,0.382591,4.000000,46.101336,41.922006,22.467829,1.000000,-0.609674,-0.462451,-0.147223,27.132178,20.672953,25.921695,-0.235782,-0.589902,1.471079,0.450892,0.047901,2.483617,4.000000,75.800000,0.620904,3.000000,52.175140,64.116095,81.266678,0.000000,0.158665,0.160646,-0.001981,26.198131,29.277763,21.839607,0.124556,0.692021,3.409786,0.564495,0.019337,3.172589,12.000000,104.166667,0.264382,8.000000,3.141361,6.000000,110.091743,0.523560,1.000000,2.774243,12.000000,104.807692,0.231187,8.000000,2.718954,3.000000,123.076923,0.906318,1.000000,2.161402,0.000000,46.556474,0.000000,1.000000,4.868562,7.000000,243.624161,0.695509,1.000000,1.959237,3.000000,94.904459,0.653079,2.000000,2.107948,11.000000,137.117904,0.191632,1.000000,1.514050,14.000000,57.537688,0.108146,2.000000,2.702519,11.000000,107.277628,0.245684,7.000000,2.457279,3.000000,139.473684,0.819093,4.000000,1.793420,7.000000,78.235294,0.256203,3.000000,8.000000,2.000000,0.000000,-1.000000,,,,48.376864,31.301483,56.068094,0.951756,1.138504,-0.186748,20.911449,21.730426,22.218325,-1.006497,2.140397,0.335431,0.060550,,0.000000,,38.955144,26.911315,41.997961,-0.317024,-0.337900,0.020875,14.865682,19.385362,18.978996,-0.717546,-1.161819,-0.022907,0.013624,0.691785,0.000000,,189.445910,32.318271,1.538777,0.841685
2026-01-21T07:45:00Z,1.328284,no_impulse,0,CANBK,1h,-1.000000,103.053435,2.629870,3.000000,0.876623,-2.353621,-2.377112,-0.838574,2.618778,0.000000,43.521595,0.000000,8.000000,35.020544,14.301552,14.966309,0.000000,-0.182326,0.231940,-0.414266,31.146325,22.166568,17.840219,-2.036119,-1.703111,0.025179,0.070419,0.046452,5.675676,14.000000,172.000000,0.405405,8.000000,35.020544,14.301552,14.966309,0.000000,-0.182326,0.231940,-0.414266,31.146325,22.166568,17.840219,-2.036119,-1.703111,0.025179,0.070419,0.046452,3.412415,8.000000,159.574468,0.426552,1.000000,59.452181,64.411367,84.630586,1.000000,1.006347,0.799525,0.206822,31.255201,31.579325,13.556244,1.097150,2.001291,3.637815,0.662413,0.068303,2.093674,0.000000,32.318271,0.000000,7.000000,70.353318,92.784810,91.003600,0.000000,0.595727,0.179361,0.416366,23.484796,33.716363,12.738893,2.680481,2.853842,4.008004,1.008879,0.054125,6.927055,19.000000,171.380471,0.364582,7.000000,70.353318,92.784810,91.003600,0.000000,0.595727,0.179361,0.416366,23.484796,33.716363,12.738893,2.680481,2.853842,4.008004,1.008879,0.054125,3.884892,8.000000,160.975610,0.485612,4.000000,33.461603,27.441077,18.033044,0.000000,-0.821007,-0.658570,-0.162436,28.175282,11.246858,33.530532,-1.611783,-2.427977,-0.946596,0.053399,0.035518,2.473025,1.000000,51.392758,2.473025,3.000000,44.198290,36.629526,29.986313,0.000000,-0.571391,-0.485164,-0.086226,25.744431,20.987125,24.490606,-0.440290,-0.808636,1.212313,0.404244,0.045779,4.591086,12.000000,189.445910,0.382591,4.000000,46.101336,41.922006,22.467829,1.000000,-0.609674,-0.462451,-0.147223,27.132178,20.672953,25.921695,-0.235782,-0.589902,1.471079,0.450892,0.047901,2.483617,4.000000,75.800000,0.620904,3.000000,3.172589,12.000000,104.166667,0.264382,8.000000,3.141361,6.000000,110.091743,0.523560,1.000000,2.774243,12.000000,104.807692,0.231187,8.000000,2.718954,3.000000,123.076923,0.906318,1.000000,2.161402,0.000000,46.556474,0.000000,1.000000,4.868562,7.000000,243.624161,0.695509,1.000000,1.959237,3.000000,94.904459,0.653079,2.000000,2.107948,11.000000,137.117904,0.191632,1.000000,1.514050,14.000000,57.537688,0.108146,2.000000,2.702519,11.000000,107.277628,0.245684,7.000000,2.457279,3.000000,139.473684,0.819093,4.000000,4.000000,3.000000,3.000000,-1.000000,,,,56.672313,63.591433,50.082372,0.945878,1.076897,-0.131019,19.464220,19.992055,20.253746,1.405343,4.439225,0.739521,0.059509,,0.000000,,45.482538,50.779510,53.650240,-0.462947,-0.572348,0.109401,20.524546,22.982928,25.236445,-0.166035,-0.975368,0.455149,0.036958,0.704439,0.384615,,189.445910,32.318271,1.571608,0.907114
2026-01-23T04:45:00Z,1.388786,no_impulse,0,CANBK,1h,1.000000,168.641975,4.554852,11.000000,0.414077,1.155213,1.350480,2.774016,2.629870,3.000000,103.053435,0.876623,4.000000,33.409967,2.693966,15.050287,0.000000,-0.526234,-0.086287,-0.439947,27.611837,22.063504,17.563809,-2.353621,-2.377112,-0.838574,0.122691,0.060945,2.618778,0.000000,43.521595,0.000000,8.000000,35.020544,14.301552,14.966309,0.000000,-0.182326,0.231940,-0.414266,31.146325,22.166568,17.840219,-2.036119,-1.703111,0.025179,0.070419,0.046452,5.675676,14.000000,172.000000,0.405405,8.000000,35.020544,14.301552,14.966309,0.000000,-0.182326,0.231940,-0.414266,31.146325,22.166568,17.840219,-2.036119,-1.703111,0.025179,0.070419,0.046452,3.412415,8.000000,159.574468,0.426552,1.000000,59.452181,64.411367,84.630586,1.000000,1.006347,0.799525,0.206822,31.255201,31.579325,13.556244,1.097150,2.001291,3.637815,0.662413,0.068303,2.093674,0.000000,32.318271,0.000000,7.000000,70.353318,92.784810,91.003600,0.000000,0.595727,0.179361,0.416366,23.484796,33.716363,12.738893,2.680481,2.853842,4.008004,1.008879,0.054125,6.927055,19.000000,171.380471,0.364582,7.000000,70.353318,92.784810,91.003600,0.000000,0.595727,0.179361,0.416366,23.484796,33.716363,12.738893,2.680481,2.853842,4.008004,1.008879,0.054125,3.884892,8.000000,160.975610,0.485612,4.000000,33.461603,27.441077,18.033044,0.000000,-0.821007,-0.658570,-0.162436,28.175282,11.246858,33.530532,-1.611783,-2.427977,-0.946596,0.053399,0.035518,2.473025,1.000000,51.392758,2.473025,3.000000,44.198290,36.629526,29.986313,0.000000,-0.571391,-0.485164,-0.086226,25.744431,20.987125,24.490606,-0.440290,-0.808636,1.212313,0.404244,0.045779,4.591086,12.000000,189.445910,0.382591,4.000000,2.483617,4.000000,75.800000,0.620904,3.000000,3.172589,12.000000,104.166667,0.264382,8.000000,3.141361,6.000000,110.091743,0.523560,1.000000,2.774243,12.000000,104.807692,0.231187,8.000000,2.718954,3.000000,123.076923,0.906318,1.000000,2.161402,0.000000,46.556474,0.000000,1.000000,4.868562,7.000000,243.624161,0.695509,1.000000,1.959237,3.000000,94.904459,0.653079,2.000000,2.107948,11.000000,137.117904,0.191632,1.000000,1.514050,14.000000,57.537688,0.108146,2.000000,2.702519,11.000000,107.277628,0.245684,7.000000,7.000000,4.000000,14.000000,-1.000000,,,,50.299389,39.950577,44.947831,0.816528,1.041110,-0.224582,18.423480,20.024689,18.156170,-0.414932,2.529388,0.427106,0.056687,,0.000000,,64.547667,94.711538,75.844017,0.294663,0.272727,0.021936,23.790779,29.383922,11.766531,0.682662,1.024117,1.071414,0.012029,1.238065,1.594203,,189.445910,32.318271,1.602195,0.878645
2026-01-23T09:45:00Z,1.336877,no_impulse,0,CANBK,1h,-1.000000,85.797950,3.737722,5.000000,0.747544,-1.296143,-1.274685,0.071328,4.554852,11.000000,168.641975,0.414077,7.000000,60.253236,87.804878,88.675475,0.000000,0.176370,-0.049772,0.226142,33.367181,31.179405,10.441509,1.155213,1.350480,2.774016,0.773069,0.042799,2.629870,3.000000,103.053435,0.876623,4.000000,33.409967,2.693966,15.050287,0.000000,-0.526234,-0.086287,-0.439947,27.611837,22.063504,17.563809,-2.353621,-2.377112,-0.838574,0.122691,0.060945,2.618778,0.000000,43.521595,0.000000,8.000000,35.020544,14.301552,14.966309,0.000000,-0.182326,0.231940,-0.414266,31.146325,22.166568,17.840219,-2.036119,-1.703111,0.025179,0.070419,0.046452,5.675676,14.000000,172.000000,0.405405,8.000000,35.020544,14.301552,14.966309,0.000000,-0.182326,0.231940,-0.414266,31.146325,22.166568,17.840219,-2.036119,-1.703111,0.025179,0.070419,0.046452,3.412415,8.000000,159.574468,0.426552,1.000000,59.452181,64.411367,84.630586,1.000000,1.006347,0.799525,0.206822,31.255201,31.579325,13.556244,1.097150,2.001291,3.637815,0.662413,0.068303,2.093674,0.000000,32.318271,0.000000,7.000000,70.353318,92.784810,91.003600,0.000000,0.595727,0.179361,0.416366,23.484796,33.716363,12.738893,2.680481,2.853842,4.008004,1.008879,0.054125,6.927055,19.000000,171.380471,0.364582,7.000000,70.353318,92.784810,91.003600,0.000000,0.595727,0.179361,0.416366,23.484796,33.716363,12.738893,2.680481,2.853842,4.008004,1.008879,0.054125,3.884892,8.000000,160.975610,0.485612,4.000000,33.461603,27.441077,18.033044,0.000000,-0.821007,-0.658570,-0.162436,28.175282,11.246858,33.530532,-1.611783,-2.427977,-0.946596,0.053399,0.035518,2.473025,1.000000,51.392758,2.473025,3.000000,4.591086,12.000000,189.445910,0.382591,4.000000,2.483617,4.000000,75.800000,0.620904,3.000000,3.172589,12.000000,104.166667,0.264382,8.000000,3.141361,6.000000,110.091743,0.523560,1.000000,2.774243,12.000000,104.807692,0.231187,8.000000,2.718954,3.000000,123.076923,0.906318,1.000000,2.161402,0.000000,46.556474,0.000000,1.000000,4.868562,7.000000,243.624161,0.695509,1.000000,1.959237,3.000000,94.904459,0.653079,2.000000,2.107948,11.000000,137.117904,0.191632,1.000000,1.514050,14.000000,57.537688,0.108146,2.000000,2.000000,1.000000,5.000000,-1.000000,,,,50.299389,39.950577,44.947831,0.816528,1.041110,-0.224582,18.423480,20.024689,18.156170,-0.414932,2.529388,0.427106,0.056687,,0.000000,,28.984810,15.277778,11.066795,-0.485114,-0.245714,-0.239401,29.347179,13.384743,37.220372,-1.220549,-1.481237,0.205363,0.040926,0.961810,0.657895,,189.445910,32.318271,1.563912,0.876740
2026-01-29T03:45:00Z,1.424307,no_impulse,0,CANBK,1h,1.000000,168.430034,6.539889,15.000000,0.435993,2.272985,2.782599,4.189718,3.737722,5.000000,85.797950,0.747544,2.000000,39.527367,15.017065,26.901982,0.000000,-0.118644,0.015906,-0.134550,30.997993,24.685585,23.099657,-1.296143,-1.274685,0.071328,0.227352,0.046931,4.554852,11.000000,168.641975,0.414077,7.000000,60.253236,87.804878,88.675475,0.000000,0.176370,-0.049772,0.226142,33.367181,31.179405,10.441509,1.155213,1.350480,2.774016,0.773069,0.042799,2.629870,3.000000,103.053435,0.876623,4.000000,33.409967,2.693966,15.050287,0.000000,-0.526234,-0.086287,-0.439947,27.611837,22.063504,17.563809,-2.353621,-2.377112,-0.838574,0.122691,0.060945,2.618778,0.000000,43.521595,0.000000,8.000000,35.020544,14.301552,14.966309,0.000000,-0.182326,0.231940,-0.414266,31.146325,22.166568,17.840219,-2.036119,-1.703111,0.025179,0.070419,0.046452,5.675676,14.000000,172.000000,0.405405,8.000000,35.020544,14.301552,14.966309,0.000000,-0.182326,0.231940,-0.414266,31.146325,22.166568,17.840219,-2.036119,-1.703111,0.025179,0.070419,0.046452,3.412415,8.000000,159.574468,0.426552,1.000000,59.452181,64.411367,84.630586,1.000000,1.006347,0.799525,0.206822,31.255201,31.579325,13.556244,1.097150,2.001291,3.637815,0.662413,0.068303,2.093674,0.000000,32.318271,0.000000,7.000000,70.353318,92.784810,91.003600,0.000000,0.595727,0.179361,0.416366,23.484796,33.716363,12.738893,2.680481,2.853842,4.008004,1.008879,0.054125,6.927055,19.000000,171.380471,0.364582,7.000000,70.353318,92.784810,91.003600,0.000000,0.595727,0.179361,0.416366,23.484796,33.716363,12.738893,2.680481,2.853842,4.008004,1.008879,0.054125,3.884892,8.000000,160.975610,0.485612,4.000000,2.473025,1.000000,51.392758,2.473025,3.000000,4.591086,12.000000,189.445910,0.382591,4.000000,2.483617,4.000000,75.800000,0.620904,3.000000,3.172589,12.000000,104.166667,0.264382,8.000000,3.141361,6.000000,110.091743,0.523560,1.000000,2.774243,12.000000,104.807692,0.231187,8.000000,2.718954,3.000000,123.076923,0.906318,1.000000,2.161402,0.000000,46.556474,0.000000,1.000000,4.868562,7.000000,243.624161,0.695509,1.000000,1.959237,3.000000,94.904459,0.653079,2.000000,2.107948,11.000000,137.117904,0.191632,1.000000,1.000000,2.000000,20.000000,-1.000000,,,,47.008801,24.295011,59.004433,0.756061,0.962918,-0.206856,16.243167,17.752513,17.544895,-1.698023,1.094504,0.225838,0.060901,,0.000000,,80.983809,95.959596,94.043343,0.721747,0.460563,0.261184,25.615391,46.068368,9.303905,2.547749,3.255568,1.177190,0.038606,1.720663,2.173913,,172.000000,32.318271,1.544331,0.932994
2026-01-30T03:45:00Z,1.298786,no_impulse,0,CANBK,1h,-1.000000,143.566363,8.812737,7.000000,1.258962,-3.651604,-3.889240,-2.746418,6.539889,15.000000,168.430034,0.435993,1.000000,67.880187,76.643192,89.387212,0.000000,0.595722,0.252133,0.343589,23.926147,41.534533,15.202200,2.272985,2.782599,4.189718,0.976869,0.048773,3.737722,5.000000,85.797950,0.747544,2.000000,39.527367,15.017065,26.901982,0.000000,-0.118644,0.015906,-0.134550,30.997993,24.685585,23.099657,-1.296143,-1.274685,0.071328,0.227352,0.046931,4.554852,11.000000,168.641975,0.414077,7.000000,60.253236,87.804878,88.675475,0.000000,0.176370,-0.049772,0.226142,33.367181,31.179405,10.441509,1.155213,1.350480,2.774016,0.773069,0.042799,2.629870,3.000000,103.053435,0.876623,4.000000,33.409967,2.693966,15.050287,0.000000,-0.526234,-0.086287,-0.439947,27.611837,22.063504,17.563809,-2.353621,-2.377112,-0.838574,0.122691,0.060945,2.618778,0.000000,43.521595,0.000000,8.000000,35.020544,14.301552,14.966309,0.000000,-0.182326,0.231940,-0.414266,31.146325,22.166568,17.840219,-2.036119,-1.703111,0.025179,0.070419,0.046452,5.675676,14.000000,172.000000,0.405405,8.000000,35.020544,14.301552,14.966309,0.000000,-0.182326,0.231940,-0.414266,31.146325,22.166568,17.840219,-2.036119,-1.703111,0.025179,0.070419,0.046452,3.412415,8.000000,159.574468,0.426552,1.000000,59.452181,64.411367,84.630586,1.000000,1.006347,0.799525,0.206822,31.255201,31.579325,13.556244,1.097150,2.001291,3.637815,0.662413,0.068303,2.093674,0.000000,32.318271,0.000000,7.000000,70.353318,92.784810,91.003600,0.000000,0.595727,0.179361,0.416366,23.484796,33.716363,12.738893,2.680481,2.853842,4.008004,1.008879,0.054125,6.927055,19.000000,171.380471,0.364582,7.000000,3.884892,8.000000,160.975610,0.485612,4.000000,2.473025,1.000000,51.392758,2.473025,3.000000,4.591086,12.000000,189.445910,0.382591,4.000000,2.483617,4.000000,75.800000,0.620904,3.000000,3.172589,12.000000,104.166667,0.264382,8.000000,3.141361,6.000000,110.091743,0.523560,1.000000,2.774243,12.000000,104.807692,0.231187,8.000000,2.718954,3.000000,123.076923,0.906318,1.000000,2.161402,0.000000,46.556474,0.000000,1.000000,4.868562,7.000000,243.624161,0.695509,1.000000,1.959237,3.000000,94.904459,0.653079,2.000000,8.000000,1.000000,27.000000,-1.000000,,,,42.963366,5.645730,39.579368,0.389527,0.863393,-0.473866,15.755523,16.640450,20.099986,-3.346348,-0.817756,0.032925,0.069325,,0.000000,,28.620515,8.654670,13.263302,-1.410386,-1.017198,-0.393188,41.236422,10.560307,38.861231,-3.327315,-4.429480,0.199407,0.107127,2.094539,0.843373,,172.000000,32.318271,1.684912,1.357746
2026-01-30T03:45:00Z,1.334928,no_impulse,0,CANBK,1h,1.000000,28.793225,2.782704,0.000000,0.000000,-3.651604,-3.889240,-2.746418,8.812737,7.000000,143.566363,1.258962,8.000000,32.982704,10.444601,11.765390,0.000000,-0.601134,0.008052,-0.609185,25.636529,18.891521,41.406477,-3.651604,-3.889240,-2.746418,0.054191,0.079024,6.539889,15.000000,168.430034,0.435993,1.000000,67.880187,76.643192,89.387212,0.000000,0.595722,0.252133,0.343589,23.926147,41.534533,15.202200,2.272985,2.782599,4.189718,0.976869,0.048773,3.737722,5.000000,85.797950,0.747544,2.000000,39.527367,15.017065,26.901982,0.000000,-0.118644,0.015906,-0.134550,30.997993,24.685585,23.099657,-1.296143,-1.274685,0.071328,0.227352,0.046931,4.554852,11.000000,168.641975,0.414077,7.000000,60.253236,87.804878,88.675475,0.000000,0.176370,-0.049772,0.226142,33.367181,31.179405,10.441509,1.155213,1.350480,2.774016,0.773069,0.042799,2.629870,3.000000,103.053435,0.876623,4.000000,33.409967,2.693966,15.050287,0.000000,-0.526234,-0.086287,-0.439947,27.611837,22.063504,17.563809,-2.353621,-2.377112,-0.838574,0.122691,0.060945,2.618778,0.000000,43.521595,0.000000,8.000000,35.020544,14.301552,14.966309,0.000000,-0.182326,0.231940,-0.414266,31.146325,22.166568,17.840219,-2.036119,-1.703111,0.025179,0.070419,0.046452,5.675676,14.000000,172.000000,0.405405,8.000000,35.020544,14.301552,14.966309,0.000000,-0.182326,0.231940,-0.414266,31.146325,22.166568,17.840219,-2.036119,-1.703111,0.025179,0.070419,0.046452,3.412415,8.000000,159.574468,0.426552,1.000000,59.452181,64.411367,84.630586,1.000000,1.006347,0.799525,0.206822,31.255201,31.579325,13.556244,1.097150,2.001291,3.637815,0.662413,0.068303,2.093674,0.000000,32.318271,0.000000,7.000000,6.927055,19.000000,171.380471,0.364582,7.000000,3.884892,8.000000,160.975610,0.485612,4.000000,2.473025,1.000000,51.392758,2.473025,3.000000,4.591086,12.000000,189.445910,0.382591,4.000000,2.483617,4.000000,75.800000,0.620904,3.000000,3.172589,12.000000,104.166667,0.264382,8.000000,3.141361,6.000000,110.091743,0.523560,1.000000,2.774243,12.000000,104.807692,0.231187,8.000000,2.718954,3.000000,123.076923,0.906318,1.000000,2.161402,0.000000,46.556474,0.000000,1.000000,4.868562,7.000000,243.624161,0.695509,1.000000,8.000000,2.000000,0.000000,-1.000000,,,,42.963366,5.645730,39.579368,0.389527,0.863393,-0.473866,15.755523,16.640450,20.099986,-3.346348,-0.817756,0.032925,0.069325,,0.000000,,28.620515,8.654670,13.263302,-1.410386,-1.017198,-0.393188,41.236422,10.560307,38.861231,-3.327315,-4.429480,0.199407,0.107127,0.592031,0.000000,,172.000000,32.318271,2.216762,1.947299
2026-02-01T05:45:00Z,1.265391,no_impulse,0,CANBK,1h,-1.000000,192.401961,5.209025,9.000000,0.578781,-4.309448,-5.832622,-5.762417,2.782704,0.000000,28.793225,0.000000,8.000000,32.982704,10.444601,11.765390,0.000000,-0.601134,0.008052,-0.609185,25.636529,18.891521,41.406477,-3.651604,-3.889240,-2.746418,0.054191,0.079024,8.812737,7.000000,143.566363,1.258962,8.000000,32.982704,10.444601,11.765390,0.000000,-0.601134,0.008052,-0.609185,25.636529,18.891521,41.406477,-3.651604,-3.889240,-2.746418,0.054191,0.079024,6.539889,15.000000,168.430034,0.435993,1.000000,67.880187,76.643192,89.387212,0.000000,0.595722,0.252133,0.343589,23.926147,41.534533,15.202200,2.272985,2.782599,4.189718,0.976869,0.048773,3.737722,5.000000,85.797950,0.747544,2.000000,39.527367,15.017065,26.901982,0.000000,-0.118644,0.015906,-0.134550,30.997993,24.685585,23.099657,-1.296143,-1.274685,0.071328,0.227352,0.046931,4.554852,11.000000,168.641975,0.414077,7.000000,60.253236,87.804878,88.675475,0.000000,0.176370,-0.049772,0.226142,33.367181,31.179405,10.441509,1.155213,1.350480,2.774016,0.773069,0.042799,2.629870,3.000000,103.053435,0.876623,4.000000,33.409967,2.693966,15.050287,0.000000,-0.526234,-0.086287,-0.439947,27.611837,22.063504,17.563809,-2.353621,-2.377112,-0.838574,0.122691,0.060945,2.618778,0.000000,43.521595,0.000000,8.000000,35.020544,14.301552,14.966309,0.000000,-0.182326,0.231940,-0.414266,31.146325,22.166568,17.840219,-2.036119,-1.703111,0.025179,0.070419,0.046452,5.675676,14.000000,172.000000,0.405405,8.000000,35.020544,14.301552,14.966309,0.000000,-0.182326,0.231940,-0.414266,31.146325,22.166568,17.840219,-2.036119,-1.703111,0.025179,0.070419,0.046452,3.412415,8.000000,159.574468,0.426552,1.000000,2.093674,0.000000,32.318271,0.000000,7.000000,6.927055,19.000000,171.380471,0.364582,7.000000,3.884892,8.000000,160.975610,0.485612,4.000000,2.473025,1.000000,51.392758,2.473025,3.000000,4.591086,12.000000,189.445910,0.382591,4.000000,2.483617,4.000000,75.800000,0.620904,3.000000,3.172589,12.000000,104.166667,0.264382,8.000000,3.141361,6.000000,110.091743,0.523560,1.000000,2.774243,12.000000,104.807692,0.231187,8.000000,2.718954,3.000000,123.076923,0.906318,1.000000,2.161402,0.000000,46.556474,0.000000,1.000000,4.000000,3.000000,9.000000,-1.000000,,,,35.696631,13.345040,14.428594,-0.270101,0.667888,-0.937989,17.109667,14.097387,29.088867,-7.250402,-5.160196,-0.191474,0.097766,,0.000000,,48.477375,78.067885,79.112516,-0.313745,-0.485458,0.171713,37.803118,15.047604,23.793525,0.116239,-0.981812,0.601666,0.011447,1.215406,1.428571,9.000000,172.000000,28.793225,2.140280,1.660373
2026-02-01T05:45:00Z,1.319160,no_impulse,0,CANBK,1h,1.000000,77.324841,4.249212,0.000000,0.000000,-4.309448,-5.832622,-5.762417,5.209025,9.000000,192.401961,0.578781,4.000000,26.390436,4.080311,12.111310,0.000000,-1.561756,-1.146352,-0.415404,30.376091,16.532062,43.910639,-4.309448,-5.832622,-5.762417,0.168500,0.124628,2.782704,0.000000,28.793225,0.000000,8.000000,32.982704,10.444601,11.765390,0.000000,-0.601134,0.008052,-0.609185,25.636529,18.891521,41.406477,-3.651604,-3.889240,-2.746418,0.054191,0.079024,8.812737,7.000000,143.566363,1.258962,8.000000,32.982704,10.444601,11.765390,0.000000,-0.601134,0.008052,-0.609185,25.636529,18.891521,41.406477,-3.651604,-3.889240,-2.746418,0.054191,0.079024,6.539889,15.000000,168.430034,0.435993,1.000000,67.880187,76.643192,89.387212,0.000000,0.595722,0.252133,0.343589,23.926147,41.534533,15.202200,2.272985,2.782599,4.189718,0.976869,0.048773,3.737722,5.000000,85.797950,0.747544,2.000000,39.527367,15.017065,26.901982,0.000000,-0.118644,0.015906,-0.134550,30.997993,24.685585,23.099657,-1.296143,-1.274685,0.071328,0.227352,0.046931,4.554852,11.000000,168.641975,0.414077,7.000000,60.253236,87.804878,88.675475,0.000000,0.176370,-0.049772,0.226142,33.367181,31.179405,10.441509,1.155213,1.350480,2.774016,0.773069,0.042799,2.629870,3.000000,103.053435,0.876623,4.000000,33.409967,2.693966,15.050287,0.000000,-0.526234,-0.086287,-0.439947,27.611837,22.063504,17.563809,-2.353621,-2.377112,-0.838574,0.122691,0.060945,2.618778,0.000000,43.521595,0.000000,8.000000,35.020544,14.301552,14.966309,0.000000,-0.182326,0.231940,-0.414266,31.146325,22.166568,17.840219,-2.036119,-1.703111,0.025179,0.070419,0.046452,5.675676,14.000000,172.000000,0.405405,8.000000,3.412415,8.000000,159.574468,0.426552,1.000000,2.093674,0.000000,32.318271,0.000000,7.000000,6.927055,19.000000,171.380471,0.364582,7.000000,3.884892,8.000000,160.975610,0.485612,4.000000,2.473025,1.000000,51.392758,2.473025,3.000000,4.591086,12.000000,189.445910,0.382591,4.000000,2.483617,4.000000,75.800000,0.620904,3.000000,3.172589,12.000000,104.166667,0.264382,8.000000,3.141361,6.000000,110.091743,0.523560,1.000000,2.774243,12.000000,104.807692,0.231187,8.000000,2.718954,3.000000,123.076923,0.906318,1.000000,4.000000,4.000000,9.000000,-1.000000,,,,35.696631,13.345040,14.428594,-0.270101,0.667888,-0.937989,17.109667,14.097387,29.088867,-7.250402,-5.160196,-0.191474,0.097766,,0.000000,,48.477375,78.067885,79.112516,-0.313745,-0.485458,0.171713,37.803118,15.047604,23.793525,0.116239,-0.981812,0.601666,0.011447,0.924271,0.000000,,192.401961,28.793225,2.008410,1.132952
2026-02-02T03:45:00Z,1.231287,no_impulse,0,CANBK,1h,-1.000000,163.426689,6.661295,5.000000,1.332259,-3.823702,-6.275124,-7.134818,4.249212,0.000000,77.324841,0.000000,4.000000,26.390436,4.080311,12.111310,0.000000,-1.561756,-1.146352,-0.415404,30.376091,16.532062,43.910639,-4.309448,-5.832622,-5.762417,0.168500,0.124628,5.209025,9.000000,192.401961,0.578781,4.000000,26.390436,4.080311,12.111310,0.000000,-1.561756,-1.146352,-0.415404,30.376091,16.532062,43.910639,-4.309448,-5.832622,-5.762417,0.168500,0.124628,2.782704,0.000000,28.793225,0.000000,8.000000,32.982704,10.444601,11.765390,0.000000,-0.601134,0.008052,-0.609185,25.636529,18.891521,41.406477,-3.651604,-3.889240,-2.746418,0.054191,0.079024,8.812737,7.000000,143.566363,1.258962,8.000000,32.982704,10.444601,11.765390,0.000000,-0.601134,0.008052,-0.609185,25.636529,18.891521,41.406477,-3.651604,-3.889240,-2.746418,0.054191,0.079024,6.539889,15.000000,168.430034,0.435993,1.000000,67.880187,76.643192,89.387212,0.000000,0.595722,0.252133,0.343589,23.926147,41.534533,15.202200,2.272985,2.782599,4.189718,0.976869,0.048773,3.737722,5.000000,85.797950,0.747544,2.000000,39.527367,15.017065,26.901982,0.000000,-0.118644,0.015906,-0.134550,30.997993,24.685585,23.099657,-1.296143,-1.274685,0.071328,0.227352,0.046931,4.554852,11.000000,168.641975,0.414077,7.000000,60.253236,87.804878,88.675475,0.000000,0.176370,-0.049772,0.226142,33.367181,31.179405,10.441509,1.155213,1.350480,2.774016,0.773069,0.042799,2.629870,3.000000,103.053435,0.876623,4.000000,33.409967,2.693966,15.050287,0.000000,-0.526234,-0.086287,-0.439947,27.611837,22.063504,17.563809,-2.353621,-2.377112,-0.838574,0.122691,0.060945,2.618778,0.000000,43.521595,0.000000,8.000000,5.675676,14.000000,172.000000,0.405405,8.000000,3.412415,8.000000,159.574468,0.426552,1.000000,2.093674,0.000000,32.318271,0.000000,7.000000,6.927055,19.000000,171.380471,0.364582,7.000000,3.884892,8.000000,160.975610,0.485612,4.000000,2.473025,1.000000,51.392758,2.473025,3.000000,4.591086,12.000000,189.445910,0.382591,4.000000,2.483617,4.000000,75.800000,0.620904,3.000000,3.172589,12.000000,104.166667,0.264382,8.000000,3.141361,6.000000,110.091743,0.523560,1.000000,2.774243,12.000000,104.807692,0.231187,8.000000,4.000000,5.000000,14.000000,-1.000000,,,,44.325294,37.137840,18.709537,-0.472903,0.419958,-0.892861,18.367087,12.584376,25.966886,-2.969149,-1.219073,0.218741,0.102522,,0.000000,,35.584500,47.002725,38.825360,-1.066340,-0.920701,-0.145640,48.930053,8.089168,36.583088,-1.681995,-3.501111,0.221000,0.059289,1.423035,0.781250,,192.401961,28.793225,1.970630,0.641211
2026-02-03T03:45:00Z,1.395163,no_impulse,0,CANBK,1h,1.000000,186.491935,13.309353,7.000000,1.901336,1.956670,0.099861,-1.195899,6.661295,5.000000,163.426689,1.332259,4.000000,28.373920,26.147541,23.428590,1.000000,-2.232213,-1.751245,-0.480968,38.168764,12.244983,47.029298,-3.823702,-6.275124,-7.134818,0.163018,0.109290,4.249212,0.000000,77.324841,0.000000,4.000000,26.390436,4.080311,12.111310,0.000000,-1.561756,-1.146352,-0.415404,30.376091,16.532062,43.910639,-4.309448,-5.832622,-5.762417,0.168500,0.124628,5.209025,9.000000,192.401961,0.578781,4.000000,26.390436,4.080311,12.111310,0.000000,-1.561756,-1.146352,-0.415404,30.376091,16.532062,43.910639,-4.309448,-5.832622,-5.762417,0.168500,0.124628,2.782704,0.000000,28.793225,0.000000,8.000000,32.982704,10.444601,11.765390,0.000000,-0.601134,0.008052,-0.609185,25.636529,18.891521,41.406477,-3.651604,-3.889240,-2.746418,0.054191,0.079024,8.812737,7.000000,143.566363,1.258962,8.000000,32.982704,10.444601,11.765390,0.000000,-0.601134,0.008052,-0.609185,25.636529,18.891521,41.406477,-3.651604,-3.889240,-2.746418,0.054191,0.079024,6.539889,15.000000,168.430034,0.435993,1.000000,67.880187,76.643192,89.387212,0.000000,0.595722,0.252133,0.343589,23.926147,41.534533,15.202200,2.272985,2.782599,4.189718,0.976869,0.048773,3.737722,5.000000,85.797950,0.747544,2.000000,39.527367,15.017065,26.901982,0.000000,-0.118644,0.015906,-0.134550,30.997993,24.685585,23.099657,-1.296143,-1.274685,0.071328,0.227352,0.046931,4.554852,11.000000,168.641975,0.414077,7.000000,60.253236,87.804878,88.675475,0.000000,0.176370,-0.049772,0.226142,33.367181,31.179405,10.441509,1.155213,1.350480,2.774016,0.773069,0.042799,2.629870,3.000000,103.053435,0.876623,4.000000,2.618778,0.000000,43.521595,0.000000,8.000000,5.675676,14.000000,172.000000,0.405405,8.000000,3.412415,8.000000,159.574468,0.426552,1.000000,2.093674,0.000000,32.318271,0.000000,7.000000,6.927055,19.000000,171.380471,0.364582,7.000000,3.884892,8.000000,160.975610,0.485612,4.000000,2.473025,1.000000,51.392758,2.473025,3.000000,4.591086,12.000000,189.445910,0.382591,4.000000,2.483617,4.000000,75.800000,0.620904,3.000000,3.172589,12.000000,104.166667,0.264382,8.000000,3.141361,6.000000,110.091743,0.523560,1.000000,7.000000,6.000000,21.000000,-1.000000,,,,45.587452,40.956980,30.479953,-0.583387,0.217305,-0.800692,17.305736,24.013847,22.386062,-2.136275,-0.597035,0.301045,0.105129,,0.000000,,74.426436,38.803793,75.417856,0.701651,0.378491,0.323160,28.790198,58.699556,9.087573,2.684096,2.685784,0.963161,0.059550,2.784612,1.272727,,192.401961,28.793225,2.048995,0.888847
2026-02-06T07:45:00Z,1.283196,no_impulse,0,CANBK,1h,-1.000000,68.324324,8.025397,25.000000,0.321016,-0.602319,-1.203333,-2.680872,13.309353,7.000000,186.491935,1.901336,7.000000,56.411509,56.849666,71.898254,1.000000,-0.846841,-1.435030,0.588189,34.731084,42.619985,24.066829,1.956670,0.099861,-1.195899,0.763472,0.075747,6.661295,5.000000,163.426689,1.332259,4.000000,28.373920,26.147541,23.428590,1.000000,-2.232213,-1.751245,-0.480968,38.168764,12.244983,47.029298,-3.823702,-6.275124,-7.134818,0.163018,0.109290,4.249212,0.000000,77.324841,0.000000,4.000000,26.390436,4.080311,12.111310,0.000000,-1.561756,-1.146352,-0.415404,30.376091,16.532062,43.910639,-4.309448,-5.832622,-5.762417,0.168500,0.124628,5.209025,9.000000,192.401961,0.578781,4.000000,26.390436,4.080311,12.111310,0.000000,-1.561756,-1.146352,-0.415404,30.376091,16.532062,43.910639,-4.309448,-5.832622,-5.762417,0.168500,0.124628,2.782704,0.000000,28.793225,0.000000,8.000000,32.982704,10.444601,11.765390,0.000000,-0.601134,0.008052,-0.609185,25.636529,18.891521,41.406477,-3.651604,-3.889240,-2.746418,0.054191,0.079024,8.812737,7.000000,143.566363,1.258962,8.000000,32.982704,10.444601,11.765390,0.000000,-0.601134,0.008052,-0.609185,25.636529,18.891521,41.406477,-3.651604,-3.889240,-2.746418,0.054191,0.079024,6.539889,15.000000,168.430034,0.435993,1.000000,67.880187,76.643192,89.387212,0.000000,0.595722,0.252133,0.343589,23.926147,41.534533,15.202200,2.272985,2.782599,4.189718,0.976869,0.048773,3.737722,5.000000,85.797950,0.747544,2.000000,39.527367,15.017065,26.901982,0.000000,-0.118644,0.015906,-0.134550,30.997993,24.685585,23.099657,-1.296143,-1.274685,0.071328,0.227352,0.046931,4.554852,11.000000,168.641975,0.414077,7.000000,2.629870,3.000000,103.053435,0.876623,4.000000,2.618778,0.000000,43.521595,0.000000,8.000000,5.675676,14.000000,172.000000,0.405405,8.000000,3.412415,8.000000,159.574468,0.426552,1.000000,2.093674,0.000000,32.318271,0.000000,7.000000,6.927055,19.000000,171.380471,0.364582,7.000000,3.884892,8.000000,160.975610,0.485612,4.000000,2.473025,1.000000,51.392758,2.473025,3.000000,4.591086,12.000000,189.445910,0.382591,4.000000,2.483617,4.000000,75.800000,0.620904,3.000000,3.172589,12.000000,104.166667,0.264382,8.000000,2.000000,1.000000,25.000000,-1.000000,,,,45.671758,40.825285,42.537313,-0.715445,-0.222175,-0.493270,14.481782,22.605228,24.569496,-1.664980,-0.577418,0.351599,0.110357,,0.000000,,35.326643,18.493151,14.612659,-0.466357,-0.389842,-0.076516,18.093362,14.831263,28.065552,-0.637747,-1.098890,0.287704,0.029850,1.372176,4.032258,25.000000,192.401961,28.793225,3.239409,1.441275
2026-02-09T03:45:00Z,1.332005,no_impulse,0,CANBK,1h,1.000000,43.591772,3.803673,3.000000,1.267891,1.315778,0.878088,-0.530998,8.025397,25.000000,68.324324,0.321016,2.000000,44.033504,28.601695,15.308716,1.000000,-0.208350,-0.042638,-0.165712,18.760799,23.177843,26.934022,-0.602319,-1.203333,-2.680872,0.263863,0.025354,13.309353,7.000000,186.491935,1.901336,7.000000,56.411509,56.849666,71.898254,1.000000,-0.846841,-1.435030,0.588189,34.731084,42.619985,24.066829,1.956670,0.099861,-1.195899,0.763472,0.075747,6.661295,5.000000,163.426689,1.332259,4.000000,28.373920,26.147541,23.428590,1.000000,-2.232213,-1.751245,-0.480968,38.168764,12.244983,47.029298,-3.823702,-6.275124,-7.134818,0.163018,0.109290,4.249212,0.000000,77.324841,0.000000,4.000000,26.390436,4.080311,12.111310,0.000000,-1.561756,-1.146352,-0.415404,30.376091,16.532062,43.910639,-4.309448,-5.832622,-5.762417,0.168500,0.124628,5.209025,9.000000,192.401961,0.578781,4.000000,26.390436,4.080311,12.111310,0.000000,-1.561756,-1.146352,-0.415404,30.376091,16.532062,43.910639,-4.309448,-5.832622,-5.762417,0.168500,0.124628,2.782704,0.000000,28.793225,0.000000,8.000000,32.982704,10.444601,11.765390,0.000000,-0.601134,0.008052,-0.609185,25.636529,18.891521,41.406477,-3.651604,-3.889240,-2.746418,0.054191,0.079024,8.812737,7.000000,143.566363,1.258962,8.000000,32.982704,10.444601,11.765390,0.000000,-0.601134,0.008052,-0.609185,25.636529,18.891521,41.406477,-3.651604,-3.889240,-2.746418,0.054191,0.079024,6.539889,15.000000,168.430034,0.435993,1.000000,67.880187,76.643192,89.387212,0.000000,0.595722,0.252133,0.343589,23.926147,41.534533,15.202200,2.272985,2.782599,4.189718,0.976869,0.048773,3.737722,5.000000,85.797950,0.747544,2.000000,4.554852,11.000000,168.641975,0.414077,7.000000,2.629870,3.000000,103.053435,0.876623,4.000000,2.618778,0.000000,43.521595,0.000000,8.000000,5.675676,14.000000,172.000000,0.405405,8.000000,3.412415,8.000000,159.574468,0.426552,1.000000,2.093674,0.000000,32.318271,0.000000,7.000000,6.927055,19.000000,171.380471,0.364582,7.000000,3.884892,8.000000,160.975610,0.485612,4.000000,2.473025,1.000000,51.392758,2.473025,3.000000,4.591086,12.000000,189.445910,0.382591,4.000000,2.483617,4.000000,75.800000,0.620904,3.000000,3.000000,1.000000,28.000000,-1.000000,,,,46.762870,43.546971,43.166520,-0.710843,-0.319164,-0.391679,13.480310,23.285068,23.500829,-1.120896,-0.149768,0.400892,0.111845,,0.000000,,73.193494,90.892193,85.893505,0.111147,-0.168585,0.279732,19.121905,45.807270,14.589878,1.993243,1.858296,1.235196,0.027663,0.595420,0.357143,28.000000,192.401961,28.793225,3.089593,2.287083
2026-02-11T03:45:00Z,1.275578,no_impulse,0,CANBK,1h,-1.000000,115.607985,4.236217,14.000000,0.302587,-1.995370,-2.389774,-3.814690,3.803673,3.000000,43.591772,1.267891,3.000000,59.533866,80.036298,58.952777,0.000000,-0.018620,-0.071119,0.052498,17.656804,35.749493,20.252520,1.315778,0.878088,-0.530998,0.988209,0.027310,8.025397,25.000000,68.324324,0.321016,2.000000,44.033504,28.601695,15.308716,1.000000,-0.208350,-0.042638,-0.165712,18.760799,23.177843,26.934022,-0.602319,-1.203333,-2.680872,0.263863,0.025354,13.309353,7.000000,186.491935,1.901336,7.000000,56.411509,56.849666,71.898254,1.000000,-0.846841,-1.435030,0.588189,34.731084,42.619985,24.066829,1.956670,0.099861,-1.195899,0.763472,0.075747,6.661295,5.000000,163.426689,1.332259,4.000000,28.373920,26.147541,23.428590,1.000000,-2.232213,-1.751245,-0.480968,38.168764,12.244983,47.029298,-3.823702,-6.275124,-7.134818,0.163018,0.109290,4.249212,0.000000,77.324841,0.000000,4.000000,26.390436,4.080311,12.111310,0.000000,-1.561756,-1.146352,-0.415404,30.376091,16.532062,43.910639,-4.309448,-5.832622,-5.762417,0.168500,0.124628,5.209025,9.000000,192.401961,0.578781,4.000000,26.390436,4.080311,12.111310,0.000000,-1.561756,-1.146352,-0.415404,30.376091,16.532062,43.910639,-4.309448,-5.832622,-5.762417,0.168500,0.124628,2.782704,0.000000,28.793225,0.000000,8.000000,32.982704,10.444601,11.765390,0.000000,-0.601134,0.008052,-0.609185,25.636529,18.891521,41.406477,-3.651604,-3.889240,-2.746418,0.054191,0.079024,8.812737,7.000000,143.566363,1.258962,8.000000,32.982704,10.444601,11.765390,0.000000,-0.601134,0.008052,-0.609185,25.636529,18.891521,41.406477,-3.651604,-3.889240,-2.746418,0.054191,0.079024,6.539889,15.000000,168.430034,0.435993,1.000000,3.737722,5.000000,85.797950,0.747544,2.000000,4.554852,11.000000,168.641975,0.414077,7.000000,2.629870,3.000000,103.053435,0.876623,4.000000,2.618778,0.000000,43.521595,0.000000,8.000000,5.675676,14.000000,172.000000,0.405405,8.000000,3.412415,8.000000,159.574468,0.426552,1.000000,2.093674,0.000000,32.318271,0.000000,7.000000,6.927055,19.000000,171.380471,0.364582,7.000000,3.884892,8.000000,160.975610,0.485612,4.000000,2.473025,1.000000,51.392758,2.473025,3.000000,4.591086,12.000000,189.445910,0.382591,4.000000,4.000000,2.000000,42.000000,-1.000000,,,,42.982022,32.923617,38.396254,-0.876803,-0.506776,-0.370027,12.613435,21.423366,26.605373,-2.372403,-1.709964,0.304362,0.118455,,0.000000,,26.897717,1.953125,8.724635,-0.223786,-0.148140,-0.075646,16.049309,12.442798,33.420934,-1.182435,-1.416863,-0.413097,0.012798,0.671020,1.842105,42.000000,192.401961,28.793225,3.147706,1.559501
2026-02-11T03:45:00Z,1.305164,no_impulse,0,CANBK,1h,1.000000,52.433281,2.319444,0.000000,0.000000,-1.995370,-2.389774,-3.814690,4.236217,14.000000,115.607985,0.302587,4.000000,31.027898,3.523490,7.041844,1.000000,-0.254750,-0.056039,-0.198711,14.280349,17.321938,35.650013,-1.995370,-2.389774,-3.814690,-0.093832,0.032944,3.803673,3.000000,43.591772,1.267891,3.000000,59.533866,80.036298,58.952777,0.000000,-0.018620,-0.071119,0.052498,17.656804,35.749493,20.252520,1.315778,0.878088,-0.530998,0.988209,0.027310,8.025397,25.000000,68.324324,0.321016,2.000000,44.033504,28.601695,15.308716,1.000000,-0.208350,-0.042638,-0.165712,18.760799,23.177843,26.934022,-0.602319,-1.203333,-2.680872,0.263863,0.025354,13.309353,7.000000,186.491935,1.901336,7.000000,56.411509,56.849666,71.898254,1.000000,-0.846841,-1.435030,0.588189,34.731084,42.619985,24.066829,1.956670,0.099861,-1.195899,0.763472,0.075747,6.661295,5.000000,163.426689,1.332259,4.000000,28.373920,26.147541,23.428590,1.000000,-2.232213,-1.751245,-0.480968,38.168764,12.244983,47.029298,-3.823702,-6.275124,-7.134818,0.163018,0.109290,4.249212,0.000000,77.324841,0.000000,4.000000,26.390436,4.080311,12.111310,0.000000,-1.561756,-1.146352,-0.415404,30.376091,16.532062,43.910639,-4.309448,-5.832622,-5.762417,0.168500,0.124628,5.209025,9.000000,192.401961,0.578781,4.000000,26.390436,4.080311,12.111310,0.000000,-1.561756,-1.146352,-0.415404,30.376091,16.532062,43.910639,-4.309448,-5.832622,-5.762417,0.168500,0.124628,2.782704,0.000000,28.793225,0.000000,8.000000,32.982704,10.444601,11.765390,0.000000,-0.601134,0.008052,-0.609185,25.636529,18.891521,41.406477,-3.651604,-3.889240,-2.746418,0.054191,0.079024,8.812737,7.000000,143.566363,1.258962,8.000000,6.539889,15.000000,168.430034,0.435993,1.000000,3.737722,5.000000,85.797950,0.747544,2.000000,4.554852,11.000000,168.641975,0.414077,7.000000,2.629870,3.000000,103.053435,0.876623,4.000000,2.618778,0.000000,43.521595,0.000000,8.000000,5.675676,14.000000,172.000000,0.405405,8.000000,3.412415,8.000000,159.574468,0.426552,1.000000,2.093674,0.000000,32.318271,0.000000,7.000000,6.927055,19.000000,171.380471,0.364582,7.000000,3.884892,8.000000,160.975610,0.485612,4.000000,2.473025,1.000000,51.392758,2.473025,3.000000,4.000000,3.000000,42.000000,-1.000000,,,,42.982022,32.923617,38.396254,-0.876803,-0.506776,-0.370027,12.613435,21.423366,26.605373,-2.372403,-1.709964,0.304362,0.118455,,0.000000,,26.897717,1.953125,8.724635,-0.223786,-0.148140,-0.075646,16.049309,12.442798,33.420934,-1.182435,-1.416863,-0.413097,0.012798,0.364523,0.000000,42.000000,192.401961,28.793225,3.106060,0.663310
2026-02-16T03:45:00Z,1.241474,no_impulse,0,CANBK,1h,-1.000000,215.269461,4.879870,21.000000,0.232375,0.171372,-0.969291,-3.206011,2.319444,0.000000,52.433281,0.000000,4.000000,31.027898,3.523490,7.041844,0.000000,-0.254750,-0.056039,-0.198711,14.280349,17.321938,35.650013,-1.995370,-2.389774,-3.814690,-0.093832,0.032944,4.236217,14.000000,115.607985,0.302587,4.000000,31.027898,3.523490,7.041844,1.000000,-0.254750,-0.056039,-0.198711,14.280349,17.321938,35.650013,-1.995370,-2.389774,-3.814690,-0.093832,0.032944,3.803673,3.000000,43.591772,1.267891,3.000000,59.533866,80.036298,58.952777,0.000000,-0.018620,-0.071119,0.052498,17.656804,35.749493,20.252520,1.315778,0.878088,-0.530998,0.988209,0.027310,8.025397,25.000000,68.324324,0.321016,2.000000,44.033504,28.601695,15.308716,1.000000,-0.208350,-0.042638,-0.165712,18.760799,23.177843,26.934022,-0.602319,-1.203333,-2.680872,0.263863,0.025354,13.309353,7.000000,186.491935,1.901336,7.000000,56.411509,56.849666,71.898254,1.000000,-0.846841,-1.435030,0.588189,34.731084,42.619985,24.066829,1.956670,0.099861,-1.195899,0.763472,0.075747,6.661295,5.000000,163.426689,1.332259,4.000000,28.373920,26.147541,23.428590,1.000000,-2.232213,-1.751245,-0.480968,38.168764,12.244983,47.029298,-3.823702,-6.275124,-7.134818,0.163018,0.109290,4.249212,0.000000,77.324841,0.000000,4.000000,26.390436,4.080311,12.111310,0.000000,-1.561756,-1.146352,-0.415404,30.376091,16.532062,43.910639,-4.309448,-5.832622,-5.762417,0.168500,0.124628,5.209025,9.000000,192.401961,0.578781,4.000000,26.390436,4.080311,12.111310,0.000000,-1.561756,-1.146352,-0.415404,30.376091,16.532062,43.910639,-4.309448,-5.832622,-5.762417,0.168500,0.124628,2.782704,0.000000,28.793225,0.000000,8.000000,8.812737,7.000000,143.566363,1.258962,8.000000,6.539889,15.000000,168.430034,0.435993,1.000000,3.737722,5.000000,85.797950,0.747544,2.000000,4.554852,11.000000,168.641975,0.414077,7.000000,2.629870,3.000000,103.053435,0.876623,4.000000,2.618778,0.000000,43.521595,0.000000,8.000000,5.675676,14.000000,172.000000,0.405405,8.000000,3.412415,8.000000,159.574468,0.426552,1.000000,2.093674,0.000000,32.318271,0.000000,7.000000,6.927055,19.000000,171.380471,0.364582,7.000000,3.884892,8.000000,160.975610,0.485612,4.000000,4.000000,4.000000,63.000000,-1.000000,,,,45.745376,34.372256,26.909570,-1.176365,-0.816013,-0.360352,12.674111,21.560059,25.687737,-1.289985,-1.181746,0.387721,0.113428,,4.000000,,42.504620,74.000000,42.682654,-0.292290,-0.340139,0.047849,39.446290,7.361339,36.745807,-0.149473,-0.816908,0.232354,0.005576,0.821402,3.000000,63.000000,192.401961,28.793225,3.356021,0.370029
2026-02-18T03:45:00Z,1.349012,no_impulse,0,CANBK,1h,1.000000,168.845619,8.662148,14.000000,0.618725,3.217832,3.681638,2.288845,4.879870,21.000000,215.269461,0.232375,4.000000,48.475679,77.732794,30.888521,1.000000,-0.747589,-0.740808,-0.006782,31.859316,20.384665,25.407519,0.171372,-0.969291,-3.206011,0.543025,0.039899,2.319444,0.000000,52.433281,0.000000,4.000000,31.027898,3.523490,7.041844,0.000000,-0.254750,-0.056039,-0.198711,14.280349,17.321938,35.650013,-1.995370,-2.389774,-3.814690,-0.093832,0.032944,4.236217,14.000000,115.607985,0.302587,4.000000,31.027898,3.523490,7.041844,1.000000,-0.254750,-0.056039,-0.198711,14.280349,17.321938,35.650013,-1.995370,-2.389774,-3.814690,-0.093832,0.032944,3.803673,3.000000,43.591772,1.267891,3.000000,59.533866,80.036298,58.952777,0.000000,-0.018620,-0.071119,0.052498,17.656804,35.749493,20.252520,1.315778,0.878088,-0.530998,0.988209,0.027310,8.025397,25.000000,68.324324,0.321016,2.000000,44.033504,28.601695,15.308716,1.000000,-0.208350,-0.042638,-0.165712,18.760799,23.177843,26.934022,-0.602319,-1.203333,-2.680872,0.263863,0.025354,13.309353,7.000000,186.491935,1.901336,7.000000,56.411509,56.849666,71.898254,1.000000,-0.846841,-1.435030,0.588189,34.731084,42.619985,24.066829,1.956670,0.099861,-1.195899,0.763472,0.075747,6.661295,5.000000,163.426689,1.332259,4.000000,28.373920,26.147541,23.428590,1.000000,-2.232213,-1.751245,-0.480968,38.168764,12.244983,47.029298,-3.823702,-6.275124,-7.134818,0.163018,0.109290,4.249212,0.000000,77.324841,0.000000,4.000000,26.390436,4.080311,12.111310,0.000000,-1.561756,-1.146352,-0.415404,30.376091,16.532062,43.910639,-4.309448,-5.832622,-5.762417,0.168500,0.124628,5.209025,9.000000,192.401961,0.578781,4.000000,2.782704,0.000000,28.793225,0.000000,8.000000,8.812737,7.000000,143.566363,1.258962,8.000000,6.539889,15.000000,168.430034,0.435993,1.000000,3.737722,5.000000,85.797950,0.747544,2.000000,4.554852,11.000000,168.641975,0.414077,7.000000,2.629870,3.000000,103.053435,0.876623,4.000000,2.618778,0.000000,43.521595,0.000000,8.000000,5.675676,14.000000,172.000000,0.405405,8.000000,3.412415,8.000000,159.574468,0.426552,1.000000,2.093674,0.000000,32.318271,0.000000,7.000000,6.927055,19.000000,171.380471,0.364582,7.000000,7.000000,5.000000,77.000000,-1.000000,,,,55.592325,71.472550,54.265697,-0.576536,-0.761934,0.185398,11.996289,28.209281,22.393791,2.433359,2.729132,0.727124,0.109810,,6.000000,,75.283594,79.375000,61.599149,0.598710,0.669378,-0.070668,47.861137,35.942229,8.337166,0.987243,2.097168,0.920921,0.023688,1.561417,1.666667,77.000000,215.269461,28.793225,3.209319,0.454903
2026-02-18T03:45:00Z,1.323235,no_impulse,0,CANBK,1h,-1.000000,23.970346,1.910828,0.000000,0.000000,3.217832,3.681638,2.288845,8.662148,14.000000,168.845619,0.618725,7.000000,79.622451,95.995785,93.537057,0.000000,0.966882,0.492555,0.474327,31.164622,44.351346,11.244561,3.217832,3.681638,2.288845,0.903816,0.082335,4.879870,21.000000,215.269461,0.232375,4.000000,48.475679,77.732794,30.888521,1.000000,-0.747589,-0.740808,-0.006782,31.859316,20.384665,25.407519,0.171372,-0.969291,-3.206011,0.543025,0.039899,2.319444,0.000000,52.433281,0.000000,4.000000,31.027898,3.523490,7.041844,0.000000,-0.254750,-0.056039,-0.198711,14.280349,17.321938,35.650013,-1.995370,-2.389774,-3.814690,-0.093832,0.032944,4.236217,14.000000,115.607985,0.302587,4.000000,31.027898,3.523490,7.041844,1.000000,-0.254750,-0.056039,-0.198711,14.280349,17.321938,35.650013,-1.995370,-2.389774,-3.814690,-0.093832,0.032944,3.803673,3.000000,43.591772,1.267891,3.000000,59.533866,80.036298,58.952777,0.000000,-0.018620,-0.071119,0.052498,17.656804,35.749493,20.252520,1.315778,0.878088,-0.530998,0.988209,0.027310,8.025397,25.000000,68.324324,0.321016,2.000000,44.033504,28.601695,15.308716,1.000000,-0.208350,-0.042638,-0.165712,18.760799,23.177843,26.934022,-0.602319,-1.203333,-2.680872,0.263863,0.025354,13.309353,7.000000,186.491935,1.901336,7.000000,56.411509,56.849666,71.898254,1.000000,-0.846841,-1.435030,0.588189,34.731084,42.619985,24.066829,1.956670,0.099861,-1.195899,0.763472,0.075747,6.661295,5.000000,163.426689,1.332259,4.000000,28.373920,26.147541,23.428590,1.000000,-2.232213,-1.751245,-0.480968,38.168764,12.244983,47.029298,-3.823702,-6.275124,-7.134818,0.163018,0.109290,4.249212,0.000000,77.324841,0.000000,4.000000,5.209025,9.000000,192.401961,0.578781,4.000000,2.782704,0.000000,28.793225,0.000000,8.000000,8.812737,7.000000,143.566363,1.258962,8.000000,6.539889,15.000000,168.430034,0.435993,1.000000,3.737722,5.000000,85.797950,0.747544,2.000000,4.554852,11.000000,168.641975,0.414077,7.000000,2.629870,3.000000,103.053435,0.876623,4.000000,2.618778,0.000000,43.521595,0.000000,8.000000,5.675676,14.000000,172.000000,0.405405,8.000000,3.412415,8.000000,159.574468,0.426552,1.000000,2.093674,0.000000,32.318271,0.000000,7.000000,7.000000,6.000000,0.000000,-1.000000,,,,55.592325,71.472550,54.265697,-0.576536,-0.761934,0.185398,11.996289,28.209281,22.393791,2.433359,2.729132,0.727124,0.109810,,0.000000,,75.283594,79.375000,61.599149,0.598710,0.669378,-0.070668,47.861137,35.942229,8.337166,0.987243,2.097168,0.920921,0.023688,0.311435,0.000000,77.000000,215.269461,43.591772,3.184970,0.987313
2026-02-19T03:45:00Z,1.351670,no_impulse,0,CANBK,1h,1.000000,110.309278,2.148882,7.000000,0.306983,1.153359,2.281267,1.582385,1.910828,0.000000,23.970346,0.000000,7.000000,79.622451,95.995785,93.537057,0.000000,0.966882,0.492555,0.474327,31.164622,44.351346,11.244561,3.217832,3.681638,2.288845,0.903816,0.082335,8.662148,14.000000,168.845619,0.618725,7.000000,79.622451,95.995785,93.537057,0.000000,0.966882,0.492555,0.474327,31.164622,44.351346,11.244561,3.217832,3.681638,2.288845,0.903816,0.082335,4.879870,21.000000,215.269461,0.232375,4.000000,48.475679,77.732794,30.888521,1.000000,-0.747589,-0.740808,-0.006782,31.859316,20.384665,25.407519,0.171372,-0.969291,-3.206011,0.543025,0.039899,2.319444,0.000000,52.433281,0.000000,4.000000,31.027898,3.523490,7.041844,0.000000,-0.254750,-0.056039,-0.198711,14.280349,17.321938,35.650013,-1.995370,-2.389774,-3.814690,-0.093832,0.032944,4.236217,14.000000,115.607985,0.302587,4.000000,31.027898,3.523490,7.041844,1.000000,-0.254750,-0.056039,-0.198711,14.280349,17.321938,35.650013,-1.995370,-2.389774,-3.814690,-0.093832,0.032944,3.803673,3.000000,43.591772,1.267891,3.000000,59.533866,80.036298,58.952777,0.000000,-0.018620,-0.071119,0.052498,17.656804,35.749493,20.252520,1.315778,0.878088,-0.530998,0.988209,0.027310,8.025397,25.000000,68.324324,0.321016,2.000000,44.033504,28.601695,15.308716,1.000000,-0.208350,-0.042638,-0.165712,18.760799,23.177843,26.934022,-0.602319,-1.203333,-2.680872,0.263863,0.025354,13.309353,7.000000,186.491935,1.901336,7.000000,56.411509,56.849666,71.898254,1.000000,-0.846841,-1.435030,0.588189,34.731084,42.619985,24.066829,1.956670,0.099861,-1.195899,0.763472,0.075747,6.661295,5.000000,163.426689,1.332259,4.000000,4.249212,0.000000,77.324841,0.000000,4.000000,5.209025,9.000000,192.401961,0.578781,4.000000,2.782704,0.000000,28.793225,0.000000,8.000000,8.812737,7.000000,143.566363,1.258962,8.000000,6.539889,15.000000,168.430034,0.435993,1.000000,3.737722,5.000000,85.797950,0.747544,2.000000,4.554852,11.000000,168.641975,0.414077,7.000000,2.629870,3.000000,103.053435,0.876623,4.000000,2.618778,0.000000,43.521595,0.000000,8.000000,5.675676,14.000000,172.000000,0.405405,8.000000,3.412415,8.000000,159.574468,0.426552,1.000000,1.000000,1.000000,7.000000,-1.000000,,,,51.286289,56.324324,61.583053,-0.449718,-0.709771,0.260053,11.800034,26.485599,22.001190,0.712841,1.045946,0.569730,0.102963,,2.000000,,61.255650,52.694611,60.279441,0.398002,0.479475,-0.081473,53.203626,29.430739,9.680250,0.226380,1.260471,0.672368,0.013163,0.370130,0.786517,84.000000,215.269461,23.970346,3.451222,1.491683
2026-02-20T03:45:00Z,1.314643,no_impulse,0,CANBK,1h,-1.000000,130.218069,2.739367,7.000000,0.391338,0.725207,1.778649,1.474926,2.148882,7.000000,110.309278,0.306983,1.000000,65.362776,75.586854,86.653951,1.000000,1.192717,1.051614,0.141103,42.542294,33.916137,12.207987,1.153359,2.281267,1.582385,0.662625,0.071749,1.910828,0.000000,23.970346,0.000000,7.000000,79.622451,95.995785,93.537057,0.000000,0.966882,0.492555,0.474327,31.164622,44.351346,11.244561,3.217832,3.681638,2.288845,0.903816,0.082335,8.662148,14.000000,168.845619,0.618725,7.000000,79.622451,95.995785,93.537057,0.000000,0.966882,0.492555,0.474327,31.164622,44.351346,11.244561,3.217832,3.681638,2.288845,0.903816,0.082335,4.879870,21.000000,215.269461,0.232375,4.000000,48.475679,77.732794,30.888521,1.000000,-0.747589,-0.740808,-0.006782,31.859316,20.384665,25.407519,0.171372,-0.969291,-3.206011,0.543025,0.039899,2.319444,0.000000,52.433281,0.000000,4.000000,31.027898,3.523490,7.041844,0.000000,-0.254750,-0.056039,-0.198711,14.280349,17.321938,35.650013,-1.995370,-2.389774,-3.814690,-0.093832,0.032944,4.236217,14.000000,115.607985,0.302587,4.000000,31.027898,3.523490,7.041844,1.000000,-0.254750,-0.056039,-0.198711,14.280349,17.321938,35.650013,-1.995370,-2.389774,-3.814690,-0.093832,0.032944,3.803673,3.000000,43.591772,1.267891,3.000000,59.533866,80.036298,58.952777,0.000000,-0.018620,-0.071119,0.052498,17.656804,35.749493,20.252520,1.315778,0.878088,-0.530998,0.988209,0.027310,8.025397,25.000000,68.324324,0.321016,2.000000,44.033504,28.601695,15.308716,1.000000,-0.208350,-0.042638,-0.165712,18.760799,23.177843,26.934022,-0.602319,-1.203333,-2.680872,0.263863,0.025354,13.309353,7.000000,186.491935,1.901336,7.000000,6.661295,5.000000,163.426689,1.332259,4.000000,4.249212,0.000000,77.324841,0.000000,4.000000,5.209025,9.000000,192.401961,0.578781,4.000000,2.782704,0.000000,28.793225,0.000000,8.000000,8.812737,7.000000,143.566363,1.258962,8.000000,6.539889,15.000000,168.430034,0.435993,1.000000,3.737722,5.000000,85.797950,0.747544,2.000000,4.554852,11.000000,168.641975,0.414077,7.000000,2.629870,3.000000,103.053435,0.876623,4.000000,2.618778,0.000000,43.521595,0.000000,8.000000,5.675676,14.000000,172.000000,0.405405,8.000000,8.000000,1.000000,14.000000,-1.000000,,,,57.880874,80.691643,69.496172,-0.082480,-0.566889,0.484409,12.029713,26.948679,19.912258,3.401369,3.922202,0.830837,0.106431,,0.000000,,45.441725,54.941860,22.669208,-0.243703,-0.139838,-0.103865,29.495813,22.423746,22.693087,-0.199212,-0.093122,0.391858,0.018385,0.489548,0.729167,91.000000,215.269461,23.970346,3.616430,1.112485
2026-02-26T03:45:00Z,1.442909,no_impulse,0,CANBK,1h,1.000000,346.411483,9.756755,28.000000,0.348456,0.852807,2.697788,4.854874,2.739367,7.000000,130.218069,0.391338,8.000000,59.433573,61.961722,29.339253,1.000000,0.672530,0.890338,-0.217808,34.457037,30.628141,19.342749,0.725207,1.778649,1.474926,0.749347,0.029297,2.148882,7.000000,110.309278,0.306983,1.000000,65.362776,75.586854,86.653951,1.000000,1.192717,1.051614,0.141103,42.542294,33.916137,12.207987,1.153359,2.281267,1.582385,0.662625,0.071749,1.910828,0.000000,23.970346,0.000000,7.000000,79.622451,95.995785,93.537057,0.000000,0.966882,0.492555,0.474327,31.164622,44.351346,11.244561,3.217832,3.681638,2.288845,0.903816,0.082335,8.662148,14.000000,168.845619,0.618725,7.000000,79.622451,95.995785,93.537057,0.000000,0.966882,0.492555,0.474327,31.164622,44.351346,11.244561,3.217832,3.681638,2.288845,0.903816,0.082335,4.879870,21.000000,215.269461,0.232375,4.000000,48.475679,77.732794,30.888521,1.000000,-0.747589,-0.740808,-0.006782,31.859316,20.384665,25.407519,0.171372,-0.969291,-3.206011,0.543025,0.039899,2.319444,0.000000,52.433281,0.000000,4.000000,31.027898,3.523490,7.041844,0.000000,-0.254750,-0.056039,-0.198711,14.280349,17.321938,35.650013,-1.995370,-2.389774,-3.814690,-0.093832,0.032944,4.236217,14.000000,115.607985,0.302587,4.000000,31.027898,3.523490,7.041844,1.000000,-0.254750,-0.056039,-0.198711,14.280349,17.321938,35.650013,-1.995370,-2.389774,-3.814690,-0.093832,0.032944,3.803673,3.000000,43.591772,1.267891,3.000000,59.533866,80.036298,58.952777,0.000000,-0.018620,-0.071119,0.052498,17.656804,35.749493,20.252520,1.315778,0.878088,-0.530998,0.988209,0.027310,8.025397,25.000000,68.324324,0.321016,2.000000,13.309353,7.000000,186.491935,1.901336,7.000000,6.661295,5.000000,163.426689,1.332259,4.000000,4.249212,0.000000,77.324841,0.000000,4.000000,5.209025,9.000000,192.401961,0.578781,4.000000,2.782704,0.000000,28.793225,0.000000,8.000000,8.812737,7.000000,143.566363,1.258962,8.000000,6.539889,15.000000,168.430034,0.435993,1.000000,3.737722,5.000000,85.797950,0.747544,2.000000,4.554852,11.000000,168.641975,0.414077,7.000000,2.629870,3.000000,103.053435,0.876623,4.000000,2.618778,0.000000,43.521595,0.000000,8.000000,1.000000,1.000000,28.000000,-1.000000,,,,63.524743,82.365875,90.986714,1.233170,0.289700,0.943469,16.279863,33.297791,15.440178,4.402719,5.873943,0.841297,0.134941,,10.000000,,76.150563,66.723842,76.178289,0.313176,0.176654,0.136522,24.707264,50.745684,10.871834,1.678972,2.204031,1.344580,0.020219,1.875031,2.857143,119.000000,215.269461,23.970346,3.699733,0.428654
2026-03-02T03:45:00Z,1.331385,no_impulse,0,CANBK,1h,-1.000000,86.947514,7.729142,14.000000,0.552082,-1.744622,-0.621867,1.945200,9.756755,28.000000,346.411483,0.348456,1.000000,64.095330,38.565629,72.492891,1.000000,0.926708,0.982478,-0.055770,42.731552,41.541106,9.129562,0.852807,2.697788,4.854874,0.829796,0.026081,2.739367,7.000000,130.218069,0.391338,8.000000,59.433573,61.961722,29.339253,1.000000,0.672530,0.890338,-0.217808,34.457037,30.628141,19.342749,0.725207,1.778649,1.474926,0.749347,0.029297,2.148882,7.000000,110.309278,0.306983,1.000000,65.362776,75.586854,86.653951,1.000000,1.192717,1.051614,0.141103,42.542294,33.916137,12.207987,1.153359,2.281267,1.582385,0.662625,0.071749,1.910828,0.000000,23.970346,0.000000,7.000000,79.622451,95.995785,93.537057,0.000000,0.966882,0.492555,0.474327,31.164622,44.351346,11.244561,3.217832,3.681638,2.288845,0.903816,0.082335,8.662148,14.000000,168.845619,0.618725,7.000000,79.622451,95.995785,93.537057,0.000000,0.966882,0.492555,0.474327,31.164622,44.351346,11.244561,3.217832,3.681638,2.288845,0.903816,0.082335,4.879870,21.000000,215.269461,0.232375,4.000000,48.475679,77.732794,30.888521,1.000000,-0.747589,-0.740808,-0.006782,31.859316,20.384665,25.407519,0.171372,-0.969291,-3.206011,0.543025,0.039899,2.319444,0.000000,52.433281,0.000000,4.000000,31.027898,3.523490,7.041844,0.000000,-0.254750,-0.056039,-0.198711,14.280349,17.321938,35.650013,-1.995370,-2.389774,-3.814690,-0.093832,0.032944,4.236217,14.000000,115.607985,0.302587,4.000000,31.027898,3.523490,7.041844,1.000000,-0.254750,-0.056039,-0.198711,14.280349,17.321938,35.650013,-1.995370,-2.389774,-3.814690,-0.093832,0.032944,3.803673,3.000000,43.591772,1.267891,3.000000,8.025397,25.000000,68.324324,0.321016,2.000000,13.309353,7.000000,186.491935,1.901336,7.000000,6.661295,5.000000,163.426689,1.332259,4.000000,4.249212,0.000000,77.324841,0.000000,4.000000,5.209025,9.000000,192.401961,0.578781,4.000000,2.782704,0.000000,28.793225,0.000000,8.000000,8.812737,7.000000,143.566363,1.258962,8.000000,6.539889,15.000000,168.430034,0.435993,1.000000,3.737722,5.000000,85.797950,0.747544,2.000000,4.554852,11.000000,168.641975,0.414077,7.000000,2.629870,3.000000,103.053435,0.876623,4.000000,2.000000,2.000000,42.000000,-1.000000,,,,52.910680,58.970976,72.354148,1.267047,0.667768,0.599279,17.160675,28.376503,23.312783,0.679135,2.318593,0.551958,0.131603,,4.000000,,29.475520,58.440047,38.480016,-0.088865,0.046500,-0.135365,24.054867,10.359226,56.039050,-1.526474,-1.516944,-0.294176,0.018932,1.594210,1.176471,14.000000,346.411483,23.970346,2.924181,0.947722
2026-03-02T03:45:00Z,1.384091,no_impulse,0,CANBK,1h,1.000000,47.259730,3.958749,0.000000,0.000000,-1.744622,-0.621867,1.945200,7.729142,14.000000,86.947514,0.552082,2.000000,37.515874,47.651007,24.998666,1.000000,0.147866,0.422233,-0.274368,37.164509,20.275862,40.815627,-1.744622,-0.621867,1.945200,-0.187678,0.024935,9.756755,28.000000,346.411483,0.348456,1.000000,64.095330,38.565629,72.492891,1.000000,0.926708,0.982478,-0.055770,42.731552,41.541106,9.129562,0.852807,2.697788,4.854874,0.829796,0.026081,2.739367,7.000000,130.218069,0.391338,8.000000,59.433573,61.961722,29.339253,1.000000,0.672530,0.890338,-0.217808,34.457037,30.628141,19.342749,0.725207,1.778649,1.474926,0.749347,0.029297,2.148882,7.000000,110.309278,0.306983,1.000000,65.362776,75.586854,86.653951,1.000000,1.192717,1.051614,0.141103,42.542294,33.916137,12.207987,1.153359,2.281267,1.582385,0.662625,0.071749,1.910828,0.000000,23.970346,0.000000,7.000000,79.622451,95.995785,93.537057,0.000000,0.966882,0.492555,0.474327,31.164622,44.351346,11.244561,3.217832,3.681638,2.288845,0.903816,0.082335,8.662148,14.000000,168.845619,0.618725,7.000000,79.622451,95.995785,93.537057,0.000000,0.966882,0.492555,0.474327,31.164622,44.351346,11.244561,3.217832,3.681638,2.288845,0.903816,0.082335,4.879870,21.000000,215.269461,0.232375,4.000000,48.475679,77.732794,30.888521,1.000000,-0.747589,-0.740808,-0.006782,31.859316,20.384665,25.407519,0.171372,-0.969291,-3.206011,0.543025,0.039899,2.319444,0.000000,52.433281,0.000000,4.000000,31.027898,3.523490,7.041844,0.000000,-0.254750,-0.056039,-0.198711,14.280349,17.321938,35.650013,-1.995370,-2.389774,-3.814690,-0.093832,0.032944,4.236217,14.000000,115.607985,0.302587,4.000000,3.803673,3.000000,43.591772,1.267891,3.000000,8.025397,25.000000,68.324324,0.321016,2.000000,13.309353,7.000000,186.491935,1.901336,7.000000,6.661295,5.000000,163.426689,1.332259,4.000000,4.249212,0.000000,77.324841,0.000000,4.000000,5.209025,9.000000,192.401961,0.578781,4.000000,2.782704,0.000000,28.793225,0.000000,8.000000,8.812737,7.000000,143.566363,1.258962,8.000000,6.539889,15.000000,168.430034,0.435993,1.000000,3.737722,5.000000,85.797950,0.747544,2.000000,4.554852,11.000000,168.641975,0.414077,7.000000,2.000000,3.000000,42.000000,-1.000000,,,,52.910680,58.970976,72.354148,1.267047,0.667768,0.599279,17.160675,28.376503,23.312783,0.679135,2.318593,0.551958,0.131603,,0.000000,,29.475520,58.440047,38.480016,-0.088865,0.046500,-0.135365,24.054867,10.359226,56.039050,-1.526474,-1.516944,-0.294176,0.018932,0.821550,0.000000,14.000000,346.411483,23.970346,2.889714,1.589804
2026-03-04T03:45:00Z,1.303481,no_impulse,0,CANBK,1h,-1.000000,152.941176,5.824000,7.000000,0.832000,-4.458878,-4.394774,-2.217434,3.958749,0.000000,47.259730,0.000000,2.000000,37.515874,47.651007,24.998666,0.000000,0.147866,0.422233,-0.274368,37.164509,20.275862,40.815627,-1.744622,-0.621867,1.945200,-0.187678,0.024935,7.729142,14.000000,86.947514,0.552082,2.000000,37.515874,47.651007,24.998666,1.000000,0.147866,0.422233,-0.274368,37.164509,20.275862,40.815627,-1.744622,-0.621867,1.945200,-0.187678,0.024935,9.756755,28.000000,346.411483,0.348456,1.000000,64.095330,38.565629,72.492891,1.000000,0.926708,0.982478,-0.055770,42.731552,41.541106,9.129562,0.852807,2.697788,4.854874,0.829796,0.026081,2.739367,7.000000,130.218069,0.391338,8.000000,59.433573,61.961722,29.339253,1.000000,0.672530,0.890338,-0.217808,34.457037,30.628141,19.342749,0.725207,1.778649,1.474926,0.749347,0.029297,2.148882,7.000000,110.309278,0.306983,1.000000,65.362776,75.586854,86.653951,1.000000,1.192717,1.051614,0.141103,42.542294,33.916137,12.207987,1.153359,2.281267,1.582385,0.662625,0.071749,1.910828,0.000000,23.970346,0.000000,7.000000,79.622451,95.995785,93.537057,0.000000,0.966882,0.492555,0.474327,31.164622,44.351346,11.244561,3.217832,3.681638,2.288845,0.903816,0.082335,8.662148,14.000000,168.845619,0.618725,7.000000,79.622451,95.995785,93.537057,0.000000,0.966882,0.492555,0.474327,31.164622,44.351346,11.244561,3.217832,3.681638,2.288845,0.903816,0.082335,4.879870,21.000000,215.269461,0.232375,4.000000,48.475679,77.732794,30.888521,1.000000,-0.747589,-0.740808,-0.006782,31.859316,20.384665,25.407519,0.171372,-0.969291,-3.206011,0.543025,0.039899,2.319444,0.000000,52.433281,0.000000,4.000000,4.236217,14.000000,115.607985,0.302587,4.000000,3.803673,3.000000,43.591772,1.267891,3.000000,8.025397,25.000000,68.324324,0.321016,2.000000,13.309353,7.000000,186.491935,1.901336,7.000000,6.661295,5.000000,163.426689,1.332259,4.000000,4.249212,0.000000,77.324841,0.000000,4.000000,5.209025,9.000000,192.401961,0.578781,4.000000,2.782704,0.000000,28.793225,0.000000,8.000000,8.812737,7.000000,143.566363,1.258962,8.000000,6.539889,15.000000,168.430034,0.435993,1.000000,3.737722,5.000000,85.797950,0.747544,2.000000,4.000000,1.000000,49.000000,-1.000000,,,,43.055782,29.815303,54.837291,0.847842,0.727889,0.119953,16.317197,24.910232,27.727383,-3.440423,-2.007210,0.248837,0.132424,,3.000000,,22.265279,1.097179,45.980744,-0.732333,-0.621264,-0.111070,52.530313,9.308471,55.031337,-3.542663,-4.595955,-0.455649,0.035802,1.204764,0.666667,21.000000,346.411483,23.970346,2.884072,3.154053
2026-03-04T03:45:00Z,1.342103,no_impulse,0,CANBK,1h,1.000000,47.912088,2.962963,0.000000,0.000000,-4.458878,-4.394774,-2.217434,5.824000,7.000000,152.941176,0.832000,4.000000,22.532416,10.306644,29.655089,1.000000,-0.853509,-0.307774,-0.545736,38.922323,12.504020,51.728394,-4.458878,-4.394774,-2.217434,-0.143615,0.066321,3.958749,0.000000,47.259730,0.000000,2.000000,37.515874,47.651007,24.998666,0.000000,0.147866,0.422233,-0.274368,37.164509,20.275862,40.815627,-1.744622,-0.621867,1.945200,-0.187678,0.024935,7.729142,14.000000,86.947514,0.552082,2.000000,37.515874,47.651007,24.998666,1.000000,0.147866,0.422233,-0.274368,37.164509,20.275862,40.815627,-1.744622,-0.621867,1.945200,-0.187678,0.024935,9.756755,28.000000,346.411483,0.348456,1.000000,64.095330,38.565629,72.492891,1.000000,0.926708,0.982478,-0.055770,42.731552,41.541106,9.129562,0.852807,2.697788,4.854874,0.829796,0.026081,2.739367,7.000000,130.218069,0.391338,8.000000,59.433573,61.961722,29.339253,1.000000,0.672530,0.890338,-0.217808,34.457037,30.628141,19.342749,0.725207,1.778649,1.474926,0.749347,0.029297,2.148882,7.000000,110.309278,0.306983,1.000000,65.362776,75.586854,86.653951,1.000000,1.192717,1.051614,0.141103,42.542294,33.916137,12.207987,1.153359,2.281267,1.582385,0.662625,0.071749,1.910828,0.000000,23.970346,0.000000,7.000000,79.622451,95.995785,93.537057,0.000000,0.966882,0.492555,0.474327,31.164622,44.351346,11.244561,3.217832,3.681638,2.288845,0.903816,0.082335,8.662148,14.000000,168.845619,0.618725,7.000000,79.622451,95.995785,93.537057,0.000000,0.966882,0.492555,0.474327,31.164622,44.351346,11.244561,3.217832,3.681638,2.288845,0.903816,0.082335,4.879870,21.000000,215.269461,0.232375,4.000000,2.319444,0.000000,52.433281,0.000000,4.000000,4.236217,14.000000,115.607985,0.302587,4.000000,3.803673,3.000000,43.591772,1.267891,3.000000,8.025397,25.000000,68.324324,0.321016,2.000000,13.309353,7.000000,186.491935,1.901336,7.000000,6.661295,5.000000,163.426689,1.332259,4.000000,4.249212,0.000000,77.324841,0.000000,4.000000,5.209025,9.000000,192.401961,0.578781,4.000000,2.782704,0.000000,28.793225,0.000000,8.000000,8.812737,7.000000,143.566363,1.258962,8.000000,6.539889,15.000000,168.430034,0.435993,1.000000,4.000000,2.000000,49.000000,-1.000000,,,,43.055782,29.815303,54.837291,0.847842,0.727889,0.119953,16.317197,24.910232,27.727383,-3.440423,-2.007210,0.248837,0.132424,,0.000000,,22.265279,1.097179,45.980744,-0.732333,-0.621264,-0.111070,52.530313,9.308471,55.031337,-3.542663,-4.595955,-0.455649,0.035802,0.593433,0.000000,140.000000,346.411483,23.970346,2.891195,1.195759
2026-03-04T06:45:00Z,1.289042,no_impulse,0,CANBK,1h,-1.000000,137.385321,3.953534,3.000000,1.317845,-3.862158,-4.625761,-2.958875,2.962963,0.000000,47.912088,0.000000,4.000000,22.532416,10.306644,29.655089,0.000000,-0.853509,-0.307774,-0.545736,38.922323,12.504020,51.728394,-4.458878,-4.394774,-2.217434,-0.143615,0.066321,5.824000,7.000000,152.941176,0.832000,4.000000,22.532416,10.306644,29.655089,1.000000,-0.853509,-0.307774,-0.545736,38.922323,12.504020,51.728394,-4.458878,-4.394774,-2.217434,-0.143615,0.066321,3.958749,0.000000,47.259730,0.000000,2.000000,37.515874,47.651007,24.998666,0.000000,0.147866,0.422233,-0.274368,37.164509,20.275862,40.815627,-1.744622,-0.621867,1.945200,-0.187678,0.024935,7.729142,14.000000,86.947514,0.552082,2.000000,37.515874,47.651007,24.998666,1.000000,0.147866,0.422233,-0.274368,37.164509,20.275862,40.815627,-1.744622,-0.621867,1.945200,-0.187678,0.024935,9.756755,28.000000,346.411483,0.348456,1.000000,64.095330,38.565629,72.492891,1.000000,0.926708,0.982478,-0.055770,42.731552,41.541106,9.129562,0.852807,2.697788,4.854874,0.829796,0.026081,2.739367,7.000000,130.218069,0.391338,8.000000,59.433573,61.961722,29.339253,1.000000,0.672530,0.890338,-0.217808,34.457037,30.628141,19.342749,0.725207,1.778649,1.474926,0.749347,0.029297,2.148882,7.000000,110.309278,0.306983,1.000000,65.362776,75.586854,86.653951,1.000000,1.192717,1.051614,0.141103,42.542294,33.916137,12.207987,1.153359,2.281267,1.582385,0.662625,0.071749,1.910828,0.000000,23.970346,0.000000,7.000000,79.622451,95.995785,93.537057,0.000000,0.966882,0.492555,0.474327,31.164622,44.351346,11.244561,3.217832,3.681638,2.288845,0.903816,0.082335,8.662148,14.000000,168.845619,0.618725,7.000000,4.879870,21.000000,215.269461,0.232375,4.000000,2.319444,0.000000,52.433281,0.000000,4.000000,4.236217,14.000000,115.607985,0.302587,4.000000,3.803673,3.000000,43.591772,1.267891,3.000000,8.025397,25.000000,68.324324,0.321016,2.000000,13.309353,7.000000,186.491935,1.901336,7.000000,6.661295,5.000000,163.426689,1.332259,4.000000,4.249212,0.000000,77.324841,0.000000,4.000000,5.209025,9.000000,192.401961,0.578781,4.000000,2.782704,0.000000,28.793225,0.000000,8.000000,8.812737,7.000000,143.566363,1.258962,8.000000,4.000000,3.000000,52.000000,-1.000000,,,,45.653595,36.763412,41.849897,0.544871,0.685090,-0.140219,15.533966,23.398033,26.044166,-2.117070,-0.885799,0.343000,0.132050,,0.000000,,27.768636,5.389222,4.846235,-1.470370,-1.387298,-0.083073,62.502049,8.064925,44.435706,-1.910452,-4.054505,0.273145,0.082636,0.781753,0.306122,143.000000,346.411483,23.970346,2.831625,0.630188
2026-03-05T03:45:00Z,1.326070,no_impulse,0,CANBK,1h,1.000000,69.782972,2.872457,4.000000,0.718114,-1.940890,-3.247609,-2.135380,3.953534,3.000000,137.385321,1.317845,4.000000,26.163735,12.191473,6.835066,1.000000,-1.613197,-0.865391,-0.747806,43.952219,10.009874,46.891068,-3.862158,-4.625761,-2.958875,0.151949,0.106839,2.962963,0.000000,47.912088,0.000000,4.000000,22.532416,10.306644,29.655089,0.000000,-0.853509,-0.307774,-0.545736,38.922323,12.504020,51.728394,-4.458878,-4.394774,-2.217434,-0.143615,0.066321,5.824000,7.000000,152.941176,0.832000,4.000000,22.532416,10.306644,29.655089,1.000000,-0.853509,-0.307774,-0.545736,38.922323,12.504020,51.728394,-4.458878,-4.394774,-2.217434,-0.143615,0.066321,3.958749,0.000000,47.259730,0.000000,2.000000,37.515874,47.651007,24.998666,0.000000,0.147866,0.422233,-0.274368,37.164509,20.275862,40.815627,-1.744622,-0.621867,1.945200,-0.187678,0.024935,7.729142,14.000000,86.947514,0.552082,2.000000,37.515874,47.651007,24.998666,1.000000,0.147866,0.422233,-0.274368,37.164509,20.275862,40.815627,-1.744622,-0.621867,1.945200,-0.187678,0.024935,9.756755,28.000000,346.411483,0.348456,1.000000,64.095330,38.565629,72.492891,1.000000,0.926708,0.982478,-0.055770,42.731552,41.541106,9.129562,0.852807,2.697788,4.854874,0.829796,0.026081,2.739367,7.000000,130.218069,0.391338,8.000000,59.433573,61.961722,29.339253,1.000000,0.672530,0.890338,-0.217808,34.457037,30.628141,19.342749,0.725207,1.778649,1.474926,0.749347,0.029297,2.148882,7.000000,110.309278,0.306983,1.000000,65.362776,75.586854,86.653951,1.000000,1.192717,1.051614,0.141103,42.542294,33.916137,12.207987,1.153359,2.281267,1.582385,0.662625,0.071749,1.910828,0.000000,23.970346,0.000000,7.000000,8.662148,14.000000,168.845619,0.618725,7.000000,4.879870,21.000000,215.269461,0.232375,4.000000,2.319444,0.000000,52.433281,0.000000,4.000000,4.236217,14.000000,115.607985,0.302587,4.000000,3.803673,3.000000,43.591772,1.267891,3.000000,8.025397,25.000000,68.324324,0.321016,2.000000,13.309353,7.000000,186.491935,1.901336,7.000000,6.661295,5.000000,163.426689,1.332259,4.000000,4.249212,0.000000,77.324841,0.000000,4.000000,5.209025,9.000000,192.401961,0.578781,4.000000,2.782704,0.000000,28.793225,0.000000,8.000000,3.000000,4.000000,56.000000,-1.000000,,,,45.653595,36.763412,41.849897,0.544871,0.685090,-0.140219,15.533966,23.398033,26.044166,-2.117070,-0.885799,0.343000,0.132050,,1.000000,,55.130226,81.339713,63.071243,-0.493277,-0.789279,0.296002,40.729721,32.998684,21.294787,0.864600,-0.699231,0.955604,0.019142,0.578584,0.500000,147.000000,346.411483,23.970346,2.853144,0.594111
2026-03-09T03:45:00Z,1.214988,no_impulse,0,CANBK,1h,-1.000000,300.000000,8.376754,14.000000,0.598340,-6.615121,-8.677656,-9.048109,2.872457,4.000000,69.782972,0.718114,3.000000,34.525815,28.148148,17.394179,0.000000,-1.724419,-1.375606,-0.348813,45.507835,19.949794,36.545810,-1.940890,-3.247609,-2.135380,0.333851,0.114592,3.953534,3.000000,137.385321,1.317845,4.000000,26.163735,12.191473,6.835066,1.000000,-1.613197,-0.865391,-0.747806,43.952219,10.009874,46.891068,-3.862158,-4.625761,-2.958875,0.151949,0.106839,2.962963,0.000000,47.912088,0.000000,4.000000,22.532416,10.306644,29.655089,0.000000,-0.853509,-0.307774,-0.545736,38.922323,12.504020,51.728394,-4.458878,-4.394774,-2.217434,-0.143615,0.066321,5.824000,7.000000,152.941176,0.832000,4.000000,22.532416,10.306644,29.655089,1.000000,-0.853509,-0.307774,-0.545736,38.922323,12.504020,51.728394,-4.458878,-4.394774,-2.217434,-0.143615,0.066321,3.958749,0.000000,47.259730,0.000000,2.000000,37.515874,47.651007,24.998666,0.000000,0.147866,0.422233,-0.274368,37.164509,20.275862,40.815627,-1.744622,-0.621867,1.945200,-0.187678,0.024935,7.729142,14.000000,86.947514,0.552082,2.000000,37.515874,47.651007,24.998666,1.000000,0.147866,0.422233,-0.274368,37.164509,20.275862,40.815627,-1.744622,-0.621867,1.945200,-0.187678,0.024935,9.756755,28.000000,346.411483,0.348456,1.000000,64.095330,38.565629,72.492891,1.000000,0.926708,0.982478,-0.055770,42.731552,41.541106,9.129562,0.852807,2.697788,4.854874,0.829796,0.026081,2.739367,7.000000,130.218069,0.391338,8.000000,59.433573,61.961722,29.339253,1.000000,0.672530,0.890338,-0.217808,34.457037,30.628141,19.342749,0.725207,1.778649,1.474926,0.749347,0.029297,2.148882,7.000000,110.309278,0.306983,1.000000,1.910828,0.000000,23.970346,0.000000,7.000000,8.662148,14.000000,168.845619,0.618725,7.000000,4.879870,21.000000,215.269461,0.232375,4.000000,2.319444,0.000000,52.433281,0.000000,4.000000,4.236217,14.000000,115.607985,0.302587,4.000000,3.803673,3.000000,43.591772,1.267891,3.000000,8.025397,25.000000,68.324324,0.321016,2.000000,13.309353,7.000000,186.491935,1.901336,7.000000,6.661295,5.000000,163.426689,1.332259,4.000000,4.249212,0.000000,77.324841,0.000000,4.000000,5.209025,9.000000,192.401961,0.578781,4.000000,4.000000,5.000000,70.000000,-1.000000,,,,35.613757,13.576533,25.311204,-0.475268,0.399553,-0.874821,15.879157,18.957176,34.732367,-7.244511,-6.705304,0.042941,0.147796,,4.000000,,11.684473,3.035714,7.593802,-0.787090,-0.223171,-0.563919,21.104175,6.672156,62.042066,-6.505625,-7.270650,-0.474512,0.062680,1.910029,2.000000,42.000000,346.411483,23.970346,2.595240,0.558989
2026-03-10T03:45:00Z,1.274249,no_impulse,0,CANBK,1h,1.000000,53.349282,4.877515,7.000000,0.696788,-1.500702,-4.452846,-6.146457,8.376754,14.000000,300.000000,0.598340,4.000000,18.697291,8.763309,9.880041,1.000000,-1.567035,-1.314464,-0.252571,39.874065,9.604318,52.701010,-6.615121,-8.677656,-9.048109,-0.568014,0.058095,2.872457,4.000000,69.782972,0.718114,3.000000,34.525815,28.148148,17.394179,0.000000,-1.724419,-1.375606,-0.348813,45.507835,19.949794,36.545810,-1.940890,-3.247609,-2.135380,0.333851,0.114592,3.953534,3.000000,137.385321,1.317845,4.000000,26.163735,12.191473,6.835066,1.000000,-1.613197,-0.865391,-0.747806,43.952219,10.009874,46.891068,-3.862158,-4.625761,-2.958875,0.151949,0.106839,2.962963,0.000000,47.912088,0.000000,4.000000,22.532416,10.306644,29.655089,0.000000,-0.853509,-0.307774,-0.545736,38.922323,12.504020,51.728394,-4.458878,-4.394774,-2.217434,-0.143615,0.066321,5.824000,7.000000,152.941176,0.832000,4.000000,22.532416,10.306644,29.655089,1.000000,-0.853509,-0.307774,-0.545736,38.922323,12.504020,51.728394,-4.458878,-4.394774,-2.217434,-0.143615,0.066321,3.958749,0.000000,47.259730,0.000000,2.000000,37.515874,47.651007,24.998666,0.000000,0.147866,0.422233,-0.274368,37.164509,20.275862,40.815627,-1.744622,-0.621867,1.945200,-0.187678,0.024935,7.729142,14.000000,86.947514,0.552082,2.000000,37.515874,47.651007,24.998666,1.000000,0.147866,0.422233,-0.274368,37.164509,20.275862,40.815627,-1.744622,-0.621867,1.945200,-0.187678,0.024935,9.756755,28.000000,346.411483,0.348456,1.000000,64.095330,38.565629,72.492891,1.000000,0.926708,0.982478,-0.055770,42.731552,41.541106,9.129562,0.852807,2.697788,4.854874,0.829796,0.026081,2.739367,7.000000,130.218069,0.391338,8.000000,2.148882,7.000000,110.309278,0.306983,1.000000,1.910828,0.000000,23.970346,0.000000,7.000000,8.662148,14.000000,168.845619,0.618725,7.000000,4.879870,21.000000,215.269461,0.232375,4.000000,2.319444,0.000000,52.433281,0.000000,4.000000,4.236217,14.000000,115.607985,0.302587,4.000000,3.803673,3.000000,43.591772,1.267891,3.000000,8.025397,25.000000,68.324324,0.321016,2.000000,13.309353,7.000000,186.491935,1.901336,7.000000,6.661295,5.000000,163.426689,1.332259,4.000000,4.249212,0.000000,77.324841,0.000000,4.000000,3.000000,6.000000,77.000000,-1.000000,,,,39.622300,22.452050,20.540750,-0.836519,0.147037,-0.983556,16.141199,22.024375,32.727040,-4.944994,-4.741718,0.195912,0.154955,,1.000000,,57.606875,58.434783,82.084737,-0.447443,-0.855442,0.408000,37.005979,39.170258,18.710832,1.136494,-0.466495,1.026084,0.021851,0.969249,0.833333,168.000000,346.411483,47.259730,2.712943,1.192773
2026-03-12T03:45:00Z,1.207016,no_impulse,0,CANBK,1h,-1.000000,113.452915,5.276330,14.000000,0.376881,-2.405749,-4.888460,-7.859600,4.877515,7.000000,53.349282,0.696788,3.000000,36.773955,39.523810,32.704256,1.000000,-2.079986,-1.991765,-0.088221,44.383773,24.239981,34.674358,-1.500702,-4.452846,-6.146457,0.372031,0.115537,8.376754,14.000000,300.000000,0.598340,4.000000,18.697291,8.763309,9.880041,1.000000,-1.567035,-1.314464,-0.252571,39.874065,9.604318,52.701010,-6.615121,-8.677656,-9.048109,-0.568014,0.058095,2.872457,4.000000,69.782972,0.718114,3.000000,34.525815,28.148148,17.394179,0.000000,-1.724419,-1.375606,-0.348813,45.507835,19.949794,36.545810,-1.940890,-3.247609,-2.135380,0.333851,0.114592,3.953534,3.000000,137.385321,1.317845,4.000000,26.163735,12.191473,6.835066,1.000000,-1.613197,-0.865391,-0.747806,43.952219,10.009874,46.891068,-3.862158,-4.625761,-2.958875,0.151949,0.106839,2.962963,0.000000,47.912088,0.000000,4.000000,22.532416,10.306644,29.655089,0.000000,-0.853509,-0.307774,-0.545736,38.922323,12.504020,51.728394,-4.458878,-4.394774,-2.217434,-0.143615,0.066321,5.824000,7.000000,152.941176,0.832000,4.000000,22.532416,10.306644,29.655089,1.000000,-0.853509,-0.307774,-0.545736,38.922323,12.504020,51.728394,-4.458878,-4.394774,-2.217434,-0.143615,0.066321,3.958749,0.000000,47.259730,0.000000,2.000000,37.515874,47.651007,24.998666,0.000000,0.147866,0.422233,-0.274368,37.164509,20.275862,40.815627,-1.744622,-0.621867,1.945200,-0.187678,0.024935,7.729142,14.000000,86.947514,0.552082,2.000000,37.515874,47.651007,24.998666,1.000000,0.147866,0.422233,-0.274368,37.164509,20.275862,40.815627,-1.744622,-0.621867,1.945200,-0.187678,0.024935,9.756755,28.000000,346.411483,0.348456,1.000000,2.739367,7.000000,130.218069,0.391338,8.000000,2.148882,7.000000,110.309278,0.306983,1.000000,1.910828,0.000000,23.970346,0.000000,7.000000,8.662148,14.000000,168.845619,0.618725,7.000000,4.879870,21.000000,215.269461,0.232375,4.000000,2.319444,0.000000,52.433281,0.000000,4.000000,4.236217,14.000000,115.607985,0.302587,4.000000,3.803673,3.000000,43.591772,1.267891,3.000000,8.025397,25.000000,68.324324,0.321016,2.000000,13.309353,7.000000,186.491935,1.901336,7.000000,6.661295,5.000000,163.426689,1.332259,4.000000,4.000000,7.000000,91.000000,-1.000000,,,,38.269303,15.321066,16.489747,-1.576003,-0.426861,-1.149142,17.393295,18.567459,33.073618,-5.172267,-5.681823,0.218361,0.174617,,2.000000,,20.333562,17.769376,10.284455,-0.553120,-0.317924,-0.235196,32.358112,6.237506,46.407722,-2.298622,-2.881647,-0.240151,0.030358,0.994572,1.666667,182.000000,346.411483,47.259730,2.521157,1.265785
2026-03-12T07:45:00Z,1.265480,no_impulse,0,CANBK,1h,1.000000,86.956522,4.843681,4.000000,1.210920,0.446416,-1.623210,-4.673668,5.276330,14.000000,113.452915,0.376881,4.000000,29.970709,22.715054,9.852618,0.000000,-1.177740,-1.179644,0.001903,27.777275,16.093047,40.642979,-2.405749,-4.888460,-7.859600,-0.057823,0.042114,4.877515,7.000000,53.349282,0.696788,3.000000,36.773955,39.523810,32.704256,1.000000,-2.079986,-1.991765,-0.088221,44.383773,24.239981,34.674358,-1.500702,-4.452846,-6.146457,0.372031,0.115537,8.376754,14.000000,300.000000,0.598340,4.000000,18.697291,8.763309,9.880041,1.000000,-1.567035,-1.314464,-0.252571,39.874065,9.604318,52.701010,-6.615121,-8.677656,-9.048109,-0.568014,0.058095,2.872457,4.000000,69.782972,0.718114,3.000000,34.525815,28.148148,17.394179,0.000000,-1.724419,-1.375606,-0.348813,45.507835,19.949794,36.545810,-1.940890,-3.247609,-2.135380,0.333851,0.114592,3.953534,3.000000,137.385321,1.317845,4.000000,26.163735,12.191473,6.835066,1.000000,-1.613197,-0.865391,-0.747806,43.952219,10.009874,46.891068,-3.862158,-4.625761,-2.958875,0.151949,0.106839,2.962963,0.000000,47.912088,0.000000,4.000000,22.532416,10.306644,29.655089,0.000000,-0.853509,-0.307774,-0.545736,38.922323,12.504020,51.728394,-4.458878,-4.394774,-2.217434,-0.143615,0.066321,5.824000,7.000000,152.941176,0.832000,4.000000,22.532416,10.306644,29.655089,1.000000,-0.853509,-0.307774,-0.545736,38.922323,12.504020,51.728394,-4.458878,-4.394774,-2.217434,-0.143615,0.066321,3.958749,0.000000,47.259730,0.000000,2.000000,37.515874,47.651007,24.998666,0.000000,0.147866,0.422233,-0.274368,37.164509,20.275862,40.815627,-1.744622,-0.621867,1.945200,-0.187678,0.024935,7.729142,14.000000,86.947514,0.552082,2.000000,9.756755,28.000000,346.411483,0.348456,1.000000,2.739367,7.000000,130.218069,0.391338,8.000000,2.148882,7.000000,110.309278,0.306983,1.000000,1.910828,0.000000,23.970346,0.000000,7.000000,8.662148,14.000000,168.845619,0.618725,7.000000,4.879870,21.000000,215.269461,0.232375,4.000000,2.319444,0.000000,52.433281,0.000000,4.000000,4.236217,14.000000,115.607985,0.302587,4.000000,3.803673,3.000000,43.591772,1.267891,3.000000,8.025397,25.000000,68.324324,0.321016,2.000000,13.309353,7.000000,186.491935,1.901336,7.000000,3.000000,8.000000,95.000000,-1.000000,,,,32.763347,1.190893,9.402695,-2.188902,-0.793621,-1.395282,18.436044,16.994169,32.982646,-8.678647,-9.726172,0.089884,0.194716,,0.000000,,65.813881,99.784483,93.427831,0.203080,-0.025419,0.228499,21.031986,32.930630,18.859117,1.198434,1.064057,0.821929,0.037678,0.871351,0.439560,186.000000,346.411483,47.259730,2.356556,1.893011
2026-03-16T04:45:00Z,1.164851,no_impulse,0,CANBK,1h,-1.000000,172.121212,7.951841,11.000000,0.722895,-3.563036,-6.457516,-10.990887,4.843681,4.000000,86.956522,1.210920,3.000000,49.944529,75.268817,68.503584,0.000000,-0.705221,-0.976877,0.271656,24.198201,28.019659,29.370819,0.446416,-1.623210,-4.673668,0.632372,0.033876,5.276330,14.000000,113.452915,0.376881,4.000000,29.970709,22.715054,9.852618,0.000000,-1.177740,-1.179644,0.001903,27.777275,16.093047,40.642979,-2.405749,-4.888460,-7.859600,-0.057823,0.042114,4.877515,7.000000,53.349282,0.696788,3.000000,36.773955,39.523810,32.704256,1.000000,-2.079986,-1.991765,-0.088221,44.383773,24.239981,34.674358,-1.500702,-4.452846,-6.146457,0.372031,0.115537,8.376754,14.000000,300.000000,0.598340,4.000000,18.697291,8.763309,9.880041,1.000000,-1.567035,-1.314464,-0.252571,39.874065,9.604318,52.701010,-6.615121,-8.677656,-9.048109,-0.568014,0.058095,2.872457,4.000000,69.782972,0.718114,3.000000,34.525815,28.148148,17.394179,0.000000,-1.724419,-1.375606,-0.348813,45.507835,19.949794,36.545810,-1.940890,-3.247609,-2.135380,0.333851,0.114592,3.953534,3.000000,137.385321,1.317845,4.000000,26.163735,12.191473,6.835066,1.000000,-1.613197,-0.865391,-0.747806,43.952219,10.009874,46.891068,-3.862158,-4.625761,-2.958875,0.151949,0.106839,2.962963,0.000000,47.912088,0.000000,4.000000,22.532416,10.306644,29.655089,0.000000,-0.853509,-0.307774,-0.545736,38.922323,12.504020,51.728394,-4.458878,-4.394774,-2.217434,-0.143615,0.066321,5.824000,7.000000,152.941176,0.832000,4.000000,22.532416,10.306644,29.655089,1.000000,-0.853509,-0.307774,-0.545736,38.922323,12.504020,51.728394,-4.458878,-4.394774,-2.217434,-0.143615,0.066321,3.958749,0.000000,47.259730,0.000000,2.000000,7.729142,14.000000,86.947514,0.552082,2.000000,9.756755,28.000000,346.411483,0.348456,1.000000,2.739367,7.000000,130.218069,0.391338,8.000000,2.148882,7.000000,110.309278,0.306983,1.000000,1.910828,0.000000,23.970346,0.000000,7.000000,8.662148,14.000000,168.845619,0.618725,7.000000,4.879870,21.000000,215.269461,0.232375,4.000000,2.319444,0.000000,52.433281,0.000000,4.000000,4.236217,14.000000,115.607985,0.302587,4.000000,3.803673,3.000000,43.591772,1.267891,3.000000,8.025397,25.000000,68.324324,0.321016,2.000000,4.000000,9.000000,106.000000,-1.000000,,,,32.611583,9.589041,8.700334,-2.605616,-1.156822,-1.448794,19.790744,16.047231,35.223382,-7.976381,-9.477992,0.148545,0.210188,,5.000000,,31.220938,3.200000,28.888889,-0.771596,-0.754997,-0.016599,33.116147,13.496526,35.459559,-1.752864,-3.141444,-0.241082,0.023245,1.569180,1.641791,,300.000000,47.259730,1.839539,0.986501
2026-03-18T05:45:00Z,1.225795,no_impulse,0,CANBK,1h,1.000000,60.563380,5.231939,15.000000,0.348796,1.310400,-0.461130,-5.513904,7.951841,11.000000,172.121212,0.722895,4.000000,25.898716,9.771127,10.048113,1.000000,-1.709200,-1.407076,-0.302124,31.173889,14.081658,40.073957,-3.563036,-6.457516,-10.990887,0.081127,0.082136,4.843681,4.000000,86.956522,1.210920,3.000000,49.944529,75.268817,68.503584,0.000000,-0.705221,-0.976877,0.271656,24.198201,28.019659,29.370819,0.446416,-1.623210,-4.673668,0.632372,0.033876,5.276330,14.000000,113.452915,0.376881,4.000000,29.970709,22.715054,9.852618,0.000000,-1.177740,-1.179644,0.001903,27.777275,16.093047,40.642979,-2.405749,-4.888460,-7.859600,-0.057823,0.042114,4.877515,7.000000,53.349282,0.696788,3.000000,36.773955,39.523810,32.704256,1.000000,-2.079986,-1.991765,-0.088221,44.383773,24.239981,34.674358,-1.500702,-4.452846,-6.146457,0.372031,0.115537,8.376754,14.000000,300.000000,0.598340,4.000000,18.697291,8.763309,9.880041,1.000000,-1.567035,-1.314464,-0.252571,39.874065,9.604318,52.701010,-6.615121,-8.677656,-9.048109,-0.568014,0.058095,2.872457,4.000000,69.782972,0.718114,3.000000,34.525815,28.148148,17.394179,0.000000,-1.724419,-1.375606,-0.348813,45.507835,19.949794,36.545810,-1.940890,-3.247609,-2.135380,0.333851,0.114592,3.953534,3.000000,137.385321,1.317845,4.000000,26.163735,12.191473,6.835066,1.000000,-1.613197,-0.865391,-0.747806,43.952219,10.009874,46.891068,-3.862158,-4.625761,-2.958875,0.151949,0.106839,2.962963,0.000000,47.912088,0.000000,4.000000,22.532416,10.306644,29.655089,0.000000,-0.853509,-0.307774,-0.545736,38.922323,12.504020,51.728394,-4.458878,-4.394774,-2.217434,-0.143615,0.066321,5.824000,7.000000,152.941176,0.832000,4.000000,3.958749,0.000000,47.259730,0.000000,2.000000,7.729142,14.000000,86.947514,0.552082,2.000000,9.756755,28.000000,346.411483,0.348456,1.000000,2.739367,7.000000,130.218069,0.391338,8.000000,2.148882,7.000000,110.309278,0.306983,1.000000,1.910828,0.000000,23.970346,0.000000,7.000000,8.662148,14.000000,168.845619,0.618725,7.000000,4.879870,21.000000,215.269461,0.232375,4.000000,2.319444,0.000000,52.433281,0.000000,4.000000,4.236217,14.000000,115.607985,0.302587,4.000000,3.803673,3.000000,43.591772,1.267891,3.000000,3.000000,10.000000,121.000000,-1.000000,,,,38.183198,19.146225,14.972921,-2.763681,-1.711651,-1.052030,20.986145,19.290541,32.559182,-4.542799,-6.518932,0.312573,0.231845,,5.000000,,69.350334,87.500000,81.623932,0.559036,0.507665,0.051371,44.313267,32.182090,8.766520,0.862030,1.410596,0.764453,0.032880,1.027930,2.343750,,300.000000,47.259730,1.876322,1.120615
2026-03-19T08:45:00Z,1.168394,no_impulse,0,CANBK,1h,-1.000000,94.186047,4.682758,10.000000,0.468276,-2.023147,-3.535521,-8.838574,5.231939,15.000000,60.563380,0.348796,3.000000,58.200932,92.705167,88.232193,1.000000,-0.210679,-0.716034,0.505354,22.490520,28.317492,18.682772,1.310400,-0.461130,-5.513904,0.779725,0.047468,7.951841,11.000000,172.121212,0.722895,4.000000,25.898716,9.771127,10.048113,1.000000,-1.709200,-1.407076,-0.302124,31.173889,14.081658,40.073957,-3.563036,-6.457516,-10.990887,0.081127,0.082136,4.843681,4.000000,86.956522,1.210920,3.000000,49.944529,75.268817,68.503584,0.000000,-0.705221,-0.976877,0.271656,24.198201,28.019659,29.370819,0.446416,-1.623210,-4.673668,0.632372,0.033876,5.276330,14.000000,113.452915,0.376881,4.000000,29.970709,22.715054,9.852618,0.000000,-1.177740,-1.179644,0.001903,27.777275,16.093047,40.642979,-2.405749,-4.888460,-7.859600,-0.057823,0.042114,4.877515,7.000000,53.349282,0.696788,3.000000,36.773955,39.523810,32.704256,1.000000,-2.079986,-1.991765,-0.088221,44.383773,24.239981,34.674358,-1.500702,-4.452846,-6.146457,0.372031,0.115537,8.376754,14.000000,300.000000,0.598340,4.000000,18.697291,8.763309,9.880041,1.000000,-1.567035,-1.314464,-0.252571,39.874065,9.604318,52.701010,-6.615121,-8.677656,-9.048109,-0.568014,0.058095,2.872457,4.000000,69.782972,0.718114,3.000000,34.525815,28.148148,17.394179,0.000000,-1.724419,-1.375606,-0.348813,45.507835,19.949794,36.545810,-1.940890,-3.247609,-2.135380,0.333851,0.114592,3.953534,3.000000,137.385321,1.317845,4.000000,26.163735,12.191473,6.835066,1.000000,-1.613197,-0.865391,-0.747806,43.952219,10.009874,46.891068,-3.862158,-4.625761,-2.958875,0.151949,0.106839,2.962963,0.000000,47.912088,0.000000,4.000000,5.824000,7.000000,152.941176,0.832000,4.000000,3.958749,0.000000,47.259730,0.000000,2.000000,7.729142,14.000000,86.947514,0.552082,2.000000,9.756755,28.000000,346.411483,0.348456,1.000000,2.739367,7.000000,130.218069,0.391338,8.000000,2.148882,7.000000,110.309278,0.306983,1.000000,1.910828,0.000000,23.970346,0.000000,7.000000,8.662148,14.000000,168.845619,0.618725,7.000000,4.879870,21.000000,215.269461,0.232375,4.000000,2.319444,0.000000,52.433281,0.000000,4.000000,4.236217,14.000000,115.607985,0.302587,4.000000,2.000000,1.000000,131.000000,-1.000000,,,,39.644905,19.959596,14.763398,-3.032604,-2.199997,-0.832607,21.939617,21.345585,32.923089,-4.167532,-6.691582,0.342572,0.254134,,3.000000,,28.986863,2.575107,1.960260,-0.538748,-0.428573,-0.110174,42.015316,9.474550,34.072007,-1.188816,-1.693172,-0.072586,0.020518,0.897578,1.265823,,300.000000,47.912088,1.833761,0.972848
2026-03-20T05:45:00Z,1.238728,no_impulse,0,CANBK,1h,1.000000,122.530864,6.019712,4.000000,1.504928,1.195207,0.228508,-4.686297,4.682758,10.000000,94.186047,0.468276,2.000000,31.861210,14.197531,16.070800,1.000000,-0.521290,-0.308208,-0.213082,25.130520,14.986381,38.470358,-2.023147,-3.535521,-8.838574,0.042160,0.043313,5.231939,15.000000,60.563380,0.348796,3.000000,58.200932,92.705167,88.232193,1.000000,-0.210679,-0.716034,0.505354,22.490520,28.317492,18.682772,1.310400,-0.461130,-5.513904,0.779725,0.047468,7.951841,11.000000,172.121212,0.722895,4.000000,25.898716,9.771127,10.048113,1.000000,-1.709200,-1.407076,-0.302124,31.173889,14.081658,40.073957,-3.563036,-6.457516,-10.990887,0.081127,0.082136,4.843681,4.000000,86.956522,1.210920,3.000000,49.944529,75.268817,68.503584,0.000000,-0.705221,-0.976877,0.271656,24.198201,28.019659,29.370819,0.446416,-1.623210,-4.673668,0.632372,0.033876,5.276330,14.000000,113.452915,0.376881,4.000000,29.970709,22.715054,9.852618,0.000000,-1.177740,-1.179644,0.001903,27.777275,16.093047,40.642979,-2.405749,-4.888460,-7.859600,-0.057823,0.042114,4.877515,7.000000,53.349282,0.696788,3.000000,36.773955,39.523810,32.704256,1.000000,-2.079986,-1.991765,-0.088221,44.383773,24.239981,34.674358,-1.500702,-4.452846,-6.146457,0.372031,0.115537,8.376754,14.000000,300.000000,0.598340,4.000000,18.697291,8.763309,9.880041,1.000000,-1.567035,-1.314464,-0.252571,39.874065,9.604318,52.701010,-6.615121,-8.677656,-9.048109,-0.568014,0.058095,2.872457,4.000000,69.782972,0.718114,3.000000,34.525815,28.148148,17.394179,0.000000,-1.724419,-1.375606,-0.348813,45.507835,19.949794,36.545810,-1.940890,-3.247609,-2.135380,0.333851,0.114592,3.953534,3.000000,137.385321,1.317845,4.000000,2.962963,0.000000,47.912088,0.000000,4.000000,5.824000,7.000000,152.941176,0.832000,4.000000,3.958749,0.000000,47.259730,0.000000,2.000000,7.729142,14.000000,86.947514,0.552082,2.000000,9.756755,28.000000,346.411483,0.348456,1.000000,2.739367,7.000000,130.218069,0.391338,8.000000,2.148882,7.000000,110.309278,0.306983,1.000000,1.910828,0.000000,23.970346,0.000000,7.000000,8.662148,14.000000,168.845619,0.618725,7.000000,4.879870,21.000000,215.269461,0.232375,4.000000,2.319444,0.000000,52.433281,0.000000,4.000000,1.000000,2.000000,135.000000,-1.000000,,,,39.644905,19.959596,14.763398,-3.032604,-2.199997,-0.832607,21.939617,21.345585,32.923089,-4.167532,-6.691582,0.342572,0.254134,,3.000000,,66.133504,88.916877,89.003220,0.735963,0.416470,0.319493,40.128408,40.336386,19.037776,1.382197,1.906516,0.680938,0.077461,1.179647,0.487805,,300.000000,47.912088,1.827295,1.191299
2026-03-23T09:45:00Z,1.142882,no_impulse,0,CANBK,1h,-1.000000,136.272040,7.737414,11.000000,0.703401,-2.946272,-4.778899,-10.489970,6.019712,4.000000,122.530864,1.504928,1.000000,56.347094,74.559194,84.861656,0.000000,0.056541,-0.207197,0.263739,23.006693,30.397377,27.171327,1.195207,0.228508,-4.686297,0.740078,0.050386,4.682758,10.000000,94.186047,0.468276,2.000000,31.861210,14.197531,16.070800,1.000000,-0.521290,-0.308208,-0.213082,25.130520,14.986381,38.470358,-2.023147,-3.535521,-8.838574,0.042160,0.043313,5.231939,15.000000,60.563380,0.348796,3.000000,58.200932,92.705167,88.232193,1.000000,-0.210679,-0.716034,0.505354,22.490520,28.317492,18.682772,1.310400,-0.461130,-5.513904,0.779725,0.047468,7.951841,11.000000,172.121212,0.722895,4.000000,25.898716,9.771127,10.048113,1.000000,-1.709200,-1.407076,-0.302124,31.173889,14.081658,40.073957,-3.563036,-6.457516,-10.990887,0.081127,0.082136,4.843681,4.000000,86.956522,1.210920,3.000000,49.944529,75.268817,68.503584,0.000000,-0.705221,-0.976877,0.271656,24.198201,28.019659,29.370819,0.446416,-1.623210,-4.673668,0.632372,0.033876,5.276330,14.000000,113.452915,0.376881,4.000000,29.970709,22.715054,9.852618,0.000000,-1.177740,-1.179644,0.001903,27.777275,16.093047,40.642979,-2.405749,-4.888460,-7.859600,-0.057823,0.042114,4.877515,7.000000,53.349282,0.696788,3.000000,36.773955,39.523810,32.704256,1.000000,-2.079986,-1.991765,-0.088221,44.383773,24.239981,34.674358,-1.500702,-4.452846,-6.146457,0.372031,0.115537,8.376754,14.000000,300.000000,0.598340,4.000000,18.697291,8.763309,9.880041,1.000000,-1.567035,-1.314464,-0.252571,39.874065,9.604318,52.701010,-6.615121,-8.677656,-9.048109,-0.568014,0.058095,2.872457,4.000000,69.782972,0.718114,3.000000,3.953534,3.000000,137.385321,1.317845,4.000000,2.962963,0.000000,47.912088,0.000000,4.000000,5.824000,7.000000,152.941176,0.832000,4.000000,3.958749,0.000000,47.259730,0.000000,2.000000,7.729142,14.000000,86.947514,0.552082,2.000000,9.756755,28.000000,346.411483,0.348456,1.000000,2.739367,7.000000,130.218069,0.391338,8.000000,2.148882,7.000000,110.309278,0.306983,1.000000,1.910828,0.000000,23.970346,0.000000,7.000000,8.662148,14.000000,168.845619,0.618725,7.000000,4.879870,21.000000,215.269461,0.232375,4.000000,8.000000,1.000000,146.000000,-1.000000,,,,38.780398,19.970986,14.110550,-3.487270,-2.694351,-0.792919,23.199401,18.580012,34.570409,-5.286148,-8.508985,0.311317,0.266094,,4.000000,,31.547141,15.488215,14.329509,-0.722157,-0.793250,0.071092,36.086599,13.319151,35.857058,-1.185143,-2.554113,-0.146808,0.018108,1.430562,1.279070,,300.000000,53.349282,1.679201,0.881725
2026-03-25T06:45:00Z,1.218797,no_impulse,0,CANBK,1h,1.000000,79.205176,6.642381,11.000000,0.603853,1.897728,1.248110,-3.769003,7.737414,11.000000,136.272040,0.703401,8.000000,32.273033,4.251386,9.380616,0.000000,-1.287647,-0.797728,-0.489919,26.759525,18.074352,40.634596,-2.946272,-4.778899,-10.489970,0.197421,0.094585,6.019712,4.000000,122.530864,1.504928,1.000000,56.347094,74.559194,84.861656,0.000000,0.056541,-0.207197,0.263739,23.006693,30.397377,27.171327,1.195207,0.228508,-4.686297,0.740078,0.050386,4.682758,10.000000,94.186047,0.468276,2.000000,31.861210,14.197531,16.070800,1.000000,-0.521290,-0.308208,-0.213082,25.130520,14.986381,38.470358,-2.023147,-3.535521,-8.838574,0.042160,0.043313,5.231939,15.000000,60.563380,0.348796,3.000000,58.200932,92.705167,88.232193,1.000000,-0.210679,-0.716034,0.505354,22.490520,28.317492,18.682772,1.310400,-0.461130,-5.513904,0.779725,0.047468,7.951841,11.000000,172.121212,0.722895,4.000000,25.898716,9.771127,10.048113,1.000000,-1.709200,-1.407076,-0.302124,31.173889,14.081658,40.073957,-3.563036,-6.457516,-10.990887,0.081127,0.082136,4.843681,4.000000,86.956522,1.210920,3.000000,49.944529,75.268817,68.503584,0.000000,-0.705221,-0.976877,0.271656,24.198201,28.019659,29.370819,0.446416,-1.623210,-4.673668,0.632372,0.033876,5.276330,14.000000,113.452915,0.376881,4.000000,29.970709,22.715054,9.852618,0.000000,-1.177740,-1.179644,0.001903,27.777275,16.093047,40.642979,-2.405749,-4.888460,-7.859600,-0.057823,0.042114,4.877515,7.000000,53.349282,0.696788,3.000000,36.773955,39.523810,32.704256,1.000000,-2.079986,-1.991765,-0.088221,44.383773,24.239981,34.674358,-1.500702,-4.452846,-6.146457,0.372031,0.115537,8.376754,14.000000,300.000000,0.598340,4.000000,2.872457,4.000000,69.782972,0.718114,3.000000,3.953534,3.000000,137.385321,1.317845,4.000000,2.962963,0.000000,47.912088,0.000000,4.000000,5.824000,7.000000,152.941176,0.832000,4.000000,3.958749,0.000000,47.259730,0.000000,2.000000,7.729142,14.000000,86.947514,0.552082,2.000000,9.756755,28.000000,346.411483,0.348456,1.000000,2.739367,7.000000,130.218069,0.391338,8.000000,2.148882,7.000000,110.309278,0.306983,1.000000,1.910828,0.000000,23.970346,0.000000,7.000000,8.662148,14.000000,168.845619,0.618725,7.000000,3.000000,2.000000,11.000000,-1.000000,,,,43.627293,36.958661,19.776905,-3.183099,-2.738738,-0.444360,22.955313,21.684521,32.379564,-2.424432,-5.594346,0.406677,0.253641,,2.000000,,68.381804,94.017094,95.184614,0.767485,0.732490,0.034996,32.414852,31.303464,11.904053,1.019938,1.926483,0.724844,0.045829,1.147803,1.170213,,300.000000,53.349282,1.740097,1.022877
2026-03-30T08:45:00Z,1.089556,no_impulse,0,CANBK,1h,-1.000000,170.245041,10.603968,16.000000,0.662748,-4.740750,-7.138727,-13.524187,6.642381,11.000000,79.205176,0.603853,3.000000,60.363071,93.115519,96.405392,0.000000,0.300441,-0.239329,0.539770,18.675559,35.281287,21.769227,1.897728,1.248110,-3.769003,0.745707,0.078730,7.737414,11.000000,136.272040,0.703401,8.000000,32.273033,4.251386,9.380616,0.000000,-1.287647,-0.797728,-0.489919,26.759525,18.074352,40.634596,-2.946272,-4.778899,-10.489970,0.197421,0.094585,6.019712,4.000000,122.530864,1.504928,1.000000,56.347094,74.559194,84.861656,0.000000,0.056541,-0.207197,0.263739,23.006693,30.397377,27.171327,1.195207,0.228508,-4.686297,0.740078,0.050386,4.682758,10.000000,94.186047,0.468276,2.000000,31.861210,14.197531,16.070800,1.000000,-0.521290,-0.308208,-0.213082,25.130520,14.986381,38.470358,-2.023147,-3.535521,-8.838574,0.042160,0.043313,5.231939,15.000000,60.563380,0.348796,3.000000,58.200932,92.705167,88.232193,1.000000,-0.210679,-0.716034,0.505354,22.490520,28.317492,18.682772,1.310400,-0.461130,-5.513904,0.779725,0.047468,7.951841,11.000000,172.121212,0.722895,4.000000,25.898716,9.771127,10.048113,1.000000,-1.709200,-1.407076,-0.302124,31.173889,14.081658,40.073957,-3.563036,-6.457516,-10.990887,0.081127,0.082136,4.843681,4.000000,86.956522,1.210920,3.000000,49.944529,75.268817,68.503584,0.000000,-0.705221,-0.976877,0.271656,24.198201,28.019659,29.370819,0.446416,-1.623210,-4.673668,0.632372,0.033876,5.276330,14.000000,113.452915,0.376881,4.000000,29.970709,22.715054,9.852618,0.000000,-1.177740,-1.179644,0.001903,27.777275,16.093047,40.642979,-2.405749,-4.888460,-7.859600,-0.057823,0.042114,4.877515,7.000000,53.349282,0.696788,3.000000,8.376754,14.000000,300.000000,0.598340,4.000000,2.872457,4.000000,69.782972,0.718114,3.000000,3.953534,3.000000,137.385321,1.317845,4.000000,2.962963,0.000000,47.912088,0.000000,4.000000,5.824000,7.000000,152.941176,0.832000,4.000000,3.958749,0.000000,47.259730,0.000000,2.000000,7.729142,14.000000,86.947514,0.552082,2.000000,9.756755,28.000000,346.411483,0.348456,1.000000,2.739367,7.000000,130.218069,0.391338,8.000000,2.148882,7.000000,110.309278,0.306983,1.000000,1.910828,0.000000,23.970346,0.000000,7.000000,4.000000,3.000000,27.000000,-1.000000,,,,32.472053,2.158273,16.253184,-4.223215,-3.372650,-0.850565,24.566838,17.660575,41.140300,-11.356821,-15.705653,0.065192,0.234554,,3.000000,,17.233363,7.106599,4.236318,-1.123837,-1.204552,0.080716,62.542330,5.810880,37.127487,-1.347314,-3.414423,0.043764,0.029138,1.720297,1.584158,,300.000000,53.349282,1.416844,1.141772
2026-04-01T03:45:00Z,1.147134,no_impulse,0,CANBK,1h,1.000000,44.551062,5.284553,2.000000,2.642276,-1.344224,-3.822791,-10.226881,10.603968,16.000000,170.245041,0.662748,4.000000,22.461621,4.535479,2.695944,1.000000,-2.048964,-1.339530,-0.709434,32.013813,12.359539,47.023700,-4.740750,-7.138727,-13.524187,0.183797,0.143141,6.642381,11.000000,79.205176,0.603853,3.000000,60.363071,93.115519,96.405392,0.000000,0.300441,-0.239329,0.539770,18.675559,35.281287,21.769227,1.897728,1.248110,-3.769003,0.745707,0.078730,7.737414,11.000000,136.272040,0.703401,8.000000,32.273033,4.251386,9.380616,0.000000,-1.287647,-0.797728,-0.489919,26.759525,18.074352,40.634596,-2.946272,-4.778899,-10.489970,0.197421,0.094585,6.019712,4.000000,122.530864,1.504928,1.000000,56.347094,74.559194,84.861656,0.000000,0.056541,-0.207197,0.263739,23.006693,30.397377,27.171327,1.195207,0.228508,-4.686297,0.740078,0.050386,4.682758,10.000000,94.186047,0.468276,2.000000,31.861210,14.197531,16.070800,1.000000,-0.521290,-0.308208,-0.213082,25.130520,14.986381,38.470358,-2.023147,-3.535521,-8.838574,0.042160,0.043313,5.231939,15.000000,60.563380,0.348796,3.000000,58.200932,92.705167,88.232193,1.000000,-0.210679,-0.716034,0.505354,22.490520,28.317492,18.682772,1.310400,-0.461130,-5.513904,0.779725,0.047468,7.951841,11.000000,172.121212,0.722895,4.000000,25.898716,9.771127,10.048113,1.000000,-1.709200,-1.407076,-0.302124,31.173889,14.081658,40.073957,-3.563036,-6.457516,-10.990887,0.081127,0.082136,4.843681,4.000000,86.956522,1.210920,3.000000,49.944529,75.268817,68.503584,0.000000,-0.705221,-0.976877,0.271656,24.198201,28.019659,29.370819,0.446416,-1.623210,-4.673668,0.632372,0.033876,5.276330,14.000000,113.452915,0.376881,4.000000,4.877515,7.000000,53.349282,0.696788,3.000000,8.376754,14.000000,300.000000,0.598340,4.000000,2.872457,4.000000,69.782972,0.718114,3.000000,3.953534,3.000000,137.385321,1.317845,4.000000,2.962963,0.000000,47.912088,0.000000,4.000000,5.824000,7.000000,152.941176,0.832000,4.000000,3.958749,0.000000,47.259730,0.000000,2.000000,7.729142,14.000000,86.947514,0.552082,2.000000,9.756755,28.000000,346.411483,0.348456,1.000000,2.739367,7.000000,130.218069,0.391338,8.000000,2.148882,7.000000,110.309278,0.306983,1.000000,3.000000,4.000000,29.000000,-1.000000,,,,37.695333,20.772947,10.857946,-4.216962,-3.459912,-0.757050,25.404657,17.675971,37.818363,-7.228141,-11.727628,0.183120,0.212727,,1.000000,,61.585520,73.846154,38.886537,-0.791079,-1.054325,0.263246,63.913534,44.177394,23.890336,1.727673,-0.128233,1.080994,0.030259,0.827424,0.194175,,172.121212,53.349282,1.897011,1.567913
2026-04-02T03:45:00Z,1.078838,no_impulse,0,CANBK,1h,-1.000000,118.615385,5.953668,7.000000,0.850524,-4.223542,-6.609703,-13.517939,5.284553,2.000000,44.551062,2.642276,3.000000,40.259873,44.900222,18.672660,0.000000,-1.948551,-1.559366,-0.389185,31.777921,32.289905,35.145337,-1.344224,-3.822791,-10.226881,0.407263,0.143027,10.603968,16.000000,170.245041,0.662748,4.000000,22.461621,4.535479,2.695944,1.000000,-2.048964,-1.339530,-0.709434,32.013813,12.359539,47.023700,-4.740750,-7.138727,-13.524187,0.183797,0.143141,6.642381,11.000000,79.205176,0.603853,3.000000,60.363071,93.115519,96.405392,0.000000,0.300441,-0.239329,0.539770,18.675559,35.281287,21.769227,1.897728,1.248110,-3.769003,0.745707,0.078730,7.737414,11.000000,136.272040,0.703401,8.000000,32.273033,4.251386,9.380616,0.000000,-1.287647,-0.797728,-0.489919,26.759525,18.074352,40.634596,-2.946272,-4.778899,-10.489970,0.197421,0.094585,6.019712,4.000000,122.530864,1.504928,1.000000,56.347094,74.559194,84.861656,0.000000,0.056541,-0.207197,0.263739,23.006693,30.397377,27.171327,1.195207,0.228508,-4.686297,0.740078,0.050386,4.682758,10.000000,94.186047,0.468276,2.000000,31.861210,14.197531,16.070800,1.000000,-0.521290,-0.308208,-0.213082,25.130520,14.986381,38.470358,-2.023147,-3.535521,-8.838574,0.042160,0.043313,5.231939,15.000000,60.563380,0.348796,3.000000,58.200932,92.705167,88.232193,1.000000,-0.210679,-0.716034,0.505354,22.490520,28.317492,18.682772,1.310400,-0.461130,-5.513904,0.779725,0.047468,7.951841,11.000000,172.121212,0.722895,4.000000,25.898716,9.771127,10.048113,1.000000,-1.709200,-1.407076,-0.302124,31.173889,14.081658,40.073957,-3.563036,-6.457516,-10.990887,0.081127,0.082136,4.843681,4.000000,86.956522,1.210920,3.000000,5.276330,14.000000,113.452915,0.376881,4.000000,4.877515,7.000000,53.349282,0.696788,3.000000,8.376754,14.000000,300.000000,0.598340,4.000000,2.872457,4.000000,69.782972,0.718114,3.000000,3.953534,3.000000,137.385321,1.317845,4.000000,2.962963,0.000000,47.912088,0.000000,4.000000,5.824000,7.000000,152.941176,0.832000,4.000000,3.958749,0.000000,47.259730,0.000000,2.000000,7.729142,14.000000,86.947514,0.552082,2.000000,9.756755,28.000000,346.411483,0.348456,1.000000,2.739367,7.000000,130.218069,0.391338,8.000000,4.000000,5.000000,36.000000,-1.000000,,,,37.484466,24.916944,15.949388,-4.289129,-3.631420,-0.657709,26.658557,16.289877,40.826753,-6.738300,-11.487416,0.175567,0.194583,,2.000000,,28.080631,13.441654,24.208443,-0.141478,0.144276,-0.285755,24.210805,16.117568,45.928320,-3.259874,-3.685683,-0.391933,0.035395,0.926287,0.714286,,172.121212,44.551062,1.865128,1.221857
2026-04-06T03:45:00Z,1.152184,no_impulse,0,CANBK,1h,1.000000,107.392996,6.798588,7.000000,0.971227,1.077873,-1.012057,-7.883067,5.953668,7.000000,118.615385,0.850524,4.000000,31.345032,10.376135,46.484487,1.000000,-1.374818,-1.422031,0.047212,21.918546,21.840699,41.760883,-4.223542,-6.609703,-13.517939,-0.010092,0.079444,5.284553,2.000000,44.551062,2.642276,3.000000,40.259873,44.900222,18.672660,0.000000,-1.948551,-1.559366,-0.389185,31.777921,32.289905,35.145337,-1.344224,-3.822791,-10.226881,0.407263,0.143027,10.603968,16.000000,170.245041,0.662748,4.000000,22.461621,4.535479,2.695944,1.000000,-2.048964,-1.339530,-0.709434,32.013813,12.359539,47.023700,-4.740750,-7.138727,-13.524187,0.183797,0.143141,6.642381,11.000000,79.205176,0.603853,3.000000,60.363071,93.115519,96.405392,0.000000,0.300441,-0.239329,0.539770,18.675559,35.281287,21.769227,1.897728,1.248110,-3.769003,0.745707,0.078730,7.737414,11.000000,136.272040,0.703401,8.000000,32.273033,4.251386,9.380616,0.000000,-1.287647,-0.797728,-0.489919,26.759525,18.074352,40.634596,-2.946272,-4.778899,-10.489970,0.197421,0.094585,6.019712,4.000000,122.530864,1.504928,1.000000,56.347094,74.559194,84.861656,0.000000,0.056541,-0.207197,0.263739,23.006693,30.397377,27.171327,1.195207,0.228508,-4.686297,0.740078,0.050386,4.682758,10.000000,94.186047,0.468276,2.000000,31.861210,14.197531,16.070800,1.000000,-0.521290,-0.308208,-0.213082,25.130520,14.986381,38.470358,-2.023147,-3.535521,-8.838574,0.042160,0.043313,5.231939,15.000000,60.563380,0.348796,3.000000,58.200932,92.705167,88.232193,1.000000,-0.210679,-0.716034,0.505354,22.490520,28.317492,18.682772,1.310400,-0.461130,-5.513904,0.779725,0.047468,7.951841,11.000000,172.121212,0.722895,4.000000,4.843681,4.000000,86.956522,1.210920,3.000000,5.276330,14.000000,113.452915,0.376881,4.000000,4.877515,7.000000,53.349282,0.696788,3.000000,8.376754,14.000000,300.000000,0.598340,4.000000,2.872457,4.000000,69.782972,0.718114,3.000000,3.953534,3.000000,137.385321,1.317845,4.000000,2.962963,0.000000,47.912088,0.000000,4.000000,5.824000,7.000000,152.941176,0.832000,4.000000,3.958749,0.000000,47.259730,0.000000,2.000000,7.729142,14.000000,86.947514,0.552082,2.000000,9.756755,28.000000,346.411483,0.348456,1.000000,7.000000,6.000000,43.000000,-1.000000,,,,42.136732,48.310249,31.333380,-3.963868,-3.620668,-0.343200,27.049725,19.346086,37.667284,-3.528881,-8.188946,0.314812,0.184062,,1.000000,,67.540880,93.344710,91.387254,0.423096,0.036810,0.386286,26.407876,27.920530,22.746717,1.645606,1.425349,0.822258,0.051919,1.046711,0.769231,,172.121212,44.551062,1.830660,1.070721
2026-04-06T03:45:00Z,1.108247,no_impulse,0,CANBK,1h,-1.000000,59.903382,3.813331,0.000000,0.000000,1.077873,-1.012057,-7.883067,6.798588,7.000000,107.392996,0.971227,7.000000,52.396656,76.570048,72.043021,1.000000,-0.822063,-1.226455,0.404392,19.635665,33.879947,23.621586,1.077873,-1.012057,-7.883067,0.672429,0.063192,5.953668,7.000000,118.615385,0.850524,4.000000,31.345032,10.376135,46.484487,1.000000,-1.374818,-1.422031,0.047212,21.918546,21.840699,41.760883,-4.223542,-6.609703,-13.517939,-0.010092,0.079444,5.284553,2.000000,44.551062,2.642276,3.000000,40.259873,44.900222,18.672660,0.000000,-1.948551,-1.559366,-0.389185,31.777921,32.289905,35.145337,-1.344224,-3.822791,-10.226881,0.407263,0.143027,10.603968,16.000000,170.245041,0.662748,4.000000,22.461621,4.535479,2.695944,1.000000,-2.048964,-1.339530,-0.709434,32.013813,12.359539,47.023700,-4.740750,-7.138727,-13.524187,0.183797,0.143141,6.642381,11.000000,79.205176,0.603853,3.000000,60.363071,93.115519,96.405392,0.000000,0.300441,-0.239329,0.539770,18.675559,35.281287,21.769227,1.897728,1.248110,-3.769003,0.745707,0.078730,7.737414,11.000000,136.272040,0.703401,8.000000,32.273033,4.251386,9.380616,0.000000,-1.287647,-0.797728,-0.489919,26.759525,18.074352,40.634596,-2.946272,-4.778899,-10.489970,0.197421,0.094585,6.019712,4.000000,122.530864,1.504928,1.000000,56.347094,74.559194,84.861656,0.000000,0.056541,-0.207197,0.263739,23.006693,30.397377,27.171327,1.195207,0.228508,-4.686297,0.740078,0.050386,4.682758,10.000000,94.186047,0.468276,2.000000,31.861210,14.197531,16.070800,1.000000,-0.521290,-0.308208,-0.213082,25.130520,14.986381,38.470358,-2.023147,-3.535521,-8.838574,0.042160,0.043313,5.231939,15.000000,60.563380,0.348796,3.000000,7.951841,11.000000,172.121212,0.722895,4.000000,4.843681,4.000000,86.956522,1.210920,3.000000,5.276330,14.000000,113.452915,0.376881,4.000000,4.877515,7.000000,53.349282,0.696788,3.000000,8.376754,14.000000,300.000000,0.598340,4.000000,2.872457,4.000000,69.782972,0.718114,3.000000,3.953534,3.000000,137.385321,1.317845,4.000000,2.962963,0.000000,47.912088,0.000000,4.000000,5.824000,7.000000,152.941176,0.832000,4.000000,3.958749,0.000000,47.259730,0.000000,2.000000,7.729142,14.000000,86.947514,0.552082,2.000000,7.000000,7.000000,0.000000,-1.000000,,,,42.136732,48.310249,31.333380,-3.963868,-3.620668,-0.343200,27.049725,19.346086,37.667284,-3.528881,-8.188946,0.314812,0.184062,,0.000000,,67.540880,93.344710,91.387254,0.423096,0.036810,0.386286,26.407876,27.920530,22.746717,1.645606,1.425349,0.822258,0.051919,0.569947,0.000000,,172.121212,44.551062,1.736671,0.721941
2026-04-10T03:45:00Z,1.245637,no_impulse,0,CANBK,1h,1.000000,312.701613,12.397091,28.000000,0.442753,2.760455,4.806040,2.068825,3.813331,0.000000,59.903382,0.000000,7.000000,52.396656,76.570048,72.043021,0.000000,-0.822063,-1.226455,0.404392,19.635665,33.879947,23.621586,1.077873,-1.012057,-7.883067,0.672429,0.063192,6.798588,7.000000,107.392996,0.971227,7.000000,52.396656,76.570048,72.043021,1.000000,-0.822063,-1.226455,0.404392,19.635665,33.879947,23.621586,1.077873,-1.012057,-7.883067,0.672429,0.063192,5.953668,7.000000,118.615385,0.850524,4.000000,31.345032,10.376135,46.484487,1.000000,-1.374818,-1.422031,0.047212,21.918546,21.840699,41.760883,-4.223542,-6.609703,-13.517939,-0.010092,0.079444,5.284553,2.000000,44.551062,2.642276,3.000000,40.259873,44.900222,18.672660,0.000000,-1.948551,-1.559366,-0.389185,31.777921,32.289905,35.145337,-1.344224,-3.822791,-10.226881,0.407263,0.143027,10.603968,16.000000,170.245041,0.662748,4.000000,22.461621,4.535479,2.695944,1.000000,-2.048964,-1.339530,-0.709434,32.013813,12.359539,47.023700,-4.740750,-7.138727,-13.524187,0.183797,0.143141,6.642381,11.000000,79.205176,0.603853,3.000000,60.363071,93.115519,96.405392,0.000000,0.300441,-0.239329,0.539770,18.675559,35.281287,21.769227,1.897728,1.248110,-3.769003,0.745707,0.078730,7.737414,11.000000,136.272040,0.703401,8.000000,32.273033,4.251386,9.380616,0.000000,-1.287647,-0.797728,-0.489919,26.759525,18.074352,40.634596,-2.946272,-4.778899,-10.489970,0.197421,0.094585,6.019712,4.000000,122.530864,1.504928,1.000000,56.347094,74.559194,84.861656,0.000000,0.056541,-0.207197,0.263739,23.006693,30.397377,27.171327,1.195207,0.228508,-4.686297,0.740078,0.050386,4.682758,10.000000,94.186047,0.468276,2.000000,5.231939,15.000000,60.563380,0.348796,3.000000,7.951841,11.000000,172.121212,0.722895,4.000000,4.843681,4.000000,86.956522,1.210920,3.000000,5.276330,14.000000,113.452915,0.376881,4.000000,4.877515,7.000000,53.349282,0.696788,3.000000,8.376754,14.000000,300.000000,0.598340,4.000000,2.872457,4.000000,69.782972,0.718114,3.000000,3.953534,3.000000,137.385321,1.317845,4.000000,2.962963,0.000000,47.912088,0.000000,4.000000,5.824000,7.000000,152.941176,0.832000,4.000000,3.958749,0.000000,47.259730,0.000000,2.000000,1.000000,1.000000,28.000000,-1.000000,,,,50.711562,86.814404,59.298246,-3.007612,-3.381027,0.373415,26.305682,25.670884,32.613195,1.894510,-2.291920,0.631804,0.146513,,6.000000,,67.055345,81.957187,46.521165,0.075349,0.115447,-0.040098,22.273928,37.664498,15.825666,1.078036,1.969933,0.962887,0.023543,1.975056,3.373494,,170.245041,44.551062,1.889154,0.735239
2026-04-13T03:45:00Z,1.192311,no_impulse,0,CANBK,1h,-1.000000,38.813669,4.281041,7.000000,0.611577,-0.676414,1.476179,-0.363388,12.397091,28.000000,312.701613,0.442753,1.000000,72.517311,90.846682,74.305445,0.000000,1.760003,1.790632,-0.030629,35.112391,42.629304,18.659730,2.760455,4.806040,2.068825,0.738274,0.119141,3.813331,0.000000,59.903382,0.000000,7.000000,52.396656,76.570048,72.043021,0.000000,-0.822063,-1.226455,0.404392,19.635665,33.879947,23.621586,1.077873,-1.012057,-7.883067,0.672429,0.063192,6.798588,7.000000,107.392996,0.971227,7.000000,52.396656,76.570048,72.043021,1.000000,-0.822063,-1.226455,0.404392,19.635665,33.879947,23.621586,1.077873,-1.012057,-7.883067,0.672429,0.063192,5.953668,7.000000,118.615385,0.850524,4.000000,31.345032,10.376135,46.484487,1.000000,-1.374818,-1.422031,0.047212,21.918546,21.840699,41.760883,-4.223542,-6.609703,-13.517939,-0.010092,0.079444,5.284553,2.000000,44.551062,2.642276,3.000000,40.259873,44.900222,18.672660,0.000000,-1.948551,-1.559366,-0.389185,31.777921,32.289905,35.145337,-1.344224,-3.822791,-10.226881,0.407263,0.143027,10.603968,16.000000,170.245041,0.662748,4.000000,22.461621,4.535479,2.695944,1.000000,-2.048964,-1.339530,-0.709434,32.013813,12.359539,47.023700,-4.740750,-7.138727,-13.524187,0.183797,0.143141,6.642381,11.000000,79.205176,0.603853,3.000000,60.363071,93.115519,96.405392,0.000000,0.300441,-0.239329,0.539770,18.675559,35.281287,21.769227,1.897728,1.248110,-3.769003,0.745707,0.078730,7.737414,11.000000,136.272040,0.703401,8.000000,32.273033,4.251386,9.380616,0.000000,-1.287647,-0.797728,-0.489919,26.759525,18.074352,40.634596,-2.946272,-4.778899,-10.489970,0.197421,0.094585,6.019712,4.000000,122.530864,1.504928,1.000000,4.682758,10.000000,94.186047,0.468276,2.000000,5.231939,15.000000,60.563380,0.348796,3.000000,7.951841,11.000000,172.121212,0.722895,4.000000,4.843681,4.000000,86.956522,1.210920,3.000000,5.276330,14.000000,113.452915,0.376881,4.000000,4.877515,7.000000,53.349282,0.696788,3.000000,8.376754,14.000000,300.000000,0.598340,4.000000,2.872457,4.000000,69.782972,0.718114,3.000000,3.953534,3.000000,137.385321,1.317845,4.000000,2.962963,0.000000,47.912088,0.000000,4.000000,5.824000,7.000000,152.941176,0.832000,4.000000,2.000000,2.000000,35.000000,-1.000000,,,,50.711562,86.814404,59.298246,-3.007612,-3.381027,0.373415,26.305682,25.670884,32.613195,1.894510,-2.291920,0.631804,0.146513,,3.000000,,24.031290,24.873950,53.806544,-0.034260,0.182640,-0.216899,24.406876,14.168887,54.761027,-2.480347,-1.958138,-0.461347,0.025176,0.612159,0.729167,,312.701613,44.551062,2.653132,1.053420
2026-04-13T06:45:00Z,1.234299,no_impulse,0,CANBK,1h,1.000000,78.737542,3.521545,3.000000,1.173848,0.735388,2.686640,1.144039,4.281041,7.000000,38.813669,0.611577,2.000000,50.079301,39.368771,70.707193,1.000000,1.311932,1.616811,-0.304878,34.383409,27.960695,39.548534,-0.676414,1.476179,-0.363388,0.281164,0.030702,12.397091,28.000000,312.701613,0.442753,1.000000,72.517311,90.846682,74.305445,0.000000,1.760003,1.790632,-0.030629,35.112391,42.629304,18.659730,2.760455,4.806040,2.068825,0.738274,0.119141,3.813331,0.000000,59.903382,0.000000,7.000000,52.396656,76.570048,72.043021,0.000000,-0.822063,-1.226455,0.404392,19.635665,33.879947,23.621586,1.077873,-1.012057,-7.883067,0.672429,0.063192,6.798588,7.000000,107.392996,0.971227,7.000000,52.396656,76.570048,72.043021,1.000000,-0.822063,-1.226455,0.404392,19.635665,33.879947,23.621586,1.077873,-1.012057,-7.883067,0.672429,0.063192,5.953668,7.000000,118.615385,0.850524,4.000000,31.345032,10.376135,46.484487,1.000000,-1.374818,-1.422031,0.047212,21.918546,21.840699,41.760883,-4.223542,-6.609703,-13.517939,-0.010092,0.079444,5.284553,2.000000,44.551062,2.642276,3.000000,40.259873,44.900222,18.672660,0.000000,-1.948551,-1.559366,-0.389185,31.777921,32.289905,35.145337,-1.344224,-3.822791,-10.226881,0.407263,0.143027,10.603968,16.000000,170.245041,0.662748,4.000000,22.461621,4.535479,2.695944,1.000000,-2.048964,-1.339530,-0.709434,32.013813,12.359539,47.023700,-4.740750,-7.138727,-13.524187,0.183797,0.143141,6.642381,11.000000,79.205176,0.603853,3.000000,60.363071,93.115519,96.405392,0.000000,0.300441,-0.239329,0.539770,18.675559,35.281287,21.769227,1.897728,1.248110,-3.769003,0.745707,0.078730,7.737414,11.000000,136.272040,0.703401,8.000000,6.019712,4.000000,122.530864,1.504928,1.000000,4.682758,10.000000,94.186047,0.468276,2.000000,5.231939,15.000000,60.563380,0.348796,3.000000,7.951841,11.000000,172.121212,0.722895,4.000000,4.843681,4.000000,86.956522,1.210920,3.000000,5.276330,14.000000,113.452915,0.376881,4.000000,4.877515,7.000000,53.349282,0.696788,3.000000,8.376754,14.000000,300.000000,0.598340,4.000000,2.872457,4.000000,69.782972,0.718114,3.000000,3.953534,3.000000,137.385321,1.317845,4.000000,2.962963,0.000000,47.912088,0.000000,4.000000,3.000000,1.000000,38.000000,-1.000000,,,,50.711562,86.814404,59.298246,-3.007612,-3.381027,0.373415,26.305682,25.670884,32.613195,1.894510,-2.291920,0.631804,0.146513,,0.000000,,57.421589,81.195079,71.236087,-0.160448,-0.264110,0.103662,22.850298,29.147577,27.213869,0.605820,0.612363,0.651106,0.040337,0.506466,0.322581,,312.701613,38.813669,2.694719,1.136091
