timestamp,price,label,direction,symbol,timeframe,curr_direction,curr_retrace_pct,curr_leg_size_pct,curr_leg_duration,curr_leg_speed,curr_ema20_dist,curr_ema50_dist,curr_ema200_dist,p1_leg_size_pct,p1_leg_duration,p1_retrace_pct,p1_leg_speed,p1_trend_state,p1_rsi,p1_stoch_k,p1_stoch_d,p1_stoch_cross,p1_macd_line,p1_macd_signal,p1_macd_hist,p1_adx,p1_plus_di,p1_minus_di,p1_ema20_dist,p1_ema50_dist,p1_ema200_dist,p1_bb_position,p1_bb_bandwidth,p2_leg_size_pct,p2_leg_duration,p2_retrace_pct,p2_leg_speed,p2_trend_state,p2_rsi,p2_stoch_k,p2_stoch_d,p2_stoch_cross,p2_macd_line,p2_macd_signal,p2_macd_hist,p2_adx,p2_plus_di,p2_minus_di,p2_ema20_dist,p2_ema50_dist,p2_ema200_dist,p2_bb_position,p2_bb_bandwidth,p3_leg_size_pct,p3_leg_duration,p3_retrace_pct,p3_leg_speed,p3_trend_state,p3_rsi,p3_stoch_k,p3_stoch_d,p3_stoch_cross,p3_macd_line,p3_macd_signal,p3_macd_hist,p3_adx,p3_plus_di,p3_minus_di,p3_ema20_dist,p3_ema50_dist,p3_ema200_dist,p3_bb_position,p3_bb_bandwidth,p4_leg_size_pct,p4_leg_duration,p4_retrace_pct,p4_leg_speed,p4_trend_state,p4_rsi,p4_stoch_k,p4_stoch_d,p4_stoch_cross,p4_macd_line,p4_macd_signal,p4_macd_hist,p4_adx,p4_plus_di,p4_minus_di,p4_ema20_dist,p4_ema50_dist,p4_ema200_dist,p4_bb_position,p4_bb_bandwidth,p5_leg_size_pct,p5_leg_duration,p5_retrace_pct,p5_leg_speed,p5_trend_state,p5_rsi,p5_stoch_k,p5_stoch_d,p5_stoch_cross,p5_macd_line,p5_macd_signal,p5_macd_hist,p5_adx,p5_plus_di,p5_minus_di,p5_ema20_dist,p5_ema50_dist,p5_ema200_dist,p5_bb_position,p5_bb_bandwidth,p6_leg_size_pct,p6_leg_duration,p6_retrace_pct,p6_leg_speed,p6_trend_state,p6_rsi,p6_stoch_k,p6_stoch_d,p6_stoch_cross,p6_macd_line,p6_macd_signal,p6_macd_hist,p6_adx,p6_plus_di,p6_minus_di,p6_ema20_dist,p6_ema50_dist,p6_ema200_dist,p6_bb_position,p6_bb_bandwidth,p7_leg_size_pct,p7_leg_duration,p7_retrace_pct,p7_leg_speed,p7_trend_state,p7_rsi,p7_stoch_k,p7_stoch_d,p7_stoch_cross,p7_macd_line,p7_macd_signal,p7_macd_hist,p7_adx,p7_plus_di,p7_minus_di,p7_ema20_dist,p7_ema50_dist,p7_ema200_dist,p7_bb_position,p7_bb_bandwidth,p8_leg_size_pct,p8_leg_duration,p8_retrace_pct,p8_leg_speed,p8_trend_state,p8_rsi,p8_stoch_k,p8_stoch_d,p8_stoch_cross,p8_macd_line,p8_macd_signal,p8_macd_hist,p8_adx,p8_plus_di,p8_minus_di,p8_ema20_dist,p8_ema50_dist,p8_ema200_dist,p8_bb_position,p8_bb_bandwidth,p9_leg_size_pct,p9_leg_duration,p9_retrace_pct,p9_leg_speed,p9_trend_state,p10_leg_size_pct,p10_leg_duration,p10_retrace_pct,p10_leg_speed,p10_trend_state,p11_leg_size_pct,p11_leg_duration,p11_retrace_pct,p11_leg_speed,p11_trend_state,p12_leg_size_pct,p12_leg_duration,p12_retrace_pct,p12_leg_speed,p12_trend_state,p13_leg_size_pct,p13_leg_duration,p13_retrace_pct,p13_leg_speed,p13_trend_state,p14_leg_size_pct,p14_leg_duration,p14_retrace_pct,p14_leg_speed,p14_trend_state,p15_leg_size_pct,p15_leg_duration,p15_retrace_pct,p15_leg_speed,p15_trend_state,p16_leg_size_pct,p16_leg_duration,p16_retrace_pct,p16_leg_speed,p16_trend_state,p17_leg_size_pct,p17_leg_duration,p17_retrace_pct,p17_leg_speed,p17_trend_state,p18_leg_size_pct,p18_leg_duration,p18_retrace_pct,p18_leg_speed,p18_trend_state,p19_leg_size_pct,p19_leg_duration,p19_retrace_pct,p19_leg_speed,p19_trend_state,p20_leg_size_pct,p20_leg_duration,p20_retrace_pct,p20_leg_speed,p20_trend_state,mkt_trend_state,mkt_trend_streak,mkt_bars_since_reversal,mkt_last_break_type,htf_trend_state,htf_retrace_pct,htf_pivot_dist_pct,htf_rsi,htf_stoch_k,htf_stoch_d,htf_macd_line,htf_macd_signal,htf_macd_hist,htf_adx,htf_plus_di,htf_minus_di,htf_ema20_dist,htf_ema50_dist,htf_bb_position,htf_bb_bandwidth,ltf_trend_state,ltf_zigzag_count,ltf_trend_reversal_flag,ltf_rsi,ltf_stoch_k,ltf_stoch_d,ltf_macd_line,ltf_macd_signal,ltf_macd_hist,ltf_adx,ltf_plus_di,ltf_minus_di,ltf_ema20_dist,ltf_ema50_dist,ltf_bb_position,ltf_bb_bandwidth,leg_size_vs_avg,leg_duration_vs_avg,bars_since_large_leg,max_retrace_last10,min_retrace_last10,leg_size_stddev,legs_contracting
2025-09-12T03:45:00Z,1.000000,no_impulse,0,HCLTECH,1h,1.000000,,0.000000,0.000000,0.000000,0.826433,1.211746,-0.654690,,,,,,,,,,,,,,,,,,,,,,,,,,,,,,,,,,,,,,,,,,,,,,,,,,,,,,,,,,,,,,,,,,,,,,,,,,,,,,,,,,,,,,,,,,,,,,,,,,,,,,,,,,,,,,,,,,,,,,,,,,,,,,,,,,,,,,,,,,,,,,,,,,,,,,,,,,,,,,,,,,,,,,,,,,,,,,,,,,,,,,,,,,,,,,,,,,,,,,,,,,,,,,,,,,,,,,,,,,,,,0.000000,1.000000,,-1.000000,,,,48.105199,60.901564,60.042932,-1.185139,-1.482235,0.297096,25.973016,21.860238,24.148271,0.192339,-2.816496,0.527203,0.070840,,0.000000,,75.354507,71.957672,74.165102,0.141932,0.095942,0.045990,29.295360,39.403585,7.168252,0.630908,1.025604,1.326275,0.007684,0.000000,0.000000,,,,0.000000,
2025-09-15T04:45:00Z,0.981081,no_impulse,0,HCLTECH,1h,-1.000000,,1.891892,8.000000,0.236486,-0.409956,-0.023325,-1.599995,0.000000,0.000000,,0.000000,0.000000,66.023990,48.847926,77.115347,0.000000,0.595087,0.537861,0.057226,34.565472,38.562408,12.359675,0.826433,1.211746,-0.654690,0.682400,0.045686,,,,,,,,,,,,,,,,,,,,,,,,,,,,,,,,,,,,,,,,,,,,,,,,,,,,,,,,,,,,,,,,,,,,,,,,,,,,,,,,,,,,,,,,,,,,,,,,,,,,,,,,,,,,,,,,,,,,,,,,,,,,,,,,,,,,,,,,,,,,,,,,,,,,,,,,,,,,,,,,,,,,,,,,,,,,,,,,,,,,,,,,,,,,,,,,,,,,,,,,,0.000000,2.000000,,-1.000000,,,,47.934110,62.085308,61.449473,-1.039121,-1.394178,0.355057,24.890969,20.924214,26.003873,0.130917,-2.753197,0.518965,0.069123,,0.000000,,31.471448,3.623188,9.073691,-0.145383,-0.055554,-0.089829,23.487461,13.782144,29.634368,-0.502790,-0.493068,0.046761,0.011038,1.000000,1.000000,,,,0.000000,
2025-09-17T03:45:00Z,1.012838,no_impulse,0,HCLTECH,1h,1.000000,167.857143,3.236915,13.000000,0.248993,1.154954,1.730056,0.727947,1.891892,8.000000,,0.236486,0.000000,46.070085,7.500000,14.867768,0.000000,0.289135,0.443665,-0.154530,34.384178,25.545867,22.232455,-0.409956,-0.023325,-1.599995,0.124014,0.010859,0.000000,0.000000,,0.000000,0.000000,66.023990,48.847926,77.115347,0.000000,0.595087,0.537861,0.057226,34.565472,38.562408,12.359675,0.826433,1.211746,-0.654690,0.682400,0.045686,,,,,,,,,,,,,,,,,,,,,,,,,,,,,,,,,,,,,,,,,,,,,,,,,,,,,,,,,,,,,,,,,,,,,,,,,,,,,,,,,,,,,,,,,,,,,,,,,,,,,,,,,,,,,,,,,,,,,,,,,,,,,,,,,,,,,,,,,,,,,,,,,,,,,,,,,,,,,,,,,,,,,,,,,,,,,,,,,,,,,1.000000,3.000000,,-1.000000,,,,51.821537,82.142857,79.531994,-0.644874,-1.142425,0.497551,21.999359,26.227583,22.802764,0.925593,-1.585198,0.635008,0.069199,,0.000000,,78.441035,100.000000,88.640468,0.302865,0.188936,0.113929,29.245553,42.659200,7.234648,1.319995,1.672746,1.308306,0.016549,3.421881,3.250000,,,,1.337770,
2025-09-17T08:45:00Z,0.996824,no_impulse,0,HCLTECH,1h,-1.000000,50.425532,1.581054,5.000000,0.316211,0.446527,1.118838,0.366571,3.236915,13.000000,167.857143,0.248993,1.000000,69.819356,75.531915,86.194389,0.000000,0.437722,0.341816,0.095907,38.255737,41.322978,8.065372,1.154954,1.730056,0.727947,1.033568,0.021899,1.891892,8.000000,,0.236486,0.000000,46.070085,7.500000,14.867768,0.000000,0.289135,0.443665,-0.154530,34.384178,25.545867,22.232455,-0.409956,-0.023325,-1.599995,0.124014,0.010859,0.000000,0.000000,,0.000000,0.000000,66.023990,48.847926,77.115347,0.000000,0.595087,0.537861,0.057226,34.565472,38.562408,12.359675,0.826433,1.211746,-0.654690,0.682400,0.045686,,,,,,,,,,,,,,,,,,,,,,,,,,,,,,,,,,,,,,,,,,,,,,,,,,,,,,,,,,,,,,,,,,,,,,,,,,,,,,,,,,,,,,,,,,,,,,,,,,,,,,,,,,,,,,,,,,,,,,,,,,,,,,,,,,,,,,,,,,,,,,,,,,,,,,,,,,,,,,,,,2.000000,4.000000,,-1.000000,,,,55.012960,91.069676,89.193450,-0.435320,-0.993479,0.558158,21.075555,25.763408,21.480248,1.575530,-0.719379,0.732951,0.068716,,0.000000,,41.951366,17.575758,12.388167,0.062617,0.175020,-0.112403,29.647435,21.001797,30.973640,-0.360747,-0.030215,0.100603,0.009000,0.924808,0.714286,,167.857143,167.857143,1.626138,
2025-09-18T03:45:00Z,1.015473,no_impulse,0,HCLTECH,1h,1.000000,116.455696,1.870806,2.000000,0.935403,1.427730,2.146445,1.511426,1.581054,5.000000,50.425532,0.316211,2.000000,59.466717,56.464380,59.529351,0.000000,0.456931,0.435528,0.021403,42.255834,28.041220,14.476313,0.446527,1.118838,0.366571,0.656449,0.028669,3.236915,13.000000,167.857143,0.248993,1.000000,69.819356,75.531915,86.194389,0.000000,0.437722,0.341816,0.095907,38.255737,41.322978,8.065372,1.154954,1.730056,0.727947,1.033568,0.021899,1.891892,8.000000,,0.236486,0.000000,46.070085,7.500000,14.867768,0.000000,0.289135,0.443665,-0.154530,34.384178,25.545867,22.232455,-0.409956,-0.023325,-1.599995,0.124014,0.010859,0.000000,0.000000,,0.000000,0.000000,66.023990,48.847926,77.115347,0.000000,0.595087,0.537861,0.057226,34.565472,38.562408,12.359675,0.826433,1.211746,-0.654690,0.682400,0.045686,,,,,,,,,,,,,,,,,,,,,,,,,,,,,,,,,,,,,,,,,,,,,,,,,,,,,,,,,,,,,,,,,,,,,,,,,,,,,,,,,,,,,,,,,,,,,,,,,,,,,,,,,,,,,,,,,,,,,,,,,,,,,,,,,,,,,,,,,,,,,1.000000,5.000000,,-1.000000,,,,55.012960,91.069676,89.193450,-0.435320,-0.993479,0.558158,21.075555,25.763408,21.480248,1.575530,-0.719379,0.732951,0.068716,,0.000000,,70.098503,90.217391,58.225617,0.096770,0.080807,0.015963,26.035794,44.941883,15.604931,1.066663,1.364002,1.282935,0.013771,1.115258,0.307692,,167.857143,50.425532,1.329291,
2025-09-22T03:45:00Z,0.956081,no_impulse,0,HCLTECH,1h,-1.000000,318.478261,5.848693,14.000000,0.417764,-2.191474,-1.961311,-2.364907,1.870806,2.000000,116.455696,0.935403,1.000000,69.336718,91.761364,66.558977,1.000000,0.496618,0.442280,0.054339,42.507581,39.616017,11.372321,1.427730,2.146445,1.511426,1.021983,0.027748,1.581054,5.000000,50.425532,0.316211,2.000000,59.466717,56.464380,59.529351,0.000000,0.456931,0.435528,0.021403,42.255834,28.041220,14.476313,0.446527,1.118838,0.366571,0.656449,0.028669,3.236915,13.000000,167.857143,0.248993,1.000000,69.819356,75.531915,86.194389,0.000000,0.437722,0.341816,0.095907,38.255737,41.322978,8.065372,1.154954,1.730056,0.727947,1.033568,0.021899,1.891892,8.000000,,0.236486,0.000000,46.070085,7.500000,14.867768,0.000000,0.289135,0.443665,-0.154530,34.384178,25.545867,22.232455,-0.409956,-0.023325,-1.599995,0.124014,0.010859,0.000000,0.000000,,0.000000,0.000000,66.023990,48.847926,77.115347,0.000000,0.595087,0.537861,0.057226,34.565472,38.562408,12.359675,0.826433,1.211746,-0.654690,0.682400,0.045686,,,,,,,,,,,,,,,,,,,,,,,,,,,,,,,,,,,,,,,,,,,,,,,,,,,,,,,,,,,,,,,,,,,,,,,,,,,,,,,,,,,,,,,,,,,,,,,,,,,,,,,,,,,,,,,,,,,,,,,,,8.000000,1.000000,,-1.000000,,,,41.523086,38.174681,64.802094,-0.554702,-0.838843,0.284140,20.256175,20.583081,34.619168,-1.890826,-4.216360,0.225825,0.067684,,0.000000,,16.404157,29.931973,33.081104,-0.456038,-0.305379,-0.150660,42.591949,4.717673,68.040029,-2.595369,-3.077018,-0.495043,0.025423,3.408064,2.500000,,167.857143,50.425532,1.154443,
2025-09-22T05:45:00Z,0.979189,no_impulse,0,HCLTECH,1h,1.000000,38.907850,2.416961,2.000000,1.208481,-1.458727,-1.477154,-1.985116,5.848693,14.000000,318.478261,0.417764,8.000000,30.411422,32.983683,18.021125,0.000000,-0.230901,0.095387,-0.326288,32.999215,12.517048,53.009128,-2.191474,-1.961311,-2.364907,-0.142042,0.033401,1.870806,2.000000,116.455696,0.935403,1.000000,69.336718,91.761364,66.558977,1.000000,0.496618,0.442280,0.054339,42.507581,39.616017,11.372321,1.427730,2.146445,1.511426,1.021983,0.027748,1.581054,5.000000,50.425532,0.316211,2.000000,59.466717,56.464380,59.529351,0.000000,0.456931,0.435528,0.021403,42.255834,28.041220,14.476313,0.446527,1.118838,0.366571,0.656449,0.028669,3.236915,13.000000,167.857143,0.248993,1.000000,69.819356,75.531915,86.194389,0.000000,0.437722,0.341816,0.095907,38.255737,41.322978,8.065372,1.154954,1.730056,0.727947,1.033568,0.021899,1.891892,8.000000,,0.236486,0.000000,46.070085,7.500000,14.867768,0.000000,0.289135,0.443665,-0.154530,34.384178,25.545867,22.232455,-0.409956,-0.023325,-1.599995,0.124014,0.010859,0.000000,0.000000,,0.000000,0.000000,66.023990,48.847926,77.115347,0.000000,0.595087,0.537861,0.057226,34.565472,38.562408,12.359675,0.826433,1.211746,-0.654690,0.682400,0.045686,,,,,,,,,,,,,,,,,,,,,,,,,,,,,,,,,,,,,,,,,,,,,,,,,,,,,,,,,,,,,,,,,,,,,,,,,,,,,,,,,,,,,,,,,,,,,,,,,,,,,3.000000,2.000000,2.000000,-1.000000,,,,41.523086,38.174681,64.802094,-0.554702,-0.838843,0.284140,20.256175,20.583081,34.619168,-1.890826,-4.216360,0.225825,0.067684,,0.000000,,28.066605,39.347079,39.759684,-0.748471,-0.634483,-0.113989,50.235101,11.817684,50.142273,-1.105211,-2.020146,0.240948,0.042197,1.005018,0.285714,2.000000,318.478261,50.425532,1.978012,1.813395
2025-09-24T03:45:00Z,0.959459,no_impulse,0,HCLTECH,1h,-1.000000,85.380117,2.014905,12.000000,0.167909,-0.417328,-1.232301,-2.356406,2.416961,2.000000,38.907850,1.208481,3.000000,36.691556,41.301627,34.065066,0.000000,-0.475194,-0.098697,-0.376496,36.219535,14.699914,45.724550,-1.458727,-1.477154,-1.985116,0.182448,0.045276,5.848693,14.000000,318.478261,0.417764,8.000000,30.411422,32.983683,18.021125,0.000000,-0.230901,0.095387,-0.326288,32.999215,12.517048,53.009128,-2.191474,-1.961311,-2.364907,-0.142042,0.033401,1.870806,2.000000,116.455696,0.935403,1.000000,69.336718,91.761364,66.558977,1.000000,0.496618,0.442280,0.054339,42.507581,39.616017,11.372321,1.427730,2.146445,1.511426,1.021983,0.027748,1.581054,5.000000,50.425532,0.316211,2.000000,59.466717,56.464380,59.529351,0.000000,0.456931,0.435528,0.021403,42.255834,28.041220,14.476313,0.446527,1.118838,0.366571,0.656449,0.028669,3.236915,13.000000,167.857143,0.248993,1.000000,69.819356,75.531915,86.194389,0.000000,0.437722,0.341816,0.095907,38.255737,41.322978,8.065372,1.154954,1.730056,0.727947,1.033568,0.021899,1.891892,8.000000,,0.236486,0.000000,46.070085,7.500000,14.867768,0.000000,0.289135,0.443665,-0.154530,34.384178,25.545867,22.232455,-0.409956,-0.023325,-1.599995,0.124014,0.010859,0.000000,0.000000,,0.000000,0.000000,66.023990,48.847926,77.115347,0.000000,0.595087,0.537861,0.057226,34.565472,38.562408,12.359675,0.826433,1.211746,-0.654690,0.682400,0.045686,,,,,,,,,,,,,,,,,,,,,,,,,,,,,,,,,,,,,,,,,,,,,,,,,,,,,,,,,,,,,,,,,,,,,,,,,,,,,,,,,2.000000,1.000000,14.000000,-1.000000,,,,43.190920,40.529931,35.655872,-0.743535,-0.797223,0.053687,20.944864,18.242298,30.466611,-1.334350,-3.699412,0.285437,0.061370,,0.000000,,34.150094,5.454545,36.500616,-0.128610,-0.150796,0.022186,22.526325,15.079237,27.859688,-0.575905,-1.115750,0.016095,0.011833,0.837235,1.909091,14.000000,318.478261,38.907850,1.805675,1.510681
2025-09-24T08:45:00Z,0.976149,no_impulse,0,HCLTECH,1h,1.000000,84.589041,1.739437,5.000000,0.347887,-0.012121,-0.721545,-1.924598,2.014905,12.000000,85.380117,0.167909,2.000000,42.661576,61.643836,45.409162,0.000000,-0.762472,-0.767019,0.004546,42.527755,18.145523,28.092913,-0.417328,-1.232301,-2.356406,0.407704,0.045028,2.416961,2.000000,38.907850,1.208481,3.000000,36.691556,41.301627,34.065066,0.000000,-0.475194,-0.098697,-0.376496,36.219535,14.699914,45.724550,-1.458727,-1.477154,-1.985116,0.182448,0.045276,5.848693,14.000000,318.478261,0.417764,8.000000,30.411422,32.983683,18.021125,0.000000,-0.230901,0.095387,-0.326288,32.999215,12.517048,53.009128,-2.191474,-1.961311,-2.364907,-0.142042,0.033401,1.870806,2.000000,116.455696,0.935403,1.000000,69.336718,91.761364,66.558977,1.000000,0.496618,0.442280,0.054339,42.507581,39.616017,11.372321,1.427730,2.146445,1.511426,1.021983,0.027748,1.581054,5.000000,50.425532,0.316211,2.000000,59.466717,56.464380,59.529351,0.000000,0.456931,0.435528,0.021403,42.255834,28.041220,14.476313,0.446527,1.118838,0.366571,0.656449,0.028669,3.236915,13.000000,167.857143,0.248993,1.000000,69.819356,75.531915,86.194389,0.000000,0.437722,0.341816,0.095907,38.255737,41.322978,8.065372,1.154954,1.730056,0.727947,1.033568,0.021899,1.891892,8.000000,,0.236486,0.000000,46.070085,7.500000,14.867768,0.000000,0.289135,0.443665,-0.154530,34.384178,25.545867,22.232455,-0.409956,-0.023325,-1.599995,0.124014,0.010859,0.000000,0.000000,,0.000000,0.000000,66.023990,48.847926,77.115347,0.000000,0.595087,0.537861,0.057226,34.565472,38.562408,12.359675,0.826433,1.211746,-0.654690,0.682400,0.045686,,,,,,,,,,,,,,,,,,,,,,,,,,,,,,,,,,,,,,,,,,,,,,,,,,,,,,,,,,,,,3.000000,1.000000,19.000000,-1.000000,,,,39.361391,22.374877,30.389271,-0.880089,-0.822083,-0.058006,21.360006,16.998915,29.418847,-2.398548,-4.848906,0.135457,0.064255,,0.000000,,53.483564,52.830189,60.377358,0.130598,0.140413,-0.009814,20.060474,21.760996,18.256234,0.047219,0.037241,0.543402,0.010885,0.737783,0.714286,19.000000,318.478261,38.907850,1.677457,1.536987
2025-09-26T03:45:00Z,0.948176,no_impulse,0,HCLTECH,1h,-1.000000,167.611336,2.865647,9.000000,0.318405,-1.648915,-2.574792,-4.138898,1.739437,5.000000,84.589041,0.347887,3.000000,46.706289,91.497976,87.951900,0.000000,-0.446700,-0.614749,0.168049,34.342013,17.346587,22.609918,-0.012121,-0.721545,-1.924598,0.493132,0.017645,2.014905,12.000000,85.380117,0.167909,2.000000,42.661576,61.643836,45.409162,0.000000,-0.762472,-0.767019,0.004546,42.527755,18.145523,28.092913,-0.417328,-1.232301,-2.356406,0.407704,0.045028,2.416961,2.000000,38.907850,1.208481,3.000000,36.691556,41.301627,34.065066,0.000000,-0.475194,-0.098697,-0.376496,36.219535,14.699914,45.724550,-1.458727,-1.477154,-1.985116,0.182448,0.045276,5.848693,14.000000,318.478261,0.417764,8.000000,30.411422,32.983683,18.021125,0.000000,-0.230901,0.095387,-0.326288,32.999215,12.517048,53.009128,-2.191474,-1.961311,-2.364907,-0.142042,0.033401,1.870806,2.000000,116.455696,0.935403,1.000000,69.336718,91.761364,66.558977,1.000000,0.496618,0.442280,0.054339,42.507581,39.616017,11.372321,1.427730,2.146445,1.511426,1.021983,0.027748,1.581054,5.000000,50.425532,0.316211,2.000000,59.466717,56.464380,59.529351,0.000000,0.456931,0.435528,0.021403,42.255834,28.041220,14.476313,0.446527,1.118838,0.366571,0.656449,0.028669,3.236915,13.000000,167.857143,0.248993,1.000000,69.819356,75.531915,86.194389,0.000000,0.437722,0.341816,0.095907,38.255737,41.322978,8.065372,1.154954,1.730056,0.727947,1.033568,0.021899,1.891892,8.000000,,0.236486,0.000000,46.070085,7.500000,14.867768,0.000000,0.289135,0.443665,-0.154530,34.384178,25.545867,22.232455,-0.409956,-0.023325,-1.599995,0.124014,0.010859,0.000000,0.000000,,0.000000,0.000000,,,,,,,,,,,,,,,,,,,,,,,,,,,,,,,,,,,,,,,,,,,,,,,,,,,,,,,,4.000000,2.000000,28.000000,-1.000000,,,,34.313848,2.975654,21.960154,-1.152220,-0.901544,-0.250676,22.400888,15.516166,32.920659,-4.062482,-6.716381,-0.031749,0.073416,,0.000000,,32.240322,15.048544,57.035044,-0.276507,-0.268389,-0.008118,33.491748,16.065202,37.627252,-0.932034,-1.357313,-0.193073,0.013324,1.251941,1.327869,28.000000,318.478261,38.907850,1.582591,0.663541
2025-09-26T03:45:00Z,0.963851,no_impulse,0,HCLTECH,1h,1.000000,56.038647,1.653246,0.000000,0.000000,-1.648915,-2.574792,-4.138898,2.865647,9.000000,167.611336,0.318405,4.000000,30.604143,11.835749,25.083461,1.000000,-0.615601,-0.548831,-0.066771,36.598646,10.749923,37.572893,-1.648915,-2.574792,-4.138898,-0.172417,0.024124,1.739437,5.000000,84.589041,0.347887,3.000000,46.706289,91.497976,87.951900,0.000000,-0.446700,-0.614749,0.168049,34.342013,17.346587,22.609918,-0.012121,-0.721545,-1.924598,0.493132,0.017645,2.014905,12.000000,85.380117,0.167909,2.000000,42.661576,61.643836,45.409162,0.000000,-0.762472,-0.767019,0.004546,42.527755,18.145523,28.092913,-0.417328,-1.232301,-2.356406,0.407704,0.045028,2.416961,2.000000,38.907850,1.208481,3.000000,36.691556,41.301627,34.065066,0.000000,-0.475194,-0.098697,-0.376496,36.219535,14.699914,45.724550,-1.458727,-1.477154,-1.985116,0.182448,0.045276,5.848693,14.000000,318.478261,0.417764,8.000000,30.411422,32.983683,18.021125,0.000000,-0.230901,0.095387,-0.326288,32.999215,12.517048,53.009128,-2.191474,-1.961311,-2.364907,-0.142042,0.033401,1.870806,2.000000,116.455696,0.935403,1.000000,69.336718,91.761364,66.558977,1.000000,0.496618,0.442280,0.054339,42.507581,39.616017,11.372321,1.427730,2.146445,1.511426,1.021983,0.027748,1.581054,5.000000,50.425532,0.316211,2.000000,59.466717,56.464380,59.529351,0.000000,0.456931,0.435528,0.021403,42.255834,28.041220,14.476313,0.446527,1.118838,0.366571,0.656449,0.028669,3.236915,13.000000,167.857143,0.248993,1.000000,69.819356,75.531915,86.194389,0.000000,0.437722,0.341816,0.095907,38.255737,41.322978,8.065372,1.154954,1.730056,0.727947,1.033568,0.021899,1.891892,8.000000,,0.236486,0.000000,0.000000,0.000000,,0.000000,0.000000,,,,,,,,,,,,,,,,,,,,,,,,,,,,,,,,,,,,,,,,,,,,,,,,,,,4.000000,3.000000,28.000000,-1.000000,,,,34.313848,2.975654,21.960154,-1.152220,-0.901544,-0.250676,22.400888,15.516166,32.920659,-4.062482,-6.716381,-0.031749,0.073416,,0.000000,,32.240322,15.048544,57.035044,-0.276507,-0.268389,-0.008118,33.491748,16.065202,37.627252,-0.932034,-1.357313,-0.193073,0.013324,0.704519,0.000000,28.000000,318.478261,38.907850,1.503185,0.653087
2025-09-29T05:45:00Z,0.934459,no_impulse,0,HCLTECH,1h,-1.000000,187.500000,3.049422,9.000000,0.338825,-1.711316,-3.154499,-5.375084,1.653246,0.000000,56.038647,0.000000,4.000000,30.604143,11.835749,25.083461,0.000000,-0.615601,-0.548831,-0.066771,36.598646,10.749923,37.572893,-1.648915,-2.574792,-4.138898,-0.172417,0.024124,2.865647,9.000000,167.611336,0.318405,4.000000,30.604143,11.835749,25.083461,1.000000,-0.615601,-0.548831,-0.066771,36.598646,10.749923,37.572893,-1.648915,-2.574792,-4.138898,-0.172417,0.024124,1.739437,5.000000,84.589041,0.347887,3.000000,46.706289,91.497976,87.951900,0.000000,-0.446700,-0.614749,0.168049,34.342013,17.346587,22.609918,-0.012121,-0.721545,-1.924598,0.493132,0.017645,2.014905,12.000000,85.380117,0.167909,2.000000,42.661576,61.643836,45.409162,0.000000,-0.762472,-0.767019,0.004546,42.527755,18.145523,28.092913,-0.417328,-1.232301,-2.356406,0.407704,0.045028,2.416961,2.000000,38.907850,1.208481,3.000000,36.691556,41.301627,34.065066,0.000000,-0.475194,-0.098697,-0.376496,36.219535,14.699914,45.724550,-1.458727,-1.477154,-1.985116,0.182448,0.045276,5.848693,14.000000,318.478261,0.417764,8.000000,30.411422,32.983683,18.021125,0.000000,-0.230901,0.095387,-0.326288,32.999215,12.517048,53.009128,-2.191474,-1.961311,-2.364907,-0.142042,0.033401,1.870806,2.000000,116.455696,0.935403,1.000000,69.336718,91.761364,66.558977,1.000000,0.496618,0.442280,0.054339,42.507581,39.616017,11.372321,1.427730,2.146445,1.511426,1.021983,0.027748,1.581054,5.000000,50.425532,0.316211,2.000000,59.466717,56.464380,59.529351,0.000000,0.456931,0.435528,0.021403,42.255834,28.041220,14.476313,0.446527,1.118838,0.366571,0.656449,0.028669,3.236915,13.000000,167.857143,0.248993,1.000000,1.891892,8.000000,,0.236486,0.000000,0.000000,0.000000,,0.000000,0.000000,,,,,,,,,,,,,,,,,,,,,,,,,,,,,,,,,,,,,,,,,,,,,,4.000000,4.000000,37.000000,-1.000000,,,,33.048729,3.669725,9.673419,-1.391256,-1.003593,-0.387663,23.587794,14.730075,33.579158,-4.211689,-7.036819,0.007222,0.082014,,0.000000,,33.264065,26.380368,32.515337,-0.286516,-0.318069,0.031553,48.281666,11.298455,31.247863,-0.384304,-1.067861,-0.006929,0.007552,1.213963,1.285714,37.000000,318.478261,38.907850,1.292580,0.608754
2025-09-30T06:45:00Z,0.949324,no_impulse,0,HCLTECH,1h,1.000000,50.574713,1.590745,8.000000,0.198843,0.027739,-1.268055,-3.775978,3.049422,9.000000,187.500000,0.338825,4.000000,24.362737,6.487696,13.566941,0.000000,-0.996069,-0.885316,-0.110753,50.696331,6.095068,40.762113,-1.711316,-3.154499,-5.375084,0.173586,0.051546,1.653246,0.000000,56.038647,0.000000,4.000000,30.604143,11.835749,25.083461,0.000000,-0.615601,-0.548831,-0.066771,36.598646,10.749923,37.572893,-1.648915,-2.574792,-4.138898,-0.172417,0.024124,2.865647,9.000000,167.611336,0.318405,4.000000,30.604143,11.835749,25.083461,1.000000,-0.615601,-0.548831,-0.066771,36.598646,10.749923,37.572893,-1.648915,-2.574792,-4.138898,-0.172417,0.024124,1.739437,5.000000,84.589041,0.347887,3.000000,46.706289,91.497976,87.951900,0.000000,-0.446700,-0.614749,0.168049,34.342013,17.346587,22.609918,-0.012121,-0.721545,-1.924598,0.493132,0.017645,2.014905,12.000000,85.380117,0.167909,2.000000,42.661576,61.643836,45.409162,0.000000,-0.762472,-0.767019,0.004546,42.527755,18.145523,28.092913,-0.417328,-1.232301,-2.356406,0.407704,0.045028,2.416961,2.000000,38.907850,1.208481,3.000000,36.691556,41.301627,34.065066,0.000000,-0.475194,-0.098697,-0.376496,36.219535,14.699914,45.724550,-1.458727,-1.477154,-1.985116,0.182448,0.045276,5.848693,14.000000,318.478261,0.417764,8.000000,30.411422,32.983683,18.021125,0.000000,-0.230901,0.095387,-0.326288,32.999215,12.517048,53.009128,-2.191474,-1.961311,-2.364907,-0.142042,0.033401,1.870806,2.000000,116.455696,0.935403,1.000000,69.336718,91.761364,66.558977,1.000000,0.496618,0.442280,0.054339,42.507581,39.616017,11.372321,1.427730,2.146445,1.511426,1.021983,0.027748,1.581054,5.000000,50.425532,0.316211,2.000000,3.236915,13.000000,167.857143,0.248993,1.000000,1.891892,8.000000,,0.236486,0.000000,0.000000,0.000000,,0.000000,0.000000,,,,,,,,,,,,,,,,,,,,,,,,,,,,,,,,,,,,,,,,,3.000000,5.000000,45.000000,-1.000000,,,,34.219738,6.280992,4.198448,-1.665684,-1.225408,-0.440276,25.452100,13.888852,30.287783,-3.291450,-6.334472,0.160368,0.093824,,0.000000,,66.050988,91.878173,79.514946,0.157055,0.080070,0.076985,30.537458,36.635940,14.128273,0.477238,0.380476,0.841780,0.014030,0.605373,1.126761,45.000000,318.478261,38.907850,1.282673,1.226372
2025-09-30T09:45:00Z,0.933716,no_impulse,0,HCLTECH,1h,-1.000000,105.000000,1.644128,3.000000,0.548043,-0.888367,-2.207039,-4.866956,1.590745,8.000000,50.574713,0.198843,3.000000,45.980075,88.181818,84.439811,1.000000,-0.591576,-0.780906,0.189329,47.900273,17.777920,27.464240,0.027739,-1.268055,-3.775978,0.509333,0.029728,3.049422,9.000000,187.500000,0.338825,4.000000,24.362737,6.487696,13.566941,0.000000,-0.996069,-0.885316,-0.110753,50.696331,6.095068,40.762113,-1.711316,-3.154499,-5.375084,0.173586,0.051546,1.653246,0.000000,56.038647,0.000000,4.000000,30.604143,11.835749,25.083461,0.000000,-0.615601,-0.548831,-0.066771,36.598646,10.749923,37.572893,-1.648915,-2.574792,-4.138898,-0.172417,0.024124,2.865647,9.000000,167.611336,0.318405,4.000000,30.604143,11.835749,25.083461,1.000000,-0.615601,-0.548831,-0.066771,36.598646,10.749923,37.572893,-1.648915,-2.574792,-4.138898,-0.172417,0.024124,1.739437,5.000000,84.589041,0.347887,3.000000,46.706289,91.497976,87.951900,0.000000,-0.446700,-0.614749,0.168049,34.342013,17.346587,22.609918,-0.012121,-0.721545,-1.924598,0.493132,0.017645,2.014905,12.000000,85.380117,0.167909,2.000000,42.661576,61.643836,45.409162,0.000000,-0.762472,-0.767019,0.004546,42.527755,18.145523,28.092913,-0.417328,-1.232301,-2.356406,0.407704,0.045028,2.416961,2.000000,38.907850,1.208481,3.000000,36.691556,41.301627,34.065066,0.000000,-0.475194,-0.098697,-0.376496,36.219535,14.699914,45.724550,-1.458727,-1.477154,-1.985116,0.182448,0.045276,5.848693,14.000000,318.478261,0.417764,8.000000,30.411422,32.983683,18.021125,0.000000,-0.230901,0.095387,-0.326288,32.999215,12.517048,53.009128,-2.191474,-1.961311,-2.364907,-0.142042,0.033401,1.870806,2.000000,116.455696,0.935403,1.000000,1.581054,5.000000,50.425532,0.316211,2.000000,3.236915,13.000000,167.857143,0.248993,1.000000,1.891892,8.000000,,0.236486,0.000000,0.000000,0.000000,,0.000000,0.000000,,,,,,,,,,,,,,,,,,,,,,,,,,,,,,,,,,,,4.000000,6.000000,48.000000,-1.000000,,,,34.219738,6.280992,4.198448,-1.665684,-1.225408,-0.440276,25.452100,13.888852,30.287783,-3.291450,-6.334472,0.160368,0.093824,,0.000000,,35.904726,17.316017,9.127769,-0.169123,-0.038642,-0.130481,27.914799,14.222087,32.214178,-0.513987,-0.730536,0.215208,0.017955,0.667506,0.454545,48.000000,318.478261,38.907850,1.301300,0.950668
2025-10-03T03:45:00Z,0.945811,no_impulse,0,HCLTECH,1h,1.000000,77.489177,1.295318,8.000000,0.161915,-0.279145,-1.442059,-4.299968,1.644128,3.000000,105.000000,0.548043,4.000000,35.993656,17.316017,22.287157,1.000000,-0.621042,-0.701361,0.080318,46.382693,13.913194,35.854681,-0.888367,-2.207039,-4.866956,-0.025666,0.016751,1.590745,8.000000,50.574713,0.198843,3.000000,45.980075,88.181818,84.439811,1.000000,-0.591576,-0.780906,0.189329,47.900273,17.777920,27.464240,0.027739,-1.268055,-3.775978,0.509333,0.029728,3.049422,9.000000,187.500000,0.338825,4.000000,24.362737,6.487696,13.566941,0.000000,-0.996069,-0.885316,-0.110753,50.696331,6.095068,40.762113,-1.711316,-3.154499,-5.375084,0.173586,0.051546,1.653246,0.000000,56.038647,0.000000,4.000000,30.604143,11.835749,25.083461,0.000000,-0.615601,-0.548831,-0.066771,36.598646,10.749923,37.572893,-1.648915,-2.574792,-4.138898,-0.172417,0.024124,2.865647,9.000000,167.611336,0.318405,4.000000,30.604143,11.835749,25.083461,1.000000,-0.615601,-0.548831,-0.066771,36.598646,10.749923,37.572893,-1.648915,-2.574792,-4.138898,-0.172417,0.024124,1.739437,5.000000,84.589041,0.347887,3.000000,46.706289,91.497976,87.951900,0.000000,-0.446700,-0.614749,0.168049,34.342013,17.346587,22.609918,-0.012121,-0.721545,-1.924598,0.493132,0.017645,2.014905,12.000000,85.380117,0.167909,2.000000,42.661576,61.643836,45.409162,0.000000,-0.762472,-0.767019,0.004546,42.527755,18.145523,28.092913,-0.417328,-1.232301,-2.356406,0.407704,0.045028,2.416961,2.000000,38.907850,1.208481,3.000000,36.691556,41.301627,34.065066,0.000000,-0.475194,-0.098697,-0.376496,36.219535,14.699914,45.724550,-1.458727,-1.477154,-1.985116,0.182448,0.045276,5.848693,14.000000,318.478261,0.417764,8.000000,1.870806,2.000000,116.455696,0.935403,1.000000,1.581054,5.000000,50.425532,0.316211,2.000000,3.236915,13.000000,167.857143,0.248993,1.000000,1.891892,8.000000,,0.236486,0.000000,0.000000,0.000000,,0.000000,0.000000,,,,,,,,,,,,,,,,,,,,,,,,,,,,,,,3.000000,7.000000,56.000000,-1.000000,,,,35.668427,10.693878,6.539832,-1.695085,-1.316529,-0.378556,26.095686,13.973073,28.668259,-2.709722,-5.792802,0.230710,0.097970,,0.000000,,59.406935,76.966292,57.637413,0.019777,-0.063139,0.082917,21.212225,33.681847,17.738970,0.457982,0.320668,0.905963,0.011333,0.524548,1.250000,56.000000,318.478261,38.907850,1.296694,1.004149
2025-10-03T08:45:00Z,0.932703,no_impulse,0,HCLTECH,1h,-1.000000,108.379888,1.385912,5.000000,0.277182,0.295653,-0.747151,-3.670099,1.295318,8.000000,77.489177,0.161915,3.000000,42.234962,29.004329,30.447330,0.000000,-0.447507,-0.544045,0.096538,32.617854,28.652694,22.952714,-0.279145,-1.442059,-4.299968,0.322660,0.015697,1.644128,3.000000,105.000000,0.548043,4.000000,35.993656,17.316017,22.287157,1.000000,-0.621042,-0.701361,0.080318,46.382693,13.913194,35.854681,-0.888367,-2.207039,-4.866956,-0.025666,0.016751,1.590745,8.000000,50.574713,0.198843,3.000000,45.980075,88.181818,84.439811,1.000000,-0.591576,-0.780906,0.189329,47.900273,17.777920,27.464240,0.027739,-1.268055,-3.775978,0.509333,0.029728,3.049422,9.000000,187.500000,0.338825,4.000000,24.362737,6.487696,13.566941,0.000000,-0.996069,-0.885316,-0.110753,50.696331,6.095068,40.762113,-1.711316,-3.154499,-5.375084,0.173586,0.051546,1.653246,0.000000,56.038647,0.000000,4.000000,30.604143,11.835749,25.083461,0.000000,-0.615601,-0.548831,-0.066771,36.598646,10.749923,37.572893,-1.648915,-2.574792,-4.138898,-0.172417,0.024124,2.865647,9.000000,167.611336,0.318405,4.000000,30.604143,11.835749,25.083461,1.000000,-0.615601,-0.548831,-0.066771,36.598646,10.749923,37.572893,-1.648915,-2.574792,-4.138898,-0.172417,0.024124,1.739437,5.000000,84.589041,0.347887,3.000000,46.706289,91.497976,87.951900,0.000000,-0.446700,-0.614749,0.168049,34.342013,17.346587,22.609918,-0.012121,-0.721545,-1.924598,0.493132,0.017645,2.014905,12.000000,85.380117,0.167909,2.000000,42.661576,61.643836,45.409162,0.000000,-0.762472,-0.767019,0.004546,42.527755,18.145523,28.092913,-0.417328,-1.232301,-2.356406,0.407704,0.045028,2.416961,2.000000,38.907850,1.208481,3.000000,5.848693,14.000000,318.478261,0.417764,8.000000,1.870806,2.000000,116.455696,0.935403,1.000000,1.581054,5.000000,50.425532,0.316211,2.000000,3.236915,13.000000,167.857143,0.248993,1.000000,1.891892,8.000000,,0.236486,0.000000,0.000000,0.000000,,0.000000,0.000000,,,,,,,,,,,,,,,,,,,,,,,,,,4.000000,8.000000,61.000000,-1.000000,,,,35.668427,10.693878,6.539832,-1.695085,-1.316529,-0.378556,26.095686,13.973073,28.668259,-2.709722,-5.792802,0.230710,0.097970,,0.000000,,36.376032,6.521739,3.593799,-0.156583,-0.120896,-0.035687,14.062630,17.084402,25.607957,-0.265845,-0.493303,0.280184,0.012062,0.574626,0.714286,61.000000,318.478261,38.907850,1.338315,0.598573
2025-10-08T03:45:00Z,0.985608,no_impulse,0,HCLTECH,1h,1.000000,403.608247,5.672269,16.000000,0.354517,2.162629,2.655526,0.794575,1.385912,5.000000,108.379888,0.277182,4.000000,51.046724,70.618557,26.277287,1.000000,-0.350487,-0.447907,0.097420,24.402968,30.679604,23.437691,0.295653,-0.747151,-3.670099,0.667700,0.017682,1.295318,8.000000,77.489177,0.161915,3.000000,42.234962,29.004329,30.447330,0.000000,-0.447507,-0.544045,0.096538,32.617854,28.652694,22.952714,-0.279145,-1.442059,-4.299968,0.322660,0.015697,1.644128,3.000000,105.000000,0.548043,4.000000,35.993656,17.316017,22.287157,1.000000,-0.621042,-0.701361,0.080318,46.382693,13.913194,35.854681,-0.888367,-2.207039,-4.866956,-0.025666,0.016751,1.590745,8.000000,50.574713,0.198843,3.000000,45.980075,88.181818,84.439811,1.000000,-0.591576,-0.780906,0.189329,47.900273,17.777920,27.464240,0.027739,-1.268055,-3.775978,0.509333,0.029728,3.049422,9.000000,187.500000,0.338825,4.000000,24.362737,6.487696,13.566941,0.000000,-0.996069,-0.885316,-0.110753,50.696331,6.095068,40.762113,-1.711316,-3.154499,-5.375084,0.173586,0.051546,1.653246,0.000000,56.038647,0.000000,4.000000,30.604143,11.835749,25.083461,0.000000,-0.615601,-0.548831,-0.066771,36.598646,10.749923,37.572893,-1.648915,-2.574792,-4.138898,-0.172417,0.024124,2.865647,9.000000,167.611336,0.318405,4.000000,30.604143,11.835749,25.083461,1.000000,-0.615601,-0.548831,-0.066771,36.598646,10.749923,37.572893,-1.648915,-2.574792,-4.138898,-0.172417,0.024124,1.739437,5.000000,84.589041,0.347887,3.000000,46.706289,91.497976,87.951900,0.000000,-0.446700,-0.614749,0.168049,34.342013,17.346587,22.609918,-0.012121,-0.721545,-1.924598,0.493132,0.017645,2.014905,12.000000,85.380117,0.167909,2.000000,2.416961,2.000000,38.907850,1.208481,3.000000,5.848693,14.000000,318.478261,0.417764,8.000000,1.870806,2.000000,116.455696,0.935403,1.000000,1.581054,5.000000,50.425532,0.316211,2.000000,3.236915,13.000000,167.857143,0.248993,1.000000,1.891892,8.000000,,0.236486,0.000000,0.000000,0.000000,,0.000000,0.000000,,,,,,,,,,,,,,,,,,,,,7.000000,9.000000,77.000000,-1.000000,,,,53.379441,59.428571,44.380952,-1.016467,-1.249316,0.232849,22.629060,25.629709,22.449063,1.426043,-1.143272,0.650923,0.095855,,0.000000,,69.936360,88.601036,61.290436,0.313757,0.342752,-0.028996,35.673846,32.195926,12.978383,0.703924,1.400377,1.130321,0.011247,2.885811,2.622951,77.000000,187.500000,38.907850,0.611810,0.687283
2025-10-08T03:45:00Z,0.964324,no_impulse,0,HCLTECH,1h,-1.000000,40.229885,2.159457,0.000000,0.000000,2.162629,2.655526,0.794575,5.672269,16.000000,403.608247,0.354517,7.000000,76.409220,90.419162,87.368409,0.000000,0.828711,0.608155,0.220555,42.247831,41.669741,7.605747,2.162629,2.655526,0.794575,0.890514,0.056603,1.385912,5.000000,108.379888,0.277182,4.000000,51.046724,70.618557,26.277287,1.000000,-0.350487,-0.447907,0.097420,24.402968,30.679604,23.437691,0.295653,-0.747151,-3.670099,0.667700,0.017682,1.295318,8.000000,77.489177,0.161915,3.000000,42.234962,29.004329,30.447330,0.000000,-0.447507,-0.544045,0.096538,32.617854,28.652694,22.952714,-0.279145,-1.442059,-4.299968,0.322660,0.015697,1.644128,3.000000,105.000000,0.548043,4.000000,35.993656,17.316017,22.287157,1.000000,-0.621042,-0.701361,0.080318,46.382693,13.913194,35.854681,-0.888367,-2.207039,-4.866956,-0.025666,0.016751,1.590745,8.000000,50.574713,0.198843,3.000000,45.980075,88.181818,84.439811,1.000000,-0.591576,-0.780906,0.189329,47.900273,17.777920,27.464240,0.027739,-1.268055,-3.775978,0.509333,0.029728,3.049422,9.000000,187.500000,0.338825,4.000000,24.362737,6.487696,13.566941,0.000000,-0.996069,-0.885316,-0.110753,50.696331,6.095068,40.762113,-1.711316,-3.154499,-5.375084,0.173586,0.051546,1.653246,0.000000,56.038647,0.000000,4.000000,30.604143,11.835749,25.083461,0.000000,-0.615601,-0.548831,-0.066771,36.598646,10.749923,37.572893,-1.648915,-2.574792,-4.138898,-0.172417,0.024124,2.865647,9.000000,167.611336,0.318405,4.000000,30.604143,11.835749,25.083461,1.000000,-0.615601,-0.548831,-0.066771,36.598646,10.749923,37.572893,-1.648915,-2.574792,-4.138898,-0.172417,0.024124,1.739437,5.000000,84.589041,0.347887,3.000000,2.014905,12.000000,85.380117,0.167909,2.000000,2.416961,2.000000,38.907850,1.208481,3.000000,5.848693,14.000000,318.478261,0.417764,8.000000,1.870806,2.000000,116.455696,0.935403,1.000000,1.581054,5.000000,50.425532,0.316211,2.000000,3.236915,13.000000,167.857143,0.248993,1.000000,1.891892,8.000000,,0.236486,0.000000,0.000000,0.000000,,0.000000,0.000000,,,,,,,,,,,,,,,,7.000000,10.000000,0.000000,-1.000000,,,,53.379441,59.428571,44.380952,-1.016467,-1.249316,0.232849,22.629060,25.629709,22.449063,1.426043,-1.143272,0.650923,0.095855,,0.000000,,69.936360,88.601036,61.290436,0.313757,0.342752,-0.028996,35.673846,32.195926,12.978383,0.703924,1.400377,1.130321,0.011247,0.942540,0.000000,0.000000,403.608247,50.574713,1.326857,1.329266
2025-10-09T03:45:00Z,0.999865,no_impulse,0,HCLTECH,1h,1.000000,166.984127,3.685538,7.000000,0.526505,1.959184,2.891195,1.626451,2.159457,0.000000,40.229885,0.000000,7.000000,76.409220,90.419162,87.368409,0.000000,0.828711,0.608155,0.220555,42.247831,41.669741,7.605747,2.162629,2.655526,0.794575,0.890514,0.056603,5.672269,16.000000,403.608247,0.354517,7.000000,76.409220,90.419162,87.368409,0.000000,0.828711,0.608155,0.220555,42.247831,41.669741,7.605747,2.162629,2.655526,0.794575,0.890514,0.056603,1.385912,5.000000,108.379888,0.277182,4.000000,51.046724,70.618557,26.277287,1.000000,-0.350487,-0.447907,0.097420,24.402968,30.679604,23.437691,0.295653,-0.747151,-3.670099,0.667700,0.017682,1.295318,8.000000,77.489177,0.161915,3.000000,42.234962,29.004329,30.447330,0.000000,-0.447507,-0.544045,0.096538,32.617854,28.652694,22.952714,-0.279145,-1.442059,-4.299968,0.322660,0.015697,1.644128,3.000000,105.000000,0.548043,4.000000,35.993656,17.316017,22.287157,1.000000,-0.621042,-0.701361,0.080318,46.382693,13.913194,35.854681,-0.888367,-2.207039,-4.866956,-0.025666,0.016751,1.590745,8.000000,50.574713,0.198843,3.000000,45.980075,88.181818,84.439811,1.000000,-0.591576,-0.780906,0.189329,47.900273,17.777920,27.464240,0.027739,-1.268055,-3.775978,0.509333,0.029728,3.049422,9.000000,187.500000,0.338825,4.000000,24.362737,6.487696,13.566941,0.000000,-0.996069,-0.885316,-0.110753,50.696331,6.095068,40.762113,-1.711316,-3.154499,-5.375084,0.173586,0.051546,1.653246,0.000000,56.038647,0.000000,4.000000,30.604143,11.835749,25.083461,0.000000,-0.615601,-0.548831,-0.066771,36.598646,10.749923,37.572893,-1.648915,-2.574792,-4.138898,-0.172417,0.024124,2.865647,9.000000,167.611336,0.318405,4.000000,1.739437,5.000000,84.589041,0.347887,3.000000,2.014905,12.000000,85.380117,0.167909,2.000000,2.416961,2.000000,38.907850,1.208481,3.000000,5.848693,14.000000,318.478261,0.417764,8.000000,1.870806,2.000000,116.455696,0.935403,1.000000,1.581054,5.000000,50.425532,0.316211,2.000000,3.236915,13.000000,167.857143,0.248993,1.000000,1.891892,8.000000,,0.236486,0.000000,0.000000,0.000000,,0.000000,0.000000,,,,,,,,,,,1.000000,1.000000,7.000000,-1.000000,,,,60.447911,93.562610,65.418829,-0.588027,-1.094669,0.506642,22.576659,31.505182,20.186962,3.288139,1.078481,0.844425,0.098713,,0.000000,,77.355531,83.918129,73.664320,0.329848,0.284798,0.045049,27.140574,41.999867,10.829761,1.427918,2.118734,1.354532,0.016952,1.598545,1.111111,7.000000,403.608247,40.229885,1.324299,2.034713
2025-10-09T03:45:00Z,0.981419,no_impulse,0,HCLTECH,1h,-1.000000,51.901141,1.844844,0.000000,0.000000,1.959184,2.891195,1.626451,3.685538,7.000000,166.984127,0.526505,1.000000,73.895577,76.964286,83.090950,1.000000,0.949454,0.836421,0.113033,53.196744,43.946901,5.093768,1.959184,2.891195,1.626451,0.989925,0.040789,2.159457,0.000000,40.229885,0.000000,7.000000,76.409220,90.419162,87.368409,0.000000,0.828711,0.608155,0.220555,42.247831,41.669741,7.605747,2.162629,2.655526,0.794575,0.890514,0.056603,5.672269,16.000000,403.608247,0.354517,7.000000,76.409220,90.419162,87.368409,0.000000,0.828711,0.608155,0.220555,42.247831,41.669741,7.605747,2.162629,2.655526,0.794575,0.890514,0.056603,1.385912,5.000000,108.379888,0.277182,4.000000,51.046724,70.618557,26.277287,1.000000,-0.350487,-0.447907,0.097420,24.402968,30.679604,23.437691,0.295653,-0.747151,-3.670099,0.667700,0.017682,1.295318,8.000000,77.489177,0.161915,3.000000,42.234962,29.004329,30.447330,0.000000,-0.447507,-0.544045,0.096538,32.617854,28.652694,22.952714,-0.279145,-1.442059,-4.299968,0.322660,0.015697,1.644128,3.000000,105.000000,0.548043,4.000000,35.993656,17.316017,22.287157,1.000000,-0.621042,-0.701361,0.080318,46.382693,13.913194,35.854681,-0.888367,-2.207039,-4.866956,-0.025666,0.016751,1.590745,8.000000,50.574713,0.198843,3.000000,45.980075,88.181818,84.439811,1.000000,-0.591576,-0.780906,0.189329,47.900273,17.777920,27.464240,0.027739,-1.268055,-3.775978,0.509333,0.029728,3.049422,9.000000,187.500000,0.338825,4.000000,24.362737,6.487696,13.566941,0.000000,-0.996069,-0.885316,-0.110753,50.696331,6.095068,40.762113,-1.711316,-3.154499,-5.375084,0.173586,0.051546,1.653246,0.000000,56.038647,0.000000,4.000000,2.865647,9.000000,167.611336,0.318405,4.000000,1.739437,5.000000,84.589041,0.347887,3.000000,2.014905,12.000000,85.380117,0.167909,2.000000,2.416961,2.000000,38.907850,1.208481,3.000000,5.848693,14.000000,318.478261,0.417764,8.000000,1.870806,2.000000,116.455696,0.935403,1.000000,1.581054,5.000000,50.425532,0.316211,2.000000,3.236915,13.000000,167.857143,0.248993,1.000000,1.891892,8.000000,,0.236486,0.000000,0.000000,0.000000,,0.000000,0.000000,,,,,,1.000000,2.000000,7.000000,-1.000000,,,,60.447911,93.562610,65.418829,-0.588027,-1.094669,0.506642,22.576659,31.505182,20.186962,3.288139,1.078481,0.844425,0.098713,,0.000000,,77.355531,83.918129,73.664320,0.329848,0.284798,0.045049,27.140574,41.999867,10.829761,1.427918,2.118734,1.354532,0.016952,0.737888,0.000000,7.000000,403.608247,40.229885,1.373925,2.662731
2025-10-10T03:45:00Z,1.012162,no_impulse,0,HCLTECH,1h,1.000000,166.666667,3.132530,7.000000,0.447504,1.920655,3.441832,3.000463,1.844844,0.000000,51.901141,0.000000,1.000000,73.895577,76.964286,83.090950,0.000000,0.949454,0.836421,0.113033,53.196744,43.946901,5.093768,1.959184,2.891195,1.626451,0.989925,0.040789,3.685538,7.000000,166.984127,0.526505,1.000000,73.895577,76.964286,83.090950,1.000000,0.949454,0.836421,0.113033,53.196744,43.946901,5.093768,1.959184,2.891195,1.626451,0.989925,0.040789,2.159457,0.000000,40.229885,0.000000,7.000000,76.409220,90.419162,87.368409,0.000000,0.828711,0.608155,0.220555,42.247831,41.669741,7.605747,2.162629,2.655526,0.794575,0.890514,0.056603,5.672269,16.000000,403.608247,0.354517,7.000000,76.409220,90.419162,87.368409,0.000000,0.828711,0.608155,0.220555,42.247831,41.669741,7.605747,2.162629,2.655526,0.794575,0.890514,0.056603,1.385912,5.000000,108.379888,0.277182,4.000000,51.046724,70.618557,26.277287,1.000000,-0.350487,-0.447907,0.097420,24.402968,30.679604,23.437691,0.295653,-0.747151,-3.670099,0.667700,0.017682,1.295318,8.000000,77.489177,0.161915,3.000000,42.234962,29.004329,30.447330,0.000000,-0.447507,-0.544045,0.096538,32.617854,28.652694,22.952714,-0.279145,-1.442059,-4.299968,0.322660,0.015697,1.644128,3.000000,105.000000,0.548043,4.000000,35.993656,17.316017,22.287157,1.000000,-0.621042,-0.701361,0.080318,46.382693,13.913194,35.854681,-0.888367,-2.207039,-4.866956,-0.025666,0.016751,1.590745,8.000000,50.574713,0.198843,3.000000,45.980075,88.181818,84.439811,1.000000,-0.591576,-0.780906,0.189329,47.900273,17.777920,27.464240,0.027739,-1.268055,-3.775978,0.509333,0.029728,3.049422,9.000000,187.500000,0.338825,4.000000,1.653246,0.000000,56.038647,0.000000,4.000000,2.865647,9.000000,167.611336,0.318405,4.000000,1.739437,5.000000,84.589041,0.347887,3.000000,2.014905,12.000000,85.380117,0.167909,2.000000,2.416961,2.000000,38.907850,1.208481,3.000000,5.848693,14.000000,318.478261,0.417764,8.000000,1.870806,2.000000,116.455696,0.935403,1.000000,1.581054,5.000000,50.425532,0.316211,2.000000,3.236915,13.000000,167.857143,0.248993,1.000000,1.891892,8.000000,,0.236486,0.000000,0.000000,0.000000,,0.000000,0.000000,1.000000,3.000000,14.000000,-1.000000,,,,62.119563,97.459780,83.483654,-0.213900,-0.913245,0.699345,22.743839,31.413078,18.881166,3.501570,1.608157,0.853467,0.102658,,0.000000,,49.966428,17.842324,44.173009,0.338340,0.455930,-0.117590,34.837138,26.945899,12.394781,-0.204106,0.698513,0.278256,0.009186,1.306262,1.250000,14.000000,403.608247,40.229885,1.381653,0.920553
2025-10-10T03:45:00Z,0.995878,no_impulse,0,HCLTECH,1h,-1.000000,52.967033,1.608812,0.000000,0.000000,1.920655,3.441832,3.000463,3.132530,7.000000,166.666667,0.447504,1.000000,79.111640,86.971831,89.971309,0.000000,1.267600,1.140400,0.127200,64.209127,39.103446,3.767036,1.920655,3.441832,3.000463,0.855977,0.055011,1.844844,0.000000,51.901141,0.000000,1.000000,73.895577,76.964286,83.090950,0.000000,0.949454,0.836421,0.113033,53.196744,43.946901,5.093768,1.959184,2.891195,1.626451,0.989925,0.040789,3.685538,7.000000,166.984127,0.526505,1.000000,73.895577,76.964286,83.090950,1.000000,0.949454,0.836421,0.113033,53.196744,43.946901,5.093768,1.959184,2.891195,1.626451,0.989925,0.040789,2.159457,0.000000,40.229885,0.000000,7.000000,76.409220,90.419162,87.368409,0.000000,0.828711,0.608155,0.220555,42.247831,41.669741,7.605747,2.162629,2.655526,0.794575,0.890514,0.056603,5.672269,16.000000,403.608247,0.354517,7.000000,76.409220,90.419162,87.368409,0.000000,0.828711,0.608155,0.220555,42.247831,41.669741,7.605747,2.162629,2.655526,0.794575,0.890514,0.056603,1.385912,5.000000,108.379888,0.277182,4.000000,51.046724,70.618557,26.277287,1.000000,-0.350487,-0.447907,0.097420,24.402968,30.679604,23.437691,0.295653,-0.747151,-3.670099,0.667700,0.017682,1.295318,8.000000,77.489177,0.161915,3.000000,42.234962,29.004329,30.447330,0.000000,-0.447507,-0.544045,0.096538,32.617854,28.652694,22.952714,-0.279145,-1.442059,-4.299968,0.322660,0.015697,1.644128,3.000000,105.000000,0.548043,4.000000,35.993656,17.316017,22.287157,1.000000,-0.621042,-0.701361,0.080318,46.382693,13.913194,35.854681,-0.888367,-2.207039,-4.866956,-0.025666,0.016751,1.590745,8.000000,50.574713,0.198843,3.000000,3.049422,9.000000,187.500000,0.338825,4.000000,1.653246,0.000000,56.038647,0.000000,4.000000,2.865647,9.000000,167.611336,0.318405,4.000000,1.739437,5.000000,84.589041,0.347887,3.000000,2.014905,12.000000,85.380117,0.167909,2.000000,2.416961,2.000000,38.907850,1.208481,3.000000,5.848693,14.000000,318.478261,0.417764,8.000000,1.870806,2.000000,116.455696,0.935403,1.000000,1.581054,5.000000,50.425532,0.316211,2.000000,3.236915,13.000000,167.857143,0.248993,1.000000,1.891892,8.000000,,0.236486,0.000000,1.000000,4.000000,14.000000,-1.000000,,,,62.119563,97.459780,83.483654,-0.213900,-0.913245,0.699345,22.743839,31.413078,18.881166,3.501570,1.608157,0.853467,0.102658,,0.000000,,49.966428,17.842324,44.173009,0.338340,0.455930,-0.117590,34.837138,26.945899,12.394781,-0.204106,0.698513,0.278256,0.009186,0.631894,0.000000,14.000000,403.608247,40.229885,1.372204,0.939819
2025-10-14T03:45:00Z,1.037162,no_impulse,0,HCLTECH,1h,1.000000,253.526971,4.145464,14.000000,0.296105,1.846833,3.400836,4.070779,1.608812,0.000000,52.967033,0.000000,1.000000,79.111640,86.971831,89.971309,0.000000,1.267600,1.140400,0.127200,64.209127,39.103446,3.767036,1.920655,3.441832,3.000463,0.855977,0.055011,3.132530,7.000000,166.666667,0.447504,1.000000,79.111640,86.971831,89.971309,0.000000,1.267600,1.140400,0.127200,64.209127,39.103446,3.767036,1.920655,3.441832,3.000463,0.855977,0.055011,1.844844,0.000000,51.901141,0.000000,1.000000,73.895577,76.964286,83.090950,0.000000,0.949454,0.836421,0.113033,53.196744,43.946901,5.093768,1.959184,2.891195,1.626451,0.989925,0.040789,3.685538,7.000000,166.984127,0.526505,1.000000,73.895577,76.964286,83.090950,1.000000,0.949454,0.836421,0.113033,53.196744,43.946901,5.093768,1.959184,2.891195,1.626451,0.989925,0.040789,2.159457,0.000000,40.229885,0.000000,7.000000,76.409220,90.419162,87.368409,0.000000,0.828711,0.608155,0.220555,42.247831,41.669741,7.605747,2.162629,2.655526,0.794575,0.890514,0.056603,5.672269,16.000000,403.608247,0.354517,7.000000,76.409220,90.419162,87.368409,0.000000,0.828711,0.608155,0.220555,42.247831,41.669741,7.605747,2.162629,2.655526,0.794575,0.890514,0.056603,1.385912,5.000000,108.379888,0.277182,4.000000,51.046724,70.618557,26.277287,1.000000,-0.350487,-0.447907,0.097420,24.402968,30.679604,23.437691,0.295653,-0.747151,-3.670099,0.667700,0.017682,1.295318,8.000000,77.489177,0.161915,3.000000,42.234962,29.004329,30.447330,0.000000,-0.447507,-0.544045,0.096538,32.617854,28.652694,22.952714,-0.279145,-1.442059,-4.299968,0.322660,0.015697,1.644128,3.000000,105.000000,0.548043,4.000000,1.590745,8.000000,50.574713,0.198843,3.000000,3.049422,9.000000,187.500000,0.338825,4.000000,1.653246,0.000000,56.038647,0.000000,4.000000,2.865647,9.000000,167.611336,0.318405,4.000000,1.739437,5.000000,84.589041,0.347887,3.000000,2.014905,12.000000,85.380117,0.167909,2.000000,2.416961,2.000000,38.907850,1.208481,3.000000,5.848693,14.000000,318.478261,0.417764,8.000000,1.870806,2.000000,116.455696,0.935403,1.000000,1.581054,5.000000,50.425532,0.316211,2.000000,3.236915,13.000000,167.857143,0.248993,1.000000,1.000000,5.000000,28.000000,-1.000000,,,,62.013487,74.385511,88.562552,0.303567,-0.511863,0.815430,24.110933,35.111239,15.612057,2.865115,1.480190,0.768991,0.109655,,0.000000,,78.517260,76.654412,66.770479,0.277778,0.138849,0.138929,25.220824,48.698527,9.357154,1.816499,2.208936,1.283895,0.023601,1.725871,2.592593,28.000000,403.608247,40.229885,1.389000,0.571853
2025-10-15T03:45:00Z,1.004122,no_impulse,0,HCLTECH,1h,-1.000000,80.032733,3.185668,7.000000,0.455095,0.318899,1.745033,2.826335,4.145464,14.000000,253.526971,0.296105,1.000000,77.256841,63.247863,67.136802,0.000000,0.829555,0.878809,-0.049254,54.552474,45.574106,9.829161,1.846833,3.400836,4.070779,1.537649,0.018133,1.608812,0.000000,52.967033,0.000000,1.000000,79.111640,86.971831,89.971309,0.000000,1.267600,1.140400,0.127200,64.209127,39.103446,3.767036,1.920655,3.441832,3.000463,0.855977,0.055011,3.132530,7.000000,166.666667,0.447504,1.000000,79.111640,86.971831,89.971309,0.000000,1.267600,1.140400,0.127200,64.209127,39.103446,3.767036,1.920655,3.441832,3.000463,0.855977,0.055011,1.844844,0.000000,51.901141,0.000000,1.000000,73.895577,76.964286,83.090950,0.000000,0.949454,0.836421,0.113033,53.196744,43.946901,5.093768,1.959184,2.891195,1.626451,0.989925,0.040789,3.685538,7.000000,166.984127,0.526505,1.000000,73.895577,76.964286,83.090950,1.000000,0.949454,0.836421,0.113033,53.196744,43.946901,5.093768,1.959184,2.891195,1.626451,0.989925,0.040789,2.159457,0.000000,40.229885,0.000000,7.000000,76.409220,90.419162,87.368409,0.000000,0.828711,0.608155,0.220555,42.247831,41.669741,7.605747,2.162629,2.655526,0.794575,0.890514,0.056603,5.672269,16.000000,403.608247,0.354517,7.000000,76.409220,90.419162,87.368409,0.000000,0.828711,0.608155,0.220555,42.247831,41.669741,7.605747,2.162629,2.655526,0.794575,0.890514,0.056603,1.385912,5.000000,108.379888,0.277182,4.000000,51.046724,70.618557,26.277287,1.000000,-0.350487,-0.447907,0.097420,24.402968,30.679604,23.437691,0.295653,-0.747151,-3.670099,0.667700,0.017682,1.295318,8.000000,77.489177,0.161915,3.000000,1.644128,3.000000,105.000000,0.548043,4.000000,1.590745,8.000000,50.574713,0.198843,3.000000,3.049422,9.000000,187.500000,0.338825,4.000000,1.653246,0.000000,56.038647,0.000000,4.000000,2.865647,9.000000,167.611336,0.318405,4.000000,1.739437,5.000000,84.589041,0.347887,3.000000,2.014905,12.000000,85.380117,0.167909,2.000000,2.416961,2.000000,38.907850,1.208481,3.000000,5.848693,14.000000,318.478261,0.417764,8.000000,1.870806,2.000000,116.455696,0.935403,1.000000,1.581054,5.000000,50.425532,0.316211,2.000000,2.000000,6.000000,35.000000,-1.000000,,,,62.079691,74.579560,80.935812,0.480984,-0.313212,0.794196,24.922206,33.021884,15.730148,2.609875,1.441129,0.740842,0.111269,,0.000000,,53.576363,74.479167,32.088545,-0.016861,0.063560,-0.080422,18.777476,26.694918,24.159417,0.177049,0.415422,0.673899,0.010199,1.198779,1.166667,35.000000,403.608247,40.229885,1.456517,1.155656
2025-10-16T06:45:00Z,1.026959,no_impulse,0,HCLTECH,1h,1.000000,69.120654,2.274410,10.000000,0.227441,1.066097,2.257611,3.707466,3.185668,7.000000,80.032733,0.455095,2.000000,58.326416,34.895833,31.745905,1.000000,0.594084,0.747351,-0.153267,51.683456,35.658626,14.644089,0.318899,1.745033,2.826335,0.652707,0.020950,4.145464,14.000000,253.526971,0.296105,1.000000,77.256841,63.247863,67.136802,0.000000,0.829555,0.878809,-0.049254,54.552474,45.574106,9.829161,1.846833,3.400836,4.070779,1.537649,0.018133,1.608812,0.000000,52.967033,0.000000,1.000000,79.111640,86.971831,89.971309,0.000000,1.267600,1.140400,0.127200,64.209127,39.103446,3.767036,1.920655,3.441832,3.000463,0.855977,0.055011,3.132530,7.000000,166.666667,0.447504,1.000000,79.111640,86.971831,89.971309,0.000000,1.267600,1.140400,0.127200,64.209127,39.103446,3.767036,1.920655,3.441832,3.000463,0.855977,0.055011,1.844844,0.000000,51.901141,0.000000,1.000000,73.895577,76.964286,83.090950,0.000000,0.949454,0.836421,0.113033,53.196744,43.946901,5.093768,1.959184,2.891195,1.626451,0.989925,0.040789,3.685538,7.000000,166.984127,0.526505,1.000000,73.895577,76.964286,83.090950,1.000000,0.949454,0.836421,0.113033,53.196744,43.946901,5.093768,1.959184,2.891195,1.626451,0.989925,0.040789,2.159457,0.000000,40.229885,0.000000,7.000000,76.409220,90.419162,87.368409,0.000000,0.828711,0.608155,0.220555,42.247831,41.669741,7.605747,2.162629,2.655526,0.794575,0.890514,0.056603,5.672269,16.000000,403.608247,0.354517,7.000000,76.409220,90.419162,87.368409,0.000000,0.828711,0.608155,0.220555,42.247831,41.669741,7.605747,2.162629,2.655526,0.794575,0.890514,0.056603,1.385912,5.000000,108.379888,0.277182,4.000000,1.295318,8.000000,77.489177,0.161915,3.000000,1.644128,3.000000,105.000000,0.548043,4.000000,1.590745,8.000000,50.574713,0.198843,3.000000,3.049422,9.000000,187.500000,0.338825,4.000000,1.653246,0.000000,56.038647,0.000000,4.000000,2.865647,9.000000,167.611336,0.318405,4.000000,1.739437,5.000000,84.589041,0.347887,3.000000,2.014905,12.000000,85.380117,0.167909,2.000000,2.416961,2.000000,38.907850,1.208481,3.000000,5.848693,14.000000,318.478261,0.417764,8.000000,1.870806,2.000000,116.455696,0.935403,1.000000,3.000000,1.000000,45.000000,-1.000000,,,,56.400246,68.434670,76.692540,0.745740,0.062943,0.682797,25.905228,30.624139,18.163635,1.459849,0.675744,0.628411,0.115370,,0.000000,,67.822051,99.504950,93.753636,0.271616,0.195074,0.076542,25.549819,34.474116,12.452919,0.560895,0.855683,0.809165,0.018245,0.808943,1.562500,45.000000,403.608247,40.229885,1.418435,1.031979
2025-10-17T03:45:00Z,0.999459,no_impulse,0,HCLTECH,1h,-1.000000,120.414201,2.677808,4.000000,0.669452,-0.363623,0.785245,2.403705,2.274410,10.000000,69.120654,0.227441,3.000000,69.167382,87.869822,91.863040,1.000000,0.486302,0.456008,0.030295,49.894225,35.743056,9.098455,1.066097,2.257611,3.707466,1.036449,0.020087,3.185668,7.000000,80.032733,0.455095,2.000000,58.326416,34.895833,31.745905,1.000000,0.594084,0.747351,-0.153267,51.683456,35.658626,14.644089,0.318899,1.745033,2.826335,0.652707,0.020950,4.145464,14.000000,253.526971,0.296105,1.000000,77.256841,63.247863,67.136802,0.000000,0.829555,0.878809,-0.049254,54.552474,45.574106,9.829161,1.846833,3.400836,4.070779,1.537649,0.018133,1.608812,0.000000,52.967033,0.000000,1.000000,79.111640,86.971831,89.971309,0.000000,1.267600,1.140400,0.127200,64.209127,39.103446,3.767036,1.920655,3.441832,3.000463,0.855977,0.055011,3.132530,7.000000,166.666667,0.447504,1.000000,79.111640,86.971831,89.971309,0.000000,1.267600,1.140400,0.127200,64.209127,39.103446,3.767036,1.920655,3.441832,3.000463,0.855977,0.055011,1.844844,0.000000,51.901141,0.000000,1.000000,73.895577,76.964286,83.090950,0.000000,0.949454,0.836421,0.113033,53.196744,43.946901,5.093768,1.959184,2.891195,1.626451,0.989925,0.040789,3.685538,7.000000,166.984127,0.526505,1.000000,73.895577,76.964286,83.090950,1.000000,0.949454,0.836421,0.113033,53.196744,43.946901,5.093768,1.959184,2.891195,1.626451,0.989925,0.040789,2.159457,0.000000,40.229885,0.000000,7.000000,76.409220,90.419162,87.368409,0.000000,0.828711,0.608155,0.220555,42.247831,41.669741,7.605747,2.162629,2.655526,0.794575,0.890514,0.056603,5.672269,16.000000,403.608247,0.354517,7.000000,1.385912,5.000000,108.379888,0.277182,4.000000,1.295318,8.000000,77.489177,0.161915,3.000000,1.644128,3.000000,105.000000,0.548043,4.000000,1.590745,8.000000,50.574713,0.198843,3.000000,3.049422,9.000000,187.500000,0.338825,4.000000,1.653246,0.000000,56.038647,0.000000,4.000000,2.865647,9.000000,167.611336,0.318405,4.000000,1.739437,5.000000,84.589041,0.347887,3.000000,2.014905,12.000000,85.380117,0.167909,2.000000,2.416961,2.000000,38.907850,1.208481,3.000000,5.848693,14.000000,318.478261,0.417764,8.000000,4.000000,2.000000,49.000000,-1.000000,,,,56.400246,68.434670,76.692540,0.745740,0.062943,0.682797,25.905228,30.624139,18.163635,1.459849,0.675744,0.628411,0.115370,,0.000000,,24.320761,22.604423,40.227115,0.058253,0.210110,-0.151856,39.201347,15.641577,52.720522,-1.465432,-1.196908,-0.430004,0.015530,0.920370,0.606061,126.000000,403.608247,40.229885,1.333386,1.458438
2025-10-20T06:45:00Z,1.020203,no_impulse,0,HCLTECH,1h,1.000000,75.429975,2.075446,10.000000,0.207545,0.566676,1.200312,2.802351,2.677808,4.000000,120.414201,0.669452,4.000000,48.414264,45.208845,71.282633,0.000000,0.436826,0.483074,-0.046248,48.392607,24.468021,31.026637,-0.363623,0.785245,2.403705,0.336226,0.022122,2.274410,10.000000,69.120654,0.227441,3.000000,69.167382,87.869822,91.863040,1.000000,0.486302,0.456008,0.030295,49.894225,35.743056,9.098455,1.066097,2.257611,3.707466,1.036449,0.020087,3.185668,7.000000,80.032733,0.455095,2.000000,58.326416,34.895833,31.745905,1.000000,0.594084,0.747351,-0.153267,51.683456,35.658626,14.644089,0.318899,1.745033,2.826335,0.652707,0.020950,4.145464,14.000000,253.526971,0.296105,1.000000,77.256841,63.247863,67.136802,0.000000,0.829555,0.878809,-0.049254,54.552474,45.574106,9.829161,1.846833,3.400836,4.070779,1.537649,0.018133,1.608812,0.000000,52.967033,0.000000,1.000000,79.111640,86.971831,89.971309,0.000000,1.267600,1.140400,0.127200,64.209127,39.103446,3.767036,1.920655,3.441832,3.000463,0.855977,0.055011,3.132530,7.000000,166.666667,0.447504,1.000000,79.111640,86.971831,89.971309,0.000000,1.267600,1.140400,0.127200,64.209127,39.103446,3.767036,1.920655,3.441832,3.000463,0.855977,0.055011,1.844844,0.000000,51.901141,0.000000,1.000000,73.895577,76.964286,83.090950,0.000000,0.949454,0.836421,0.113033,53.196744,43.946901,5.093768,1.959184,2.891195,1.626451,0.989925,0.040789,3.685538,7.000000,166.984127,0.526505,1.000000,73.895577,76.964286,83.090950,1.000000,0.949454,0.836421,0.113033,53.196744,43.946901,5.093768,1.959184,2.891195,1.626451,0.989925,0.040789,2.159457,0.000000,40.229885,0.000000,7.000000,5.672269,16.000000,403.608247,0.354517,7.000000,1.385912,5.000000,108.379888,0.277182,4.000000,1.295318,8.000000,77.489177,0.161915,3.000000,1.644128,3.000000,105.000000,0.548043,4.000000,1.590745,8.000000,50.574713,0.198843,3.000000,3.049422,9.000000,187.500000,0.338825,4.000000,1.653246,0.000000,56.038647,0.000000,4.000000,2.865647,9.000000,167.611336,0.318405,4.000000,1.739437,5.000000,84.589041,0.347887,3.000000,2.014905,12.000000,85.380117,0.167909,2.000000,2.416961,2.000000,38.907850,1.208481,3.000000,3.000000,3.000000,59.000000,-1.000000,,,,55.553351,68.305304,70.375162,0.792198,0.327572,0.464626,25.915769,29.199204,18.191324,1.129660,0.587609,0.595157,0.120072,,0.000000,,62.270586,100.000000,90.220386,0.099459,-0.006076,0.105535,23.149872,30.115913,15.982804,0.580078,0.549753,0.855988,0.016390,0.683009,1.538462,,403.608247,40.229885,1.227769,0.915727
2025-10-21T08:15:00Z,1.000676,no_impulse,0,HCLTECH,1h,-1.000000,94.136808,1.914034,4.000000,0.478509,-0.704232,-0.215285,1.383760,2.075446,10.000000,75.429975,0.207545,3.000000,57.622787,70.918367,55.089087,1.000000,0.059066,0.091661,-0.032595,30.653928,31.449427,20.502532,0.566676,1.200312,2.802351,0.712646,0.026801,2.677808,4.000000,120.414201,0.669452,4.000000,48.414264,45.208845,71.282633,0.000000,0.436826,0.483074,-0.046248,48.392607,24.468021,31.026637,-0.363623,0.785245,2.403705,0.336226,0.022122,2.274410,10.000000,69.120654,0.227441,3.000000,69.167382,87.869822,91.863040,1.000000,0.486302,0.456008,0.030295,49.894225,35.743056,9.098455,1.066097,2.257611,3.707466,1.036449,0.020087,3.185668,7.000000,80.032733,0.455095,2.000000,58.326416,34.895833,31.745905,1.000000,0.594084,0.747351,-0.153267,51.683456,35.658626,14.644089,0.318899,1.745033,2.826335,0.652707,0.020950,4.145464,14.000000,253.526971,0.296105,1.000000,77.256841,63.247863,67.136802,0.000000,0.829555,0.878809,-0.049254,54.552474,45.574106,9.829161,1.846833,3.400836,4.070779,1.537649,0.018133,1.608812,0.000000,52.967033,0.000000,1.000000,79.111640,86.971831,89.971309,0.000000,1.267600,1.140400,0.127200,64.209127,39.103446,3.767036,1.920655,3.441832,3.000463,0.855977,0.055011,3.132530,7.000000,166.666667,0.447504,1.000000,79.111640,86.971831,89.971309,0.000000,1.267600,1.140400,0.127200,64.209127,39.103446,3.767036,1.920655,3.441832,3.000463,0.855977,0.055011,1.844844,0.000000,51.901141,0.000000,1.000000,73.895577,76.964286,83.090950,0.000000,0.949454,0.836421,0.113033,53.196744,43.946901,5.093768,1.959184,2.891195,1.626451,0.989925,0.040789,3.685538,7.000000,166.984127,0.526505,1.000000,2.159457,0.000000,40.229885,0.000000,7.000000,5.672269,16.000000,403.608247,0.354517,7.000000,1.385912,5.000000,108.379888,0.277182,4.000000,1.295318,8.000000,77.489177,0.161915,3.000000,1.644128,3.000000,105.000000,0.548043,4.000000,1.590745,8.000000,50.574713,0.198843,3.000000,3.049422,9.000000,187.500000,0.338825,4.000000,1.653246,0.000000,56.038647,0.000000,4.000000,2.865647,9.000000,167.611336,0.318405,4.000000,1.739437,5.000000,84.589041,0.347887,3.000000,2.014905,12.000000,85.380117,0.167909,2.000000,2.000000,1.000000,63.000000,-1.000000,,,,55.553351,68.305304,70.375162,0.792198,0.327572,0.464626,25.915769,29.199204,18.191324,1.129660,0.587609,0.595157,0.120072,,0.000000,,49.300159,33.734940,19.879518,-0.012992,0.040644,-0.053637,15.894551,25.073814,19.456631,-0.027885,-0.032915,0.477226,0.012241,0.714459,0.677966,63.000000,253.526971,40.229885,0.834336,0.786097
2025-10-23T06:45:00Z,1.045608,no_impulse,0,HCLTECH,1h,1.000000,230.103806,4.490209,4.000000,1.122552,2.045567,2.952771,4.783684,1.914034,4.000000,94.136808,0.478509,2.000000,42.433575,19.031142,39.001653,1.000000,-0.037103,0.046632,-0.083735,25.199066,22.140542,27.418288,-0.704232,-0.215285,1.383760,0.243615,0.027276,2.075446,10.000000,75.429975,0.207545,3.000000,57.622787,70.918367,55.089087,1.000000,0.059066,0.091661,-0.032595,30.653928,31.449427,20.502532,0.566676,1.200312,2.802351,0.712646,0.026801,2.677808,4.000000,120.414201,0.669452,4.000000,48.414264,45.208845,71.282633,0.000000,0.436826,0.483074,-0.046248,48.392607,24.468021,31.026637,-0.363623,0.785245,2.403705,0.336226,0.022122,2.274410,10.000000,69.120654,0.227441,3.000000,69.167382,87.869822,91.863040,1.000000,0.486302,0.456008,0.030295,49.894225,35.743056,9.098455,1.066097,2.257611,3.707466,1.036449,0.020087,3.185668,7.000000,80.032733,0.455095,2.000000,58.326416,34.895833,31.745905,1.000000,0.594084,0.747351,-0.153267,51.683456,35.658626,14.644089,0.318899,1.745033,2.826335,0.652707,0.020950,4.145464,14.000000,253.526971,0.296105,1.000000,77.256841,63.247863,67.136802,0.000000,0.829555,0.878809,-0.049254,54.552474,45.574106,9.829161,1.846833,3.400836,4.070779,1.537649,0.018133,1.608812,0.000000,52.967033,0.000000,1.000000,79.111640,86.971831,89.971309,0.000000,1.267600,1.140400,0.127200,64.209127,39.103446,3.767036,1.920655,3.441832,3.000463,0.855977,0.055011,3.132530,7.000000,166.666667,0.447504,1.000000,79.111640,86.971831,89.971309,0.000000,1.267600,1.140400,0.127200,64.209127,39.103446,3.767036,1.920655,3.441832,3.000463,0.855977,0.055011,1.844844,0.000000,51.901141,0.000000,1.000000,3.685538,7.000000,166.984127,0.526505,1.000000,2.159457,0.000000,40.229885,0.000000,7.000000,5.672269,16.000000,403.608247,0.354517,7.000000,1.385912,5.000000,108.379888,0.277182,4.000000,1.295318,8.000000,77.489177,0.161915,3.000000,1.644128,3.000000,105.000000,0.548043,4.000000,1.590745,8.000000,50.574713,0.198843,3.000000,3.049422,9.000000,187.500000,0.338825,4.000000,1.653246,0.000000,56.038647,0.000000,4.000000,2.865647,9.000000,167.611336,0.318405,4.000000,1.739437,5.000000,84.589041,0.347887,3.000000,1.000000,2.000000,67.000000,-1.000000,,,,63.511859,84.875558,79.685861,1.081513,0.573094,0.508419,27.743871,34.109788,14.903303,2.931866,2.818619,0.728521,0.132172,,0.000000,,72.354753,99.369085,98.923705,0.708229,0.596451,0.111777,27.172684,37.279697,16.915019,1.139138,1.950544,0.725823,0.051025,1.691575,0.634921,67.000000,253.526971,51.901141,0.854679,0.694108
2025-10-24T08:45:00Z,1.024595,no_impulse,0,HCLTECH,1h,-1.000000,46.766917,2.009693,9.000000,0.223299,0.277180,1.161459,3.243387,4.490209,4.000000,230.103806,1.122552,1.000000,69.119528,92.631579,96.161672,0.000000,0.610932,0.279224,0.331707,26.346733,35.387000,17.380520,2.045567,2.952771,4.783684,0.923365,0.049326,1.914034,4.000000,94.136808,0.478509,2.000000,42.433575,19.031142,39.001653,1.000000,-0.037103,0.046632,-0.083735,25.199066,22.140542,27.418288,-0.704232,-0.215285,1.383760,0.243615,0.027276,2.075446,10.000000,75.429975,0.207545,3.000000,57.622787,70.918367,55.089087,1.000000,0.059066,0.091661,-0.032595,30.653928,31.449427,20.502532,0.566676,1.200312,2.802351,0.712646,0.026801,2.677808,4.000000,120.414201,0.669452,4.000000,48.414264,45.208845,71.282633,0.000000,0.436826,0.483074,-0.046248,48.392607,24.468021,31.026637,-0.363623,0.785245,2.403705,0.336226,0.022122,2.274410,10.000000,69.120654,0.227441,3.000000,69.167382,87.869822,91.863040,1.000000,0.486302,0.456008,0.030295,49.894225,35.743056,9.098455,1.066097,2.257611,3.707466,1.036449,0.020087,3.185668,7.000000,80.032733,0.455095,2.000000,58.326416,34.895833,31.745905,1.000000,0.594084,0.747351,-0.153267,51.683456,35.658626,14.644089,0.318899,1.745033,2.826335,0.652707,0.020950,4.145464,14.000000,253.526971,0.296105,1.000000,77.256841,63.247863,67.136802,0.000000,0.829555,0.878809,-0.049254,54.552474,45.574106,9.829161,1.846833,3.400836,4.070779,1.537649,0.018133,1.608812,0.000000,52.967033,0.000000,1.000000,79.111640,86.971831,89.971309,0.000000,1.267600,1.140400,0.127200,64.209127,39.103446,3.767036,1.920655,3.441832,3.000463,0.855977,0.055011,3.132530,7.000000,166.666667,0.447504,1.000000,1.844844,0.000000,51.901141,0.000000,1.000000,3.685538,7.000000,166.984127,0.526505,1.000000,2.159457,0.000000,40.229885,0.000000,7.000000,5.672269,16.000000,403.608247,0.354517,7.000000,1.385912,5.000000,108.379888,0.277182,4.000000,1.295318,8.000000,77.489177,0.161915,3.000000,1.644128,3.000000,105.000000,0.548043,4.000000,1.590745,8.000000,50.574713,0.198843,3.000000,3.049422,9.000000,187.500000,0.338825,4.000000,1.653246,0.000000,56.038647,0.000000,4.000000,2.865647,9.000000,167.611336,0.318405,4.000000,2.000000,3.000000,76.000000,-1.000000,,,,63.511859,84.875558,79.685861,1.081513,0.573094,0.508419,27.743871,34.109788,14.903303,2.931866,2.818619,0.728521,0.132172,,0.000000,,40.785292,21.551724,22.701149,-0.126863,-0.082981,-0.043882,15.806349,15.534876,25.596988,-0.294668,-0.230614,0.172857,0.008981,0.734826,1.500000,76.000000,253.526971,51.901141,0.989747,1.042002
2025-10-27T05:45:00Z,1.046959,no_impulse,0,HCLTECH,1h,1.000000,106.430868,2.182801,4.000000,0.545700,1.336930,2.331967,4.541577,2.009693,9.000000,46.766917,0.223299,2.000000,54.807154,63.157895,63.007519,1.000000,0.411966,0.467481,-0.055515,19.341864,25.362888,23.023995,0.277180,1.161459,3.243387,0.562873,0.044208,4.490209,4.000000,230.103806,1.122552,1.000000,69.119528,92.631579,96.161672,0.000000,0.610932,0.279224,0.331707,26.346733,35.387000,17.380520,2.045567,2.952771,4.783684,0.923365,0.049326,1.914034,4.000000,94.136808,0.478509,2.000000,42.433575,19.031142,39.001653,1.000000,-0.037103,0.046632,-0.083735,25.199066,22.140542,27.418288,-0.704232,-0.215285,1.383760,0.243615,0.027276,2.075446,10.000000,75.429975,0.207545,3.000000,57.622787,70.918367,55.089087,1.000000,0.059066,0.091661,-0.032595,30.653928,31.449427,20.502532,0.566676,1.200312,2.802351,0.712646,0.026801,2.677808,4.000000,120.414201,0.669452,4.000000,48.414264,45.208845,71.282633,0.000000,0.436826,0.483074,-0.046248,48.392607,24.468021,31.026637,-0.363623,0.785245,2.403705,0.336226,0.022122,2.274410,10.000000,69.120654,0.227441,3.000000,69.167382,87.869822,91.863040,1.000000,0.486302,0.456008,0.030295,49.894225,35.743056,9.098455,1.066097,2.257611,3.707466,1.036449,0.020087,3.185668,7.000000,80.032733,0.455095,2.000000,58.326416,34.895833,31.745905,1.000000,0.594084,0.747351,-0.153267,51.683456,35.658626,14.644089,0.318899,1.745033,2.826335,0.652707,0.020950,4.145464,14.000000,253.526971,0.296105,1.000000,77.256841,63.247863,67.136802,0.000000,0.829555,0.878809,-0.049254,54.552474,45.574106,9.829161,1.846833,3.400836,4.070779,1.537649,0.018133,1.608812,0.000000,52.967033,0.000000,1.000000,3.132530,7.000000,166.666667,0.447504,1.000000,1.844844,0.000000,51.901141,0.000000,1.000000,3.685538,7.000000,166.984127,0.526505,1.000000,2.159457,0.000000,40.229885,0.000000,7.000000,5.672269,16.000000,403.608247,0.354517,7.000000,1.385912,5.000000,108.379888,0.277182,4.000000,1.295318,8.000000,77.489177,0.161915,3.000000,1.644128,3.000000,105.000000,0.548043,4.000000,1.590745,8.000000,50.574713,0.198843,3.000000,3.049422,9.000000,187.500000,0.338825,4.000000,1.653246,0.000000,56.038647,0.000000,4.000000,1.000000,4.000000,80.000000,-1.000000,,,,65.359526,87.906274,86.219518,1.213586,0.698293,0.515293,28.925540,36.131561,13.951263,3.208160,3.298689,0.742336,0.136773,,0.000000,,74.284337,97.712418,97.923045,0.360216,0.202983,0.157233,28.323921,33.980959,14.694116,0.797795,1.191953,0.792162,0.027526,0.793340,0.579710,80.000000,253.526971,46.766917,0.974531,1.197259
2025-10-28T07:45:00Z,1.021622,no_impulse,0,HCLTECH,1h,-1.000000,113.293051,2.420136,9.000000,0.268904,-0.644031,0.024798,2.307748,2.182801,4.000000,106.430868,0.545700,1.000000,66.192616,90.634441,85.624128,0.000000,0.570821,0.481472,0.089349,20.336986,34.617520,17.854089,1.336930,2.331967,4.541577,0.816741,0.042781,2.009693,9.000000,46.766917,0.223299,2.000000,54.807154,63.157895,63.007519,1.000000,0.411966,0.467481,-0.055515,19.341864,25.362888,23.023995,0.277180,1.161459,3.243387,0.562873,0.044208,4.490209,4.000000,230.103806,1.122552,1.000000,69.119528,92.631579,96.161672,0.000000,0.610932,0.279224,0.331707,26.346733,35.387000,17.380520,2.045567,2.952771,4.783684,0.923365,0.049326,1.914034,4.000000,94.136808,0.478509,2.000000,42.433575,19.031142,39.001653,1.000000,-0.037103,0.046632,-0.083735,25.199066,22.140542,27.418288,-0.704232,-0.215285,1.383760,0.243615,0.027276,2.075446,10.000000,75.429975,0.207545,3.000000,57.622787,70.918367,55.089087,1.000000,0.059066,0.091661,-0.032595,30.653928,31.449427,20.502532,0.566676,1.200312,2.802351,0.712646,0.026801,2.677808,4.000000,120.414201,0.669452,4.000000,48.414264,45.208845,71.282633,0.000000,0.436826,0.483074,-0.046248,48.392607,24.468021,31.026637,-0.363623,0.785245,2.403705,0.336226,0.022122,2.274410,10.000000,69.120654,0.227441,3.000000,69.167382,87.869822,91.863040,1.000000,0.486302,0.456008,0.030295,49.894225,35.743056,9.098455,1.066097,2.257611,3.707466,1.036449,0.020087,3.185668,7.000000,80.032733,0.455095,2.000000,58.326416,34.895833,31.745905,1.000000,0.594084,0.747351,-0.153267,51.683456,35.658626,14.644089,0.318899,1.745033,2.826335,0.652707,0.020950,4.145464,14.000000,253.526971,0.296105,1.000000,1.608812,0.000000,52.967033,0.000000,1.000000,3.132530,7.000000,166.666667,0.447504,1.000000,1.844844,0.000000,51.901141,0.000000,1.000000,3.685538,7.000000,166.984127,0.526505,1.000000,2.159457,0.000000,40.229885,0.000000,7.000000,5.672269,16.000000,403.608247,0.354517,7.000000,1.385912,5.000000,108.379888,0.277182,4.000000,1.295318,8.000000,77.489177,0.161915,3.000000,1.644128,3.000000,105.000000,0.548043,4.000000,1.590745,8.000000,50.574713,0.198843,3.000000,3.049422,9.000000,187.500000,0.338825,4.000000,8.000000,1.000000,89.000000,-1.000000,,,,67.859899,98.403756,87.968702,1.424033,0.921715,0.502318,29.978324,34.568974,15.091398,4.031858,4.494439,0.819054,0.131678,,0.000000,,40.088930,37.185930,33.775650,-0.268001,-0.261491,-0.006510,24.237921,21.054247,27.779826,-0.246348,-0.471858,0.372390,0.019257,0.911047,1.363636,89.000000,253.526971,46.766917,0.979527,1.302284
2025-10-30T03:45:00Z,1.053986,no_impulse,0,HCLTECH,1h,1.000000,127.733333,3.167989,10.000000,0.316799,0.392267,1.286848,3.778274,2.420136,9.000000,113.293051,0.268904,8.000000,44.497393,9.333333,10.817703,1.000000,0.096002,0.311750,-0.215749,15.549144,26.060849,24.880333,-0.644031,0.024798,2.307748,0.232751,0.023944,2.182801,4.000000,106.430868,0.545700,1.000000,66.192616,90.634441,85.624128,0.000000,0.570821,0.481472,0.089349,20.336986,34.617520,17.854089,1.336930,2.331967,4.541577,0.816741,0.042781,2.009693,9.000000,46.766917,0.223299,2.000000,54.807154,63.157895,63.007519,1.000000,0.411966,0.467481,-0.055515,19.341864,25.362888,23.023995,0.277180,1.161459,3.243387,0.562873,0.044208,4.490209,4.000000,230.103806,1.122552,1.000000,69.119528,92.631579,96.161672,0.000000,0.610932,0.279224,0.331707,26.346733,35.387000,17.380520,2.045567,2.952771,4.783684,0.923365,0.049326,1.914034,4.000000,94.136808,0.478509,2.000000,42.433575,19.031142,39.001653,1.000000,-0.037103,0.046632,-0.083735,25.199066,22.140542,27.418288,-0.704232,-0.215285,1.383760,0.243615,0.027276,2.075446,10.000000,75.429975,0.207545,3.000000,57.622787,70.918367,55.089087,1.000000,0.059066,0.091661,-0.032595,30.653928,31.449427,20.502532,0.566676,1.200312,2.802351,0.712646,0.026801,2.677808,4.000000,120.414201,0.669452,4.000000,48.414264,45.208845,71.282633,0.000000,0.436826,0.483074,-0.046248,48.392607,24.468021,31.026637,-0.363623,0.785245,2.403705,0.336226,0.022122,2.274410,10.000000,69.120654,0.227441,3.000000,69.167382,87.869822,91.863040,1.000000,0.486302,0.456008,0.030295,49.894225,35.743056,9.098455,1.066097,2.257611,3.707466,1.036449,0.020087,3.185668,7.000000,80.032733,0.455095,2.000000,4.145464,14.000000,253.526971,0.296105,1.000000,1.608812,0.000000,52.967033,0.000000,1.000000,3.132530,7.000000,166.666667,0.447504,1.000000,1.844844,0.000000,51.901141,0.000000,1.000000,3.685538,7.000000,166.984127,0.526505,1.000000,2.159457,0.000000,40.229885,0.000000,7.000000,5.672269,16.000000,403.608247,0.354517,7.000000,1.385912,5.000000,108.379888,0.277182,4.000000,1.295318,8.000000,77.489177,0.161915,3.000000,1.644128,3.000000,105.000000,0.548043,4.000000,1.590745,8.000000,50.574713,0.198843,3.000000,1.000000,1.000000,10.000000,-1.000000,,,,65.357533,88.255814,88.085215,1.528614,1.046663,0.481951,30.659036,32.926943,14.277335,3.227680,3.874128,0.769099,0.123944,,0.000000,,52.064379,10.236220,55.494561,0.312452,0.380447,-0.067995,46.057359,26.046950,21.083017,-0.079904,0.449772,0.396092,0.007684,1.157228,1.333333,99.000000,253.526971,46.766917,0.914558,0.779820
2025-11-03T05:45:00Z,1.032568,no_impulse,0,HCLTECH,1h,-1.000000,66.179541,2.032182,16.000000,0.127011,-0.545008,-0.029030,2.495990,3.167989,10.000000,127.733333,0.316799,1.000000,56.174813,68.893528,86.922201,0.000000,0.515018,0.405963,0.109054,22.420461,30.147096,24.636627,0.392267,1.286848,3.778274,0.609226,0.036055,2.420136,9.000000,113.293051,0.268904,8.000000,44.497393,9.333333,10.817703,1.000000,0.096002,0.311750,-0.215749,15.549144,26.060849,24.880333,-0.644031,0.024798,2.307748,0.232751,0.023944,2.182801,4.000000,106.430868,0.545700,1.000000,66.192616,90.634441,85.624128,0.000000,0.570821,0.481472,0.089349,20.336986,34.617520,17.854089,1.336930,2.331967,4.541577,0.816741,0.042781,2.009693,9.000000,46.766917,0.223299,2.000000,54.807154,63.157895,63.007519,1.000000,0.411966,0.467481,-0.055515,19.341864,25.362888,23.023995,0.277180,1.161459,3.243387,0.562873,0.044208,4.490209,4.000000,230.103806,1.122552,1.000000,69.119528,92.631579,96.161672,0.000000,0.610932,0.279224,0.331707,26.346733,35.387000,17.380520,2.045567,2.952771,4.783684,0.923365,0.049326,1.914034,4.000000,94.136808,0.478509,2.000000,42.433575,19.031142,39.001653,1.000000,-0.037103,0.046632,-0.083735,25.199066,22.140542,27.418288,-0.704232,-0.215285,1.383760,0.243615,0.027276,2.075446,10.000000,75.429975,0.207545,3.000000,57.622787,70.918367,55.089087,1.000000,0.059066,0.091661,-0.032595,30.653928,31.449427,20.502532,0.566676,1.200312,2.802351,0.712646,0.026801,2.677808,4.000000,120.414201,0.669452,4.000000,48.414264,45.208845,71.282633,0.000000,0.436826,0.483074,-0.046248,48.392607,24.468021,31.026637,-0.363623,0.785245,2.403705,0.336226,0.022122,2.274410,10.000000,69.120654,0.227441,3.000000,3.185668,7.000000,80.032733,0.455095,2.000000,4.145464,14.000000,253.526971,0.296105,1.000000,1.608812,0.000000,52.967033,0.000000,1.000000,3.132530,7.000000,166.666667,0.447504,1.000000,1.844844,0.000000,51.901141,0.000000,1.000000,3.685538,7.000000,166.984127,0.526505,1.000000,2.159457,0.000000,40.229885,0.000000,7.000000,5.672269,16.000000,403.608247,0.354517,7.000000,1.385912,5.000000,108.379888,0.277182,4.000000,1.295318,8.000000,77.489177,0.161915,3.000000,1.644128,3.000000,105.000000,0.548043,4.000000,2.000000,2.000000,26.000000,-1.000000,,,,63.010210,79.677819,81.957094,1.556871,1.232184,0.324688,31.288250,29.488754,15.321715,2.329990,3.218934,0.747923,0.096222,,0.000000,,52.732554,70.256410,67.350427,-0.084297,-0.125139,0.040841,20.479314,25.459077,19.105276,0.144796,0.040962,0.649778,0.009681,0.769818,2.253521,115.000000,230.103806,46.766917,0.791292,0.923578
2025-11-03T05:45:00Z,1.047095,no_impulse,0,HCLTECH,1h,1.000000,67.823344,1.406884,0.000000,0.000000,-0.545008,-0.029030,2.495990,2.032182,16.000000,66.179541,0.127011,2.000000,44.065120,17.333333,26.253968,0.000000,0.040172,0.182911,-0.142738,15.504002,22.382893,16.133940,-0.545008,-0.029030,2.495990,0.152748,0.015610,3.167989,10.000000,127.733333,0.316799,1.000000,56.174813,68.893528,86.922201,0.000000,0.515018,0.405963,0.109054,22.420461,30.147096,24.636627,0.392267,1.286848,3.778274,0.609226,0.036055,2.420136,9.000000,113.293051,0.268904,8.000000,44.497393,9.333333,10.817703,1.000000,0.096002,0.311750,-0.215749,15.549144,26.060849,24.880333,-0.644031,0.024798,2.307748,0.232751,0.023944,2.182801,4.000000,106.430868,0.545700,1.000000,66.192616,90.634441,85.624128,0.000000,0.570821,0.481472,0.089349,20.336986,34.617520,17.854089,1.336930,2.331967,4.541577,0.816741,0.042781,2.009693,9.000000,46.766917,0.223299,2.000000,54.807154,63.157895,63.007519,1.000000,0.411966,0.467481,-0.055515,19.341864,25.362888,23.023995,0.277180,1.161459,3.243387,0.562873,0.044208,4.490209,4.000000,230.103806,1.122552,1.000000,69.119528,92.631579,96.161672,0.000000,0.610932,0.279224,0.331707,26.346733,35.387000,17.380520,2.045567,2.952771,4.783684,0.923365,0.049326,1.914034,4.000000,94.136808,0.478509,2.000000,42.433575,19.031142,39.001653,1.000000,-0.037103,0.046632,-0.083735,25.199066,22.140542,27.418288,-0.704232,-0.215285,1.383760,0.243615,0.027276,2.075446,10.000000,75.429975,0.207545,3.000000,57.622787,70.918367,55.089087,1.000000,0.059066,0.091661,-0.032595,30.653928,31.449427,20.502532,0.566676,1.200312,2.802351,0.712646,0.026801,2.677808,4.000000,120.414201,0.669452,4.000000,2.274410,10.000000,69.120654,0.227441,3.000000,3.185668,7.000000,80.032733,0.455095,2.000000,4.145464,14.000000,253.526971,0.296105,1.000000,1.608812,0.000000,52.967033,0.000000,1.000000,3.132530,7.000000,166.666667,0.447504,1.000000,1.844844,0.000000,51.901141,0.000000,1.000000,3.685538,7.000000,166.984127,0.526505,1.000000,2.159457,0.000000,40.229885,0.000000,7.000000,5.672269,16.000000,403.608247,0.354517,7.000000,1.385912,5.000000,108.379888,0.277182,4.000000,1.295318,8.000000,77.489177,0.161915,3.000000,2.000000,3.000000,26.000000,-1.000000,,,,63.010210,79.677819,81.957094,1.556871,1.232184,0.324688,31.288250,29.488754,15.321715,2.329990,3.218934,0.747923,0.096222,,0.000000,,52.732554,70.256410,67.350427,-0.084297,-0.125139,0.040841,20.479314,25.459077,19.105276,0.144796,0.040962,0.649778,0.009681,0.557299,0.000000,115.000000,230.103806,46.766917,0.786943,0.877642
2025-11-07T03:45:00Z,1.007095,no_impulse,0,HCLTECH,1h,-1.000000,275.348837,3.820094,19.000000,0.201058,-1.967910,-2.155084,-0.187105,1.406884,0.000000,67.823344,0.000000,2.000000,44.065120,17.333333,26.253968,0.000000,0.040172,0.182911,-0.142738,15.504002,22.382893,16.133940,-0.545008,-0.029030,2.495990,0.152748,0.015610,2.032182,16.000000,66.179541,0.127011,2.000000,44.065120,17.333333,26.253968,0.000000,0.040172,0.182911,-0.142738,15.504002,22.382893,16.133940,-0.545008,-0.029030,2.495990,0.152748,0.015610,3.167989,10.000000,127.733333,0.316799,1.000000,56.174813,68.893528,86.922201,0.000000,0.515018,0.405963,0.109054,22.420461,30.147096,24.636627,0.392267,1.286848,3.778274,0.609226,0.036055,2.420136,9.000000,113.293051,0.268904,8.000000,44.497393,9.333333,10.817703,1.000000,0.096002,0.311750,-0.215749,15.549144,26.060849,24.880333,-0.644031,0.024798,2.307748,0.232751,0.023944,2.182801,4.000000,106.430868,0.545700,1.000000,66.192616,90.634441,85.624128,0.000000,0.570821,0.481472,0.089349,20.336986,34.617520,17.854089,1.336930,2.331967,4.541577,0.816741,0.042781,2.009693,9.000000,46.766917,0.223299,2.000000,54.807154,63.157895,63.007519,1.000000,0.411966,0.467481,-0.055515,19.341864,25.362888,23.023995,0.277180,1.161459,3.243387,0.562873,0.044208,4.490209,4.000000,230.103806,1.122552,1.000000,69.119528,92.631579,96.161672,0.000000,0.610932,0.279224,0.331707,26.346733,35.387000,17.380520,2.045567,2.952771,4.783684,0.923365,0.049326,1.914034,4.000000,94.136808,0.478509,2.000000,42.433575,19.031142,39.001653,1.000000,-0.037103,0.046632,-0.083735,25.199066,22.140542,27.418288,-0.704232,-0.215285,1.383760,0.243615,0.027276,2.075446,10.000000,75.429975,0.207545,3.000000,2.677808,4.000000,120.414201,0.669452,4.000000,2.274410,10.000000,69.120654,0.227441,3.000000,3.185668,7.000000,80.032733,0.455095,2.000000,4.145464,14.000000,253.526971,0.296105,1.000000,1.608812,0.000000,52.967033,0.000000,1.000000,3.132530,7.000000,166.666667,0.447504,1.000000,1.844844,0.000000,51.901141,0.000000,1.000000,3.685538,7.000000,166.984127,0.526505,1.000000,2.159457,0.000000,40.229885,0.000000,7.000000,5.672269,16.000000,403.608247,0.354517,7.000000,1.385912,5.000000,108.379888,0.277182,4.000000,4.000000,1.000000,45.000000,-1.000000,,,,52.719926,41.140025,53.820735,1.228400,1.305074,-0.076673,28.520318,24.192887,22.181001,0.072314,1.014973,0.512348,0.058606,,0.000000,,23.569757,18.536585,20.593276,-0.157700,-0.047228,-0.110471,19.309930,11.856592,49.810926,-1.728351,-1.964731,-0.465498,0.017597,1.567078,2.714286,134.000000,230.103806,46.766917,0.861828,0.999157
2025-11-10T03:45:00Z,1.036419,no_impulse,0,HCLTECH,1h,1.000000,73.310811,2.911775,7.000000,0.415968,0.758851,0.410071,2.013184,3.820094,19.000000,275.348837,0.201058,4.000000,27.084831,16.814159,32.625628,0.000000,-0.385498,-0.254437,-0.131061,18.912303,12.000596,41.025513,-1.967910,-2.155084,-0.187105,-0.293275,0.024329,1.406884,0.000000,67.823344,0.000000,2.000000,44.065120,17.333333,26.253968,0.000000,0.040172,0.182911,-0.142738,15.504002,22.382893,16.133940,-0.545008,-0.029030,2.495990,0.152748,0.015610,2.032182,16.000000,66.179541,0.127011,2.000000,44.065120,17.333333,26.253968,0.000000,0.040172,0.182911,-0.142738,15.504002,22.382893,16.133940,-0.545008,-0.029030,2.495990,0.152748,0.015610,3.167989,10.000000,127.733333,0.316799,1.000000,56.174813,68.893528,86.922201,0.000000,0.515018,0.405963,0.109054,22.420461,30.147096,24.636627,0.392267,1.286848,3.778274,0.609226,0.036055,2.420136,9.000000,113.293051,0.268904,8.000000,44.497393,9.333333,10.817703,1.000000,0.096002,0.311750,-0.215749,15.549144,26.060849,24.880333,-0.644031,0.024798,2.307748,0.232751,0.023944,2.182801,4.000000,106.430868,0.545700,1.000000,66.192616,90.634441,85.624128,0.000000,0.570821,0.481472,0.089349,20.336986,34.617520,17.854089,1.336930,2.331967,4.541577,0.816741,0.042781,2.009693,9.000000,46.766917,0.223299,2.000000,54.807154,63.157895,63.007519,1.000000,0.411966,0.467481,-0.055515,19.341864,25.362888,23.023995,0.277180,1.161459,3.243387,0.562873,0.044208,4.490209,4.000000,230.103806,1.122552,1.000000,69.119528,92.631579,96.161672,0.000000,0.610932,0.279224,0.331707,26.346733,35.387000,17.380520,2.045567,2.952771,4.783684,0.923365,0.049326,1.914034,4.000000,94.136808,0.478509,2.000000,2.075446,10.000000,75.429975,0.207545,3.000000,2.677808,4.000000,120.414201,0.669452,4.000000,2.274410,10.000000,69.120654,0.227441,3.000000,3.185668,7.000000,80.032733,0.455095,2.000000,4.145464,14.000000,253.526971,0.296105,1.000000,1.608812,0.000000,52.967033,0.000000,1.000000,3.132530,7.000000,166.666667,0.447504,1.000000,1.844844,0.000000,51.901141,0.000000,1.000000,3.685538,7.000000,166.984127,0.526505,1.000000,2.159457,0.000000,40.229885,0.000000,7.000000,5.672269,16.000000,403.608247,0.354517,7.000000,3.000000,2.000000,52.000000,-1.000000,,,,59.619588,75.411914,58.346722,1.207517,1.266518,-0.059000,27.733580,28.853686,20.256468,1.714595,2.709932,0.804195,0.057348,,0.000000,,58.260230,70.000000,57.350607,-0.020259,-0.106406,0.086148,19.822079,30.188787,22.273402,0.441825,0.164799,1.029997,0.008373,1.141001,0.823529,141.000000,275.348837,46.766917,0.966526,0.934143
2025-11-10T03:45:00Z,1.021216,no_impulse,0,HCLTECH,1h,-1.000000,51.843318,1.466849,0.000000,0.000000,0.758851,0.410071,2.013184,2.911775,7.000000,73.310811,0.415968,3.000000,56.467197,97.004608,66.231810,1.000000,-0.336704,-0.394787,0.058083,26.410883,26.801375,25.112448,0.758851,0.410071,2.013184,0.787505,0.026596,3.820094,19.000000,275.348837,0.201058,4.000000,27.084831,16.814159,32.625628,0.000000,-0.385498,-0.254437,-0.131061,18.912303,12.000596,41.025513,-1.967910,-2.155084,-0.187105,-0.293275,0.024329,1.406884,0.000000,67.823344,0.000000,2.000000,44.065120,17.333333,26.253968,0.000000,0.040172,0.182911,-0.142738,15.504002,22.382893,16.133940,-0.545008,-0.029030,2.495990,0.152748,0.015610,2.032182,16.000000,66.179541,0.127011,2.000000,44.065120,17.333333,26.253968,0.000000,0.040172,0.182911,-0.142738,15.504002,22.382893,16.133940,-0.545008,-0.029030,2.495990,0.152748,0.015610,3.167989,10.000000,127.733333,0.316799,1.000000,56.174813,68.893528,86.922201,0.000000,0.515018,0.405963,0.109054,22.420461,30.147096,24.636627,0.392267,1.286848,3.778274,0.609226,0.036055,2.420136,9.000000,113.293051,0.268904,8.000000,44.497393,9.333333,10.817703,1.000000,0.096002,0.311750,-0.215749,15.549144,26.060849,24.880333,-0.644031,0.024798,2.307748,0.232751,0.023944,2.182801,4.000000,106.430868,0.545700,1.000000,66.192616,90.634441,85.624128,0.000000,0.570821,0.481472,0.089349,20.336986,34.617520,17.854089,1.336930,2.331967,4.541577,0.816741,0.042781,2.009693,9.000000,46.766917,0.223299,2.000000,54.807154,63.157895,63.007519,1.000000,0.411966,0.467481,-0.055515,19.341864,25.362888,23.023995,0.277180,1.161459,3.243387,0.562873,0.044208,4.490209,4.000000,230.103806,1.122552,1.000000,1.914034,4.000000,94.136808,0.478509,2.000000,2.075446,10.000000,75.429975,0.207545,3.000000,2.677808,4.000000,120.414201,0.669452,4.000000,2.274410,10.000000,69.120654,0.227441,3.000000,3.185668,7.000000,80.032733,0.455095,2.000000,4.145464,14.000000,253.526971,0.296105,1.000000,1.608812,0.000000,52.967033,0.000000,1.000000,3.132530,7.000000,166.666667,0.447504,1.000000,1.844844,0.000000,51.901141,0.000000,1.000000,3.685538,7.000000,166.984127,0.526505,1.000000,2.159457,0.000000,40.229885,0.000000,7.000000,3.000000,3.000000,52.000000,-1.000000,,,,59.619588,75.411914,58.346722,1.207517,1.266518,-0.059000,27.733580,28.853686,20.256468,1.714595,2.709932,0.804195,0.057348,,0.000000,,58.260230,70.000000,57.350607,-0.020259,-0.106406,0.086148,19.822079,30.188787,22.273402,0.441825,0.164799,1.029997,0.008373,0.556557,0.000000,,275.348837,46.766917,0.956849,1.068035
2025-11-13T07:45:00Z,1.084459,no_impulse,0,HCLTECH,1h,1.000000,416.000000,6.192934,25.000000,0.247717,0.979482,2.332009,4.919804,1.466849,0.000000,51.843318,0.000000,3.000000,56.467197,97.004608,66.231810,0.000000,-0.336704,-0.394787,0.058083,26.410883,26.801375,25.112448,0.758851,0.410071,2.013184,0.787505,0.026596,2.911775,7.000000,73.310811,0.415968,3.000000,56.467197,97.004608,66.231810,1.000000,-0.336704,-0.394787,0.058083,26.410883,26.801375,25.112448,0.758851,0.410071,2.013184,0.787505,0.026596,3.820094,19.000000,275.348837,0.201058,4.000000,27.084831,16.814159,32.625628,0.000000,-0.385498,-0.254437,-0.131061,18.912303,12.000596,41.025513,-1.967910,-2.155084,-0.187105,-0.293275,0.024329,1.406884,0.000000,67.823344,0.000000,2.000000,44.065120,17.333333,26.253968,0.000000,0.040172,0.182911,-0.142738,15.504002,22.382893,16.133940,-0.545008,-0.029030,2.495990,0.152748,0.015610,2.032182,16.000000,66.179541,0.127011,2.000000,44.065120,17.333333,26.253968,0.000000,0.040172,0.182911,-0.142738,15.504002,22.382893,16.133940,-0.545008,-0.029030,2.495990,0.152748,0.015610,3.167989,10.000000,127.733333,0.316799,1.000000,56.174813,68.893528,86.922201,0.000000,0.515018,0.405963,0.109054,22.420461,30.147096,24.636627,0.392267,1.286848,3.778274,0.609226,0.036055,2.420136,9.000000,113.293051,0.268904,8.000000,44.497393,9.333333,10.817703,1.000000,0.096002,0.311750,-0.215749,15.549144,26.060849,24.880333,-0.644031,0.024798,2.307748,0.232751,0.023944,2.182801,4.000000,106.430868,0.545700,1.000000,66.192616,90.634441,85.624128,0.000000,0.570821,0.481472,0.089349,20.336986,34.617520,17.854089,1.336930,2.331967,4.541577,0.816741,0.042781,2.009693,9.000000,46.766917,0.223299,2.000000,4.490209,4.000000,230.103806,1.122552,1.000000,1.914034,4.000000,94.136808,0.478509,2.000000,2.075446,10.000000,75.429975,0.207545,3.000000,2.677808,4.000000,120.414201,0.669452,4.000000,2.274410,10.000000,69.120654,0.227441,3.000000,3.185668,7.000000,80.032733,0.455095,2.000000,4.145464,14.000000,253.526971,0.296105,1.000000,1.608812,0.000000,52.967033,0.000000,1.000000,3.132530,7.000000,166.666667,0.447504,1.000000,1.844844,0.000000,51.901141,0.000000,1.000000,3.685538,7.000000,166.984127,0.526505,1.000000,1.000000,1.000000,77.000000,-1.000000,,,,68.443917,90.917031,93.253574,1.779318,1.453525,0.325793,29.693010,34.514084,16.585747,3.474075,5.167669,0.928995,0.083896,,0.000000,,60.865111,84.563758,89.176776,0.219967,0.215691,0.004276,36.648794,30.384736,12.839302,0.289479,0.920175,0.727612,0.012755,2.390299,3.205128,,275.348837,46.766917,1.003624,1.240904
2025-11-14T07:45:00Z,1.063581,no_impulse,0,HCLTECH,1h,-1.000000,33.012821,1.925234,7.000000,0.275033,-0.291248,0.863397,3.641385,6.192934,25.000000,416.000000,0.247717,1.000000,67.089385,79.020979,88.225988,1.000000,1.010560,0.993463,0.017097,45.432599,29.105932,11.433742,0.979482,2.332009,4.919804,0.694008,0.050986,1.466849,0.000000,51.843318,0.000000,3.000000,56.467197,97.004608,66.231810,0.000000,-0.336704,-0.394787,0.058083,26.410883,26.801375,25.112448,0.758851,0.410071,2.013184,0.787505,0.026596,2.911775,7.000000,73.310811,0.415968,3.000000,56.467197,97.004608,66.231810,1.000000,-0.336704,-0.394787,0.058083,26.410883,26.801375,25.112448,0.758851,0.410071,2.013184,0.787505,0.026596,3.820094,19.000000,275.348837,0.201058,4.000000,27.084831,16.814159,32.625628,0.000000,-0.385498,-0.254437,-0.131061,18.912303,12.000596,41.025513,-1.967910,-2.155084,-0.187105,-0.293275,0.024329,1.406884,0.000000,67.823344,0.000000,2.000000,44.065120,17.333333,26.253968,0.000000,0.040172,0.182911,-0.142738,15.504002,22.382893,16.133940,-0.545008,-0.029030,2.495990,0.152748,0.015610,2.032182,16.000000,66.179541,0.127011,2.000000,44.065120,17.333333,26.253968,0.000000,0.040172,0.182911,-0.142738,15.504002,22.382893,16.133940,-0.545008,-0.029030,2.495990,0.152748,0.015610,3.167989,10.000000,127.733333,0.316799,1.000000,56.174813,68.893528,86.922201,0.000000,0.515018,0.405963,0.109054,22.420461,30.147096,24.636627,0.392267,1.286848,3.778274,0.609226,0.036055,2.420136,9.000000,113.293051,0.268904,8.000000,44.497393,9.333333,10.817703,1.000000,0.096002,0.311750,-0.215749,15.549144,26.060849,24.880333,-0.644031,0.024798,2.307748,0.232751,0.023944,2.182801,4.000000,106.430868,0.545700,1.000000,2.009693,9.000000,46.766917,0.223299,2.000000,4.490209,4.000000,230.103806,1.122552,1.000000,1.914034,4.000000,94.136808,0.478509,2.000000,2.075446,10.000000,75.429975,0.207545,3.000000,2.677808,4.000000,120.414201,0.669452,4.000000,2.274410,10.000000,69.120654,0.227441,3.000000,3.185668,7.000000,80.032733,0.455095,2.000000,4.145464,14.000000,253.526971,0.296105,1.000000,1.608812,0.000000,52.967033,0.000000,1.000000,3.132530,7.000000,166.666667,0.447504,1.000000,1.844844,0.000000,51.901141,0.000000,1.000000,2.000000,2.000000,84.000000,-1.000000,,,,68.443917,90.917031,93.253574,1.779318,1.453525,0.325793,29.693010,34.514084,16.585747,3.474075,5.167669,0.928995,0.083896,,0.000000,,40.340745,29.707113,12.530695,-0.213700,-0.115700,-0.098000,23.144427,10.797004,25.814531,-0.501031,-0.491857,0.168122,0.015022,0.697262,0.707071,7.000000,416.000000,46.766917,1.419813,1.456306
2025-11-19T03:45:00Z,1.101757,no_impulse,0,HCLTECH,1h,1.000000,182.847896,3.589353,17.000000,0.211138,1.784174,2.689131,5.658031,1.925234,7.000000,33.012821,0.275033,2.000000,50.204161,18.770227,22.964788,0.000000,0.517957,0.775615,-0.257658,35.216322,17.841614,21.184419,-0.291248,0.863397,3.641385,0.359684,0.020696,6.192934,25.000000,416.000000,0.247717,1.000000,67.089385,79.020979,88.225988,1.000000,1.010560,0.993463,0.017097,45.432599,29.105932,11.433742,0.979482,2.332009,4.919804,0.694008,0.050986,1.466849,0.000000,51.843318,0.000000,3.000000,56.467197,97.004608,66.231810,0.000000,-0.336704,-0.394787,0.058083,26.410883,26.801375,25.112448,0.758851,0.410071,2.013184,0.787505,0.026596,2.911775,7.000000,73.310811,0.415968,3.000000,56.467197,97.004608,66.231810,1.000000,-0.336704,-0.394787,0.058083,26.410883,26.801375,25.112448,0.758851,0.410071,2.013184,0.787505,0.026596,3.820094,19.000000,275.348837,0.201058,4.000000,27.084831,16.814159,32.625628,0.000000,-0.385498,-0.254437,-0.131061,18.912303,12.000596,41.025513,-1.967910,-2.155084,-0.187105,-0.293275,0.024329,1.406884,0.000000,67.823344,0.000000,2.000000,44.065120,17.333333,26.253968,0.000000,0.040172,0.182911,-0.142738,15.504002,22.382893,16.133940,-0.545008,-0.029030,2.495990,0.152748,0.015610,2.032182,16.000000,66.179541,0.127011,2.000000,44.065120,17.333333,26.253968,0.000000,0.040172,0.182911,-0.142738,15.504002,22.382893,16.133940,-0.545008,-0.029030,2.495990,0.152748,0.015610,3.167989,10.000000,127.733333,0.316799,1.000000,56.174813,68.893528,86.922201,0.000000,0.515018,0.405963,0.109054,22.420461,30.147096,24.636627,0.392267,1.286848,3.778274,0.609226,0.036055,2.420136,9.000000,113.293051,0.268904,8.000000,2.182801,4.000000,106.430868,0.545700,1.000000,2.009693,9.000000,46.766917,0.223299,2.000000,4.490209,4.000000,230.103806,1.122552,1.000000,1.914034,4.000000,94.136808,0.478509,2.000000,2.075446,10.000000,75.429975,0.207545,3.000000,2.677808,4.000000,120.414201,0.669452,4.000000,2.274410,10.000000,69.120654,0.227441,3.000000,3.185668,7.000000,80.032733,0.455095,2.000000,4.145464,14.000000,253.526971,0.296105,1.000000,1.608812,0.000000,52.967033,0.000000,1.000000,3.132530,7.000000,166.666667,0.447504,1.000000,1.000000,3.000000,101.000000,-1.000000,,,,75.543400,96.145251,94.790169,2.136898,1.665642,0.471256,32.662529,42.552466,12.084081,6.109795,8.298320,1.123841,0.104312,,0.000000,,63.612744,92.696629,61.459416,0.031202,-0.008649,0.039851,15.060181,29.690947,16.906258,0.552582,0.611397,1.253194,0.007377,1.303945,1.752577,24.000000,416.000000,33.012821,1.425021,1.177701
2025-11-19T03:45:00Z,1.073378,no_impulse,0,HCLTECH,1h,-1.000000,74.336283,2.575739,0.000000,0.000000,1.784174,2.689131,5.658031,3.589353,17.000000,182.847896,0.211138,1.000000,70.560213,90.687361,56.505397,1.000000,0.359956,0.346213,0.013743,17.992110,38.919484,16.103339,1.784174,2.689131,5.658031,1.249639,0.024233,1.925234,7.000000,33.012821,0.275033,2.000000,50.204161,18.770227,22.964788,0.000000,0.517957,0.775615,-0.257658,35.216322,17.841614,21.184419,-0.291248,0.863397,3.641385,0.359684,0.020696,6.192934,25.000000,416.000000,0.247717,1.000000,67.089385,79.020979,88.225988,1.000000,1.010560,0.993463,0.017097,45.432599,29.105932,11.433742,0.979482,2.332009,4.919804,0.694008,0.050986,1.466849,0.000000,51.843318,0.000000,3.000000,56.467197,97.004608,66.231810,0.000000,-0.336704,-0.394787,0.058083,26.410883,26.801375,25.112448,0.758851,0.410071,2.013184,0.787505,0.026596,2.911775,7.000000,73.310811,0.415968,3.000000,56.467197,97.004608,66.231810,1.000000,-0.336704,-0.394787,0.058083,26.410883,26.801375,25.112448,0.758851,0.410071,2.013184,0.787505,0.026596,3.820094,19.000000,275.348837,0.201058,4.000000,27.084831,16.814159,32.625628,0.000000,-0.385498,-0.254437,-0.131061,18.912303,12.000596,41.025513,-1.967910,-2.155084,-0.187105,-0.293275,0.024329,1.406884,0.000000,67.823344,0.000000,2.000000,44.065120,17.333333,26.253968,0.000000,0.040172,0.182911,-0.142738,15.504002,22.382893,16.133940,-0.545008,-0.029030,2.495990,0.152748,0.015610,2.032182,16.000000,66.179541,0.127011,2.000000,44.065120,17.333333,26.253968,0.000000,0.040172,0.182911,-0.142738,15.504002,22.382893,16.133940,-0.545008,-0.029030,2.495990,0.152748,0.015610,3.167989,10.000000,127.733333,0.316799,1.000000,2.420136,9.000000,113.293051,0.268904,8.000000,2.182801,4.000000,106.430868,0.545700,1.000000,2.009693,9.000000,46.766917,0.223299,2.000000,4.490209,4.000000,230.103806,1.122552,1.000000,1.914034,4.000000,94.136808,0.478509,2.000000,2.075446,10.000000,75.429975,0.207545,3.000000,2.677808,4.000000,120.414201,0.669452,4.000000,2.274410,10.000000,69.120654,0.227441,3.000000,3.185668,7.000000,80.032733,0.455095,2.000000,4.145464,14.000000,253.526971,0.296105,1.000000,1.608812,0.000000,52.967033,0.000000,1.000000,1.000000,4.000000,101.000000,-1.000000,,,,75.543400,96.145251,94.790169,2.136898,1.665642,0.471256,32.662529,42.552466,12.084081,6.109795,8.298320,1.123841,0.104312,,0.000000,,63.612744,92.696629,61.459416,0.031202,-0.008649,0.039851,15.060181,29.690947,16.906258,0.552582,0.611397,1.253194,0.007377,0.890229,0.000000,24.000000,416.000000,33.012821,1.431921,1.427970
2025-11-19T08:45:00Z,1.128041,no_impulse,0,HCLTECH,1h,1.000000,192.619048,5.092534,5.000000,1.018507,2.441173,3.973890,7.350948,2.575739,0.000000,74.336283,0.000000,1.000000,70.560213,90.687361,56.505397,0.000000,0.359956,0.346213,0.013743,17.992110,38.919484,16.103339,1.784174,2.689131,5.658031,1.249639,0.024233,3.589353,17.000000,182.847896,0.211138,1.000000,70.560213,90.687361,56.505397,1.000000,0.359956,0.346213,0.013743,17.992110,38.919484,16.103339,1.784174,2.689131,5.658031,1.249639,0.024233,1.925234,7.000000,33.012821,0.275033,2.000000,50.204161,18.770227,22.964788,0.000000,0.517957,0.775615,-0.257658,35.216322,17.841614,21.184419,-0.291248,0.863397,3.641385,0.359684,0.020696,6.192934,25.000000,416.000000,0.247717,1.000000,67.089385,79.020979,88.225988,1.000000,1.010560,0.993463,0.017097,45.432599,29.105932,11.433742,0.979482,2.332009,4.919804,0.694008,0.050986,1.466849,0.000000,51.843318,0.000000,3.000000,56.467197,97.004608,66.231810,0.000000,-0.336704,-0.394787,0.058083,26.410883,26.801375,25.112448,0.758851,0.410071,2.013184,0.787505,0.026596,2.911775,7.000000,73.310811,0.415968,3.000000,56.467197,97.004608,66.231810,1.000000,-0.336704,-0.394787,0.058083,26.410883,26.801375,25.112448,0.758851,0.410071,2.013184,0.787505,0.026596,3.820094,19.000000,275.348837,0.201058,4.000000,27.084831,16.814159,32.625628,0.000000,-0.385498,-0.254437,-0.131061,18.912303,12.000596,41.025513,-1.967910,-2.155084,-0.187105,-0.293275,0.024329,1.406884,0.000000,67.823344,0.000000,2.000000,44.065120,17.333333,26.253968,0.000000,0.040172,0.182911,-0.142738,15.504002,22.382893,16.133940,-0.545008,-0.029030,2.495990,0.152748,0.015610,2.032182,16.000000,66.179541,0.127011,2.000000,3.167989,10.000000,127.733333,0.316799,1.000000,2.420136,9.000000,113.293051,0.268904,8.000000,2.182801,4.000000,106.430868,0.545700,1.000000,2.009693,9.000000,46.766917,0.223299,2.000000,4.490209,4.000000,230.103806,1.122552,1.000000,1.914034,4.000000,94.136808,0.478509,2.000000,2.075446,10.000000,75.429975,0.207545,3.000000,2.677808,4.000000,120.414201,0.669452,4.000000,2.274410,10.000000,69.120654,0.227441,3.000000,3.185668,7.000000,80.032733,0.455095,2.000000,4.145464,14.000000,253.526971,0.296105,1.000000,1.000000,5.000000,106.000000,-1.000000,,,,70.224222,86.536313,90.672012,2.297427,1.805928,0.491499,34.312747,39.937559,11.341498,4.639912,7.051895,0.955555,0.106808,,0.000000,,76.858253,84.300341,91.199738,0.899847,0.917792,-0.017945,63.101982,38.456875,4.127717,0.949149,2.259996,0.733938,0.040962,1.750672,0.495050,29.000000,416.000000,33.012821,1.427044,0.765292
2025-11-21T08:45:00Z,1.085135,no_impulse,0,HCLTECH,1h,-1.000000,78.491965,3.803534,14.000000,0.271681,-1.424252,-0.401847,3.368387,5.092534,5.000000,192.619048,1.018507,1.000000,77.649806,91.594561,96.083071,1.000000,1.147284,0.749410,0.397874,31.132489,43.562909,10.005887,2.441173,3.973890,7.350948,0.872352,0.067201,2.575739,0.000000,74.336283,0.000000,1.000000,70.560213,90.687361,56.505397,0.000000,0.359956,0.346213,0.013743,17.992110,38.919484,16.103339,1.784174,2.689131,5.658031,1.249639,0.024233,3.589353,17.000000,182.847896,0.211138,1.000000,70.560213,90.687361,56.505397,1.000000,0.359956,0.346213,0.013743,17.992110,38.919484,16.103339,1.784174,2.689131,5.658031,1.249639,0.024233,1.925234,7.000000,33.012821,0.275033,2.000000,50.204161,18.770227,22.964788,0.000000,0.517957,0.775615,-0.257658,35.216322,17.841614,21.184419,-0.291248,0.863397,3.641385,0.359684,0.020696,6.192934,25.000000,416.000000,0.247717,1.000000,67.089385,79.020979,88.225988,1.000000,1.010560,0.993463,0.017097,45.432599,29.105932,11.433742,0.979482,2.332009,4.919804,0.694008,0.050986,1.466849,0.000000,51.843318,0.000000,3.000000,56.467197,97.004608,66.231810,0.000000,-0.336704,-0.394787,0.058083,26.410883,26.801375,25.112448,0.758851,0.410071,2.013184,0.787505,0.026596,2.911775,7.000000,73.310811,0.415968,3.000000,56.467197,97.004608,66.231810,1.000000,-0.336704,-0.394787,0.058083,26.410883,26.801375,25.112448,0.758851,0.410071,2.013184,0.787505,0.026596,3.820094,19.000000,275.348837,0.201058,4.000000,27.084831,16.814159,32.625628,0.000000,-0.385498,-0.254437,-0.131061,18.912303,12.000596,41.025513,-1.967910,-2.155084,-0.187105,-0.293275,0.024329,1.406884,0.000000,67.823344,0.000000,2.000000,2.032182,16.000000,66.179541,0.127011,2.000000,3.167989,10.000000,127.733333,0.316799,1.000000,2.420136,9.000000,113.293051,0.268904,8.000000,2.182801,4.000000,106.430868,0.545700,1.000000,2.009693,9.000000,46.766917,0.223299,2.000000,4.490209,4.000000,230.103806,1.122552,1.000000,1.914034,4.000000,94.136808,0.478509,2.000000,2.075446,10.000000,75.429975,0.207545,3.000000,2.677808,4.000000,120.414201,0.669452,4.000000,2.274410,10.000000,69.120654,0.227441,3.000000,3.185668,7.000000,80.032733,0.455095,2.000000,2.000000,6.000000,120.000000,-1.000000,,,,60.284359,65.642458,82.774674,2.249320,1.928209,0.321111,34.123352,36.271815,18.826891,2.191297,4.698276,0.710093,0.106638,,0.000000,,14.124732,2.690583,5.341305,-0.482792,-0.415615,-0.067177,48.775635,7.010576,38.872237,-0.892971,-1.368171,-0.051571,0.016046,1.226409,1.458333,,416.000000,33.012821,1.586710,1.174503
2025-11-24T03:45:00Z,1.108108,no_impulse,0,HCLTECH,1h,1.000000,53.543307,2.117061,2.000000,1.058531,-0.096684,0.758577,4.424676,3.803534,14.000000,78.491965,0.271681,2.000000,35.459568,2.403846,1.683323,1.000000,0.091653,0.521455,-0.429802,25.432222,19.490362,37.621322,-1.424252,-0.401847,3.368387,0.171145,0.042701,5.092534,5.000000,192.619048,1.018507,1.000000,77.649806,91.594561,96.083071,1.000000,1.147284,0.749410,0.397874,31.132489,43.562909,10.005887,2.441173,3.973890,7.350948,0.872352,0.067201,2.575739,0.000000,74.336283,0.000000,1.000000,70.560213,90.687361,56.505397,0.000000,0.359956,0.346213,0.013743,17.992110,38.919484,16.103339,1.784174,2.689131,5.658031,1.249639,0.024233,3.589353,17.000000,182.847896,0.211138,1.000000,70.560213,90.687361,56.505397,1.000000,0.359956,0.346213,0.013743,17.992110,38.919484,16.103339,1.784174,2.689131,5.658031,1.249639,0.024233,1.925234,7.000000,33.012821,0.275033,2.000000,50.204161,18.770227,22.964788,0.000000,0.517957,0.775615,-0.257658,35.216322,17.841614,21.184419,-0.291248,0.863397,3.641385,0.359684,0.020696,6.192934,25.000000,416.000000,0.247717,1.000000,67.089385,79.020979,88.225988,1.000000,1.010560,0.993463,0.017097,45.432599,29.105932,11.433742,0.979482,2.332009,4.919804,0.694008,0.050986,1.466849,0.000000,51.843318,0.000000,3.000000,56.467197,97.004608,66.231810,0.000000,-0.336704,-0.394787,0.058083,26.410883,26.801375,25.112448,0.758851,0.410071,2.013184,0.787505,0.026596,2.911775,7.000000,73.310811,0.415968,3.000000,56.467197,97.004608,66.231810,1.000000,-0.336704,-0.394787,0.058083,26.410883,26.801375,25.112448,0.758851,0.410071,2.013184,0.787505,0.026596,3.820094,19.000000,275.348837,0.201058,4.000000,1.406884,0.000000,67.823344,0.000000,2.000000,2.032182,16.000000,66.179541,0.127011,2.000000,3.167989,10.000000,127.733333,0.316799,1.000000,2.420136,9.000000,113.293051,0.268904,8.000000,2.182801,4.000000,106.430868,0.545700,1.000000,2.009693,9.000000,46.766917,0.223299,2.000000,4.490209,4.000000,230.103806,1.122552,1.000000,1.914034,4.000000,94.136808,0.478509,2.000000,2.075446,10.000000,75.429975,0.207545,3.000000,2.677808,4.000000,120.414201,0.669452,4.000000,2.274410,10.000000,69.120654,0.227441,3.000000,3.000000,1.000000,122.000000,-1.000000,,,,60.669085,66.983240,73.054004,2.152824,1.970834,0.181991,33.816588,33.183217,17.935262,2.114485,4.650489,0.704444,0.105661,,0.000000,,65.252434,100.000000,39.565217,-0.353930,-0.446325,0.092395,53.027757,37.841225,22.432962,1.101380,0.604694,0.986907,0.022872,0.645742,0.212766,,416.000000,33.012821,1.552595,0.979867
2025-11-25T04:45:00Z,1.076081,no_impulse,0,HCLTECH,1h,-1.000000,139.411765,2.890244,8.000000,0.361280,-1.388469,-1.042661,2.399726,2.117061,2.000000,53.543307,1.058531,3.000000,50.200633,37.184116,14.691714,0.000000,-0.015603,0.323808,-0.339412,24.760165,35.455661,28.915444,-0.096684,0.758577,4.424676,0.479319,0.046706,3.803534,14.000000,78.491965,0.271681,2.000000,35.459568,2.403846,1.683323,1.000000,0.091653,0.521455,-0.429802,25.432222,19.490362,37.621322,-1.424252,-0.401847,3.368387,0.171145,0.042701,5.092534,5.000000,192.619048,1.018507,1.000000,77.649806,91.594561,96.083071,1.000000,1.147284,0.749410,0.397874,31.132489,43.562909,10.005887,2.441173,3.973890,7.350948,0.872352,0.067201,2.575739,0.000000,74.336283,0.000000,1.000000,70.560213,90.687361,56.505397,0.000000,0.359956,0.346213,0.013743,17.992110,38.919484,16.103339,1.784174,2.689131,5.658031,1.249639,0.024233,3.589353,17.000000,182.847896,0.211138,1.000000,70.560213,90.687361,56.505397,1.000000,0.359956,0.346213,0.013743,17.992110,38.919484,16.103339,1.784174,2.689131,5.658031,1.249639,0.024233,1.925234,7.000000,33.012821,0.275033,2.000000,50.204161,18.770227,22.964788,0.000000,0.517957,0.775615,-0.257658,35.216322,17.841614,21.184419,-0.291248,0.863397,3.641385,0.359684,0.020696,6.192934,25.000000,416.000000,0.247717,1.000000,67.089385,79.020979,88.225988,1.000000,1.010560,0.993463,0.017097,45.432599,29.105932,11.433742,0.979482,2.332009,4.919804,0.694008,0.050986,1.466849,0.000000,51.843318,0.000000,3.000000,56.467197,97.004608,66.231810,0.000000,-0.336704,-0.394787,0.058083,26.410883,26.801375,25.112448,0.758851,0.410071,2.013184,0.787505,0.026596,2.911775,7.000000,73.310811,0.415968,3.000000,3.820094,19.000000,275.348837,0.201058,4.000000,1.406884,0.000000,67.823344,0.000000,2.000000,2.032182,16.000000,66.179541,0.127011,2.000000,3.167989,10.000000,127.733333,0.316799,1.000000,2.420136,9.000000,113.293051,0.268904,8.000000,2.182801,4.000000,106.430868,0.545700,1.000000,2.009693,9.000000,46.766917,0.223299,2.000000,4.490209,4.000000,230.103806,1.122552,1.000000,1.914034,4.000000,94.136808,0.478509,2.000000,2.075446,10.000000,75.429975,0.207545,3.000000,2.677808,4.000000,120.414201,0.669452,4.000000,4.000000,2.000000,130.000000,-1.000000,,,,58.311847,61.787709,64.804469,2.020917,1.990008,0.030909,33.091793,31.157752,19.231009,1.398687,3.935998,0.636177,0.104168,,0.000000,,26.190632,1.346801,16.085297,-0.375640,-0.254942,-0.120698,24.839168,14.990316,33.178712,-1.022287,-1.494544,0.031192,0.021585,0.862885,0.833333,,416.000000,33.012821,1.471603,1.361272
2025-12-02T03:45:00Z,1.116824,no_impulse,0,HCLTECH,1h,1.000000,127.215190,3.786261,34.000000,0.111361,0.015461,0.455162,3.288795,2.890244,8.000000,139.411765,0.361280,4.000000,33.250854,10.548523,15.726001,1.000000,-0.322967,-0.089251,-0.233716,18.358766,23.498225,31.320408,-1.388469,-1.042661,2.399726,0.134195,0.037437,2.117061,2.000000,53.543307,1.058531,3.000000,50.200633,37.184116,14.691714,0.000000,-0.015603,0.323808,-0.339412,24.760165,35.455661,28.915444,-0.096684,0.758577,4.424676,0.479319,0.046706,3.803534,14.000000,78.491965,0.271681,2.000000,35.459568,2.403846,1.683323,1.000000,0.091653,0.521455,-0.429802,25.432222,19.490362,37.621322,-1.424252,-0.401847,3.368387,0.171145,0.042701,5.092534,5.000000,192.619048,1.018507,1.000000,77.649806,91.594561,96.083071,1.000000,1.147284,0.749410,0.397874,31.132489,43.562909,10.005887,2.441173,3.973890,7.350948,0.872352,0.067201,2.575739,0.000000,74.336283,0.000000,1.000000,70.560213,90.687361,56.505397,0.000000,0.359956,0.346213,0.013743,17.992110,38.919484,16.103339,1.784174,2.689131,5.658031,1.249639,0.024233,3.589353,17.000000,182.847896,0.211138,1.000000,70.560213,90.687361,56.505397,1.000000,0.359956,0.346213,0.013743,17.992110,38.919484,16.103339,1.784174,2.689131,5.658031,1.249639,0.024233,1.925234,7.000000,33.012821,0.275033,2.000000,50.204161,18.770227,22.964788,0.000000,0.517957,0.775615,-0.257658,35.216322,17.841614,21.184419,-0.291248,0.863397,3.641385,0.359684,0.020696,6.192934,25.000000,416.000000,0.247717,1.000000,67.089385,79.020979,88.225988,1.000000,1.010560,0.993463,0.017097,45.432599,29.105932,11.433742,0.979482,2.332009,4.919804,0.694008,0.050986,1.466849,0.000000,51.843318,0.000000,3.000000,2.911775,7.000000,73.310811,0.415968,3.000000,3.820094,19.000000,275.348837,0.201058,4.000000,1.406884,0.000000,67.823344,0.000000,2.000000,2.032182,16.000000,66.179541,0.127011,2.000000,3.167989,10.000000,127.733333,0.316799,1.000000,2.420136,9.000000,113.293051,0.268904,8.000000,2.182801,4.000000,106.430868,0.545700,1.000000,2.009693,9.000000,46.766917,0.223299,2.000000,4.490209,4.000000,230.103806,1.122552,1.000000,1.914034,4.000000,94.136808,0.478509,2.000000,2.075446,10.000000,75.429975,0.207545,3.000000,7.000000,3.000000,164.000000,-1.000000,,,,62.683647,64.360587,67.114794,1.862286,1.907721,-0.045434,32.613729,30.727935,14.391012,2.216947,4.934422,0.721370,0.102417,,0.000000,,62.369007,55.376344,58.349492,0.141392,0.130068,0.011324,14.860084,33.306756,13.928042,0.377140,0.637977,1.050833,0.006873,1.162669,4.000000,,416.000000,33.012821,1.467937,0.782655
2025-12-02T05:45:00Z,1.097297,no_impulse,0,HCLTECH,1h,-1.000000,47.927032,1.748442,2.000000,0.874221,0.034029,0.446691,3.252284,3.786261,34.000000,127.215190,0.111361,7.000000,51.829248,38.348083,67.570573,0.000000,0.271295,0.251284,0.020011,31.422232,29.701876,10.073449,0.015461,0.455162,3.288795,0.509913,0.015598,2.890244,8.000000,139.411765,0.361280,4.000000,33.250854,10.548523,15.726001,1.000000,-0.322967,-0.089251,-0.233716,18.358766,23.498225,31.320408,-1.388469,-1.042661,2.399726,0.134195,0.037437,2.117061,2.000000,53.543307,1.058531,3.000000,50.200633,37.184116,14.691714,0.000000,-0.015603,0.323808,-0.339412,24.760165,35.455661,28.915444,-0.096684,0.758577,4.424676,0.479319,0.046706,3.803534,14.000000,78.491965,0.271681,2.000000,35.459568,2.403846,1.683323,1.000000,0.091653,0.521455,-0.429802,25.432222,19.490362,37.621322,-1.424252,-0.401847,3.368387,0.171145,0.042701,5.092534,5.000000,192.619048,1.018507,1.000000,77.649806,91.594561,96.083071,1.000000,1.147284,0.749410,0.397874,31.132489,43.562909,10.005887,2.441173,3.973890,7.350948,0.872352,0.067201,2.575739,0.000000,74.336283,0.000000,1.000000,70.560213,90.687361,56.505397,0.000000,0.359956,0.346213,0.013743,17.992110,38.919484,16.103339,1.784174,2.689131,5.658031,1.249639,0.024233,3.589353,17.000000,182.847896,0.211138,1.000000,70.560213,90.687361,56.505397,1.000000,0.359956,0.346213,0.013743,17.992110,38.919484,16.103339,1.784174,2.689131,5.658031,1.249639,0.024233,1.925234,7.000000,33.012821,0.275033,2.000000,50.204161,18.770227,22.964788,0.000000,0.517957,0.775615,-0.257658,35.216322,17.841614,21.184419,-0.291248,0.863397,3.641385,0.359684,0.020696,6.192934,25.000000,416.000000,0.247717,1.000000,1.466849,0.000000,51.843318,0.000000,3.000000,2.911775,7.000000,73.310811,0.415968,3.000000,3.820094,19.000000,275.348837,0.201058,4.000000,1.406884,0.000000,67.823344,0.000000,2.000000,2.032182,16.000000,66.179541,0.127011,2.000000,3.167989,10.000000,127.733333,0.316799,1.000000,2.420136,9.000000,113.293051,0.268904,8.000000,2.182801,4.000000,106.430868,0.545700,1.000000,2.009693,9.000000,46.766917,0.223299,2.000000,4.490209,4.000000,230.103806,1.122552,1.000000,1.914034,4.000000,94.136808,0.478509,2.000000,2.000000,1.000000,2.000000,-1.000000,,,,62.683647,64.360587,67.114794,1.862286,1.907721,-0.045434,32.613729,30.727935,14.391012,2.216947,4.934422,0.721370,0.102417,,0.000000,,36.028773,1.742160,10.123731,-0.091935,0.004812,-0.096746,11.699877,21.313252,25.213708,-0.601002,-0.537829,-0.004085,0.011851,0.522864,0.178571,,416.000000,33.012821,1.471162,0.766537
2025-12-03T03:45:00Z,1.117973,no_impulse,0,HCLTECH,1h,1.000000,105.882353,1.884236,5.000000,0.376847,0.043172,0.418237,3.163512,1.748442,2.000000,47.927032,0.874221,2.000000,52.138466,39.823009,40.019666,0.000000,0.217604,0.243435,-0.025831,31.931494,26.143082,14.156454,0.034029,0.446691,3.252284,0.524555,0.013863,3.786261,34.000000,127.215190,0.111361,7.000000,51.829248,38.348083,67.570573,0.000000,0.271295,0.251284,0.020011,31.422232,29.701876,10.073449,0.015461,0.455162,3.288795,0.509913,0.015598,2.890244,8.000000,139.411765,0.361280,4.000000,33.250854,10.548523,15.726001,1.000000,-0.322967,-0.089251,-0.233716,18.358766,23.498225,31.320408,-1.388469,-1.042661,2.399726,0.134195,0.037437,2.117061,2.000000,53.543307,1.058531,3.000000,50.200633,37.184116,14.691714,0.000000,-0.015603,0.323808,-0.339412,24.760165,35.455661,28.915444,-0.096684,0.758577,4.424676,0.479319,0.046706,3.803534,14.000000,78.491965,0.271681,2.000000,35.459568,2.403846,1.683323,1.000000,0.091653,0.521455,-0.429802,25.432222,19.490362,37.621322,-1.424252,-0.401847,3.368387,0.171145,0.042701,5.092534,5.000000,192.619048,1.018507,1.000000,77.649806,91.594561,96.083071,1.000000,1.147284,0.749410,0.397874,31.132489,43.562909,10.005887,2.441173,3.973890,7.350948,0.872352,0.067201,2.575739,0.000000,74.336283,0.000000,1.000000,70.560213,90.687361,56.505397,0.000000,0.359956,0.346213,0.013743,17.992110,38.919484,16.103339,1.784174,2.689131,5.658031,1.249639,0.024233,3.589353,17.000000,182.847896,0.211138,1.000000,70.560213,90.687361,56.505397,1.000000,0.359956,0.346213,0.013743,17.992110,38.919484,16.103339,1.784174,2.689131,5.658031,1.249639,0.024233,1.925234,7.000000,33.012821,0.275033,2.000000,6.192934,25.000000,416.000000,0.247717,1.000000,1.466849,0.000000,51.843318,0.000000,3.000000,2.911775,7.000000,73.310811,0.415968,3.000000,3.820094,19.000000,275.348837,0.201058,4.000000,1.406884,0.000000,67.823344,0.000000,2.000000,2.032182,16.000000,66.179541,0.127011,2.000000,3.167989,10.000000,127.733333,0.316799,1.000000,2.420136,9.000000,113.293051,0.268904,8.000000,2.182801,4.000000,106.430868,0.545700,1.000000,2.009693,9.000000,46.766917,0.223299,2.000000,4.490209,4.000000,230.103806,1.122552,1.000000,1.000000,2.000000,7.000000,-1.000000,,,,63.593229,69.601677,68.751310,1.832743,1.888074,-0.055330,32.916546,29.150904,13.450820,2.275454,5.019299,0.740358,0.096874,,0.000000,,57.359081,31.674208,48.623064,0.032420,0.009011,0.023409,23.549529,41.285835,10.269882,0.243909,0.311496,0.797727,0.008212,0.558767,0.438596,,416.000000,33.012821,1.433451,0.764991
2025-12-03T04:45:00Z,1.102027,no_impulse,0,HCLTECH,1h,-1.000000,77.124183,1.426327,1.000000,1.426327,0.088851,0.454511,3.184818,1.884236,5.000000,105.882353,0.376847,1.000000,52.457544,32.026144,39.813936,0.000000,0.158282,0.200672,-0.042390,34.917949,36.065371,9.955931,0.043172,0.418237,3.163512,0.536711,0.011765,1.748442,2.000000,47.927032,0.874221,2.000000,52.138466,39.823009,40.019666,0.000000,0.217604,0.243435,-0.025831,31.931494,26.143082,14.156454,0.034029,0.446691,3.252284,0.524555,0.013863,3.786261,34.000000,127.215190,0.111361,7.000000,51.829248,38.348083,67.570573,0.000000,0.271295,0.251284,0.020011,31.422232,29.701876,10.073449,0.015461,0.455162,3.288795,0.509913,0.015598,2.890244,8.000000,139.411765,0.361280,4.000000,33.250854,10.548523,15.726001,1.000000,-0.322967,-0.089251,-0.233716,18.358766,23.498225,31.320408,-1.388469,-1.042661,2.399726,0.134195,0.037437,2.117061,2.000000,53.543307,1.058531,3.000000,50.200633,37.184116,14.691714,0.000000,-0.015603,0.323808,-0.339412,24.760165,35.455661,28.915444,-0.096684,0.758577,4.424676,0.479319,0.046706,3.803534,14.000000,78.491965,0.271681,2.000000,35.459568,2.403846,1.683323,1.000000,0.091653,0.521455,-0.429802,25.432222,19.490362,37.621322,-1.424252,-0.401847,3.368387,0.171145,0.042701,5.092534,5.000000,192.619048,1.018507,1.000000,77.649806,91.594561,96.083071,1.000000,1.147284,0.749410,0.397874,31.132489,43.562909,10.005887,2.441173,3.973890,7.350948,0.872352,0.067201,2.575739,0.000000,74.336283,0.000000,1.000000,70.560213,90.687361,56.505397,0.000000,0.359956,0.346213,0.013743,17.992110,38.919484,16.103339,1.784174,2.689131,5.658031,1.249639,0.024233,3.589353,17.000000,182.847896,0.211138,1.000000,1.925234,7.000000,33.012821,0.275033,2.000000,6.192934,25.000000,416.000000,0.247717,1.000000,1.466849,0.000000,51.843318,0.000000,3.000000,2.911775,7.000000,73.310811,0.415968,3.000000,3.820094,19.000000,275.348837,0.201058,4.000000,1.406884,0.000000,67.823344,0.000000,2.000000,2.032182,16.000000,66.179541,0.127011,2.000000,3.167989,10.000000,127.733333,0.316799,1.000000,2.420136,9.000000,113.293051,0.268904,8.000000,2.182801,4.000000,106.430868,0.545700,1.000000,2.009693,9.000000,46.766917,0.223299,2.000000,2.000000,3.000000,8.000000,-1.000000,,,,63.593229,69.601677,68.751310,1.832743,1.888074,-0.055330,32.916546,29.150904,13.450820,2.275454,5.019299,0.740358,0.096874,,0.000000,,57.509121,44.186047,24.799742,0.024996,0.011544,0.013452,29.192135,38.169598,12.438075,0.286388,0.345410,1.074483,0.004999,0.484937,0.106383,95.000000,192.619048,33.012821,1.100176,0.842024
2025-12-04T04:45:00Z,1.129730,no_impulse,0,HCLTECH,1h,1.000000,173.728814,2.513795,7.000000,0.359114,1.334977,1.862958,4.582279,1.426327,1.000000,77.124183,1.426327,2.000000,53.436623,34.967320,34.557222,1.000000,0.147552,0.189960,-0.042407,36.476194,32.681145,9.021707,0.088851,0.454511,3.184818,0.575765,0.011738,1.884236,5.000000,105.882353,0.376847,1.000000,52.457544,32.026144,39.813936,0.000000,0.158282,0.200672,-0.042390,34.917949,36.065371,9.955931,0.043172,0.418237,3.163512,0.536711,0.011765,1.748442,2.000000,47.927032,0.874221,2.000000,52.138466,39.823009,40.019666,0.000000,0.217604,0.243435,-0.025831,31.931494,26.143082,14.156454,0.034029,0.446691,3.252284,0.524555,0.013863,3.786261,34.000000,127.215190,0.111361,7.000000,51.829248,38.348083,67.570573,0.000000,0.271295,0.251284,0.020011,31.422232,29.701876,10.073449,0.015461,0.455162,3.288795,0.509913,0.015598,2.890244,8.000000,139.411765,0.361280,4.000000,33.250854,10.548523,15.726001,1.000000,-0.322967,-0.089251,-0.233716,18.358766,23.498225,31.320408,-1.388469,-1.042661,2.399726,0.134195,0.037437,2.117061,2.000000,53.543307,1.058531,3.000000,50.200633,37.184116,14.691714,0.000000,-0.015603,0.323808,-0.339412,24.760165,35.455661,28.915444,-0.096684,0.758577,4.424676,0.479319,0.046706,3.803534,14.000000,78.491965,0.271681,2.000000,35.459568,2.403846,1.683323,1.000000,0.091653,0.521455,-0.429802,25.432222,19.490362,37.621322,-1.424252,-0.401847,3.368387,0.171145,0.042701,5.092534,5.000000,192.619048,1.018507,1.000000,77.649806,91.594561,96.083071,1.000000,1.147284,0.749410,0.397874,31.132489,43.562909,10.005887,2.441173,3.973890,7.350948,0.872352,0.067201,2.575739,0.000000,74.336283,0.000000,1.000000,3.589353,17.000000,182.847896,0.211138,1.000000,1.925234,7.000000,33.012821,0.275033,2.000000,6.192934,25.000000,416.000000,0.247717,1.000000,1.466849,0.000000,51.843318,0.000000,3.000000,2.911775,7.000000,73.310811,0.415968,3.000000,3.820094,19.000000,275.348837,0.201058,4.000000,1.406884,0.000000,67.823344,0.000000,2.000000,2.032182,16.000000,66.179541,0.127011,2.000000,3.167989,10.000000,127.733333,0.316799,1.000000,2.420136,9.000000,113.293051,0.268904,8.000000,2.182801,4.000000,106.430868,0.545700,1.000000,1.000000,4.000000,15.000000,-1.000000,,,,66.102481,79.884393,71.282219,1.845856,1.866758,-0.020902,33.649769,31.214560,12.386778,2.812211,5.600119,0.821519,0.089997,,0.000000,,73.199416,76.323120,85.513697,0.368841,0.199096,0.169745,42.626642,44.028138,6.955083,1.013092,1.370510,0.942592,0.023124,0.869412,0.795455,102.000000,192.619048,47.927032,1.161001,0.575308
2025-12-04T08:45:00Z,1.112770,no_impulse,0,HCLTECH,1h,-1.000000,61.219512,1.501196,4.000000,0.375299,0.565148,1.199184,3.992888,2.513795,7.000000,173.728814,0.359114,1.000000,70.355543,81.666667,75.971737,0.000000,0.379874,0.236865,0.143009,47.603068,38.757003,5.172613,1.334977,1.862958,4.582279,1.123200,0.021711,1.426327,1.000000,77.124183,1.426327,2.000000,53.436623,34.967320,34.557222,1.000000,0.147552,0.189960,-0.042407,36.476194,32.681145,9.021707,0.088851,0.454511,3.184818,0.575765,0.011738,1.884236,5.000000,105.882353,0.376847,1.000000,52.457544,32.026144,39.813936,0.000000,0.158282,0.200672,-0.042390,34.917949,36.065371,9.955931,0.043172,0.418237,3.163512,0.536711,0.011765,1.748442,2.000000,47.927032,0.874221,2.000000,52.138466,39.823009,40.019666,0.000000,0.217604,0.243435,-0.025831,31.931494,26.143082,14.156454,0.034029,0.446691,3.252284,0.524555,0.013863,3.786261,34.000000,127.215190,0.111361,7.000000,51.829248,38.348083,67.570573,0.000000,0.271295,0.251284,0.020011,31.422232,29.701876,10.073449,0.015461,0.455162,3.288795,0.509913,0.015598,2.890244,8.000000,139.411765,0.361280,4.000000,33.250854,10.548523,15.726001,1.000000,-0.322967,-0.089251,-0.233716,18.358766,23.498225,31.320408,-1.388469,-1.042661,2.399726,0.134195,0.037437,2.117061,2.000000,53.543307,1.058531,3.000000,50.200633,37.184116,14.691714,0.000000,-0.015603,0.323808,-0.339412,24.760165,35.455661,28.915444,-0.096684,0.758577,4.424676,0.479319,0.046706,3.803534,14.000000,78.491965,0.271681,2.000000,35.459568,2.403846,1.683323,1.000000,0.091653,0.521455,-0.429802,25.432222,19.490362,37.621322,-1.424252,-0.401847,3.368387,0.171145,0.042701,5.092534,5.000000,192.619048,1.018507,1.000000,2.575739,0.000000,74.336283,0.000000,1.000000,3.589353,17.000000,182.847896,0.211138,1.000000,1.925234,7.000000,33.012821,0.275033,2.000000,6.192934,25.000000,416.000000,0.247717,1.000000,1.466849,0.000000,51.843318,0.000000,3.000000,2.911775,7.000000,73.310811,0.415968,3.000000,3.820094,19.000000,275.348837,0.201058,4.000000,1.406884,0.000000,67.823344,0.000000,2.000000,2.032182,16.000000,66.179541,0.127011,2.000000,3.167989,10.000000,127.733333,0.316799,1.000000,2.420136,9.000000,113.293051,0.268904,8.000000,2.000000,5.000000,19.000000,-1.000000,,,,70.511118,92.187500,80.557857,1.950771,1.858360,0.092411,34.758491,32.804328,11.177593,4.028198,6.911000,1.025471,0.079876,,0.000000,,43.117423,5.603448,3.914600,0.099496,0.256310,-0.156814,40.365233,20.790904,19.833869,-0.378129,0.006597,0.226782,0.013788,0.539258,0.512821,106.000000,192.619048,47.927032,1.138762,0.691323
2025-12-08T06:45:00Z,1.145541,no_impulse,0,HCLTECH,1h,1.000000,193.227092,2.944927,12.000000,0.245411,0.925175,2.063089,5.251691,1.501196,4.000000,61.219512,0.375299,2.000000,59.498178,62.731481,62.268519,0.000000,0.439810,0.364724,0.075086,48.673845,29.288849,14.500086,0.565148,1.199184,3.992888,0.697387,0.028794,2.513795,7.000000,173.728814,0.359114,1.000000,70.355543,81.666667,75.971737,0.000000,0.379874,0.236865,0.143009,47.603068,38.757003,5.172613,1.334977,1.862958,4.582279,1.123200,0.021711,1.426327,1.000000,77.124183,1.426327,2.000000,53.436623,34.967320,34.557222,1.000000,0.147552,0.189960,-0.042407,36.476194,32.681145,9.021707,0.088851,0.454511,3.184818,0.575765,0.011738,1.884236,5.000000,105.882353,0.376847,1.000000,52.457544,32.026144,39.813936,0.000000,0.158282,0.200672,-0.042390,34.917949,36.065371,9.955931,0.043172,0.418237,3.163512,0.536711,0.011765,1.748442,2.000000,47.927032,0.874221,2.000000,52.138466,39.823009,40.019666,0.000000,0.217604,0.243435,-0.025831,31.931494,26.143082,14.156454,0.034029,0.446691,3.252284,0.524555,0.013863,3.786261,34.000000,127.215190,0.111361,7.000000,51.829248,38.348083,67.570573,0.000000,0.271295,0.251284,0.020011,31.422232,29.701876,10.073449,0.015461,0.455162,3.288795,0.509913,0.015598,2.890244,8.000000,139.411765,0.361280,4.000000,33.250854,10.548523,15.726001,1.000000,-0.322967,-0.089251,-0.233716,18.358766,23.498225,31.320408,-1.388469,-1.042661,2.399726,0.134195,0.037437,2.117061,2.000000,53.543307,1.058531,3.000000,50.200633,37.184116,14.691714,0.000000,-0.015603,0.323808,-0.339412,24.760165,35.455661,28.915444,-0.096684,0.758577,4.424676,0.479319,0.046706,3.803534,14.000000,78.491965,0.271681,2.000000,5.092534,5.000000,192.619048,1.018507,1.000000,2.575739,0.000000,74.336283,0.000000,1.000000,3.589353,17.000000,182.847896,0.211138,1.000000,1.925234,7.000000,33.012821,0.275033,2.000000,6.192934,25.000000,416.000000,0.247717,1.000000,1.466849,0.000000,51.843318,0.000000,3.000000,2.911775,7.000000,73.310811,0.415968,3.000000,3.820094,19.000000,275.348837,0.201058,4.000000,1.406884,0.000000,67.823344,0.000000,2.000000,2.032182,16.000000,66.179541,0.127011,2.000000,3.167989,10.000000,127.733333,0.316799,1.000000,1.000000,6.000000,31.000000,-1.000000,,,,61.456995,63.229572,83.016677,2.008464,1.944192,0.064271,35.699148,29.796400,14.897751,1.932477,4.992373,0.779611,0.070475,,0.000000,,61.619175,75.147929,78.303748,0.232424,0.263288,-0.030864,40.588099,22.680692,14.465630,0.147408,0.720836,0.643349,0.010298,1.100347,1.463415,118.000000,192.619048,47.927032,1.209103,0.733436
2025-12-11T03:45:00Z,1.114189,no_impulse,0,HCLTECH,1h,-1.000000,95.670103,2.736817,18.000000,0.152045,-0.369941,0.001592,2.972208,2.944927,12.000000,193.227092,0.245411,1.000000,67.996818,86.804124,92.350665,1.000000,0.779112,0.722478,0.056634,52.091707,34.359214,11.275155,0.925175,2.063089,5.251691,0.731328,0.040368,1.501196,4.000000,61.219512,0.375299,2.000000,59.498178,62.731481,62.268519,0.000000,0.439810,0.364724,0.075086,48.673845,29.288849,14.500086,0.565148,1.199184,3.992888,0.697387,0.028794,2.513795,7.000000,173.728814,0.359114,1.000000,70.355543,81.666667,75.971737,0.000000,0.379874,0.236865,0.143009,47.603068,38.757003,5.172613,1.334977,1.862958,4.582279,1.123200,0.021711,1.426327,1.000000,77.124183,1.426327,2.000000,53.436623,34.967320,34.557222,1.000000,0.147552,0.189960,-0.042407,36.476194,32.681145,9.021707,0.088851,0.454511,3.184818,0.575765,0.011738,1.884236,5.000000,105.882353,0.376847,1.000000,52.457544,32.026144,39.813936,0.000000,0.158282,0.200672,-0.042390,34.917949,36.065371,9.955931,0.043172,0.418237,3.163512,0.536711,0.011765,1.748442,2.000000,47.927032,0.874221,2.000000,52.138466,39.823009,40.019666,0.000000,0.217604,0.243435,-0.025831,31.931494,26.143082,14.156454,0.034029,0.446691,3.252284,0.524555,0.013863,3.786261,34.000000,127.215190,0.111361,7.000000,51.829248,38.348083,67.570573,0.000000,0.271295,0.251284,0.020011,31.422232,29.701876,10.073449,0.015461,0.455162,3.288795,0.509913,0.015598,2.890244,8.000000,139.411765,0.361280,4.000000,33.250854,10.548523,15.726001,1.000000,-0.322967,-0.089251,-0.233716,18.358766,23.498225,31.320408,-1.388469,-1.042661,2.399726,0.134195,0.037437,2.117061,2.000000,53.543307,1.058531,3.000000,3.803534,14.000000,78.491965,0.271681,2.000000,5.092534,5.000000,192.619048,1.018507,1.000000,2.575739,0.000000,74.336283,0.000000,1.000000,3.589353,17.000000,182.847896,0.211138,1.000000,1.925234,7.000000,33.012821,0.275033,2.000000,6.192934,25.000000,416.000000,0.247717,1.000000,1.466849,0.000000,51.843318,0.000000,3.000000,2.911775,7.000000,73.310811,0.415968,3.000000,3.820094,19.000000,275.348837,0.201058,4.000000,1.406884,0.000000,67.823344,0.000000,2.000000,2.032182,16.000000,66.179541,0.127011,2.000000,2.000000,7.000000,49.000000,-1.000000,,,,64.091337,77.626459,70.752270,1.912622,1.926550,-0.013928,34.906530,26.622137,15.369252,2.325310,5.399036,0.840628,0.069890,,0.000000,,64.932853,85.326087,81.343549,0.030002,-0.043428,0.073430,12.462620,28.979717,14.794286,0.573449,0.452969,1.175867,0.008534,1.111803,2.022472,107.000000,193.227092,47.927032,0.877522,1.375748
2025-12-15T08:45:00Z,1.140541,no_impulse,0,HCLTECH,1h,1.000000,84.051724,2.365070,19.000000,0.124477,0.655558,1.064553,3.775273,2.736817,18.000000,95.670103,0.152045,2.000000,44.006425,40.410959,33.502899,1.000000,-0.070231,0.020371,-0.090602,22.214983,15.027004,27.639996,-0.369941,0.001592,2.972208,0.351367,0.024798,2.944927,12.000000,193.227092,0.245411,1.000000,67.996818,86.804124,92.350665,1.000000,0.779112,0.722478,0.056634,52.091707,34.359214,11.275155,0.925175,2.063089,5.251691,0.731328,0.040368,1.501196,4.000000,61.219512,0.375299,2.000000,59.498178,62.731481,62.268519,0.000000,0.439810,0.364724,0.075086,48.673845,29.288849,14.500086,0.565148,1.199184,3.992888,0.697387,0.028794,2.513795,7.000000,173.728814,0.359114,1.000000,70.355543,81.666667,75.971737,0.000000,0.379874,0.236865,0.143009,47.603068,38.757003,5.172613,1.334977,1.862958,4.582279,1.123200,0.021711,1.426327,1.000000,77.124183,1.426327,2.000000,53.436623,34.967320,34.557222,1.000000,0.147552,0.189960,-0.042407,36.476194,32.681145,9.021707,0.088851,0.454511,3.184818,0.575765,0.011738,1.884236,5.000000,105.882353,0.376847,1.000000,52.457544,32.026144,39.813936,0.000000,0.158282,0.200672,-0.042390,34.917949,36.065371,9.955931,0.043172,0.418237,3.163512,0.536711,0.011765,1.748442,2.000000,47.927032,0.874221,2.000000,52.138466,39.823009,40.019666,0.000000,0.217604,0.243435,-0.025831,31.931494,26.143082,14.156454,0.034029,0.446691,3.252284,0.524555,0.013863,3.786261,34.000000,127.215190,0.111361,7.000000,51.829248,38.348083,67.570573,0.000000,0.271295,0.251284,0.020011,31.422232,29.701876,10.073449,0.015461,0.455162,3.288795,0.509913,0.015598,2.890244,8.000000,139.411765,0.361280,4.000000,2.117061,2.000000,53.543307,1.058531,3.000000,3.803534,14.000000,78.491965,0.271681,2.000000,5.092534,5.000000,192.619048,1.018507,1.000000,2.575739,0.000000,74.336283,0.000000,1.000000,3.589353,17.000000,182.847896,0.211138,1.000000,1.925234,7.000000,33.012821,0.275033,2.000000,6.192934,25.000000,416.000000,0.247717,1.000000,1.466849,0.000000,51.843318,0.000000,3.000000,2.911775,7.000000,73.310811,0.415968,3.000000,3.820094,19.000000,275.348837,0.201058,4.000000,1.406884,0.000000,67.823344,0.000000,2.000000,3.000000,1.000000,68.000000,-1.000000,,,,56.041818,46.314496,70.876696,1.713621,1.886881,-0.173260,33.122086,23.683069,15.957046,0.545595,3.616128,0.587128,0.062963,,0.000000,,61.105695,72.222222,67.857290,0.210597,0.219772,-0.009176,20.751390,19.695979,16.116980,0.223446,0.541598,0.674457,0.012837,1.004305,2.043011,126.000000,193.227092,47.927032,0.752150,1.233259
2025-12-16T06:45:00Z,1.111757,no_impulse,0,HCLTECH,1h,-1.000000,109.230769,2.523697,5.000000,0.504739,-1.194728,-1.058907,1.518021,2.365070,19.000000,84.051724,0.124477,3.000000,63.752232,91.785714,91.335979,0.000000,0.258731,0.149722,0.109009,13.327441,23.013708,19.492475,0.655558,1.064553,3.775273,0.857594,0.018453,2.736817,18.000000,95.670103,0.152045,2.000000,44.006425,40.410959,33.502899,1.000000,-0.070231,0.020371,-0.090602,22.214983,15.027004,27.639996,-0.369941,0.001592,2.972208,0.351367,0.024798,2.944927,12.000000,193.227092,0.245411,1.000000,67.996818,86.804124,92.350665,1.000000,0.779112,0.722478,0.056634,52.091707,34.359214,11.275155,0.925175,2.063089,5.251691,0.731328,0.040368,1.501196,4.000000,61.219512,0.375299,2.000000,59.498178,62.731481,62.268519,0.000000,0.439810,0.364724,0.075086,48.673845,29.288849,14.500086,0.565148,1.199184,3.992888,0.697387,0.028794,2.513795,7.000000,173.728814,0.359114,1.000000,70.355543,81.666667,75.971737,0.000000,0.379874,0.236865,0.143009,47.603068,38.757003,5.172613,1.334977,1.862958,4.582279,1.123200,0.021711,1.426327,1.000000,77.124183,1.426327,2.000000,53.436623,34.967320,34.557222,1.000000,0.147552,0.189960,-0.042407,36.476194,32.681145,9.021707,0.088851,0.454511,3.184818,0.575765,0.011738,1.884236,5.000000,105.882353,0.376847,1.000000,52.457544,32.026144,39.813936,0.000000,0.158282,0.200672,-0.042390,34.917949,36.065371,9.955931,0.043172,0.418237,3.163512,0.536711,0.011765,1.748442,2.000000,47.927032,0.874221,2.000000,52.138466,39.823009,40.019666,0.000000,0.217604,0.243435,-0.025831,31.931494,26.143082,14.156454,0.034029,0.446691,3.252284,0.524555,0.013863,3.786261,34.000000,127.215190,0.111361,7.000000,2.890244,8.000000,139.411765,0.361280,4.000000,2.117061,2.000000,53.543307,1.058531,3.000000,3.803534,14.000000,78.491965,0.271681,2.000000,5.092534,5.000000,192.619048,1.018507,1.000000,2.575739,0.000000,74.336283,0.000000,1.000000,3.589353,17.000000,182.847896,0.211138,1.000000,1.925234,7.000000,33.012821,0.275033,2.000000,6.192934,25.000000,416.000000,0.247717,1.000000,1.466849,0.000000,51.843318,0.000000,3.000000,2.911775,7.000000,73.310811,0.415968,3.000000,3.820094,19.000000,275.348837,0.201058,4.000000,4.000000,2.000000,73.000000,-1.000000,,,,56.775536,47.120419,60.448613,1.566498,1.819795,-0.253296,32.148395,22.553059,15.195674,0.673055,3.658968,0.608412,0.062504,,0.000000,,27.791362,10.500000,6.095660,-0.452139,-0.313139,-0.139000,47.185373,5.971437,40.783275,-0.777103,-1.121236,0.266694,0.033051,1.060496,0.454545,131.000000,193.227092,47.927032,0.747510,1.478835
2025-12-18T03:45:00Z,1.131014,no_impulse,0,HCLTECH,1h,1.000000,66.901408,1.732102,11.000000,0.157464,0.103532,-0.055090,2.060786,2.523697,5.000000,109.230769,0.504739,4.000000,34.056815,8.450704,7.804352,0.000000,-0.137437,0.072954,-0.210391,18.921532,13.797741,33.767924,-1.194728,-1.058907,1.518021,0.051743,0.026338,2.365070,19.000000,84.051724,0.124477,3.000000,63.752232,91.785714,91.335979,0.000000,0.258731,0.149722,0.109009,13.327441,23.013708,19.492475,0.655558,1.064553,3.775273,0.857594,0.018453,2.736817,18.000000,95.670103,0.152045,2.000000,44.006425,40.410959,33.502899,1.000000,-0.070231,0.020371,-0.090602,22.214983,15.027004,27.639996,-0.369941,0.001592,2.972208,0.351367,0.024798,2.944927,12.000000,193.227092,0.245411,1.000000,67.996818,86.804124,92.350665,1.000000,0.779112,0.722478,0.056634,52.091707,34.359214,11.275155,0.925175,2.063089,5.251691,0.731328,0.040368,1.501196,4.000000,61.219512,0.375299,2.000000,59.498178,62.731481,62.268519,0.000000,0.439810,0.364724,0.075086,48.673845,29.288849,14.500086,0.565148,1.199184,3.992888,0.697387,0.028794,2.513795,7.000000,173.728814,0.359114,1.000000,70.355543,81.666667,75.971737,0.000000,0.379874,0.236865,0.143009,47.603068,38.757003,5.172613,1.334977,1.862958,4.582279,1.123200,0.021711,1.426327,1.000000,77.124183,1.426327,2.000000,53.436623,34.967320,34.557222,1.000000,0.147552,0.189960,-0.042407,36.476194,32.681145,9.021707,0.088851,0.454511,3.184818,0.575765,0.011738,1.884236,5.000000,105.882353,0.376847,1.000000,52.457544,32.026144,39.813936,0.000000,0.158282,0.200672,-0.042390,34.917949,36.065371,9.955931,0.043172,0.418237,3.163512,0.536711,0.011765,1.748442,2.000000,47.927032,0.874221,2.000000,3.786261,34.000000,127.215190,0.111361,7.000000,2.890244,8.000000,139.411765,0.361280,4.000000,2.117061,2.000000,53.543307,1.058531,3.000000,3.803534,14.000000,78.491965,0.271681,2.000000,5.092534,5.000000,192.619048,1.018507,1.000000,2.575739,0.000000,74.336283,0.000000,1.000000,3.589353,17.000000,182.847896,0.211138,1.000000,1.925234,7.000000,33.012821,0.275033,2.000000,6.192934,25.000000,416.000000,0.247717,1.000000,1.466849,0.000000,51.843318,0.000000,3.000000,2.911775,7.000000,73.310811,0.415968,3.000000,3.000000,3.000000,84.000000,-1.000000,,,,58.231624,52.380952,48.605289,1.461254,1.742478,-0.281225,31.621996,23.688774,14.280454,0.955139,3.872047,0.653342,0.062889,,0.000000,,70.482339,78.087649,80.643392,0.037732,-0.035792,0.073524,19.555314,39.190764,14.287079,0.780730,0.652034,1.369311,0.009052,0.739242,1.028037,142.000000,193.227092,47.927032,0.728439,1.095643
2025-12-19T03:45:00Z,1.108784,no_impulse,0,HCLTECH,1h,-1.000000,115.438596,1.965470,7.000000,0.280781,-1.038182,-1.211490,0.730467,1.732102,11.000000,66.901408,0.157464,3.000000,50.202833,56.140351,35.576891,0.000000,-0.220024,-0.233033,0.013009,20.645762,28.303293,22.705346,0.103532,-0.055090,2.060786,0.531437,0.032968,2.523697,5.000000,109.230769,0.504739,4.000000,34.056815,8.450704,7.804352,0.000000,-0.137437,0.072954,-0.210391,18.921532,13.797741,33.767924,-1.194728,-1.058907,1.518021,0.051743,0.026338,2.365070,19.000000,84.051724,0.124477,3.000000,63.752232,91.785714,91.335979,0.000000,0.258731,0.149722,0.109009,13.327441,23.013708,19.492475,0.655558,1.064553,3.775273,0.857594,0.018453,2.736817,18.000000,95.670103,0.152045,2.000000,44.006425,40.410959,33.502899,1.000000,-0.070231,0.020371,-0.090602,22.214983,15.027004,27.639996,-0.369941,0.001592,2.972208,0.351367,0.024798,2.944927,12.000000,193.227092,0.245411,1.000000,67.996818,86.804124,92.350665,1.000000,0.779112,0.722478,0.056634,52.091707,34.359214,11.275155,0.925175,2.063089,5.251691,0.731328,0.040368,1.501196,4.000000,61.219512,0.375299,2.000000,59.498178,62.731481,62.268519,0.000000,0.439810,0.364724,0.075086,48.673845,29.288849,14.500086,0.565148,1.199184,3.992888,0.697387,0.028794,2.513795,7.000000,173.728814,0.359114,1.000000,70.355543,81.666667,75.971737,0.000000,0.379874,0.236865,0.143009,47.603068,38.757003,5.172613,1.334977,1.862958,4.582279,1.123200,0.021711,1.426327,1.000000,77.124183,1.426327,2.000000,53.436623,34.967320,34.557222,1.000000,0.147552,0.189960,-0.042407,36.476194,32.681145,9.021707,0.088851,0.454511,3.184818,0.575765,0.011738,1.884236,5.000000,105.882353,0.376847,1.000000,1.748442,2.000000,47.927032,0.874221,2.000000,3.786261,34.000000,127.215190,0.111361,7.000000,2.890244,8.000000,139.411765,0.361280,4.000000,2.117061,2.000000,53.543307,1.058531,3.000000,3.803534,14.000000,78.491965,0.271681,2.000000,5.092534,5.000000,192.619048,1.018507,1.000000,2.575739,0.000000,74.336283,0.000000,1.000000,3.589353,17.000000,182.847896,0.211138,1.000000,1.925234,7.000000,33.012821,0.275033,2.000000,6.192934,25.000000,416.000000,0.247717,1.000000,1.466849,0.000000,51.843318,0.000000,3.000000,4.000000,4.000000,91.000000,-1.000000,,,,52.569842,25.770308,41.757226,1.290401,1.668189,-0.377788,30.033670,20.805510,17.235222,-0.172498,2.651762,0.470803,0.058978,,0.000000,,58.916310,40.268456,71.056887,0.059314,0.040812,0.018503,16.247174,41.929016,14.645750,0.216053,0.255135,0.927756,0.005062,0.919449,0.833333,149.000000,193.227092,47.927032,0.542029,0.921749
2025-12-19T03:45:00Z,1.135811,no_impulse,0,HCLTECH,1h,1.000000,121.580547,2.437538,0.000000,0.000000,-1.038182,-1.211490,0.730467,1.965470,7.000000,115.438596,0.280781,4.000000,36.104281,0.500000,38.814010,1.000000,-0.166937,-0.158701,-0.008236,15.680569,15.194701,28.062153,-1.038182,-1.211490,0.730467,-0.274985,0.013259,1.732102,11.000000,66.901408,0.157464,3.000000,50.202833,56.140351,35.576891,0.000000,-0.220024,-0.233033,0.013009,20.645762,28.303293,22.705346,0.103532,-0.055090,2.060786,0.531437,0.032968,2.523697,5.000000,109.230769,0.504739,4.000000,34.056815,8.450704,7.804352,0.000000,-0.137437,0.072954,-0.210391,18.921532,13.797741,33.767924,-1.194728,-1.058907,1.518021,0.051743,0.026338,2.365070,19.000000,84.051724,0.124477,3.000000,63.752232,91.785714,91.335979,0.000000,0.258731,0.149722,0.109009,13.327441,23.013708,19.492475,0.655558,1.064553,3.775273,0.857594,0.018453,2.736817,18.000000,95.670103,0.152045,2.000000,44.006425,40.410959,33.502899,1.000000,-0.070231,0.020371,-0.090602,22.214983,15.027004,27.639996,-0.369941,0.001592,2.972208,0.351367,0.024798,2.944927,12.000000,193.227092,0.245411,1.000000,67.996818,86.804124,92.350665,1.000000,0.779112,0.722478,0.056634,52.091707,34.359214,11.275155,0.925175,2.063089,5.251691,0.731328,0.040368,1.501196,4.000000,61.219512,0.375299,2.000000,59.498178,62.731481,62.268519,0.000000,0.439810,0.364724,0.075086,48.673845,29.288849,14.500086,0.565148,1.199184,3.992888,0.697387,0.028794,2.513795,7.000000,173.728814,0.359114,1.000000,70.355543,81.666667,75.971737,0.000000,0.379874,0.236865,0.143009,47.603068,38.757003,5.172613,1.334977,1.862958,4.582279,1.123200,0.021711,1.426327,1.000000,77.124183,1.426327,2.000000,1.884236,5.000000,105.882353,0.376847,1.000000,1.748442,2.000000,47.927032,0.874221,2.000000,3.786261,34.000000,127.215190,0.111361,7.000000,2.890244,8.000000,139.411765,0.361280,4.000000,2.117061,2.000000,53.543307,1.058531,3.000000,3.803534,14.000000,78.491965,0.271681,2.000000,5.092534,5.000000,192.619048,1.018507,1.000000,2.575739,0.000000,74.336283,0.000000,1.000000,3.589353,17.000000,182.847896,0.211138,1.000000,1.925234,7.000000,33.012821,0.275033,2.000000,6.192934,25.000000,416.000000,0.247717,1.000000,4.000000,5.000000,91.000000,-1.000000,,,,52.569842,25.770308,41.757226,1.290401,1.668189,-0.377788,30.033670,20.805510,17.235222,-0.172498,2.651762,0.470803,0.058978,,0.000000,,58.916310,40.268456,71.056887,0.059314,0.040812,0.018503,16.247174,41.929016,14.645750,0.216053,0.255135,0.927756,0.005062,1.128822,0.000000,149.000000,193.227092,61.219512,0.528899,0.773134
2025-12-19T06:45:00Z,1.104730,no_impulse,0,HCLTECH,1h,-1.000000,115.000000,2.736466,3.000000,0.912155,-0.934290,-1.245322,0.539540,2.437538,0.000000,121.580547,0.000000,4.000000,36.104281,0.500000,38.814010,0.000000,-0.166937,-0.158701,-0.008236,15.680569,15.194701,28.062153,-1.038182,-1.211490,0.730467,-0.274985,0.013259,1.965470,7.000000,115.438596,0.280781,4.000000,36.104281,0.500000,38.814010,1.000000,-0.166937,-0.158701,-0.008236,15.680569,15.194701,28.062153,-1.038182,-1.211490,0.730467,-0.274985,0.013259,1.732102,11.000000,66.901408,0.157464,3.000000,50.202833,56.140351,35.576891,0.000000,-0.220024,-0.233033,0.013009,20.645762,28.303293,22.705346,0.103532,-0.055090,2.060786,0.531437,0.032968,2.523697,5.000000,109.230769,0.504739,4.000000,34.056815,8.450704,7.804352,0.000000,-0.137437,0.072954,-0.210391,18.921532,13.797741,33.767924,-1.194728,-1.058907,1.518021,0.051743,0.026338,2.365070,19.000000,84.051724,0.124477,3.000000,63.752232,91.785714,91.335979,0.000000,0.258731,0.149722,0.109009,13.327441,23.013708,19.492475,0.655558,1.064553,3.775273,0.857594,0.018453,2.736817,18.000000,95.670103,0.152045,2.000000,44.006425,40.410959,33.502899,1.000000,-0.070231,0.020371,-0.090602,22.214983,15.027004,27.639996,-0.369941,0.001592,2.972208,0.351367,0.024798,2.944927,12.000000,193.227092,0.245411,1.000000,67.996818,86.804124,92.350665,1.000000,0.779112,0.722478,0.056634,52.091707,34.359214,11.275155,0.925175,2.063089,5.251691,0.731328,0.040368,1.501196,4.000000,61.219512,0.375299,2.000000,59.498178,62.731481,62.268519,0.000000,0.439810,0.364724,0.075086,48.673845,29.288849,14.500086,0.565148,1.199184,3.992888,0.697387,0.028794,2.513795,7.000000,173.728814,0.359114,1.000000,1.426327,1.000000,77.124183,1.426327,2.000000,1.884236,5.000000,105.882353,0.376847,1.000000,1.748442,2.000000,47.927032,0.874221,2.000000,3.786261,34.000000,127.215190,0.111361,7.000000,2.890244,8.000000,139.411765,0.361280,4.000000,2.117061,2.000000,53.543307,1.058531,3.000000,3.803534,14.000000,78.491965,0.271681,2.000000,5.092534,5.000000,192.619048,1.018507,1.000000,2.575739,0.000000,74.336283,0.000000,1.000000,3.589353,17.000000,182.847896,0.211138,1.000000,1.925234,7.000000,33.012821,0.275033,2.000000,4.000000,6.000000,94.000000,-1.000000,,,,52.569842,25.770308,41.757226,1.290401,1.668189,-0.377788,30.033670,20.805510,17.235222,-0.172498,2.651762,0.470803,0.058978,,0.000000,,36.604499,14.020619,10.721649,-0.327325,-0.224243,-0.103082,19.547901,18.177945,32.218401,-0.525665,-0.851252,0.266797,0.022423,1.235596,0.357143,152.000000,193.227092,61.219512,0.525852,0.804543
2025-12-23T06:45:00Z,1.139797,no_impulse,0,HCLTECH,1h,1.000000,112.826087,3.174312,14.000000,0.226737,1.011360,1.175335,2.814940,2.736466,3.000000,115.000000,0.912155,4.000000,36.486991,12.164948,12.555842,0.000000,-0.319361,-0.214741,-0.104620,19.757021,12.242721,27.886690,-0.934290,-1.245322,0.539540,-0.014284,0.017999,2.437538,0.000000,121.580547,0.000000,4.000000,36.104281,0.500000,38.814010,0.000000,-0.166937,-0.158701,-0.008236,15.680569,15.194701,28.062153,-1.038182,-1.211490,0.730467,-0.274985,0.013259,1.965470,7.000000,115.438596,0.280781,4.000000,36.104281,0.500000,38.814010,1.000000,-0.166937,-0.158701,-0.008236,15.680569,15.194701,28.062153,-1.038182,-1.211490,0.730467,-0.274985,0.013259,1.732102,11.000000,66.901408,0.157464,3.000000,50.202833,56.140351,35.576891,0.000000,-0.220024,-0.233033,0.013009,20.645762,28.303293,22.705346,0.103532,-0.055090,2.060786,0.531437,0.032968,2.523697,5.000000,109.230769,0.504739,4.000000,34.056815,8.450704,7.804352,0.000000,-0.137437,0.072954,-0.210391,18.921532,13.797741,33.767924,-1.194728,-1.058907,1.518021,0.051743,0.026338,2.365070,19.000000,84.051724,0.124477,3.000000,63.752232,91.785714,91.335979,0.000000,0.258731,0.149722,0.109009,13.327441,23.013708,19.492475,0.655558,1.064553,3.775273,0.857594,0.018453,2.736817,18.000000,95.670103,0.152045,2.000000,44.006425,40.410959,33.502899,1.000000,-0.070231,0.020371,-0.090602,22.214983,15.027004,27.639996,-0.369941,0.001592,2.972208,0.351367,0.024798,2.944927,12.000000,193.227092,0.245411,1.000000,67.996818,86.804124,92.350665,1.000000,0.779112,0.722478,0.056634,52.091707,34.359214,11.275155,0.925175,2.063089,5.251691,0.731328,0.040368,1.501196,4.000000,61.219512,0.375299,2.000000,2.513795,7.000000,173.728814,0.359114,1.000000,1.426327,1.000000,77.124183,1.426327,2.000000,1.884236,5.000000,105.882353,0.376847,1.000000,1.748442,2.000000,47.927032,0.874221,2.000000,3.786261,34.000000,127.215190,0.111361,7.000000,2.890244,8.000000,139.411765,0.361280,4.000000,2.117061,2.000000,53.543307,1.058531,3.000000,3.803534,14.000000,78.491965,0.271681,2.000000,5.092534,5.000000,192.619048,1.018507,1.000000,2.575739,0.000000,74.336283,0.000000,1.000000,3.589353,17.000000,182.847896,0.211138,1.000000,7.000000,7.000000,108.000000,-1.000000,,,,59.200073,67.090620,68.253548,1.221018,1.440707,-0.219688,27.078329,20.248718,14.125995,1.296895,4.014895,0.791220,0.045118,,0.000000,,70.316826,94.941634,95.314986,0.282125,0.222846,0.059279,27.834635,31.981327,12.410154,0.548601,0.946247,0.864781,0.015122,1.353243,1.627907,166.000000,193.227092,61.219512,0.467589,1.078329
2025-12-30T08:45:00Z,1.088581,no_impulse,0,HCLTECH,1h,-1.000000,146.050096,4.493450,30.000000,0.149782,-1.500050,-2.265921,-1.492658,3.174312,14.000000,112.826087,0.226737,7.000000,64.913481,88.911290,92.506820,0.000000,0.311976,0.129517,0.182458,17.633538,26.350299,16.856363,1.011360,1.175335,2.814940,0.801456,0.033892,2.736466,3.000000,115.000000,0.912155,4.000000,36.486991,12.164948,12.555842,0.000000,-0.319361,-0.214741,-0.104620,19.757021,12.242721,27.886690,-0.934290,-1.245322,0.539540,-0.014284,0.017999,2.437538,0.000000,121.580547,0.000000,4.000000,36.104281,0.500000,38.814010,0.000000,-0.166937,-0.158701,-0.008236,15.680569,15.194701,28.062153,-1.038182,-1.211490,0.730467,-0.274985,0.013259,1.965470,7.000000,115.438596,0.280781,4.000000,36.104281,0.500000,38.814010,1.000000,-0.166937,-0.158701,-0.008236,15.680569,15.194701,28.062153,-1.038182,-1.211490,0.730467,-0.274985,0.013259,1.732102,11.000000,66.901408,0.157464,3.000000,50.202833,56.140351,35.576891,0.000000,-0.220024,-0.233033,0.013009,20.645762,28.303293,22.705346,0.103532,-0.055090,2.060786,0.531437,0.032968,2.523697,5.000000,109.230769,0.504739,4.000000,34.056815,8.450704,7.804352,0.000000,-0.137437,0.072954,-0.210391,18.921532,13.797741,33.767924,-1.194728,-1.058907,1.518021,0.051743,0.026338,2.365070,19.000000,84.051724,0.124477,3.000000,63.752232,91.785714,91.335979,0.000000,0.258731,0.149722,0.109009,13.327441,23.013708,19.492475,0.655558,1.064553,3.775273,0.857594,0.018453,2.736817,18.000000,95.670103,0.152045,2.000000,44.006425,40.410959,33.502899,1.000000,-0.070231,0.020371,-0.090602,22.214983,15.027004,27.639996,-0.369941,0.001592,2.972208,0.351367,0.024798,2.944927,12.000000,193.227092,0.245411,1.000000,1.501196,4.000000,61.219512,0.375299,2.000000,2.513795,7.000000,173.728814,0.359114,1.000000,1.426327,1.000000,77.124183,1.426327,2.000000,1.884236,5.000000,105.882353,0.376847,1.000000,1.748442,2.000000,47.927032,0.874221,2.000000,3.786261,34.000000,127.215190,0.111361,7.000000,2.890244,8.000000,139.411765,0.361280,4.000000,2.117061,2.000000,53.543307,1.058531,3.000000,3.803534,14.000000,78.491965,0.271681,2.000000,5.092534,5.000000,192.619048,1.018507,1.000000,2.575739,0.000000,74.336283,0.000000,1.000000,4.000000,8.000000,30.000000,-1.000000,,,,45.897274,15.864759,9.940852,0.444472,1.032907,-0.588435,23.890236,15.417419,23.018457,-1.381629,0.752876,0.220049,0.048680,,0.000000,,41.183842,35.882353,40.588235,-0.218264,-0.268344,0.050080,23.705011,19.223454,25.615626,-0.193113,-0.763794,0.210026,0.006647,1.863142,3.225806,196.000000,193.227092,61.219512,0.535668,1.341899
2026-01-01T05:45:00Z,1.111959,no_impulse,0,HCLTECH,1h,1.000000,45.646438,2.147601,11.000000,0.195236,0.690011,0.038484,0.364089,4.493450,30.000000,146.050096,0.149782,4.000000,21.273715,6.517691,10.052619,0.000000,-0.755309,-0.589554,-0.165755,46.339519,7.966290,36.924331,-1.500050,-2.265921,-1.492658,0.137759,0.040798,3.174312,14.000000,112.826087,0.226737,7.000000,64.913481,88.911290,92.506820,0.000000,0.311976,0.129517,0.182458,17.633538,26.350299,16.856363,1.011360,1.175335,2.814940,0.801456,0.033892,2.736466,3.000000,115.000000,0.912155,4.000000,36.486991,12.164948,12.555842,0.000000,-0.319361,-0.214741,-0.104620,19.757021,12.242721,27.886690,-0.934290,-1.245322,0.539540,-0.014284,0.017999,2.437538,0.000000,121.580547,0.000000,4.000000,36.104281,0.500000,38.814010,0.000000,-0.166937,-0.158701,-0.008236,15.680569,15.194701,28.062153,-1.038182,-1.211490,0.730467,-0.274985,0.013259,1.965470,7.000000,115.438596,0.280781,4.000000,36.104281,0.500000,38.814010,1.000000,-0.166937,-0.158701,-0.008236,15.680569,15.194701,28.062153,-1.038182,-1.211490,0.730467,-0.274985,0.013259,1.732102,11.000000,66.901408,0.157464,3.000000,50.202833,56.140351,35.576891,0.000000,-0.220024,-0.233033,0.013009,20.645762,28.303293,22.705346,0.103532,-0.055090,2.060786,0.531437,0.032968,2.523697,5.000000,109.230769,0.504739,4.000000,34.056815,8.450704,7.804352,0.000000,-0.137437,0.072954,-0.210391,18.921532,13.797741,33.767924,-1.194728,-1.058907,1.518021,0.051743,0.026338,2.365070,19.000000,84.051724,0.124477,3.000000,63.752232,91.785714,91.335979,0.000000,0.258731,0.149722,0.109009,13.327441,23.013708,19.492475,0.655558,1.064553,3.775273,0.857594,0.018453,2.736817,18.000000,95.670103,0.152045,2.000000,2.944927,12.000000,193.227092,0.245411,1.000000,1.501196,4.000000,61.219512,0.375299,2.000000,2.513795,7.000000,173.728814,0.359114,1.000000,1.426327,1.000000,77.124183,1.426327,2.000000,1.884236,5.000000,105.882353,0.376847,1.000000,1.748442,2.000000,47.927032,0.874221,2.000000,3.786261,34.000000,127.215190,0.111361,7.000000,2.890244,8.000000,139.411765,0.361280,4.000000,2.117061,2.000000,53.543307,1.058531,3.000000,3.803534,14.000000,78.491965,0.271681,2.000000,5.092534,5.000000,192.619048,1.018507,1.000000,3.000000,9.000000,41.000000,-1.000000,,,,48.913481,30.429129,17.208496,0.346615,0.889986,-0.543371,22.796019,17.992354,21.365825,-0.621514,1.376748,0.375200,0.049493,,0.000000,,63.941630,87.272727,92.979798,0.143131,0.059084,0.084047,16.444442,34.375373,14.646180,0.553596,0.548622,1.011890,0.010875,0.792185,0.924370,,193.227092,66.901408,0.759489,1.695850
2026-01-05T03:45:00Z,1.067635,no_impulse,0,HCLTECH,1h,-1.000000,189.595376,3.986146,12.000000,0.332179,-2.064001,-2.488950,-2.343210,2.147601,11.000000,45.646438,0.195236,3.000000,57.466920,93.641618,85.685418,1.000000,-0.275839,-0.473491,0.197653,36.927720,25.936022,18.043245,0.690011,0.038484,0.364089,0.945932,0.015581,4.493450,30.000000,146.050096,0.149782,4.000000,21.273715,6.517691,10.052619,0.000000,-0.755309,-0.589554,-0.165755,46.339519,7.966290,36.924331,-1.500050,-2.265921,-1.492658,0.137759,0.040798,3.174312,14.000000,112.826087,0.226737,7.000000,64.913481,88.911290,92.506820,0.000000,0.311976,0.129517,0.182458,17.633538,26.350299,16.856363,1.011360,1.175335,2.814940,0.801456,0.033892,2.736466,3.000000,115.000000,0.912155,4.000000,36.486991,12.164948,12.555842,0.000000,-0.319361,-0.214741,-0.104620,19.757021,12.242721,27.886690,-0.934290,-1.245322,0.539540,-0.014284,0.017999,2.437538,0.000000,121.580547,0.000000,4.000000,36.104281,0.500000,38.814010,0.000000,-0.166937,-0.158701,-0.008236,15.680569,15.194701,28.062153,-1.038182,-1.211490,0.730467,-0.274985,0.013259,1.965470,7.000000,115.438596,0.280781,4.000000,36.104281,0.500000,38.814010,1.000000,-0.166937,-0.158701,-0.008236,15.680569,15.194701,28.062153,-1.038182,-1.211490,0.730467,-0.274985,0.013259,1.732102,11.000000,66.901408,0.157464,3.000000,50.202833,56.140351,35.576891,0.000000,-0.220024,-0.233033,0.013009,20.645762,28.303293,22.705346,0.103532,-0.055090,2.060786,0.531437,0.032968,2.523697,5.000000,109.230769,0.504739,4.000000,34.056815,8.450704,7.804352,0.000000,-0.137437,0.072954,-0.210391,18.921532,13.797741,33.767924,-1.194728,-1.058907,1.518021,0.051743,0.026338,2.365070,19.000000,84.051724,0.124477,3.000000,2.736817,18.000000,95.670103,0.152045,2.000000,2.944927,12.000000,193.227092,0.245411,1.000000,1.501196,4.000000,61.219512,0.375299,2.000000,2.513795,7.000000,173.728814,0.359114,1.000000,1.426327,1.000000,77.124183,1.426327,2.000000,1.884236,5.000000,105.882353,0.376847,1.000000,1.748442,2.000000,47.927032,0.874221,2.000000,3.786261,34.000000,127.215190,0.111361,7.000000,2.890244,8.000000,139.411765,0.361280,4.000000,2.117061,2.000000,53.543307,1.058531,3.000000,3.803534,14.000000,78.491965,0.271681,2.000000,4.000000,10.000000,53.000000,-1.000000,,,,42.641176,25.749064,31.339848,0.095800,0.646467,-0.550667,22.525035,14.580466,28.436732,-2.061773,-0.328891,0.134413,0.055257,,0.000000,,18.497596,2.713987,48.956611,-0.167818,0.006817,-0.174635,15.154183,10.499989,54.571951,-2.396840,-2.431772,-0.512040,0.023129,1.514923,1.016949,,146.050096,45.646438,0.773916,1.374802
2026-01-05T03:45:00Z,1.103716,no_impulse,0,HCLTECH,1h,1.000000,81.402439,3.379533,0.000000,0.000000,-2.064001,-2.488950,-2.343210,3.986146,12.000000,189.595376,0.332179,4.000000,29.709903,29.878049,64.782304,1.000000,-0.158240,-0.090185,-0.068056,24.095421,10.392120,47.595825,-2.064001,-2.488950,-2.343210,-0.304697,0.025131,2.147601,11.000000,45.646438,0.195236,3.000000,57.466920,93.641618,85.685418,1.000000,-0.275839,-0.473491,0.197653,36.927720,25.936022,18.043245,0.690011,0.038484,0.364089,0.945932,0.015581,4.493450,30.000000,146.050096,0.149782,4.000000,21.273715,6.517691,10.052619,0.000000,-0.755309,-0.589554,-0.165755,46.339519,7.966290,36.924331,-1.500050,-2.265921,-1.492658,0.137759,0.040798,3.174312,14.000000,112.826087,0.226737,7.000000,64.913481,88.911290,92.506820,0.000000,0.311976,0.129517,0.182458,17.633538,26.350299,16.856363,1.011360,1.175335,2.814940,0.801456,0.033892,2.736466,3.000000,115.000000,0.912155,4.000000,36.486991,12.164948,12.555842,0.000000,-0.319361,-0.214741,-0.104620,19.757021,12.242721,27.886690,-0.934290,-1.245322,0.539540,-0.014284,0.017999,2.437538,0.000000,121.580547,0.000000,4.000000,36.104281,0.500000,38.814010,0.000000,-0.166937,-0.158701,-0.008236,15.680569,15.194701,28.062153,-1.038182,-1.211490,0.730467,-0.274985,0.013259,1.965470,7.000000,115.438596,0.280781,4.000000,36.104281,0.500000,38.814010,1.000000,-0.166937,-0.158701,-0.008236,15.680569,15.194701,28.062153,-1.038182,-1.211490,0.730467,-0.274985,0.013259,1.732102,11.000000,66.901408,0.157464,3.000000,50.202833,56.140351,35.576891,0.000000,-0.220024,-0.233033,0.013009,20.645762,28.303293,22.705346,0.103532,-0.055090,2.060786,0.531437,0.032968,2.523697,5.000000,109.230769,0.504739,4.000000,2.365070,19.000000,84.051724,0.124477,3.000000,2.736817,18.000000,95.670103,0.152045,2.000000,2.944927,12.000000,193.227092,0.245411,1.000000,1.501196,4.000000,61.219512,0.375299,2.000000,2.513795,7.000000,173.728814,0.359114,1.000000,1.426327,1.000000,77.124183,1.426327,2.000000,1.884236,5.000000,105.882353,0.376847,1.000000,1.748442,2.000000,47.927032,0.874221,2.000000,3.786261,34.000000,127.215190,0.111361,7.000000,2.890244,8.000000,139.411765,0.361280,4.000000,2.117061,2.000000,53.543307,1.058531,3.000000,4.000000,11.000000,53.000000,-1.000000,,,,42.641176,25.749064,31.339848,0.095800,0.646467,-0.550667,22.525035,14.580466,28.436732,-2.061773,-0.328891,0.134413,0.055257,,0.000000,,18.497596,2.713987,48.956611,-0.167818,0.006817,-0.174635,15.154183,10.499989,54.571951,-2.396840,-2.431772,-0.512040,0.023129,1.226163,0.000000,,189.595376,45.646438,0.885627,1.272975
2026-01-06T03:45:00Z,1.079257,no_impulse,0,HCLTECH,1h,-1.000000,67.790262,2.216100,7.000000,0.316586,-0.102581,-0.819133,-1.039580,3.379533,0.000000,81.402439,0.000000,4.000000,29.709903,29.878049,64.782304,0.000000,-0.158240,-0.090185,-0.068056,24.095421,10.392120,47.595825,-2.064001,-2.488950,-2.343210,-0.304697,0.025131,3.986146,12.000000,189.595376,0.332179,4.000000,29.709903,29.878049,64.782304,1.000000,-0.158240,-0.090185,-0.068056,24.095421,10.392120,47.595825,-2.064001,-2.488950,-2.343210,-0.304697,0.025131,2.147601,11.000000,45.646438,0.195236,3.000000,57.466920,93.641618,85.685418,1.000000,-0.275839,-0.473491,0.197653,36.927720,25.936022,18.043245,0.690011,0.038484,0.364089,0.945932,0.015581,4.493450,30.000000,146.050096,0.149782,4.000000,21.273715,6.517691,10.052619,0.000000,-0.755309,-0.589554,-0.165755,46.339519,7.966290,36.924331,-1.500050,-2.265921,-1.492658,0.137759,0.040798,3.174312,14.000000,112.826087,0.226737,7.000000,64.913481,88.911290,92.506820,0.000000,0.311976,0.129517,0.182458,17.633538,26.350299,16.856363,1.011360,1.175335,2.814940,0.801456,0.033892,2.736466,3.000000,115.000000,0.912155,4.000000,36.486991,12.164948,12.555842,0.000000,-0.319361,-0.214741,-0.104620,19.757021,12.242721,27.886690,-0.934290,-1.245322,0.539540,-0.014284,0.017999,2.437538,0.000000,121.580547,0.000000,4.000000,36.104281,0.500000,38.814010,0.000000,-0.166937,-0.158701,-0.008236,15.680569,15.194701,28.062153,-1.038182,-1.211490,0.730467,-0.274985,0.013259,1.965470,7.000000,115.438596,0.280781,4.000000,36.104281,0.500000,38.814010,1.000000,-0.166937,-0.158701,-0.008236,15.680569,15.194701,28.062153,-1.038182,-1.211490,0.730467,-0.274985,0.013259,1.732102,11.000000,66.901408,0.157464,3.000000,2.523697,5.000000,109.230769,0.504739,4.000000,2.365070,19.000000,84.051724,0.124477,3.000000,2.736817,18.000000,95.670103,0.152045,2.000000,2.944927,12.000000,193.227092,0.245411,1.000000,1.501196,4.000000,61.219512,0.375299,2.000000,2.513795,7.000000,173.728814,0.359114,1.000000,1.426327,1.000000,77.124183,1.426327,2.000000,1.884236,5.000000,105.882353,0.376847,1.000000,1.748442,2.000000,47.927032,0.874221,2.000000,3.786261,34.000000,127.215190,0.111361,7.000000,2.890244,8.000000,139.411765,0.361280,4.000000,2.000000,1.000000,60.000000,-1.000000,,,,45.078561,33.895131,32.495182,-0.022890,0.509812,-0.532702,23.216889,13.545664,26.418527,-1.368370,0.202866,0.256442,0.055424,,0.000000,,51.451054,71.219512,45.919972,-0.173710,-0.259650,0.085940,29.994174,23.613430,18.142041,0.192321,-0.277232,0.760581,0.007395,0.775503,0.752688,,189.595376,45.646438,0.893911,0.914367
2026-01-07T03:45:00Z,1.109459,no_impulse,0,HCLTECH,1h,1.000000,123.480663,2.798472,7.000000,0.399782,1.249654,0.754506,0.441160,2.216100,7.000000,67.790262,0.316586,2.000000,46.340566,60.731320,47.058824,1.000000,-0.468435,-0.386878,-0.081557,34.128754,19.685231,29.973127,-0.102581,-0.819133,-1.039580,0.475075,0.041113,3.379533,0.000000,81.402439,0.000000,4.000000,29.709903,29.878049,64.782304,0.000000,-0.158240,-0.090185,-0.068056,24.095421,10.392120,47.595825,-2.064001,-2.488950,-2.343210,-0.304697,0.025131,3.986146,12.000000,189.595376,0.332179,4.000000,29.709903,29.878049,64.782304,1.000000,-0.158240,-0.090185,-0.068056,24.095421,10.392120,47.595825,-2.064001,-2.488950,-2.343210,-0.304697,0.025131,2.147601,11.000000,45.646438,0.195236,3.000000,57.466920,93.641618,85.685418,1.000000,-0.275839,-0.473491,0.197653,36.927720,25.936022,18.043245,0.690011,0.038484,0.364089,0.945932,0.015581,4.493450,30.000000,146.050096,0.149782,4.000000,21.273715,6.517691,10.052619,0.000000,-0.755309,-0.589554,-0.165755,46.339519,7.966290,36.924331,-1.500050,-2.265921,-1.492658,0.137759,0.040798,3.174312,14.000000,112.826087,0.226737,7.000000,64.913481,88.911290,92.506820,0.000000,0.311976,0.129517,0.182458,17.633538,26.350299,16.856363,1.011360,1.175335,2.814940,0.801456,0.033892,2.736466,3.000000,115.000000,0.912155,4.000000,36.486991,12.164948,12.555842,0.000000,-0.319361,-0.214741,-0.104620,19.757021,12.242721,27.886690,-0.934290,-1.245322,0.539540,-0.014284,0.017999,2.437538,0.000000,121.580547,0.000000,4.000000,36.104281,0.500000,38.814010,0.000000,-0.166937,-0.158701,-0.008236,15.680569,15.194701,28.062153,-1.038182,-1.211490,0.730467,-0.274985,0.013259,1.965470,7.000000,115.438596,0.280781,4.000000,1.732102,11.000000,66.901408,0.157464,3.000000,2.523697,5.000000,109.230769,0.504739,4.000000,2.365070,19.000000,84.051724,0.124477,3.000000,2.736817,18.000000,95.670103,0.152045,2.000000,2.944927,12.000000,193.227092,0.245411,1.000000,1.501196,4.000000,61.219512,0.375299,2.000000,2.513795,7.000000,173.728814,0.359114,1.000000,1.426327,1.000000,77.124183,1.426327,2.000000,1.884236,5.000000,105.882353,0.376847,1.000000,1.748442,2.000000,47.927032,0.874221,2.000000,3.786261,34.000000,127.215190,0.111361,7.000000,1.000000,2.000000,67.000000,-1.000000,,,,52.863823,63.295880,40.980025,0.039001,0.407878,-0.368877,22.352075,19.183923,23.979116,0.509737,2.022150,0.592672,0.055286,,0.000000,,72.313546,80.797101,65.246543,0.132444,0.073796,0.058648,20.395138,43.520462,11.331162,1.092494,1.126934,1.505319,0.010987,0.989954,0.736842,,189.595376,45.646438,0.911792,0.976202
2026-01-07T03:45:00Z,1.092365,no_impulse,0,HCLTECH,1h,-1.000000,56.599553,1.540804,0.000000,0.000000,1.249654,0.754506,0.441160,2.798472,7.000000,123.480663,0.399782,1.000000,62.193924,98.715203,75.667890,0.000000,-0.120339,-0.287668,0.167328,28.154505,29.574333,20.122260,1.249654,0.754506,0.441160,0.852898,0.035859,2.216100,7.000000,67.790262,0.316586,2.000000,46.340566,60.731320,47.058824,1.000000,-0.468435,-0.386878,-0.081557,34.128754,19.685231,29.973127,-0.102581,-0.819133,-1.039580,0.475075,0.041113,3.379533,0.000000,81.402439,0.000000,4.000000,29.709903,29.878049,64.782304,0.000000,-0.158240,-0.090185,-0.068056,24.095421,10.392120,47.595825,-2.064001,-2.488950,-2.343210,-0.304697,0.025131,3.986146,12.000000,189.595376,0.332179,4.000000,29.709903,29.878049,64.782304,1.000000,-0.158240,-0.090185,-0.068056,24.095421,10.392120,47.595825,-2.064001,-2.488950,-2.343210,-0.304697,0.025131,2.147601,11.000000,45.646438,0.195236,3.000000,57.466920,93.641618,85.685418,1.000000,-0.275839,-0.473491,0.197653,36.927720,25.936022,18.043245,0.690011,0.038484,0.364089,0.945932,0.015581,4.493450,30.000000,146.050096,0.149782,4.000000,21.273715,6.517691,10.052619,0.000000,-0.755309,-0.589554,-0.165755,46.339519,7.966290,36.924331,-1.500050,-2.265921,-1.492658,0.137759,0.040798,3.174312,14.000000,112.826087,0.226737,7.000000,64.913481,88.911290,92.506820,0.000000,0.311976,0.129517,0.182458,17.633538,26.350299,16.856363,1.011360,1.175335,2.814940,0.801456,0.033892,2.736466,3.000000,115.000000,0.912155,4.000000,36.486991,12.164948,12.555842,0.000000,-0.319361,-0.214741,-0.104620,19.757021,12.242721,27.886690,-0.934290,-1.245322,0.539540,-0.014284,0.017999,2.437538,0.000000,121.580547,0.000000,4.000000,1.965470,7.000000,115.438596,0.280781,4.000000,1.732102,11.000000,66.901408,0.157464,3.000000,2.523697,5.000000,109.230769,0.504739,4.000000,2.365070,19.000000,84.051724,0.124477,3.000000,2.736817,18.000000,95.670103,0.152045,2.000000,2.944927,12.000000,193.227092,0.245411,1.000000,1.501196,4.000000,61.219512,0.375299,2.000000,2.513795,7.000000,173.728814,0.359114,1.000000,1.426327,1.000000,77.124183,1.426327,2.000000,1.884236,5.000000,105.882353,0.376847,1.000000,1.748442,2.000000,47.927032,0.874221,2.000000,1.000000,3.000000,67.000000,-1.000000,,,,52.863823,63.295880,40.980025,0.039001,0.407878,-0.368877,22.352075,19.183923,23.979116,0.509737,2.022150,0.592672,0.055286,,0.000000,,72.313546,80.797101,65.246543,0.132444,0.073796,0.058648,20.395138,43.520462,11.331162,1.092494,1.126934,1.505319,0.010987,0.525243,0.000000,,189.595376,45.646438,0.828040,0.789870
2026-01-08T03:45:00Z,1.122027,no_impulse,0,HCLTECH,1h,1.000000,173.517787,2.715408,7.000000,0.387915,0.789726,0.828637,0.724265,1.540804,0.000000,56.599553,0.000000,1.000000,62.193924,98.715203,75.667890,0.000000,-0.120339,-0.287668,0.167328,28.154505,29.574333,20.122260,1.249654,0.754506,0.441160,0.852898,0.035859,2.798472,7.000000,123.480663,0.399782,1.000000,62.193924,98.715203,75.667890,0.000000,-0.120339,-0.287668,0.167328,28.154505,29.574333,20.122260,1.249654,0.754506,0.441160,0.852898,0.035859,2.216100,7.000000,67.790262,0.316586,2.000000,46.340566,60.731320,47.058824,1.000000,-0.468435,-0.386878,-0.081557,34.128754,19.685231,29.973127,-0.102581,-0.819133,-1.039580,0.475075,0.041113,3.379533,0.000000,81.402439,0.000000,4.000000,29.709903,29.878049,64.782304,0.000000,-0.158240,-0.090185,-0.068056,24.095421,10.392120,47.595825,-2.064001,-2.488950,-2.343210,-0.304697,0.025131,3.986146,12.000000,189.595376,0.332179,4.000000,29.709903,29.878049,64.782304,1.000000,-0.158240,-0.090185,-0.068056,24.095421,10.392120,47.595825,-2.064001,-2.488950,-2.343210,-0.304697,0.025131,2.147601,11.000000,45.646438,0.195236,3.000000,57.466920,93.641618,85.685418,1.000000,-0.275839,-0.473491,0.197653,36.927720,25.936022,18.043245,0.690011,0.038484,0.364089,0.945932,0.015581,4.493450,30.000000,146.050096,0.149782,4.000000,21.273715,6.517691,10.052619,0.000000,-0.755309,-0.589554,-0.165755,46.339519,7.966290,36.924331,-1.500050,-2.265921,-1.492658,0.137759,0.040798,3.174312,14.000000,112.826087,0.226737,7.000000,64.913481,88.911290,92.506820,0.000000,0.311976,0.129517,0.182458,17.633538,26.350299,16.856363,1.011360,1.175335,2.814940,0.801456,0.033892,2.736466,3.000000,115.000000,0.912155,4.000000,2.437538,0.000000,121.580547,0.000000,4.000000,1.965470,7.000000,115.438596,0.280781,4.000000,1.732102,11.000000,66.901408,0.157464,3.000000,2.523697,5.000000,109.230769,0.504739,4.000000,2.365070,19.000000,84.051724,0.124477,3.000000,2.736817,18.000000,95.670103,0.152045,2.000000,2.944927,12.000000,193.227092,0.245411,1.000000,1.501196,4.000000,61.219512,0.375299,2.000000,2.513795,7.000000,173.728814,0.359114,1.000000,1.426327,1.000000,77.124183,1.426327,2.000000,1.884236,5.000000,105.882353,0.376847,1.000000,1.000000,4.000000,74.000000,-1.000000,,,,52.608059,62.359551,53.183521,0.081913,0.342883,-0.260970,21.267423,19.493108,22.502942,0.406527,1.885684,0.574777,0.054587,,0.000000,,51.093167,12.389381,59.685349,0.285582,0.325348,-0.039766,36.869875,29.807918,9.065794,-0.077597,0.434631,0.406114,0.008259,0.939249,0.833333,,189.595376,45.646438,0.891649,0.689076
2026-01-08T03:45:00Z,1.105000,no_impulse,0,HCLTECH,1h,-1.000000,57.403189,1.517524,0.000000,0.000000,0.789726,0.828637,0.724265,2.715408,7.000000,173.517787,0.387915,1.000000,60.956162,71.694215,87.751283,1.000000,0.385999,0.155709,0.230290,27.304753,23.993695,17.619218,0.789726,0.828637,0.724265,0.689460,0.042015,1.540804,0.000000,56.599553,0.000000,1.000000,62.193924,98.715203,75.667890,0.000000,-0.120339,-0.287668,0.167328,28.154505,29.574333,20.122260,1.249654,0.754506,0.441160,0.852898,0.035859,2.798472,7.000000,123.480663,0.399782,1.000000,62.193924,98.715203,75.667890,0.000000,-0.120339,-0.287668,0.167328,28.154505,29.574333,20.122260,1.249654,0.754506,0.441160,0.852898,0.035859,2.216100,7.000000,67.790262,0.316586,2.000000,46.340566,60.731320,47.058824,1.000000,-0.468435,-0.386878,-0.081557,34.128754,19.685231,29.973127,-0.102581,-0.819133,-1.039580,0.475075,0.041113,3.379533,0.000000,81.402439,0.000000,4.000000,29.709903,29.878049,64.782304,0.000000,-0.158240,-0.090185,-0.068056,24.095421,10.392120,47.595825,-2.064001,-2.488950,-2.343210,-0.304697,0.025131,3.986146,12.000000,189.595376,0.332179,4.000000,29.709903,29.878049,64.782304,1.000000,-0.158240,-0.090185,-0.068056,24.095421,10.392120,47.595825,-2.064001,-2.488950,-2.343210,-0.304697,0.025131,2.147601,11.000000,45.646438,0.195236,3.000000,57.466920,93.641618,85.685418,1.000000,-0.275839,-0.473491,0.197653,36.927720,25.936022,18.043245,0.690011,0.038484,0.364089,0.945932,0.015581,4.493450,30.000000,146.050096,0.149782,4.000000,21.273715,6.517691,10.052619,0.000000,-0.755309,-0.589554,-0.165755,46.339519,7.966290,36.924331,-1.500050,-2.265921,-1.492658,0.137759,0.040798,3.174312,14.000000,112.826087,0.226737,7.000000,2.736466,3.000000,115.000000,0.912155,4.000000,2.437538,0.000000,121.580547,0.000000,4.000000,1.965470,7.000000,115.438596,0.280781,4.000000,1.732102,11.000000,66.901408,0.157464,3.000000,2.523697,5.000000,109.230769,0.504739,4.000000,2.365070,19.000000,84.051724,0.124477,3.000000,2.736817,18.000000,95.670103,0.152045,2.000000,2.944927,12.000000,193.227092,0.245411,1.000000,1.501196,4.000000,61.219512,0.375299,2.000000,2.513795,7.000000,173.728814,0.359114,1.000000,1.426327,1.000000,77.124183,1.426327,2.000000,1.000000,5.000000,74.000000,-1.000000,,,,52.608059,62.359551,53.183521,0.081913,0.342883,-0.260970,21.267423,19.493108,22.502942,0.406527,1.885684,0.574777,0.054587,,0.000000,,51.093167,12.389381,59.685349,0.285582,0.325348,-0.039766,36.869875,29.807918,9.065794,-0.077597,0.434631,0.406114,0.008259,0.519908,0.000000,,189.595376,45.646438,0.880203,0.736260
2026-01-09T03:45:00Z,1.131757,no_impulse,0,HCLTECH,1h,1.000000,157.142857,2.421426,7.000000,0.345918,1.303480,1.627407,1.733653,1.517524,0.000000,57.403189,0.000000,1.000000,60.956162,71.694215,87.751283,0.000000,0.385999,0.155709,0.230290,27.304753,23.993695,17.619218,0.789726,0.828637,0.724265,0.689460,0.042015,2.715408,7.000000,173.517787,0.387915,1.000000,60.956162,71.694215,87.751283,1.000000,0.385999,0.155709,0.230290,27.304753,23.993695,17.619218,0.789726,0.828637,0.724265,0.689460,0.042015,1.540804,0.000000,56.599553,0.000000,1.000000,62.193924,98.715203,75.667890,0.000000,-0.120339,-0.287668,0.167328,28.154505,29.574333,20.122260,1.249654,0.754506,0.441160,0.852898,0.035859,2.798472,7.000000,123.480663,0.399782,1.000000,62.193924,98.715203,75.667890,0.000000,-0.120339,-0.287668,0.167328,28.154505,29.574333,20.122260,1.249654,0.754506,0.441160,0.852898,0.035859,2.216100,7.000000,67.790262,0.316586,2.000000,46.340566,60.731320,47.058824,1.000000,-0.468435,-0.386878,-0.081557,34.128754,19.685231,29.973127,-0.102581,-0.819133,-1.039580,0.475075,0.041113,3.379533,0.000000,81.402439,0.000000,4.000000,29.709903,29.878049,64.782304,0.000000,-0.158240,-0.090185,-0.068056,24.095421,10.392120,47.595825,-2.064001,-2.488950,-2.343210,-0.304697,0.025131,3.986146,12.000000,189.595376,0.332179,4.000000,29.709903,29.878049,64.782304,1.000000,-0.158240,-0.090185,-0.068056,24.095421,10.392120,47.595825,-2.064001,-2.488950,-2.343210,-0.304697,0.025131,2.147601,11.000000,45.646438,0.195236,3.000000,57.466920,93.641618,85.685418,1.000000,-0.275839,-0.473491,0.197653,36.927720,25.936022,18.043245,0.690011,0.038484,0.364089,0.945932,0.015581,4.493450,30.000000,146.050096,0.149782,4.000000,3.174312,14.000000,112.826087,0.226737,7.000000,2.736466,3.000000,115.000000,0.912155,4.000000,2.437538,0.000000,121.580547,0.000000,4.000000,1.965470,7.000000,115.438596,0.280781,4.000000,1.732102,11.000000,66.901408,0.157464,3.000000,2.523697,5.000000,109.230769,0.504739,4.000000,2.365070,19.000000,84.051724,0.124477,3.000000,2.736817,18.000000,95.670103,0.152045,2.000000,2.944927,12.000000,193.227092,0.245411,1.000000,1.501196,4.000000,61.219512,0.375299,2.000000,2.513795,7.000000,173.728814,0.359114,1.000000,1.000000,6.000000,81.000000,-1.000000,,,,55.979655,76.123596,67.259675,0.184149,0.308709,-0.124560,19.869779,21.668228,20.943650,1.165085,2.645803,0.720564,0.053446,,0.000000,,59.122602,53.753754,33.809932,0.112645,0.139699,-0.027055,23.984026,35.513639,17.812811,0.565339,0.922032,1.129352,0.009034,0.865743,0.795455,,189.595376,45.646438,0.986274,0.687832
2026-01-09T03:45:00Z,1.112905,no_impulse,0,HCLTECH,1h,-1.000000,70.454545,1.665672,0.000000,0.000000,1.303480,1.627407,1.733653,2.421426,7.000000,157.142857,0.345918,1.000000,66.145037,74.811083,70.452507,1.000000,0.465381,0.380023,0.085358,25.290642,30.386694,12.482425,1.303480,1.627407,1.733653,0.867212,0.035965,1.517524,0.000000,57.403189,0.000000,1.000000,60.956162,71.694215,87.751283,0.000000,0.385999,0.155709,0.230290,27.304753,23.993695,17.619218,0.789726,0.828637,0.724265,0.689460,0.042015,2.715408,7.000000,173.517787,0.387915,1.000000,60.956162,71.694215,87.751283,1.000000,0.385999,0.155709,0.230290,27.304753,23.993695,17.619218,0.789726,0.828637,0.724265,0.689460,0.042015,1.540804,0.000000,56.599553,0.000000,1.000000,62.193924,98.715203,75.667890,0.000000,-0.120339,-0.287668,0.167328,28.154505,29.574333,20.122260,1.249654,0.754506,0.441160,0.852898,0.035859,2.798472,7.000000,123.480663,0.399782,1.000000,62.193924,98.715203,75.667890,0.000000,-0.120339,-0.287668,0.167328,28.154505,29.574333,20.122260,1.249654,0.754506,0.441160,0.852898,0.035859,2.216100,7.000000,67.790262,0.316586,2.000000,46.340566,60.731320,47.058824,1.000000,-0.468435,-0.386878,-0.081557,34.128754,19.685231,29.973127,-0.102581,-0.819133,-1.039580,0.475075,0.041113,3.379533,0.000000,81.402439,0.000000,4.000000,29.709903,29.878049,64.782304,0.000000,-0.158240,-0.090185,-0.068056,24.095421,10.392120,47.595825,-2.064001,-2.488950,-2.343210,-0.304697,0.025131,3.986146,12.000000,189.595376,0.332179,4.000000,29.709903,29.878049,64.782304,1.000000,-0.158240,-0.090185,-0.068056,24.095421,10.392120,47.595825,-2.064001,-2.488950,-2.343210,-0.304697,0.025131,2.147601,11.000000,45.646438,0.195236,3.000000,4.493450,30.000000,146.050096,0.149782,4.000000,3.174312,14.000000,112.826087,0.226737,7.000000,2.736466,3.000000,115.000000,0.912155,4.000000,2.437538,0.000000,121.580547,0.000000,4.000000,1.965470,7.000000,115.438596,0.280781,4.000000,1.732102,11.000000,66.901408,0.157464,3.000000,2.523697,5.000000,109.230769,0.504739,4.000000,2.365070,19.000000,84.051724,0.124477,3.000000,2.736817,18.000000,95.670103,0.152045,2.000000,2.944927,12.000000,193.227092,0.245411,1.000000,1.501196,4.000000,61.219512,0.375299,2.000000,1.000000,7.000000,81.000000,-1.000000,,,,55.979655,76.123596,67.259675,0.184149,0.308709,-0.124560,19.869779,21.668228,20.943650,1.165085,2.645803,0.720564,0.053446,,0.000000,,59.122602,53.753754,33.809932,0.112645,0.139699,-0.027055,23.984026,35.513639,17.812811,0.565339,0.922032,1.129352,0.009034,0.612009,0.000000,,189.595376,45.646438,0.982996,1.015099
2026-01-12T03:45:00Z,1.133243,no_impulse,0,HCLTECH,1h,1.000000,107.885305,1.827454,7.000000,0.261065,-0.144747,0.383837,0.743940,1.665672,0.000000,70.454545,0.000000,1.000000,66.145037,74.811083,70.452507,0.000000,0.465381,0.380023,0.085358,25.290642,30.386694,12.482425,1.303480,1.627407,1.733653,0.867212,0.035965,2.421426,7.000000,157.142857,0.345918,1.000000,66.145037,74.811083,70.452507,1.000000,0.465381,0.380023,0.085358,25.290642,30.386694,12.482425,1.303480,1.627407,1.733653,0.867212,0.035965,1.517524,0.000000,57.403189,0.000000,1.000000,60.956162,71.694215,87.751283,0.000000,0.385999,0.155709,0.230290,27.304753,23.993695,17.619218,0.789726,0.828637,0.724265,0.689460,0.042015,2.715408,7.000000,173.517787,0.387915,1.000000,60.956162,71.694215,87.751283,1.000000,0.385999,0.155709,0.230290,27.304753,23.993695,17.619218,0.789726,0.828637,0.724265,0.689460,0.042015,1.540804,0.000000,56.599553,0.000000,1.000000,62.193924,98.715203,75.667890,0.000000,-0.120339,-0.287668,0.167328,28.154505,29.574333,20.122260,1.249654,0.754506,0.441160,0.852898,0.035859,2.798472,7.000000,123.480663,0.399782,1.000000,62.193924,98.715203,75.667890,0.000000,-0.120339,-0.287668,0.167328,28.154505,29.574333,20.122260,1.249654,0.754506,0.441160,0.852898,0.035859,2.216100,7.000000,67.790262,0.316586,2.000000,46.340566,60.731320,47.058824,1.000000,-0.468435,-0.386878,-0.081557,34.128754,19.685231,29.973127,-0.102581,-0.819133,-1.039580,0.475075,0.041113,3.379533,0.000000,81.402439,0.000000,4.000000,29.709903,29.878049,64.782304,0.000000,-0.158240,-0.090185,-0.068056,24.095421,10.392120,47.595825,-2.064001,-2.488950,-2.343210,-0.304697,0.025131,3.986146,12.000000,189.595376,0.332179,4.000000,2.147601,11.000000,45.646438,0.195236,3.000000,4.493450,30.000000,146.050096,0.149782,4.000000,3.174312,14.000000,112.826087,0.226737,7.000000,2.736466,3.000000,115.000000,0.912155,4.000000,2.437538,0.000000,121.580547,0.000000,4.000000,1.965470,7.000000,115.438596,0.280781,4.000000,1.732102,11.000000,66.901408,0.157464,3.000000,2.523697,5.000000,109.230769,0.504739,4.000000,2.365070,19.000000,84.051724,0.124477,3.000000,2.736817,18.000000,95.670103,0.152045,2.000000,2.944927,12.000000,193.227092,0.245411,1.000000,1.000000,8.000000,88.000000,-1.000000,,,,57.357600,81.928839,73.470662,0.291400,0.304329,-0.012929,18.572352,19.803967,20.491324,1.386589,2.889807,0.766864,0.052689,,0.000000,,48.378658,22.072072,43.679196,0.056656,0.108553,-0.051897,14.880511,27.651566,14.423706,-0.117555,0.199979,0.329011,0.006867,0.749304,1.372549,,189.595376,45.646438,0.807789,0.794454
2026-01-12T05:45:00Z,1.109122,no_impulse,0,HCLTECH,1h,-1.000000,118.604651,2.128548,2.000000,1.064274,0.152073,0.635366,1.015131,1.827454,7.000000,107.885305,0.261065,1.000000,50.745999,29.319372,56.406121,1.000000,0.460395,0.500728,-0.040333,28.806110,25.952043,11.717741,-0.144747,0.383837,0.743940,0.428760,0.020289,1.665672,0.000000,70.454545,0.000000,1.000000,66.145037,74.811083,70.452507,0.000000,0.465381,0.380023,0.085358,25.290642,30.386694,12.482425,1.303480,1.627407,1.733653,0.867212,0.035965,2.421426,7.000000,157.142857,0.345918,1.000000,66.145037,74.811083,70.452507,1.000000,0.465381,0.380023,0.085358,25.290642,30.386694,12.482425,1.303480,1.627407,1.733653,0.867212,0.035965,1.517524,0.000000,57.403189,0.000000,1.000000,60.956162,71.694215,87.751283,0.000000,0.385999,0.155709,0.230290,27.304753,23.993695,17.619218,0.789726,0.828637,0.724265,0.689460,0.042015,2.715408,7.000000,173.517787,0.387915,1.000000,60.956162,71.694215,87.751283,1.000000,0.385999,0.155709,0.230290,27.304753,23.993695,17.619218,0.789726,0.828637,0.724265,0.689460,0.042015,1.540804,0.000000,56.599553,0.000000,1.000000,62.193924,98.715203,75.667890,0.000000,-0.120339,-0.287668,0.167328,28.154505,29.574333,20.122260,1.249654,0.754506,0.441160,0.852898,0.035859,2.798472,7.000000,123.480663,0.399782,1.000000,62.193924,98.715203,75.667890,0.000000,-0.120339,-0.287668,0.167328,28.154505,29.574333,20.122260,1.249654,0.754506,0.441160,0.852898,0.035859,2.216100,7.000000,67.790262,0.316586,2.000000,46.340566,60.731320,47.058824,1.000000,-0.468435,-0.386878,-0.081557,34.128754,19.685231,29.973127,-0.102581,-0.819133,-1.039580,0.475075,0.041113,3.379533,0.000000,81.402439,0.000000,4.000000,3.986146,12.000000,189.595376,0.332179,4.000000,2.147601,11.000000,45.646438,0.195236,3.000000,4.493450,30.000000,146.050096,0.149782,4.000000,3.174312,14.000000,112.826087,0.226737,7.000000,2.736466,3.000000,115.000000,0.912155,4.000000,2.437538,0.000000,121.580547,0.000000,4.000000,1.965470,7.000000,115.438596,0.280781,4.000000,1.732102,11.000000,66.901408,0.157464,3.000000,2.523697,5.000000,109.230769,0.504739,4.000000,2.365070,19.000000,84.051724,0.124477,3.000000,2.736817,18.000000,95.670103,0.152045,2.000000,8.000000,1.000000,90.000000,-1.000000,,,,57.357600,81.928839,73.470662,0.291400,0.304329,-0.012929,18.572352,19.803967,20.491324,1.386589,2.889807,0.766864,0.052689,,0.000000,,38.742508,17.210682,17.903066,-0.169523,-0.069609,-0.099913,12.966520,15.184387,18.203192,-0.424303,-0.369805,0.213241,0.014734,0.884369,0.425532,,189.595376,56.599553,0.826737,1.024389
2026-01-13T03:45:00Z,1.147027,no_impulse,0,HCLTECH,1h,1.000000,157.142857,3.417606,5.000000,0.683521,-0.688789,-0.223065,0.250768,2.128548,2.000000,118.604651,1.064274,8.000000,54.042193,37.815126,28.950936,1.000000,0.351472,0.451297,-0.099825,28.103234,22.388138,14.381989,0.152073,0.635366,1.015131,0.579601,0.019133,1.827454,7.000000,107.885305,0.261065,1.000000,50.745999,29.319372,56.406121,1.000000,0.460395,0.500728,-0.040333,28.806110,25.952043,11.717741,-0.144747,0.383837,0.743940,0.428760,0.020289,1.665672,0.000000,70.454545,0.000000,1.000000,66.145037,74.811083,70.452507,0.000000,0.465381,0.380023,0.085358,25.290642,30.386694,12.482425,1.303480,1.627407,1.733653,0.867212,0.035965,2.421426,7.000000,157.142857,0.345918,1.000000,66.145037,74.811083,70.452507,1.000000,0.465381,0.380023,0.085358,25.290642,30.386694,12.482425,1.303480,1.627407,1.733653,0.867212,0.035965,1.517524,0.000000,57.403189,0.000000,1.000000,60.956162,71.694215,87.751283,0.000000,0.385999,0.155709,0.230290,27.304753,23.993695,17.619218,0.789726,0.828637,0.724265,0.689460,0.042015,2.715408,7.000000,173.517787,0.387915,1.000000,60.956162,71.694215,87.751283,1.000000,0.385999,0.155709,0.230290,27.304753,23.993695,17.619218,0.789726,0.828637,0.724265,0.689460,0.042015,1.540804,0.000000,56.599553,0.000000,1.000000,62.193924,98.715203,75.667890,0.000000,-0.120339,-0.287668,0.167328,28.154505,29.574333,20.122260,1.249654,0.754506,0.441160,0.852898,0.035859,2.798472,7.000000,123.480663,0.399782,1.000000,62.193924,98.715203,75.667890,0.000000,-0.120339,-0.287668,0.167328,28.154505,29.574333,20.122260,1.249654,0.754506,0.441160,0.852898,0.035859,2.216100,7.000000,67.790262,0.316586,2.000000,3.379533,0.000000,81.402439,0.000000,4.000000,3.986146,12.000000,189.595376,0.332179,4.000000,2.147601,11.000000,45.646438,0.195236,3.000000,4.493450,30.000000,146.050096,0.149782,4.000000,3.174312,14.000000,112.826087,0.226737,7.000000,2.736466,3.000000,115.000000,0.912155,4.000000,2.437538,0.000000,121.580547,0.000000,4.000000,1.965470,7.000000,115.438596,0.280781,4.000000,1.732102,11.000000,66.901408,0.157464,3.000000,2.523697,5.000000,109.230769,0.504739,4.000000,2.365070,19.000000,84.051724,0.124477,3.000000,1.000000,1.000000,5.000000,-1.000000,,,,56.558062,72.255319,76.769251,0.360769,0.315997,0.044772,17.967596,21.165391,17.280172,1.115208,2.630784,0.726759,0.049735,,0.000000,,33.306644,2.833333,54.905010,0.024815,0.047551,-0.022736,16.341107,13.615245,25.357296,-1.153651,-1.065081,-0.129949,0.018105,1.538704,1.351351,65.000000,173.517787,56.599553,0.613702,0.844811
2026-01-13T03:45:00Z,1.098649,no_impulse,0,HCLTECH,1h,-1.000000,127.629234,4.217719,0.000000,0.000000,-0.688789,-0.223065,0.250768,3.417606,5.000000,157.142857,0.683521,1.000000,44.312863,24.162011,54.272491,1.000000,0.259625,0.363193,-0.103567,27.990892,18.296427,26.471839,-0.688789,-0.223065,0.250768,0.146099,0.019330,2.128548,2.000000,118.604651,1.064274,8.000000,54.042193,37.815126,28.950936,1.000000,0.351472,0.451297,-0.099825,28.103234,22.388138,14.381989,0.152073,0.635366,1.015131,0.579601,0.019133,1.827454,7.000000,107.885305,0.261065,1.000000,50.745999,29.319372,56.406121,1.000000,0.460395,0.500728,-0.040333,28.806110,25.952043,11.717741,-0.144747,0.383837,0.743940,0.428760,0.020289,1.665672,0.000000,70.454545,0.000000,1.000000,66.145037,74.811083,70.452507,0.000000,0.465381,0.380023,0.085358,25.290642,30.386694,12.482425,1.303480,1.627407,1.733653,0.867212,0.035965,2.421426,7.000000,157.142857,0.345918,1.000000,66.145037,74.811083,70.452507,1.000000,0.465381,0.380023,0.085358,25.290642,30.386694,12.482425,1.303480,1.627407,1.733653,0.867212,0.035965,1.517524,0.000000,57.403189,0.000000,1.000000,60.956162,71.694215,87.751283,0.000000,0.385999,0.155709,0.230290,27.304753,23.993695,17.619218,0.789726,0.828637,0.724265,0.689460,0.042015,2.715408,7.000000,173.517787,0.387915,1.000000,60.956162,71.694215,87.751283,1.000000,0.385999,0.155709,0.230290,27.304753,23.993695,17.619218,0.789726,0.828637,0.724265,0.689460,0.042015,1.540804,0.000000,56.599553,0.000000,1.000000,62.193924,98.715203,75.667890,0.000000,-0.120339,-0.287668,0.167328,28.154505,29.574333,20.122260,1.249654,0.754506,0.441160,0.852898,0.035859,2.798472,7.000000,123.480663,0.399782,1.000000,2.216100,7.000000,67.790262,0.316586,2.000000,3.379533,0.000000,81.402439,0.000000,4.000000,3.986146,12.000000,189.595376,0.332179,4.000000,2.147601,11.000000,45.646438,0.195236,3.000000,4.493450,30.000000,146.050096,0.149782,4.000000,3.174312,14.000000,112.826087,0.226737,7.000000,2.736466,3.000000,115.000000,0.912155,4.000000,2.437538,0.000000,121.580547,0.000000,4.000000,1.965470,7.000000,115.438596,0.280781,4.000000,1.732102,11.000000,66.901408,0.157464,3.000000,2.523697,5.000000,109.230769,0.504739,4.000000,1.000000,2.000000,5.000000,-1.000000,,,,56.558062,72.255319,76.769251,0.360769,0.315997,0.044772,17.967596,21.165391,17.280172,1.115208,2.630784,0.726759,0.049735,,0.000000,,33.306644,2.833333,54.905010,0.024815,0.047551,-0.022736,16.341107,13.615245,25.357296,-1.153651,-1.065081,-0.129949,0.018105,1.895688,0.000000,65.000000,173.517787,56.599553,0.621752,1.315630
2026-01-16T03:45:00Z,1.147568,no_impulse,0,HCLTECH,1h,1.000000,101.117318,4.452645,14.000000,0.318046,1.546263,2.118533,2.889186,4.217719,0.000000,127.629234,0.000000,1.000000,44.312863,24.162011,54.272491,0.000000,0.259625,0.363193,-0.103567,27.990892,18.296427,26.471839,-0.688789,-0.223065,0.250768,0.146099,0.019330,3.417606,5.000000,157.142857,0.683521,1.000000,44.312863,24.162011,54.272491,1.000000,0.259625,0.363193,-0.103567,27.990892,18.296427,26.471839,-0.688789,-0.223065,0.250768,0.146099,0.019330,2.128548,2.000000,118.604651,1.064274,8.000000,54.042193,37.815126,28.950936,1.000000,0.351472,0.451297,-0.099825,28.103234,22.388138,14.381989,0.152073,0.635366,1.015131,0.579601,0.019133,1.827454,7.000000,107.885305,0.261065,1.000000,50.745999,29.319372,56.406121,1.000000,0.460395,0.500728,-0.040333,28.806110,25.952043,11.717741,-0.144747,0.383837,0.743940,0.428760,0.020289,1.665672,0.000000,70.454545,0.000000,1.000000,66.145037,74.811083,70.452507,0.000000,0.465381,0.380023,0.085358,25.290642,30.386694,12.482425,1.303480,1.627407,1.733653,0.867212,0.035965,2.421426,7.000000,157.142857,0.345918,1.000000,66.145037,74.811083,70.452507,1.000000,0.465381,0.380023,0.085358,25.290642,30.386694,12.482425,1.303480,1.627407,1.733653,0.867212,0.035965,1.517524,0.000000,57.403189,0.000000,1.000000,60.956162,71.694215,87.751283,0.000000,0.385999,0.155709,0.230290,27.304753,23.993695,17.619218,0.789726,0.828637,0.724265,0.689460,0.042015,2.715408,7.000000,173.517787,0.387915,1.000000,60.956162,71.694215,87.751283,1.000000,0.385999,0.155709,0.230290,27.304753,23.993695,17.619218,0.789726,0.828637,0.724265,0.689460,0.042015,1.540804,0.000000,56.599553,0.000000,1.000000,2.798472,7.000000,123.480663,0.399782,1.000000,2.216100,7.000000,67.790262,0.316586,2.000000,3.379533,0.000000,81.402439,0.000000,4.000000,3.986146,12.000000,189.595376,0.332179,4.000000,2.147601,11.000000,45.646438,0.195236,3.000000,4.493450,30.000000,146.050096,0.149782,4.000000,3.174312,14.000000,112.826087,0.226737,7.000000,2.736466,3.000000,115.000000,0.912155,4.000000,2.437538,0.000000,121.580547,0.000000,4.000000,1.965470,7.000000,115.438596,0.280781,4.000000,1.732102,11.000000,66.901408,0.157464,3.000000,1.000000,3.000000,19.000000,-1.000000,,,,63.907758,97.599338,81.696233,0.604132,0.386192,0.217939,17.731104,23.293372,14.905954,2.635770,4.240779,0.974844,0.057011,,0.000000,,65.621264,89.940828,51.427305,0.145690,0.132244,0.013446,14.893526,28.267671,11.574257,0.662412,0.902551,1.244128,0.008961,1.836094,4.000000,,173.517787,56.599553,0.885047,1.650822
2026-01-16T03:45:00Z,1.124865,no_impulse,0,HCLTECH,1h,-1.000000,46.408840,1.978333,0.000000,0.000000,1.546263,2.118533,2.889186,4.452645,14.000000,101.117318,0.318046,1.000000,64.447088,88.777219,69.769315,1.000000,0.374346,0.283356,0.090990,24.746764,24.098062,17.712312,1.546263,2.118533,2.889186,1.159046,0.023831,4.217719,0.000000,127.629234,0.000000,1.000000,44.312863,24.162011,54.272491,0.000000,0.259625,0.363193,-0.103567,27.990892,18.296427,26.471839,-0.688789,-0.223065,0.250768,0.146099,0.019330,3.417606,5.000000,157.142857,0.683521,1.000000,44.312863,24.162011,54.272491,1.000000,0.259625,0.363193,-0.103567,27.990892,18.296427,26.471839,-0.688789,-0.223065,0.250768,0.146099,0.019330,2.128548,2.000000,118.604651,1.064274,8.000000,54.042193,37.815126,28.950936,1.000000,0.351472,0.451297,-0.099825,28.103234,22.388138,14.381989,0.152073,0.635366,1.015131,0.579601,0.019133,1.827454,7.000000,107.885305,0.261065,1.000000,50.745999,29.319372,56.406121,1.000000,0.460395,0.500728,-0.040333,28.806110,25.952043,11.717741,-0.144747,0.383837,0.743940,0.428760,0.020289,1.665672,0.000000,70.454545,0.000000,1.000000,66.145037,74.811083,70.452507,0.000000,0.465381,0.380023,0.085358,25.290642,30.386694,12.482425,1.303480,1.627407,1.733653,0.867212,0.035965,2.421426,7.000000,157.142857,0.345918,1.000000,66.145037,74.811083,70.452507,1.000000,0.465381,0.380023,0.085358,25.290642,30.386694,12.482425,1.303480,1.627407,1.733653,0.867212,0.035965,1.517524,0.000000,57.403189,0.000000,1.000000,60.956162,71.694215,87.751283,0.000000,0.385999,0.155709,0.230290,27.304753,23.993695,17.619218,0.789726,0.828637,0.724265,0.689460,0.042015,2.715408,7.000000,173.517787,0.387915,1.000000,1.540804,0.000000,56.599553,0.000000,1.000000,2.798472,7.000000,123.480663,0.399782,1.000000,2.216100,7.000000,67.790262,0.316586,2.000000,3.379533,0.000000,81.402439,0.000000,4.000000,3.986146,12.000000,189.595376,0.332179,4.000000,2.147601,11.000000,45.646438,0.195236,3.000000,4.493450,30.000000,146.050096,0.149782,4.000000,3.174312,14.000000,112.826087,0.226737,7.000000,2.736466,3.000000,115.000000,0.912155,4.000000,2.437538,0.000000,121.580547,0.000000,4.000000,1.965470,7.000000,115.438596,0.280781,4.000000,1.000000,4.000000,19.000000,-1.000000,,,,63.907758,97.599338,81.696233,0.604132,0.386192,0.217939,17.731104,23.293372,14.905954,2.635770,4.240779,0.974844,0.057011,,0.000000,,65.621264,89.940828,51.427305,0.145690,0.132244,0.013446,14.893526,28.267671,11.574257,0.662412,0.902551,1.244128,0.008961,0.763693,0.000000,,173.517787,56.599553,1.092795,2.150244
2026-01-20T03:45:00Z,1.162162,no_impulse,0,HCLTECH,1h,1.000000,164.285714,3.315714,14.000000,0.236837,-0.068691,1.023518,2.516633,1.978333,0.000000,46.408840,0.000000,1.000000,64.447088,88.777219,69.769315,0.000000,0.374346,0.283356,0.090990,24.746764,24.098062,17.712312,1.546263,2.118533,2.889186,1.159046,0.023831,4.452645,14.000000,101.117318,0.318046,1.000000,64.447088,88.777219,69.769315,1.000000,0.374346,0.283356,0.090990,24.746764,24.098062,17.712312,1.546263,2.118533,2.889186,1.159046,0.023831,4.217719,0.000000,127.629234,0.000000,1.000000,44.312863,24.162011,54.272491,0.000000,0.259625,0.363193,-0.103567,27.990892,18.296427,26.471839,-0.688789,-0.223065,0.250768,0.146099,0.019330,3.417606,5.000000,157.142857,0.683521,1.000000,44.312863,24.162011,54.272491,1.000000,0.259625,0.363193,-0.103567,27.990892,18.296427,26.471839,-0.688789,-0.223065,0.250768,0.146099,0.019330,2.128548,2.000000,118.604651,1.064274,8.000000,54.042193,37.815126,28.950936,1.000000,0.351472,0.451297,-0.099825,28.103234,22.388138,14.381989,0.152073,0.635366,1.015131,0.579601,0.019133,1.827454,7.000000,107.885305,0.261065,1.000000,50.745999,29.319372,56.406121,1.000000,0.460395,0.500728,-0.040333,28.806110,25.952043,11.717741,-0.144747,0.383837,0.743940,0.428760,0.020289,1.665672,0.000000,70.454545,0.000000,1.000000,66.145037,74.811083,70.452507,0.000000,0.465381,0.380023,0.085358,25.290642,30.386694,12.482425,1.303480,1.627407,1.733653,0.867212,0.035965,2.421426,7.000000,157.142857,0.345918,1.000000,66.145037,74.811083,70.452507,1.000000,0.465381,0.380023,0.085358,25.290642,30.386694,12.482425,1.303480,1.627407,1.733653,0.867212,0.035965,1.517524,0.000000,57.403189,0.000000,1.000000,2.715408,7.000000,173.517787,0.387915,1.000000,1.540804,0.000000,56.599553,0.000000,1.000000,2.798472,7.000000,123.480663,0.399782,1.000000,2.216100,7.000000,67.790262,0.316586,2.000000,3.379533,0.000000,81.402439,0.000000,4.000000,3.986146,12.000000,189.595376,0.332179,4.000000,2.147601,11.000000,45.646438,0.195236,3.000000,4.493450,30.000000,146.050096,0.149782,4.000000,3.174312,14.000000,112.826087,0.226737,7.000000,2.736466,3.000000,115.000000,0.912155,4.000000,2.437538,0.000000,121.580547,0.000000,4.000000,1.000000,5.000000,33.000000,-1.000000,,,,58.038634,76.626162,90.880542,0.865299,0.555517,0.309782,19.214290,23.417792,13.377013,1.501546,3.288255,0.722943,0.068378,,0.000000,,45.088419,10.160428,56.720143,0.257382,0.313396,-0.056014,28.788781,18.499046,24.706982,-0.341826,0.243537,0.148537,0.009693,1.258702,3.333333,,173.517787,46.408840,1.054175,1.444164
2026-01-21T03:45:00Z,1.127635,no_impulse,0,HCLTECH,1h,-1.000000,92.572464,2.970930,7.000000,0.424419,-0.689643,0.018000,1.542518,3.315714,14.000000,164.285714,0.236837,1.000000,52.520383,32.412060,73.780650,1.000000,0.699411,0.702673,-0.003262,21.473146,20.763727,23.098092,-0.068691,1.023518,2.516633,0.481477,0.037059,1.978333,0.000000,46.408840,0.000000,1.000000,64.447088,88.777219,69.769315,0.000000,0.374346,0.283356,0.090990,24.746764,24.098062,17.712312,1.546263,2.118533,2.889186,1.159046,0.023831,4.452645,14.000000,101.117318,0.318046,1.000000,64.447088,88.777219,69.769315,1.000000,0.374346,0.283356,0.090990,24.746764,24.098062,17.712312,1.546263,2.118533,2.889186,1.159046,0.023831,4.217719,0.000000,127.629234,0.000000,1.000000,44.312863,24.162011,54.272491,0.000000,0.259625,0.363193,-0.103567,27.990892,18.296427,26.471839,-0.688789,-0.223065,0.250768,0.146099,0.019330,3.417606,5.000000,157.142857,0.683521,1.000000,44.312863,24.162011,54.272491,1.000000,0.259625,0.363193,-0.103567,27.990892,18.296427,26.471839,-0.688789,-0.223065,0.250768,0.146099,0.019330,2.128548,2.000000,118.604651,1.064274,8.000000,54.042193,37.815126,28.950936,1.000000,0.351472,0.451297,-0.099825,28.103234,22.388138,14.381989,0.152073,0.635366,1.015131,0.579601,0.019133,1.827454,7.000000,107.885305,0.261065,1.000000,50.745999,29.319372,56.406121,1.000000,0.460395,0.500728,-0.040333,28.806110,25.952043,11.717741,-0.144747,0.383837,0.743940,0.428760,0.020289,1.665672,0.000000,70.454545,0.000000,1.000000,66.145037,74.811083,70.452507,0.000000,0.465381,0.380023,0.085358,25.290642,30.386694,12.482425,1.303480,1.627407,1.733653,0.867212,0.035965,2.421426,7.000000,157.142857,0.345918,1.000000,1.517524,0.000000,57.403189,0.000000,1.000000,2.715408,7.000000,173.517787,0.387915,1.000000,1.540804,0.000000,56.599553,0.000000,1.000000,2.798472,7.000000,123.480663,0.399782,1.000000,2.216100,7.000000,67.790262,0.316586,2.000000,3.379533,0.000000,81.402439,0.000000,4.000000,3.986146,12.000000,189.595376,0.332179,4.000000,2.147601,11.000000,45.646438,0.195236,3.000000,4.493450,30.000000,146.050096,0.149782,4.000000,3.174312,14.000000,112.826087,0.226737,7.000000,2.736466,3.000000,115.000000,0.912155,4.000000,2.000000,6.000000,40.000000,-1.000000,,,,56.668928,73.195139,82.745809,0.858304,0.617342,0.240961,19.106150,22.083648,15.441563,1.104298,2.894215,0.661024,0.069345,,0.000000,,27.756813,3.015075,12.742114,-0.258418,-0.208170,-0.050248,29.616970,8.603114,30.092609,-0.859549,-1.052466,-0.347081,0.010061,1.102687,1.428571,,164.285714,46.408840,1.076174,0.998240
2026-01-27T08:45:00Z,1.165878,no_impulse,0,HCLTECH,1h,1.000000,110.763209,3.391455,26.000000,0.130441,0.809652,1.503409,3.291987,2.970930,7.000000,92.572464,0.424419,2.000000,43.104841,19.569472,10.886159,1.000000,0.141624,0.394959,-0.253335,19.622961,13.202186,27.592388,-0.689643,0.018000,1.542518,0.219504,0.024418,3.315714,14.000000,164.285714,0.236837,1.000000,52.520383,32.412060,73.780650,1.000000,0.699411,0.702673,-0.003262,21.473146,20.763727,23.098092,-0.068691,1.023518,2.516633,0.481477,0.037059,1.978333,0.000000,46.408840,0.000000,1.000000,64.447088,88.777219,69.769315,0.000000,0.374346,0.283356,0.090990,24.746764,24.098062,17.712312,1.546263,2.118533,2.889186,1.159046,0.023831,4.452645,14.000000,101.117318,0.318046,1.000000,64.447088,88.777219,69.769315,1.000000,0.374346,0.283356,0.090990,24.746764,24.098062,17.712312,1.546263,2.118533,2.889186,1.159046,0.023831,4.217719,0.000000,127.629234,0.000000,1.000000,44.312863,24.162011,54.272491,0.000000,0.259625,0.363193,-0.103567,27.990892,18.296427,26.471839,-0.688789,-0.223065,0.250768,0.146099,0.019330,3.417606,5.000000,157.142857,0.683521,1.000000,44.312863,24.162011,54.272491,1.000000,0.259625,0.363193,-0.103567,27.990892,18.296427,26.471839,-0.688789,-0.223065,0.250768,0.146099,0.019330,2.128548,2.000000,118.604651,1.064274,8.000000,54.042193,37.815126,28.950936,1.000000,0.351472,0.451297,-0.099825,28.103234,22.388138,14.381989,0.152073,0.635366,1.015131,0.579601,0.019133,1.827454,7.000000,107.885305,0.261065,1.000000,50.745999,29.319372,56.406121,1.000000,0.460395,0.500728,-0.040333,28.806110,25.952043,11.717741,-0.144747,0.383837,0.743940,0.428760,0.020289,1.665672,0.000000,70.454545,0.000000,1.000000,2.421426,7.000000,157.142857,0.345918,1.000000,1.517524,0.000000,57.403189,0.000000,1.000000,2.715408,7.000000,173.517787,0.387915,1.000000,1.540804,0.000000,56.599553,0.000000,1.000000,2.798472,7.000000,123.480663,0.399782,1.000000,2.216100,7.000000,67.790262,0.316586,2.000000,3.379533,0.000000,81.402439,0.000000,4.000000,3.986146,12.000000,189.595376,0.332179,4.000000,2.147601,11.000000,45.646438,0.195236,3.000000,4.493450,30.000000,146.050096,0.149782,4.000000,3.174312,14.000000,112.826087,0.226737,7.000000,1.000000,7.000000,66.000000,-1.000000,,,,66.002418,95.921835,93.950515,1.198017,0.878535,0.319482,21.227276,22.534203,13.844045,2.801395,4.840628,0.829471,0.087478,,0.000000,,54.714016,81.347150,79.156206,0.117466,0.101493,0.015973,11.709366,19.939145,16.669093,0.173963,0.424611,0.656871,0.011109,1.194341,4.642857,,164.285714,46.408840,0.994649,0.683736
2026-01-28T03:45:00Z,1.142568,no_impulse,0,HCLTECH,1h,-1.000000,60.954064,1.999420,2.000000,0.999710,0.334725,1.040700,2.875049,3.391455,26.000000,110.763209,0.130441,1.000000,60.789303,81.647940,78.098982,0.000000,0.401276,0.350799,0.050477,21.711949,23.061725,11.744369,0.809652,1.503409,3.291987,0.883346,0.021293,2.970930,7.000000,92.572464,0.424419,2.000000,43.104841,19.569472,10.886159,1.000000,0.141624,0.394959,-0.253335,19.622961,13.202186,27.592388,-0.689643,0.018000,1.542518,0.219504,0.024418,3.315714,14.000000,164.285714,0.236837,1.000000,52.520383,32.412060,73.780650,1.000000,0.699411,0.702673,-0.003262,21.473146,20.763727,23.098092,-0.068691,1.023518,2.516633,0.481477,0.037059,1.978333,0.000000,46.408840,0.000000,1.000000,64.447088,88.777219,69.769315,0.000000,0.374346,0.283356,0.090990,24.746764,24.098062,17.712312,1.546263,2.118533,2.889186,1.159046,0.023831,4.452645,14.000000,101.117318,0.318046,1.000000,64.447088,88.777219,69.769315,1.000000,0.374346,0.283356,0.090990,24.746764,24.098062,17.712312,1.546263,2.118533,2.889186,1.159046,0.023831,4.217719,0.000000,127.629234,0.000000,1.000000,44.312863,24.162011,54.272491,0.000000,0.259625,0.363193,-0.103567,27.990892,18.296427,26.471839,-0.688789,-0.223065,0.250768,0.146099,0.019330,3.417606,5.000000,157.142857,0.683521,1.000000,44.312863,24.162011,54.272491,1.000000,0.259625,0.363193,-0.103567,27.990892,18.296427,26.471839,-0.688789,-0.223065,0.250768,0.146099,0.019330,2.128548,2.000000,118.604651,1.064274,8.000000,54.042193,37.815126,28.950936,1.000000,0.351472,0.451297,-0.099825,28.103234,22.388138,14.381989,0.152073,0.635366,1.015131,0.579601,0.019133,1.827454,7.000000,107.885305,0.261065,1.000000,1.665672,0.000000,70.454545,0.000000,1.000000,2.421426,7.000000,157.142857,0.345918,1.000000,1.517524,0.000000,57.403189,0.000000,1.000000,2.715408,7.000000,173.517787,0.387915,1.000000,1.540804,0.000000,56.599553,0.000000,1.000000,2.798472,7.000000,123.480663,0.399782,1.000000,2.216100,7.000000,67.790262,0.316586,2.000000,3.379533,0.000000,81.402439,0.000000,4.000000,3.986146,12.000000,189.595376,0.332179,4.000000,2.147601,11.000000,45.646438,0.195236,3.000000,4.493450,30.000000,146.050096,0.149782,4.000000,2.000000,8.000000,68.000000,-1.000000,,,,66.002418,95.921835,93.950515,1.198017,0.878535,0.319482,21.227276,22.534203,13.844045,2.801395,4.840628,0.829471,0.087478,,0.000000,,41.887467,42.608696,62.085035,0.105029,0.132810,-0.027781,14.747185,15.828007,35.654218,-0.538297,-0.283569,0.114179,0.013877,0.680861,0.266667,,164.285714,46.408840,0.996634,0.908853
2026-01-28T09:45:00Z,1.171892,no_impulse,0,HCLTECH,1h,1.000000,125.797101,2.566529,6.000000,0.427755,0.707754,1.438925,3.373814,1.999420,2.000000,60.954064,0.999710,2.000000,55.990916,67.536232,76.444662,1.000000,0.394386,0.370792,0.023594,21.699481,18.240984,22.984183,0.334725,1.040700,2.875049,0.687237,0.017937,3.391455,26.000000,110.763209,0.130441,1.000000,60.789303,81.647940,78.098982,0.000000,0.401276,0.350799,0.050477,21.711949,23.061725,11.744369,0.809652,1.503409,3.291987,0.883346,0.021293,2.970930,7.000000,92.572464,0.424419,2.000000,43.104841,19.569472,10.886159,1.000000,0.141624,0.394959,-0.253335,19.622961,13.202186,27.592388,-0.689643,0.018000,1.542518,0.219504,0.024418,3.315714,14.000000,164.285714,0.236837,1.000000,52.520383,32.412060,73.780650,1.000000,0.699411,0.702673,-0.003262,21.473146,20.763727,23.098092,-0.068691,1.023518,2.516633,0.481477,0.037059,1.978333,0.000000,46.408840,0.000000,1.000000,64.447088,88.777219,69.769315,0.000000,0.374346,0.283356,0.090990,24.746764,24.098062,17.712312,1.546263,2.118533,2.889186,1.159046,0.023831,4.452645,14.000000,101.117318,0.318046,1.000000,64.447088,88.777219,69.769315,1.000000,0.374346,0.283356,0.090990,24.746764,24.098062,17.712312,1.546263,2.118533,2.889186,1.159046,0.023831,4.217719,0.000000,127.629234,0.000000,1.000000,44.312863,24.162011,54.272491,0.000000,0.259625,0.363193,-0.103567,27.990892,18.296427,26.471839,-0.688789,-0.223065,0.250768,0.146099,0.019330,3.417606,5.000000,157.142857,0.683521,1.000000,44.312863,24.162011,54.272491,1.000000,0.259625,0.363193,-0.103567,27.990892,18.296427,26.471839,-0.688789,-0.223065,0.250768,0.146099,0.019330,2.128548,2.000000,118.604651,1.064274,8.000000,1.827454,7.000000,107.885305,0.261065,1.000000,1.665672,0.000000,70.454545,0.000000,1.000000,2.421426,7.000000,157.142857,0.345918,1.000000,1.517524,0.000000,57.403189,0.000000,1.000000,2.715408,7.000000,173.517787,0.387915,1.000000,1.540804,0.000000,56.599553,0.000000,1.000000,2.798472,7.000000,123.480663,0.399782,1.000000,2.216100,7.000000,67.790262,0.316586,2.000000,3.379533,0.000000,81.402439,0.000000,4.000000,3.986146,12.000000,189.595376,0.332179,4.000000,2.147601,11.000000,45.646438,0.195236,3.000000,1.000000,9.000000,74.000000,-1.000000,,,,63.178201,88.191882,93.326517,1.241123,0.954319,0.286804,21.417352,20.851557,12.810300,2.125945,4.225949,0.750044,0.086870,,0.000000,,61.628458,66.382979,86.190436,0.145922,0.066853,0.079069,19.611983,29.359893,13.481613,0.472068,0.676903,0.946756,0.010617,0.864156,0.779221,,164.285714,46.408840,0.954022,0.857912
2026-01-29T03:45:00Z,1.146014,no_impulse,0,HCLTECH,1h,-1.000000,88.248848,2.208256,1.000000,2.208256,-0.593964,0.081407,2.025843,2.566529,6.000000,125.797101,0.427755,1.000000,61.184534,81.797235,85.712419,0.000000,0.398306,0.373314,0.024992,18.260921,23.436514,17.247261,0.707754,1.438925,3.373814,0.944390,0.016040,1.999420,2.000000,60.954064,0.999710,2.000000,55.990916,67.536232,76.444662,1.000000,0.394386,0.370792,0.023594,21.699481,18.240984,22.984183,0.334725,1.040700,2.875049,0.687237,0.017937,3.391455,26.000000,110.763209,0.130441,1.000000,60.789303,81.647940,78.098982,0.000000,0.401276,0.350799,0.050477,21.711949,23.061725,11.744369,0.809652,1.503409,3.291987,0.883346,0.021293,2.970930,7.000000,92.572464,0.424419,2.000000,43.104841,19.569472,10.886159,1.000000,0.141624,0.394959,-0.253335,19.622961,13.202186,27.592388,-0.689643,0.018000,1.542518,0.219504,0.024418,3.315714,14.000000,164.285714,0.236837,1.000000,52.520383,32.412060,73.780650,1.000000,0.699411,0.702673,-0.003262,21.473146,20.763727,23.098092,-0.068691,1.023518,2.516633,0.481477,0.037059,1.978333,0.000000,46.408840,0.000000,1.000000,64.447088,88.777219,69.769315,0.000000,0.374346,0.283356,0.090990,24.746764,24.098062,17.712312,1.546263,2.118533,2.889186,1.159046,0.023831,4.452645,14.000000,101.117318,0.318046,1.000000,64.447088,88.777219,69.769315,1.000000,0.374346,0.283356,0.090990,24.746764,24.098062,17.712312,1.546263,2.118533,2.889186,1.159046,0.023831,4.217719,0.000000,127.629234,0.000000,1.000000,44.312863,24.162011,54.272491,0.000000,0.259625,0.363193,-0.103567,27.990892,18.296427,26.471839,-0.688789,-0.223065,0.250768,0.146099,0.019330,3.417606,5.000000,157.142857,0.683521,1.000000,2.128548,2.000000,118.604651,1.064274,8.000000,1.827454,7.000000,107.885305,0.261065,1.000000,1.665672,0.000000,70.454545,0.000000,1.000000,2.421426,7.000000,157.142857,0.345918,1.000000,1.517524,0.000000,57.403189,0.000000,1.000000,2.715408,7.000000,173.517787,0.387915,1.000000,1.540804,0.000000,56.599553,0.000000,1.000000,2.798472,7.000000,123.480663,0.399782,1.000000,2.216100,7.000000,67.790262,0.316586,2.000000,3.379533,0.000000,81.402439,0.000000,4.000000,3.986146,12.000000,189.595376,0.332179,4.000000,2.000000,10.000000,75.000000,-1.000000,,,,63.178201,88.191882,93.326517,1.241123,0.954319,0.286804,21.417352,20.851557,12.810300,2.125945,4.225949,0.750044,0.086870,,0.000000,,40.740762,1.760563,54.651687,0.073278,0.068765,0.004513,19.268957,23.041106,31.052110,-0.628256,-0.468049,-0.025796,0.011874,0.725472,0.131579,,164.285714,46.408840,0.881551,0.962786
2026-01-29T08:45:00Z,1.164932,no_impulse,0,HCLTECH,1h,1.000000,73.107050,1.650846,5.000000,0.330169,0.349993,0.950222,2.897534,2.208256,1.000000,88.248848,2.208256,2.000000,45.696861,27.880184,69.208712,0.000000,0.302312,0.363217,-0.060905,18.557994,19.464510,30.714641,-0.593964,0.081407,2.025843,0.151593,0.016947,2.566529,6.000000,125.797101,0.427755,1.000000,61.184534,81.797235,85.712419,0.000000,0.398306,0.373314,0.024992,18.260921,23.436514,17.247261,0.707754,1.438925,3.373814,0.944390,0.016040,1.999420,2.000000,60.954064,0.999710,2.000000,55.990916,67.536232,76.444662,1.000000,0.394386,0.370792,0.023594,21.699481,18.240984,22.984183,0.334725,1.040700,2.875049,0.687237,0.017937,3.391455,26.000000,110.763209,0.130441,1.000000,60.789303,81.647940,78.098982,0.000000,0.401276,0.350799,0.050477,21.711949,23.061725,11.744369,0.809652,1.503409,3.291987,0.883346,0.021293,2.970930,7.000000,92.572464,0.424419,2.000000,43.104841,19.569472,10.886159,1.000000,0.141624,0.394959,-0.253335,19.622961,13.202186,27.592388,-0.689643,0.018000,1.542518,0.219504,0.024418,3.315714,14.000000,164.285714,0.236837,1.000000,52.520383,32.412060,73.780650,1.000000,0.699411,0.702673,-0.003262,21.473146,20.763727,23.098092,-0.068691,1.023518,2.516633,0.481477,0.037059,1.978333,0.000000,46.408840,0.000000,1.000000,64.447088,88.777219,69.769315,0.000000,0.374346,0.283356,0.090990,24.746764,24.098062,17.712312,1.546263,2.118533,2.889186,1.159046,0.023831,4.452645,14.000000,101.117318,0.318046,1.000000,64.447088,88.777219,69.769315,1.000000,0.374346,0.283356,0.090990,24.746764,24.098062,17.712312,1.546263,2.118533,2.889186,1.159046,0.023831,4.217719,0.000000,127.629234,0.000000,1.000000,3.417606,5.000000,157.142857,0.683521,1.000000,2.128548,2.000000,118.604651,1.064274,8.000000,1.827454,7.000000,107.885305,0.261065,1.000000,1.665672,0.000000,70.454545,0.000000,1.000000,2.421426,7.000000,157.142857,0.345918,1.000000,1.517524,0.000000,57.403189,0.000000,1.000000,2.715408,7.000000,173.517787,0.387915,1.000000,1.540804,0.000000,56.599553,0.000000,1.000000,2.798472,7.000000,123.480663,0.399782,1.000000,2.216100,7.000000,67.790262,0.316586,2.000000,3.379533,0.000000,81.402439,0.000000,4.000000,3.000000,1.000000,80.000000,-1.000000,,,,54.948860,64.206642,82.773453,1.153334,1.005828,0.147505,20.837818,19.083352,14.601906,0.565624,2.649237,0.568268,0.083325,,0.000000,,61.323694,95.811518,93.004313,0.138936,0.038589,0.100347,17.421517,26.175068,16.708297,0.448619,0.553258,0.768394,0.016790,0.540931,0.666667,,164.285714,46.408840,0.872671,0.699952
2026-02-01T03:45:00Z,1.132568,no_impulse,0,HCLTECH,1h,-1.000000,171.071429,2.778261,9.000000,0.308696,-0.947643,-0.834158,0.898497,1.650846,5.000000,73.107050,0.330169,3.000000,55.549555,68.663594,68.279570,1.000000,0.236380,0.272020,-0.035640,16.259878,22.566646,24.140048,0.349993,0.950222,2.897534,0.734259,0.014993,2.208256,1.000000,88.248848,2.208256,2.000000,45.696861,27.880184,69.208712,0.000000,0.302312,0.363217,-0.060905,18.557994,19.464510,30.714641,-0.593964,0.081407,2.025843,0.151593,0.016947,2.566529,6.000000,125.797101,0.427755,1.000000,61.184534,81.797235,85.712419,0.000000,0.398306,0.373314,0.024992,18.260921,23.436514,17.247261,0.707754,1.438925,3.373814,0.944390,0.016040,1.999420,2.000000,60.954064,0.999710,2.000000,55.990916,67.536232,76.444662,1.000000,0.394386,0.370792,0.023594,21.699481,18.240984,22.984183,0.334725,1.040700,2.875049,0.687237,0.017937,3.391455,26.000000,110.763209,0.130441,1.000000,60.789303,81.647940,78.098982,0.000000,0.401276,0.350799,0.050477,21.711949,23.061725,11.744369,0.809652,1.503409,3.291987,0.883346,0.021293,2.970930,7.000000,92.572464,0.424419,2.000000,43.104841,19.569472,10.886159,1.000000,0.141624,0.394959,-0.253335,19.622961,13.202186,27.592388,-0.689643,0.018000,1.542518,0.219504,0.024418,3.315714,14.000000,164.285714,0.236837,1.000000,52.520383,32.412060,73.780650,1.000000,0.699411,0.702673,-0.003262,21.473146,20.763727,23.098092,-0.068691,1.023518,2.516633,0.481477,0.037059,1.978333,0.000000,46.408840,0.000000,1.000000,64.447088,88.777219,69.769315,0.000000,0.374346,0.283356,0.090990,24.746764,24.098062,17.712312,1.546263,2.118533,2.889186,1.159046,0.023831,4.452645,14.000000,101.117318,0.318046,1.000000,4.217719,0.000000,127.629234,0.000000,1.000000,3.417606,5.000000,157.142857,0.683521,1.000000,2.128548,2.000000,118.604651,1.064274,8.000000,1.827454,7.000000,107.885305,0.261065,1.000000,1.665672,0.000000,70.454545,0.000000,1.000000,2.421426,7.000000,157.142857,0.345918,1.000000,1.517524,0.000000,57.403189,0.000000,1.000000,2.715408,7.000000,173.517787,0.387915,1.000000,1.540804,0.000000,56.599553,0.000000,1.000000,2.798472,7.000000,123.480663,0.399782,1.000000,2.216100,7.000000,67.790262,0.316586,2.000000,4.000000,2.000000,89.000000,-1.000000,,,,47.426150,43.775763,65.391429,0.934384,1.005738,-0.071354,21.064051,15.521360,25.327059,-1.075662,0.894959,0.367881,0.080550,,0.000000,,33.727446,27.796610,32.232179,-0.177133,-0.142694,-0.034440,25.749024,11.596987,40.455569,-0.820693,-1.110501,-0.264343,0.010650,0.966290,1.200000,,164.285714,46.408840,0.964418,0.768450
2026-02-01T05:45:00Z,1.155473,no_impulse,0,HCLTECH,1h,1.000000,70.772443,2.022432,2.000000,1.011216,-0.965729,-0.937535,0.728955,2.778261,9.000000,171.071429,0.308696,4.000000,38.811891,25.678497,24.888941,0.000000,-0.248309,-0.066622,-0.181687,25.375059,13.516119,35.376306,-0.947643,-0.834158,0.898497,0.168884,0.028351,1.650846,5.000000,73.107050,0.330169,3.000000,55.549555,68.663594,68.279570,1.000000,0.236380,0.272020,-0.035640,16.259878,22.566646,24.140048,0.349993,0.950222,2.897534,0.734259,0.014993,2.208256,1.000000,88.248848,2.208256,2.000000,45.696861,27.880184,69.208712,0.000000,0.302312,0.363217,-0.060905,18.557994,19.464510,30.714641,-0.593964,0.081407,2.025843,0.151593,0.016947,2.566529,6.000000,125.797101,0.427755,1.000000,61.184534,81.797235,85.712419,0.000000,0.398306,0.373314,0.024992,18.260921,23.436514,17.247261,0.707754,1.438925,3.373814,0.944390,0.016040,1.999420,2.000000,60.954064,0.999710,2.000000,55.990916,67.536232,76.444662,1.000000,0.394386,0.370792,0.023594,21.699481,18.240984,22.984183,0.334725,1.040700,2.875049,0.687237,0.017937,3.391455,26.000000,110.763209,0.130441,1.000000,60.789303,81.647940,78.098982,0.000000,0.401276,0.350799,0.050477,21.711949,23.061725,11.744369,0.809652,1.503409,3.291987,0.883346,0.021293,2.970930,7.000000,92.572464,0.424419,2.000000,43.104841,19.569472,10.886159,1.000000,0.141624,0.394959,-0.253335,19.622961,13.202186,27.592388,-0.689643,0.018000,1.542518,0.219504,0.024418,3.315714,14.000000,164.285714,0.236837,1.000000,52.520383,32.412060,73.780650,1.000000,0.699411,0.702673,-0.003262,21.473146,20.763727,23.098092,-0.068691,1.023518,2.516633,0.481477,0.037059,1.978333,0.000000,46.408840,0.000000,1.000000,4.452645,14.000000,101.117318,0.318046,1.000000,4.217719,0.000000,127.629234,0.000000,1.000000,3.417606,5.000000,157.142857,0.683521,1.000000,2.128548,2.000000,118.604651,1.064274,8.000000,1.827454,7.000000,107.885305,0.261065,1.000000,1.665672,0.000000,70.454545,0.000000,1.000000,2.421426,7.000000,157.142857,0.345918,1.000000,1.517524,0.000000,57.403189,0.000000,1.000000,2.715408,7.000000,173.517787,0.387915,1.000000,1.540804,0.000000,56.599553,0.000000,1.000000,2.798472,7.000000,123.480663,0.399782,1.000000,3.000000,3.000000,91.000000,-1.000000,,,,47.426150,43.775763,65.391429,0.934384,1.005738,-0.071354,21.064051,15.521360,25.327059,-1.075662,0.894959,0.367881,0.080550,,0.000000,,47.167431,59.731544,64.876957,-0.099999,-0.137395,0.037395,26.004853,15.496849,20.156687,-0.148241,-0.402840,0.389146,0.013353,0.740481,0.238095,,171.071429,46.408840,0.841342,0.834112
2026-02-01T06:45:00Z,1.089932,no_impulse,0,HCLTECH,1h,-1.000000,286.135693,5.672183,1.000000,5.672183,-0.900853,-0.929538,0.692546,2.022432,2.000000,70.772443,1.011216,3.000000,39.839132,20.459290,31.384830,1.000000,-0.291779,-0.139354,-0.152425,25.134019,17.645776,26.898426,-0.965729,-0.937535,0.728955,0.185373,0.030401,2.778261,9.000000,171.071429,0.308696,4.000000,38.811891,25.678497,24.888941,0.000000,-0.248309,-0.066622,-0.181687,25.375059,13.516119,35.376306,-0.947643,-0.834158,0.898497,0.168884,0.028351,1.650846,5.000000,73.107050,0.330169,3.000000,55.549555,68.663594,68.279570,1.000000,0.236380,0.272020,-0.035640,16.259878,22.566646,24.140048,0.349993,0.950222,2.897534,0.734259,0.014993,2.208256,1.000000,88.248848,2.208256,2.000000,45.696861,27.880184,69.208712,0.000000,0.302312,0.363217,-0.060905,18.557994,19.464510,30.714641,-0.593964,0.081407,2.025843,0.151593,0.016947,2.566529,6.000000,125.797101,0.427755,1.000000,61.184534,81.797235,85.712419,0.000000,0.398306,0.373314,0.024992,18.260921,23.436514,17.247261,0.707754,1.438925,3.373814,0.944390,0.016040,1.999420,2.000000,60.954064,0.999710,2.000000,55.990916,67.536232,76.444662,1.000000,0.394386,0.370792,0.023594,21.699481,18.240984,22.984183,0.334725,1.040700,2.875049,0.687237,0.017937,3.391455,26.000000,110.763209,0.130441,1.000000,60.789303,81.647940,78.098982,0.000000,0.401276,0.350799,0.050477,21.711949,23.061725,11.744369,0.809652,1.503409,3.291987,0.883346,0.021293,2.970930,7.000000,92.572464,0.424419,2.000000,43.104841,19.569472,10.886159,1.000000,0.141624,0.394959,-0.253335,19.622961,13.202186,27.592388,-0.689643,0.018000,1.542518,0.219504,0.024418,3.315714,14.000000,164.285714,0.236837,1.000000,1.978333,0.000000,46.408840,0.000000,1.000000,4.452645,14.000000,101.117318,0.318046,1.000000,4.217719,0.000000,127.629234,0.000000,1.000000,3.417606,5.000000,157.142857,0.683521,1.000000,2.128548,2.000000,118.604651,1.064274,8.000000,1.827454,7.000000,107.885305,0.261065,1.000000,1.665672,0.000000,70.454545,0.000000,1.000000,2.421426,7.000000,157.142857,0.345918,1.000000,1.517524,0.000000,57.403189,0.000000,1.000000,2.715408,7.000000,173.517787,0.387915,1.000000,1.540804,0.000000,56.599553,0.000000,1.000000,4.000000,4.000000,92.000000,-1.000000,,,,50.079751,52.514427,53.498944,0.782024,0.955908,-0.173885,21.274125,14.474519,23.618870,-0.395115,1.461793,0.449540,0.077995,,0.000000,,22.077033,0.000000,19.479585,-0.457200,-0.211115,-0.246085,25.663027,16.060228,41.378932,-3.369094,-3.882750,-0.422417,0.035334,2.279617,0.138889,,171.071429,46.408840,0.607297,0.952368
2026-02-03T03:45:00Z,1.202770,no_impulse,0,HCLTECH,1h,1.000000,172.164948,10.352737,11.000000,0.941158,1.340786,1.002848,2.131162,5.672183,1.000000,286.135693,5.672183,4.000000,39.610027,65.225225,44.567072,1.000000,-0.331991,-0.177915,-0.154077,27.437088,11.572181,42.727972,-0.900853,-0.929538,0.692546,0.218014,0.031662,2.022432,2.000000,70.772443,1.011216,3.000000,39.839132,20.459290,31.384830,1.000000,-0.291779,-0.139354,-0.152425,25.134019,17.645776,26.898426,-0.965729,-0.937535,0.728955,0.185373,0.030401,2.778261,9.000000,171.071429,0.308696,4.000000,38.811891,25.678497,24.888941,0.000000,-0.248309,-0.066622,-0.181687,25.375059,13.516119,35.376306,-0.947643,-0.834158,0.898497,0.168884,0.028351,1.650846,5.000000,73.107050,0.330169,3.000000,55.549555,68.663594,68.279570,1.000000,0.236380,0.272020,-0.035640,16.259878,22.566646,24.140048,0.349993,0.950222,2.897534,0.734259,0.014993,2.208256,1.000000,88.248848,2.208256,2.000000,45.696861,27.880184,69.208712,0.000000,0.302312,0.363217,-0.060905,18.557994,19.464510,30.714641,-0.593964,0.081407,2.025843,0.151593,0.016947,2.566529,6.000000,125.797101,0.427755,1.000000,61.184534,81.797235,85.712419,0.000000,0.398306,0.373314,0.024992,18.260921,23.436514,17.247261,0.707754,1.438925,3.373814,0.944390,0.016040,1.999420,2.000000,60.954064,0.999710,2.000000,55.990916,67.536232,76.444662,1.000000,0.394386,0.370792,0.023594,21.699481,18.240984,22.984183,0.334725,1.040700,2.875049,0.687237,0.017937,3.391455,26.000000,110.763209,0.130441,1.000000,60.789303,81.647940,78.098982,0.000000,0.401276,0.350799,0.050477,21.711949,23.061725,11.744369,0.809652,1.503409,3.291987,0.883346,0.021293,2.970930,7.000000,92.572464,0.424419,2.000000,3.315714,14.000000,164.285714,0.236837,1.000000,1.978333,0.000000,46.408840,0.000000,1.000000,4.452645,14.000000,101.117318,0.318046,1.000000,4.217719,0.000000,127.629234,0.000000,1.000000,3.417606,5.000000,157.142857,0.683521,1.000000,2.128548,2.000000,118.604651,1.064274,8.000000,1.827454,7.000000,107.885305,0.261065,1.000000,1.665672,0.000000,70.454545,0.000000,1.000000,2.421426,7.000000,157.142857,0.345918,1.000000,1.517524,0.000000,57.403189,0.000000,1.000000,2.715408,7.000000,173.517787,0.387915,1.000000,7.000000,5.000000,103.000000,-1.000000,,,,54.405204,49.221557,48.503915,0.738236,0.904029,-0.165793,20.994148,27.603733,19.439621,0.633739,2.437600,0.594130,0.067755,,0.000000,,69.108931,39.024390,27.452575,0.142556,0.023771,0.118785,12.472428,58.816680,9.209367,1.956565,1.887513,1.434680,0.021351,3.622875,1.506849,,286.135693,60.954064,1.146613,1.629859
2026-02-04T03:45:00Z,1.071622,no_impulse,0,HCLTECH,1h,-1.000000,116.227545,10.903882,7.000000,1.557697,-4.760382,-5.120849,-4.063144,10.352737,11.000000,172.164948,0.941158,7.000000,59.458646,58.562874,63.266663,1.000000,-0.283199,-0.416238,0.133038,40.996044,38.229504,22.563769,1.340786,1.002848,2.131162,0.986094,0.027958,5.672183,1.000000,286.135693,5.672183,4.000000,39.610027,65.225225,44.567072,1.000000,-0.331991,-0.177915,-0.154077,27.437088,11.572181,42.727972,-0.900853,-0.929538,0.692546,0.218014,0.031662,2.022432,2.000000,70.772443,1.011216,3.000000,39.839132,20.459290,31.384830,1.000000,-0.291779,-0.139354,-0.152425,25.134019,17.645776,26.898426,-0.965729,-0.937535,0.728955,0.185373,0.030401,2.778261,9.000000,171.071429,0.308696,4.000000,38.811891,25.678497,24.888941,0.000000,-0.248309,-0.066622,-0.181687,25.375059,13.516119,35.376306,-0.947643,-0.834158,0.898497,0.168884,0.028351,1.650846,5.000000,73.107050,0.330169,3.000000,55.549555,68.663594,68.279570,1.000000,0.236380,0.272020,-0.035640,16.259878,22.566646,24.140048,0.349993,0.950222,2.897534,0.734259,0.014993,2.208256,1.000000,88.248848,2.208256,2.000000,45.696861,27.880184,69.208712,0.000000,0.302312,0.363217,-0.060905,18.557994,19.464510,30.714641,-0.593964,0.081407,2.025843,0.151593,0.016947,2.566529,6.000000,125.797101,0.427755,1.000000,61.184534,81.797235,85.712419,0.000000,0.398306,0.373314,0.024992,18.260921,23.436514,17.247261,0.707754,1.438925,3.373814,0.944390,0.016040,1.999420,2.000000,60.954064,0.999710,2.000000,55.990916,67.536232,76.444662,1.000000,0.394386,0.370792,0.023594,21.699481,18.240984,22.984183,0.334725,1.040700,2.875049,0.687237,0.017937,3.391455,26.000000,110.763209,0.130441,1.000000,2.970930,7.000000,92.572464,0.424419,2.000000,3.315714,14.000000,164.285714,0.236837,1.000000,1.978333,0.000000,46.408840,0.000000,1.000000,4.452645,14.000000,101.117318,0.318046,1.000000,4.217719,0.000000,127.629234,0.000000,1.000000,3.417606,5.000000,157.142857,0.683521,1.000000,2.128548,2.000000,118.604651,1.064274,8.000000,1.827454,7.000000,107.885305,0.261065,1.000000,1.665672,0.000000,70.454545,0.000000,1.000000,2.421426,7.000000,157.142857,0.345918,1.000000,1.517524,0.000000,57.403189,0.000000,1.000000,4.000000,6.000000,7.000000,-1.000000,,,,39.690742,18.444101,40.060028,0.372499,0.830499,-0.458000,20.668207,22.972008,32.005319,-3.501013,-1.906128,-0.008714,0.066493,,0.000000,,14.048057,6.893939,11.056536,-0.532973,0.021156,-0.554129,31.075218,12.243638,61.448883,-6.015451,-6.135277,-0.431205,0.060933,3.061766,1.000000,7.000000,286.135693,60.954064,2.642551,2.719054
2026-02-04T03:45:00Z,1.111486,no_impulse,0,HCLTECH,1h,1.000000,30.396703,3.720050,0.000000,0.000000,-4.760382,-5.120849,-4.063144,10.903882,7.000000,116.227545,1.557697,4.000000,26.093484,12.416280,26.062344,0.000000,-0.369086,-0.139019,-0.230066,33.720563,21.677513,45.515929,-4.760382,-5.120849,-4.063144,-0.358781,0.052913,10.352737,11.000000,172.164948,0.941158,7.000000,59.458646,58.562874,63.266663,1.000000,-0.283199,-0.416238,0.133038,40.996044,38.229504,22.563769,1.340786,1.002848,2.131162,0.986094,0.027958,5.672183,1.000000,286.135693,5.672183,4.000000,39.610027,65.225225,44.567072,1.000000,-0.331991,-0.177915,-0.154077,27.437088,11.572181,42.727972,-0.900853,-0.929538,0.692546,0.218014,0.031662,2.022432,2.000000,70.772443,1.011216,3.000000,39.839132,20.459290,31.384830,1.000000,-0.291779,-0.139354,-0.152425,25.134019,17.645776,26.898426,-0.965729,-0.937535,0.728955,0.185373,0.030401,2.778261,9.000000,171.071429,0.308696,4.000000,38.811891,25.678497,24.888941,0.000000,-0.248309,-0.066622,-0.181687,25.375059,13.516119,35.376306,-0.947643,-0.834158,0.898497,0.168884,0.028351,1.650846,5.000000,73.107050,0.330169,3.000000,55.549555,68.663594,68.279570,1.000000,0.236380,0.272020,-0.035640,16.259878,22.566646,24.140048,0.349993,0.950222,2.897534,0.734259,0.014993,2.208256,1.000000,88.248848,2.208256,2.000000,45.696861,27.880184,69.208712,0.000000,0.302312,0.363217,-0.060905,18.557994,19.464510,30.714641,-0.593964,0.081407,2.025843,0.151593,0.016947,2.566529,6.000000,125.797101,0.427755,1.000000,61.184534,81.797235,85.712419,0.000000,0.398306,0.373314,0.024992,18.260921,23.436514,17.247261,0.707754,1.438925,3.373814,0.944390,0.016040,1.999420,2.000000,60.954064,0.999710,2.000000,3.391455,26.000000,110.763209,0.130441,1.000000,2.970930,7.000000,92.572464,0.424419,2.000000,3.315714,14.000000,164.285714,0.236837,1.000000,1.978333,0.000000,46.408840,0.000000,1.000000,4.452645,14.000000,101.117318,0.318046,1.000000,4.217719,0.000000,127.629234,0.000000,1.000000,3.417606,5.000000,157.142857,0.683521,1.000000,2.128548,2.000000,118.604651,1.064274,8.000000,1.827454,7.000000,107.885305,0.261065,1.000000,1.665672,0.000000,70.454545,0.000000,1.000000,2.421426,7.000000,157.142857,0.345918,1.000000,4.000000,7.000000,7.000000,-1.000000,,,,39.690742,18.444101,40.060028,0.372499,0.830499,-0.458000,20.668207,22.972008,32.005319,-3.501013,-1.906128,-0.008714,0.066493,,0.000000,,14.048057,6.893939,11.056536,-0.532973,0.021156,-0.554129,31.075218,12.243638,61.448883,-6.015451,-6.135277,-0.431205,0.060933,0.854281,0.000000,0.000000,286.135693,60.954064,3.497927,4.174012
2026-02-06T03:45:00Z,1.063581,no_impulse,0,HCLTECH,1h,-1.000000,120.169492,4.310030,14.000000,0.307859,-2.092584,-3.916968,-4.539802,3.720050,0.000000,30.396703,0.000000,4.000000,26.093484,12.416280,26.062344,0.000000,-0.369086,-0.139019,-0.230066,33.720563,21.677513,45.515929,-4.760382,-5.120849,-4.063144,-0.358781,0.052913,10.903882,7.000000,116.227545,1.557697,4.000000,26.093484,12.416280,26.062344,0.000000,-0.369086,-0.139019,-0.230066,33.720563,21.677513,45.515929,-4.760382,-5.120849,-4.063144,-0.358781,0.052913,10.352737,11.000000,172.164948,0.941158,7.000000,59.458646,58.562874,63.266663,1.000000,-0.283199,-0.416238,0.133038,40.996044,38.229504,22.563769,1.340786,1.002848,2.131162,0.986094,0.027958,5.672183,1.000000,286.135693,5.672183,4.000000,39.610027,65.225225,44.567072,1.000000,-0.331991,-0.177915,-0.154077,27.437088,11.572181,42.727972,-0.900853,-0.929538,0.692546,0.218014,0.031662,2.022432,2.000000,70.772443,1.011216,3.000000,39.839132,20.459290,31.384830,1.000000,-0.291779,-0.139354,-0.152425,25.134019,17.645776,26.898426,-0.965729,-0.937535,0.728955,0.185373,0.030401,2.778261,9.000000,171.071429,0.308696,4.000000,38.811891,25.678497,24.888941,0.000000,-0.248309,-0.066622,-0.181687,25.375059,13.516119,35.376306,-0.947643,-0.834158,0.898497,0.168884,0.028351,1.650846,5.000000,73.107050,0.330169,3.000000,55.549555,68.663594,68.279570,1.000000,0.236380,0.272020,-0.035640,16.259878,22.566646,24.140048,0.349993,0.950222,2.897534,0.734259,0.014993,2.208256,1.000000,88.248848,2.208256,2.000000,45.696861,27.880184,69.208712,0.000000,0.302312,0.363217,-0.060905,18.557994,19.464510,30.714641,-0.593964,0.081407,2.025843,0.151593,0.016947,2.566529,6.000000,125.797101,0.427755,1.000000,1.999420,2.000000,60.954064,0.999710,2.000000,3.391455,26.000000,110.763209,0.130441,1.000000,2.970930,7.000000,92.572464,0.424419,2.000000,3.315714,14.000000,164.285714,0.236837,1.000000,1.978333,0.000000,46.408840,0.000000,1.000000,4.452645,14.000000,101.117318,0.318046,1.000000,4.217719,0.000000,127.629234,0.000000,1.000000,3.417606,5.000000,157.142857,0.683521,1.000000,2.128548,2.000000,118.604651,1.064274,8.000000,1.827454,7.000000,107.885305,0.261065,1.000000,1.665672,0.000000,70.454545,0.000000,1.000000,4.000000,8.000000,21.000000,-1.000000,,,,35.554884,9.514563,13.441142,-0.383169,0.463843,-0.847012,20.549727,20.515833,32.733363,-4.447910,-3.456735,0.009152,0.086758,,0.000000,,26.009755,0.000000,45.799458,-0.337407,-0.304893,-0.032514,34.966976,11.438893,39.400882,-1.602471,-2.474293,-0.338818,0.018803,0.982352,3.181818,14.000000,286.135693,30.396703,3.489406,2.384891
2026-02-09T03:45:00Z,1.094527,no_impulse,0,HCLTECH,1h,1.000000,64.598025,2.909599,7.000000,0.415657,-0.667705,-2.604695,-3.892524,4.310030,14.000000,120.169492,0.307859,4.000000,30.748730,35.528596,30.964741,1.000000,-1.348093,-1.284306,-0.063787,34.076531,15.566154,42.448209,-2.092584,-3.916968,-4.539802,0.296854,0.100897,3.720050,0.000000,30.396703,0.000000,4.000000,26.093484,12.416280,26.062344,0.000000,-0.369086,-0.139019,-0.230066,33.720563,21.677513,45.515929,-4.760382,-5.120849,-4.063144,-0.358781,0.052913,10.903882,7.000000,116.227545,1.557697,4.000000,26.093484,12.416280,26.062344,0.000000,-0.369086,-0.139019,-0.230066,33.720563,21.677513,45.515929,-4.760382,-5.120849,-4.063144,-0.358781,0.052913,10.352737,11.000000,172.164948,0.941158,7.000000,59.458646,58.562874,63.266663,1.000000,-0.283199,-0.416238,0.133038,40.996044,38.229504,22.563769,1.340786,1.002848,2.131162,0.986094,0.027958,5.672183,1.000000,286.135693,5.672183,4.000000,39.610027,65.225225,44.567072,1.000000,-0.331991,-0.177915,-0.154077,27.437088,11.572181,42.727972,-0.900853,-0.929538,0.692546,0.218014,0.031662,2.022432,2.000000,70.772443,1.011216,3.000000,39.839132,20.459290,31.384830,1.000000,-0.291779,-0.139354,-0.152425,25.134019,17.645776,26.898426,-0.965729,-0.937535,0.728955,0.185373,0.030401,2.778261,9.000000,171.071429,0.308696,4.000000,38.811891,25.678497,24.888941,0.000000,-0.248309,-0.066622,-0.181687,25.375059,13.516119,35.376306,-0.947643,-0.834158,0.898497,0.168884,0.028351,1.650846,5.000000,73.107050,0.330169,3.000000,55.549555,68.663594,68.279570,1.000000,0.236380,0.272020,-0.035640,16.259878,22.566646,24.140048,0.349993,0.950222,2.897534,0.734259,0.014993,2.208256,1.000000,88.248848,2.208256,2.000000,2.566529,6.000000,125.797101,0.427755,1.000000,1.999420,2.000000,60.954064,0.999710,2.000000,3.391455,26.000000,110.763209,0.130441,1.000000,2.970930,7.000000,92.572464,0.424419,2.000000,3.315714,14.000000,164.285714,0.236837,1.000000,1.978333,0.000000,46.408840,0.000000,1.000000,4.452645,14.000000,101.117318,0.318046,1.000000,4.217719,0.000000,127.629234,0.000000,1.000000,3.417606,5.000000,157.142857,0.683521,1.000000,2.128548,2.000000,118.604651,1.064274,8.000000,1.827454,7.000000,107.885305,0.261065,1.000000,3.000000,9.000000,28.000000,-1.000000,,,,37.684280,13.543689,11.807671,-0.632140,0.242724,-0.874863,20.503182,20.929618,31.327862,-3.534690,-2.806185,0.143632,0.095800,,0.000000,,59.717533,54.411765,50.803642,-0.069600,-0.162050,0.092450,28.574126,34.063088,16.574015,0.605011,0.086191,1.123497,0.009763,0.629985,1.250000,21.000000,286.135693,30.396703,3.388756,1.049127
2026-02-12T03:45:00Z,1.000405,no_impulse,0,HCLTECH,1h,-1.000000,304.148472,8.599296,21.000000,0.409490,-4.402823,-6.628526,-9.611853,2.909599,7.000000,64.598025,0.415657,3.000000,38.347565,44.367418,35.355286,0.000000,-1.139907,-1.260307,0.120399,37.552364,21.328267,30.896135,-0.667705,-2.604695,-3.892524,0.260870,0.027737,4.310030,14.000000,120.169492,0.307859,4.000000,30.748730,35.528596,30.964741,1.000000,-1.348093,-1.284306,-0.063787,34.076531,15.566154,42.448209,-2.092584,-3.916968,-4.539802,0.296854,0.100897,3.720050,0.000000,30.396703,0.000000,4.000000,26.093484,12.416280,26.062344,0.000000,-0.369086,-0.139019,-0.230066,33.720563,21.677513,45.515929,-4.760382,-5.120849,-4.063144,-0.358781,0.052913,10.903882,7.000000,116.227545,1.557697,4.000000,26.093484,12.416280,26.062344,0.000000,-0.369086,-0.139019,-0.230066,33.720563,21.677513,45.515929,-4.760382,-5.120849,-4.063144,-0.358781,0.052913,10.352737,11.000000,172.164948,0.941158,7.000000,59.458646,58.562874,63.266663,1.000000,-0.283199,-0.416238,0.133038,40.996044,38.229504,22.563769,1.340786,1.002848,2.131162,0.986094,0.027958,5.672183,1.000000,286.135693,5.672183,4.000000,39.610027,65.225225,44.567072,1.000000,-0.331991,-0.177915,-0.154077,27.437088,11.572181,42.727972,-0.900853,-0.929538,0.692546,0.218014,0.031662,2.022432,2.000000,70.772443,1.011216,3.000000,39.839132,20.459290,31.384830,1.000000,-0.291779,-0.139354,-0.152425,25.134019,17.645776,26.898426,-0.965729,-0.937535,0.728955,0.185373,0.030401,2.778261,9.000000,171.071429,0.308696,4.000000,38.811891,25.678497,24.888941,0.000000,-0.248309,-0.066622,-0.181687,25.375059,13.516119,35.376306,-0.947643,-0.834158,0.898497,0.168884,0.028351,1.650846,5.000000,73.107050,0.330169,3.000000,2.208256,1.000000,88.248848,2.208256,2.000000,2.566529,6.000000,125.797101,0.427755,1.000000,1.999420,2.000000,60.954064,0.999710,2.000000,3.391455,26.000000,110.763209,0.130441,1.000000,2.970930,7.000000,92.572464,0.424419,2.000000,3.315714,14.000000,164.285714,0.236837,1.000000,1.978333,0.000000,46.408840,0.000000,1.000000,4.452645,14.000000,101.117318,0.318046,1.000000,4.217719,0.000000,127.629234,0.000000,1.000000,3.417606,5.000000,157.142857,0.683521,1.000000,2.128548,2.000000,118.604651,1.064274,8.000000,4.000000,10.000000,49.000000,-1.000000,,,,23.573883,2.124920,2.323938,-2.130878,-0.655098,-1.475780,23.382545,16.225304,43.278191,-10.111270,-10.696330,-0.057258,0.164785,,4.000000,,11.556829,5.186386,23.070390,-0.606856,-0.450152,-0.156704,50.463683,5.948441,60.464020,-3.398271,-4.366952,-0.535619,0.031735,1.848187,3.684211,42.000000,286.135693,30.396703,3.367343,0.406245
2026-02-12T03:45:00Z,1.037162,no_impulse,0,HCLTECH,1h,1.000000,39.052405,3.674186,0.000000,0.000000,-4.402823,-6.628526,-9.611853,8.599296,21.000000,304.148472,0.409490,4.000000,15.607491,16.748768,10.360715,0.000000,-1.358172,-1.085660,-0.272512,48.911433,6.126063,55.613713,-4.402823,-6.628526,-9.611853,-0.157900,0.064100,2.909599,7.000000,64.598025,0.415657,3.000000,38.347565,44.367418,35.355286,0.000000,-1.139907,-1.260307,0.120399,37.552364,21.328267,30.896135,-0.667705,-2.604695,-3.892524,0.260870,0.027737,4.310030,14.000000,120.169492,0.307859,4.000000,30.748730,35.528596,30.964741,1.000000,-1.348093,-1.284306,-0.063787,34.076531,15.566154,42.448209,-2.092584,-3.916968,-4.539802,0.296854,0.100897,3.720050,0.000000,30.396703,0.000000,4.000000,26.093484,12.416280,26.062344,0.000000,-0.369086,-0.139019,-0.230066,33.720563,21.677513,45.515929,-4.760382,-5.120849,-4.063144,-0.358781,0.052913,10.903882,7.000000,116.227545,1.557697,4.000000,26.093484,12.416280,26.062344,0.000000,-0.369086,-0.139019,-0.230066,33.720563,21.677513,45.515929,-4.760382,-5.120849,-4.063144,-0.358781,0.052913,10.352737,11.000000,172.164948,0.941158,7.000000,59.458646,58.562874,63.266663,1.000000,-0.283199,-0.416238,0.133038,40.996044,38.229504,22.563769,1.340786,1.002848,2.131162,0.986094,0.027958,5.672183,1.000000,286.135693,5.672183,4.000000,39.610027,65.225225,44.567072,1.000000,-0.331991,-0.177915,-0.154077,27.437088,11.572181,42.727972,-0.900853,-0.929538,0.692546,0.218014,0.031662,2.022432,2.000000,70.772443,1.011216,3.000000,39.839132,20.459290,31.384830,1.000000,-0.291779,-0.139354,-0.152425,25.134019,17.645776,26.898426,-0.965729,-0.937535,0.728955,0.185373,0.030401,2.778261,9.000000,171.071429,0.308696,4.000000,1.650846,5.000000,73.107050,0.330169,3.000000,2.208256,1.000000,88.248848,2.208256,2.000000,2.566529,6.000000,125.797101,0.427755,1.000000,1.999420,2.000000,60.954064,0.999710,2.000000,3.391455,26.000000,110.763209,0.130441,1.000000,2.970930,7.000000,92.572464,0.424419,2.000000,3.315714,14.000000,164.285714,0.236837,1.000000,1.978333,0.000000,46.408840,0.000000,1.000000,4.452645,14.000000,101.117318,0.318046,1.000000,4.217719,0.000000,127.629234,0.000000,1.000000,3.417606,5.000000,157.142857,0.683521,1.000000,4.000000,11.000000,49.000000,-1.000000,,,,23.573883,2.124920,2.323938,-2.130878,-0.655098,-1.475780,23.382545,16.225304,43.278191,-10.111270,-10.696330,-0.057258,0.164785,,0.000000,,11.556829,5.186386,23.070390,-0.606856,-0.450152,-0.156704,50.463683,5.948441,60.464020,-3.398271,-4.366952,-0.535619,0.031735,0.694300,0.000000,42.000000,304.148472,30.396703,3.457120,0.633348
2026-02-13T03:45:00Z,0.943243,no_impulse,0,HCLTECH,1h,-1.000000,255.514706,9.055375,7.000000,1.293625,-8.023324,-11.651098,-16.218190,3.674186,0.000000,39.052405,0.000000,4.000000,15.607491,16.748768,10.360715,0.000000,-1.358172,-1.085660,-0.272512,48.911433,6.126063,55.613713,-4.402823,-6.628526,-9.611853,-0.157900,0.064100,8.599296,21.000000,304.148472,0.409490,4.000000,15.607491,16.748768,10.360715,0.000000,-1.358172,-1.085660,-0.272512,48.911433,6.126063,55.613713,-4.402823,-6.628526,-9.611853,-0.157900,0.064100,2.909599,7.000000,64.598025,0.415657,3.000000,38.347565,44.367418,35.355286,0.000000,-1.139907,-1.260307,0.120399,37.552364,21.328267,30.896135,-0.667705,-2.604695,-3.892524,0.260870,0.027737,4.310030,14.000000,120.169492,0.307859,4.000000,30.748730,35.528596,30.964741,1.000000,-1.348093,-1.284306,-0.063787,34.076531,15.566154,42.448209,-2.092584,-3.916968,-4.539802,0.296854,0.100897,3.720050,0.000000,30.396703,0.000000,4.000000,26.093484,12.416280,26.062344,0.000000,-0.369086,-0.139019,-0.230066,33.720563,21.677513,45.515929,-4.760382,-5.120849,-4.063144,-0.358781,0.052913,10.903882,7.000000,116.227545,1.557697,4.000000,26.093484,12.416280,26.062344,0.000000,-0.369086,-0.139019,-0.230066,33.720563,21.677513,45.515929,-4.760382,-5.120849,-4.063144,-0.358781,0.052913,10.352737,11.000000,172.164948,0.941158,7.000000,59.458646,58.562874,63.266663,1.000000,-0.283199,-0.416238,0.133038,40.996044,38.229504,22.563769,1.340786,1.002848,2.131162,0.986094,0.027958,5.672183,1.000000,286.135693,5.672183,4.000000,39.610027,65.225225,44.567072,1.000000,-0.331991,-0.177915,-0.154077,27.437088,11.572181,42.727972,-0.900853,-0.929538,0.692546,0.218014,0.031662,2.022432,2.000000,70.772443,1.011216,3.000000,2.778261,9.000000,171.071429,0.308696,4.000000,1.650846,5.000000,73.107050,0.330169,3.000000,2.208256,1.000000,88.248848,2.208256,2.000000,2.566529,6.000000,125.797101,0.427755,1.000000,1.999420,2.000000,60.954064,0.999710,2.000000,3.391455,26.000000,110.763209,0.130441,1.000000,2.970930,7.000000,92.572464,0.424419,2.000000,3.315714,14.000000,164.285714,0.236837,1.000000,1.978333,0.000000,46.408840,0.000000,1.000000,4.452645,14.000000,101.117318,0.318046,1.000000,4.217719,0.000000,127.629234,0.000000,1.000000,4.000000,12.000000,56.000000,-1.000000,,,,22.031513,15.412653,6.629333,-2.804071,-1.092419,-1.711651,25.638760,14.256774,49.063820,-10.579127,-11.804372,0.014106,0.196895,,2.000000,,10.244844,17.455896,7.467631,-1.260351,-0.975123,-0.285228,61.794742,4.401868,69.912797,-5.072829,-7.118290,-0.458756,0.050356,1.648150,0.972222,,304.148472,30.396703,3.274740,0.801897
2026-02-17T03:45:00Z,1.011351,no_impulse,0,HCLTECH,1h,1.000000,72.517986,7.220630,14.000000,0.515759,0.904804,-2.255918,-8.184330,9.055375,7.000000,255.514706,1.293625,4.000000,8.548875,5.868263,2.410486,0.000000,-2.686771,-1.988206,-0.698564,61.639020,3.972702,65.144297,-8.023324,-11.651098,-16.218190,-0.095789,0.124665,3.674186,0.000000,39.052405,0.000000,4.000000,15.607491,16.748768,10.360715,0.000000,-1.358172,-1.085660,-0.272512,48.911433,6.126063,55.613713,-4.402823,-6.628526,-9.611853,-0.157900,0.064100,8.599296,21.000000,304.148472,0.409490,4.000000,15.607491,16.748768,10.360715,0.000000,-1.358172,-1.085660,-0.272512,48.911433,6.126063,55.613713,-4.402823,-6.628526,-9.611853,-0.157900,0.064100,2.909599,7.000000,64.598025,0.415657,3.000000,38.347565,44.367418,35.355286,0.000000,-1.139907,-1.260307,0.120399,37.552364,21.328267,30.896135,-0.667705,-2.604695,-3.892524,0.260870,0.027737,4.310030,14.000000,120.169492,0.307859,4.000000,30.748730,35.528596,30.964741,1.000000,-1.348093,-1.284306,-0.063787,34.076531,15.566154,42.448209,-2.092584,-3.916968,-4.539802,0.296854,0.100897,3.720050,0.000000,30.396703,0.000000,4.000000,26.093484,12.416280,26.062344,0.000000,-0.369086,-0.139019,-0.230066,33.720563,21.677513,45.515929,-4.760382,-5.120849,-4.063144,-0.358781,0.052913,10.903882,7.000000,116.227545,1.557697,4.000000,26.093484,12.416280,26.062344,0.000000,-0.369086,-0.139019,-0.230066,33.720563,21.677513,45.515929,-4.760382,-5.120849,-4.063144,-0.358781,0.052913,10.352737,11.000000,172.164948,0.941158,7.000000,59.458646,58.562874,63.266663,1.000000,-0.283199,-0.416238,0.133038,40.996044,38.229504,22.563769,1.340786,1.002848,2.131162,0.986094,0.027958,5.672183,1.000000,286.135693,5.672183,4.000000,2.022432,2.000000,70.772443,1.011216,3.000000,2.778261,9.000000,171.071429,0.308696,4.000000,1.650846,5.000000,73.107050,0.330169,3.000000,2.208256,1.000000,88.248848,2.208256,2.000000,2.566529,6.000000,125.797101,0.427755,1.000000,1.999420,2.000000,60.954064,0.999710,2.000000,3.391455,26.000000,110.763209,0.130441,1.000000,2.970930,7.000000,92.572464,0.424419,2.000000,3.315714,14.000000,164.285714,0.236837,1.000000,1.978333,0.000000,46.408840,0.000000,1.000000,4.452645,14.000000,101.117318,0.318046,1.000000,3.000000,13.000000,70.000000,-1.000000,,,,28.975400,22.546212,18.363273,-3.366129,-1.868177,-1.497952,28.491619,19.446910,43.634084,-6.866229,-8.936453,0.221689,0.230860,,3.000000,,70.876349,78.260870,85.675176,0.133214,-0.022268,0.155482,19.538332,37.709736,12.821149,1.107782,0.737250,1.216647,0.015631,1.179461,2.000000,,304.148472,30.396703,3.297809,1.949678
2026-02-17T03:45:00Z,0.985135,no_impulse,0,HCLTECH,1h,-1.000000,38.492063,2.592197,0.000000,0.000000,0.904804,-2.255918,-8.184330,7.220630,14.000000,72.517986,0.515759,3.000000,50.910656,91.721133,85.985611,0.000000,-1.277277,-1.761952,0.484675,46.213648,28.009127,27.755190,0.904804,-2.255918,-8.184330,0.666866,0.054719,9.055375,7.000000,255.514706,1.293625,4.000000,8.548875,5.868263,2.410486,0.000000,-2.686771,-1.988206,-0.698564,61.639020,3.972702,65.144297,-8.023324,-11.651098,-16.218190,-0.095789,0.124665,3.674186,0.000000,39.052405,0.000000,4.000000,15.607491,16.748768,10.360715,0.000000,-1.358172,-1.085660,-0.272512,48.911433,6.126063,55.613713,-4.402823,-6.628526,-9.611853,-0.157900,0.064100,8.599296,21.000000,304.148472,0.409490,4.000000,15.607491,16.748768,10.360715,0.000000,-1.358172,-1.085660,-0.272512,48.911433,6.126063,55.613713,-4.402823,-6.628526,-9.611853,-0.157900,0.064100,2.909599,7.000000,64.598025,0.415657,3.000000,38.347565,44.367418,35.355286,0.000000,-1.139907,-1.260307,0.120399,37.552364,21.328267,30.896135,-0.667705,-2.604695,-3.892524,0.260870,0.027737,4.310030,14.000000,120.169492,0.307859,4.000000,30.748730,35.528596,30.964741,1.000000,-1.348093,-1.284306,-0.063787,34.076531,15.566154,42.448209,-2.092584,-3.916968,-4.539802,0.296854,0.100897,3.720050,0.000000,30.396703,0.000000,4.000000,26.093484,12.416280,26.062344,0.000000,-0.369086,-0.139019,-0.230066,33.720563,21.677513,45.515929,-4.760382,-5.120849,-4.063144,-0.358781,0.052913,10.903882,7.000000,116.227545,1.557697,4.000000,26.093484,12.416280,26.062344,0.000000,-0.369086,-0.139019,-0.230066,33.720563,21.677513,45.515929,-4.760382,-5.120849,-4.063144,-0.358781,0.052913,10.352737,11.000000,172.164948,0.941158,7.000000,5.672183,1.000000,286.135693,5.672183,4.000000,2.022432,2.000000,70.772443,1.011216,3.000000,2.778261,9.000000,171.071429,0.308696,4.000000,1.650846,5.000000,73.107050,0.330169,3.000000,2.208256,1.000000,88.248848,2.208256,2.000000,2.566529,6.000000,125.797101,0.427755,1.000000,1.999420,2.000000,60.954064,0.999710,2.000000,3.391455,26.000000,110.763209,0.130441,1.000000,2.970930,7.000000,92.572464,0.424419,2.000000,3.315714,14.000000,164.285714,0.236837,1.000000,1.978333,0.000000,46.408840,0.000000,1.000000,3.000000,14.000000,70.000000,-1.000000,,,,28.975400,22.546212,18.363273,-3.366129,-1.868177,-1.497952,28.491619,19.446910,43.634084,-6.866229,-8.936453,0.221689,0.230860,,0.000000,,70.876349,78.260870,85.675176,0.133214,-0.022268,0.155482,19.538332,37.709736,12.821149,1.107782,0.737250,1.216647,0.015631,0.390285,0.000000,,304.148472,30.396703,2.973560,1.261160
2026-02-17T06:45:00Z,1.019392,no_impulse,0,HCLTECH,1h,1.000000,130.670103,3.477366,3.000000,1.159122,1.216352,-1.342346,-7.190276,2.592197,0.000000,38.492063,0.000000,3.000000,50.910656,91.721133,85.985611,0.000000,-1.277277,-1.761952,0.484675,46.213648,28.009127,27.755190,0.904804,-2.255918,-8.184330,0.666866,0.054719,7.220630,14.000000,72.517986,0.515759,3.000000,50.910656,91.721133,85.985611,0.000000,-1.277277,-1.761952,0.484675,46.213648,28.009127,27.755190,0.904804,-2.255918,-8.184330,0.666866,0.054719,9.055375,7.000000,255.514706,1.293625,4.000000,8.548875,5.868263,2.410486,0.000000,-2.686771,-1.988206,-0.698564,61.639020,3.972702,65.144297,-8.023324,-11.651098,-16.218190,-0.095789,0.124665,3.674186,0.000000,39.052405,0.000000,4.000000,15.607491,16.748768,10.360715,0.000000,-1.358172,-1.085660,-0.272512,48.911433,6.126063,55.613713,-4.402823,-6.628526,-9.611853,-0.157900,0.064100,8.599296,21.000000,304.148472,0.409490,4.000000,15.607491,16.748768,10.360715,0.000000,-1.358172,-1.085660,-0.272512,48.911433,6.126063,55.613713,-4.402823,-6.628526,-9.611853,-0.157900,0.064100,2.909599,7.000000,64.598025,0.415657,3.000000,38.347565,44.367418,35.355286,0.000000,-1.139907,-1.260307,0.120399,37.552364,21.328267,30.896135,-0.667705,-2.604695,-3.892524,0.260870,0.027737,4.310030,14.000000,120.169492,0.307859,4.000000,30.748730,35.528596,30.964741,1.000000,-1.348093,-1.284306,-0.063787,34.076531,15.566154,42.448209,-2.092584,-3.916968,-4.539802,0.296854,0.100897,3.720050,0.000000,30.396703,0.000000,4.000000,26.093484,12.416280,26.062344,0.000000,-0.369086,-0.139019,-0.230066,33.720563,21.677513,45.515929,-4.760382,-5.120849,-4.063144,-0.358781,0.052913,10.903882,7.000000,116.227545,1.557697,4.000000,10.352737,11.000000,172.164948,0.941158,7.000000,5.672183,1.000000,286.135693,5.672183,4.000000,2.022432,2.000000,70.772443,1.011216,3.000000,2.778261,9.000000,171.071429,0.308696,4.000000,1.650846,5.000000,73.107050,0.330169,3.000000,2.208256,1.000000,88.248848,2.208256,2.000000,2.566529,6.000000,125.797101,0.427755,1.000000,1.999420,2.000000,60.954064,0.999710,2.000000,3.391455,26.000000,110.763209,0.130441,1.000000,2.970930,7.000000,92.572464,0.424419,2.000000,3.315714,14.000000,164.285714,0.236837,1.000000,1.000000,1.000000,73.000000,-1.000000,,,,27.468743,18.536839,19.404669,-3.594165,-2.229061,-1.365104,29.358979,18.236373,43.201417,-7.227163,-9.684581,0.224308,0.244478,,1.000000,,76.650510,88.804554,91.832278,0.778669,0.620028,0.158642,44.807317,37.916678,6.291319,1.321154,1.924598,0.771251,0.049358,0.549018,0.370370,,304.148472,30.396703,3.233317,1.242712
2026-02-18T03:45:00Z,0.975270,no_impulse,0,HCLTECH,1h,-1.000000,128.796844,4.328230,4.000000,1.082057,-1.709134,-4.047996,-10.173538,3.477366,3.000000,130.670103,1.159122,1.000000,54.500371,83.098592,87.203024,1.000000,-0.595190,-1.275130,0.679939,39.185665,31.640521,23.075417,1.216352,-1.342346,-7.190276,0.717099,0.056717,2.592197,0.000000,38.492063,0.000000,3.000000,50.910656,91.721133,85.985611,0.000000,-1.277277,-1.761952,0.484675,46.213648,28.009127,27.755190,0.904804,-2.255918,-8.184330,0.666866,0.054719,7.220630,14.000000,72.517986,0.515759,3.000000,50.910656,91.721133,85.985611,0.000000,-1.277277,-1.761952,0.484675,46.213648,28.009127,27.755190,0.904804,-2.255918,-8.184330,0.666866,0.054719,9.055375,7.000000,255.514706,1.293625,4.000000,8.548875,5.868263,2.410486,0.000000,-2.686771,-1.988206,-0.698564,61.639020,3.972702,65.144297,-8.023324,-11.651098,-16.218190,-0.095789,0.124665,3.674186,0.000000,39.052405,0.000000,4.000000,15.607491,16.748768,10.360715,0.000000,-1.358172,-1.085660,-0.272512,48.911433,6.126063,55.613713,-4.402823,-6.628526,-9.611853,-0.157900,0.064100,8.599296,21.000000,304.148472,0.409490,4.000000,15.607491,16.748768,10.360715,0.000000,-1.358172,-1.085660,-0.272512,48.911433,6.126063,55.613713,-4.402823,-6.628526,-9.611853,-0.157900,0.064100,2.909599,7.000000,64.598025,0.415657,3.000000,38.347565,44.367418,35.355286,0.000000,-1.139907,-1.260307,0.120399,37.552364,21.328267,30.896135,-0.667705,-2.604695,-3.892524,0.260870,0.027737,4.310030,14.000000,120.169492,0.307859,4.000000,30.748730,35.528596,30.964741,1.000000,-1.348093,-1.284306,-0.063787,34.076531,15.566154,42.448209,-2.092584,-3.916968,-4.539802,0.296854,0.100897,3.720050,0.000000,30.396703,0.000000,4.000000,10.903882,7.000000,116.227545,1.557697,4.000000,10.352737,11.000000,172.164948,0.941158,7.000000,5.672183,1.000000,286.135693,5.672183,4.000000,2.022432,2.000000,70.772443,1.011216,3.000000,2.778261,9.000000,171.071429,0.308696,4.000000,1.650846,5.000000,73.107050,0.330169,3.000000,2.208256,1.000000,88.248848,2.208256,2.000000,2.566529,6.000000,125.797101,0.427755,1.000000,1.999420,2.000000,60.954064,0.999710,2.000000,3.391455,26.000000,110.763209,0.130441,1.000000,2.970930,7.000000,92.572464,0.424419,2.000000,8.000000,1.000000,77.000000,-1.000000,,,,27.468743,18.536839,19.404669,-3.594165,-2.229061,-1.365104,29.358979,18.236373,43.201417,-7.227163,-9.684581,0.224308,0.244478,,0.000000,,39.387505,25.854701,21.818613,0.037923,0.263906,-0.225983,30.629351,15.529951,34.299761,-0.743481,-0.421646,0.209826,0.025433,0.766566,0.547945,,304.148472,30.396703,3.006831,0.623109
2026-02-19T03:45:00Z,1.014730,no_impulse,0,HCLTECH,1h,1.000000,89.433384,4.046002,7.000000,0.578000,1.104435,-0.782257,-6.887569,4.328230,4.000000,128.796844,1.082057,8.000000,37.723480,16.641902,42.845162,0.000000,-0.546949,-0.833570,0.286621,31.756856,22.403072,39.546972,-1.709134,-4.047996,-10.173538,0.128221,0.045199,3.477366,3.000000,130.670103,1.159122,1.000000,54.500371,83.098592,87.203024,1.000000,-0.595190,-1.275130,0.679939,39.185665,31.640521,23.075417,1.216352,-1.342346,-7.190276,0.717099,0.056717,2.592197,0.000000,38.492063,0.000000,3.000000,50.910656,91.721133,85.985611,0.000000,-1.277277,-1.761952,0.484675,46.213648,28.009127,27.755190,0.904804,-2.255918,-8.184330,0.666866,0.054719,7.220630,14.000000,72.517986,0.515759,3.000000,50.910656,91.721133,85.985611,0.000000,-1.277277,-1.761952,0.484675,46.213648,28.009127,27.755190,0.904804,-2.255918,-8.184330,0.666866,0.054719,9.055375,7.000000,255.514706,1.293625,4.000000,8.548875,5.868263,2.410486,0.000000,-2.686771,-1.988206,-0.698564,61.639020,3.972702,65.144297,-8.023324,-11.651098,-16.218190,-0.095789,0.124665,3.674186,0.000000,39.052405,0.000000,4.000000,15.607491,16.748768,10.360715,0.000000,-1.358172,-1.085660,-0.272512,48.911433,6.126063,55.613713,-4.402823,-6.628526,-9.611853,-0.157900,0.064100,8.599296,21.000000,304.148472,0.409490,4.000000,15.607491,16.748768,10.360715,0.000000,-1.358172,-1.085660,-0.272512,48.911433,6.126063,55.613713,-4.402823,-6.628526,-9.611853,-0.157900,0.064100,2.909599,7.000000,64.598025,0.415657,3.000000,38.347565,44.367418,35.355286,0.000000,-1.139907,-1.260307,0.120399,37.552364,21.328267,30.896135,-0.667705,-2.604695,-3.892524,0.260870,0.027737,4.310030,14.000000,120.169492,0.307859,4.000000,3.720050,0.000000,30.396703,0.000000,4.000000,10.903882,7.000000,116.227545,1.557697,4.000000,10.352737,11.000000,172.164948,0.941158,7.000000,5.672183,1.000000,286.135693,5.672183,4.000000,2.022432,2.000000,70.772443,1.011216,3.000000,2.778261,9.000000,171.071429,0.308696,4.000000,1.650846,5.000000,73.107050,0.330169,3.000000,2.208256,1.000000,88.248848,2.208256,2.000000,2.566529,6.000000,125.797101,0.427755,1.000000,1.999420,2.000000,60.954064,0.999710,2.000000,3.391455,26.000000,110.763209,0.130441,1.000000,3.000000,2.000000,7.000000,-1.000000,,,,25.887329,14.162978,18.415343,-3.839491,-2.571803,-1.267689,29.677002,19.443568,39.308357,-7.662588,-10.525448,0.221313,0.255384,,1.000000,,71.496962,69.248292,74.449607,0.022447,-0.149678,0.172125,26.551389,39.607502,16.763368,1.396664,1.235951,1.343347,0.016796,0.811034,1.000000,77.000000,304.148472,30.396703,2.383741,0.521188
2026-02-24T03:45:00Z,0.920878,no_impulse,0,HCLTECH,1h,-1.000000,237.842466,9.248901,21.000000,0.440424,-4.607677,-6.813684,-14.127077,4.046002,7.000000,89.433384,0.578000,3.000000,55.439191,70.430906,45.814760,1.000000,-0.388204,-0.587589,0.199385,27.761588,31.637193,26.636046,1.104435,-0.782257,-6.887569,0.754256,0.043923,4.328230,4.000000,128.796844,1.082057,8.000000,37.723480,16.641902,42.845162,0.000000,-0.546949,-0.833570,0.286621,31.756856,22.403072,39.546972,-1.709134,-4.047996,-10.173538,0.128221,0.045199,3.477366,3.000000,130.670103,1.159122,1.000000,54.500371,83.098592,87.203024,1.000000,-0.595190,-1.275130,0.679939,39.185665,31.640521,23.075417,1.216352,-1.342346,-7.190276,0.717099,0.056717,2.592197,0.000000,38.492063,0.000000,3.000000,50.910656,91.721133,85.985611,0.000000,-1.277277,-1.761952,0.484675,46.213648,28.009127,27.755190,0.904804,-2.255918,-8.184330,0.666866,0.054719,7.220630,14.000000,72.517986,0.515759,3.000000,50.910656,91.721133,85.985611,0.000000,-1.277277,-1.761952,0.484675,46.213648,28.009127,27.755190,0.904804,-2.255918,-8.184330,0.666866,0.054719,9.055375,7.000000,255.514706,1.293625,4.000000,8.548875,5.868263,2.410486,0.000000,-2.686771,-1.988206,-0.698564,61.639020,3.972702,65.144297,-8.023324,-11.651098,-16.218190,-0.095789,0.124665,3.674186,0.000000,39.052405,0.000000,4.000000,15.607491,16.748768,10.360715,0.000000,-1.358172,-1.085660,-0.272512,48.911433,6.126063,55.613713,-4.402823,-6.628526,-9.611853,-0.157900,0.064100,8.599296,21.000000,304.148472,0.409490,4.000000,15.607491,16.748768,10.360715,0.000000,-1.358172,-1.085660,-0.272512,48.911433,6.126063,55.613713,-4.402823,-6.628526,-9.611853,-0.157900,0.064100,2.909599,7.000000,64.598025,0.415657,3.000000,4.310030,14.000000,120.169492,0.307859,4.000000,3.720050,0.000000,30.396703,0.000000,4.000000,10.903882,7.000000,116.227545,1.557697,4.000000,10.352737,11.000000,172.164948,0.941158,7.000000,5.672183,1.000000,286.135693,5.672183,4.000000,2.022432,2.000000,70.772443,1.011216,3.000000,2.778261,9.000000,171.071429,0.308696,4.000000,1.650846,5.000000,73.107050,0.330169,3.000000,2.208256,1.000000,88.248848,2.208256,2.000000,2.566529,6.000000,125.797101,0.427755,1.000000,1.999420,2.000000,60.954064,0.999710,2.000000,4.000000,3.000000,28.000000,-1.000000,,,,17.675358,5.399289,9.357311,-5.144700,-3.740568,-1.404133,32.272286,15.137126,48.147472,-13.422430,-17.982401,0.082249,0.283279,,7.000000,,18.517116,1.598579,25.532860,-0.492269,-0.341877,-0.150393,33.772823,11.778542,51.837044,-3.163813,-3.968604,-0.499693,0.030677,1.841937,2.727273,98.000000,304.148472,38.492063,2.366634,0.628125
2026-02-24T03:45:00Z,0.950473,no_impulse,0,HCLTECH,1h,1.000000,31.533477,3.213735,0.000000,0.000000,-4.607677,-6.813684,-14.127077,9.248901,21.000000,237.842466,0.440424,4.000000,21.085120,8.143322,20.182795,1.000000,-1.213067,-0.939529,-0.273538,30.434129,10.276418,45.902001,-4.607677,-6.813684,-14.127077,-0.281638,0.056352,4.046002,7.000000,89.433384,0.578000,3.000000,55.439191,70.430906,45.814760,1.000000,-0.388204,-0.587589,0.199385,27.761588,31.637193,26.636046,1.104435,-0.782257,-6.887569,0.754256,0.043923,4.328230,4.000000,128.796844,1.082057,8.000000,37.723480,16.641902,42.845162,0.000000,-0.546949,-0.833570,0.286621,31.756856,22.403072,39.546972,-1.709134,-4.047996,-10.173538,0.128221,0.045199,3.477366,3.000000,130.670103,1.159122,1.000000,54.500371,83.098592,87.203024,1.000000,-0.595190,-1.275130,0.679939,39.185665,31.640521,23.075417,1.216352,-1.342346,-7.190276,0.717099,0.056717,2.592197,0.000000,38.492063,0.000000,3.000000,50.910656,91.721133,85.985611,0.000000,-1.277277,-1.761952,0.484675,46.213648,28.009127,27.755190,0.904804,-2.255918,-8.184330,0.666866,0.054719,7.220630,14.000000,72.517986,0.515759,3.000000,50.910656,91.721133,85.985611,0.000000,-1.277277,-1.761952,0.484675,46.213648,28.009127,27.755190,0.904804,-2.255918,-8.184330,0.666866,0.054719,9.055375,7.000000,255.514706,1.293625,4.000000,8.548875,5.868263,2.410486,0.000000,-2.686771,-1.988206,-0.698564,61.639020,3.972702,65.144297,-8.023324,-11.651098,-16.218190,-0.095789,0.124665,3.674186,0.000000,39.052405,0.000000,4.000000,15.607491,16.748768,10.360715,0.000000,-1.358172,-1.085660,-0.272512,48.911433,6.126063,55.613713,-4.402823,-6.628526,-9.611853,-0.157900,0.064100,8.599296,21.000000,304.148472,0.409490,4.000000,2.909599,7.000000,64.598025,0.415657,3.000000,4.310030,14.000000,120.169492,0.307859,4.000000,3.720050,0.000000,30.396703,0.000000,4.000000,10.903882,7.000000,116.227545,1.557697,4.000000,10.352737,11.000000,172.164948,0.941158,7.000000,5.672183,1.000000,286.135693,5.672183,4.000000,2.022432,2.000000,70.772443,1.011216,3.000000,2.778261,9.000000,171.071429,0.308696,4.000000,1.650846,5.000000,73.107050,0.330169,3.000000,2.208256,1.000000,88.248848,2.208256,2.000000,2.566529,6.000000,125.797101,0.427755,1.000000,4.000000,4.000000,28.000000,-1.000000,,,,17.675358,5.399289,9.357311,-5.144700,-3.740568,-1.404133,32.272286,15.137126,48.147472,-13.422430,-17.982401,0.082249,0.283279,,0.000000,,18.517116,1.598579,25.532860,-0.492269,-0.341877,-0.150393,33.772823,11.778542,51.837044,-3.163813,-3.968604,-0.499693,0.030677,0.582707,0.000000,,304.148472,38.492063,2.694359,1.326025
2026-02-24T07:45:00Z,0.893581,no_impulse,0,HCLTECH,1h,-1.000000,192.237443,5.985640,4.000000,1.496410,-5.038816,-8.209252,-16.393657,3.213735,0.000000,31.533477,0.000000,4.000000,21.085120,8.143322,20.182795,0.000000,-1.213067,-0.939529,-0.273538,30.434129,10.276418,45.902001,-4.607677,-6.813684,-14.127077,-0.281638,0.056352,9.248901,21.000000,237.842466,0.440424,4.000000,21.085120,8.143322,20.182795,1.000000,-1.213067,-0.939529,-0.273538,30.434129,10.276418,45.902001,-4.607677,-6.813684,-14.127077,-0.281638,0.056352,4.046002,7.000000,89.433384,0.578000,3.000000,55.439191,70.430906,45.814760,1.000000,-0.388204,-0.587589,0.199385,27.761588,31.637193,26.636046,1.104435,-0.782257,-6.887569,0.754256,0.043923,4.328230,4.000000,128.796844,1.082057,8.000000,37.723480,16.641902,42.845162,0.000000,-0.546949,-0.833570,0.286621,31.756856,22.403072,39.546972,-1.709134,-4.047996,-10.173538,0.128221,0.045199,3.477366,3.000000,130.670103,1.159122,1.000000,54.500371,83.098592,87.203024,1.000000,-0.595190,-1.275130,0.679939,39.185665,31.640521,23.075417,1.216352,-1.342346,-7.190276,0.717099,0.056717,2.592197,0.000000,38.492063,0.000000,3.000000,50.910656,91.721133,85.985611,0.000000,-1.277277,-1.761952,0.484675,46.213648,28.009127,27.755190,0.904804,-2.255918,-8.184330,0.666866,0.054719,7.220630,14.000000,72.517986,0.515759,3.000000,50.910656,91.721133,85.985611,0.000000,-1.277277,-1.761952,0.484675,46.213648,28.009127,27.755190,0.904804,-2.255918,-8.184330,0.666866,0.054719,9.055375,7.000000,255.514706,1.293625,4.000000,8.548875,5.868263,2.410486,0.000000,-2.686771,-1.988206,-0.698564,61.639020,3.972702,65.144297,-8.023324,-11.651098,-16.218190,-0.095789,0.124665,3.674186,0.000000,39.052405,0.000000,4.000000,8.599296,21.000000,304.148472,0.409490,4.000000,2.909599,7.000000,64.598025,0.415657,3.000000,4.310030,14.000000,120.169492,0.307859,4.000000,3.720050,0.000000,30.396703,0.000000,4.000000,10.903882,7.000000,116.227545,1.557697,4.000000,10.352737,11.000000,172.164948,0.941158,7.000000,5.672183,1.000000,286.135693,5.672183,4.000000,2.022432,2.000000,70.772443,1.011216,3.000000,2.778261,9.000000,171.071429,0.308696,4.000000,1.650846,5.000000,73.107050,0.330169,3.000000,2.208256,1.000000,88.248848,2.208256,2.000000,4.000000,5.000000,32.000000,-1.000000,,,,26.675157,18.728985,12.085596,-5.175777,-3.942930,-1.232847,33.692961,13.967092,44.425882,-9.240176,-14.069496,0.200308,0.282243,,0.000000,,9.785736,4.320988,4.356892,-1.702697,-1.539895,-0.162802,60.907545,5.261813,50.630988,-2.523366,-4.954587,0.211602,0.085342,1.079351,0.519481,,304.148472,31.533477,2.663216,1.587706
2026-02-26T03:45:00Z,0.949324,no_impulse,0,HCLTECH,1h,1.000000,97.980998,6.238185,10.000000,0.623819,0.915059,-1.641321,-9.890072,5.985640,4.000000,192.237443,1.496410,4.000000,18.967656,11.219512,4.648236,1.000000,-2.282843,-1.573405,-0.709438,40.594171,7.502134,49.792106,-5.038816,-8.209252,-16.393657,0.067817,0.110997,3.213735,0.000000,31.533477,0.000000,4.000000,21.085120,8.143322,20.182795,0.000000,-1.213067,-0.939529,-0.273538,30.434129,10.276418,45.902001,-4.607677,-6.813684,-14.127077,-0.281638,0.056352,9.248901,21.000000,237.842466,0.440424,4.000000,21.085120,8.143322,20.182795,1.000000,-1.213067,-0.939529,-0.273538,30.434129,10.276418,45.902001,-4.607677,-6.813684,-14.127077,-0.281638,0.056352,4.046002,7.000000,89.433384,0.578000,3.000000,55.439191,70.430906,45.814760,1.000000,-0.388204,-0.587589,0.199385,27.761588,31.637193,26.636046,1.104435,-0.782257,-6.887569,0.754256,0.043923,4.328230,4.000000,128.796844,1.082057,8.000000,37.723480,16.641902,42.845162,0.000000,-0.546949,-0.833570,0.286621,31.756856,22.403072,39.546972,-1.709134,-4.047996,-10.173538,0.128221,0.045199,3.477366,3.000000,130.670103,1.159122,1.000000,54.500371,83.098592,87.203024,1.000000,-0.595190,-1.275130,0.679939,39.185665,31.640521,23.075417,1.216352,-1.342346,-7.190276,0.717099,0.056717,2.592197,0.000000,38.492063,0.000000,3.000000,50.910656,91.721133,85.985611,0.000000,-1.277277,-1.761952,0.484675,46.213648,28.009127,27.755190,0.904804,-2.255918,-8.184330,0.666866,0.054719,7.220630,14.000000,72.517986,0.515759,3.000000,50.910656,91.721133,85.985611,0.000000,-1.277277,-1.761952,0.484675,46.213648,28.009127,27.755190,0.904804,-2.255918,-8.184330,0.666866,0.054719,9.055375,7.000000,255.514706,1.293625,4.000000,3.674186,0.000000,39.052405,0.000000,4.000000,8.599296,21.000000,304.148472,0.409490,4.000000,2.909599,7.000000,64.598025,0.415657,3.000000,4.310030,14.000000,120.169492,0.307859,4.000000,3.720050,0.000000,30.396703,0.000000,4.000000,10.903882,7.000000,116.227545,1.557697,4.000000,10.352737,11.000000,172.164948,0.941158,7.000000,5.672183,1.000000,286.135693,5.672183,4.000000,2.022432,2.000000,70.772443,1.011216,3.000000,2.778261,9.000000,171.071429,0.308696,4.000000,1.650846,5.000000,73.107050,0.330169,3.000000,3.000000,6.000000,42.000000,-1.000000,,,,26.301985,17.148621,13.758965,-5.300482,-4.225234,-1.075248,34.622946,15.236824,41.950683,-8.698369,-13.892780,0.214899,0.280683,,5.000000,,62.995037,68.910256,56.297623,0.206866,0.163115,0.043751,23.849950,35.152855,14.453307,0.915566,0.734931,0.952543,0.020419,1.180530,1.666667,112.000000,255.514706,31.533477,2.449941,1.556607
2026-02-26T07:45:00Z,0.924324,no_impulse,0,HCLTECH,1h,-1.000000,44.848485,2.633452,4.000000,0.658363,-0.722575,-3.068413,-11.496918,6.238185,10.000000,97.980998,0.623819,3.000000,51.702862,93.575758,70.485426,0.000000,-0.999053,-1.428304,0.429252,32.293924,30.753553,28.695610,0.915059,-1.641321,-9.890072,0.601201,0.091255,5.985640,4.000000,192.237443,1.496410,4.000000,18.967656,11.219512,4.648236,1.000000,-2.282843,-1.573405,-0.709438,40.594171,7.502134,49.792106,-5.038816,-8.209252,-16.393657,0.067817,0.110997,3.213735,0.000000,31.533477,0.000000,4.000000,21.085120,8.143322,20.182795,0.000000,-1.213067,-0.939529,-0.273538,30.434129,10.276418,45.902001,-4.607677,-6.813684,-14.127077,-0.281638,0.056352,9.248901,21.000000,237.842466,0.440424,4.000000,21.085120,8.143322,20.182795,1.000000,-1.213067,-0.939529,-0.273538,30.434129,10.276418,45.902001,-4.607677,-6.813684,-14.127077,-0.281638,0.056352,4.046002,7.000000,89.433384,0.578000,3.000000,55.439191,70.430906,45.814760,1.000000,-0.388204,-0.587589,0.199385,27.761588,31.637193,26.636046,1.104435,-0.782257,-6.887569,0.754256,0.043923,4.328230,4.000000,128.796844,1.082057,8.000000,37.723480,16.641902,42.845162,0.000000,-0.546949,-0.833570,0.286621,31.756856,22.403072,39.546972,-1.709134,-4.047996,-10.173538,0.128221,0.045199,3.477366,3.000000,130.670103,1.159122,1.000000,54.500371,83.098592,87.203024,1.000000,-0.595190,-1.275130,0.679939,39.185665,31.640521,23.075417,1.216352,-1.342346,-7.190276,0.717099,0.056717,2.592197,0.000000,38.492063,0.000000,3.000000,50.910656,91.721133,85.985611,0.000000,-1.277277,-1.761952,0.484675,46.213648,28.009127,27.755190,0.904804,-2.255918,-8.184330,0.666866,0.054719,7.220630,14.000000,72.517986,0.515759,3.000000,9.055375,7.000000,255.514706,1.293625,4.000000,3.674186,0.000000,39.052405,0.000000,4.000000,8.599296,21.000000,304.148472,0.409490,4.000000,2.909599,7.000000,64.598025,0.415657,3.000000,4.310030,14.000000,120.169492,0.307859,4.000000,3.720050,0.000000,30.396703,0.000000,4.000000,10.903882,7.000000,116.227545,1.557697,4.000000,10.352737,11.000000,172.164948,0.941158,7.000000,5.672183,1.000000,286.135693,5.672183,4.000000,2.022432,2.000000,70.772443,1.011216,3.000000,2.778261,9.000000,171.071429,0.308696,4.000000,2.000000,1.000000,46.000000,-1.000000,,,,29.811752,23.794212,19.890606,-5.174530,-4.377133,-0.797397,35.486504,14.500798,39.924225,-6.765497,-12.119074,0.270545,0.276166,,1.000000,,43.767052,19.117647,7.885684,-0.048421,0.110654,-0.159075,19.552149,16.873609,26.562614,-0.415712,-0.444619,0.329375,0.024263,0.475299,0.571429,,255.514706,31.533477,2.396301,0.875983
2026-02-27T03:45:00Z,0.949189,no_impulse,0,HCLTECH,1h,1.000000,99.459459,2.690058,3.000000,0.896686,0.378298,-1.735131,-10.060631,2.633452,4.000000,44.848485,0.658363,2.000000,43.178564,59.399478,63.274573,1.000000,-0.800825,-1.089694,0.288869,25.221854,24.628900,29.676860,-0.722575,-3.068413,-11.496918,0.389433,0.064883,6.238185,10.000000,97.980998,0.623819,3.000000,51.702862,93.575758,70.485426,0.000000,-0.999053,-1.428304,0.429252,32.293924,30.753553,28.695610,0.915059,-1.641321,-9.890072,0.601201,0.091255,5.985640,4.000000,192.237443,1.496410,4.000000,18.967656,11.219512,4.648236,1.000000,-2.282843,-1.573405,-0.709438,40.594171,7.502134,49.792106,-5.038816,-8.209252,-16.393657,0.067817,0.110997,3.213735,0.000000,31.533477,0.000000,4.000000,21.085120,8.143322,20.182795,0.000000,-1.213067,-0.939529,-0.273538,30.434129,10.276418,45.902001,-4.607677,-6.813684,-14.127077,-0.281638,0.056352,9.248901,21.000000,237.842466,0.440424,4.000000,21.085120,8.143322,20.182795,1.000000,-1.213067,-0.939529,-0.273538,30.434129,10.276418,45.902001,-4.607677,-6.813684,-14.127077,-0.281638,0.056352,4.046002,7.000000,89.433384,0.578000,3.000000,55.439191,70.430906,45.814760,1.000000,-0.388204,-0.587589,0.199385,27.761588,31.637193,26.636046,1.104435,-0.782257,-6.887569,0.754256,0.043923,4.328230,4.000000,128.796844,1.082057,8.000000,37.723480,16.641902,42.845162,0.000000,-0.546949,-0.833570,0.286621,31.756856,22.403072,39.546972,-1.709134,-4.047996,-10.173538,0.128221,0.045199,3.477366,3.000000,130.670103,1.159122,1.000000,54.500371,83.098592,87.203024,1.000000,-0.595190,-1.275130,0.679939,39.185665,31.640521,23.075417,1.216352,-1.342346,-7.190276,0.717099,0.056717,2.592197,0.000000,38.492063,0.000000,3.000000,7.220630,14.000000,72.517986,0.515759,3.000000,9.055375,7.000000,255.514706,1.293625,4.000000,3.674186,0.000000,39.052405,0.000000,4.000000,8.599296,21.000000,304.148472,0.409490,4.000000,2.909599,7.000000,64.598025,0.415657,3.000000,4.310030,14.000000,120.169492,0.307859,4.000000,3.720050,0.000000,30.396703,0.000000,4.000000,10.903882,7.000000,116.227545,1.557697,4.000000,10.352737,11.000000,172.164948,0.941158,7.000000,5.672183,1.000000,286.135693,5.672183,4.000000,2.022432,2.000000,70.772443,1.011216,3.000000,3.000000,1.000000,49.000000,-1.000000,,,,29.811752,23.794212,19.890606,-5.174530,-4.377133,-0.797397,35.486504,14.500798,39.924225,-6.765497,-12.119074,0.270545,0.276166,,0.000000,,60.395550,51.630435,37.602302,-0.056966,-0.078743,0.021777,21.027500,38.191553,14.610389,0.670066,0.570462,0.958818,0.014703,0.549167,0.447761,119.000000,237.842466,31.533477,2.202383,0.899970
2026-03-02T03:45:00Z,0.912162,no_impulse,0,HCLTECH,1h,-1.000000,148.913043,3.900911,7.000000,0.557273,-0.146211,-1.638778,-9.713333,2.690058,3.000000,99.459459,0.896686,3.000000,49.768854,54.830287,48.469558,1.000000,-0.619839,-0.891815,0.271975,22.438043,34.660790,23.681308,0.378298,-1.735131,-10.060631,0.568386,0.055528,2.633452,4.000000,44.848485,0.658363,2.000000,43.178564,59.399478,63.274573,1.000000,-0.800825,-1.089694,0.288869,25.221854,24.628900,29.676860,-0.722575,-3.068413,-11.496918,0.389433,0.064883,6.238185,10.000000,97.980998,0.623819,3.000000,51.702862,93.575758,70.485426,0.000000,-0.999053,-1.428304,0.429252,32.293924,30.753553,28.695610,0.915059,-1.641321,-9.890072,0.601201,0.091255,5.985640,4.000000,192.237443,1.496410,4.000000,18.967656,11.219512,4.648236,1.000000,-2.282843,-1.573405,-0.709438,40.594171,7.502134,49.792106,-5.038816,-8.209252,-16.393657,0.067817,0.110997,3.213735,0.000000,31.533477,0.000000,4.000000,21.085120,8.143322,20.182795,0.000000,-1.213067,-0.939529,-0.273538,30.434129,10.276418,45.902001,-4.607677,-6.813684,-14.127077,-0.281638,0.056352,9.248901,21.000000,237.842466,0.440424,4.000000,21.085120,8.143322,20.182795,1.000000,-1.213067,-0.939529,-0.273538,30.434129,10.276418,45.902001,-4.607677,-6.813684,-14.127077,-0.281638,0.056352,4.046002,7.000000,89.433384,0.578000,3.000000,55.439191,70.430906,45.814760,1.000000,-0.388204,-0.587589,0.199385,27.761588,31.637193,26.636046,1.104435,-0.782257,-6.887569,0.754256,0.043923,4.328230,4.000000,128.796844,1.082057,8.000000,37.723480,16.641902,42.845162,0.000000,-0.546949,-0.833570,0.286621,31.756856,22.403072,39.546972,-1.709134,-4.047996,-10.173538,0.128221,0.045199,3.477366,3.000000,130.670103,1.159122,1.000000,2.592197,0.000000,38.492063,0.000000,3.000000,7.220630,14.000000,72.517986,0.515759,3.000000,9.055375,7.000000,255.514706,1.293625,4.000000,3.674186,0.000000,39.052405,0.000000,4.000000,8.599296,21.000000,304.148472,0.409490,4.000000,2.909599,7.000000,64.598025,0.415657,3.000000,4.310030,14.000000,120.169492,0.307859,4.000000,3.720050,0.000000,30.396703,0.000000,4.000000,10.903882,7.000000,116.227545,1.557697,4.000000,10.352737,11.000000,172.164948,0.941158,7.000000,5.672183,1.000000,286.135693,5.672183,4.000000,4.000000,2.000000,56.000000,-1.000000,,,,28.137406,18.974961,19.972598,-5.235682,-4.595072,-0.640610,36.627218,13.615959,42.482012,-7.396446,-13.065970,0.241422,0.266344,,4.000000,,33.122682,45.661157,37.961819,-0.035596,0.115487,-0.151083,23.056467,14.562081,39.176171,-1.136884,-1.003851,-0.222757,0.015553,0.877521,1.250000,28.000000,237.842466,31.533477,2.136615,0.626709
2026-03-02T04:45:00Z,0.934865,no_impulse,0,HCLTECH,1h,1.000000,61.313869,2.488889,1.000000,2.488889,-0.553354,-2.028316,-10.121460,3.900911,7.000000,148.913043,0.557273,4.000000,47.230379,61.313869,53.771290,0.000000,-0.197494,-0.383300,0.185806,20.280749,23.960606,32.305783,-0.146211,-1.638778,-9.713333,0.440852,0.024683,2.690058,3.000000,99.459459,0.896686,3.000000,49.768854,54.830287,48.469558,1.000000,-0.619839,-0.891815,0.271975,22.438043,34.660790,23.681308,0.378298,-1.735131,-10.060631,0.568386,0.055528,2.633452,4.000000,44.848485,0.658363,2.000000,43.178564,59.399478,63.274573,1.000000,-0.800825,-1.089694,0.288869,25.221854,24.628900,29.676860,-0.722575,-3.068413,-11.496918,0.389433,0.064883,6.238185,10.000000,97.980998,0.623819,3.000000,51.702862,93.575758,70.485426,0.000000,-0.999053,-1.428304,0.429252,32.293924,30.753553,28.695610,0.915059,-1.641321,-9.890072,0.601201,0.091255,5.985640,4.000000,192.237443,1.496410,4.000000,18.967656,11.219512,4.648236,1.000000,-2.282843,-1.573405,-0.709438,40.594171,7.502134,49.792106,-5.038816,-8.209252,-16.393657,0.067817,0.110997,3.213735,0.000000,31.533477,0.000000,4.000000,21.085120,8.143322,20.182795,0.000000,-1.213067,-0.939529,-0.273538,30.434129,10.276418,45.902001,-4.607677,-6.813684,-14.127077,-0.281638,0.056352,9.248901,21.000000,237.842466,0.440424,4.000000,21.085120,8.143322,20.182795,1.000000,-1.213067,-0.939529,-0.273538,30.434129,10.276418,45.902001,-4.607677,-6.813684,-14.127077,-0.281638,0.056352,4.046002,7.000000,89.433384,0.578000,3.000000,55.439191,70.430906,45.814760,1.000000,-0.388204,-0.587589,0.199385,27.761588,31.637193,26.636046,1.104435,-0.782257,-6.887569,0.754256,0.043923,4.328230,4.000000,128.796844,1.082057,8.000000,3.477366,3.000000,130.670103,1.159122,1.000000,2.592197,0.000000,38.492063,0.000000,3.000000,7.220630,14.000000,72.517986,0.515759,3.000000,9.055375,7.000000,255.514706,1.293625,4.000000,3.674186,0.000000,39.052405,0.000000,4.000000,8.599296,21.000000,304.148472,0.409490,4.000000,2.909599,7.000000,64.598025,0.415657,3.000000,4.310030,14.000000,120.169492,0.307859,4.000000,3.720050,0.000000,30.396703,0.000000,4.000000,10.903882,7.000000,116.227545,1.557697,4.000000,10.352737,11.000000,172.164948,0.941158,7.000000,3.000000,3.000000,57.000000,-1.000000,,,,28.137406,18.974961,19.972598,-5.235682,-4.595072,-0.640610,36.627218,13.615959,42.482012,-7.396446,-13.065970,0.241422,0.266344,,0.000000,,42.374177,58.677686,66.597796,-0.116465,-0.006766,-0.109698,23.433515,19.684191,32.264508,-0.526863,-0.496071,0.181318,0.016446,0.543871,0.158730,29.000000,237.842466,31.533477,2.048767,0.597531
2026-03-05T05:45:00Z,0.900338,no_impulse,0,HCLTECH,1h,-1.000000,152.083333,3.693264,15.000000,0.246218,-1.792950,-3.334561,-11.518819,2.488889,1.000000,61.313869,2.488889,3.000000,44.056612,49.635036,49.595581,0.000000,-0.230405,-0.354146,0.123741,19.891521,23.082284,31.121553,-0.553354,-2.028316,-10.121460,0.279388,0.024945,3.900911,7.000000,148.913043,0.557273,4.000000,47.230379,61.313869,53.771290,0.000000,-0.197494,-0.383300,0.185806,20.280749,23.960606,32.305783,-0.146211,-1.638778,-9.713333,0.440852,0.024683,2.690058,3.000000,99.459459,0.896686,3.000000,49.768854,54.830287,48.469558,1.000000,-0.619839,-0.891815,0.271975,22.438043,34.660790,23.681308,0.378298,-1.735131,-10.060631,0.568386,0.055528,2.633452,4.000000,44.848485,0.658363,2.000000,43.178564,59.399478,63.274573,1.000000,-0.800825,-1.089694,0.288869,25.221854,24.628900,29.676860,-0.722575,-3.068413,-11.496918,0.389433,0.064883,6.238185,10.000000,97.980998,0.623819,3.000000,51.702862,93.575758,70.485426,0.000000,-0.999053,-1.428304,0.429252,32.293924,30.753553,28.695610,0.915059,-1.641321,-9.890072,0.601201,0.091255,5.985640,4.000000,192.237443,1.496410,4.000000,18.967656,11.219512,4.648236,1.000000,-2.282843,-1.573405,-0.709438,40.594171,7.502134,49.792106,-5.038816,-8.209252,-16.393657,0.067817,0.110997,3.213735,0.000000,31.533477,0.000000,4.000000,21.085120,8.143322,20.182795,0.000000,-1.213067,-0.939529,-0.273538,30.434129,10.276418,45.902001,-4.607677,-6.813684,-14.127077,-0.281638,0.056352,9.248901,21.000000,237.842466,0.440424,4.000000,21.085120,8.143322,20.182795,1.000000,-1.213067,-0.939529,-0.273538,30.434129,10.276418,45.902001,-4.607677,-6.813684,-14.127077,-0.281638,0.056352,4.046002,7.000000,89.433384,0.578000,3.000000,4.328230,4.000000,128.796844,1.082057,8.000000,3.477366,3.000000,130.670103,1.159122,1.000000,2.592197,0.000000,38.492063,0.000000,3.000000,7.220630,14.000000,72.517986,0.515759,3.000000,9.055375,7.000000,255.514706,1.293625,4.000000,3.674186,0.000000,39.052405,0.000000,4.000000,8.599296,21.000000,304.148472,0.409490,4.000000,2.909599,7.000000,64.598025,0.415657,3.000000,4.310030,14.000000,120.169492,0.307859,4.000000,3.720050,0.000000,30.396703,0.000000,4.000000,10.903882,7.000000,116.227545,1.557697,4.000000,4.000000,4.000000,72.000000,-1.000000,,,,26.569310,16.790648,18.431674,-5.254895,-4.872717,-0.382179,38.914398,12.087908,41.490499,-7.214908,-13.391455,0.214529,0.235729,,6.000000,,26.100250,1.830664,1.097422,-0.625708,-0.420672,-0.205036,16.709101,16.838741,27.617435,-1.326036,-2.052195,0.162098,0.038730,0.824868,2.459016,44.000000,237.842466,31.533477,2.129915,0.611139
2026-03-06T03:45:00Z,0.932973,no_impulse,0,HCLTECH,1h,1.000000,94.520548,3.624765,5.000000,0.724953,0.638896,-0.762816,-8.703933,3.693264,15.000000,152.083333,0.246218,4.000000,33.581905,16.565657,7.320379,0.000000,-0.752896,-0.538898,-0.213998,28.875275,11.253085,34.353065,-1.792950,-3.334561,-11.518819,0.076776,0.041618,2.488889,1.000000,61.313869,2.488889,3.000000,44.056612,49.635036,49.595581,0.000000,-0.230405,-0.354146,0.123741,19.891521,23.082284,31.121553,-0.553354,-2.028316,-10.121460,0.279388,0.024945,3.900911,7.000000,148.913043,0.557273,4.000000,47.230379,61.313869,53.771290,0.000000,-0.197494,-0.383300,0.185806,20.280749,23.960606,32.305783,-0.146211,-1.638778,-9.713333,0.440852,0.024683,2.690058,3.000000,99.459459,0.896686,3.000000,49.768854,54.830287,48.469558,1.000000,-0.619839,-0.891815,0.271975,22.438043,34.660790,23.681308,0.378298,-1.735131,-10.060631,0.568386,0.055528,2.633452,4.000000,44.848485,0.658363,2.000000,43.178564,59.399478,63.274573,1.000000,-0.800825,-1.089694,0.288869,25.221854,24.628900,29.676860,-0.722575,-3.068413,-11.496918,0.389433,0.064883,6.238185,10.000000,97.980998,0.623819,3.000000,51.702862,93.575758,70.485426,0.000000,-0.999053,-1.428304,0.429252,32.293924,30.753553,28.695610,0.915059,-1.641321,-9.890072,0.601201,0.091255,5.985640,4.000000,192.237443,1.496410,4.000000,18.967656,11.219512,4.648236,1.000000,-2.282843,-1.573405,-0.709438,40.594171,7.502134,49.792106,-5.038816,-8.209252,-16.393657,0.067817,0.110997,3.213735,0.000000,31.533477,0.000000,4.000000,21.085120,8.143322,20.182795,0.000000,-1.213067,-0.939529,-0.273538,30.434129,10.276418,45.902001,-4.607677,-6.813684,-14.127077,-0.281638,0.056352,9.248901,21.000000,237.842466,0.440424,4.000000,4.046002,7.000000,89.433384,0.578000,3.000000,4.328230,4.000000,128.796844,1.082057,8.000000,3.477366,3.000000,130.670103,1.159122,1.000000,2.592197,0.000000,38.492063,0.000000,3.000000,7.220630,14.000000,72.517986,0.515759,3.000000,9.055375,7.000000,255.514706,1.293625,4.000000,3.674186,0.000000,39.052405,0.000000,4.000000,8.599296,21.000000,304.148472,0.409490,4.000000,2.909599,7.000000,64.598025,0.415657,3.000000,4.310030,14.000000,120.169492,0.307859,4.000000,3.720050,0.000000,30.396703,0.000000,4.000000,3.000000,5.000000,77.000000,-1.000000,,,,27.261408,18.172157,18.164072,-5.153128,-4.921328,-0.231800,39.962511,11.984124,39.658199,-6.341874,-12.657516,0.233445,0.223731,,1.000000,,72.490013,94.352941,84.278435,0.126777,-0.163156,0.289934,20.893888,43.348492,9.523275,1.961102,1.646556,1.181607,0.029347,0.821215,0.694444,49.000000,237.842466,31.533477,2.144272,0.872109
2026-03-09T03:45:00Z,0.897297,no_impulse,0,HCLTECH,1h,-1.000000,109.316770,3.823870,7.000000,0.546267,-0.944360,-2.058090,-9.844495,3.624765,5.000000,94.520548,0.724953,3.000000,52.861319,75.569358,53.809315,0.000000,-0.547427,-0.635638,0.088211,27.708083,28.577854,23.725203,0.638896,-0.762816,-8.703933,0.678076,0.036108,3.693264,15.000000,152.083333,0.246218,4.000000,33.581905,16.565657,7.320379,0.000000,-0.752896,-0.538898,-0.213998,28.875275,11.253085,34.353065,-1.792950,-3.334561,-11.518819,0.076776,0.041618,2.488889,1.000000,61.313869,2.488889,3.000000,44.056612,49.635036,49.595581,0.000000,-0.230405,-0.354146,0.123741,19.891521,23.082284,31.121553,-0.553354,-2.028316,-10.121460,0.279388,0.024945,3.900911,7.000000,148.913043,0.557273,4.000000,47.230379,61.313869,53.771290,0.000000,-0.197494,-0.383300,0.185806,20.280749,23.960606,32.305783,-0.146211,-1.638778,-9.713333,0.440852,0.024683,2.690058,3.000000,99.459459,0.896686,3.000000,49.768854,54.830287,48.469558,1.000000,-0.619839,-0.891815,0.271975,22.438043,34.660790,23.681308,0.378298,-1.735131,-10.060631,0.568386,0.055528,2.633452,4.000000,44.848485,0.658363,2.000000,43.178564,59.399478,63.274573,1.000000,-0.800825,-1.089694,0.288869,25.221854,24.628900,29.676860,-0.722575,-3.068413,-11.496918,0.389433,0.064883,6.238185,10.000000,97.980998,0.623819,3.000000,51.702862,93.575758,70.485426,0.000000,-0.999053,-1.428304,0.429252,32.293924,30.753553,28.695610,0.915059,-1.641321,-9.890072,0.601201,0.091255,5.985640,4.000000,192.237443,1.496410,4.000000,18.967656,11.219512,4.648236,1.000000,-2.282843,-1.573405,-0.709438,40.594171,7.502134,49.792106,-5.038816,-8.209252,-16.393657,0.067817,0.110997,3.213735,0.000000,31.533477,0.000000,4.000000,9.248901,21.000000,237.842466,0.440424,4.000000,4.046002,7.000000,89.433384,0.578000,3.000000,4.328230,4.000000,128.796844,1.082057,8.000000,3.477366,3.000000,130.670103,1.159122,1.000000,2.592197,0.000000,38.492063,0.000000,3.000000,7.220630,14.000000,72.517986,0.515759,3.000000,9.055375,7.000000,255.514706,1.293625,4.000000,3.674186,0.000000,39.052405,0.000000,4.000000,8.599296,21.000000,304.148472,0.409490,4.000000,2.909599,7.000000,64.598025,0.415657,3.000000,4.310030,14.000000,120.169492,0.307859,4.000000,4.000000,6.000000,84.000000,-1.000000,,,,27.796971,19.181722,18.048176,-5.004381,-4.932433,-0.071948,41.210513,11.100304,41.056099,-5.603331,-12.009770,0.246671,0.209452,,1.000000,,29.022202,32.828283,23.905724,-0.102399,0.069565,-0.171964,25.977003,12.509608,45.685705,-1.384928,-1.403287,-0.312952,0.016803,0.874671,1.000000,56.000000,237.842466,31.533477,2.156406,1.063147
2026-03-11T03:45:00Z,0.929730,no_impulse,0,HCLTECH,1h,1.000000,90.909091,3.614458,14.000000,0.258176,-0.560058,-1.275033,-8.428421,3.823870,7.000000,109.316770,0.546267,4.000000,39.868038,35.795455,46.369361,1.000000,-0.314567,-0.376711,0.062144,20.504261,18.277229,35.197909,-0.944360,-2.058090,-9.844495,0.212670,0.032559,3.624765,5.000000,94.520548,0.724953,3.000000,52.861319,75.569358,53.809315,0.000000,-0.547427,-0.635638,0.088211,27.708083,28.577854,23.725203,0.638896,-0.762816,-8.703933,0.678076,0.036108,3.693264,15.000000,152.083333,0.246218,4.000000,33.581905,16.565657,7.320379,0.000000,-0.752896,-0.538898,-0.213998,28.875275,11.253085,34.353065,-1.792950,-3.334561,-11.518819,0.076776,0.041618,2.488889,1.000000,61.313869,2.488889,3.000000,44.056612,49.635036,49.595581,0.000000,-0.230405,-0.354146,0.123741,19.891521,23.082284,31.121553,-0.553354,-2.028316,-10.121460,0.279388,0.024945,3.900911,7.000000,148.913043,0.557273,4.000000,47.230379,61.313869,53.771290,0.000000,-0.197494,-0.383300,0.185806,20.280749,23.960606,32.305783,-0.146211,-1.638778,-9.713333,0.440852,0.024683,2.690058,3.000000,99.459459,0.896686,3.000000,49.768854,54.830287,48.469558,1.000000,-0.619839,-0.891815,0.271975,22.438043,34.660790,23.681308,0.378298,-1.735131,-10.060631,0.568386,0.055528,2.633452,4.000000,44.848485,0.658363,2.000000,43.178564,59.399478,63.274573,1.000000,-0.800825,-1.089694,0.288869,25.221854,24.628900,29.676860,-0.722575,-3.068413,-11.496918,0.389433,0.064883,6.238185,10.000000,97.980998,0.623819,3.000000,51.702862,93.575758,70.485426,0.000000,-0.999053,-1.428304,0.429252,32.293924,30.753553,28.695610,0.915059,-1.641321,-9.890072,0.601201,0.091255,5.985640,4.000000,192.237443,1.496410,4.000000,3.213735,0.000000,31.533477,0.000000,4.000000,9.248901,21.000000,237.842466,0.440424,4.000000,4.046002,7.000000,89.433384,0.578000,3.000000,4.328230,4.000000,128.796844,1.082057,8.000000,3.477366,3.000000,130.670103,1.159122,1.000000,2.592197,0.000000,38.492063,0.000000,3.000000,7.220630,14.000000,72.517986,0.515759,3.000000,9.055375,7.000000,255.514706,1.293625,4.000000,3.674186,0.000000,39.052405,0.000000,4.000000,8.599296,21.000000,304.148472,0.409490,4.000000,2.909599,7.000000,64.598025,0.415657,3.000000,3.000000,7.000000,98.000000,-1.000000,,,,27.302491,15.504741,18.812572,-4.714165,-4.894843,0.180677,42.986426,12.218412,37.660919,-5.189691,-11.753107,0.195582,0.162068,,4.000000,,62.466351,54.411765,74.077426,0.146947,0.075853,0.071095,14.749357,35.382615,11.613559,0.420041,0.496568,0.875964,0.011219,0.943901,2.500000,70.000000,192.237443,31.533477,1.309010,1.227101
2026-03-16T06:45:00Z,0.880000,no_impulse,0,HCLTECH,1h,-1.000000,153.333333,5.348837,24.000000,0.222868,-2.200348,-3.320637,-10.032684,3.614458,14.000000,90.909091,0.258176,3.000000,43.782170,17.295597,55.951627,0.000000,-0.135961,-0.174472,0.038511,12.060558,19.350830,26.742778,-0.560058,-1.275033,-8.428421,0.159716,0.016367,3.823870,7.000000,109.316770,0.546267,4.000000,39.868038,35.795455,46.369361,1.000000,-0.314567,-0.376711,0.062144,20.504261,18.277229,35.197909,-0.944360,-2.058090,-9.844495,0.212670,0.032559,3.624765,5.000000,94.520548,0.724953,3.000000,52.861319,75.569358,53.809315,0.000000,-0.547427,-0.635638,0.088211,27.708083,28.577854,23.725203,0.638896,-0.762816,-8.703933,0.678076,0.036108,3.693264,15.000000,152.083333,0.246218,4.000000,33.581905,16.565657,7.320379,0.000000,-0.752896,-0.538898,-0.213998,28.875275,11.253085,34.353065,-1.792950,-3.334561,-11.518819,0.076776,0.041618,2.488889,1.000000,61.313869,2.488889,3.000000,44.056612,49.635036,49.595581,0.000000,-0.230405,-0.354146,0.123741,19.891521,23.082284,31.121553,-0.553354,-2.028316,-10.121460,0.279388,0.024945,3.900911,7.000000,148.913043,0.557273,4.000000,47.230379,61.313869,53.771290,0.000000,-0.197494,-0.383300,0.185806,20.280749,23.960606,32.305783,-0.146211,-1.638778,-9.713333,0.440852,0.024683,2.690058,3.000000,99.459459,0.896686,3.000000,49.768854,54.830287,48.469558,1.000000,-0.619839,-0.891815,0.271975,22.438043,34.660790,23.681308,0.378298,-1.735131,-10.060631,0.568386,0.055528,2.633452,4.000000,44.848485,0.658363,2.000000,43.178564,59.399478,63.274573,1.000000,-0.800825,-1.089694,0.288869,25.221854,24.628900,29.676860,-0.722575,-3.068413,-11.496918,0.389433,0.064883,6.238185,10.000000,97.980998,0.623819,3.000000,5.985640,4.000000,192.237443,1.496410,4.000000,3.213735,0.000000,31.533477,0.000000,4.000000,9.248901,21.000000,237.842466,0.440424,4.000000,4.046002,7.000000,89.433384,0.578000,3.000000,4.328230,4.000000,128.796844,1.082057,8.000000,3.477366,3.000000,130.670103,1.159122,1.000000,2.592197,0.000000,38.492063,0.000000,3.000000,7.220630,14.000000,72.517986,0.515759,3.000000,9.055375,7.000000,255.514706,1.293625,4.000000,3.674186,0.000000,39.052405,0.000000,4.000000,8.599296,21.000000,304.148472,0.409490,4.000000,4.000000,8.000000,122.000000,-1.000000,,,,25.922331,21.808015,16.858762,-4.427572,-4.714284,0.286712,46.501213,9.634449,37.876199,-5.307402,-12.250504,0.121996,0.133330,,8.000000,,33.700041,19.672131,21.994536,-0.558124,-0.552310,-0.005814,50.563312,9.305225,32.765167,-0.716599,-1.616973,0.156643,0.020722,1.382361,3.428571,94.000000,192.237443,44.848485,1.294122,1.097196
2026-03-16T08:45:00Z,0.903851,no_impulse,0,HCLTECH,1h,1.000000,47.961957,2.710381,2.000000,1.355190,-0.260063,-1.383066,-7.972111,5.348837,24.000000,153.333333,0.222868,4.000000,26.092820,6.885246,8.952319,0.000000,-0.872348,-0.578276,-0.294072,31.580496,7.563315,31.071537,-2.200348,-3.320637,-10.032684,0.076195,0.050801,3.614458,14.000000,90.909091,0.258176,3.000000,43.782170,17.295597,55.951627,0.000000,-0.135961,-0.174472,0.038511,12.060558,19.350830,26.742778,-0.560058,-1.275033,-8.428421,0.159716,0.016367,3.823870,7.000000,109.316770,0.546267,4.000000,39.868038,35.795455,46.369361,1.000000,-0.314567,-0.376711,0.062144,20.504261,18.277229,35.197909,-0.944360,-2.058090,-9.844495,0.212670,0.032559,3.624765,5.000000,94.520548,0.724953,3.000000,52.861319,75.569358,53.809315,0.000000,-0.547427,-0.635638,0.088211,27.708083,28.577854,23.725203,0.638896,-0.762816,-8.703933,0.678076,0.036108,3.693264,15.000000,152.083333,0.246218,4.000000,33.581905,16.565657,7.320379,0.000000,-0.752896,-0.538898,-0.213998,28.875275,11.253085,34.353065,-1.792950,-3.334561,-11.518819,0.076776,0.041618,2.488889,1.000000,61.313869,2.488889,3.000000,44.056612,49.635036,49.595581,0.000000,-0.230405,-0.354146,0.123741,19.891521,23.082284,31.121553,-0.553354,-2.028316,-10.121460,0.279388,0.024945,3.900911,7.000000,148.913043,0.557273,4.000000,47.230379,61.313869,53.771290,0.000000,-0.197494,-0.383300,0.185806,20.280749,23.960606,32.305783,-0.146211,-1.638778,-9.713333,0.440852,0.024683,2.690058,3.000000,99.459459,0.896686,3.000000,49.768854,54.830287,48.469558,1.000000,-0.619839,-0.891815,0.271975,22.438043,34.660790,23.681308,0.378298,-1.735131,-10.060631,0.568386,0.055528,2.633452,4.000000,44.848485,0.658363,2.000000,6.238185,10.000000,97.980998,0.623819,3.000000,5.985640,4.000000,192.237443,1.496410,4.000000,3.213735,0.000000,31.533477,0.000000,4.000000,9.248901,21.000000,237.842466,0.440424,4.000000,4.046002,7.000000,89.433384,0.578000,3.000000,4.328230,4.000000,128.796844,1.082057,8.000000,3.477366,3.000000,130.670103,1.159122,1.000000,2.592197,0.000000,38.492063,0.000000,3.000000,7.220630,14.000000,72.517986,0.515759,3.000000,9.055375,7.000000,255.514706,1.293625,4.000000,3.674186,0.000000,39.052405,0.000000,4.000000,3.000000,9.000000,124.000000,-1.000000,,,,25.922331,21.808015,16.858762,-4.427572,-4.714284,0.286712,46.501213,9.634449,37.876199,-5.307402,-12.250504,0.121996,0.133330,,1.000000,,58.648659,96.385542,66.750982,-0.341045,-0.497052,0.156008,48.051545,25.449294,26.375965,0.776121,-0.047546,0.876145,0.020795,0.712196,0.222222,96.000000,153.333333,44.848485,1.189884,1.303892
2026-03-17T03:45:00Z,0.876824,no_impulse,0,HCLTECH,1h,-1.000000,113.314448,2.990207,2.000000,1.495104,-1.038711,-2.167822,-8.794612,2.710381,2.000000,47.961957,1.355190,3.000000,45.167302,45.378151,23.290457,1.000000,-0.793329,-0.663581,-0.129748,32.063192,19.399328,25.016067,-0.260063,-1.383066,-7.972111,0.451388,0.053359,5.348837,24.000000,153.333333,0.222868,4.000000,26.092820,6.885246,8.952319,0.000000,-0.872348,-0.578276,-0.294072,31.580496,7.563315,31.071537,-2.200348,-3.320637,-10.032684,0.076195,0.050801,3.614458,14.000000,90.909091,0.258176,3.000000,43.782170,17.295597,55.951627,0.000000,-0.135961,-0.174472,0.038511,12.060558,19.350830,26.742778,-0.560058,-1.275033,-8.428421,0.159716,0.016367,3.823870,7.000000,109.316770,0.546267,4.000000,39.868038,35.795455,46.369361,1.000000,-0.314567,-0.376711,0.062144,20.504261,18.277229,35.197909,-0.944360,-2.058090,-9.844495,0.212670,0.032559,3.624765,5.000000,94.520548,0.724953,3.000000,52.861319,75.569358,53.809315,0.000000,-0.547427,-0.635638,0.088211,27.708083,28.577854,23.725203,0.638896,-0.762816,-8.703933,0.678076,0.036108,3.693264,15.000000,152.083333,0.246218,4.000000,33.581905,16.565657,7.320379,0.000000,-0.752896,-0.538898,-0.213998,28.875275,11.253085,34.353065,-1.792950,-3.334561,-11.518819,0.076776,0.041618,2.488889,1.000000,61.313869,2.488889,3.000000,44.056612,49.635036,49.595581,0.000000,-0.230405,-0.354146,0.123741,19.891521,23.082284,31.121553,-0.553354,-2.028316,-10.121460,0.279388,0.024945,3.900911,7.000000,148.913043,0.557273,4.000000,47.230379,61.313869,53.771290,0.000000,-0.197494,-0.383300,0.185806,20.280749,23.960606,32.305783,-0.146211,-1.638778,-9.713333,0.440852,0.024683,2.690058,3.000000,99.459459,0.896686,3.000000,2.633452,4.000000,44.848485,0.658363,2.000000,6.238185,10.000000,97.980998,0.623819,3.000000,5.985640,4.000000,192.237443,1.496410,4.000000,3.213735,0.000000,31.533477,0.000000,4.000000,9.248901,21.000000,237.842466,0.440424,4.000000,4.046002,7.000000,89.433384,0.578000,3.000000,4.328230,4.000000,128.796844,1.082057,8.000000,3.477366,3.000000,130.670103,1.159122,1.000000,2.592197,0.000000,38.492063,0.000000,3.000000,7.220630,14.000000,72.517986,0.515759,3.000000,9.055375,7.000000,255.514706,1.293625,4.000000,4.000000,10.000000,126.000000,-1.000000,,,,25.922331,21.808015,16.858762,-4.427572,-4.714284,0.286712,46.501213,9.634449,37.876199,-5.307402,-12.250504,0.121996,0.133330,,1.000000,,39.828776,20.113314,56.657224,-0.056047,-0.203700,0.147653,37.326403,21.327552,35.566819,-0.781809,-1.323691,0.206056,0.026391,0.866002,0.243902,98.000000,153.333333,44.848485,0.867973,1.047728
2026-03-18T03:45:00Z,0.925405,no_impulse,0,HCLTECH,1h,1.000000,179.750000,5.540572,7.000000,0.791510,2.614553,1.809313,-4.354526,2.990207,2.000000,113.314448,1.495104,4.000000,38.902214,33.220339,42.098821,1.000000,-0.729101,-0.690864,-0.038237,31.024750,15.441829,32.480911,-1.038711,-2.167822,-8.794612,0.301388,0.051761,2.710381,2.000000,47.961957,1.355190,3.000000,45.167302,45.378151,23.290457,1.000000,-0.793329,-0.663581,-0.129748,32.063192,19.399328,25.016067,-0.260063,-1.383066,-7.972111,0.451388,0.053359,5.348837,24.000000,153.333333,0.222868,4.000000,26.092820,6.885246,8.952319,0.000000,-0.872348,-0.578276,-0.294072,31.580496,7.563315,31.071537,-2.200348,-3.320637,-10.032684,0.076195,0.050801,3.614458,14.000000,90.909091,0.258176,3.000000,43.782170,17.295597,55.951627,0.000000,-0.135961,-0.174472,0.038511,12.060558,19.350830,26.742778,-0.560058,-1.275033,-8.428421,0.159716,0.016367,3.823870,7.000000,109.316770,0.546267,4.000000,39.868038,35.795455,46.369361,1.000000,-0.314567,-0.376711,0.062144,20.504261,18.277229,35.197909,-0.944360,-2.058090,-9.844495,0.212670,0.032559,3.624765,5.000000,94.520548,0.724953,3.000000,52.861319,75.569358,53.809315,0.000000,-0.547427,-0.635638,0.088211,27.708083,28.577854,23.725203,0.638896,-0.762816,-8.703933,0.678076,0.036108,3.693264,15.000000,152.083333,0.246218,4.000000,33.581905,16.565657,7.320379,0.000000,-0.752896,-0.538898,-0.213998,28.875275,11.253085,34.353065,-1.792950,-3.334561,-11.518819,0.076776,0.041618,2.488889,1.000000,61.313869,2.488889,3.000000,44.056612,49.635036,49.595581,0.000000,-0.230405,-0.354146,0.123741,19.891521,23.082284,31.121553,-0.553354,-2.028316,-10.121460,0.279388,0.024945,3.900911,7.000000,148.913043,0.557273,4.000000,2.690058,3.000000,99.459459,0.896686,3.000000,2.633452,4.000000,44.848485,0.658363,2.000000,6.238185,10.000000,97.980998,0.623819,3.000000,5.985640,4.000000,192.237443,1.496410,4.000000,3.213735,0.000000,31.533477,0.000000,4.000000,9.248901,21.000000,237.842466,0.440424,4.000000,4.046002,7.000000,89.433384,0.578000,3.000000,4.328230,4.000000,128.796844,1.082057,8.000000,3.477366,3.000000,130.670103,1.159122,1.000000,2.592197,0.000000,38.492063,0.000000,3.000000,7.220630,14.000000,72.517986,0.515759,3.000000,7.000000,11.000000,133.000000,-1.000000,,,,37.018447,55.452004,34.126622,-3.991944,-4.469500,0.477556,45.447979,17.596859,33.973516,-2.267644,-8.901442,0.308003,0.115489,,1.000000,,74.022019,92.878338,51.326303,0.217638,0.092439,0.125199,14.134641,43.407530,14.754375,1.870147,1.873896,1.481802,0.019411,1.588210,0.875000,105.000000,153.333333,47.961957,0.837342,0.998765
2026-03-18T03:45:00Z,0.896284,no_impulse,0,HCLTECH,1h,-1.000000,59.944367,3.146904,0.000000,0.000000,2.614553,1.809313,-4.354526,5.540572,7.000000,179.750000,0.791510,7.000000,66.932207,95.827538,70.692513,1.000000,-0.208007,-0.506603,0.298595,31.398482,35.000602,20.606986,2.614553,1.809313,-4.354526,1.204481,0.038110,2.990207,2.000000,113.314448,1.495104,4.000000,38.902214,33.220339,42.098821,1.000000,-0.729101,-0.690864,-0.038237,31.024750,15.441829,32.480911,-1.038711,-2.167822,-8.794612,0.301388,0.051761,2.710381,2.000000,47.961957,1.355190,3.000000,45.167302,45.378151,23.290457,1.000000,-0.793329,-0.663581,-0.129748,32.063192,19.399328,25.016067,-0.260063,-1.383066,-7.972111,0.451388,0.053359,5.348837,24.000000,153.333333,0.222868,4.000000,26.092820,6.885246,8.952319,0.000000,-0.872348,-0.578276,-0.294072,31.580496,7.563315,31.071537,-2.200348,-3.320637,-10.032684,0.076195,0.050801,3.614458,14.000000,90.909091,0.258176,3.000000,43.782170,17.295597,55.951627,0.000000,-0.135961,-0.174472,0.038511,12.060558,19.350830,26.742778,-0.560058,-1.275033,-8.428421,0.159716,0.016367,3.823870,7.000000,109.316770,0.546267,4.000000,39.868038,35.795455,46.369361,1.000000,-0.314567,-0.376711,0.062144,20.504261,18.277229,35.197909,-0.944360,-2.058090,-9.844495,0.212670,0.032559,3.624765,5.000000,94.520548,0.724953,3.000000,52.861319,75.569358,53.809315,0.000000,-0.547427,-0.635638,0.088211,27.708083,28.577854,23.725203,0.638896,-0.762816,-8.703933,0.678076,0.036108,3.693264,15.000000,152.083333,0.246218,4.000000,33.581905,16.565657,7.320379,0.000000,-0.752896,-0.538898,-0.213998,28.875275,11.253085,34.353065,-1.792950,-3.334561,-11.518819,0.076776,0.041618,2.488889,1.000000,61.313869,2.488889,3.000000,3.900911,7.000000,148.913043,0.557273,4.000000,2.690058,3.000000,99.459459,0.896686,3.000000,2.633452,4.000000,44.848485,0.658363,2.000000,6.238185,10.000000,97.980998,0.623819,3.000000,5.985640,4.000000,192.237443,1.496410,4.000000,3.213735,0.000000,31.533477,0.000000,4.000000,9.248901,21.000000,237.842466,0.440424,4.000000,4.046002,7.000000,89.433384,0.578000,3.000000,4.328230,4.000000,128.796844,1.082057,8.000000,3.477366,3.000000,130.670103,1.159122,1.000000,2.592197,0.000000,38.492063,0.000000,3.000000,7.000000,12.000000,0.000000,-1.000000,,,,37.018447,55.452004,34.126622,-3.991944,-4.469500,0.477556,45.447979,17.596859,33.973516,-2.267644,-8.901442,0.308003,0.115489,,0.000000,,74.022019,92.878338,51.326303,0.217638,0.092439,0.125199,14.134641,43.407530,14.754375,1.870147,1.873896,1.481802,0.019411,0.833923,0.000000,105.000000,179.750000,47.961957,1.003928,0.879097
2026-03-18T06:45:00Z,0.927973,no_impulse,0,HCLTECH,1h,1.000000,108.816705,3.535620,3.000000,1.178540,2.182046,1.902076,-3.879076,3.146904,0.000000,59.944367,0.000000,7.000000,66.932207,95.827538,70.692513,0.000000,-0.208007,-0.506603,0.298595,31.398482,35.000602,20.606986,2.614553,1.809313,-4.354526,1.204481,0.038110,5.540572,7.000000,179.750000,0.791510,7.000000,66.932207,95.827538,70.692513,1.000000,-0.208007,-0.506603,0.298595,31.398482,35.000602,20.606986,2.614553,1.809313,-4.354526,1.204481,0.038110,2.990207,2.000000,113.314448,1.495104,4.000000,38.902214,33.220339,42.098821,1.000000,-0.729101,-0.690864,-0.038237,31.024750,15.441829,32.480911,-1.038711,-2.167822,-8.794612,0.301388,0.051761,2.710381,2.000000,47.961957,1.355190,3.000000,45.167302,45.378151,23.290457,1.000000,-0.793329,-0.663581,-0.129748,32.063192,19.399328,25.016067,-0.260063,-1.383066,-7.972111,0.451388,0.053359,5.348837,24.000000,153.333333,0.222868,4.000000,26.092820,6.885246,8.952319,0.000000,-0.872348,-0.578276,-0.294072,31.580496,7.563315,31.071537,-2.200348,-3.320637,-10.032684,0.076195,0.050801,3.614458,14.000000,90.909091,0.258176,3.000000,43.782170,17.295597,55.951627,0.000000,-0.135961,-0.174472,0.038511,12.060558,19.350830,26.742778,-0.560058,-1.275033,-8.428421,0.159716,0.016367,3.823870,7.000000,109.316770,0.546267,4.000000,39.868038,35.795455,46.369361,1.000000,-0.314567,-0.376711,0.062144,20.504261,18.277229,35.197909,-0.944360,-2.058090,-9.844495,0.212670,0.032559,3.624765,5.000000,94.520548,0.724953,3.000000,52.861319,75.569358,53.809315,0.000000,-0.547427,-0.635638,0.088211,27.708083,28.577854,23.725203,0.638896,-0.762816,-8.703933,0.678076,0.036108,3.693264,15.000000,152.083333,0.246218,4.000000,2.488889,1.000000,61.313869,2.488889,3.000000,3.900911,7.000000,148.913043,0.557273,4.000000,2.690058,3.000000,99.459459,0.896686,3.000000,2.633452,4.000000,44.848485,0.658363,2.000000,6.238185,10.000000,97.980998,0.623819,3.000000,5.985640,4.000000,192.237443,1.496410,4.000000,3.213735,0.000000,31.533477,0.000000,4.000000,9.248901,21.000000,237.842466,0.440424,4.000000,4.046002,7.000000,89.433384,0.578000,3.000000,4.328230,4.000000,128.796844,1.082057,8.000000,3.477366,3.000000,130.670103,1.159122,1.000000,1.000000,1.000000,3.000000,-1.000000,,,,30.775112,13.165266,30.141762,-4.101463,-4.519641,0.418177,44.767331,16.100274,34.149409,-5.253969,-12.173526,0.021103,0.104233,,1.000000,,71.713013,86.655405,88.682432,0.976284,0.899673,0.076611,41.947029,37.478969,12.019523,1.016670,2.106643,0.655919,0.065875,0.956034,0.389610,108.000000,179.750000,47.961957,1.021467,1.000343
2026-03-19T08:45:00Z,0.884595,no_impulse,0,HCLTECH,1h,-1.000000,136.886994,4.674530,9.000000,0.519392,-1.962814,-2.423130,-8.128181,3.535620,3.000000,108.816705,1.178540,1.000000,66.783806,91.201983,92.456319,1.000000,0.401509,-0.130397,0.531906,31.305701,34.775769,18.407521,2.182046,1.902076,-3.879076,0.864789,0.061151,3.146904,0.000000,59.944367,0.000000,7.000000,66.932207,95.827538,70.692513,0.000000,-0.208007,-0.506603,0.298595,31.398482,35.000602,20.606986,2.614553,1.809313,-4.354526,1.204481,0.038110,5.540572,7.000000,179.750000,0.791510,7.000000,66.932207,95.827538,70.692513,1.000000,-0.208007,-0.506603,0.298595,31.398482,35.000602,20.606986,2.614553,1.809313,-4.354526,1.204481,0.038110,2.990207,2.000000,113.314448,1.495104,4.000000,38.902214,33.220339,42.098821,1.000000,-0.729101,-0.690864,-0.038237,31.024750,15.441829,32.480911,-1.038711,-2.167822,-8.794612,0.301388,0.051761,2.710381,2.000000,47.961957,1.355190,3.000000,45.167302,45.378151,23.290457,1.000000,-0.793329,-0.663581,-0.129748,32.063192,19.399328,25.016067,-0.260063,-1.383066,-7.972111,0.451388,0.053359,5.348837,24.000000,153.333333,0.222868,4.000000,26.092820,6.885246,8.952319,0.000000,-0.872348,-0.578276,-0.294072,31.580496,7.563315,31.071537,-2.200348,-3.320637,-10.032684,0.076195,0.050801,3.614458,14.000000,90.909091,0.258176,3.000000,43.782170,17.295597,55.951627,0.000000,-0.135961,-0.174472,0.038511,12.060558,19.350830,26.742778,-0.560058,-1.275033,-8.428421,0.159716,0.016367,3.823870,7.000000,109.316770,0.546267,4.000000,39.868038,35.795455,46.369361,1.000000,-0.314567,-0.376711,0.062144,20.504261,18.277229,35.197909,-0.944360,-2.058090,-9.844495,0.212670,0.032559,3.624765,5.000000,94.520548,0.724953,3.000000,3.693264,15.000000,152.083333,0.246218,4.000000,2.488889,1.000000,61.313869,2.488889,3.000000,3.900911,7.000000,148.913043,0.557273,4.000000,2.690058,3.000000,99.459459,0.896686,3.000000,2.633452,4.000000,44.848485,0.658363,2.000000,6.238185,10.000000,97.980998,0.623819,3.000000,5.985640,4.000000,192.237443,1.496410,4.000000,3.213735,0.000000,31.533477,0.000000,4.000000,9.248901,21.000000,237.842466,0.440424,4.000000,4.046002,7.000000,89.433384,0.578000,3.000000,4.328230,4.000000,128.796844,1.082057,8.000000,8.000000,1.000000,12.000000,-1.000000,,,,36.351578,40.770102,36.462457,-3.835084,-4.323358,0.488274,44.135300,14.940014,31.688446,-3.189872,-9.926423,0.155200,0.089654,,2.000000,,28.569763,10.280374,14.638988,-0.517116,-0.522299,0.005183,38.484242,13.741314,28.882508,-0.675109,-1.183914,0.061995,0.015310,1.229205,1.139241,117.000000,179.750000,47.961957,0.933629,1.106220
2026-03-20T04:45:00Z,0.913851,no_impulse,0,HCLTECH,1h,1.000000,67.445483,3.307363,3.000000,1.102454,0.902227,0.540350,-4.861201,4.674530,9.000000,136.886994,0.519392,8.000000,35.529185,1.734104,6.133590,0.000000,-0.276225,0.029114,-0.305339,25.103477,19.686795,37.287686,-1.962814,-2.423130,-8.128181,0.196724,0.063475,3.535620,3.000000,108.816705,1.178540,1.000000,66.783806,91.201983,92.456319,1.000000,0.401509,-0.130397,0.531906,31.305701,34.775769,18.407521,2.182046,1.902076,-3.879076,0.864789,0.061151,3.146904,0.000000,59.944367,0.000000,7.000000,66.932207,95.827538,70.692513,0.000000,-0.208007,-0.506603,0.298595,31.398482,35.000602,20.606986,2.614553,1.809313,-4.354526,1.204481,0.038110,5.540572,7.000000,179.750000,0.791510,7.000000,66.932207,95.827538,70.692513,1.000000,-0.208007,-0.506603,0.298595,31.398482,35.000602,20.606986,2.614553,1.809313,-4.354526,1.204481,0.038110,2.990207,2.000000,113.314448,1.495104,4.000000,38.902214,33.220339,42.098821,1.000000,-0.729101,-0.690864,-0.038237,31.024750,15.441829,32.480911,-1.038711,-2.167822,-8.794612,0.301388,0.051761,2.710381,2.000000,47.961957,1.355190,3.000000,45.167302,45.378151,23.290457,1.000000,-0.793329,-0.663581,-0.129748,32.063192,19.399328,25.016067,-0.260063,-1.383066,-7.972111,0.451388,0.053359,5.348837,24.000000,153.333333,0.222868,4.000000,26.092820,6.885246,8.952319,0.000000,-0.872348,-0.578276,-0.294072,31.580496,7.563315,31.071537,-2.200348,-3.320637,-10.032684,0.076195,0.050801,3.614458,14.000000,90.909091,0.258176,3.000000,43.782170,17.295597,55.951627,0.000000,-0.135961,-0.174472,0.038511,12.060558,19.350830,26.742778,-0.560058,-1.275033,-8.428421,0.159716,0.016367,3.823870,7.000000,109.316770,0.546267,4.000000,3.624765,5.000000,94.520548,0.724953,3.000000,3.693264,15.000000,152.083333,0.246218,4.000000,2.488889,1.000000,61.313869,2.488889,3.000000,3.900911,7.000000,148.913043,0.557273,4.000000,2.690058,3.000000,99.459459,0.896686,3.000000,2.633452,4.000000,44.848485,0.658363,2.000000,6.238185,10.000000,97.980998,0.623819,3.000000,5.985640,4.000000,192.237443,1.496410,4.000000,3.213735,0.000000,31.533477,0.000000,4.000000,9.248901,21.000000,237.842466,0.440424,4.000000,4.046002,7.000000,89.433384,0.578000,3.000000,3.000000,2.000000,3.000000,-1.000000,,,,36.351578,40.770102,36.462457,-3.835084,-4.323358,0.488274,44.135300,14.940014,31.688446,-3.189872,-9.926423,0.155200,0.089654,,3.000000,,64.900991,100.000000,96.166056,0.046019,-0.271093,0.317112,37.260739,36.105905,17.310668,1.266316,1.025101,0.921328,0.030441,0.847821,0.410959,120.000000,179.750000,47.961957,0.971621,1.010310
2026-03-23T03:45:00Z,0.885135,no_impulse,0,HCLTECH,1h,-1.000000,98.152425,3.142329,6.000000,0.523722,0.533998,0.325839,-4.777826,3.307363,3.000000,67.445483,1.102454,3.000000,55.329623,57.514451,41.377649,1.000000,-0.115756,-0.088064,-0.027691,22.803302,32.246123,27.646217,0.902227,0.540350,-4.861201,0.647661,0.061657,4.674530,9.000000,136.886994,0.519392,8.000000,35.529185,1.734104,6.133590,0.000000,-0.276225,0.029114,-0.305339,25.103477,19.686795,37.287686,-1.962814,-2.423130,-8.128181,0.196724,0.063475,3.535620,3.000000,108.816705,1.178540,1.000000,66.783806,91.201983,92.456319,1.000000,0.401509,-0.130397,0.531906,31.305701,34.775769,18.407521,2.182046,1.902076,-3.879076,0.864789,0.061151,3.146904,0.000000,59.944367,0.000000,7.000000,66.932207,95.827538,70.692513,0.000000,-0.208007,-0.506603,0.298595,31.398482,35.000602,20.606986,2.614553,1.809313,-4.354526,1.204481,0.038110,5.540572,7.000000,179.750000,0.791510,7.000000,66.932207,95.827538,70.692513,1.000000,-0.208007,-0.506603,0.298595,31.398482,35.000602,20.606986,2.614553,1.809313,-4.354526,1.204481,0.038110,2.990207,2.000000,113.314448,1.495104,4.000000,38.902214,33.220339,42.098821,1.000000,-0.729101,-0.690864,-0.038237,31.024750,15.441829,32.480911,-1.038711,-2.167822,-8.794612,0.301388,0.051761,2.710381,2.000000,47.961957,1.355190,3.000000,45.167302,45.378151,23.290457,1.000000,-0.793329,-0.663581,-0.129748,32.063192,19.399328,25.016067,-0.260063,-1.383066,-7.972111,0.451388,0.053359,5.348837,24.000000,153.333333,0.222868,4.000000,26.092820,6.885246,8.952319,0.000000,-0.872348,-0.578276,-0.294072,31.580496,7.563315,31.071537,-2.200348,-3.320637,-10.032684,0.076195,0.050801,3.614458,14.000000,90.909091,0.258176,3.000000,3.823870,7.000000,109.316770,0.546267,4.000000,3.624765,5.000000,94.520548,0.724953,3.000000,3.693264,15.000000,152.083333,0.246218,4.000000,2.488889,1.000000,61.313869,2.488889,3.000000,3.900911,7.000000,148.913043,0.557273,4.000000,2.690058,3.000000,99.459459,0.896686,3.000000,2.633452,4.000000,44.848485,0.658363,2.000000,6.238185,10.000000,97.980998,0.623819,3.000000,5.985640,4.000000,192.237443,1.496410,4.000000,3.213735,0.000000,31.533477,0.000000,4.000000,9.248901,21.000000,237.842466,0.440424,4.000000,2.000000,1.000000,9.000000,-1.000000,,,,42.065975,72.241993,42.059120,-3.422610,-4.079818,0.657208,43.876807,13.521896,31.942377,-1.174960,-7.601462,0.342472,0.073721,,2.000000,,47.691979,72.727273,45.500928,0.004756,0.084383,-0.079627,22.727960,13.784764,33.384522,-0.169051,-0.123601,0.378867,0.013932,0.812124,0.845070,126.000000,179.750000,47.961957,0.986715,0.986284
2026-03-24T05:45:00Z,0.941892,no_impulse,0,HCLTECH,1h,1.000000,197.647059,6.412214,9.000000,0.712468,2.395033,2.877510,-1.276242,3.142329,6.000000,98.152425,0.523722,2.000000,53.419129,84.988453,65.231882,0.000000,0.030963,-0.027597,0.058560,18.219477,17.937230,30.540657,0.533998,0.325839,-4.777826,0.607680,0.049857,3.307363,3.000000,67.445483,1.102454,3.000000,55.329623,57.514451,41.377649,1.000000,-0.115756,-0.088064,-0.027691,22.803302,32.246123,27.646217,0.902227,0.540350,-4.861201,0.647661,0.061657,4.674530,9.000000,136.886994,0.519392,8.000000,35.529185,1.734104,6.133590,0.000000,-0.276225,0.029114,-0.305339,25.103477,19.686795,37.287686,-1.962814,-2.423130,-8.128181,0.196724,0.063475,3.535620,3.000000,108.816705,1.178540,1.000000,66.783806,91.201983,92.456319,1.000000,0.401509,-0.130397,0.531906,31.305701,34.775769,18.407521,2.182046,1.902076,-3.879076,0.864789,0.061151,3.146904,0.000000,59.944367,0.000000,7.000000,66.932207,95.827538,70.692513,0.000000,-0.208007,-0.506603,0.298595,31.398482,35.000602,20.606986,2.614553,1.809313,-4.354526,1.204481,0.038110,5.540572,7.000000,179.750000,0.791510,7.000000,66.932207,95.827538,70.692513,1.000000,-0.208007,-0.506603,0.298595,31.398482,35.000602,20.606986,2.614553,1.809313,-4.354526,1.204481,0.038110,2.990207,2.000000,113.314448,1.495104,4.000000,38.902214,33.220339,42.098821,1.000000,-0.729101,-0.690864,-0.038237,31.024750,15.441829,32.480911,-1.038711,-2.167822,-8.794612,0.301388,0.051761,2.710381,2.000000,47.961957,1.355190,3.000000,45.167302,45.378151,23.290457,1.000000,-0.793329,-0.663581,-0.129748,32.063192,19.399328,25.016067,-0.260063,-1.383066,-7.972111,0.451388,0.053359,5.348837,24.000000,153.333333,0.222868,4.000000,3.614458,14.000000,90.909091,0.258176,3.000000,3.823870,7.000000,109.316770,0.546267,4.000000,3.624765,5.000000,94.520548,0.724953,3.000000,3.693264,15.000000,152.083333,0.246218,4.000000,2.488889,1.000000,61.313869,2.488889,3.000000,3.900911,7.000000,148.913043,0.557273,4.000000,2.690058,3.000000,99.459459,0.896686,3.000000,2.633452,4.000000,44.848485,0.658363,2.000000,6.238185,10.000000,97.980998,0.623819,3.000000,5.985640,4.000000,192.237443,1.496410,4.000000,3.213735,0.000000,31.533477,0.000000,4.000000,1.000000,2.000000,18.000000,-1.000000,,,,45.194296,78.504673,63.838923,-2.996774,-3.828273,0.831499,42.572992,17.744333,29.970497,-0.083209,-6.196751,0.485761,0.058390,,2.000000,,77.747345,93.167702,84.652917,0.557898,0.456838,0.101060,26.777272,36.299976,12.057020,1.316610,2.052606,0.969761,0.028401,1.686927,1.285714,,179.750000,47.961957,1.013377,0.910099
2026-03-25T03:45:00Z,0.910811,no_impulse,0,HCLTECH,1h,-1.000000,54.761905,3.299857,5.000000,0.659971,1.039271,1.787667,-1.905412,6.412214,9.000000,197.647059,0.712468,1.000000,68.882615,93.571429,92.952381,0.000000,0.699724,0.388192,0.311532,16.517367,30.898201,16.924986,2.395033,2.877510,-1.276242,0.945190,0.055118,3.142329,6.000000,98.152425,0.523722,2.000000,53.419129,84.988453,65.231882,0.000000,0.030963,-0.027597,0.058560,18.219477,17.937230,30.540657,0.533998,0.325839,-4.777826,0.607680,0.049857,3.307363,3.000000,67.445483,1.102454,3.000000,55.329623,57.514451,41.377649,1.000000,-0.115756,-0.088064,-0.027691,22.803302,32.246123,27.646217,0.902227,0.540350,-4.861201,0.647661,0.061657,4.674530,9.000000,136.886994,0.519392,8.000000,35.529185,1.734104,6.133590,0.000000,-0.276225,0.029114,-0.305339,25.103477,19.686795,37.287686,-1.962814,-2.423130,-8.128181,0.196724,0.063475,3.535620,3.000000,108.816705,1.178540,1.000000,66.783806,91.201983,92.456319,1.000000,0.401509,-0.130397,0.531906,31.305701,34.775769,18.407521,2.182046,1.902076,-3.879076,0.864789,0.061151,3.146904,0.000000,59.944367,0.000000,7.000000,66.932207,95.827538,70.692513,0.000000,-0.208007,-0.506603,0.298595,31.398482,35.000602,20.606986,2.614553,1.809313,-4.354526,1.204481,0.038110,5.540572,7.000000,179.750000,0.791510,7.000000,66.932207,95.827538,70.692513,1.000000,-0.208007,-0.506603,0.298595,31.398482,35.000602,20.606986,2.614553,1.809313,-4.354526,1.204481,0.038110,2.990207,2.000000,113.314448,1.495104,4.000000,38.902214,33.220339,42.098821,1.000000,-0.729101,-0.690864,-0.038237,31.024750,15.441829,32.480911,-1.038711,-2.167822,-8.794612,0.301388,0.051761,2.710381,2.000000,47.961957,1.355190,3.000000,5.348837,24.000000,153.333333,0.222868,4.000000,3.614458,14.000000,90.909091,0.258176,3.000000,3.823870,7.000000,109.316770,0.546267,4.000000,3.624765,5.000000,94.520548,0.724953,3.000000,3.693264,15.000000,152.083333,0.246218,4.000000,2.488889,1.000000,61.313869,2.488889,3.000000,3.900911,7.000000,148.913043,0.557273,4.000000,2.690058,3.000000,99.459459,0.896686,3.000000,2.633452,4.000000,44.848485,0.658363,2.000000,6.238185,10.000000,97.980998,0.623819,3.000000,5.985640,4.000000,192.237443,1.496410,4.000000,2.000000,3.000000,23.000000,-1.000000,,,,46.875534,73.526825,74.757830,-2.596100,-3.564100,0.968001,40.787179,18.776432,26.781731,0.449157,-5.362807,0.574992,0.060164,,1.000000,,38.840200,37.360179,21.372603,0.085843,0.313985,-0.228143,26.270376,13.986456,34.982346,-0.849832,-0.254736,0.103461,0.021251,0.808611,0.769231,,197.647059,47.961957,1.301393,1.132504
2026-03-25T06:45:00Z,0.953649,no_impulse,0,HCLTECH,1h,1.000000,137.826087,4.703264,3.000000,1.567755,2.098703,3.128970,-0.116348,3.299857,5.000000,54.761905,0.659971,2.000000,60.924173,70.406190,74.063968,1.000000,0.758517,0.650983,0.107534,16.684113,20.668057,27.690539,1.039271,1.787667,-1.905412,0.714213,0.049025,6.412214,9.000000,197.647059,0.712468,1.000000,68.882615,93.571429,92.952381,0.000000,0.699724,0.388192,0.311532,16.517367,30.898201,16.924986,2.395033,2.877510,-1.276242,0.945190,0.055118,3.142329,6.000000,98.152425,0.523722,2.000000,53.419129,84.988453,65.231882,0.000000,0.030963,-0.027597,0.058560,18.219477,17.937230,30.540657,0.533998,0.325839,-4.777826,0.607680,0.049857,3.307363,3.000000,67.445483,1.102454,3.000000,55.329623,57.514451,41.377649,1.000000,-0.115756,-0.088064,-0.027691,22.803302,32.246123,27.646217,0.902227,0.540350,-4.861201,0.647661,0.061657,4.674530,9.000000,136.886994,0.519392,8.000000,35.529185,1.734104,6.133590,0.000000,-0.276225,0.029114,-0.305339,25.103477,19.686795,37.287686,-1.962814,-2.423130,-8.128181,0.196724,0.063475,3.535620,3.000000,108.816705,1.178540,1.000000,66.783806,91.201983,92.456319,1.000000,0.401509,-0.130397,0.531906,31.305701,34.775769,18.407521,2.182046,1.902076,-3.879076,0.864789,0.061151,3.146904,0.000000,59.944367,0.000000,7.000000,66.932207,95.827538,70.692513,0.000000,-0.208007,-0.506603,0.298595,31.398482,35.000602,20.606986,2.614553,1.809313,-4.354526,1.204481,0.038110,5.540572,7.000000,179.750000,0.791510,7.000000,66.932207,95.827538,70.692513,1.000000,-0.208007,-0.506603,0.298595,31.398482,35.000602,20.606986,2.614553,1.809313,-4.354526,1.204481,0.038110,2.990207,2.000000,113.314448,1.495104,4.000000,2.710381,2.000000,47.961957,1.355190,3.000000,5.348837,24.000000,153.333333,0.222868,4.000000,3.614458,14.000000,90.909091,0.258176,3.000000,3.823870,7.000000,109.316770,0.546267,4.000000,3.624765,5.000000,94.520548,0.724953,3.000000,3.693264,15.000000,152.083333,0.246218,4.000000,2.488889,1.000000,61.313869,2.488889,3.000000,3.900911,7.000000,148.913043,0.557273,4.000000,2.690058,3.000000,99.459459,0.896686,3.000000,2.633452,4.000000,44.848485,0.658363,2.000000,6.238185,10.000000,97.980998,0.623819,3.000000,1.000000,4.000000,26.000000,-1.000000,,,,46.875534,73.526825,74.757830,-2.596100,-3.564100,0.968001,40.787179,18.776432,26.781731,0.449157,-5.362807,0.574992,0.060164,,0.000000,,71.959641,99.289520,96.119207,0.506572,0.361165,0.145407,22.580511,29.060618,16.592935,1.104419,1.906312,0.841590,0.032693,1.213433,0.652174,,197.647059,47.961957,1.239405,1.116074
2026-03-27T03:45:00Z,0.929257,no_impulse,0,HCLTECH,1h,-1.000000,56.940063,2.557744,4.000000,0.639436,0.816128,1.884709,-1.040950,4.703264,3.000000,137.826087,1.567755,1.000000,69.871241,87.167449,94.431403,0.000000,0.990493,0.779532,0.210961,15.336641,31.308090,22.570814,2.098703,3.128970,-0.116348,0.867733,0.058295,3.299857,5.000000,54.761905,0.659971,2.000000,60.924173,70.406190,74.063968,1.000000,0.758517,0.650983,0.107534,16.684113,20.668057,27.690539,1.039271,1.787667,-1.905412,0.714213,0.049025,6.412214,9.000000,197.647059,0.712468,1.000000,68.882615,93.571429,92.952381,0.000000,0.699724,0.388192,0.311532,16.517367,30.898201,16.924986,2.395033,2.877510,-1.276242,0.945190,0.055118,3.142329,6.000000,98.152425,0.523722,2.000000,53.419129,84.988453,65.231882,0.000000,0.030963,-0.027597,0.058560,18.219477,17.937230,30.540657,0.533998,0.325839,-4.777826,0.607680,0.049857,3.307363,3.000000,67.445483,1.102454,3.000000,55.329623,57.514451,41.377649,1.000000,-0.115756,-0.088064,-0.027691,22.803302,32.246123,27.646217,0.902227,0.540350,-4.861201,0.647661,0.061657,4.674530,9.000000,136.886994,0.519392,8.000000,35.529185,1.734104,6.133590,0.000000,-0.276225,0.029114,-0.305339,25.103477,19.686795,37.287686,-1.962814,-2.423130,-8.128181,0.196724,0.063475,3.535620,3.000000,108.816705,1.178540,1.000000,66.783806,91.201983,92.456319,1.000000,0.401509,-0.130397,0.531906,31.305701,34.775769,18.407521,2.182046,1.902076,-3.879076,0.864789,0.061151,3.146904,0.000000,59.944367,0.000000,7.000000,66.932207,95.827538,70.692513,0.000000,-0.208007,-0.506603,0.298595,31.398482,35.000602,20.606986,2.614553,1.809313,-4.354526,1.204481,0.038110,5.540572,7.000000,179.750000,0.791510,7.000000,2.990207,2.000000,113.314448,1.495104,4.000000,2.710381,2.000000,47.961957,1.355190,3.000000,5.348837,24.000000,153.333333,0.222868,4.000000,3.614458,14.000000,90.909091,0.258176,3.000000,3.823870,7.000000,109.316770,0.546267,4.000000,3.624765,5.000000,94.520548,0.724953,3.000000,3.693264,15.000000,152.083333,0.246218,4.000000,2.488889,1.000000,61.313869,2.488889,3.000000,3.900911,7.000000,148.913043,0.557273,4.000000,2.690058,3.000000,99.459459,0.896686,3.000000,2.633452,4.000000,44.848485,0.658363,2.000000,2.000000,5.000000,30.000000,-1.000000,,,,43.817564,58.663149,70.231549,-2.393073,-3.365212,0.972139,39.128923,17.289114,24.660297,-0.709260,-6.406388,0.379820,0.058601,,1.000000,,57.238590,67.313019,31.663529,0.106909,0.231199,-0.124289,21.500801,28.227355,19.477789,0.551776,1.105299,0.766002,0.020858,0.627623,0.851064,,197.647059,54.761905,1.190410,1.295851
2026-03-27T03:45:00Z,0.950946,no_impulse,0,HCLTECH,1h,1.000000,88.919668,2.334036,0.000000,0.000000,0.816128,1.884709,-1.040950,2.557744,4.000000,56.940063,0.639436,2.000000,59.014570,65.772871,58.780231,1.000000,0.811267,0.837209,-0.025943,13.658695,32.239804,24.506813,0.816128,1.884709,-1.040950,0.688144,0.043735,4.703264,3.000000,137.826087,1.567755,1.000000,69.871241,87.167449,94.431403,0.000000,0.990493,0.779532,0.210961,15.336641,31.308090,22.570814,2.098703,3.128970,-0.116348,0.867733,0.058295,3.299857,5.000000,54.761905,0.659971,2.000000,60.924173,70.406190,74.063968,1.000000,0.758517,0.650983,0.107534,16.684113,20.668057,27.690539,1.039271,1.787667,-1.905412,0.714213,0.049025,6.412214,9.000000,197.647059,0.712468,1.000000,68.882615,93.571429,92.952381,0.000000,0.699724,0.388192,0.311532,16.517367,30.898201,16.924986,2.395033,2.877510,-1.276242,0.945190,0.055118,3.142329,6.000000,98.152425,0.523722,2.000000,53.419129,84.988453,65.231882,0.000000,0.030963,-0.027597,0.058560,18.219477,17.937230,30.540657,0.533998,0.325839,-4.777826,0.607680,0.049857,3.307363,3.000000,67.445483,1.102454,3.000000,55.329623,57.514451,41.377649,1.000000,-0.115756,-0.088064,-0.027691,22.803302,32.246123,27.646217,0.902227,0.540350,-4.861201,0.647661,0.061657,4.674530,9.000000,136.886994,0.519392,8.000000,35.529185,1.734104,6.133590,0.000000,-0.276225,0.029114,-0.305339,25.103477,19.686795,37.287686,-1.962814,-2.423130,-8.128181,0.196724,0.063475,3.535620,3.000000,108.816705,1.178540,1.000000,66.783806,91.201983,92.456319,1.000000,0.401509,-0.130397,0.531906,31.305701,34.775769,18.407521,2.182046,1.902076,-3.879076,0.864789,0.061151,3.146904,0.000000,59.944367,0.000000,7.000000,5.540572,7.000000,179.750000,0.791510,7.000000,2.990207,2.000000,113.314448,1.495104,4.000000,2.710381,2.000000,47.961957,1.355190,3.000000,5.348837,24.000000,153.333333,0.222868,4.000000,3.614458,14.000000,90.909091,0.258176,3.000000,3.823870,7.000000,109.316770,0.546267,4.000000,3.624765,5.000000,94.520548,0.724953,3.000000,3.693264,15.000000,152.083333,0.246218,4.000000,2.488889,1.000000,61.313869,2.488889,3.000000,3.900911,7.000000,148.913043,0.557273,4.000000,2.690058,3.000000,99.459459,0.896686,3.000000,2.000000,6.000000,30.000000,-1.000000,,,,43.817564,58.663149,70.231549,-2.393073,-3.365212,0.972139,39.128923,17.289114,24.660297,-0.709260,-6.406388,0.379820,0.058601,,0.000000,,57.238590,67.313019,31.663529,0.106909,0.231199,-0.124289,21.500801,28.227355,19.477789,0.551776,1.105299,0.766002,0.020858,0.578872,0.000000,,197.647059,54.761905,1.240990,0.821096
2026-03-30T08:45:00Z,0.902838,no_impulse,0,HCLTECH,1h,-1.000000,221.806854,5.058974,12.000000,0.421581,-1.513759,-1.443062,-4.243493,2.334036,0.000000,88.919668,0.000000,2.000000,59.014570,65.772871,58.780231,0.000000,0.811267,0.837209,-0.025943,13.658695,32.239804,24.506813,0.816128,1.884709,-1.040950,0.688144,0.043735,2.557744,4.000000,56.940063,0.639436,2.000000,59.014570,65.772871,58.780231,1.000000,0.811267,0.837209,-0.025943,13.658695,32.239804,24.506813,0.816128,1.884709,-1.040950,0.688144,0.043735,4.703264,3.000000,137.826087,1.567755,1.000000,69.871241,87.167449,94.431403,0.000000,0.990493,0.779532,0.210961,15.336641,31.308090,22.570814,2.098703,3.128970,-0.116348,0.867733,0.058295,3.299857,5.000000,54.761905,0.659971,2.000000,60.924173,70.406190,74.063968,1.000000,0.758517,0.650983,0.107534,16.684113,20.668057,27.690539,1.039271,1.787667,-1.905412,0.714213,0.049025,6.412214,9.000000,197.647059,0.712468,1.000000,68.882615,93.571429,92.952381,0.000000,0.699724,0.388192,0.311532,16.517367,30.898201,16.924986,2.395033,2.877510,-1.276242,0.945190,0.055118,3.142329,6.000000,98.152425,0.523722,2.000000,53.419129,84.988453,65.231882,0.000000,0.030963,-0.027597,0.058560,18.219477,17.937230,30.540657,0.533998,0.325839,-4.777826,0.607680,0.049857,3.307363,3.000000,67.445483,1.102454,3.000000,55.329623,57.514451,41.377649,1.000000,-0.115756,-0.088064,-0.027691,22.803302,32.246123,27.646217,0.902227,0.540350,-4.861201,0.647661,0.061657,4.674530,9.000000,136.886994,0.519392,8.000000,35.529185,1.734104,6.133590,0.000000,-0.276225,0.029114,-0.305339,25.103477,19.686795,37.287686,-1.962814,-2.423130,-8.128181,0.196724,0.063475,3.535620,3.000000,108.816705,1.178540,1.000000,3.146904,0.000000,59.944367,0.000000,7.000000,5.540572,7.000000,179.750000,0.791510,7.000000,2.990207,2.000000,113.314448,1.495104,4.000000,2.710381,2.000000,47.961957,1.355190,3.000000,5.348837,24.000000,153.333333,0.222868,4.000000,3.614458,14.000000,90.909091,0.258176,3.000000,3.823870,7.000000,109.316770,0.546267,4.000000,3.624765,5.000000,94.520548,0.724953,3.000000,3.693264,15.000000,152.083333,0.246218,4.000000,2.488889,1.000000,61.313869,2.488889,3.000000,3.900911,7.000000,148.913043,0.557273,4.000000,4.000000,1.000000,42.000000,-1.000000,,,,40.024056,38.610378,56.933451,-2.354186,-3.208759,0.854573,38.128360,16.457391,27.499925,-2.190227,-7.892579,0.129597,0.057864,,2.000000,,34.037672,12.440191,6.188198,-0.456242,-0.450264,-0.005978,28.834199,13.304510,30.344036,-0.774347,-1.559421,-0.002767,0.015283,1.363096,2.857143,,197.647059,54.761905,1.222014,0.746441
2026-04-01T03:45:00Z,0.945743,no_impulse,0,HCLTECH,1h,1.000000,89.185393,4.752283,2.000000,2.376141,1.293716,1.369361,-1.292120,5.058974,12.000000,221.806854,0.421581,4.000000,37.789474,8.426966,9.154240,1.000000,-0.460226,-0.066964,-0.393262,14.780710,18.851560,32.774683,-1.513759,-1.443062,-4.243493,0.246012,0.058711,2.334036,0.000000,88.919668,0.000000,2.000000,59.014570,65.772871,58.780231,0.000000,0.811267,0.837209,-0.025943,13.658695,32.239804,24.506813,0.816128,1.884709,-1.040950,0.688144,0.043735,2.557744,4.000000,56.940063,0.639436,2.000000,59.014570,65.772871,58.780231,1.000000,0.811267,0.837209,-0.025943,13.658695,32.239804,24.506813,0.816128,1.884709,-1.040950,0.688144,0.043735,4.703264,3.000000,137.826087,1.567755,1.000000,69.871241,87.167449,94.431403,0.000000,0.990493,0.779532,0.210961,15.336641,31.308090,22.570814,2.098703,3.128970,-0.116348,0.867733,0.058295,3.299857,5.000000,54.761905,0.659971,2.000000,60.924173,70.406190,74.063968,1.000000,0.758517,0.650983,0.107534,16.684113,20.668057,27.690539,1.039271,1.787667,-1.905412,0.714213,0.049025,6.412214,9.000000,197.647059,0.712468,1.000000,68.882615,93.571429,92.952381,0.000000,0.699724,0.388192,0.311532,16.517367,30.898201,16.924986,2.395033,2.877510,-1.276242,0.945190,0.055118,3.142329,6.000000,98.152425,0.523722,2.000000,53.419129,84.988453,65.231882,0.000000,0.030963,-0.027597,0.058560,18.219477,17.937230,30.540657,0.533998,0.325839,-4.777826,0.607680,0.049857,3.307363,3.000000,67.445483,1.102454,3.000000,55.329623,57.514451,41.377649,1.000000,-0.115756,-0.088064,-0.027691,22.803302,32.246123,27.646217,0.902227,0.540350,-4.861201,0.647661,0.061657,4.674530,9.000000,136.886994,0.519392,8.000000,3.535620,3.000000,108.816705,1.178540,1.000000,3.146904,0.000000,59.944367,0.000000,7.000000,5.540572,7.000000,179.750000,0.791510,7.000000,2.990207,2.000000,113.314448,1.495104,4.000000,2.710381,2.000000,47.961957,1.355190,3.000000,5.348837,24.000000,153.333333,0.222868,4.000000,3.614458,14.000000,90.909091,0.258176,3.000000,3.823870,7.000000,109.316770,0.546267,4.000000,3.624765,5.000000,94.520548,0.724953,3.000000,3.693264,15.000000,152.083333,0.246218,4.000000,2.488889,1.000000,61.313869,2.488889,3.000000,3.000000,2.000000,44.000000,-1.000000,,,,43.007189,49.868074,49.047200,-2.168231,-2.976394,0.808163,35.905502,21.593007,24.847736,-1.107845,-6.603395,0.292027,0.052685,,1.000000,,69.153913,69.763780,44.848796,-0.169452,-0.377258,0.207806,29.959262,49.372956,16.556972,2.094922,1.495314,1.293141,0.026978,1.217724,0.370370,,221.806854,54.761905,1.272427,0.690290
2026-04-02T03:45:00Z,0.906216,no_impulse,0,HCLTECH,1h,-1.000000,92.125984,4.179467,7.000000,0.597067,-0.824140,-0.843913,-3.395223,4.752283,2.000000,89.185393,2.376141,3.000000,57.678175,69.921260,30.282742,1.000000,-0.303979,-0.180078,-0.123902,15.985314,38.257246,23.874614,1.293716,1.369361,-1.292120,0.721540,0.059162,5.058974,12.000000,221.806854,0.421581,4.000000,37.789474,8.426966,9.154240,1.000000,-0.460226,-0.066964,-0.393262,14.780710,18.851560,32.774683,-1.513759,-1.443062,-4.243493,0.246012,0.058711,2.334036,0.000000,88.919668,0.000000,2.000000,59.014570,65.772871,58.780231,0.000000,0.811267,0.837209,-0.025943,13.658695,32.239804,24.506813,0.816128,1.884709,-1.040950,0.688144,0.043735,2.557744,4.000000,56.940063,0.639436,2.000000,59.014570,65.772871,58.780231,1.000000,0.811267,0.837209,-0.025943,13.658695,32.239804,24.506813,0.816128,1.884709,-1.040950,0.688144,0.043735,4.703264,3.000000,137.826087,1.567755,1.000000,69.871241,87.167449,94.431403,0.000000,0.990493,0.779532,0.210961,15.336641,31.308090,22.570814,2.098703,3.128970,-0.116348,0.867733,0.058295,3.299857,5.000000,54.761905,0.659971,2.000000,60.924173,70.406190,74.063968,1.000000,0.758517,0.650983,0.107534,16.684113,20.668057,27.690539,1.039271,1.787667,-1.905412,0.714213,0.049025,6.412214,9.000000,197.647059,0.712468,1.000000,68.882615,93.571429,92.952381,0.000000,0.699724,0.388192,0.311532,16.517367,30.898201,16.924986,2.395033,2.877510,-1.276242,0.945190,0.055118,3.142329,6.000000,98.152425,0.523722,2.000000,53.419129,84.988453,65.231882,0.000000,0.030963,-0.027597,0.058560,18.219477,17.937230,30.540657,0.533998,0.325839,-4.777826,0.607680,0.049857,3.307363,3.000000,67.445483,1.102454,3.000000,4.674530,9.000000,136.886994,0.519392,8.000000,3.535620,3.000000,108.816705,1.178540,1.000000,3.146904,0.000000,59.944367,0.000000,7.000000,5.540572,7.000000,179.750000,0.791510,7.000000,2.990207,2.000000,113.314448,1.495104,4.000000,2.710381,2.000000,47.961957,1.355190,3.000000,5.348837,24.000000,153.333333,0.222868,4.000000,3.614458,14.000000,90.909091,0.258176,3.000000,3.823870,7.000000,109.316770,0.546267,4.000000,3.624765,5.000000,94.520548,0.724953,3.000000,3.693264,15.000000,152.083333,0.246218,4.000000,2.000000,1.000000,51.000000,-1.000000,,,,52.507233,90.790617,59.756356,-1.674626,-2.634870,0.960244,33.474494,21.218901,22.028224,2.116102,-2.852915,0.856456,0.060649,,0.000000,,44.888031,44.186047,25.012090,-0.198100,-0.105930,-0.092170,25.466295,14.179722,30.766070,-0.224565,-0.429305,0.419544,0.027849,1.038568,1.320755,,221.806854,54.761905,1.291463,1.150028
2026-04-07T03:45:00Z,0.968108,no_impulse,0,HCLTECH,1h,1.000000,156.581197,6.829705,14.000000,0.487836,2.684716,3.724103,2.458578,4.179467,7.000000,92.125984,0.597067,2.000000,43.233360,21.889764,25.826772,1.000000,-0.247024,-0.175854,-0.071170,12.446084,24.347043,28.449912,-0.824140,-0.843913,-3.395223,0.293882,0.039657,4.752283,2.000000,89.185393,2.376141,3.000000,57.678175,69.921260,30.282742,1.000000,-0.303979,-0.180078,-0.123902,15.985314,38.257246,23.874614,1.293716,1.369361,-1.292120,0.721540,0.059162,5.058974,12.000000,221.806854,0.421581,4.000000,37.789474,8.426966,9.154240,1.000000,-0.460226,-0.066964,-0.393262,14.780710,18.851560,32.774683,-1.513759,-1.443062,-4.243493,0.246012,0.058711,2.334036,0.000000,88.919668,0.000000,2.000000,59.014570,65.772871,58.780231,0.000000,0.811267,0.837209,-0.025943,13.658695,32.239804,24.506813,0.816128,1.884709,-1.040950,0.688144,0.043735,2.557744,4.000000,56.940063,0.639436,2.000000,59.014570,65.772871,58.780231,1.000000,0.811267,0.837209,-0.025943,13.658695,32.239804,24.506813,0.816128,1.884709,-1.040950,0.688144,0.043735,4.703264,3.000000,137.826087,1.567755,1.000000,69.871241,87.167449,94.431403,0.000000,0.990493,0.779532,0.210961,15.336641,31.308090,22.570814,2.098703,3.128970,-0.116348,0.867733,0.058295,3.299857,5.000000,54.761905,0.659971,2.000000,60.924173,70.406190,74.063968,1.000000,0.758517,0.650983,0.107534,16.684113,20.668057,27.690539,1.039271,1.787667,-1.905412,0.714213,0.049025,6.412214,9.000000,197.647059,0.712468,1.000000,68.882615,93.571429,92.952381,0.000000,0.699724,0.388192,0.311532,16.517367,30.898201,16.924986,2.395033,2.877510,-1.276242,0.945190,0.055118,3.142329,6.000000,98.152425,0.523722,2.000000,3.307363,3.000000,67.445483,1.102454,3.000000,4.674530,9.000000,136.886994,0.519392,8.000000,3.535620,3.000000,108.816705,1.178540,1.000000,3.146904,0.000000,59.944367,0.000000,7.000000,5.540572,7.000000,179.750000,0.791510,7.000000,2.990207,2.000000,113.314448,1.495104,4.000000,2.710381,2.000000,47.961957,1.355190,3.000000,5.348837,24.000000,153.333333,0.222868,4.000000,3.614458,14.000000,90.909091,0.258176,3.000000,3.823870,7.000000,109.316770,0.546267,4.000000,3.624765,5.000000,94.520548,0.724953,3.000000,1.000000,2.000000,65.000000,-1.000000,,,,59.023660,96.706989,90.749603,-0.787911,-2.003311,1.215400,29.745094,23.616591,19.064334,4.151092,0.061452,0.996555,0.087218,,3.000000,,58.606419,83.076923,37.110872,0.177306,0.273837,-0.096531,25.028620,14.437332,24.686771,0.358441,1.026859,0.892830,0.009157,1.718271,2.745098,,221.806854,54.761905,1.273125,1.458120
2026-04-07T03:45:00Z,0.937905,no_impulse,0,HCLTECH,1h,-1.000000,48.799127,3.119765,0.000000,0.000000,2.684716,3.724103,2.458578,6.829705,14.000000,156.581197,0.487836,1.000000,70.892760,98.465171,82.801173,1.000000,0.912495,0.683815,0.228679,24.320171,36.240564,13.171602,2.684716,3.724103,2.458578,0.900722,0.068845,4.179467,7.000000,92.125984,0.597067,2.000000,43.233360,21.889764,25.826772,1.000000,-0.247024,-0.175854,-0.071170,12.446084,24.347043,28.449912,-0.824140,-0.843913,-3.395223,0.293882,0.039657,4.752283,2.000000,89.185393,2.376141,3.000000,57.678175,69.921260,30.282742,1.000000,-0.303979,-0.180078,-0.123902,15.985314,38.257246,23.874614,1.293716,1.369361,-1.292120,0.721540,0.059162,5.058974,12.000000,221.806854,0.421581,4.000000,37.789474,8.426966,9.154240,1.000000,-0.460226,-0.066964,-0.393262,14.780710,18.851560,32.774683,-1.513759,-1.443062,-4.243493,0.246012,0.058711,2.334036,0.000000,88.919668,0.000000,2.000000,59.014570,65.772871,58.780231,0.000000,0.811267,0.837209,-0.025943,13.658695,32.239804,24.506813,0.816128,1.884709,-1.040950,0.688144,0.043735,2.557744,4.000000,56.940063,0.639436,2.000000,59.014570,65.772871,58.780231,1.000000,0.811267,0.837209,-0.025943,13.658695,32.239804,24.506813,0.816128,1.884709,-1.040950,0.688144,0.043735,4.703264,3.000000,137.826087,1.567755,1.000000,69.871241,87.167449,94.431403,0.000000,0.990493,0.779532,0.210961,15.336641,31.308090,22.570814,2.098703,3.128970,-0.116348,0.867733,0.058295,3.299857,5.000000,54.761905,0.659971,2.000000,60.924173,70.406190,74.063968,1.000000,0.758517,0.650983,0.107534,16.684113,20.668057,27.690539,1.039271,1.787667,-1.905412,0.714213,0.049025,6.412214,9.000000,197.647059,0.712468,1.000000,3.142329,6.000000,98.152425,0.523722,2.000000,3.307363,3.000000,67.445483,1.102454,3.000000,4.674530,9.000000,136.886994,0.519392,8.000000,3.535620,3.000000,108.816705,1.178540,1.000000,3.146904,0.000000,59.944367,0.000000,7.000000,5.540572,7.000000,179.750000,0.791510,7.000000,2.990207,2.000000,113.314448,1.495104,4.000000,2.710381,2.000000,47.961957,1.355190,3.000000,5.348837,24.000000,153.333333,0.222868,4.000000,3.614458,14.000000,90.909091,0.258176,3.000000,3.823870,7.000000,109.316770,0.546267,4.000000,1.000000,3.000000,65.000000,-1.000000,,,,59.023660,96.706989,90.749603,-0.787911,-2.003311,1.215400,29.745094,23.616591,19.064334,4.151092,0.061452,0.996555,0.087218,,0.000000,,58.606419,83.076923,37.110872,0.177306,0.273837,-0.096531,25.028620,14.437332,24.686771,0.358441,1.026859,0.892830,0.009157,0.721002,0.000000,,221.806854,54.761905,1.529425,1.583946
2026-04-09T08:45:00Z,0.992568,no_impulse,0,HCLTECH,1h,1.000000,180.984340,5.828110,19.000000,0.306743,1.607406,3.402017,4.125065,3.119765,0.000000,48.799127,0.000000,1.000000,70.892760,98.465171,82.801173,0.000000,0.912495,0.683815,0.228679,24.320171,36.240564,13.171602,2.684716,3.724103,2.458578,0.900722,0.068845,6.829705,14.000000,156.581197,0.487836,1.000000,70.892760,98.465171,82.801173,1.000000,0.912495,0.683815,0.228679,24.320171,36.240564,13.171602,2.684716,3.724103,2.458578,0.900722,0.068845,4.179467,7.000000,92.125984,0.597067,2.000000,43.233360,21.889764,25.826772,1.000000,-0.247024,-0.175854,-0.071170,12.446084,24.347043,28.449912,-0.824140,-0.843913,-3.395223,0.293882,0.039657,4.752283,2.000000,89.185393,2.376141,3.000000,57.678175,69.921260,30.282742,1.000000,-0.303979,-0.180078,-0.123902,15.985314,38.257246,23.874614,1.293716,1.369361,-1.292120,0.721540,0.059162,5.058974,12.000000,221.806854,0.421581,4.000000,37.789474,8.426966,9.154240,1.000000,-0.460226,-0.066964,-0.393262,14.780710,18.851560,32.774683,-1.513759,-1.443062,-4.243493,0.246012,0.058711,2.334036,0.000000,88.919668,0.000000,2.000000,59.014570,65.772871,58.780231,0.000000,0.811267,0.837209,-0.025943,13.658695,32.239804,24.506813,0.816128,1.884709,-1.040950,0.688144,0.043735,2.557744,4.000000,56.940063,0.639436,2.000000,59.014570,65.772871,58.780231,1.000000,0.811267,0.837209,-0.025943,13.658695,32.239804,24.506813,0.816128,1.884709,-1.040950,0.688144,0.043735,4.703264,3.000000,137.826087,1.567755,1.000000,69.871241,87.167449,94.431403,0.000000,0.990493,0.779532,0.210961,15.336641,31.308090,22.570814,2.098703,3.128970,-0.116348,0.867733,0.058295,3.299857,5.000000,54.761905,0.659971,2.000000,6.412214,9.000000,197.647059,0.712468,1.000000,3.142329,6.000000,98.152425,0.523722,2.000000,3.307363,3.000000,67.445483,1.102454,3.000000,4.674530,9.000000,136.886994,0.519392,8.000000,3.535620,3.000000,108.816705,1.178540,1.000000,3.146904,0.000000,59.944367,0.000000,7.000000,5.540572,7.000000,179.750000,0.791510,7.000000,2.990207,2.000000,113.314448,1.495104,4.000000,2.710381,2.000000,47.961957,1.355190,3.000000,5.348837,24.000000,153.333333,0.222868,4.000000,3.614458,14.000000,90.909091,0.258176,3.000000,1.000000,4.000000,84.000000,-1.000000,,,,59.119304,88.861076,94.441495,0.387716,-0.955355,1.343071,26.865707,22.805428,18.257752,3.410048,0.580833,0.764842,0.133303,,4.000000,,59.085107,84.018265,80.060883,0.178587,0.139504,0.039083,18.293047,19.399032,16.558480,0.292862,0.710245,0.644728,0.020295,1.347624,3.392857,,221.806854,48.799127,1.531383,1.163326
2026-04-10T05:45:00Z,0.960203,no_impulse,0,HCLTECH,1h,-1.000000,59.208900,3.260722,4.000000,0.815180,-0.870026,0.635925,1.521544,5.828110,19.000000,180.984340,0.306743,1.000000,67.305909,91.105121,79.341981,0.000000,0.995696,1.057564,-0.061869,42.895167,35.324836,10.768161,1.607406,3.402017,4.125065,1.143323,0.025394,3.119765,0.000000,48.799127,0.000000,1.000000,70.892760,98.465171,82.801173,0.000000,0.912495,0.683815,0.228679,24.320171,36.240564,13.171602,2.684716,3.724103,2.458578,0.900722,0.068845,6.829705,14.000000,156.581197,0.487836,1.000000,70.892760,98.465171,82.801173,1.000000,0.912495,0.683815,0.228679,24.320171,36.240564,13.171602,2.684716,3.724103,2.458578,0.900722,0.068845,4.179467,7.000000,92.125984,0.597067,2.000000,43.233360,21.889764,25.826772,1.000000,-0.247024,-0.175854,-0.071170,12.446084,24.347043,28.449912,-0.824140,-0.843913,-3.395223,0.293882,0.039657,4.752283,2.000000,89.185393,2.376141,3.000000,57.678175,69.921260,30.282742,1.000000,-0.303979,-0.180078,-0.123902,15.985314,38.257246,23.874614,1.293716,1.369361,-1.292120,0.721540,0.059162,5.058974,12.000000,221.806854,0.421581,4.000000,37.789474,8.426966,9.154240,1.000000,-0.460226,-0.066964,-0.393262,14.780710,18.851560,32.774683,-1.513759,-1.443062,-4.243493,0.246012,0.058711,2.334036,0.000000,88.919668,0.000000,2.000000,59.014570,65.772871,58.780231,0.000000,0.811267,0.837209,-0.025943,13.658695,32.239804,24.506813,0.816128,1.884709,-1.040950,0.688144,0.043735,2.557744,4.000000,56.940063,0.639436,2.000000,59.014570,65.772871,58.780231,1.000000,0.811267,0.837209,-0.025943,13.658695,32.239804,24.506813,0.816128,1.884709,-1.040950,0.688144,0.043735,4.703264,3.000000,137.826087,1.567755,1.000000,3.299857,5.000000,54.761905,0.659971,2.000000,6.412214,9.000000,197.647059,0.712468,1.000000,3.142329,6.000000,98.152425,0.523722,2.000000,3.307363,3.000000,67.445483,1.102454,3.000000,4.674530,9.000000,136.886994,0.519392,8.000000,3.535620,3.000000,108.816705,1.178540,1.000000,3.146904,0.000000,59.944367,0.000000,7.000000,5.540572,7.000000,179.750000,0.791510,7.000000,2.990207,2.000000,113.314448,1.495104,4.000000,2.710381,2.000000,47.961957,1.355190,3.000000,5.348837,24.000000,153.333333,0.222868,4.000000,2.000000,5.000000,88.000000,-1.000000,,,,59.119304,88.861076,94.441495,0.387716,-0.955355,1.343071,26.865707,22.805428,18.257752,3.410048,0.580833,0.764842,0.133303,,3.000000,,33.227007,2.407002,7.512764,-0.444334,-0.217818,-0.226516,32.516568,10.283730,32.167472,-1.175935,-1.344181,0.204394,0.039318,0.764294,0.606061,,221.806854,48.799127,1.451997,1.127717
2026-04-10T08:45:00Z,0.982568,no_impulse,0,HCLTECH,1h,1.000000,69.102296,2.329182,3.000000,0.776394,0.622061,1.979477,2.971671,3.260722,4.000000,59.208900,0.815180,2.000000,46.180835,15.031315,16.972510,1.000000,0.518697,0.869964,-0.351267,35.286934,24.496100,25.952455,-0.870026,0.635925,1.521544,0.217591,0.030542,5.828110,19.000000,180.984340,0.306743,1.000000,67.305909,91.105121,79.341981,0.000000,0.995696,1.057564,-0.061869,42.895167,35.324836,10.768161,1.607406,3.402017,4.125065,1.143323,0.025394,3.119765,0.000000,48.799127,0.000000,1.000000,70.892760,98.465171,82.801173,0.000000,0.912495,0.683815,0.228679,24.320171,36.240564,13.171602,2.684716,3.724103,2.458578,0.900722,0.068845,6.829705,14.000000,156.581197,0.487836,1.000000,70.892760,98.465171,82.801173,1.000000,0.912495,0.683815,0.228679,24.320171,36.240564,13.171602,2.684716,3.724103,2.458578,0.900722,0.068845,4.179467,7.000000,92.125984,0.597067,2.000000,43.233360,21.889764,25.826772,1.000000,-0.247024,-0.175854,-0.071170,12.446084,24.347043,28.449912,-0.824140,-0.843913,-3.395223,0.293882,0.039657,4.752283,2.000000,89.185393,2.376141,3.000000,57.678175,69.921260,30.282742,1.000000,-0.303979,-0.180078,-0.123902,15.985314,38.257246,23.874614,1.293716,1.369361,-1.292120,0.721540,0.059162,5.058974,12.000000,221.806854,0.421581,4.000000,37.789474,8.426966,9.154240,1.000000,-0.460226,-0.066964,-0.393262,14.780710,18.851560,32.774683,-1.513759,-1.443062,-4.243493,0.246012,0.058711,2.334036,0.000000,88.919668,0.000000,2.000000,59.014570,65.772871,58.780231,0.000000,0.811267,0.837209,-0.025943,13.658695,32.239804,24.506813,0.816128,1.884709,-1.040950,0.688144,0.043735,2.557744,4.000000,56.940063,0.639436,2.000000,4.703264,3.000000,137.826087,1.567755,1.000000,3.299857,5.000000,54.761905,0.659971,2.000000,6.412214,9.000000,197.647059,0.712468,1.000000,3.142329,6.000000,98.152425,0.523722,2.000000,3.307363,3.000000,67.445483,1.102454,3.000000,4.674530,9.000000,136.886994,0.519392,8.000000,3.535620,3.000000,108.816705,1.178540,1.000000,3.146904,0.000000,59.944367,0.000000,7.000000,5.540572,7.000000,179.750000,0.791510,7.000000,2.990207,2.000000,113.314448,1.495104,4.000000,2.710381,2.000000,47.961957,1.355190,3.000000,3.000000,1.000000,91.000000,-1.000000,,,,59.119304,88.861076,94.441495,0.387716,-0.955355,1.343071,26.865707,22.805428,18.257752,3.410048,0.580833,0.764842,0.133303,,1.000000,,52.238308,87.878788,91.919192,-0.056664,-0.196024,0.139359,22.005354,22.830311,22.026975,0.178990,0.037673,0.592002,0.019490,0.546447,0.461538,,221.806854,48.799127,1.454941,0.774586
2026-04-13T03:45:00Z,0.957770,no_impulse,0,HCLTECH,1h,-1.000000,110.876133,2.523724,2.000000,1.261862,-0.953681,0.299129,1.357241,2.329182,3.000000,69.102296,0.776394,3.000000,56.881025,62.004175,48.643006,1.000000,0.425070,0.647364,-0.222294,30.896714,32.761766,21.877873,0.622061,1.979477,2.971671,0.706455,0.030319,3.260722,4.000000,59.208900,0.815180,2.000000,46.180835,15.031315,16.972510,1.000000,0.518697,0.869964,-0.351267,35.286934,24.496100,25.952455,-0.870026,0.635925,1.521544,0.217591,0.030542,5.828110,19.000000,180.984340,0.306743,1.000000,67.305909,91.105121,79.341981,0.000000,0.995696,1.057564,-0.061869,42.895167,35.324836,10.768161,1.607406,3.402017,4.125065,1.143323,0.025394,3.119765,0.000000,48.799127,0.000000,1.000000,70.892760,98.465171,82.801173,0.000000,0.912495,0.683815,0.228679,24.320171,36.240564,13.171602,2.684716,3.724103,2.458578,0.900722,0.068845,6.829705,14.000000,156.581197,0.487836,1.000000,70.892760,98.465171,82.801173,1.000000,0.912495,0.683815,0.228679,24.320171,36.240564,13.171602,2.684716,3.724103,2.458578,0.900722,0.068845,4.179467,7.000000,92.125984,0.597067,2.000000,43.233360,21.889764,25.826772,1.000000,-0.247024,-0.175854,-0.071170,12.446084,24.347043,28.449912,-0.824140,-0.843913,-3.395223,0.293882,0.039657,4.752283,2.000000,89.185393,2.376141,3.000000,57.678175,69.921260,30.282742,1.000000,-0.303979,-0.180078,-0.123902,15.985314,38.257246,23.874614,1.293716,1.369361,-1.292120,0.721540,0.059162,5.058974,12.000000,221.806854,0.421581,4.000000,37.789474,8.426966,9.154240,1.000000,-0.460226,-0.066964,-0.393262,14.780710,18.851560,32.774683,-1.513759,-1.443062,-4.243493,0.246012,0.058711,2.334036,0.000000,88.919668,0.000000,2.000000,2.557744,4.000000,56.940063,0.639436,2.000000,4.703264,3.000000,137.826087,1.567755,1.000000,3.299857,5.000000,54.761905,0.659971,2.000000,6.412214,9.000000,197.647059,0.712468,1.000000,3.142329,6.000000,98.152425,0.523722,2.000000,3.307363,3.000000,67.445483,1.102454,3.000000,4.674530,9.000000,136.886994,0.519392,8.000000,3.535620,3.000000,108.816705,1.178540,1.000000,3.146904,0.000000,59.944367,0.000000,7.000000,5.540572,7.000000,179.750000,0.791510,7.000000,2.990207,2.000000,113.314448,1.495104,4.000000,4.000000,2.000000,93.000000,-1.000000,,,,59.119304,88.861076,94.441495,0.387716,-0.955355,1.343071,26.865707,22.805428,18.257752,3.410048,0.580833,0.764842,0.133303,,1.000000,,35.229744,2.114804,61.545853,-0.011966,-0.040994,0.029028,21.914899,20.676720,40.841880,-1.283325,-1.360449,0.021493,0.026480,0.627012,0.307692,,221.806854,48.799127,1.564575,0.808130
