timestamp,price,label,direction,symbol,timeframe,curr_direction,curr_retrace_pct,curr_leg_size_pct,curr_leg_duration,curr_leg_speed,curr_ema20_dist,curr_ema50_dist,curr_ema200_dist,p1_leg_size_pct,p1_leg_duration,p1_retrace_pct,p1_leg_speed,p1_trend_state,p1_rsi,p1_stoch_k,p1_stoch_d,p1_stoch_cross,p1_macd_line,p1_macd_signal,p1_macd_hist,p1_adx,p1_plus_di,p1_minus_di,p1_ema20_dist,p1_ema50_dist,p1_ema200_dist,p1_bb_position,p1_bb_bandwidth,p2_leg_size_pct,p2_leg_duration,p2_retrace_pct,p2_leg_speed,p2_trend_state,p2_rsi,p2_stoch_k,p2_stoch_d,p2_stoch_cross,p2_macd_line,p2_macd_signal,p2_macd_hist,p2_adx,p2_plus_di,p2_minus_di,p2_ema20_dist,p2_ema50_dist,p2_ema200_dist,p2_bb_position,p2_bb_bandwidth,p3_leg_size_pct,p3_leg_duration,p3_retrace_pct,p3_leg_speed,p3_trend_state,p3_rsi,p3_stoch_k,p3_stoch_d,p3_stoch_cross,p3_macd_line,p3_macd_signal,p3_macd_hist,p3_adx,p3_plus_di,p3_minus_di,p3_ema20_dist,p3_ema50_dist,p3_ema200_dist,p3_bb_position,p3_bb_bandwidth,p4_leg_size_pct,p4_leg_duration,p4_retrace_pct,p4_leg_speed,p4_trend_state,p4_rsi,p4_stoch_k,p4_stoch_d,p4_stoch_cross,p4_macd_line,p4_macd_signal,p4_macd_hist,p4_adx,p4_plus_di,p4_minus_di,p4_ema20_dist,p4_ema50_dist,p4_ema200_dist,p4_bb_position,p4_bb_bandwidth,p5_leg_size_pct,p5_leg_duration,p5_retrace_pct,p5_leg_speed,p5_trend_state,p5_rsi,p5_stoch_k,p5_stoch_d,p5_stoch_cross,p5_macd_line,p5_macd_signal,p5_macd_hist,p5_adx,p5_plus_di,p5_minus_di,p5_ema20_dist,p5_ema50_dist,p5_ema200_dist,p5_bb_position,p5_bb_bandwidth,p6_leg_size_pct,p6_leg_duration,p6_retrace_pct,p6_leg_speed,p6_trend_state,p6_rsi,p6_stoch_k,p6_stoch_d,p6_stoch_cross,p6_macd_line,p6_macd_signal,p6_macd_hist,p6_adx,p6_plus_di,p6_minus_di,p6_ema20_dist,p6_ema50_dist,p6_ema200_dist,p6_bb_position,p6_bb_bandwidth,p7_leg_size_pct,p7_leg_duration,p7_retrace_pct,p7_leg_speed,p7_trend_state,p7_rsi,p7_stoch_k,p7_stoch_d,p7_stoch_cross,p7_macd_line,p7_macd_signal,p7_macd_hist,p7_adx,p7_plus_di,p7_minus_di,p7_ema20_dist,p7_ema50_dist,p7_ema200_dist,p7_bb_position,p7_bb_bandwidth,p8_leg_size_pct,p8_leg_duration,p8_retrace_pct,p8_leg_speed,p8_trend_state,p8_rsi,p8_stoch_k,p8_stoch_d,p8_stoch_cross,p8_macd_line,p8_macd_signal,p8_macd_hist,p8_adx,p8_plus_di,p8_minus_di,p8_ema20_dist,p8_ema50_dist,p8_ema200_dist,p8_bb_position,p8_bb_bandwidth,p9_leg_size_pct,p9_leg_duration,p9_retrace_pct,p9_leg_speed,p9_trend_state,p10_leg_size_pct,p10_leg_duration,p10_retrace_pct,p10_leg_speed,p10_trend_state,p11_leg_size_pct,p11_leg_duration,p11_retrace_pct,p11_leg_speed,p11_trend_state,p12_leg_size_pct,p12_leg_duration,p12_retrace_pct,p12_leg_speed,p12_trend_state,p13_leg_size_pct,p13_leg_duration,p13_retrace_pct,p13_leg_speed,p13_trend_state,p14_leg_size_pct,p14_leg_duration,p14_retrace_pct,p14_leg_speed,p14_trend_state,p15_leg_size_pct,p15_leg_duration,p15_retrace_pct,p15_leg_speed,p15_trend_state,p16_leg_size_pct,p16_leg_duration,p16_retrace_pct,p16_leg_speed,p16_trend_state,p17_leg_size_pct,p17_leg_duration,p17_retrace_pct,p17_leg_speed,p17_trend_state,p18_leg_size_pct,p18_leg_duration,p18_retrace_pct,p18_leg_speed,p18_trend_state,p19_leg_size_pct,p19_leg_duration,p19_retrace_pct,p19_leg_speed,p19_trend_state,p20_leg_size_pct,p20_leg_duration,p20_retrace_pct,p20_leg_speed,p20_trend_state,mkt_trend_state,mkt_trend_streak,mkt_bars_since_reversal,mkt_last_break_type,htf_trend_state,htf_retrace_pct,htf_pivot_dist_pct,htf_rsi,htf_stoch_k,htf_stoch_d,htf_macd_line,htf_macd_signal,htf_macd_hist,htf_adx,htf_plus_di,htf_minus_di,htf_ema20_dist,htf_ema50_dist,htf_bb_position,htf_bb_bandwidth,ltf_trend_state,ltf_zigzag_count,ltf_trend_reversal_flag,ltf_rsi,ltf_stoch_k,ltf_stoch_d,ltf_macd_line,ltf_macd_signal,ltf_macd_hist,ltf_adx,ltf_plus_di,ltf_minus_di,ltf_ema20_dist,ltf_ema50_dist,ltf_bb_position,ltf_bb_bandwidth,leg_size_vs_avg,leg_duration_vs_avg,bars_since_large_leg,max_retrace_last10,min_retrace_last10,leg_size_stddev,legs_contracting
2022-04-10T18:30:00Z,1.000000,no_impulse,0,ITC,1d,1.000000,,0.000000,0.000000,0.000000,5.779269,10.168191,15.564704,,,,,,,,,,,,,,,,,,,,,,,,,,,,,,,,,,,,,,,,,,,,,,,,,,,,,,,,,,,,,,,,,,,,,,,,,,,,,,,,,,,,,,,,,,,,,,,,,,,,,,,,,,,,,,,,,,,,,,,,,,,,,,,,,,,,,,,,,,,,,,,,,,,,,,,,,,,,,,,,,,,,,,,,,,,,,,,,,,,,,,,,,,,,,,,,,,,,,,,,,,,,,,,,,,,,,,,,,,,,,0.000000,1.000000,,-1.000000,,,,0.000000,80.000000,80.000000,0.000000,0.000000,0.000000,0.000000,0.000000,0.000000,0.000000,0.000000,0.500000,0.000000,,0.000000,,0.000000,67.567568,67.567568,0.000000,0.000000,0.000000,0.000000,0.000000,0.000000,0.000000,0.000000,0.500000,0.000000,0.000000,0.000000,,,,0.000000,
2022-04-24T18:30:00Z,0.924373,no_impulse,0,ITC,1d,-1.000000,,7.562662,8.000000,0.945333,-0.884953,3.470366,10.393046,0.000000,0.000000,,0.000000,0.000000,73.932342,76.978417,79.672193,0.000000,3.207923,2.935742,0.272181,39.810610,33.554911,9.113479,5.779269,10.168191,15.564704,0.987724,0.125763,,,,,,,,,,,,,,,,,,,,,,,,,,,,,,,,,,,,,,,,,,,,,,,,,,,,,,,,,,,,,,,,,,,,,,,,,,,,,,,,,,,,,,,,,,,,,,,,,,,,,,,,,,,,,,,,,,,,,,,,,,,,,,,,,,,,,,,,,,,,,,,,,,,,,,,,,,,,,,,,,,,,,,,,,,,,,,,,,,,,,,,,,,,,,,,,,,,,,,,,,0.000000,2.000000,,-1.000000,,,,0.000000,80.000000,80.000000,0.000000,0.000000,0.000000,0.000000,0.000000,0.000000,0.000000,0.000000,0.500000,0.000000,,0.000000,,0.000000,67.567568,67.567568,0.000000,0.000000,0.000000,0.000000,0.000000,0.000000,0.000000,0.000000,0.500000,0.000000,1.000000,1.000000,,,,0.000000,
2022-05-05T18:30:00Z,0.978825,no_impulse,0,ITC,1d,1.000000,72.000000,5.890603,8.000000,0.736325,2.596476,6.081128,13.304833,7.562662,8.000000,,0.945333,0.000000,50.932938,18.498660,38.852304,0.000000,2.113040,2.796120,-0.683080,32.932773,20.223049,21.870582,-0.884953,3.470366,10.393046,0.405439,0.092765,0.000000,0.000000,,0.000000,0.000000,73.932342,76.978417,79.672193,0.000000,3.207923,2.935742,0.272181,39.810610,33.554911,9.113479,5.779269,10.168191,15.564704,0.987724,0.125763,,,,,,,,,,,,,,,,,,,,,,,,,,,,,,,,,,,,,,,,,,,,,,,,,,,,,,,,,,,,,,,,,,,,,,,,,,,,,,,,,,,,,,,,,,,,,,,,,,,,,,,,,,,,,,,,,,,,,,,,,,,,,,,,,,,,,,,,,,,,,,,,,,,,,,,,,,,,,,,,,,,,,,,,,,,,,,,,,,,,,3.000000,1.000000,,-1.000000,,,,0.000000,80.000000,80.000000,0.000000,0.000000,0.000000,0.000000,0.000000,0.000000,0.000000,0.000000,0.500000,0.000000,,0.000000,,0.000000,67.567568,67.567568,0.000000,0.000000,0.000000,0.000000,0.000000,0.000000,0.000000,0.000000,0.500000,0.000000,1.557812,2.000000,,,,5.347610,
2022-05-11T18:30:00Z,0.912273,no_impulse,0,ITC,1d,-1.000000,122.222222,6.799117,4.000000,1.699779,-2.394241,0.552914,8.178357,5.890603,8.000000,72.000000,0.736325,3.000000,61.183711,70.796460,51.622419,1.000000,1.340206,1.606428,-0.266223,24.075110,20.517153,12.877141,2.596476,6.081128,13.304833,0.915372,0.064176,7.562662,8.000000,,0.945333,0.000000,50.932938,18.498660,38.852304,0.000000,2.113040,2.796120,-0.683080,32.932773,20.223049,21.870582,-0.884953,3.470366,10.393046,0.405439,0.092765,0.000000,0.000000,,0.000000,0.000000,73.932342,76.978417,79.672193,0.000000,3.207923,2.935742,0.272181,39.810610,33.554911,9.113479,5.779269,10.168191,15.564704,0.987724,0.125763,,,,,,,,,,,,,,,,,,,,,,,,,,,,,,,,,,,,,,,,,,,,,,,,,,,,,,,,,,,,,,,,,,,,,,,,,,,,,,,,,,,,,,,,,,,,,,,,,,,,,,,,,,,,,,,,,,,,,,,,,,,,,,,,,,,,,,,,,,,,,,,,,,,,,,,,,,,,,,,,,4.000000,2.000000,,-1.000000,,,,0.000000,80.000000,80.000000,0.000000,0.000000,0.000000,0.000000,0.000000,0.000000,0.000000,0.000000,0.500000,0.000000,,0.000000,,0.000000,67.567568,67.567568,0.000000,0.000000,0.000000,0.000000,0.000000,0.000000,0.000000,0.000000,0.500000,0.000000,1.516164,0.750000,,72.000000,72.000000,3.972590,
2022-05-19T18:30:00Z,1.033708,no_impulse,0,ITC,1d,1.000000,182.467532,13.311227,6.000000,2.218538,6.041047,8.978010,16.343829,6.799117,4.000000,122.222222,1.699779,4.000000,44.404208,20.454545,31.295094,1.000000,0.614435,1.256063,-0.641628,22.028134,14.430705,20.131844,-2.394241,0.552914,8.178357,0.145218,0.065907,5.890603,8.000000,72.000000,0.736325,3.000000,61.183711,70.796460,51.622419,1.000000,1.340206,1.606428,-0.266223,24.075110,20.517153,12.877141,2.596476,6.081128,13.304833,0.915372,0.064176,7.562662,8.000000,,0.945333,0.000000,50.932938,18.498660,38.852304,0.000000,2.113040,2.796120,-0.683080,32.932773,20.223049,21.870582,-0.884953,3.470366,10.393046,0.405439,0.092765,0.000000,0.000000,,0.000000,0.000000,73.932342,76.978417,79.672193,0.000000,3.207923,2.935742,0.272181,39.810610,33.554911,9.113479,5.779269,10.168191,15.564704,0.987724,0.125763,,,,,,,,,,,,,,,,,,,,,,,,,,,,,,,,,,,,,,,,,,,,,,,,,,,,,,,,,,,,,,,,,,,,,,,,,,,,,,,,,,,,,,,,,,,,,,,,,,,,,,,,,,,,,,,,,,,,,,,,,,,,,,,,,,,,,,,,,,,,,7.000000,3.000000,,-1.000000,,,,0.000000,80.000000,80.000000,0.000000,0.000000,0.000000,0.000000,0.000000,0.000000,0.000000,0.000000,0.500000,0.000000,,0.000000,,0.000000,67.567568,67.567568,0.000000,0.000000,0.000000,0.000000,0.000000,0.000000,0.000000,0.000000,0.500000,0.000000,2.629069,1.200000,,122.222222,72.000000,3.443898,
2022-06-16T18:30:00Z,0.946413,no_impulse,0,ITC,1d,-1.000000,71.886121,8.444816,20.000000,0.422241,-1.424278,0.309628,8.631092,13.311227,6.000000,182.467532,2.218538,7.000000,67.202835,92.882562,91.833818,1.000000,1.435298,0.935174,0.500124,21.334410,29.837918,12.574028,6.041047,8.978010,16.343829,1.147053,0.099365,6.799117,4.000000,122.222222,1.699779,4.000000,44.404208,20.454545,31.295094,1.000000,0.614435,1.256063,-0.641628,22.028134,14.430705,20.131844,-2.394241,0.552914,8.178357,0.145218,0.065907,5.890603,8.000000,72.000000,0.736325,3.000000,61.183711,70.796460,51.622419,1.000000,1.340206,1.606428,-0.266223,24.075110,20.517153,12.877141,2.596476,6.081128,13.304833,0.915372,0.064176,7.562662,8.000000,,0.945333,0.000000,50.932938,18.498660,38.852304,0.000000,2.113040,2.796120,-0.683080,32.932773,20.223049,21.870582,-0.884953,3.470366,10.393046,0.405439,0.092765,0.000000,0.000000,,0.000000,0.000000,73.932342,76.978417,79.672193,0.000000,3.207923,2.935742,0.272181,39.810610,33.554911,9.113479,5.779269,10.168191,15.564704,0.987724,0.125763,,,,,,,,,,,,,,,,,,,,,,,,,,,,,,,,,,,,,,,,,,,,,,,,,,,,,,,,,,,,,,,,,,,,,,,,,,,,,,,,,,,,,,,,,,,,,,,,,,,,,,,,,,,,,,,,,,,,,,,,,2.000000,1.000000,20.000000,-1.000000,,,,0.000000,80.000000,80.000000,0.000000,0.000000,0.000000,0.000000,0.000000,0.000000,0.000000,0.000000,0.500000,0.000000,,0.000000,,0.000000,67.567568,67.567568,0.000000,0.000000,0.000000,0.000000,0.000000,0.000000,0.000000,0.000000,0.500000,0.000000,1.258032,3.846154,,182.467532,72.000000,4.743592,
2022-09-22T18:30:00Z,1.279818,no_impulse,0,ITC,1d,1.000000,381.930693,35.228311,67.000000,0.525796,4.394948,8.692331,20.744634,8.444816,20.000000,71.886121,0.422241,2.000000,45.656178,27.645051,12.552135,0.000000,-0.052964,0.555052,-0.608016,19.411901,11.951129,25.246189,-1.424278,0.309628,8.631092,0.266670,0.060184,13.311227,6.000000,182.467532,2.218538,7.000000,67.202835,92.882562,91.833818,1.000000,1.435298,0.935174,0.500124,21.334410,29.837918,12.574028,6.041047,8.978010,16.343829,1.147053,0.099365,6.799117,4.000000,122.222222,1.699779,4.000000,44.404208,20.454545,31.295094,1.000000,0.614435,1.256063,-0.641628,22.028134,14.430705,20.131844,-2.394241,0.552914,8.178357,0.145218,0.065907,5.890603,8.000000,72.000000,0.736325,3.000000,61.183711,70.796460,51.622419,1.000000,1.340206,1.606428,-0.266223,24.075110,20.517153,12.877141,2.596476,6.081128,13.304833,0.915372,0.064176,7.562662,8.000000,,0.945333,0.000000,50.932938,18.498660,38.852304,0.000000,2.113040,2.796120,-0.683080,32.932773,20.223049,21.870582,-0.884953,3.470366,10.393046,0.405439,0.092765,0.000000,0.000000,,0.000000,0.000000,73.932342,76.978417,79.672193,0.000000,3.207923,2.935742,0.272181,39.810610,33.554911,9.113479,5.779269,10.168191,15.564704,0.987724,0.125763,,,,,,,,,,,,,,,,,,,,,,,,,,,,,,,,,,,,,,,,,,,,,,,,,,,,,,,,,,,,,,,,,,,,,,,,,,,,,,,,,,,,,,,,,,,,,,,,,,,,,1.000000,2.000000,87.000000,-1.000000,,,,0.000000,80.000000,80.000000,0.000000,0.000000,0.000000,0.000000,0.000000,0.000000,0.000000,0.000000,0.500000,0.000000,,0.000000,,0.000000,67.567568,67.567568,0.000000,0.000000,0.000000,0.000000,0.000000,0.000000,0.000000,0.000000,0.500000,0.000000,5.031606,8.739130,,182.467532,71.886121,4.301320,2.122545
2022-10-02T18:30:00Z,1.183449,no_impulse,0,ITC,1d,-1.000000,28.904731,7.529968,6.000000,1.254995,-1.928250,1.580506,14.364697,35.228311,67.000000,381.930693,0.525796,1.000000,78.816663,86.893204,85.522101,0.000000,2.397792,2.164257,0.233535,49.812019,35.680566,7.200971,4.394948,8.692331,20.744634,0.922010,0.108931,8.444816,20.000000,71.886121,0.422241,2.000000,45.656178,27.645051,12.552135,0.000000,-0.052964,0.555052,-0.608016,19.411901,11.951129,25.246189,-1.424278,0.309628,8.631092,0.266670,0.060184,13.311227,6.000000,182.467532,2.218538,7.000000,67.202835,92.882562,91.833818,1.000000,1.435298,0.935174,0.500124,21.334410,29.837918,12.574028,6.041047,8.978010,16.343829,1.147053,0.099365,6.799117,4.000000,122.222222,1.699779,4.000000,44.404208,20.454545,31.295094,1.000000,0.614435,1.256063,-0.641628,22.028134,14.430705,20.131844,-2.394241,0.552914,8.178357,0.145218,0.065907,5.890603,8.000000,72.000000,0.736325,3.000000,61.183711,70.796460,51.622419,1.000000,1.340206,1.606428,-0.266223,24.075110,20.517153,12.877141,2.596476,6.081128,13.304833,0.915372,0.064176,7.562662,8.000000,,0.945333,0.000000,50.932938,18.498660,38.852304,0.000000,2.113040,2.796120,-0.683080,32.932773,20.223049,21.870582,-0.884953,3.470366,10.393046,0.405439,0.092765,0.000000,0.000000,,0.000000,0.000000,73.932342,76.978417,79.672193,0.000000,3.207923,2.935742,0.272181,39.810610,33.554911,9.113479,5.779269,10.168191,15.564704,0.987724,0.125763,,,,,,,,,,,,,,,,,,,,,,,,,,,,,,,,,,,,,,,,,,,,,,,,,,,,,,,,,,,,,,,,,,,,,,,,,,,,,,,,,2.000000,3.000000,93.000000,-1.000000,,,,0.000000,80.000000,80.000000,0.000000,0.000000,0.000000,0.000000,0.000000,0.000000,0.000000,0.000000,0.500000,0.000000,,0.000000,,0.000000,67.567568,67.567568,0.000000,0.000000,0.000000,0.000000,0.000000,0.000000,0.000000,0.000000,0.500000,0.000000,0.682444,0.371681,6.000000,381.930693,71.886121,11.368395,2.813711
2022-11-08T18:30:00Z,1.323250,no_impulse,0,ITC,1d,1.000000,145.067265,11.813036,24.000000,0.492210,3.871450,7.071535,19.111548,7.529968,6.000000,28.904731,1.254995,2.000000,46.327575,4.260090,23.304765,1.000000,1.057561,1.728984,-0.671423,35.435207,20.640458,26.926990,-1.928250,1.580506,14.364697,0.227467,0.069414,35.228311,67.000000,381.930693,0.525796,1.000000,78.816663,86.893204,85.522101,0.000000,2.397792,2.164257,0.233535,49.812019,35.680566,7.200971,4.394948,8.692331,20.744634,0.922010,0.108931,8.444816,20.000000,71.886121,0.422241,2.000000,45.656178,27.645051,12.552135,0.000000,-0.052964,0.555052,-0.608016,19.411901,11.951129,25.246189,-1.424278,0.309628,8.631092,0.266670,0.060184,13.311227,6.000000,182.467532,2.218538,7.000000,67.202835,92.882562,91.833818,1.000000,1.435298,0.935174,0.500124,21.334410,29.837918,12.574028,6.041047,8.978010,16.343829,1.147053,0.099365,6.799117,4.000000,122.222222,1.699779,4.000000,44.404208,20.454545,31.295094,1.000000,0.614435,1.256063,-0.641628,22.028134,14.430705,20.131844,-2.394241,0.552914,8.178357,0.145218,0.065907,5.890603,8.000000,72.000000,0.736325,3.000000,61.183711,70.796460,51.622419,1.000000,1.340206,1.606428,-0.266223,24.075110,20.517153,12.877141,2.596476,6.081128,13.304833,0.915372,0.064176,7.562662,8.000000,,0.945333,0.000000,50.932938,18.498660,38.852304,0.000000,2.113040,2.796120,-0.683080,32.932773,20.223049,21.870582,-0.884953,3.470366,10.393046,0.405439,0.092765,0.000000,0.000000,,0.000000,0.000000,73.932342,76.978417,79.672193,0.000000,3.207923,2.935742,0.272181,39.810610,33.554911,9.113479,5.779269,10.168191,15.564704,0.987724,0.125763,,,,,,,,,,,,,,,,,,,,,,,,,,,,,,,,,,,,,,,,,,,,,,,,,,,,,,,,,,,,,1.000000,4.000000,117.000000,-1.000000,,,,0.000000,80.000000,80.000000,0.000000,0.000000,0.000000,0.000000,0.000000,0.000000,0.000000,0.000000,0.500000,0.000000,,0.000000,,0.000000,67.567568,67.567568,0.000000,0.000000,0.000000,0.000000,0.000000,0.000000,0.000000,0.000000,0.500000,0.000000,1.114875,1.613445,30.000000,381.930693,28.904731,10.597741,1.969278
2022-12-05T18:30:00Z,1.222990,no_impulse,0,ITC,1d,-1.000000,71.715611,7.576747,19.000000,0.398776,-1.184065,-0.359723,10.922387,11.813036,24.000000,145.067265,0.492210,1.000000,71.753588,96.457766,86.458937,1.000000,1.786488,1.532689,0.253799,27.861404,29.824022,12.956787,3.871450,7.071535,19.111548,0.866295,0.109949,7.529968,6.000000,28.904731,1.254995,2.000000,46.327575,4.260090,23.304765,1.000000,1.057561,1.728984,-0.671423,35.435207,20.640458,26.926990,-1.928250,1.580506,14.364697,0.227467,0.069414,35.228311,67.000000,381.930693,0.525796,1.000000,78.816663,86.893204,85.522101,0.000000,2.397792,2.164257,0.233535,49.812019,35.680566,7.200971,4.394948,8.692331,20.744634,0.922010,0.108931,8.444816,20.000000,71.886121,0.422241,2.000000,45.656178,27.645051,12.552135,0.000000,-0.052964,0.555052,-0.608016,19.411901,11.951129,25.246189,-1.424278,0.309628,8.631092,0.266670,0.060184,13.311227,6.000000,182.467532,2.218538,7.000000,67.202835,92.882562,91.833818,1.000000,1.435298,0.935174,0.500124,21.334410,29.837918,12.574028,6.041047,8.978010,16.343829,1.147053,0.099365,6.799117,4.000000,122.222222,1.699779,4.000000,44.404208,20.454545,31.295094,1.000000,0.614435,1.256063,-0.641628,22.028134,14.430705,20.131844,-2.394241,0.552914,8.178357,0.145218,0.065907,5.890603,8.000000,72.000000,0.736325,3.000000,61.183711,70.796460,51.622419,1.000000,1.340206,1.606428,-0.266223,24.075110,20.517153,12.877141,2.596476,6.081128,13.304833,0.915372,0.064176,7.562662,8.000000,,0.945333,0.000000,50.932938,18.498660,38.852304,0.000000,2.113040,2.796120,-0.683080,32.932773,20.223049,21.870582,-0.884953,3.470366,10.393046,0.405439,0.092765,0.000000,0.000000,,0.000000,0.000000,,,,,,,,,,,,,,,,,,,,,,,,,,,,,,,,,,,,,,,,,,,,,,,,,,,,,,,,2.000000,5.000000,136.000000,-1.000000,,,,0.000000,80.000000,80.000000,0.000000,0.000000,0.000000,0.000000,0.000000,0.000000,0.000000,0.000000,0.500000,0.000000,,0.000000,,0.000000,67.567568,67.567568,0.000000,0.000000,0.000000,0.000000,0.000000,0.000000,0.000000,0.000000,0.500000,0.000000,0.706056,1.195804,49.000000,381.930693,28.904731,9.921578,1.911084
2022-12-13T18:30:00Z,1.271608,no_impulse,0,ITC,1d,1.000000,48.491379,3.975265,6.000000,0.662544,0.992989,1.742701,12.300797,7.576747,19.000000,71.715611,0.398776,2.000000,41.749523,24.229075,20.908814,0.000000,-0.480323,-0.190676,-0.289648,19.227162,13.674318,21.632426,-1.184065,-0.359723,10.922387,0.350056,0.078043,11.813036,24.000000,145.067265,0.492210,1.000000,71.753588,96.457766,86.458937,1.000000,1.786488,1.532689,0.253799,27.861404,29.824022,12.956787,3.871450,7.071535,19.111548,0.866295,0.109949,7.529968,6.000000,28.904731,1.254995,2.000000,46.327575,4.260090,23.304765,1.000000,1.057561,1.728984,-0.671423,35.435207,20.640458,26.926990,-1.928250,1.580506,14.364697,0.227467,0.069414,35.228311,67.000000,381.930693,0.525796,1.000000,78.816663,86.893204,85.522101,0.000000,2.397792,2.164257,0.233535,49.812019,35.680566,7.200971,4.394948,8.692331,20.744634,0.922010,0.108931,8.444816,20.000000,71.886121,0.422241,2.000000,45.656178,27.645051,12.552135,0.000000,-0.052964,0.555052,-0.608016,19.411901,11.951129,25.246189,-1.424278,0.309628,8.631092,0.266670,0.060184,13.311227,6.000000,182.467532,2.218538,7.000000,67.202835,92.882562,91.833818,1.000000,1.435298,0.935174,0.500124,21.334410,29.837918,12.574028,6.041047,8.978010,16.343829,1.147053,0.099365,6.799117,4.000000,122.222222,1.699779,4.000000,44.404208,20.454545,31.295094,1.000000,0.614435,1.256063,-0.641628,22.028134,14.430705,20.131844,-2.394241,0.552914,8.178357,0.145218,0.065907,5.890603,8.000000,72.000000,0.736325,3.000000,61.183711,70.796460,51.622419,1.000000,1.340206,1.606428,-0.266223,24.075110,20.517153,12.877141,2.596476,6.081128,13.304833,0.915372,0.064176,7.562662,8.000000,,0.945333,0.000000,0.000000,0.000000,,0.000000,0.000000,,,,,,,,,,,,,,,,,,,,,,,,,,,,,,,,,,,,,,,,,,,,,,,,,,,3.000000,1.000000,142.000000,-1.000000,,,,0.000000,80.000000,80.000000,0.000000,0.000000,0.000000,0.000000,0.000000,0.000000,0.000000,0.000000,0.500000,0.000000,,0.000000,,0.000000,67.567568,67.567568,0.000000,0.000000,0.000000,0.000000,0.000000,0.000000,0.000000,0.000000,0.500000,0.000000,0.381663,0.370370,55.000000,381.930693,28.904731,9.407187,0.472406
2022-12-22T18:30:00Z,1.191011,no_impulse,0,ITC,1d,-1.000000,165.777778,6.338148,7.000000,0.905450,-3.579287,-3.578404,6.603886,3.975265,6.000000,48.491379,0.662544,3.000000,56.848438,85.333333,88.550590,1.000000,-0.019401,-0.206816,0.187415,15.151929,20.510252,15.081772,0.992989,1.742701,12.300797,0.843319,0.029213,7.576747,19.000000,71.715611,0.398776,2.000000,41.749523,24.229075,20.908814,0.000000,-0.480323,-0.190676,-0.289648,19.227162,13.674318,21.632426,-1.184065,-0.359723,10.922387,0.350056,0.078043,11.813036,24.000000,145.067265,0.492210,1.000000,71.753588,96.457766,86.458937,1.000000,1.786488,1.532689,0.253799,27.861404,29.824022,12.956787,3.871450,7.071535,19.111548,0.866295,0.109949,7.529968,6.000000,28.904731,1.254995,2.000000,46.327575,4.260090,23.304765,1.000000,1.057561,1.728984,-0.671423,35.435207,20.640458,26.926990,-1.928250,1.580506,14.364697,0.227467,0.069414,35.228311,67.000000,381.930693,0.525796,1.000000,78.816663,86.893204,85.522101,0.000000,2.397792,2.164257,0.233535,49.812019,35.680566,7.200971,4.394948,8.692331,20.744634,0.922010,0.108931,8.444816,20.000000,71.886121,0.422241,2.000000,45.656178,27.645051,12.552135,0.000000,-0.052964,0.555052,-0.608016,19.411901,11.951129,25.246189,-1.424278,0.309628,8.631092,0.266670,0.060184,13.311227,6.000000,182.467532,2.218538,7.000000,67.202835,92.882562,91.833818,1.000000,1.435298,0.935174,0.500124,21.334410,29.837918,12.574028,6.041047,8.978010,16.343829,1.147053,0.099365,6.799117,4.000000,122.222222,1.699779,4.000000,44.404208,20.454545,31.295094,1.000000,0.614435,1.256063,-0.641628,22.028134,14.430705,20.131844,-2.394241,0.552914,8.178357,0.145218,0.065907,5.890603,8.000000,72.000000,0.736325,3.000000,7.562662,8.000000,,0.945333,0.000000,0.000000,0.000000,,0.000000,0.000000,,,,,,,,,,,,,,,,,,,,,,,,,,,,,,,,,,,,,,,,,,,,,,4.000000,2.000000,149.000000,-1.000000,,,,0.000000,80.000000,80.000000,0.000000,0.000000,0.000000,0.000000,0.000000,0.000000,0.000000,0.000000,0.500000,0.000000,,0.000000,,0.000000,67.567568,67.567568,0.000000,0.000000,0.000000,0.000000,0.000000,0.000000,0.000000,0.000000,0.500000,0.000000,0.586150,0.416667,62.000000,381.930693,28.904731,8.993016,0.456321
2023-01-08T18:30:00Z,1.249568,no_impulse,0,ITC,1d,1.000000,72.654155,4.916546,11.000000,0.446959,0.884349,0.440419,8.881390,6.338148,7.000000,165.777778,0.905450,4.000000,33.131761,6.166220,14.879850,0.000000,-0.730019,-0.370669,-0.359349,18.341611,13.665800,31.558694,-3.579287,-3.578404,6.603886,-0.188174,0.050214,3.975265,6.000000,48.491379,0.662544,3.000000,56.848438,85.333333,88.550590,1.000000,-0.019401,-0.206816,0.187415,15.151929,20.510252,15.081772,0.992989,1.742701,12.300797,0.843319,0.029213,7.576747,19.000000,71.715611,0.398776,2.000000,41.749523,24.229075,20.908814,0.000000,-0.480323,-0.190676,-0.289648,19.227162,13.674318,21.632426,-1.184065,-0.359723,10.922387,0.350056,0.078043,11.813036,24.000000,145.067265,0.492210,1.000000,71.753588,96.457766,86.458937,1.000000,1.786488,1.532689,0.253799,27.861404,29.824022,12.956787,3.871450,7.071535,19.111548,0.866295,0.109949,7.529968,6.000000,28.904731,1.254995,2.000000,46.327575,4.260090,23.304765,1.000000,1.057561,1.728984,-0.671423,35.435207,20.640458,26.926990,-1.928250,1.580506,14.364697,0.227467,0.069414,35.228311,67.000000,381.930693,0.525796,1.000000,78.816663,86.893204,85.522101,0.000000,2.397792,2.164257,0.233535,49.812019,35.680566,7.200971,4.394948,8.692331,20.744634,0.922010,0.108931,8.444816,20.000000,71.886121,0.422241,2.000000,45.656178,27.645051,12.552135,0.000000,-0.052964,0.555052,-0.608016,19.411901,11.951129,25.246189,-1.424278,0.309628,8.631092,0.266670,0.060184,13.311227,6.000000,182.467532,2.218538,7.000000,67.202835,92.882562,91.833818,1.000000,1.435298,0.935174,0.500124,21.334410,29.837918,12.574028,6.041047,8.978010,16.343829,1.147053,0.099365,6.799117,4.000000,122.222222,1.699779,4.000000,5.890603,8.000000,72.000000,0.736325,3.000000,7.562662,8.000000,,0.945333,0.000000,0.000000,0.000000,,0.000000,0.000000,,,,,,,,,,,,,,,,,,,,,,,,,,,,,,,,,,,,,,,,,3.000000,3.000000,160.000000,-1.000000,,,,0.000000,80.000000,80.000000,0.000000,0.000000,0.000000,0.000000,0.000000,0.000000,0.000000,0.000000,0.500000,0.000000,,0.000000,,0.000000,67.567568,67.567568,0.000000,0.000000,0.000000,0.000000,0.000000,0.000000,0.000000,0.000000,0.500000,0.000000,0.459889,0.658683,73.000000,381.930693,28.904731,9.050348,0.327831
2023-01-12T18:30:00Z,1.194901,no_impulse,0,ITC,1d,-1.000000,93.357934,4.374892,4.000000,1.093723,-1.492222,-2.126551,6.023812,4.916546,11.000000,72.654155,0.446959,3.000000,52.771283,79.704797,62.910858,1.000000,-0.512129,-0.657511,0.145382,19.904960,20.184511,20.210480,0.884349,0.440419,8.881390,0.653041,0.058301,6.338148,7.000000,165.777778,0.905450,4.000000,33.131761,6.166220,14.879850,0.000000,-0.730019,-0.370669,-0.359349,18.341611,13.665800,31.558694,-3.579287,-3.578404,6.603886,-0.188174,0.050214,3.975265,6.000000,48.491379,0.662544,3.000000,56.848438,85.333333,88.550590,1.000000,-0.019401,-0.206816,0.187415,15.151929,20.510252,15.081772,0.992989,1.742701,12.300797,0.843319,0.029213,7.576747,19.000000,71.715611,0.398776,2.000000,41.749523,24.229075,20.908814,0.000000,-0.480323,-0.190676,-0.289648,19.227162,13.674318,21.632426,-1.184065,-0.359723,10.922387,0.350056,0.078043,11.813036,24.000000,145.067265,0.492210,1.000000,71.753588,96.457766,86.458937,1.000000,1.786488,1.532689,0.253799,27.861404,29.824022,12.956787,3.871450,7.071535,19.111548,0.866295,0.109949,7.529968,6.000000,28.904731,1.254995,2.000000,46.327575,4.260090,23.304765,1.000000,1.057561,1.728984,-0.671423,35.435207,20.640458,26.926990,-1.928250,1.580506,14.364697,0.227467,0.069414,35.228311,67.000000,381.930693,0.525796,1.000000,78.816663,86.893204,85.522101,0.000000,2.397792,2.164257,0.233535,49.812019,35.680566,7.200971,4.394948,8.692331,20.744634,0.922010,0.108931,8.444816,20.000000,71.886121,0.422241,2.000000,45.656178,27.645051,12.552135,0.000000,-0.052964,0.555052,-0.608016,19.411901,11.951129,25.246189,-1.424278,0.309628,8.631092,0.266670,0.060184,13.311227,6.000000,182.467532,2.218538,7.000000,6.799117,4.000000,122.222222,1.699779,4.000000,5.890603,8.000000,72.000000,0.736325,3.000000,7.562662,8.000000,,0.945333,0.000000,0.000000,0.000000,,0.000000,0.000000,,,,,,,,,,,,,,,,,,,,,,,,,,,,,,,,,,,,2.000000,1.000000,164.000000,-1.000000,,,,0.000000,80.000000,80.000000,0.000000,0.000000,0.000000,0.000000,0.000000,0.000000,0.000000,0.000000,0.500000,0.000000,,0.000000,,0.000000,67.567568,67.567568,0.000000,0.000000,0.000000,0.000000,0.000000,0.000000,0.000000,0.000000,0.500000,0.000000,0.412986,0.235294,77.000000,381.930693,28.904731,9.112777,0.565754
2023-01-30T18:30:00Z,1.299697,no_impulse,0,ITC,1d,1.000000,191.699605,8.770344,11.000000,0.797304,4.025797,4.362984,11.442392,4.374892,4.000000,93.357934,1.093723,2.000000,41.860521,18.076923,28.726455,1.000000,-0.636681,-0.614565,-0.022116,19.767330,15.223475,26.441490,-1.492222,-2.126551,6.023812,0.161482,0.043433,4.916546,11.000000,72.654155,0.446959,3.000000,52.771283,79.704797,62.910858,1.000000,-0.512129,-0.657511,0.145382,19.904960,20.184511,20.210480,0.884349,0.440419,8.881390,0.653041,0.058301,6.338148,7.000000,165.777778,0.905450,4.000000,33.131761,6.166220,14.879850,0.000000,-0.730019,-0.370669,-0.359349,18.341611,13.665800,31.558694,-3.579287,-3.578404,6.603886,-0.188174,0.050214,3.975265,6.000000,48.491379,0.662544,3.000000,56.848438,85.333333,88.550590,1.000000,-0.019401,-0.206816,0.187415,15.151929,20.510252,15.081772,0.992989,1.742701,12.300797,0.843319,0.029213,7.576747,19.000000,71.715611,0.398776,2.000000,41.749523,24.229075,20.908814,0.000000,-0.480323,-0.190676,-0.289648,19.227162,13.674318,21.632426,-1.184065,-0.359723,10.922387,0.350056,0.078043,11.813036,24.000000,145.067265,0.492210,1.000000,71.753588,96.457766,86.458937,1.000000,1.786488,1.532689,0.253799,27.861404,29.824022,12.956787,3.871450,7.071535,19.111548,0.866295,0.109949,7.529968,6.000000,28.904731,1.254995,2.000000,46.327575,4.260090,23.304765,1.000000,1.057561,1.728984,-0.671423,35.435207,20.640458,26.926990,-1.928250,1.580506,14.364697,0.227467,0.069414,35.228311,67.000000,381.930693,0.525796,1.000000,78.816663,86.893204,85.522101,0.000000,2.397792,2.164257,0.233535,49.812019,35.680566,7.200971,4.394948,8.692331,20.744634,0.922010,0.108931,8.444816,20.000000,71.886121,0.422241,2.000000,13.311227,6.000000,182.467532,2.218538,7.000000,6.799117,4.000000,122.222222,1.699779,4.000000,5.890603,8.000000,72.000000,0.736325,3.000000,7.562662,8.000000,,0.945333,0.000000,0.000000,0.000000,,0.000000,0.000000,,,,,,,,,,,,,,,,,,,,,,,,,,,,,,,1.000000,2.000000,175.000000,-1.000000,,,,0.000000,80.000000,80.000000,0.000000,0.000000,0.000000,0.000000,0.000000,0.000000,0.000000,0.000000,0.500000,0.000000,,0.000000,,0.000000,67.567568,67.567568,0.000000,0.000000,0.000000,0.000000,0.000000,0.000000,0.000000,0.000000,0.500000,0.000000,0.847303,0.647059,88.000000,381.930693,28.904731,9.256046,0.668930
2023-01-31T18:30:00Z,1.204840,no_impulse,0,ITC,1d,-1.000000,90.515464,7.298421,1.000000,7.298421,5.812169,6.487924,13.519374,8.770344,11.000000,191.699605,0.797304,1.000000,69.390843,90.721649,83.549403,1.000000,0.739833,0.113872,0.625961,17.700873,27.178098,14.523120,4.025797,4.362984,11.442392,1.074671,0.072992,4.374892,4.000000,93.357934,1.093723,2.000000,41.860521,18.076923,28.726455,1.000000,-0.636681,-0.614565,-0.022116,19.767330,15.223475,26.441490,-1.492222,-2.126551,6.023812,0.161482,0.043433,4.916546,11.000000,72.654155,0.446959,3.000000,52.771283,79.704797,62.910858,1.000000,-0.512129,-0.657511,0.145382,19.904960,20.184511,20.210480,0.884349,0.440419,8.881390,0.653041,0.058301,6.338148,7.000000,165.777778,0.905450,4.000000,33.131761,6.166220,14.879850,0.000000,-0.730019,-0.370669,-0.359349,18.341611,13.665800,31.558694,-3.579287,-3.578404,6.603886,-0.188174,0.050214,3.975265,6.000000,48.491379,0.662544,3.000000,56.848438,85.333333,88.550590,1.000000,-0.019401,-0.206816,0.187415,15.151929,20.510252,15.081772,0.992989,1.742701,12.300797,0.843319,0.029213,7.576747,19.000000,71.715611,0.398776,2.000000,41.749523,24.229075,20.908814,0.000000,-0.480323,-0.190676,-0.289648,19.227162,13.674318,21.632426,-1.184065,-0.359723,10.922387,0.350056,0.078043,11.813036,24.000000,145.067265,0.492210,1.000000,71.753588,96.457766,86.458937,1.000000,1.786488,1.532689,0.253799,27.861404,29.824022,12.956787,3.871450,7.071535,19.111548,0.866295,0.109949,7.529968,6.000000,28.904731,1.254995,2.000000,46.327575,4.260090,23.304765,1.000000,1.057561,1.728984,-0.671423,35.435207,20.640458,26.926990,-1.928250,1.580506,14.364697,0.227467,0.069414,35.228311,67.000000,381.930693,0.525796,1.000000,8.444816,20.000000,71.886121,0.422241,2.000000,13.311227,6.000000,182.467532,2.218538,7.000000,6.799117,4.000000,122.222222,1.699779,4.000000,5.890603,8.000000,72.000000,0.736325,3.000000,7.562662,8.000000,,0.945333,0.000000,0.000000,0.000000,,0.000000,0.000000,,,,,,,,,,,,,,,,,,,,,,,,,,2.000000,3.000000,176.000000,-1.000000,,,,0.000000,80.000000,80.000000,0.000000,0.000000,0.000000,0.000000,0.000000,0.000000,0.000000,0.000000,0.500000,0.000000,,0.000000,,0.000000,67.567568,67.567568,0.000000,0.000000,0.000000,0.000000,0.000000,0.000000,0.000000,0.000000,0.500000,0.000000,0.737452,0.057143,89.000000,381.930693,28.904731,9.205928,1.009593
2023-02-22T18:30:00Z,1.442308,no_impulse,0,ITC,1d,1.000000,250.341686,19.709469,16.000000,1.231842,3.696991,7.589604,16.779373,7.298421,1.000000,90.515464,7.298421,2.000000,75.251960,89.039039,84.106276,0.000000,1.134984,0.315818,0.819166,16.657543,18.851533,20.055412,5.812169,6.487924,13.519374,1.136368,0.096970,8.770344,11.000000,191.699605,0.797304,1.000000,69.390843,90.721649,83.549403,1.000000,0.739833,0.113872,0.625961,17.700873,27.178098,14.523120,4.025797,4.362984,11.442392,1.074671,0.072992,4.374892,4.000000,93.357934,1.093723,2.000000,41.860521,18.076923,28.726455,1.000000,-0.636681,-0.614565,-0.022116,19.767330,15.223475,26.441490,-1.492222,-2.126551,6.023812,0.161482,0.043433,4.916546,11.000000,72.654155,0.446959,3.000000,52.771283,79.704797,62.910858,1.000000,-0.512129,-0.657511,0.145382,19.904960,20.184511,20.210480,0.884349,0.440419,8.881390,0.653041,0.058301,6.338148,7.000000,165.777778,0.905450,4.000000,33.131761,6.166220,14.879850,0.000000,-0.730019,-0.370669,-0.359349,18.341611,13.665800,31.558694,-3.579287,-3.578404,6.603886,-0.188174,0.050214,3.975265,6.000000,48.491379,0.662544,3.000000,56.848438,85.333333,88.550590,1.000000,-0.019401,-0.206816,0.187415,15.151929,20.510252,15.081772,0.992989,1.742701,12.300797,0.843319,0.029213,7.576747,19.000000,71.715611,0.398776,2.000000,41.749523,24.229075,20.908814,0.000000,-0.480323,-0.190676,-0.289648,19.227162,13.674318,21.632426,-1.184065,-0.359723,10.922387,0.350056,0.078043,11.813036,24.000000,145.067265,0.492210,1.000000,71.753588,96.457766,86.458937,1.000000,1.786488,1.532689,0.253799,27.861404,29.824022,12.956787,3.871450,7.071535,19.111548,0.866295,0.109949,7.529968,6.000000,28.904731,1.254995,2.000000,35.228311,67.000000,381.930693,0.525796,1.000000,8.444816,20.000000,71.886121,0.422241,2.000000,13.311227,6.000000,182.467532,2.218538,7.000000,6.799117,4.000000,122.222222,1.699779,4.000000,5.890603,8.000000,72.000000,0.736325,3.000000,7.562662,8.000000,,0.945333,0.000000,0.000000,0.000000,,0.000000,0.000000,,,,,,,,,,,,,,,,,,,,,1.000000,4.000000,192.000000,-1.000000,,,,0.000000,80.000000,80.000000,0.000000,0.000000,0.000000,0.000000,0.000000,0.000000,0.000000,0.000000,0.500000,0.000000,,0.000000,,0.000000,67.567568,67.567568,0.000000,0.000000,0.000000,0.000000,0.000000,0.000000,0.000000,0.000000,0.500000,0.000000,2.014837,1.025641,105.000000,381.930693,28.904731,9.233117,1.342332
2023-02-28T18:30:00Z,1.367761,no_impulse,0,ITC,1d,-1.000000,31.392175,5.168539,4.000000,1.292135,0.827789,4.556429,14.232857,19.709469,16.000000,250.341686,1.231842,1.000000,71.058832,75.057737,77.274318,1.000000,2.764915,2.780846,-0.015931,24.064044,32.505853,13.940189,3.696991,7.589604,16.779373,0.780607,0.136807,7.298421,1.000000,90.515464,7.298421,2.000000,75.251960,89.039039,84.106276,0.000000,1.134984,0.315818,0.819166,16.657543,18.851533,20.055412,5.812169,6.487924,13.519374,1.136368,0.096970,8.770344,11.000000,191.699605,0.797304,1.000000,69.390843,90.721649,83.549403,1.000000,0.739833,0.113872,0.625961,17.700873,27.178098,14.523120,4.025797,4.362984,11.442392,1.074671,0.072992,4.374892,4.000000,93.357934,1.093723,2.000000,41.860521,18.076923,28.726455,1.000000,-0.636681,-0.614565,-0.022116,19.767330,15.223475,26.441490,-1.492222,-2.126551,6.023812,0.161482,0.043433,4.916546,11.000000,72.654155,0.446959,3.000000,52.771283,79.704797,62.910858,1.000000,-0.512129,-0.657511,0.145382,19.904960,20.184511,20.210480,0.884349,0.440419,8.881390,0.653041,0.058301,6.338148,7.000000,165.777778,0.905450,4.000000,33.131761,6.166220,14.879850,0.000000,-0.730019,-0.370669,-0.359349,18.341611,13.665800,31.558694,-3.579287,-3.578404,6.603886,-0.188174,0.050214,3.975265,6.000000,48.491379,0.662544,3.000000,56.848438,85.333333,88.550590,1.000000,-0.019401,-0.206816,0.187415,15.151929,20.510252,15.081772,0.992989,1.742701,12.300797,0.843319,0.029213,7.576747,19.000000,71.715611,0.398776,2.000000,41.749523,24.229075,20.908814,0.000000,-0.480323,-0.190676,-0.289648,19.227162,13.674318,21.632426,-1.184065,-0.359723,10.922387,0.350056,0.078043,11.813036,24.000000,145.067265,0.492210,1.000000,7.529968,6.000000,28.904731,1.254995,2.000000,35.228311,67.000000,381.930693,0.525796,1.000000,8.444816,20.000000,71.886121,0.422241,2.000000,13.311227,6.000000,182.467532,2.218538,7.000000,6.799117,4.000000,122.222222,1.699779,4.000000,5.890603,8.000000,72.000000,0.736325,3.000000,7.562662,8.000000,,0.945333,0.000000,0.000000,0.000000,,0.000000,0.000000,,,,,,,,,,,,,,,,2.000000,5.000000,196.000000,-1.000000,,,,0.000000,80.000000,80.000000,0.000000,0.000000,0.000000,0.000000,0.000000,0.000000,0.000000,0.000000,0.500000,0.000000,,0.000000,,0.000000,67.567568,67.567568,0.000000,0.000000,0.000000,0.000000,0.000000,0.000000,0.000000,0.000000,0.500000,0.000000,0.627990,0.380952,4.000000,250.341686,28.904731,4.645376,2.289135
2023-03-08T18:30:00Z,1.440795,no_impulse,0,ITC,1d,1.000000,97.971014,5.339652,5.000000,1.067930,1.976586,5.563299,15.399426,5.168539,4.000000,31.392175,1.292135,2.000000,58.107358,36.453202,38.341544,0.000000,2.086633,2.556585,-0.469952,23.826852,24.179069,17.769047,0.827789,4.556429,14.232857,0.670871,0.048850,19.709469,16.000000,250.341686,1.231842,1.000000,71.058832,75.057737,77.274318,1.000000,2.764915,2.780846,-0.015931,24.064044,32.505853,13.940189,3.696991,7.589604,16.779373,0.780607,0.136807,7.298421,1.000000,90.515464,7.298421,2.000000,75.251960,89.039039,84.106276,0.000000,1.134984,0.315818,0.819166,16.657543,18.851533,20.055412,5.812169,6.487924,13.519374,1.136368,0.096970,8.770344,11.000000,191.699605,0.797304,1.000000,69.390843,90.721649,83.549403,1.000000,0.739833,0.113872,0.625961,17.700873,27.178098,14.523120,4.025797,4.362984,11.442392,1.074671,0.072992,4.374892,4.000000,93.357934,1.093723,2.000000,41.860521,18.076923,28.726455,1.000000,-0.636681,-0.614565,-0.022116,19.767330,15.223475,26.441490,-1.492222,-2.126551,6.023812,0.161482,0.043433,4.916546,11.000000,72.654155,0.446959,3.000000,52.771283,79.704797,62.910858,1.000000,-0.512129,-0.657511,0.145382,19.904960,20.184511,20.210480,0.884349,0.440419,8.881390,0.653041,0.058301,6.338148,7.000000,165.777778,0.905450,4.000000,33.131761,6.166220,14.879850,0.000000,-0.730019,-0.370669,-0.359349,18.341611,13.665800,31.558694,-3.579287,-3.578404,6.603886,-0.188174,0.050214,3.975265,6.000000,48.491379,0.662544,3.000000,56.848438,85.333333,88.550590,1.000000,-0.019401,-0.206816,0.187415,15.151929,20.510252,15.081772,0.992989,1.742701,12.300797,0.843319,0.029213,7.576747,19.000000,71.715611,0.398776,2.000000,11.813036,24.000000,145.067265,0.492210,1.000000,7.529968,6.000000,28.904731,1.254995,2.000000,35.228311,67.000000,381.930693,0.525796,1.000000,8.444816,20.000000,71.886121,0.422241,2.000000,13.311227,6.000000,182.467532,2.218538,7.000000,6.799117,4.000000,122.222222,1.699779,4.000000,5.890603,8.000000,72.000000,0.736325,3.000000,7.562662,8.000000,,0.945333,0.000000,0.000000,0.000000,,0.000000,0.000000,,,,,,,,,,,3.000000,1.000000,201.000000,-1.000000,,,,0.000000,80.000000,80.000000,0.000000,0.000000,0.000000,0.000000,0.000000,0.000000,0.000000,0.000000,0.500000,0.000000,,0.000000,,0.000000,67.567568,67.567568,0.000000,0.000000,0.000000,0.000000,0.000000,0.000000,0.000000,0.000000,0.500000,0.000000,0.667946,0.485437,9.000000,250.341686,31.392175,4.743907,1.781465
2023-03-16T18:30:00Z,1.353284,no_impulse,0,ITC,1d,-1.000000,119.822485,6.073785,6.000000,1.012298,-1.244272,1.705008,11.885261,5.339652,5.000000,97.971014,1.067930,3.000000,61.238143,68.115942,77.294686,0.000000,1.856260,2.057050,-0.200790,26.032510,27.330988,12.470685,1.976586,5.563299,15.399426,0.858740,0.056209,5.168539,4.000000,31.392175,1.292135,2.000000,58.107358,36.453202,38.341544,0.000000,2.086633,2.556585,-0.469952,23.826852,24.179069,17.769047,0.827789,4.556429,14.232857,0.670871,0.048850,19.709469,16.000000,250.341686,1.231842,1.000000,71.058832,75.057737,77.274318,1.000000,2.764915,2.780846,-0.015931,24.064044,32.505853,13.940189,3.696991,7.589604,16.779373,0.780607,0.136807,7.298421,1.000000,90.515464,7.298421,2.000000,75.251960,89.039039,84.106276,0.000000,1.134984,0.315818,0.819166,16.657543,18.851533,20.055412,5.812169,6.487924,13.519374,1.136368,0.096970,8.770344,11.000000,191.699605,0.797304,1.000000,69.390843,90.721649,83.549403,1.000000,0.739833,0.113872,0.625961,17.700873,27.178098,14.523120,4.025797,4.362984,11.442392,1.074671,0.072992,4.374892,4.000000,93.357934,1.093723,2.000000,41.860521,18.076923,28.726455,1.000000,-0.636681,-0.614565,-0.022116,19.767330,15.223475,26.441490,-1.492222,-2.126551,6.023812,0.161482,0.043433,4.916546,11.000000,72.654155,0.446959,3.000000,52.771283,79.704797,62.910858,1.000000,-0.512129,-0.657511,0.145382,19.904960,20.184511,20.210480,0.884349,0.440419,8.881390,0.653041,0.058301,6.338148,7.000000,165.777778,0.905450,4.000000,33.131761,6.166220,14.879850,0.000000,-0.730019,-0.370669,-0.359349,18.341611,13.665800,31.558694,-3.579287,-3.578404,6.603886,-0.188174,0.050214,3.975265,6.000000,48.491379,0.662544,3.000000,7.576747,19.000000,71.715611,0.398776,2.000000,11.813036,24.000000,145.067265,0.492210,1.000000,7.529968,6.000000,28.904731,1.254995,2.000000,35.228311,67.000000,381.930693,0.525796,1.000000,8.444816,20.000000,71.886121,0.422241,2.000000,13.311227,6.000000,182.467532,2.218538,7.000000,6.799117,4.000000,122.222222,1.699779,4.000000,5.890603,8.000000,72.000000,0.736325,3.000000,7.562662,8.000000,,0.945333,0.000000,0.000000,0.000000,,0.000000,0.000000,,,,,,4.000000,2.000000,207.000000,-1.000000,,,,0.000000,80.000000,80.000000,0.000000,0.000000,0.000000,0.000000,0.000000,0.000000,0.000000,0.000000,0.500000,0.000000,,0.000000,,0.000000,67.567568,67.567568,0.000000,0.000000,0.000000,0.000000,0.000000,0.000000,0.000000,0.000000,0.500000,0.000000,0.826725,0.714286,15.000000,250.341686,31.392175,4.604512,1.478095
2023-05-07T18:30:00Z,1.586863,no_impulse,0,ITC,1d,1.000000,266.913580,17.260099,31.000000,0.556777,4.607455,8.541492,19.012813,6.073785,6.000000,119.822485,1.012298,4.000000,47.618925,24.691358,30.815423,0.000000,0.921343,1.504914,-0.583571,22.330664,16.948904,20.421870,-1.244272,1.705008,11.885261,0.234991,0.046375,5.339652,5.000000,97.971014,1.067930,3.000000,61.238143,68.115942,77.294686,0.000000,1.856260,2.057050,-0.200790,26.032510,27.330988,12.470685,1.976586,5.563299,15.399426,0.858740,0.056209,5.168539,4.000000,31.392175,1.292135,2.000000,58.107358,36.453202,38.341544,0.000000,2.086633,2.556585,-0.469952,23.826852,24.179069,17.769047,0.827789,4.556429,14.232857,0.670871,0.048850,19.709469,16.000000,250.341686,1.231842,1.000000,71.058832,75.057737,77.274318,1.000000,2.764915,2.780846,-0.015931,24.064044,32.505853,13.940189,3.696991,7.589604,16.779373,0.780607,0.136807,7.298421,1.000000,90.515464,7.298421,2.000000,75.251960,89.039039,84.106276,0.000000,1.134984,0.315818,0.819166,16.657543,18.851533,20.055412,5.812169,6.487924,13.519374,1.136368,0.096970,8.770344,11.000000,191.699605,0.797304,1.000000,69.390843,90.721649,83.549403,1.000000,0.739833,0.113872,0.625961,17.700873,27.178098,14.523120,4.025797,4.362984,11.442392,1.074671,0.072992,4.374892,4.000000,93.357934,1.093723,2.000000,41.860521,18.076923,28.726455,1.000000,-0.636681,-0.614565,-0.022116,19.767330,15.223475,26.441490,-1.492222,-2.126551,6.023812,0.161482,0.043433,4.916546,11.000000,72.654155,0.446959,3.000000,52.771283,79.704797,62.910858,1.000000,-0.512129,-0.657511,0.145382,19.904960,20.184511,20.210480,0.884349,0.440419,8.881390,0.653041,0.058301,6.338148,7.000000,165.777778,0.905450,4.000000,3.975265,6.000000,48.491379,0.662544,3.000000,7.576747,19.000000,71.715611,0.398776,2.000000,11.813036,24.000000,145.067265,0.492210,1.000000,7.529968,6.000000,28.904731,1.254995,2.000000,35.228311,67.000000,381.930693,0.525796,1.000000,8.444816,20.000000,71.886121,0.422241,2.000000,13.311227,6.000000,182.467532,2.218538,7.000000,6.799117,4.000000,122.222222,1.699779,4.000000,5.890603,8.000000,72.000000,0.736325,3.000000,7.562662,8.000000,,0.945333,0.000000,0.000000,0.000000,,0.000000,0.000000,7.000000,3.000000,238.000000,-1.000000,,,,87.029665,94.645669,91.904158,1.739928,1.179807,0.560121,54.858248,23.032626,0.399214,3.846286,5.558117,0.861727,0.110585,,0.000000,,0.000000,67.567568,67.567568,0.000000,0.000000,0.000000,0.000000,0.000000,0.000000,0.000000,0.000000,0.500000,0.000000,2.398400,4.366197,46.000000,250.341686,31.392175,4.620673,0.463466
2023-05-18T18:30:00Z,1.506050,no_impulse,0,ITC,1d,-1.000000,34.597595,5.092593,9.000000,0.565844,0.359753,3.965750,15.269057,17.260099,31.000000,266.913580,0.556777,7.000000,80.455853,94.645669,91.904158,1.000000,2.704189,2.282954,0.421235,51.840659,35.172170,3.665944,4.607455,8.541492,19.012813,0.856266,0.135573,6.073785,6.000000,119.822485,1.012298,4.000000,47.618925,24.691358,30.815423,0.000000,0.921343,1.504914,-0.583571,22.330664,16.948904,20.421870,-1.244272,1.705008,11.885261,0.234991,0.046375,5.339652,5.000000,97.971014,1.067930,3.000000,61.238143,68.115942,77.294686,0.000000,1.856260,2.057050,-0.200790,26.032510,27.330988,12.470685,1.976586,5.563299,15.399426,0.858740,0.056209,5.168539,4.000000,31.392175,1.292135,2.000000,58.107358,36.453202,38.341544,0.000000,2.086633,2.556585,-0.469952,23.826852,24.179069,17.769047,0.827789,4.556429,14.232857,0.670871,0.048850,19.709469,16.000000,250.341686,1.231842,1.000000,71.058832,75.057737,77.274318,1.000000,2.764915,2.780846,-0.015931,24.064044,32.505853,13.940189,3.696991,7.589604,16.779373,0.780607,0.136807,7.298421,1.000000,90.515464,7.298421,2.000000,75.251960,89.039039,84.106276,0.000000,1.134984,0.315818,0.819166,16.657543,18.851533,20.055412,5.812169,6.487924,13.519374,1.136368,0.096970,8.770344,11.000000,191.699605,0.797304,1.000000,69.390843,90.721649,83.549403,1.000000,0.739833,0.113872,0.625961,17.700873,27.178098,14.523120,4.025797,4.362984,11.442392,1.074671,0.072992,4.374892,4.000000,93.357934,1.093723,2.000000,41.860521,18.076923,28.726455,1.000000,-0.636681,-0.614565,-0.022116,19.767330,15.223475,26.441490,-1.492222,-2.126551,6.023812,0.161482,0.043433,4.916546,11.000000,72.654155,0.446959,3.000000,6.338148,7.000000,165.777778,0.905450,4.000000,3.975265,6.000000,48.491379,0.662544,3.000000,7.576747,19.000000,71.715611,0.398776,2.000000,11.813036,24.000000,145.067265,0.492210,1.000000,7.529968,6.000000,28.904731,1.254995,2.000000,35.228311,67.000000,381.930693,0.525796,1.000000,8.444816,20.000000,71.886121,0.422241,2.000000,13.311227,6.000000,182.467532,2.218538,7.000000,6.799117,4.000000,122.222222,1.699779,4.000000,5.890603,8.000000,72.000000,0.736325,3.000000,7.562662,8.000000,,0.945333,0.000000,2.000000,1.000000,9.000000,-1.000000,,,,53.129357,38.502674,47.655394,1.063707,1.307090,-0.243383,40.916712,15.382397,17.720867,0.041997,1.827077,0.506636,0.063312,,0.000000,,0.000000,67.567568,67.567568,0.000000,0.000000,0.000000,0.000000,0.000000,0.000000,0.000000,0.000000,0.500000,0.000000,0.597372,0.937500,9.000000,266.913580,31.392175,5.430433,0.891135
2023-05-30T18:30:00Z,1.654710,no_impulse,0,ITC,1d,1.000000,183.957219,9.870875,8.000000,1.233859,3.246434,7.208172,18.691485,5.092593,9.000000,34.597595,0.565844,2.000000,55.641213,38.502674,47.655394,1.000000,1.625443,2.043724,-0.418281,40.454286,20.242829,20.038414,0.359753,3.965750,15.269057,0.556846,0.063514,17.260099,31.000000,266.913580,0.556777,7.000000,80.455853,94.645669,91.904158,1.000000,2.704189,2.282954,0.421235,51.840659,35.172170,3.665944,4.607455,8.541492,19.012813,0.856266,0.135573,6.073785,6.000000,119.822485,1.012298,4.000000,47.618925,24.691358,30.815423,0.000000,0.921343,1.504914,-0.583571,22.330664,16.948904,20.421870,-1.244272,1.705008,11.885261,0.234991,0.046375,5.339652,5.000000,97.971014,1.067930,3.000000,61.238143,68.115942,77.294686,0.000000,1.856260,2.057050,-0.200790,26.032510,27.330988,12.470685,1.976586,5.563299,15.399426,0.858740,0.056209,5.168539,4.000000,31.392175,1.292135,2.000000,58.107358,36.453202,38.341544,0.000000,2.086633,2.556585,-0.469952,23.826852,24.179069,17.769047,0.827789,4.556429,14.232857,0.670871,0.048850,19.709469,16.000000,250.341686,1.231842,1.000000,71.058832,75.057737,77.274318,1.000000,2.764915,2.780846,-0.015931,24.064044,32.505853,13.940189,3.696991,7.589604,16.779373,0.780607,0.136807,7.298421,1.000000,90.515464,7.298421,2.000000,75.251960,89.039039,84.106276,0.000000,1.134984,0.315818,0.819166,16.657543,18.851533,20.055412,5.812169,6.487924,13.519374,1.136368,0.096970,8.770344,11.000000,191.699605,0.797304,1.000000,69.390843,90.721649,83.549403,1.000000,0.739833,0.113872,0.625961,17.700873,27.178098,14.523120,4.025797,4.362984,11.442392,1.074671,0.072992,4.374892,4.000000,93.357934,1.093723,2.000000,4.916546,11.000000,72.654155,0.446959,3.000000,6.338148,7.000000,165.777778,0.905450,4.000000,3.975265,6.000000,48.491379,0.662544,3.000000,7.576747,19.000000,71.715611,0.398776,2.000000,11.813036,24.000000,145.067265,0.492210,1.000000,7.529968,6.000000,28.904731,1.254995,2.000000,35.228311,67.000000,381.930693,0.525796,1.000000,8.444816,20.000000,71.886121,0.422241,2.000000,13.311227,6.000000,182.467532,2.218538,7.000000,6.799117,4.000000,122.222222,1.699779,4.000000,5.890603,8.000000,72.000000,0.736325,3.000000,1.000000,2.000000,17.000000,-1.000000,,,,69.121823,84.011628,90.874922,1.950878,1.557203,0.393675,36.322638,27.444349,12.353930,3.111956,5.744534,0.857887,0.089747,,0.000000,,0.000000,67.567568,67.567568,0.000000,0.000000,0.000000,0.000000,0.000000,0.000000,0.000000,0.000000,0.500000,0.000000,1.175043,0.816327,17.000000,266.913580,31.392175,5.500003,0.940724
2023-06-11T18:30:00Z,1.588375,no_impulse,0,ITC,1d,-1.000000,44.622093,4.008880,8.000000,0.501110,0.115926,3.659613,15.711478,9.870875,8.000000,183.957219,1.233859,1.000000,69.087595,84.011628,90.874922,0.000000,2.250744,1.973641,0.277103,36.887655,30.416924,13.457629,3.246434,7.208172,18.691485,0.873352,0.089871,5.092593,9.000000,34.597595,0.565844,2.000000,55.641213,38.502674,47.655394,1.000000,1.625443,2.043724,-0.418281,40.454286,20.242829,20.038414,0.359753,3.965750,15.269057,0.556846,0.063514,17.260099,31.000000,266.913580,0.556777,7.000000,80.455853,94.645669,91.904158,1.000000,2.704189,2.282954,0.421235,51.840659,35.172170,3.665944,4.607455,8.541492,19.012813,0.856266,0.135573,6.073785,6.000000,119.822485,1.012298,4.000000,47.618925,24.691358,30.815423,0.000000,0.921343,1.504914,-0.583571,22.330664,16.948904,20.421870,-1.244272,1.705008,11.885261,0.234991,0.046375,5.339652,5.000000,97.971014,1.067930,3.000000,61.238143,68.115942,77.294686,0.000000,1.856260,2.057050,-0.200790,26.032510,27.330988,12.470685,1.976586,5.563299,15.399426,0.858740,0.056209,5.168539,4.000000,31.392175,1.292135,2.000000,58.107358,36.453202,38.341544,0.000000,2.086633,2.556585,-0.469952,23.826852,24.179069,17.769047,0.827789,4.556429,14.232857,0.670871,0.048850,19.709469,16.000000,250.341686,1.231842,1.000000,71.058832,75.057737,77.274318,1.000000,2.764915,2.780846,-0.015931,24.064044,32.505853,13.940189,3.696991,7.589604,16.779373,0.780607,0.136807,7.298421,1.000000,90.515464,7.298421,2.000000,75.251960,89.039039,84.106276,0.000000,1.134984,0.315818,0.819166,16.657543,18.851533,20.055412,5.812169,6.487924,13.519374,1.136368,0.096970,8.770344,11.000000,191.699605,0.797304,1.000000,4.374892,4.000000,93.357934,1.093723,2.000000,4.916546,11.000000,72.654155,0.446959,3.000000,6.338148,7.000000,165.777778,0.905450,4.000000,3.975265,6.000000,48.491379,0.662544,3.000000,7.576747,19.000000,71.715611,0.398776,2.000000,11.813036,24.000000,145.067265,0.492210,1.000000,7.529968,6.000000,28.904731,1.254995,2.000000,35.228311,67.000000,381.930693,0.525796,1.000000,8.444816,20.000000,71.886121,0.422241,2.000000,13.311227,6.000000,182.467532,2.218538,7.000000,6.799117,4.000000,122.222222,1.699779,4.000000,2.000000,3.000000,25.000000,-1.000000,,,,53.912600,39.858491,54.459368,1.267503,1.554342,-0.286839,30.608064,20.426856,18.198580,0.054359,2.576023,0.506437,0.084499,,0.000000,,0.000000,67.567568,67.567568,0.000000,0.000000,0.000000,0.000000,0.000000,0.000000,0.000000,0.000000,0.500000,0.000000,0.450645,0.842105,71.000000,266.913580,31.392175,5.372983,1.943289
2023-07-23T18:30:00Z,1.829516,no_impulse,0,ITC,1d,1.000000,363.517915,15.181608,29.000000,0.523504,0.327447,4.056256,16.783022,4.008880,8.000000,44.622093,0.501110,2.000000,54.698527,39.858491,54.459368,0.000000,1.436389,1.795720,-0.359331,31.514354,22.166192,18.993837,0.115926,3.659613,15.711478,0.513727,0.084551,9.870875,8.000000,183.957219,1.233859,1.000000,69.087595,84.011628,90.874922,0.000000,2.250744,1.973641,0.277103,36.887655,30.416924,13.457629,3.246434,7.208172,18.691485,0.873352,0.089871,5.092593,9.000000,34.597595,0.565844,2.000000,55.641213,38.502674,47.655394,1.000000,1.625443,2.043724,-0.418281,40.454286,20.242829,20.038414,0.359753,3.965750,15.269057,0.556846,0.063514,17.260099,31.000000,266.913580,0.556777,7.000000,80.455853,94.645669,91.904158,1.000000,2.704189,2.282954,0.421235,51.840659,35.172170,3.665944,4.607455,8.541492,19.012813,0.856266,0.135573,6.073785,6.000000,119.822485,1.012298,4.000000,47.618925,24.691358,30.815423,0.000000,0.921343,1.504914,-0.583571,22.330664,16.948904,20.421870,-1.244272,1.705008,11.885261,0.234991,0.046375,5.339652,5.000000,97.971014,1.067930,3.000000,61.238143,68.115942,77.294686,0.000000,1.856260,2.057050,-0.200790,26.032510,27.330988,12.470685,1.976586,5.563299,15.399426,0.858740,0.056209,5.168539,4.000000,31.392175,1.292135,2.000000,58.107358,36.453202,38.341544,0.000000,2.086633,2.556585,-0.469952,23.826852,24.179069,17.769047,0.827789,4.556429,14.232857,0.670871,0.048850,19.709469,16.000000,250.341686,1.231842,1.000000,71.058832,75.057737,77.274318,1.000000,2.764915,2.780846,-0.015931,24.064044,32.505853,13.940189,3.696991,7.589604,16.779373,0.780607,0.136807,7.298421,1.000000,90.515464,7.298421,2.000000,8.770344,11.000000,191.699605,0.797304,1.000000,4.374892,4.000000,93.357934,1.093723,2.000000,4.916546,11.000000,72.654155,0.446959,3.000000,6.338148,7.000000,165.777778,0.905450,4.000000,3.975265,6.000000,48.491379,0.662544,3.000000,7.576747,19.000000,71.715611,0.398776,2.000000,11.813036,24.000000,145.067265,0.492210,1.000000,7.529968,6.000000,28.904731,1.254995,2.000000,35.228311,67.000000,381.930693,0.525796,1.000000,8.444816,20.000000,71.886121,0.422241,2.000000,13.311227,6.000000,182.467532,2.218538,7.000000,1.000000,4.000000,54.000000,-1.000000,,,,54.698264,21.276596,66.198395,1.945923,1.895665,0.050258,40.887457,29.587688,19.219531,0.324315,3.741413,0.530774,0.105728,,0.000000,,0.000000,67.567568,67.567568,0.000000,0.000000,0.000000,0.000000,0.000000,0.000000,0.000000,0.000000,0.500000,0.000000,1.713642,2.929293,100.000000,266.913580,31.392175,5.408332,0.661668
2023-08-30T18:30:00Z,1.596586,no_impulse,0,ITC,1d,-1.000000,96.594982,12.731782,27.000000,0.471547,-2.107397,-2.582810,7.564474,15.181608,29.000000,363.517915,0.523504,1.000000,54.758144,21.276596,66.198395,0.000000,1.963049,1.920796,0.042253,41.137263,29.746508,19.287467,0.327447,4.056256,16.783022,0.531071,0.105731,4.008880,8.000000,44.622093,0.501110,2.000000,54.698527,39.858491,54.459368,0.000000,1.436389,1.795720,-0.359331,31.514354,22.166192,18.993837,0.115926,3.659613,15.711478,0.513727,0.084551,9.870875,8.000000,183.957219,1.233859,1.000000,69.087595,84.011628,90.874922,0.000000,2.250744,1.973641,0.277103,36.887655,30.416924,13.457629,3.246434,7.208172,18.691485,0.873352,0.089871,5.092593,9.000000,34.597595,0.565844,2.000000,55.641213,38.502674,47.655394,1.000000,1.625443,2.043724,-0.418281,40.454286,20.242829,20.038414,0.359753,3.965750,15.269057,0.556846,0.063514,17.260099,31.000000,266.913580,0.556777,7.000000,80.455853,94.645669,91.904158,1.000000,2.704189,2.282954,0.421235,51.840659,35.172170,3.665944,4.607455,8.541492,19.012813,0.856266,0.135573,6.073785,6.000000,119.822485,1.012298,4.000000,47.618925,24.691358,30.815423,0.000000,0.921343,1.504914,-0.583571,22.330664,16.948904,20.421870,-1.244272,1.705008,11.885261,0.234991,0.046375,5.339652,5.000000,97.971014,1.067930,3.000000,61.238143,68.115942,77.294686,0.000000,1.856260,2.057050,-0.200790,26.032510,27.330988,12.470685,1.976586,5.563299,15.399426,0.858740,0.056209,5.168539,4.000000,31.392175,1.292135,2.000000,58.107358,36.453202,38.341544,0.000000,2.086633,2.556585,-0.469952,23.826852,24.179069,17.769047,0.827789,4.556429,14.232857,0.670871,0.048850,19.709469,16.000000,250.341686,1.231842,1.000000,7.298421,1.000000,90.515464,7.298421,2.000000,8.770344,11.000000,191.699605,0.797304,1.000000,4.374892,4.000000,93.357934,1.093723,2.000000,4.916546,11.000000,72.654155,0.446959,3.000000,6.338148,7.000000,165.777778,0.905450,4.000000,3.975265,6.000000,48.491379,0.662544,3.000000,7.576747,19.000000,71.715611,0.398776,2.000000,11.813036,24.000000,145.067265,0.492210,1.000000,7.529968,6.000000,28.904731,1.254995,2.000000,35.228311,67.000000,381.930693,0.525796,1.000000,8.444816,20.000000,71.886121,0.422241,2.000000,2.000000,5.000000,81.000000,-1.000000,,,,38.546816,16.897507,15.191393,-1.159790,-1.000848,-0.158942,17.967995,15.485855,26.630745,-2.107622,-2.697405,0.101318,0.051774,,0.000000,,0.000000,67.567568,67.567568,0.000000,0.000000,0.000000,0.000000,0.000000,0.000000,0.000000,0.000000,0.500000,0.000000,1.340132,2.307692,127.000000,363.517915,31.392175,5.764876,1.022334
2023-09-12T18:30:00Z,1.673077,no_impulse,0,ITC,1d,1.000000,32.838590,4.790905,9.000000,0.532323,1.318310,0.883705,9.636148,12.731782,27.000000,96.594982,0.471547,2.000000,38.569081,16.897507,15.191393,1.000000,-1.157489,-0.997465,-0.160024,17.962821,15.509771,26.644417,-2.107397,-2.582810,7.564474,0.101361,0.051774,15.181608,29.000000,363.517915,0.523504,1.000000,54.758144,21.276596,66.198395,0.000000,1.963049,1.920796,0.042253,41.137263,29.746508,19.287467,0.327447,4.056256,16.783022,0.531071,0.105731,4.008880,8.000000,44.622093,0.501110,2.000000,54.698527,39.858491,54.459368,0.000000,1.436389,1.795720,-0.359331,31.514354,22.166192,18.993837,0.115926,3.659613,15.711478,0.513727,0.084551,9.870875,8.000000,183.957219,1.233859,1.000000,69.087595,84.011628,90.874922,0.000000,2.250744,1.973641,0.277103,36.887655,30.416924,13.457629,3.246434,7.208172,18.691485,0.873352,0.089871,5.092593,9.000000,34.597595,0.565844,2.000000,55.641213,38.502674,47.655394,1.000000,1.625443,2.043724,-0.418281,40.454286,20.242829,20.038414,0.359753,3.965750,15.269057,0.556846,0.063514,17.260099,31.000000,266.913580,0.556777,7.000000,80.455853,94.645669,91.904158,1.000000,2.704189,2.282954,0.421235,51.840659,35.172170,3.665944,4.607455,8.541492,19.012813,0.856266,0.135573,6.073785,6.000000,119.822485,1.012298,4.000000,47.618925,24.691358,30.815423,0.000000,0.921343,1.504914,-0.583571,22.330664,16.948904,20.421870,-1.244272,1.705008,11.885261,0.234991,0.046375,5.339652,5.000000,97.971014,1.067930,3.000000,61.238143,68.115942,77.294686,0.000000,1.856260,2.057050,-0.200790,26.032510,27.330988,12.470685,1.976586,5.563299,15.399426,0.858740,0.056209,5.168539,4.000000,31.392175,1.292135,2.000000,19.709469,16.000000,250.341686,1.231842,1.000000,7.298421,1.000000,90.515464,7.298421,2.000000,8.770344,11.000000,191.699605,0.797304,1.000000,4.374892,4.000000,93.357934,1.093723,2.000000,4.916546,11.000000,72.654155,0.446959,3.000000,6.338148,7.000000,165.777778,0.905450,4.000000,3.975265,6.000000,48.491379,0.662544,3.000000,7.576747,19.000000,71.715611,0.398776,2.000000,11.813036,24.000000,145.067265,0.492210,1.000000,7.529968,6.000000,28.904731,1.254995,2.000000,35.228311,67.000000,381.930693,0.525796,1.000000,3.000000,1.000000,90.000000,-1.000000,,,,55.212743,83.333333,74.307708,-0.359773,-0.737269,0.377496,16.647765,21.419817,18.124964,1.318221,0.806193,0.811204,0.042925,,0.000000,,0.000000,67.567568,67.567568,0.000000,0.000000,0.000000,0.000000,0.000000,0.000000,0.000000,0.000000,0.500000,0.000000,0.477005,0.629371,241.000000,363.517915,31.392175,5.790272,0.990650
2023-10-03T18:30:00Z,1.586214,no_impulse,0,ITC,1d,-1.000000,113.559322,5.191786,13.000000,0.399368,-2.006072,-2.628426,5.040277,4.790905,9.000000,32.838590,0.532323,3.000000,55.218125,83.333333,74.307708,0.000000,-0.358657,-0.735628,0.376971,16.634474,21.434017,18.131381,1.318310,0.883705,9.636148,0.811225,0.042925,12.731782,27.000000,96.594982,0.471547,2.000000,38.569081,16.897507,15.191393,1.000000,-1.157489,-0.997465,-0.160024,17.962821,15.509771,26.644417,-2.107397,-2.582810,7.564474,0.101361,0.051774,15.181608,29.000000,363.517915,0.523504,1.000000,54.758144,21.276596,66.198395,0.000000,1.963049,1.920796,0.042253,41.137263,29.746508,19.287467,0.327447,4.056256,16.783022,0.531071,0.105731,4.008880,8.000000,44.622093,0.501110,2.000000,54.698527,39.858491,54.459368,0.000000,1.436389,1.795720,-0.359331,31.514354,22.166192,18.993837,0.115926,3.659613,15.711478,0.513727,0.084551,9.870875,8.000000,183.957219,1.233859,1.000000,69.087595,84.011628,90.874922,0.000000,2.250744,1.973641,0.277103,36.887655,30.416924,13.457629,3.246434,7.208172,18.691485,0.873352,0.089871,5.092593,9.000000,34.597595,0.565844,2.000000,55.641213,38.502674,47.655394,1.000000,1.625443,2.043724,-0.418281,40.454286,20.242829,20.038414,0.359753,3.965750,15.269057,0.556846,0.063514,17.260099,31.000000,266.913580,0.556777,7.000000,80.455853,94.645669,91.904158,1.000000,2.704189,2.282954,0.421235,51.840659,35.172170,3.665944,4.607455,8.541492,19.012813,0.856266,0.135573,6.073785,6.000000,119.822485,1.012298,4.000000,47.618925,24.691358,30.815423,0.000000,0.921343,1.504914,-0.583571,22.330664,16.948904,20.421870,-1.244272,1.705008,11.885261,0.234991,0.046375,5.339652,5.000000,97.971014,1.067930,3.000000,5.168539,4.000000,31.392175,1.292135,2.000000,19.709469,16.000000,250.341686,1.231842,1.000000,7.298421,1.000000,90.515464,7.298421,2.000000,8.770344,11.000000,191.699605,0.797304,1.000000,4.374892,4.000000,93.357934,1.093723,2.000000,4.916546,11.000000,72.654155,0.446959,3.000000,6.338148,7.000000,165.777778,0.905450,4.000000,3.975265,6.000000,48.491379,0.662544,3.000000,7.576747,19.000000,71.715611,0.398776,2.000000,11.813036,24.000000,145.067265,0.492210,1.000000,7.529968,6.000000,28.904731,1.254995,2.000000,4.000000,2.000000,103.000000,-1.000000,,,,39.899108,11.940299,17.271239,-0.546785,-0.373259,-0.173525,12.961418,13.389668,21.160930,-2.006097,-2.676345,0.024586,0.041367,,0.000000,,0.000000,67.567568,67.567568,0.000000,0.000000,0.000000,0.000000,0.000000,0.000000,0.000000,0.000000,0.500000,0.000000,0.607094,0.955882,103.000000,363.517915,31.392175,4.872308,1.723788
2023-10-17T18:30:00Z,1.677398,no_impulse,0,ITC,1d,1.000000,104.975124,5.748536,10.000000,0.574854,1.105177,0.953981,7.632165,5.191786,13.000000,113.559322,0.399368,4.000000,39.903310,11.940299,17.271239,1.000000,-0.546358,-0.372632,-0.173726,12.950068,13.394507,21.163470,-2.006072,-2.628426,5.040277,0.024592,0.041367,4.790905,9.000000,32.838590,0.532323,3.000000,55.218125,83.333333,74.307708,0.000000,-0.358657,-0.735628,0.376971,16.634474,21.434017,18.131381,1.318310,0.883705,9.636148,0.811225,0.042925,12.731782,27.000000,96.594982,0.471547,2.000000,38.569081,16.897507,15.191393,1.000000,-1.157489,-0.997465,-0.160024,17.962821,15.509771,26.644417,-2.107397,-2.582810,7.564474,0.101361,0.051774,15.181608,29.000000,363.517915,0.523504,1.000000,54.758144,21.276596,66.198395,0.000000,1.963049,1.920796,0.042253,41.137263,29.746508,19.287467,0.327447,4.056256,16.783022,0.531071,0.105731,4.008880,8.000000,44.622093,0.501110,2.000000,54.698527,39.858491,54.459368,0.000000,1.436389,1.795720,-0.359331,31.514354,22.166192,18.993837,0.115926,3.659613,15.711478,0.513727,0.084551,9.870875,8.000000,183.957219,1.233859,1.000000,69.087595,84.011628,90.874922,0.000000,2.250744,1.973641,0.277103,36.887655,30.416924,13.457629,3.246434,7.208172,18.691485,0.873352,0.089871,5.092593,9.000000,34.597595,0.565844,2.000000,55.641213,38.502674,47.655394,1.000000,1.625443,2.043724,-0.418281,40.454286,20.242829,20.038414,0.359753,3.965750,15.269057,0.556846,0.063514,17.260099,31.000000,266.913580,0.556777,7.000000,80.455853,94.645669,91.904158,1.000000,2.704189,2.282954,0.421235,51.840659,35.172170,3.665944,4.607455,8.541492,19.012813,0.856266,0.135573,6.073785,6.000000,119.822485,1.012298,4.000000,5.339652,5.000000,97.971014,1.067930,3.000000,5.168539,4.000000,31.392175,1.292135,2.000000,19.709469,16.000000,250.341686,1.231842,1.000000,7.298421,1.000000,90.515464,7.298421,2.000000,8.770344,11.000000,191.699605,0.797304,1.000000,4.374892,4.000000,93.357934,1.093723,2.000000,4.916546,11.000000,72.654155,0.446959,3.000000,6.338148,7.000000,165.777778,0.905450,4.000000,3.975265,6.000000,48.491379,0.662544,3.000000,7.576747,19.000000,71.715611,0.398776,2.000000,11.813036,24.000000,145.067265,0.492210,1.000000,7.000000,3.000000,113.000000,-1.000000,,,,56.007017,73.933649,83.593268,0.195701,-0.115355,0.311056,15.466656,23.931312,12.078210,1.105168,0.922970,0.744171,0.045768,,0.000000,,0.000000,67.567568,67.567568,0.000000,0.000000,0.000000,0.000000,0.000000,0.000000,0.000000,0.000000,0.500000,0.000000,0.672014,0.689655,113.000000,363.517915,32.838590,4.870520,0.781604
2023-10-31T18:30:00Z,1.557692,no_impulse,0,ITC,1d,-1.000000,131.279621,7.136416,9.000000,0.792935,-2.495127,-3.572426,2.189619,5.748536,10.000000,104.975124,0.574854,7.000000,56.008053,73.933649,83.593268,0.000000,0.195892,-0.115074,0.310966,15.460831,23.934205,12.079314,1.105177,0.953981,7.632165,0.744173,0.045768,5.191786,13.000000,113.559322,0.399368,4.000000,39.903310,11.940299,17.271239,1.000000,-0.546358,-0.372632,-0.173726,12.950068,13.394507,21.163470,-2.006072,-2.628426,5.040277,0.024592,0.041367,4.790905,9.000000,32.838590,0.532323,3.000000,55.218125,83.333333,74.307708,0.000000,-0.358657,-0.735628,0.376971,16.634474,21.434017,18.131381,1.318310,0.883705,9.636148,0.811225,0.042925,12.731782,27.000000,96.594982,0.471547,2.000000,38.569081,16.897507,15.191393,1.000000,-1.157489,-0.997465,-0.160024,17.962821,15.509771,26.644417,-2.107397,-2.582810,7.564474,0.101361,0.051774,15.181608,29.000000,363.517915,0.523504,1.000000,54.758144,21.276596,66.198395,0.000000,1.963049,1.920796,0.042253,41.137263,29.746508,19.287467,0.327447,4.056256,16.783022,0.531071,0.105731,4.008880,8.000000,44.622093,0.501110,2.000000,54.698527,39.858491,54.459368,0.000000,1.436389,1.795720,-0.359331,31.514354,22.166192,18.993837,0.115926,3.659613,15.711478,0.513727,0.084551,9.870875,8.000000,183.957219,1.233859,1.000000,69.087595,84.011628,90.874922,0.000000,2.250744,1.973641,0.277103,36.887655,30.416924,13.457629,3.246434,7.208172,18.691485,0.873352,0.089871,5.092593,9.000000,34.597595,0.565844,2.000000,55.641213,38.502674,47.655394,1.000000,1.625443,2.043724,-0.418281,40.454286,20.242829,20.038414,0.359753,3.965750,15.269057,0.556846,0.063514,17.260099,31.000000,266.913580,0.556777,7.000000,6.073785,6.000000,119.822485,1.012298,4.000000,5.339652,5.000000,97.971014,1.067930,3.000000,5.168539,4.000000,31.392175,1.292135,2.000000,19.709469,16.000000,250.341686,1.231842,1.000000,7.298421,1.000000,90.515464,7.298421,2.000000,8.770344,11.000000,191.699605,0.797304,1.000000,4.374892,4.000000,93.357934,1.093723,2.000000,4.916546,11.000000,72.654155,0.446959,3.000000,6.338148,7.000000,165.777778,0.905450,4.000000,3.975265,6.000000,48.491379,0.662544,3.000000,7.576747,19.000000,71.715611,0.398776,2.000000,4.000000,4.000000,9.000000,-1.000000,,,,33.989657,7.942238,7.761049,-1.002546,-0.584564,-0.417982,22.128516,11.529981,27.271913,-2.495131,-3.595254,0.171153,0.074028,,0.000000,,0.000000,67.567568,67.567568,0.000000,0.000000,0.000000,0.000000,0.000000,0.000000,0.000000,0.000000,0.500000,0.000000,0.830290,0.600000,122.000000,363.517915,32.838590,4.842169,0.492798
2023-12-06T18:30:00Z,1.701599,no_impulse,0,ITC,1d,1.000000,120.216606,9.238452,25.000000,0.369538,2.922799,3.356493,7.521485,7.136416,9.000000,131.279621,0.792935,4.000000,33.991225,7.942238,7.761049,1.000000,-1.002445,-0.584416,-0.418029,22.124121,11.531185,27.272641,-2.495127,-3.572426,2.189619,0.171153,0.074028,5.748536,10.000000,104.975124,0.574854,7.000000,56.008053,73.933649,83.593268,0.000000,0.195892,-0.115074,0.310966,15.460831,23.934205,12.079314,1.105177,0.953981,7.632165,0.744173,0.045768,5.191786,13.000000,113.559322,0.399368,4.000000,39.903310,11.940299,17.271239,1.000000,-0.546358,-0.372632,-0.173726,12.950068,13.394507,21.163470,-2.006072,-2.628426,5.040277,0.024592,0.041367,4.790905,9.000000,32.838590,0.532323,3.000000,55.218125,83.333333,74.307708,0.000000,-0.358657,-0.735628,0.376971,16.634474,21.434017,18.131381,1.318310,0.883705,9.636148,0.811225,0.042925,12.731782,27.000000,96.594982,0.471547,2.000000,38.569081,16.897507,15.191393,1.000000,-1.157489,-0.997465,-0.160024,17.962821,15.509771,26.644417,-2.107397,-2.582810,7.564474,0.101361,0.051774,15.181608,29.000000,363.517915,0.523504,1.000000,54.758144,21.276596,66.198395,0.000000,1.963049,1.920796,0.042253,41.137263,29.746508,19.287467,0.327447,4.056256,16.783022,0.531071,0.105731,4.008880,8.000000,44.622093,0.501110,2.000000,54.698527,39.858491,54.459368,0.000000,1.436389,1.795720,-0.359331,31.514354,22.166192,18.993837,0.115926,3.659613,15.711478,0.513727,0.084551,9.870875,8.000000,183.957219,1.233859,1.000000,69.087595,84.011628,90.874922,0.000000,2.250744,1.973641,0.277103,36.887655,30.416924,13.457629,3.246434,7.208172,18.691485,0.873352,0.089871,5.092593,9.000000,34.597595,0.565844,2.000000,17.260099,31.000000,266.913580,0.556777,7.000000,6.073785,6.000000,119.822485,1.012298,4.000000,5.339652,5.000000,97.971014,1.067930,3.000000,5.168539,4.000000,31.392175,1.292135,2.000000,19.709469,16.000000,250.341686,1.231842,1.000000,7.298421,1.000000,90.515464,7.298421,2.000000,8.770344,11.000000,191.699605,0.797304,1.000000,4.374892,4.000000,93.357934,1.093723,2.000000,4.916546,11.000000,72.654155,0.446959,3.000000,6.338148,7.000000,165.777778,0.905450,4.000000,3.975265,6.000000,48.491379,0.662544,3.000000,7.000000,5.000000,34.000000,-1.000000,,,,64.276865,78.034682,82.816360,0.970776,0.381898,0.588877,21.769400,31.485810,10.373172,2.922798,3.348646,0.905885,0.074179,,0.000000,,0.000000,67.567568,67.567568,0.000000,0.000000,0.000000,0.000000,0.000000,0.000000,0.000000,0.000000,0.500000,0.000000,1.061727,1.633987,193.000000,363.517915,32.838590,4.792091,0.552733
2023-12-20T18:30:00Z,1.627053,no_impulse,0,ITC,1d,-1.000000,51.801802,4.380952,10.000000,0.438095,0.215566,1.123026,5.529101,9.238452,25.000000,120.216606,0.369538,7.000000,64.276888,78.034682,82.816360,1.000000,0.970789,0.381918,0.588871,21.768270,31.486057,10.373256,2.922799,3.356493,7.521485,0.905885,0.074179,7.136416,9.000000,131.279621,0.792935,4.000000,33.991225,7.942238,7.761049,1.000000,-1.002445,-0.584416,-0.418029,22.124121,11.531185,27.272641,-2.495127,-3.572426,2.189619,0.171153,0.074028,5.748536,10.000000,104.975124,0.574854,7.000000,56.008053,73.933649,83.593268,0.000000,0.195892,-0.115074,0.310966,15.460831,23.934205,12.079314,1.105177,0.953981,7.632165,0.744173,0.045768,5.191786,13.000000,113.559322,0.399368,4.000000,39.903310,11.940299,17.271239,1.000000,-0.546358,-0.372632,-0.173726,12.950068,13.394507,21.163470,-2.006072,-2.628426,5.040277,0.024592,0.041367,4.790905,9.000000,32.838590,0.532323,3.000000,55.218125,83.333333,74.307708,0.000000,-0.358657,-0.735628,0.376971,16.634474,21.434017,18.131381,1.318310,0.883705,9.636148,0.811225,0.042925,12.731782,27.000000,96.594982,0.471547,2.000000,38.569081,16.897507,15.191393,1.000000,-1.157489,-0.997465,-0.160024,17.962821,15.509771,26.644417,-2.107397,-2.582810,7.564474,0.101361,0.051774,15.181608,29.000000,363.517915,0.523504,1.000000,54.758144,21.276596,66.198395,0.000000,1.963049,1.920796,0.042253,41.137263,29.746508,19.287467,0.327447,4.056256,16.783022,0.531071,0.105731,4.008880,8.000000,44.622093,0.501110,2.000000,54.698527,39.858491,54.459368,0.000000,1.436389,1.795720,-0.359331,31.514354,22.166192,18.993837,0.115926,3.659613,15.711478,0.513727,0.084551,9.870875,8.000000,183.957219,1.233859,1.000000,5.092593,9.000000,34.597595,0.565844,2.000000,17.260099,31.000000,266.913580,0.556777,7.000000,6.073785,6.000000,119.822485,1.012298,4.000000,5.339652,5.000000,97.971014,1.067930,3.000000,5.168539,4.000000,31.392175,1.292135,2.000000,19.709469,16.000000,250.341686,1.231842,1.000000,7.298421,1.000000,90.515464,7.298421,2.000000,8.770344,11.000000,191.699605,0.797304,1.000000,4.374892,4.000000,93.357934,1.093723,2.000000,4.916546,11.000000,72.654155,0.446959,3.000000,6.338148,7.000000,165.777778,0.905450,4.000000,2.000000,1.000000,10.000000,-1.000000,,,,52.585462,34.492754,51.802249,0.792351,0.882416,-0.090066,19.359092,19.715357,21.656602,0.215566,1.117689,0.529649,0.072862,,0.000000,,0.000000,67.567568,67.567568,0.000000,0.000000,0.000000,0.000000,0.000000,0.000000,0.000000,0.000000,0.500000,0.000000,0.554608,0.680272,157.000000,363.517915,32.838590,3.760597,0.973978
2024-01-03T18:30:00Z,1.762532,no_impulse,0,ITC,1d,1.000000,181.739130,8.326693,9.000000,0.925188,3.362468,5.058927,9.776497,4.380952,10.000000,51.801802,0.438095,2.000000,52.585504,34.492754,51.802249,0.000000,0.792357,0.882426,-0.090069,19.358589,19.715448,21.656647,0.215566,1.123026,5.529101,0.529649,0.072862,9.238452,25.000000,120.216606,0.369538,7.000000,64.276888,78.034682,82.816360,1.000000,0.970789,0.381918,0.588871,21.768270,31.486057,10.373256,2.922799,3.356493,7.521485,0.905885,0.074179,7.136416,9.000000,131.279621,0.792935,4.000000,33.991225,7.942238,7.761049,1.000000,-1.002445,-0.584416,-0.418029,22.124121,11.531185,27.272641,-2.495127,-3.572426,2.189619,0.171153,0.074028,5.748536,10.000000,104.975124,0.574854,7.000000,56.008053,73.933649,83.593268,0.000000,0.195892,-0.115074,0.310966,15.460831,23.934205,12.079314,1.105177,0.953981,7.632165,0.744173,0.045768,5.191786,13.000000,113.559322,0.399368,4.000000,39.903310,11.940299,17.271239,1.000000,-0.546358,-0.372632,-0.173726,12.950068,13.394507,21.163470,-2.006072,-2.628426,5.040277,0.024592,0.041367,4.790905,9.000000,32.838590,0.532323,3.000000,55.218125,83.333333,74.307708,0.000000,-0.358657,-0.735628,0.376971,16.634474,21.434017,18.131381,1.318310,0.883705,9.636148,0.811225,0.042925,12.731782,27.000000,96.594982,0.471547,2.000000,38.569081,16.897507,15.191393,1.000000,-1.157489,-0.997465,-0.160024,17.962821,15.509771,26.644417,-2.107397,-2.582810,7.564474,0.101361,0.051774,15.181608,29.000000,363.517915,0.523504,1.000000,54.758144,21.276596,66.198395,0.000000,1.963049,1.920796,0.042253,41.137263,29.746508,19.287467,0.327447,4.056256,16.783022,0.531071,0.105731,4.008880,8.000000,44.622093,0.501110,2.000000,9.870875,8.000000,183.957219,1.233859,1.000000,5.092593,9.000000,34.597595,0.565844,2.000000,17.260099,31.000000,266.913580,0.556777,7.000000,6.073785,6.000000,119.822485,1.012298,4.000000,5.339652,5.000000,97.971014,1.067930,3.000000,5.168539,4.000000,31.392175,1.292135,2.000000,19.709469,16.000000,250.341686,1.231842,1.000000,7.298421,1.000000,90.515464,7.298421,2.000000,8.770344,11.000000,191.699605,0.797304,1.000000,4.374892,4.000000,93.357934,1.093723,2.000000,4.916546,11.000000,72.654155,0.446959,3.000000,1.000000,2.000000,19.000000,-1.000000,,,,69.909248,86.443381,91.089686,1.476071,1.099983,0.376088,22.380674,31.307924,11.823535,3.362468,5.055399,1.000959,0.069456,,0.000000,,0.000000,67.567568,67.567568,0.000000,0.000000,0.000000,0.000000,0.000000,0.000000,0.000000,0.000000,0.500000,0.000000,1.063704,0.608108,166.000000,363.517915,32.838590,3.825778,1.319403
2024-01-09T18:30:00Z,1.684313,no_impulse,0,ITC,1d,-1.000000,57.735247,4.437906,4.000000,1.109477,0.188810,1.904030,6.900549,8.326693,9.000000,181.739130,0.925188,1.000000,69.909247,86.443381,91.089686,0.000000,1.476074,1.099987,0.376087,22.380437,31.307977,11.823554,3.362468,5.058927,9.776497,1.000959,0.069456,4.380952,10.000000,51.801802,0.438095,2.000000,52.585504,34.492754,51.802249,0.000000,0.792357,0.882426,-0.090069,19.358589,19.715448,21.656647,0.215566,1.123026,5.529101,0.529649,0.072862,9.238452,25.000000,120.216606,0.369538,7.000000,64.276888,78.034682,82.816360,1.000000,0.970789,0.381918,0.588871,21.768270,31.486057,10.373256,2.922799,3.356493,7.521485,0.905885,0.074179,7.136416,9.000000,131.279621,0.792935,4.000000,33.991225,7.942238,7.761049,1.000000,-1.002445,-0.584416,-0.418029,22.124121,11.531185,27.272641,-2.495127,-3.572426,2.189619,0.171153,0.074028,5.748536,10.000000,104.975124,0.574854,7.000000,56.008053,73.933649,83.593268,0.000000,0.195892,-0.115074,0.310966,15.460831,23.934205,12.079314,1.105177,0.953981,7.632165,0.744173,0.045768,5.191786,13.000000,113.559322,0.399368,4.000000,39.903310,11.940299,17.271239,1.000000,-0.546358,-0.372632,-0.173726,12.950068,13.394507,21.163470,-2.006072,-2.628426,5.040277,0.024592,0.041367,4.790905,9.000000,32.838590,0.532323,3.000000,55.218125,83.333333,74.307708,0.000000,-0.358657,-0.735628,0.376971,16.634474,21.434017,18.131381,1.318310,0.883705,9.636148,0.811225,0.042925,12.731782,27.000000,96.594982,0.471547,2.000000,38.569081,16.897507,15.191393,1.000000,-1.157489,-0.997465,-0.160024,17.962821,15.509771,26.644417,-2.107397,-2.582810,7.564474,0.101361,0.051774,15.181608,29.000000,363.517915,0.523504,1.000000,4.008880,8.000000,44.622093,0.501110,2.000000,9.870875,8.000000,183.957219,1.233859,1.000000,5.092593,9.000000,34.597595,0.565844,2.000000,17.260099,31.000000,266.913580,0.556777,7.000000,6.073785,6.000000,119.822485,1.012298,4.000000,5.339652,5.000000,97.971014,1.067930,3.000000,5.168539,4.000000,31.392175,1.292135,2.000000,19.709469,16.000000,250.341686,1.231842,1.000000,7.298421,1.000000,90.515464,7.298421,2.000000,8.770344,11.000000,191.699605,0.797304,1.000000,4.374892,4.000000,93.357934,1.093723,2.000000,2.000000,3.000000,23.000000,-1.000000,,,,53.719911,50.877193,54.066986,1.154376,1.244655,-0.090279,21.127474,23.004539,20.688975,0.188810,1.900938,0.527697,0.068298,,0.000000,,0.000000,67.567568,67.567568,0.000000,0.000000,0.000000,0.000000,0.000000,0.000000,0.000000,0.000000,0.500000,0.000000,0.578334,0.268456,170.000000,363.517915,32.838590,3.764840,1.214052
2024-01-16T18:30:00Z,1.746327,no_impulse,0,ITC,1d,1.000000,79.281768,3.681847,5.000000,0.736369,0.471167,2.100330,7.184794,4.437906,4.000000,57.735247,1.109477,2.000000,53.719927,50.877193,54.066986,0.000000,1.154378,1.244658,-0.090280,21.127305,23.004575,20.688992,0.188810,1.904030,6.900549,0.527697,0.068298,8.326693,9.000000,181.739130,0.925188,1.000000,69.909247,86.443381,91.089686,0.000000,1.476074,1.099987,0.376087,22.380437,31.307977,11.823554,3.362468,5.058927,9.776497,1.000959,0.069456,4.380952,10.000000,51.801802,0.438095,2.000000,52.585504,34.492754,51.802249,0.000000,0.792357,0.882426,-0.090069,19.358589,19.715448,21.656647,0.215566,1.123026,5.529101,0.529649,0.072862,9.238452,25.000000,120.216606,0.369538,7.000000,64.276888,78.034682,82.816360,1.000000,0.970789,0.381918,0.588871,21.768270,31.486057,10.373256,2.922799,3.356493,7.521485,0.905885,0.074179,7.136416,9.000000,131.279621,0.792935,4.000000,33.991225,7.942238,7.761049,1.000000,-1.002445,-0.584416,-0.418029,22.124121,11.531185,27.272641,-2.495127,-3.572426,2.189619,0.171153,0.074028,5.748536,10.000000,104.975124,0.574854,7.000000,56.008053,73.933649,83.593268,0.000000,0.195892,-0.115074,0.310966,15.460831,23.934205,12.079314,1.105177,0.953981,7.632165,0.744173,0.045768,5.191786,13.000000,113.559322,0.399368,4.000000,39.903310,11.940299,17.271239,1.000000,-0.546358,-0.372632,-0.173726,12.950068,13.394507,21.163470,-2.006072,-2.628426,5.040277,0.024592,0.041367,4.790905,9.000000,32.838590,0.532323,3.000000,55.218125,83.333333,74.307708,0.000000,-0.358657,-0.735628,0.376971,16.634474,21.434017,18.131381,1.318310,0.883705,9.636148,0.811225,0.042925,12.731782,27.000000,96.594982,0.471547,2.000000,15.181608,29.000000,363.517915,0.523504,1.000000,4.008880,8.000000,44.622093,0.501110,2.000000,9.870875,8.000000,183.957219,1.233859,1.000000,5.092593,9.000000,34.597595,0.565844,2.000000,17.260099,31.000000,266.913580,0.556777,7.000000,6.073785,6.000000,119.822485,1.012298,4.000000,5.339652,5.000000,97.971014,1.067930,3.000000,5.168539,4.000000,31.392175,1.292135,2.000000,19.709469,16.000000,250.341686,1.231842,1.000000,7.298421,1.000000,90.515464,7.298421,2.000000,8.770344,11.000000,191.699605,0.797304,1.000000,3.000000,1.000000,28.000000,-1.000000,,,,54.864615,30.386740,48.120938,0.901413,1.042457,-0.141043,19.719262,24.294696,13.897636,0.471167,2.097817,0.574434,0.063600,,0.000000,,0.000000,67.567568,67.567568,0.000000,0.000000,0.000000,0.000000,0.000000,0.000000,0.000000,0.000000,0.500000,0.000000,0.477139,0.344828,175.000000,363.517915,32.838590,3.720623,0.774996
2024-01-17T18:30:00Z,1.664218,no_impulse,0,ITC,1d,-1.000000,132.404181,4.701806,1.000000,4.701806,0.220779,1.803296,6.903585,3.681847,5.000000,79.281768,0.736369,3.000000,54.864625,30.386740,48.120938,0.000000,0.901415,1.042459,-0.141044,19.719153,24.294720,13.897646,0.471167,2.100330,7.184794,0.574434,0.063600,4.437906,4.000000,57.735247,1.109477,2.000000,53.719927,50.877193,54.066986,0.000000,1.154378,1.244658,-0.090280,21.127305,23.004575,20.688992,0.188810,1.904030,6.900549,0.527697,0.068298,8.326693,9.000000,181.739130,0.925188,1.000000,69.909247,86.443381,91.089686,0.000000,1.476074,1.099987,0.376087,22.380437,31.307977,11.823554,3.362468,5.058927,9.776497,1.000959,0.069456,4.380952,10.000000,51.801802,0.438095,2.000000,52.585504,34.492754,51.802249,0.000000,0.792357,0.882426,-0.090069,19.358589,19.715448,21.656647,0.215566,1.123026,5.529101,0.529649,0.072862,9.238452,25.000000,120.216606,0.369538,7.000000,64.276888,78.034682,82.816360,1.000000,0.970789,0.381918,0.588871,21.768270,31.486057,10.373256,2.922799,3.356493,7.521485,0.905885,0.074179,7.136416,9.000000,131.279621,0.792935,4.000000,33.991225,7.942238,7.761049,1.000000,-1.002445,-0.584416,-0.418029,22.124121,11.531185,27.272641,-2.495127,-3.572426,2.189619,0.171153,0.074028,5.748536,10.000000,104.975124,0.574854,7.000000,56.008053,73.933649,83.593268,0.000000,0.195892,-0.115074,0.310966,15.460831,23.934205,12.079314,1.105177,0.953981,7.632165,0.744173,0.045768,5.191786,13.000000,113.559322,0.399368,4.000000,39.903310,11.940299,17.271239,1.000000,-0.546358,-0.372632,-0.173726,12.950068,13.394507,21.163470,-2.006072,-2.628426,5.040277,0.024592,0.041367,4.790905,9.000000,32.838590,0.532323,3.000000,12.731782,27.000000,96.594982,0.471547,2.000000,15.181608,29.000000,363.517915,0.523504,1.000000,4.008880,8.000000,44.622093,0.501110,2.000000,9.870875,8.000000,183.957219,1.233859,1.000000,5.092593,9.000000,34.597595,0.565844,2.000000,17.260099,31.000000,266.913580,0.556777,7.000000,6.073785,6.000000,119.822485,1.012298,4.000000,5.339652,5.000000,97.971014,1.067930,3.000000,5.168539,4.000000,31.392175,1.292135,2.000000,19.709469,16.000000,250.341686,1.231842,1.000000,7.298421,1.000000,90.515464,7.298421,2.000000,4.000000,2.000000,29.000000,-1.000000,,,,53.603192,40.659341,44.971848,0.816319,0.999132,-0.182814,18.337754,21.456651,21.619547,0.220779,1.800876,0.538421,0.057590,,0.000000,,0.000000,67.567568,67.567568,0.000000,0.000000,0.000000,0.000000,0.000000,0.000000,0.000000,0.000000,0.500000,0.000000,0.716026,0.082645,122.000000,181.739130,32.838590,2.826728,0.792378
2024-01-19T18:30:00Z,1.738980,no_impulse,0,ITC,1d,1.000000,91.052632,4.492340,2.000000,2.246170,0.627498,2.199156,7.323736,4.701806,1.000000,132.404181,4.701806,4.000000,53.603203,40.659341,44.971848,0.000000,0.816320,0.999134,-0.182814,18.337651,21.456672,21.619557,0.220779,1.803296,6.903585,0.538421,0.057590,3.681847,5.000000,79.281768,0.736369,3.000000,54.864625,30.386740,48.120938,0.000000,0.901415,1.042459,-0.141044,19.719153,24.294720,13.897646,0.471167,2.100330,7.184794,0.574434,0.063600,4.437906,4.000000,57.735247,1.109477,2.000000,53.719927,50.877193,54.066986,0.000000,1.154378,1.244658,-0.090280,21.127305,23.004575,20.688992,0.188810,1.904030,6.900549,0.527697,0.068298,8.326693,9.000000,181.739130,0.925188,1.000000,69.909247,86.443381,91.089686,0.000000,1.476074,1.099987,0.376087,22.380437,31.307977,11.823554,3.362468,5.058927,9.776497,1.000959,0.069456,4.380952,10.000000,51.801802,0.438095,2.000000,52.585504,34.492754,51.802249,0.000000,0.792357,0.882426,-0.090069,19.358589,19.715448,21.656647,0.215566,1.123026,5.529101,0.529649,0.072862,9.238452,25.000000,120.216606,0.369538,7.000000,64.276888,78.034682,82.816360,1.000000,0.970789,0.381918,0.588871,21.768270,31.486057,10.373256,2.922799,3.356493,7.521485,0.905885,0.074179,7.136416,9.000000,131.279621,0.792935,4.000000,33.991225,7.942238,7.761049,1.000000,-1.002445,-0.584416,-0.418029,22.124121,11.531185,27.272641,-2.495127,-3.572426,2.189619,0.171153,0.074028,5.748536,10.000000,104.975124,0.574854,7.000000,56.008053,73.933649,83.593268,0.000000,0.195892,-0.115074,0.310966,15.460831,23.934205,12.079314,1.105177,0.953981,7.632165,0.744173,0.045768,5.191786,13.000000,113.559322,0.399368,4.000000,4.790905,9.000000,32.838590,0.532323,3.000000,12.731782,27.000000,96.594982,0.471547,2.000000,15.181608,29.000000,363.517915,0.523504,1.000000,4.008880,8.000000,44.622093,0.501110,2.000000,9.870875,8.000000,183.957219,1.233859,1.000000,5.092593,9.000000,34.597595,0.565844,2.000000,17.260099,31.000000,266.913580,0.556777,7.000000,6.073785,6.000000,119.822485,1.012298,4.000000,5.339652,5.000000,97.971014,1.067930,3.000000,5.168539,4.000000,31.392175,1.292135,2.000000,19.709469,16.000000,250.341686,1.231842,1.000000,3.000000,3.000000,31.000000,-1.000000,,,,55.491308,51.428571,51.721612,0.793812,0.928131,-0.134319,17.426438,24.826486,18.920314,0.627498,2.196936,0.635331,0.046661,,0.000000,,0.000000,67.567568,67.567568,0.000000,0.000000,0.000000,0.000000,0.000000,0.000000,0.000000,0.000000,0.500000,0.000000,0.779442,0.210526,97.000000,181.739130,32.838590,1.853893,0.584230
2024-02-07T18:30:00Z,1.495895,no_impulse,0,ITC,1d,-1.000000,325.144509,13.978628,12.000000,1.164886,-7.664083,-8.886391,-4.919746,4.492340,2.000000,91.052632,2.246170,3.000000,55.491316,51.428571,51.721612,0.000000,0.793813,0.928133,-0.134320,17.426352,24.826505,18.920322,0.627498,2.199156,7.323736,0.635331,0.046661,4.701806,1.000000,132.404181,4.701806,4.000000,53.603203,40.659341,44.971848,0.000000,0.816320,0.999134,-0.182814,18.337651,21.456672,21.619557,0.220779,1.803296,6.903585,0.538421,0.057590,3.681847,5.000000,79.281768,0.736369,3.000000,54.864625,30.386740,48.120938,0.000000,0.901415,1.042459,-0.141044,19.719153,24.294720,13.897646,0.471167,2.100330,7.184794,0.574434,0.063600,4.437906,4.000000,57.735247,1.109477,2.000000,53.719927,50.877193,54.066986,0.000000,1.154378,1.244658,-0.090280,21.127305,23.004575,20.688992,0.188810,1.904030,6.900549,0.527697,0.068298,8.326693,9.000000,181.739130,0.925188,1.000000,69.909247,86.443381,91.089686,0.000000,1.476074,1.099987,0.376087,22.380437,31.307977,11.823554,3.362468,5.058927,9.776497,1.000959,0.069456,4.380952,10.000000,51.801802,0.438095,2.000000,52.585504,34.492754,51.802249,0.000000,0.792357,0.882426,-0.090069,19.358589,19.715448,21.656647,0.215566,1.123026,5.529101,0.529649,0.072862,9.238452,25.000000,120.216606,0.369538,7.000000,64.276888,78.034682,82.816360,1.000000,0.970789,0.381918,0.588871,21.768270,31.486057,10.373256,2.922799,3.356493,7.521485,0.905885,0.074179,7.136416,9.000000,131.279621,0.792935,4.000000,33.991225,7.942238,7.761049,1.000000,-1.002445,-0.584416,-0.418029,22.124121,11.531185,27.272641,-2.495127,-3.572426,2.189619,0.171153,0.074028,5.748536,10.000000,104.975124,0.574854,7.000000,5.191786,13.000000,113.559322,0.399368,4.000000,4.790905,9.000000,32.838590,0.532323,3.000000,12.731782,27.000000,96.594982,0.471547,2.000000,15.181608,29.000000,363.517915,0.523504,1.000000,4.008880,8.000000,44.622093,0.501110,2.000000,9.870875,8.000000,183.957219,1.233859,1.000000,5.092593,9.000000,34.597595,0.565844,2.000000,17.260099,31.000000,266.913580,0.556777,7.000000,6.073785,6.000000,119.822485,1.012298,4.000000,5.339652,5.000000,97.971014,1.067930,3.000000,5.168539,4.000000,31.392175,1.292135,2.000000,4.000000,4.000000,43.000000,-1.000000,,,,23.637562,8.977778,6.084473,-2.166370,-1.139024,-1.027346,26.250007,10.985217,40.938644,-7.664083,-8.887944,0.006961,0.144380,,0.000000,,0.000000,67.567568,67.567568,0.000000,0.000000,0.000000,0.000000,0.000000,0.000000,0.000000,0.000000,0.500000,0.000000,2.437988,1.363636,109.000000,181.739130,51.801802,1.873597,0.750982
2024-02-07T18:30:00Z,1.571089,no_impulse,0,ITC,1d,1.000000,30.933333,5.026723,0.000000,0.000000,-7.664083,-8.886391,-4.919746,13.978628,12.000000,325.144509,1.164886,4.000000,23.637570,8.977778,6.084473,1.000000,-2.166369,-1.139023,-1.027346,26.249961,10.985222,40.938648,-7.664083,-8.886391,-4.919746,0.006961,0.144380,4.492340,2.000000,91.052632,2.246170,3.000000,55.491316,51.428571,51.721612,0.000000,0.793813,0.928133,-0.134320,17.426352,24.826505,18.920322,0.627498,2.199156,7.323736,0.635331,0.046661,4.701806,1.000000,132.404181,4.701806,4.000000,53.603203,40.659341,44.971848,0.000000,0.816320,0.999134,-0.182814,18.337651,21.456672,21.619557,0.220779,1.803296,6.903585,0.538421,0.057590,3.681847,5.000000,79.281768,0.736369,3.000000,54.864625,30.386740,48.120938,0.000000,0.901415,1.042459,-0.141044,19.719153,24.294720,13.897646,0.471167,2.100330,7.184794,0.574434,0.063600,4.437906,4.000000,57.735247,1.109477,2.000000,53.719927,50.877193,54.066986,0.000000,1.154378,1.244658,-0.090280,21.127305,23.004575,20.688992,0.188810,1.904030,6.900549,0.527697,0.068298,8.326693,9.000000,181.739130,0.925188,1.000000,69.909247,86.443381,91.089686,0.000000,1.476074,1.099987,0.376087,22.380437,31.307977,11.823554,3.362468,5.058927,9.776497,1.000959,0.069456,4.380952,10.000000,51.801802,0.438095,2.000000,52.585504,34.492754,51.802249,0.000000,0.792357,0.882426,-0.090069,19.358589,19.715448,21.656647,0.215566,1.123026,5.529101,0.529649,0.072862,9.238452,25.000000,120.216606,0.369538,7.000000,64.276888,78.034682,82.816360,1.000000,0.970789,0.381918,0.588871,21.768270,31.486057,10.373256,2.922799,3.356493,7.521485,0.905885,0.074179,7.136416,9.000000,131.279621,0.792935,4.000000,5.748536,10.000000,104.975124,0.574854,7.000000,5.191786,13.000000,113.559322,0.399368,4.000000,4.790905,9.000000,32.838590,0.532323,3.000000,12.731782,27.000000,96.594982,0.471547,2.000000,15.181608,29.000000,363.517915,0.523504,1.000000,4.008880,8.000000,44.622093,0.501110,2.000000,9.870875,8.000000,183.957219,1.233859,1.000000,5.092593,9.000000,34.597595,0.565844,2.000000,17.260099,31.000000,266.913580,0.556777,7.000000,6.073785,6.000000,119.822485,1.012298,4.000000,5.339652,5.000000,97.971014,1.067930,3.000000,4.000000,5.000000,43.000000,-1.000000,,,,23.637562,8.977778,6.084473,-2.166370,-1.139024,-1.027346,26.250007,10.985217,40.938644,-7.664083,-8.887944,0.006961,0.144380,,0.000000,,0.000000,67.567568,67.567568,0.000000,0.000000,0.000000,0.000000,0.000000,0.000000,0.000000,0.000000,0.500000,0.000000,0.760201,0.000000,0.000000,325.144509,51.801802,3.189533,1.408984
2024-02-15T18:30:00Z,1.462187,no_impulse,0,ITC,1d,-1.000000,144.827586,6.931646,6.000000,1.155274,-6.009754,-9.281874,-7.120512,5.026723,0.000000,30.933333,0.000000,4.000000,23.637570,8.977778,6.084473,0.000000,-2.166369,-1.139023,-1.027346,26.249961,10.985222,40.938648,-7.664083,-8.886391,-4.919746,0.006961,0.144380,13.978628,12.000000,325.144509,1.164886,4.000000,23.637570,8.977778,6.084473,1.000000,-2.166369,-1.139023,-1.027346,26.249961,10.985222,40.938648,-7.664083,-8.886391,-4.919746,0.006961,0.144380,4.492340,2.000000,91.052632,2.246170,3.000000,55.491316,51.428571,51.721612,0.000000,0.793813,0.928133,-0.134320,17.426352,24.826505,18.920322,0.627498,2.199156,7.323736,0.635331,0.046661,4.701806,1.000000,132.404181,4.701806,4.000000,53.603203,40.659341,44.971848,0.000000,0.816320,0.999134,-0.182814,18.337651,21.456672,21.619557,0.220779,1.803296,6.903585,0.538421,0.057590,3.681847,5.000000,79.281768,0.736369,3.000000,54.864625,30.386740,48.120938,0.000000,0.901415,1.042459,-0.141044,19.719153,24.294720,13.897646,0.471167,2.100330,7.184794,0.574434,0.063600,4.437906,4.000000,57.735247,1.109477,2.000000,53.719927,50.877193,54.066986,0.000000,1.154378,1.244658,-0.090280,21.127305,23.004575,20.688992,0.188810,1.904030,6.900549,0.527697,0.068298,8.326693,9.000000,181.739130,0.925188,1.000000,69.909247,86.443381,91.089686,0.000000,1.476074,1.099987,0.376087,22.380437,31.307977,11.823554,3.362468,5.058927,9.776497,1.000959,0.069456,4.380952,10.000000,51.801802,0.438095,2.000000,52.585504,34.492754,51.802249,0.000000,0.792357,0.882426,-0.090069,19.358589,19.715448,21.656647,0.215566,1.123026,5.529101,0.529649,0.072862,9.238452,25.000000,120.216606,0.369538,7.000000,7.136416,9.000000,131.279621,0.792935,4.000000,5.748536,10.000000,104.975124,0.574854,7.000000,5.191786,13.000000,113.559322,0.399368,4.000000,4.790905,9.000000,32.838590,0.532323,3.000000,12.731782,27.000000,96.594982,0.471547,2.000000,15.181608,29.000000,363.517915,0.523504,1.000000,4.008880,8.000000,44.622093,0.501110,2.000000,9.870875,8.000000,183.957219,1.233859,1.000000,5.092593,9.000000,34.597595,0.565844,2.000000,17.260099,31.000000,266.913580,0.556777,7.000000,6.073785,6.000000,119.822485,1.012298,4.000000,4.000000,6.000000,49.000000,-1.000000,,,,25.059974,9.565217,8.126671,-3.546120,-2.721857,-0.824263,37.080907,9.258246,31.084578,-6.009754,-9.283125,0.221047,0.203226,,0.000000,,0.000000,67.567568,67.567568,0.000000,0.000000,0.000000,0.000000,0.000000,0.000000,0.000000,0.000000,0.500000,0.000000,1.059856,0.779221,6.000000,325.144509,30.933333,3.219282,1.832670
2024-03-10T18:30:00Z,1.531331,no_impulse,0,ITC,1d,1.000000,63.492063,4.728831,16.000000,0.295552,-0.952273,-4.196013,-4.981294,6.931646,6.000000,144.827586,1.155274,4.000000,25.059979,9.565217,8.126671,0.000000,-3.546119,-2.721856,-0.824263,37.080873,9.258250,31.084581,-6.009754,-9.281874,-7.120512,0.221047,0.203226,5.026723,0.000000,30.933333,0.000000,4.000000,23.637570,8.977778,6.084473,0.000000,-2.166369,-1.139023,-1.027346,26.249961,10.985222,40.938648,-7.664083,-8.886391,-4.919746,0.006961,0.144380,13.978628,12.000000,325.144509,1.164886,4.000000,23.637570,8.977778,6.084473,1.000000,-2.166369,-1.139023,-1.027346,26.249961,10.985222,40.938648,-7.664083,-8.886391,-4.919746,0.006961,0.144380,4.492340,2.000000,91.052632,2.246170,3.000000,55.491316,51.428571,51.721612,0.000000,0.793813,0.928133,-0.134320,17.426352,24.826505,18.920322,0.627498,2.199156,7.323736,0.635331,0.046661,4.701806,1.000000,132.404181,4.701806,4.000000,53.603203,40.659341,44.971848,0.000000,0.816320,0.999134,-0.182814,18.337651,21.456672,21.619557,0.220779,1.803296,6.903585,0.538421,0.057590,3.681847,5.000000,79.281768,0.736369,3.000000,54.864625,30.386740,48.120938,0.000000,0.901415,1.042459,-0.141044,19.719153,24.294720,13.897646,0.471167,2.100330,7.184794,0.574434,0.063600,4.437906,4.000000,57.735247,1.109477,2.000000,53.719927,50.877193,54.066986,0.000000,1.154378,1.244658,-0.090280,21.127305,23.004575,20.688992,0.188810,1.904030,6.900549,0.527697,0.068298,8.326693,9.000000,181.739130,0.925188,1.000000,69.909247,86.443381,91.089686,0.000000,1.476074,1.099987,0.376087,22.380437,31.307977,11.823554,3.362468,5.058927,9.776497,1.000959,0.069456,4.380952,10.000000,51.801802,0.438095,2.000000,9.238452,25.000000,120.216606,0.369538,7.000000,7.136416,9.000000,131.279621,0.792935,4.000000,5.748536,10.000000,104.975124,0.574854,7.000000,5.191786,13.000000,113.559322,0.399368,4.000000,4.790905,9.000000,32.838590,0.532323,3.000000,12.731782,27.000000,96.594982,0.471547,2.000000,15.181608,29.000000,363.517915,0.523504,1.000000,4.008880,8.000000,44.622093,0.501110,2.000000,9.870875,8.000000,183.957219,1.233859,1.000000,5.092593,9.000000,34.597595,0.565844,2.000000,17.260099,31.000000,266.913580,0.556777,7.000000,3.000000,7.000000,65.000000,-1.000000,,,,42.374963,49.664430,60.523681,-1.531040,-2.011645,0.480606,37.667538,14.623230,22.754872,-0.952273,-4.196665,0.177651,0.029263,,0.000000,,0.000000,67.567568,67.567568,0.000000,0.000000,0.000000,0.000000,0.000000,0.000000,0.000000,0.000000,0.500000,0.000000,0.725314,2.162162,22.000000,325.144509,30.933333,3.215718,2.014369
2024-03-11T18:30:00Z,1.461971,no_impulse,0,ITC,1d,-1.000000,100.312500,4.529420,1.000000,4.529420,-1.994638,-5.273341,-6.221078,4.728831,16.000000,63.492063,0.295552,3.000000,42.374964,49.664430,60.523681,1.000000,-1.531040,-2.011645,0.480606,37.667524,14.623232,22.754873,-0.952273,-4.196013,-4.981294,0.177651,0.029263,6.931646,6.000000,144.827586,1.155274,4.000000,25.059979,9.565217,8.126671,0.000000,-3.546119,-2.721856,-0.824263,37.080873,9.258250,31.084581,-6.009754,-9.281874,-7.120512,0.221047,0.203226,5.026723,0.000000,30.933333,0.000000,4.000000,23.637570,8.977778,6.084473,0.000000,-2.166369,-1.139023,-1.027346,26.249961,10.985222,40.938648,-7.664083,-8.886391,-4.919746,0.006961,0.144380,13.978628,12.000000,325.144509,1.164886,4.000000,23.637570,8.977778,6.084473,1.000000,-2.166369,-1.139023,-1.027346,26.249961,10.985222,40.938648,-7.664083,-8.886391,-4.919746,0.006961,0.144380,4.492340,2.000000,91.052632,2.246170,3.000000,55.491316,51.428571,51.721612,0.000000,0.793813,0.928133,-0.134320,17.426352,24.826505,18.920322,0.627498,2.199156,7.323736,0.635331,0.046661,4.701806,1.000000,132.404181,4.701806,4.000000,53.603203,40.659341,44.971848,0.000000,0.816320,0.999134,-0.182814,18.337651,21.456672,21.619557,0.220779,1.803296,6.903585,0.538421,0.057590,3.681847,5.000000,79.281768,0.736369,3.000000,54.864625,30.386740,48.120938,0.000000,0.901415,1.042459,-0.141044,19.719153,24.294720,13.897646,0.471167,2.100330,7.184794,0.574434,0.063600,4.437906,4.000000,57.735247,1.109477,2.000000,53.719927,50.877193,54.066986,0.000000,1.154378,1.244658,-0.090280,21.127305,23.004575,20.688992,0.188810,1.904030,6.900549,0.527697,0.068298,8.326693,9.000000,181.739130,0.925188,1.000000,4.380952,10.000000,51.801802,0.438095,2.000000,9.238452,25.000000,120.216606,0.369538,7.000000,7.136416,9.000000,131.279621,0.792935,4.000000,5.748536,10.000000,104.975124,0.574854,7.000000,5.191786,13.000000,113.559322,0.399368,4.000000,4.790905,9.000000,32.838590,0.532323,3.000000,12.731782,27.000000,96.594982,0.471547,2.000000,15.181608,29.000000,363.517915,0.523504,1.000000,4.008880,8.000000,44.622093,0.501110,2.000000,9.870875,8.000000,183.957219,1.233859,1.000000,5.092593,9.000000,34.597595,0.565844,2.000000,4.000000,8.000000,66.000000,-1.000000,,,,38.474229,26.791277,53.760203,-1.549058,-1.939092,0.390034,37.528778,13.360617,28.212616,-1.994638,-5.273975,-0.142083,0.030458,,0.000000,,0.000000,67.567568,67.567568,0.000000,0.000000,0.000000,0.000000,0.000000,0.000000,0.000000,0.000000,0.500000,0.000000,0.746353,0.153846,23.000000,325.144509,30.933333,3.106436,0.720121
2024-04-09T18:30:00Z,1.602852,no_impulse,0,ITC,1d,1.000000,203.115265,9.636417,19.000000,0.507180,2.908025,2.649854,1.891959,4.529420,1.000000,100.312500,4.529420,4.000000,38.474231,26.791277,53.760203,0.000000,-1.549058,-1.939091,0.390034,37.528765,13.360618,28.212617,-1.994638,-5.273341,-6.221078,-0.142083,0.030458,4.728831,16.000000,63.492063,0.295552,3.000000,42.374964,49.664430,60.523681,1.000000,-1.531040,-2.011645,0.480606,37.667524,14.623232,22.754873,-0.952273,-4.196013,-4.981294,0.177651,0.029263,6.931646,6.000000,144.827586,1.155274,4.000000,25.059979,9.565217,8.126671,0.000000,-3.546119,-2.721856,-0.824263,37.080873,9.258250,31.084581,-6.009754,-9.281874,-7.120512,0.221047,0.203226,5.026723,0.000000,30.933333,0.000000,4.000000,23.637570,8.977778,6.084473,0.000000,-2.166369,-1.139023,-1.027346,26.249961,10.985222,40.938648,-7.664083,-8.886391,-4.919746,0.006961,0.144380,13.978628,12.000000,325.144509,1.164886,4.000000,23.637570,8.977778,6.084473,1.000000,-2.166369,-1.139023,-1.027346,26.249961,10.985222,40.938648,-7.664083,-8.886391,-4.919746,0.006961,0.144380,4.492340,2.000000,91.052632,2.246170,3.000000,55.491316,51.428571,51.721612,0.000000,0.793813,0.928133,-0.134320,17.426352,24.826505,18.920322,0.627498,2.199156,7.323736,0.635331,0.046661,4.701806,1.000000,132.404181,4.701806,4.000000,53.603203,40.659341,44.971848,0.000000,0.816320,0.999134,-0.182814,18.337651,21.456672,21.619557,0.220779,1.803296,6.903585,0.538421,0.057590,3.681847,5.000000,79.281768,0.736369,3.000000,54.864625,30.386740,48.120938,0.000000,0.901415,1.042459,-0.141044,19.719153,24.294720,13.897646,0.471167,2.100330,7.184794,0.574434,0.063600,4.437906,4.000000,57.735247,1.109477,2.000000,8.326693,9.000000,181.739130,0.925188,1.000000,4.380952,10.000000,51.801802,0.438095,2.000000,9.238452,25.000000,120.216606,0.369538,7.000000,7.136416,9.000000,131.279621,0.792935,4.000000,5.748536,10.000000,104.975124,0.574854,7.000000,5.191786,13.000000,113.559322,0.399368,4.000000,4.790905,9.000000,32.838590,0.532323,3.000000,12.731782,27.000000,96.594982,0.471547,2.000000,15.181608,29.000000,363.517915,0.523504,1.000000,4.008880,8.000000,44.622093,0.501110,2.000000,9.870875,8.000000,183.957219,1.233859,1.000000,7.000000,9.000000,85.000000,-1.000000,,,,63.677894,96.868476,84.096721,0.750848,0.458365,0.292483,23.078225,27.723997,16.754175,2.908025,2.649580,0.941096,0.067902,,0.000000,,0.000000,67.567568,67.567568,0.000000,0.000000,0.000000,0.000000,0.000000,0.000000,0.000000,0.000000,0.500000,0.000000,1.584003,3.392857,42.000000,325.144509,30.933333,3.097816,0.689000
2024-04-18T18:30:00Z,1.522904,no_impulse,0,ITC,1d,-1.000000,56.748466,4.987867,5.000000,0.997573,0.067537,-0.132858,-0.888642,9.636417,19.000000,203.115265,0.507180,7.000000,63.677894,96.868476,84.096721,1.000000,0.750848,0.458365,0.292483,23.078222,27.723998,16.754176,2.908025,2.649854,1.891959,0.941096,0.067902,4.529420,1.000000,100.312500,4.529420,4.000000,38.474231,26.791277,53.760203,0.000000,-1.549058,-1.939091,0.390034,37.528765,13.360618,28.212617,-1.994638,-5.273341,-6.221078,-0.142083,0.030458,4.728831,16.000000,63.492063,0.295552,3.000000,42.374964,49.664430,60.523681,1.000000,-1.531040,-2.011645,0.480606,37.667524,14.623232,22.754873,-0.952273,-4.196013,-4.981294,0.177651,0.029263,6.931646,6.000000,144.827586,1.155274,4.000000,25.059979,9.565217,8.126671,0.000000,-3.546119,-2.721856,-0.824263,37.080873,9.258250,31.084581,-6.009754,-9.281874,-7.120512,0.221047,0.203226,5.026723,0.000000,30.933333,0.000000,4.000000,23.637570,8.977778,6.084473,0.000000,-2.166369,-1.139023,-1.027346,26.249961,10.985222,40.938648,-7.664083,-8.886391,-4.919746,0.006961,0.144380,13.978628,12.000000,325.144509,1.164886,4.000000,23.637570,8.977778,6.084473,1.000000,-2.166369,-1.139023,-1.027346,26.249961,10.985222,40.938648,-7.664083,-8.886391,-4.919746,0.006961,0.144380,4.492340,2.000000,91.052632,2.246170,3.000000,55.491316,51.428571,51.721612,0.000000,0.793813,0.928133,-0.134320,17.426352,24.826505,18.920322,0.627498,2.199156,7.323736,0.635331,0.046661,4.701806,1.000000,132.404181,4.701806,4.000000,53.603203,40.659341,44.971848,0.000000,0.816320,0.999134,-0.182814,18.337651,21.456672,21.619557,0.220779,1.803296,6.903585,0.538421,0.057590,3.681847,5.000000,79.281768,0.736369,3.000000,4.437906,4.000000,57.735247,1.109477,2.000000,8.326693,9.000000,181.739130,0.925188,1.000000,4.380952,10.000000,51.801802,0.438095,2.000000,9.238452,25.000000,120.216606,0.369538,7.000000,7.136416,9.000000,131.279621,0.792935,4.000000,5.748536,10.000000,104.975124,0.574854,7.000000,5.191786,13.000000,113.559322,0.399368,4.000000,4.790905,9.000000,32.838590,0.532323,3.000000,12.731782,27.000000,96.594982,0.471547,2.000000,15.181608,29.000000,363.517915,0.523504,1.000000,4.008880,8.000000,44.622093,0.501110,2.000000,2.000000,1.000000,5.000000,-1.000000,,,,50.821567,40.000000,26.374826,0.376909,0.512653,-0.135744,19.100521,19.186519,21.690169,0.067537,-0.133089,0.512868,0.052520,,0.000000,,0.000000,67.567568,67.567568,0.000000,0.000000,0.000000,0.000000,0.000000,0.000000,0.000000,0.000000,0.500000,0.000000,0.802610,0.757576,47.000000,325.144509,30.933333,3.228135,0.728483
2024-05-06T18:30:00Z,1.632887,no_impulse,0,ITC,1d,1.000000,137.567568,7.221907,11.000000,0.656537,1.863190,2.601641,2.537405,4.987867,5.000000,56.748466,0.997573,2.000000,50.821567,40.000000,26.374826,0.000000,0.376909,0.512653,-0.135744,19.100519,19.186520,21.690170,0.067537,-0.132858,-0.888642,0.512868,0.052520,9.636417,19.000000,203.115265,0.507180,7.000000,63.677894,96.868476,84.096721,1.000000,0.750848,0.458365,0.292483,23.078222,27.723998,16.754176,2.908025,2.649854,1.891959,0.941096,0.067902,4.529420,1.000000,100.312500,4.529420,4.000000,38.474231,26.791277,53.760203,0.000000,-1.549058,-1.939091,0.390034,37.528765,13.360618,28.212617,-1.994638,-5.273341,-6.221078,-0.142083,0.030458,4.728831,16.000000,63.492063,0.295552,3.000000,42.374964,49.664430,60.523681,1.000000,-1.531040,-2.011645,0.480606,37.667524,14.623232,22.754873,-0.952273,-4.196013,-4.981294,0.177651,0.029263,6.931646,6.000000,144.827586,1.155274,4.000000,25.059979,9.565217,8.126671,0.000000,-3.546119,-2.721856,-0.824263,37.080873,9.258250,31.084581,-6.009754,-9.281874,-7.120512,0.221047,0.203226,5.026723,0.000000,30.933333,0.000000,4.000000,23.637570,8.977778,6.084473,0.000000,-2.166369,-1.139023,-1.027346,26.249961,10.985222,40.938648,-7.664083,-8.886391,-4.919746,0.006961,0.144380,13.978628,12.000000,325.144509,1.164886,4.000000,23.637570,8.977778,6.084473,1.000000,-2.166369,-1.139023,-1.027346,26.249961,10.985222,40.938648,-7.664083,-8.886391,-4.919746,0.006961,0.144380,4.492340,2.000000,91.052632,2.246170,3.000000,55.491316,51.428571,51.721612,0.000000,0.793813,0.928133,-0.134320,17.426352,24.826505,18.920322,0.627498,2.199156,7.323736,0.635331,0.046661,4.701806,1.000000,132.404181,4.701806,4.000000,3.681847,5.000000,79.281768,0.736369,3.000000,4.437906,4.000000,57.735247,1.109477,2.000000,8.326693,9.000000,181.739130,0.925188,1.000000,4.380952,10.000000,51.801802,0.438095,2.000000,9.238452,25.000000,120.216606,0.369538,7.000000,7.136416,9.000000,131.279621,0.792935,4.000000,5.748536,10.000000,104.975124,0.574854,7.000000,5.191786,13.000000,113.559322,0.399368,4.000000,4.790905,9.000000,32.838590,0.532323,3.000000,12.731782,27.000000,96.594982,0.471547,2.000000,15.181608,29.000000,363.517915,0.523504,1.000000,1.000000,2.000000,16.000000,-1.000000,,,,60.639655,81.139489,74.922666,0.923143,0.795467,0.127677,19.433017,25.358266,14.034039,1.863190,2.601497,0.837237,0.056298,,0.000000,,0.000000,67.567568,67.567568,0.000000,0.000000,0.000000,0.000000,0.000000,0.000000,0.000000,0.000000,0.500000,0.000000,1.151901,1.641791,58.000000,325.144509,30.933333,3.199058,1.147808
2024-05-15T18:30:00Z,1.548185,no_impulse,0,ITC,1d,-1.000000,77.013752,5.187244,7.000000,0.741035,-0.040751,0.454032,0.489313,7.221907,11.000000,137.567568,0.656537,1.000000,60.639655,81.139489,74.922666,0.000000,0.923143,0.795467,0.127677,19.433016,25.358266,14.034039,1.863190,2.601641,2.537405,0.837237,0.056298,4.987867,5.000000,56.748466,0.997573,2.000000,50.821567,40.000000,26.374826,0.000000,0.376909,0.512653,-0.135744,19.100519,19.186520,21.690170,0.067537,-0.132858,-0.888642,0.512868,0.052520,9.636417,19.000000,203.115265,0.507180,7.000000,63.677894,96.868476,84.096721,1.000000,0.750848,0.458365,0.292483,23.078222,27.723998,16.754176,2.908025,2.649854,1.891959,0.941096,0.067902,4.529420,1.000000,100.312500,4.529420,4.000000,38.474231,26.791277,53.760203,0.000000,-1.549058,-1.939091,0.390034,37.528765,13.360618,28.212617,-1.994638,-5.273341,-6.221078,-0.142083,0.030458,4.728831,16.000000,63.492063,0.295552,3.000000,42.374964,49.664430,60.523681,1.000000,-1.531040,-2.011645,0.480606,37.667524,14.623232,22.754873,-0.952273,-4.196013,-4.981294,0.177651,0.029263,6.931646,6.000000,144.827586,1.155274,4.000000,25.059979,9.565217,8.126671,0.000000,-3.546119,-2.721856,-0.824263,37.080873,9.258250,31.084581,-6.009754,-9.281874,-7.120512,0.221047,0.203226,5.026723,0.000000,30.933333,0.000000,4.000000,23.637570,8.977778,6.084473,0.000000,-2.166369,-1.139023,-1.027346,26.249961,10.985222,40.938648,-7.664083,-8.886391,-4.919746,0.006961,0.144380,13.978628,12.000000,325.144509,1.164886,4.000000,23.637570,8.977778,6.084473,1.000000,-2.166369,-1.139023,-1.027346,26.249961,10.985222,40.938648,-7.664083,-8.886391,-4.919746,0.006961,0.144380,4.492340,2.000000,91.052632,2.246170,3.000000,4.701806,1.000000,132.404181,4.701806,4.000000,3.681847,5.000000,79.281768,0.736369,3.000000,4.437906,4.000000,57.735247,1.109477,2.000000,8.326693,9.000000,181.739130,0.925188,1.000000,4.380952,10.000000,51.801802,0.438095,2.000000,9.238452,25.000000,120.216606,0.369538,7.000000,7.136416,9.000000,131.279621,0.792935,4.000000,5.748536,10.000000,104.975124,0.574854,7.000000,5.191786,13.000000,113.559322,0.399368,4.000000,4.790905,9.000000,32.838590,0.532323,3.000000,12.731782,27.000000,96.594982,0.471547,2.000000,2.000000,3.000000,23.000000,-1.000000,,,,50.653153,36.989796,28.128543,0.280567,0.544485,-0.263917,17.505334,14.222106,22.501600,-0.040751,0.453921,0.492731,0.056036,,0.000000,,0.000000,67.567568,67.567568,0.000000,0.000000,0.000000,0.000000,0.000000,0.000000,0.000000,0.000000,0.500000,0.000000,0.783151,0.958904,65.000000,325.144509,30.933333,3.074326,1.349372
2024-05-22T18:30:00Z,1.628781,no_impulse,0,ITC,1d,1.000000,95.153061,5.205862,5.000000,1.041172,1.619407,2.332105,2.618219,5.187244,7.000000,77.013752,0.741035,2.000000,50.653153,36.989796,28.128543,0.000000,0.280567,0.544485,-0.263917,17.505333,14.222106,22.501600,-0.040751,0.454032,0.489313,0.492731,0.056036,7.221907,11.000000,137.567568,0.656537,1.000000,60.639655,81.139489,74.922666,0.000000,0.923143,0.795467,0.127677,19.433016,25.358266,14.034039,1.863190,2.601641,2.537405,0.837237,0.056298,4.987867,5.000000,56.748466,0.997573,2.000000,50.821567,40.000000,26.374826,0.000000,0.376909,0.512653,-0.135744,19.100519,19.186520,21.690170,0.067537,-0.132858,-0.888642,0.512868,0.052520,9.636417,19.000000,203.115265,0.507180,7.000000,63.677894,96.868476,84.096721,1.000000,0.750848,0.458365,0.292483,23.078222,27.723998,16.754176,2.908025,2.649854,1.891959,0.941096,0.067902,4.529420,1.000000,100.312500,4.529420,4.000000,38.474231,26.791277,53.760203,0.000000,-1.549058,-1.939091,0.390034,37.528765,13.360618,28.212617,-1.994638,-5.273341,-6.221078,-0.142083,0.030458,4.728831,16.000000,63.492063,0.295552,3.000000,42.374964,49.664430,60.523681,1.000000,-1.531040,-2.011645,0.480606,37.667524,14.623232,22.754873,-0.952273,-4.196013,-4.981294,0.177651,0.029263,6.931646,6.000000,144.827586,1.155274,4.000000,25.059979,9.565217,8.126671,0.000000,-3.546119,-2.721856,-0.824263,37.080873,9.258250,31.084581,-6.009754,-9.281874,-7.120512,0.221047,0.203226,5.026723,0.000000,30.933333,0.000000,4.000000,23.637570,8.977778,6.084473,0.000000,-2.166369,-1.139023,-1.027346,26.249961,10.985222,40.938648,-7.664083,-8.886391,-4.919746,0.006961,0.144380,13.978628,12.000000,325.144509,1.164886,4.000000,4.492340,2.000000,91.052632,2.246170,3.000000,4.701806,1.000000,132.404181,4.701806,4.000000,3.681847,5.000000,79.281768,0.736369,3.000000,4.437906,4.000000,57.735247,1.109477,2.000000,8.326693,9.000000,181.739130,0.925188,1.000000,4.380952,10.000000,51.801802,0.438095,2.000000,9.238452,25.000000,120.216606,0.369538,7.000000,7.136416,9.000000,131.279621,0.792935,4.000000,5.748536,10.000000,104.975124,0.574854,7.000000,5.191786,13.000000,113.559322,0.399368,4.000000,4.790905,9.000000,32.838590,0.532323,3.000000,3.000000,1.000000,28.000000,-1.000000,,,,58.930388,79.591837,68.197279,0.548868,0.471311,0.077557,14.343903,21.295240,18.395245,1.619407,2.332016,0.904263,0.040718,,0.000000,,0.000000,67.567568,67.567568,0.000000,0.000000,0.000000,0.000000,0.000000,0.000000,0.000000,0.000000,0.500000,0.000000,0.780243,0.632911,70.000000,325.144509,30.933333,3.044296,0.920737
2024-06-03T18:30:00Z,1.474719,no_impulse,0,ITC,1d,-1.000000,191.152815,9.458742,8.000000,1.182343,-3.597698,-3.574099,-3.464760,5.205862,5.000000,95.153061,1.041172,3.000000,58.930388,79.591837,68.197279,0.000000,0.548868,0.471311,0.077557,14.343903,21.295240,18.395245,1.619407,2.332105,2.618219,0.904263,0.040718,5.187244,7.000000,77.013752,0.741035,2.000000,50.653153,36.989796,28.128543,0.000000,0.280567,0.544485,-0.263917,17.505333,14.222106,22.501600,-0.040751,0.454032,0.489313,0.492731,0.056036,7.221907,11.000000,137.567568,0.656537,1.000000,60.639655,81.139489,74.922666,0.000000,0.923143,0.795467,0.127677,19.433016,25.358266,14.034039,1.863190,2.601641,2.537405,0.837237,0.056298,4.987867,5.000000,56.748466,0.997573,2.000000,50.821567,40.000000,26.374826,0.000000,0.376909,0.512653,-0.135744,19.100519,19.186520,21.690170,0.067537,-0.132858,-0.888642,0.512868,0.052520,9.636417,19.000000,203.115265,0.507180,7.000000,63.677894,96.868476,84.096721,1.000000,0.750848,0.458365,0.292483,23.078222,27.723998,16.754176,2.908025,2.649854,1.891959,0.941096,0.067902,4.529420,1.000000,100.312500,4.529420,4.000000,38.474231,26.791277,53.760203,0.000000,-1.549058,-1.939091,0.390034,37.528765,13.360618,28.212617,-1.994638,-5.273341,-6.221078,-0.142083,0.030458,4.728831,16.000000,63.492063,0.295552,3.000000,42.374964,49.664430,60.523681,1.000000,-1.531040,-2.011645,0.480606,37.667524,14.623232,22.754873,-0.952273,-4.196013,-4.981294,0.177651,0.029263,6.931646,6.000000,144.827586,1.155274,4.000000,25.059979,9.565217,8.126671,0.000000,-3.546119,-2.721856,-0.824263,37.080873,9.258250,31.084581,-6.009754,-9.281874,-7.120512,0.221047,0.203226,5.026723,0.000000,30.933333,0.000000,4.000000,13.978628,12.000000,325.144509,1.164886,4.000000,4.492340,2.000000,91.052632,2.246170,3.000000,4.701806,1.000000,132.404181,4.701806,4.000000,3.681847,5.000000,79.281768,0.736369,3.000000,4.437906,4.000000,57.735247,1.109477,2.000000,8.326693,9.000000,181.739130,0.925188,1.000000,4.380952,10.000000,51.801802,0.438095,2.000000,9.238452,25.000000,120.216606,0.369538,7.000000,7.136416,9.000000,131.279621,0.792935,4.000000,5.748536,10.000000,104.975124,0.574854,7.000000,5.191786,13.000000,113.559322,0.399368,4.000000,4.000000,2.000000,36.000000,-1.000000,,,,37.138329,29.453015,27.705979,-0.415405,0.048694,-0.464098,16.873123,14.171253,37.866837,-3.597698,-3.574167,-0.107323,0.057181,,0.000000,,0.000000,67.567568,67.567568,0.000000,0.000000,0.000000,0.000000,0.000000,0.000000,0.000000,0.000000,0.500000,0.000000,1.402655,0.975610,78.000000,325.144509,30.933333,2.995500,0.919666
2024-06-06T18:30:00Z,1.616897,no_impulse,0,ITC,1d,1.000000,92.286115,9.641026,3.000000,3.213675,1.742290,1.935470,2.131343,9.458742,8.000000,191.152815,1.182343,4.000000,37.138329,29.453015,27.705979,0.000000,-0.415405,0.048694,-0.464098,16.873123,14.171253,37.866837,-3.597698,-3.574099,-3.464760,-0.107323,0.057181,5.205862,5.000000,95.153061,1.041172,3.000000,58.930388,79.591837,68.197279,0.000000,0.548868,0.471311,0.077557,14.343903,21.295240,18.395245,1.619407,2.332105,2.618219,0.904263,0.040718,5.187244,7.000000,77.013752,0.741035,2.000000,50.653153,36.989796,28.128543,0.000000,0.280567,0.544485,-0.263917,17.505333,14.222106,22.501600,-0.040751,0.454032,0.489313,0.492731,0.056036,7.221907,11.000000,137.567568,0.656537,1.000000,60.639655,81.139489,74.922666,0.000000,0.923143,0.795467,0.127677,19.433016,25.358266,14.034039,1.863190,2.601641,2.537405,0.837237,0.056298,4.987867,5.000000,56.748466,0.997573,2.000000,50.821567,40.000000,26.374826,0.000000,0.376909,0.512653,-0.135744,19.100519,19.186520,21.690170,0.067537,-0.132858,-0.888642,0.512868,0.052520,9.636417,19.000000,203.115265,0.507180,7.000000,63.677894,96.868476,84.096721,1.000000,0.750848,0.458365,0.292483,23.078222,27.723998,16.754176,2.908025,2.649854,1.891959,0.941096,0.067902,4.529420,1.000000,100.312500,4.529420,4.000000,38.474231,26.791277,53.760203,0.000000,-1.549058,-1.939091,0.390034,37.528765,13.360618,28.212617,-1.994638,-5.273341,-6.221078,-0.142083,0.030458,4.728831,16.000000,63.492063,0.295552,3.000000,42.374964,49.664430,60.523681,1.000000,-1.531040,-2.011645,0.480606,37.667524,14.623232,22.754873,-0.952273,-4.196013,-4.981294,0.177651,0.029263,6.931646,6.000000,144.827586,1.155274,4.000000,5.026723,0.000000,30.933333,0.000000,4.000000,13.978628,12.000000,325.144509,1.164886,4.000000,4.492340,2.000000,91.052632,2.246170,3.000000,4.701806,1.000000,132.404181,4.701806,4.000000,3.681847,5.000000,79.281768,0.736369,3.000000,4.437906,4.000000,57.735247,1.109477,2.000000,8.326693,9.000000,181.739130,0.925188,1.000000,4.380952,10.000000,51.801802,0.438095,2.000000,9.238452,25.000000,120.216606,0.369538,7.000000,7.136416,9.000000,131.279621,0.792935,4.000000,5.748536,10.000000,104.975124,0.574854,7.000000,3.000000,3.000000,39.000000,-1.000000,,,,55.790456,86.255259,76.297335,-0.010394,-0.052041,0.041647,17.534416,20.816528,27.834955,1.742290,1.935412,0.824651,0.054618,,0.000000,,0.000000,67.567568,67.567568,0.000000,0.000000,0.000000,0.000000,0.000000,0.000000,0.000000,0.000000,0.500000,0.000000,1.532397,0.384615,81.000000,203.115265,30.933333,1.936185,0.908710
2024-06-20T18:30:00Z,1.532195,no_impulse,0,ITC,1d,-1.000000,59.574468,5.238541,9.000000,0.582060,-2.265769,-2.459153,-2.402394,9.641026,3.000000,92.286115,3.213675,3.000000,55.790456,86.255259,76.297335,0.000000,-0.010394,-0.052041,0.041647,17.534416,20.816528,27.834955,1.742290,1.935470,2.131343,0.824651,0.054618,9.458742,8.000000,191.152815,1.182343,4.000000,37.138329,29.453015,27.705979,0.000000,-0.415405,0.048694,-0.464098,16.873123,14.171253,37.866837,-3.597698,-3.574099,-3.464760,-0.107323,0.057181,5.205862,5.000000,95.153061,1.041172,3.000000,58.930388,79.591837,68.197279,0.000000,0.548868,0.471311,0.077557,14.343903,21.295240,18.395245,1.619407,2.332105,2.618219,0.904263,0.040718,5.187244,7.000000,77.013752,0.741035,2.000000,50.653153,36.989796,28.128543,0.000000,0.280567,0.544485,-0.263917,17.505333,14.222106,22.501600,-0.040751,0.454032,0.489313,0.492731,0.056036,7.221907,11.000000,137.567568,0.656537,1.000000,60.639655,81.139489,74.922666,0.000000,0.923143,0.795467,0.127677,19.433016,25.358266,14.034039,1.863190,2.601641,2.537405,0.837237,0.056298,4.987867,5.000000,56.748466,0.997573,2.000000,50.821567,40.000000,26.374826,0.000000,0.376909,0.512653,-0.135744,19.100519,19.186520,21.690170,0.067537,-0.132858,-0.888642,0.512868,0.052520,9.636417,19.000000,203.115265,0.507180,7.000000,63.677894,96.868476,84.096721,1.000000,0.750848,0.458365,0.292483,23.078222,27.723998,16.754176,2.908025,2.649854,1.891959,0.941096,0.067902,4.529420,1.000000,100.312500,4.529420,4.000000,38.474231,26.791277,53.760203,0.000000,-1.549058,-1.939091,0.390034,37.528765,13.360618,28.212617,-1.994638,-5.273341,-6.221078,-0.142083,0.030458,4.728831,16.000000,63.492063,0.295552,3.000000,6.931646,6.000000,144.827586,1.155274,4.000000,5.026723,0.000000,30.933333,0.000000,4.000000,13.978628,12.000000,325.144509,1.164886,4.000000,4.492340,2.000000,91.052632,2.246170,3.000000,4.701806,1.000000,132.404181,4.701806,4.000000,3.681847,5.000000,79.281768,0.736369,3.000000,4.437906,4.000000,57.735247,1.109477,2.000000,8.326693,9.000000,181.739130,0.925188,1.000000,4.380952,10.000000,51.801802,0.438095,2.000000,9.238452,25.000000,120.216606,0.369538,7.000000,7.136416,9.000000,131.279621,0.792935,4.000000,2.000000,1.000000,48.000000,-1.000000,,,,39.911182,43.161094,49.848024,-0.453162,-0.152138,-0.301024,18.838639,16.603709,29.673019,-2.265769,-2.459195,0.090376,0.054088,,0.000000,,0.000000,67.567568,67.567568,0.000000,0.000000,0.000000,0.000000,0.000000,0.000000,0.000000,0.000000,0.500000,0.000000,0.775747,1.111111,90.000000,203.115265,56.748466,2.140356,1.397115
2024-07-22T18:30:00Z,1.820873,no_impulse,0,ITC,1d,1.000000,340.816327,18.840784,21.000000,0.897180,7.743403,10.249811,12.030350,5.238541,9.000000,59.574468,0.582060,2.000000,39.911182,43.161094,49.848024,1.000000,-0.453162,-0.152138,-0.301024,18.838639,16.603709,29.673019,-2.265769,-2.459153,-2.402394,0.090376,0.054088,9.641026,3.000000,92.286115,3.213675,3.000000,55.790456,86.255259,76.297335,0.000000,-0.010394,-0.052041,0.041647,17.534416,20.816528,27.834955,1.742290,1.935470,2.131343,0.824651,0.054618,9.458742,8.000000,191.152815,1.182343,4.000000,37.138329,29.453015,27.705979,0.000000,-0.415405,0.048694,-0.464098,16.873123,14.171253,37.866837,-3.597698,-3.574099,-3.464760,-0.107323,0.057181,5.205862,5.000000,95.153061,1.041172,3.000000,58.930388,79.591837,68.197279,0.000000,0.548868,0.471311,0.077557,14.343903,21.295240,18.395245,1.619407,2.332105,2.618219,0.904263,0.040718,5.187244,7.000000,77.013752,0.741035,2.000000,50.653153,36.989796,28.128543,0.000000,0.280567,0.544485,-0.263917,17.505333,14.222106,22.501600,-0.040751,0.454032,0.489313,0.492731,0.056036,7.221907,11.000000,137.567568,0.656537,1.000000,60.639655,81.139489,74.922666,0.000000,0.923143,0.795467,0.127677,19.433016,25.358266,14.034039,1.863190,2.601641,2.537405,0.837237,0.056298,4.987867,5.000000,56.748466,0.997573,2.000000,50.821567,40.000000,26.374826,0.000000,0.376909,0.512653,-0.135744,19.100519,19.186520,21.690170,0.067537,-0.132858,-0.888642,0.512868,0.052520,9.636417,19.000000,203.115265,0.507180,7.000000,63.677894,96.868476,84.096721,1.000000,0.750848,0.458365,0.292483,23.078222,27.723998,16.754176,2.908025,2.649854,1.891959,0.941096,0.067902,4.529420,1.000000,100.312500,4.529420,4.000000,4.728831,16.000000,63.492063,0.295552,3.000000,6.931646,6.000000,144.827586,1.155274,4.000000,5.026723,0.000000,30.933333,0.000000,4.000000,13.978628,12.000000,325.144509,1.164886,4.000000,4.492340,2.000000,91.052632,2.246170,3.000000,4.701806,1.000000,132.404181,4.701806,4.000000,3.681847,5.000000,79.281768,0.736369,3.000000,4.437906,4.000000,57.735247,1.109477,2.000000,8.326693,9.000000,181.739130,0.925188,1.000000,4.380952,10.000000,51.801802,0.438095,2.000000,9.238452,25.000000,120.216606,0.369538,7.000000,1.000000,2.000000,69.000000,-1.000000,,,,79.239005,92.775041,87.122385,2.591155,1.727011,0.864144,36.618616,39.410274,8.148219,7.743403,10.249796,0.966286,0.180004,,0.000000,,0.000000,67.567568,67.567568,0.000000,0.000000,0.000000,0.000000,0.000000,0.000000,0.000000,0.000000,0.500000,0.000000,2.861782,2.500000,111.000000,203.115265,56.748466,2.191011,1.381680
2024-07-22T18:30:00Z,1.707433,no_impulse,0,ITC,1d,-1.000000,39.296407,6.229975,0.000000,0.000000,7.743403,10.249811,12.030350,18.840784,21.000000,340.816327,0.897180,1.000000,79.239005,92.775041,87.122385,1.000000,2.591155,1.727011,0.864144,36.618616,39.410274,8.148219,7.743403,10.249811,12.030350,0.966286,0.180004,5.238541,9.000000,59.574468,0.582060,2.000000,39.911182,43.161094,49.848024,1.000000,-0.453162,-0.152138,-0.301024,18.838639,16.603709,29.673019,-2.265769,-2.459153,-2.402394,0.090376,0.054088,9.641026,3.000000,92.286115,3.213675,3.000000,55.790456,86.255259,76.297335,0.000000,-0.010394,-0.052041,0.041647,17.534416,20.816528,27.834955,1.742290,1.935470,2.131343,0.824651,0.054618,9.458742,8.000000,191.152815,1.182343,4.000000,37.138329,29.453015,27.705979,0.000000,-0.415405,0.048694,-0.464098,16.873123,14.171253,37.866837,-3.597698,-3.574099,-3.464760,-0.107323,0.057181,5.205862,5.000000,95.153061,1.041172,3.000000,58.930388,79.591837,68.197279,0.000000,0.548868,0.471311,0.077557,14.343903,21.295240,18.395245,1.619407,2.332105,2.618219,0.904263,0.040718,5.187244,7.000000,77.013752,0.741035,2.000000,50.653153,36.989796,28.128543,0.000000,0.280567,0.544485,-0.263917,17.505333,14.222106,22.501600,-0.040751,0.454032,0.489313,0.492731,0.056036,7.221907,11.000000,137.567568,0.656537,1.000000,60.639655,81.139489,74.922666,0.000000,0.923143,0.795467,0.127677,19.433016,25.358266,14.034039,1.863190,2.601641,2.537405,0.837237,0.056298,4.987867,5.000000,56.748466,0.997573,2.000000,50.821567,40.000000,26.374826,0.000000,0.376909,0.512653,-0.135744,19.100519,19.186520,21.690170,0.067537,-0.132858,-0.888642,0.512868,0.052520,9.636417,19.000000,203.115265,0.507180,7.000000,4.529420,1.000000,100.312500,4.529420,4.000000,4.728831,16.000000,63.492063,0.295552,3.000000,6.931646,6.000000,144.827586,1.155274,4.000000,5.026723,0.000000,30.933333,0.000000,4.000000,13.978628,12.000000,325.144509,1.164886,4.000000,4.492340,2.000000,91.052632,2.246170,3.000000,4.701806,1.000000,132.404181,4.701806,4.000000,3.681847,5.000000,79.281768,0.736369,3.000000,4.437906,4.000000,57.735247,1.109477,2.000000,8.326693,9.000000,181.739130,0.925188,1.000000,4.380952,10.000000,51.801802,0.438095,2.000000,1.000000,3.000000,69.000000,-1.000000,,,,79.239005,92.775041,87.122385,2.591155,1.727011,0.864144,36.618616,39.410274,8.148219,7.743403,10.249796,0.966286,0.180004,,0.000000,,0.000000,67.567568,67.567568,0.000000,0.000000,0.000000,0.000000,0.000000,0.000000,0.000000,0.000000,0.500000,0.000000,0.779255,0.000000,0.000000,340.816327,56.748466,4.347270,1.698600
2024-07-25T18:30:00Z,1.853933,no_impulse,0,ITC,1d,1.000000,129.142857,8.580106,3.000000,2.860035,7.437211,10.831750,13.420284,6.229975,0.000000,39.296407,0.000000,1.000000,79.239005,92.775041,87.122385,0.000000,2.591155,1.727011,0.864144,36.618616,39.410274,8.148219,7.743403,10.249811,12.030350,0.966286,0.180004,18.840784,21.000000,340.816327,0.897180,1.000000,79.239005,92.775041,87.122385,1.000000,2.591155,1.727011,0.864144,36.618616,39.410274,8.148219,7.743403,10.249811,12.030350,0.966286,0.180004,5.238541,9.000000,59.574468,0.582060,2.000000,39.911182,43.161094,49.848024,1.000000,-0.453162,-0.152138,-0.301024,18.838639,16.603709,29.673019,-2.265769,-2.459153,-2.402394,0.090376,0.054088,9.641026,3.000000,92.286115,3.213675,3.000000,55.790456,86.255259,76.297335,0.000000,-0.010394,-0.052041,0.041647,17.534416,20.816528,27.834955,1.742290,1.935470,2.131343,0.824651,0.054618,9.458742,8.000000,191.152815,1.182343,4.000000,37.138329,29.453015,27.705979,0.000000,-0.415405,0.048694,-0.464098,16.873123,14.171253,37.866837,-3.597698,-3.574099,-3.464760,-0.107323,0.057181,5.205862,5.000000,95.153061,1.041172,3.000000,58.930388,79.591837,68.197279,0.000000,0.548868,0.471311,0.077557,14.343903,21.295240,18.395245,1.619407,2.332105,2.618219,0.904263,0.040718,5.187244,7.000000,77.013752,0.741035,2.000000,50.653153,36.989796,28.128543,0.000000,0.280567,0.544485,-0.263917,17.505333,14.222106,22.501600,-0.040751,0.454032,0.489313,0.492731,0.056036,7.221907,11.000000,137.567568,0.656537,1.000000,60.639655,81.139489,74.922666,0.000000,0.923143,0.795467,0.127677,19.433016,25.358266,14.034039,1.863190,2.601641,2.537405,0.837237,0.056298,4.987867,5.000000,56.748466,0.997573,2.000000,9.636417,19.000000,203.115265,0.507180,7.000000,4.529420,1.000000,100.312500,4.529420,4.000000,4.728831,16.000000,63.492063,0.295552,3.000000,6.931646,6.000000,144.827586,1.155274,4.000000,5.026723,0.000000,30.933333,0.000000,4.000000,13.978628,12.000000,325.144509,1.164886,4.000000,4.492340,2.000000,91.052632,2.246170,3.000000,4.701806,1.000000,132.404181,4.701806,4.000000,3.681847,5.000000,79.281768,0.736369,3.000000,4.437906,4.000000,57.735247,1.109477,2.000000,8.326693,9.000000,181.739130,0.925188,1.000000,1.000000,4.000000,72.000000,-1.000000,,,,79.049523,89.042146,81.421607,3.268136,2.363920,0.904216,42.129678,41.578352,9.285918,7.437211,10.831737,0.887619,0.207285,,0.000000,,0.000000,67.567568,67.567568,0.000000,0.000000,0.000000,0.000000,0.000000,0.000000,0.000000,0.000000,0.500000,0.000000,1.050861,0.340909,3.000000,340.816327,39.296407,4.228284,1.247007
2024-08-04T18:30:00Z,1.755618,no_impulse,0,ITC,1d,-1.000000,67.109145,5.303030,6.000000,0.883838,1.898100,5.935729,9.847834,8.580106,3.000000,129.142857,2.860035,1.000000,79.049523,89.042146,81.421607,0.000000,3.268136,2.363920,0.904216,42.129678,41.578352,9.285918,7.437211,10.831750,13.420284,0.887619,0.207285,6.229975,0.000000,39.296407,0.000000,1.000000,79.239005,92.775041,87.122385,0.000000,2.591155,1.727011,0.864144,36.618616,39.410274,8.148219,7.743403,10.249811,12.030350,0.966286,0.180004,18.840784,21.000000,340.816327,0.897180,1.000000,79.239005,92.775041,87.122385,1.000000,2.591155,1.727011,0.864144,36.618616,39.410274,8.148219,7.743403,10.249811,12.030350,0.966286,0.180004,5.238541,9.000000,59.574468,0.582060,2.000000,39.911182,43.161094,49.848024,1.000000,-0.453162,-0.152138,-0.301024,18.838639,16.603709,29.673019,-2.265769,-2.459153,-2.402394,0.090376,0.054088,9.641026,3.000000,92.286115,3.213675,3.000000,55.790456,86.255259,76.297335,0.000000,-0.010394,-0.052041,0.041647,17.534416,20.816528,27.834955,1.742290,1.935470,2.131343,0.824651,0.054618,9.458742,8.000000,191.152815,1.182343,4.000000,37.138329,29.453015,27.705979,0.000000,-0.415405,0.048694,-0.464098,16.873123,14.171253,37.866837,-3.597698,-3.574099,-3.464760,-0.107323,0.057181,5.205862,5.000000,95.153061,1.041172,3.000000,58.930388,79.591837,68.197279,0.000000,0.548868,0.471311,0.077557,14.343903,21.295240,18.395245,1.619407,2.332105,2.618219,0.904263,0.040718,5.187244,7.000000,77.013752,0.741035,2.000000,50.653153,36.989796,28.128543,0.000000,0.280567,0.544485,-0.263917,17.505333,14.222106,22.501600,-0.040751,0.454032,0.489313,0.492731,0.056036,7.221907,11.000000,137.567568,0.656537,1.000000,4.987867,5.000000,56.748466,0.997573,2.000000,9.636417,19.000000,203.115265,0.507180,7.000000,4.529420,1.000000,100.312500,4.529420,4.000000,4.728831,16.000000,63.492063,0.295552,3.000000,6.931646,6.000000,144.827586,1.155274,4.000000,5.026723,0.000000,30.933333,0.000000,4.000000,13.978628,12.000000,325.144509,1.164886,4.000000,4.492340,2.000000,91.052632,2.246170,3.000000,4.701806,1.000000,132.404181,4.701806,4.000000,3.681847,5.000000,79.281768,0.736369,3.000000,4.437906,4.000000,57.735247,1.109477,2.000000,2.000000,5.000000,78.000000,-1.000000,,,,61.386742,49.940120,59.534899,2.913076,2.996710,-0.083633,43.363066,27.336718,15.910443,1.898100,5.935718,0.630976,0.147724,,0.000000,,0.000000,67.567568,67.567568,0.000000,0.000000,0.000000,0.000000,0.000000,0.000000,0.000000,0.000000,0.500000,0.000000,0.658009,0.833333,9.000000,340.816327,39.296407,4.200540,1.382630
2024-09-26T18:30:00Z,1.934745,no_impulse,0,ITC,1d,1.000000,182.197802,10.203077,38.000000,0.268502,1.977296,4.725613,12.016238,5.303030,6.000000,67.109145,0.883838,2.000000,61.386742,49.940120,59.534899,1.000000,2.913076,2.996710,-0.083633,43.363066,27.336718,15.910443,1.898100,5.935729,9.847834,0.630976,0.147724,8.580106,3.000000,129.142857,2.860035,1.000000,79.049523,89.042146,81.421607,0.000000,3.268136,2.363920,0.904216,42.129678,41.578352,9.285918,7.437211,10.831750,13.420284,0.887619,0.207285,6.229975,0.000000,39.296407,0.000000,1.000000,79.239005,92.775041,87.122385,0.000000,2.591155,1.727011,0.864144,36.618616,39.410274,8.148219,7.743403,10.249811,12.030350,0.966286,0.180004,18.840784,21.000000,340.816327,0.897180,1.000000,79.239005,92.775041,87.122385,1.000000,2.591155,1.727011,0.864144,36.618616,39.410274,8.148219,7.743403,10.249811,12.030350,0.966286,0.180004,5.238541,9.000000,59.574468,0.582060,2.000000,39.911182,43.161094,49.848024,1.000000,-0.453162,-0.152138,-0.301024,18.838639,16.603709,29.673019,-2.265769,-2.459153,-2.402394,0.090376,0.054088,9.641026,3.000000,92.286115,3.213675,3.000000,55.790456,86.255259,76.297335,0.000000,-0.010394,-0.052041,0.041647,17.534416,20.816528,27.834955,1.742290,1.935470,2.131343,0.824651,0.054618,9.458742,8.000000,191.152815,1.182343,4.000000,37.138329,29.453015,27.705979,0.000000,-0.415405,0.048694,-0.464098,16.873123,14.171253,37.866837,-3.597698,-3.574099,-3.464760,-0.107323,0.057181,5.205862,5.000000,95.153061,1.041172,3.000000,58.930388,79.591837,68.197279,0.000000,0.548868,0.471311,0.077557,14.343903,21.295240,18.395245,1.619407,2.332105,2.618219,0.904263,0.040718,5.187244,7.000000,77.013752,0.741035,2.000000,7.221907,11.000000,137.567568,0.656537,1.000000,4.987867,5.000000,56.748466,0.997573,2.000000,9.636417,19.000000,203.115265,0.507180,7.000000,4.529420,1.000000,100.312500,4.529420,4.000000,4.728831,16.000000,63.492063,0.295552,3.000000,6.931646,6.000000,144.827586,1.155274,4.000000,5.026723,0.000000,30.933333,0.000000,4.000000,13.978628,12.000000,325.144509,1.164886,4.000000,4.492340,2.000000,91.052632,2.246170,3.000000,4.701806,1.000000,132.404181,4.701806,4.000000,3.681847,5.000000,79.281768,0.736369,3.000000,1.000000,6.000000,116.000000,-1.000000,,,,64.953912,75.252525,86.114716,1.111376,1.077144,0.034232,16.831456,22.919701,14.007767,1.977296,4.725610,0.988137,0.041324,,0.000000,,0.000000,67.567568,67.567568,0.000000,0.000000,0.000000,0.000000,0.000000,0.000000,0.000000,0.000000,0.500000,0.000000,1.261084,5.205479,47.000000,340.816327,39.296407,4.176046,0.596468
2024-10-23T18:30:00Z,1.720614,no_impulse,0,ITC,1d,-1.000000,119.541616,11.067679,18.000000,0.614871,-4.621840,-5.053957,1.276021,10.203077,38.000000,182.197802,0.268502,1.000000,64.953912,75.252525,86.114716,0.000000,1.111376,1.077144,0.034232,16.831456,22.919701,14.007767,1.977296,4.725613,12.016238,0.988137,0.041324,5.303030,6.000000,67.109145,0.883838,2.000000,61.386742,49.940120,59.534899,1.000000,2.913076,2.996710,-0.083633,43.363066,27.336718,15.910443,1.898100,5.935729,9.847834,0.630976,0.147724,8.580106,3.000000,129.142857,2.860035,1.000000,79.049523,89.042146,81.421607,0.000000,3.268136,2.363920,0.904216,42.129678,41.578352,9.285918,7.437211,10.831750,13.420284,0.887619,0.207285,6.229975,0.000000,39.296407,0.000000,1.000000,79.239005,92.775041,87.122385,0.000000,2.591155,1.727011,0.864144,36.618616,39.410274,8.148219,7.743403,10.249811,12.030350,0.966286,0.180004,18.840784,21.000000,340.816327,0.897180,1.000000,79.239005,92.775041,87.122385,1.000000,2.591155,1.727011,0.864144,36.618616,39.410274,8.148219,7.743403,10.249811,12.030350,0.966286,0.180004,5.238541,9.000000,59.574468,0.582060,2.000000,39.911182,43.161094,49.848024,1.000000,-0.453162,-0.152138,-0.301024,18.838639,16.603709,29.673019,-2.265769,-2.459153,-2.402394,0.090376,0.054088,9.641026,3.000000,92.286115,3.213675,3.000000,55.790456,86.255259,76.297335,0.000000,-0.010394,-0.052041,0.041647,17.534416,20.816528,27.834955,1.742290,1.935470,2.131343,0.824651,0.054618,9.458742,8.000000,191.152815,1.182343,4.000000,37.138329,29.453015,27.705979,0.000000,-0.415405,0.048694,-0.464098,16.873123,14.171253,37.866837,-3.597698,-3.574099,-3.464760,-0.107323,0.057181,5.205862,5.000000,95.153061,1.041172,3.000000,5.187244,7.000000,77.013752,0.741035,2.000000,7.221907,11.000000,137.567568,0.656537,1.000000,4.987867,5.000000,56.748466,0.997573,2.000000,9.636417,19.000000,203.115265,0.507180,7.000000,4.529420,1.000000,100.312500,4.529420,4.000000,4.728831,16.000000,63.492063,0.295552,3.000000,6.931646,6.000000,144.827586,1.155274,4.000000,5.026723,0.000000,30.933333,0.000000,4.000000,13.978628,12.000000,325.144509,1.164886,4.000000,4.492340,2.000000,91.052632,2.246170,3.000000,4.701806,1.000000,132.404181,4.701806,4.000000,8.000000,1.000000,134.000000,-1.000000,,,,28.086552,3.805774,7.423195,-1.636271,-1.021981,-0.614290,33.842060,8.543373,34.118392,-4.621840,-5.053959,0.129809,0.119335,,0.000000,,39.304143,13.636364,10.838073,-0.400370,-0.407333,0.006963,20.709820,13.327290,24.839672,-0.448098,-1.354324,0.193037,0.014533,1.319334,1.800000,65.000000,340.816327,39.296407,4.213374,0.794681
2024-10-24T18:30:00Z,1.806828,no_impulse,0,ITC,1d,1.000000,40.262361,5.010674,1.000000,5.010674,-2.096690,-2.632543,3.416224,11.067679,18.000000,119.541616,0.614871,8.000000,28.086552,3.805774,7.423195,0.000000,-1.636271,-1.021981,-0.614290,33.842060,8.543373,34.118392,-4.621840,-5.053957,1.276021,0.129809,0.119335,10.203077,38.000000,182.197802,0.268502,1.000000,64.953912,75.252525,86.114716,0.000000,1.111376,1.077144,0.034232,16.831456,22.919701,14.007767,1.977296,4.725613,12.016238,0.988137,0.041324,5.303030,6.000000,67.109145,0.883838,2.000000,61.386742,49.940120,59.534899,1.000000,2.913076,2.996710,-0.083633,43.363066,27.336718,15.910443,1.898100,5.935729,9.847834,0.630976,0.147724,8.580106,3.000000,129.142857,2.860035,1.000000,79.049523,89.042146,81.421607,0.000000,3.268136,2.363920,0.904216,42.129678,41.578352,9.285918,7.437211,10.831750,13.420284,0.887619,0.207285,6.229975,0.000000,39.296407,0.000000,1.000000,79.239005,92.775041,87.122385,0.000000,2.591155,1.727011,0.864144,36.618616,39.410274,8.148219,7.743403,10.249811,12.030350,0.966286,0.180004,18.840784,21.000000,340.816327,0.897180,1.000000,79.239005,92.775041,87.122385,1.000000,2.591155,1.727011,0.864144,36.618616,39.410274,8.148219,7.743403,10.249811,12.030350,0.966286,0.180004,5.238541,9.000000,59.574468,0.582060,2.000000,39.911182,43.161094,49.848024,1.000000,-0.453162,-0.152138,-0.301024,18.838639,16.603709,29.673019,-2.265769,-2.459153,-2.402394,0.090376,0.054088,9.641026,3.000000,92.286115,3.213675,3.000000,55.790456,86.255259,76.297335,0.000000,-0.010394,-0.052041,0.041647,17.534416,20.816528,27.834955,1.742290,1.935470,2.131343,0.824651,0.054618,9.458742,8.000000,191.152815,1.182343,4.000000,5.205862,5.000000,95.153061,1.041172,3.000000,5.187244,7.000000,77.013752,0.741035,2.000000,7.221907,11.000000,137.567568,0.656537,1.000000,4.987867,5.000000,56.748466,0.997573,2.000000,9.636417,19.000000,203.115265,0.507180,7.000000,4.529420,1.000000,100.312500,4.529420,4.000000,4.728831,16.000000,63.492063,0.295552,3.000000,6.931646,6.000000,144.827586,1.155274,4.000000,5.026723,0.000000,30.933333,0.000000,4.000000,13.978628,12.000000,325.144509,1.164886,4.000000,4.492340,2.000000,91.052632,2.246170,3.000000,3.000000,2.000000,1.000000,-1.000000,,,,39.662599,28.987517,13.392939,-1.575669,-1.114710,-0.460959,33.586503,15.331582,28.638931,-2.096690,-2.632544,0.319375,0.113696,,0.000000,,22.617078,5.217391,7.375201,-0.757782,-0.601277,-0.156505,32.833109,10.442467,35.323724,-1.595442,-2.815837,0.068351,0.036381,0.558175,0.090090,66.000000,340.816327,39.296407,4.126348,0.789691
2024-11-20T18:30:00Z,1.667243,no_impulse,0,ITC,1d,-1.000000,161.904762,7.725425,17.000000,0.454437,-4.322181,-6.232896,-2.290940,5.010674,1.000000,40.262361,5.010674,3.000000,39.662599,28.987517,13.392939,1.000000,-1.575669,-1.114710,-0.460959,33.586503,15.331582,28.638931,-2.096690,-2.632543,3.416224,0.319375,0.113696,11.067679,18.000000,119.541616,0.614871,8.000000,28.086552,3.805774,7.423195,0.000000,-1.636271,-1.021981,-0.614290,33.842060,8.543373,34.118392,-4.621840,-5.053957,1.276021,0.129809,0.119335,10.203077,38.000000,182.197802,0.268502,1.000000,64.953912,75.252525,86.114716,0.000000,1.111376,1.077144,0.034232,16.831456,22.919701,14.007767,1.977296,4.725613,12.016238,0.988137,0.041324,5.303030,6.000000,67.109145,0.883838,2.000000,61.386742,49.940120,59.534899,1.000000,2.913076,2.996710,-0.083633,43.363066,27.336718,15.910443,1.898100,5.935729,9.847834,0.630976,0.147724,8.580106,3.000000,129.142857,2.860035,1.000000,79.049523,89.042146,81.421607,0.000000,3.268136,2.363920,0.904216,42.129678,41.578352,9.285918,7.437211,10.831750,13.420284,0.887619,0.207285,6.229975,0.000000,39.296407,0.000000,1.000000,79.239005,92.775041,87.122385,0.000000,2.591155,1.727011,0.864144,36.618616,39.410274,8.148219,7.743403,10.249811,12.030350,0.966286,0.180004,18.840784,21.000000,340.816327,0.897180,1.000000,79.239005,92.775041,87.122385,1.000000,2.591155,1.727011,0.864144,36.618616,39.410274,8.148219,7.743403,10.249811,12.030350,0.966286,0.180004,5.238541,9.000000,59.574468,0.582060,2.000000,39.911182,43.161094,49.848024,1.000000,-0.453162,-0.152138,-0.301024,18.838639,16.603709,29.673019,-2.265769,-2.459153,-2.402394,0.090376,0.054088,9.641026,3.000000,92.286115,3.213675,3.000000,9.458742,8.000000,191.152815,1.182343,4.000000,5.205862,5.000000,95.153061,1.041172,3.000000,5.187244,7.000000,77.013752,0.741035,2.000000,7.221907,11.000000,137.567568,0.656537,1.000000,4.987867,5.000000,56.748466,0.997573,2.000000,9.636417,19.000000,203.115265,0.507180,7.000000,4.529420,1.000000,100.312500,4.529420,4.000000,4.728831,16.000000,63.492063,0.295552,3.000000,6.931646,6.000000,144.827586,1.155274,4.000000,5.026723,0.000000,30.933333,0.000000,4.000000,13.978628,12.000000,325.144509,1.164886,4.000000,4.000000,3.000000,18.000000,-1.000000,,,,25.416928,4.651163,11.931876,-1.769270,-1.449080,-0.320190,36.106257,12.261804,33.133076,-4.322181,-6.232896,-0.053195,0.074894,,0.000000,,28.564940,2.527076,27.279140,-0.312637,-0.247646,-0.064991,29.624568,15.636401,42.313216,-2.150602,-2.877659,-0.192044,0.030422,0.862466,1.588785,83.000000,340.816327,39.296407,4.146580,1.306681
2024-11-27T18:30:00Z,1.771175,no_impulse,0,ITC,1d,1.000000,74.458204,6.233800,5.000000,1.246760,-0.359523,-1.904831,1.436744,7.725425,17.000000,161.904762,0.454437,4.000000,25.416928,4.651163,11.931876,1.000000,-1.769270,-1.449080,-0.320190,36.106257,12.261804,33.133076,-4.322181,-6.232896,-2.290940,-0.053195,0.074894,5.010674,1.000000,40.262361,5.010674,3.000000,39.662599,28.987517,13.392939,1.000000,-1.575669,-1.114710,-0.460959,33.586503,15.331582,28.638931,-2.096690,-2.632543,3.416224,0.319375,0.113696,11.067679,18.000000,119.541616,0.614871,8.000000,28.086552,3.805774,7.423195,0.000000,-1.636271,-1.021981,-0.614290,33.842060,8.543373,34.118392,-4.621840,-5.053957,1.276021,0.129809,0.119335,10.203077,38.000000,182.197802,0.268502,1.000000,64.953912,75.252525,86.114716,0.000000,1.111376,1.077144,0.034232,16.831456,22.919701,14.007767,1.977296,4.725613,12.016238,0.988137,0.041324,5.303030,6.000000,67.109145,0.883838,2.000000,61.386742,49.940120,59.534899,1.000000,2.913076,2.996710,-0.083633,43.363066,27.336718,15.910443,1.898100,5.935729,9.847834,0.630976,0.147724,8.580106,3.000000,129.142857,2.860035,1.000000,79.049523,89.042146,81.421607,0.000000,3.268136,2.363920,0.904216,42.129678,41.578352,9.285918,7.437211,10.831750,13.420284,0.887619,0.207285,6.229975,0.000000,39.296407,0.000000,1.000000,79.239005,92.775041,87.122385,0.000000,2.591155,1.727011,0.864144,36.618616,39.410274,8.148219,7.743403,10.249811,12.030350,0.966286,0.180004,18.840784,21.000000,340.816327,0.897180,1.000000,79.239005,92.775041,87.122385,1.000000,2.591155,1.727011,0.864144,36.618616,39.410274,8.148219,7.743403,10.249811,12.030350,0.966286,0.180004,5.238541,9.000000,59.574468,0.582060,2.000000,9.641026,3.000000,92.286115,3.213675,3.000000,9.458742,8.000000,191.152815,1.182343,4.000000,5.205862,5.000000,95.153061,1.041172,3.000000,5.187244,7.000000,77.013752,0.741035,2.000000,7.221907,11.000000,137.567568,0.656537,1.000000,4.987867,5.000000,56.748466,0.997573,2.000000,9.636417,19.000000,203.115265,0.507180,7.000000,4.529420,1.000000,100.312500,4.529420,4.000000,4.728831,16.000000,63.492063,0.295552,3.000000,6.931646,6.000000,144.827586,1.155274,4.000000,5.026723,0.000000,30.933333,0.000000,4.000000,3.000000,4.000000,23.000000,-1.000000,,,,45.707128,68.607069,71.951174,-0.941232,-1.223284,0.282053,27.025337,21.093693,21.231753,-0.359523,-1.904831,0.448579,0.069667,,0.000000,,56.232212,40.718563,34.930140,0.340622,0.405914,-0.065292,34.156334,25.264738,12.334289,0.437651,0.870600,0.840107,0.012925,0.709674,0.431034,88.000000,340.816327,39.296407,4.159500,0.988274
2024-12-12T18:30:00Z,1.653630,no_impulse,0,ITC,1d,-1.000000,113.097713,6.636574,11.000000,0.603325,-0.170939,-1.798525,0.392153,6.233800,5.000000,74.458204,1.246760,3.000000,45.707128,68.607069,71.951174,0.000000,-0.941232,-1.223284,0.282053,27.025337,21.093693,21.231753,-0.359523,-1.904831,1.436744,0.448579,0.069667,7.725425,17.000000,161.904762,0.454437,4.000000,25.416928,4.651163,11.931876,1.000000,-1.769270,-1.449080,-0.320190,36.106257,12.261804,33.133076,-4.322181,-6.232896,-2.290940,-0.053195,0.074894,5.010674,1.000000,40.262361,5.010674,3.000000,39.662599,28.987517,13.392939,1.000000,-1.575669,-1.114710,-0.460959,33.586503,15.331582,28.638931,-2.096690,-2.632543,3.416224,0.319375,0.113696,11.067679,18.000000,119.541616,0.614871,8.000000,28.086552,3.805774,7.423195,0.000000,-1.636271,-1.021981,-0.614290,33.842060,8.543373,34.118392,-4.621840,-5.053957,1.276021,0.129809,0.119335,10.203077,38.000000,182.197802,0.268502,1.000000,64.953912,75.252525,86.114716,0.000000,1.111376,1.077144,0.034232,16.831456,22.919701,14.007767,1.977296,4.725613,12.016238,0.988137,0.041324,5.303030,6.000000,67.109145,0.883838,2.000000,61.386742,49.940120,59.534899,1.000000,2.913076,2.996710,-0.083633,43.363066,27.336718,15.910443,1.898100,5.935729,9.847834,0.630976,0.147724,8.580106,3.000000,129.142857,2.860035,1.000000,79.049523,89.042146,81.421607,0.000000,3.268136,2.363920,0.904216,42.129678,41.578352,9.285918,7.437211,10.831750,13.420284,0.887619,0.207285,6.229975,0.000000,39.296407,0.000000,1.000000,79.239005,92.775041,87.122385,0.000000,2.591155,1.727011,0.864144,36.618616,39.410274,8.148219,7.743403,10.249811,12.030350,0.966286,0.180004,18.840784,21.000000,340.816327,0.897180,1.000000,5.238541,9.000000,59.574468,0.582060,2.000000,9.641026,3.000000,92.286115,3.213675,3.000000,9.458742,8.000000,191.152815,1.182343,4.000000,5.205862,5.000000,95.153061,1.041172,3.000000,5.187244,7.000000,77.013752,0.741035,2.000000,7.221907,11.000000,137.567568,0.656537,1.000000,4.987867,5.000000,56.748466,0.997573,2.000000,9.636417,19.000000,203.115265,0.507180,7.000000,4.529420,1.000000,100.312500,4.529420,4.000000,4.728831,16.000000,63.492063,0.295552,3.000000,6.931646,6.000000,144.827586,1.155274,4.000000,4.000000,5.000000,34.000000,-1.000000,,,,46.900388,56.985294,32.436751,-0.897118,-0.917396,0.020278,21.129550,13.657889,27.530036,-0.170939,-1.798525,0.465217,0.049061,,0.000000,,34.364630,19.745223,14.988003,-0.371775,-0.304647,-0.067127,14.534008,15.375152,23.454519,-0.715131,-1.304189,0.054823,0.015950,0.786016,0.932203,99.000000,340.816327,39.296407,4.220602,0.713858
2025-01-05T18:30:00Z,1.954408,no_impulse,0,ITC,1d,1.000000,255.882353,18.188946,15.000000,1.212596,6.226490,6.371680,8.234313,6.636574,11.000000,113.097713,0.603325,4.000000,46.900388,56.985294,32.436751,1.000000,-0.897118,-0.917396,0.020278,21.129550,13.657889,27.530036,-0.170939,-1.798525,0.392153,0.465217,0.049061,6.233800,5.000000,74.458204,1.246760,3.000000,45.707128,68.607069,71.951174,0.000000,-0.941232,-1.223284,0.282053,27.025337,21.093693,21.231753,-0.359523,-1.904831,1.436744,0.448579,0.069667,7.725425,17.000000,161.904762,0.454437,4.000000,25.416928,4.651163,11.931876,1.000000,-1.769270,-1.449080,-0.320190,36.106257,12.261804,33.133076,-4.322181,-6.232896,-2.290940,-0.053195,0.074894,5.010674,1.000000,40.262361,5.010674,3.000000,39.662599,28.987517,13.392939,1.000000,-1.575669,-1.114710,-0.460959,33.586503,15.331582,28.638931,-2.096690,-2.632543,3.416224,0.319375,0.113696,11.067679,18.000000,119.541616,0.614871,8.000000,28.086552,3.805774,7.423195,0.000000,-1.636271,-1.021981,-0.614290,33.842060,8.543373,34.118392,-4.621840,-5.053957,1.276021,0.129809,0.119335,10.203077,38.000000,182.197802,0.268502,1.000000,64.953912,75.252525,86.114716,0.000000,1.111376,1.077144,0.034232,16.831456,22.919701,14.007767,1.977296,4.725613,12.016238,0.988137,0.041324,5.303030,6.000000,67.109145,0.883838,2.000000,61.386742,49.940120,59.534899,1.000000,2.913076,2.996710,-0.083633,43.363066,27.336718,15.910443,1.898100,5.935729,9.847834,0.630976,0.147724,8.580106,3.000000,129.142857,2.860035,1.000000,79.049523,89.042146,81.421607,0.000000,3.268136,2.363920,0.904216,42.129678,41.578352,9.285918,7.437211,10.831750,13.420284,0.887619,0.207285,6.229975,0.000000,39.296407,0.000000,1.000000,18.840784,21.000000,340.816327,0.897180,1.000000,5.238541,9.000000,59.574468,0.582060,2.000000,9.641026,3.000000,92.286115,3.213675,3.000000,9.458742,8.000000,191.152815,1.182343,4.000000,5.205862,5.000000,95.153061,1.041172,3.000000,5.187244,7.000000,77.013752,0.741035,2.000000,7.221907,11.000000,137.567568,0.656537,1.000000,4.987867,5.000000,56.748466,0.997573,2.000000,9.636417,19.000000,203.115265,0.507180,7.000000,4.529420,1.000000,100.312500,4.529420,4.000000,4.728831,16.000000,63.492063,0.295552,3.000000,7.000000,6.000000,49.000000,-1.000000,,,,73.073970,70.387965,79.437898,0.988154,0.287217,0.700937,20.797774,38.534039,12.120225,6.226490,6.371680,1.204997,0.094184,,0.000000,,86.829553,99.786096,47.424381,0.832056,0.349495,0.482561,38.985003,69.264218,8.504514,8.495213,9.483457,1.540532,0.089223,2.119155,1.250000,114.000000,340.816327,39.296407,4.124717,0.783664
2025-01-07T18:30:00Z,1.850259,no_impulse,0,ITC,1d,-1.000000,34.626437,5.328911,2.000000,2.664456,6.435226,7.277332,9.468673,18.188946,15.000000,255.882353,1.212596,7.000000,73.073970,70.387965,79.437898,1.000000,0.988154,0.287217,0.700937,20.797774,38.534039,12.120225,6.226490,6.371680,8.234313,1.204997,0.094184,6.636574,11.000000,113.097713,0.603325,4.000000,46.900388,56.985294,32.436751,1.000000,-0.897118,-0.917396,0.020278,21.129550,13.657889,27.530036,-0.170939,-1.798525,0.392153,0.465217,0.049061,6.233800,5.000000,74.458204,1.246760,3.000000,45.707128,68.607069,71.951174,0.000000,-0.941232,-1.223284,0.282053,27.025337,21.093693,21.231753,-0.359523,-1.904831,1.436744,0.448579,0.069667,7.725425,17.000000,161.904762,0.454437,4.000000,25.416928,4.651163,11.931876,1.000000,-1.769270,-1.449080,-0.320190,36.106257,12.261804,33.133076,-4.322181,-6.232896,-2.290940,-0.053195,0.074894,5.010674,1.000000,40.262361,5.010674,3.000000,39.662599,28.987517,13.392939,1.000000,-1.575669,-1.114710,-0.460959,33.586503,15.331582,28.638931,-2.096690,-2.632543,3.416224,0.319375,0.113696,11.067679,18.000000,119.541616,0.614871,8.000000,28.086552,3.805774,7.423195,0.000000,-1.636271,-1.021981,-0.614290,33.842060,8.543373,34.118392,-4.621840,-5.053957,1.276021,0.129809,0.119335,10.203077,38.000000,182.197802,0.268502,1.000000,64.953912,75.252525,86.114716,0.000000,1.111376,1.077144,0.034232,16.831456,22.919701,14.007767,1.977296,4.725613,12.016238,0.988137,0.041324,5.303030,6.000000,67.109145,0.883838,2.000000,61.386742,49.940120,59.534899,1.000000,2.913076,2.996710,-0.083633,43.363066,27.336718,15.910443,1.898100,5.935729,9.847834,0.630976,0.147724,8.580106,3.000000,129.142857,2.860035,1.000000,6.229975,0.000000,39.296407,0.000000,1.000000,18.840784,21.000000,340.816327,0.897180,1.000000,5.238541,9.000000,59.574468,0.582060,2.000000,9.641026,3.000000,92.286115,3.213675,3.000000,9.458742,8.000000,191.152815,1.182343,4.000000,5.205862,5.000000,95.153061,1.041172,3.000000,5.187244,7.000000,77.013752,0.741035,2.000000,7.221907,11.000000,137.567568,0.656537,1.000000,4.987867,5.000000,56.748466,0.997573,2.000000,9.636417,19.000000,203.115265,0.507180,7.000000,4.529420,1.000000,100.312500,4.529420,4.000000,2.000000,1.000000,2.000000,-1.000000,,,,74.895194,81.076801,73.159145,1.695854,0.728624,0.967230,25.006504,35.789238,11.012074,6.435226,7.277331,1.025286,0.130935,,0.000000,,57.999125,4.398148,38.529693,1.245515,1.426624,-0.181109,38.478215,34.949011,19.303730,0.775356,2.873240,0.562945,0.124143,0.625611,0.175439,2.000000,255.882353,39.296407,3.945874,1.304806
2025-01-08T18:30:00Z,1.949870,no_impulse,0,ITC,1d,1.000000,95.643154,5.383627,1.000000,5.383627,5.927960,7.103089,9.486279,5.328911,2.000000,34.626437,2.664456,2.000000,74.895194,81.076801,73.159145,1.000000,1.695854,0.728624,0.967230,25.006504,35.789238,11.012074,6.435226,7.277332,9.468673,1.025286,0.130935,18.188946,15.000000,255.882353,1.212596,7.000000,73.073970,70.387965,79.437898,1.000000,0.988154,0.287217,0.700937,20.797774,38.534039,12.120225,6.226490,6.371680,8.234313,1.204997,0.094184,6.636574,11.000000,113.097713,0.603325,4.000000,46.900388,56.985294,32.436751,1.000000,-0.897118,-0.917396,0.020278,21.129550,13.657889,27.530036,-0.170939,-1.798525,0.392153,0.465217,0.049061,6.233800,5.000000,74.458204,1.246760,3.000000,45.707128,68.607069,71.951174,0.000000,-0.941232,-1.223284,0.282053,27.025337,21.093693,21.231753,-0.359523,-1.904831,1.436744,0.448579,0.069667,7.725425,17.000000,161.904762,0.454437,4.000000,25.416928,4.651163,11.931876,1.000000,-1.769270,-1.449080,-0.320190,36.106257,12.261804,33.133076,-4.322181,-6.232896,-2.290940,-0.053195,0.074894,5.010674,1.000000,40.262361,5.010674,3.000000,39.662599,28.987517,13.392939,1.000000,-1.575669,-1.114710,-0.460959,33.586503,15.331582,28.638931,-2.096690,-2.632543,3.416224,0.319375,0.113696,11.067679,18.000000,119.541616,0.614871,8.000000,28.086552,3.805774,7.423195,0.000000,-1.636271,-1.021981,-0.614290,33.842060,8.543373,34.118392,-4.621840,-5.053957,1.276021,0.129809,0.119335,10.203077,38.000000,182.197802,0.268502,1.000000,64.953912,75.252525,86.114716,0.000000,1.111376,1.077144,0.034232,16.831456,22.919701,14.007767,1.977296,4.725613,12.016238,0.988137,0.041324,5.303030,6.000000,67.109145,0.883838,2.000000,8.580106,3.000000,129.142857,2.860035,1.000000,6.229975,0.000000,39.296407,0.000000,1.000000,18.840784,21.000000,340.816327,0.897180,1.000000,5.238541,9.000000,59.574468,0.582060,2.000000,9.641026,3.000000,92.286115,3.213675,3.000000,9.458742,8.000000,191.152815,1.182343,4.000000,5.205862,5.000000,95.153061,1.041172,3.000000,5.187244,7.000000,77.013752,0.741035,2.000000,7.221907,11.000000,137.567568,0.656537,1.000000,4.987867,5.000000,56.748466,0.997573,2.000000,9.636417,19.000000,203.115265,0.507180,7.000000,3.000000,1.000000,3.000000,-1.000000,,,,75.118200,81.947743,77.012404,1.991934,0.980559,1.011375,27.407547,38.074143,9.932257,5.927960,7.103089,0.933893,0.145232,,0.000000,,66.552409,87.290970,90.275132,1.105619,1.109503,-0.003884,33.863977,36.877452,16.454678,1.878866,3.919111,1.086122,0.032670,0.638792,0.086207,3.000000,255.882353,34.626437,4.013633,1.589594
2025-01-28T18:30:00Z,1.820441,no_impulse,0,ITC,1d,-1.000000,129.934924,6.637855,14.000000,0.474132,-0.205947,1.547607,5.063434,5.383627,1.000000,95.643154,5.383627,3.000000,75.118200,81.947743,77.012404,0.000000,1.991934,0.980559,1.011375,27.407547,38.074143,9.932257,5.927960,7.103089,9.486279,0.933893,0.145232,5.328911,2.000000,34.626437,2.664456,2.000000,74.895194,81.076801,73.159145,1.000000,1.695854,0.728624,0.967230,25.006504,35.789238,11.012074,6.435226,7.277332,9.468673,1.025286,0.130935,18.188946,15.000000,255.882353,1.212596,7.000000,73.073970,70.387965,79.437898,1.000000,0.988154,0.287217,0.700937,20.797774,38.534039,12.120225,6.226490,6.371680,8.234313,1.204997,0.094184,6.636574,11.000000,113.097713,0.603325,4.000000,46.900388,56.985294,32.436751,1.000000,-0.897118,-0.917396,0.020278,21.129550,13.657889,27.530036,-0.170939,-1.798525,0.392153,0.465217,0.049061,6.233800,5.000000,74.458204,1.246760,3.000000,45.707128,68.607069,71.951174,0.000000,-0.941232,-1.223284,0.282053,27.025337,21.093693,21.231753,-0.359523,-1.904831,1.436744,0.448579,0.069667,7.725425,17.000000,161.904762,0.454437,4.000000,25.416928,4.651163,11.931876,1.000000,-1.769270,-1.449080,-0.320190,36.106257,12.261804,33.133076,-4.322181,-6.232896,-2.290940,-0.053195,0.074894,5.010674,1.000000,40.262361,5.010674,3.000000,39.662599,28.987517,13.392939,1.000000,-1.575669,-1.114710,-0.460959,33.586503,15.331582,28.638931,-2.096690,-2.632543,3.416224,0.319375,0.113696,11.067679,18.000000,119.541616,0.614871,8.000000,28.086552,3.805774,7.423195,0.000000,-1.636271,-1.021981,-0.614290,33.842060,8.543373,34.118392,-4.621840,-5.053957,1.276021,0.129809,0.119335,10.203077,38.000000,182.197802,0.268502,1.000000,5.303030,6.000000,67.109145,0.883838,2.000000,8.580106,3.000000,129.142857,2.860035,1.000000,6.229975,0.000000,39.296407,0.000000,1.000000,18.840784,21.000000,340.816327,0.897180,1.000000,5.238541,9.000000,59.574468,0.582060,2.000000,9.641026,3.000000,92.286115,3.213675,3.000000,9.458742,8.000000,191.152815,1.182343,4.000000,5.205862,5.000000,95.153061,1.041172,3.000000,5.187244,7.000000,77.013752,0.741035,2.000000,7.221907,11.000000,137.567568,0.656537,1.000000,4.987867,5.000000,56.748466,0.997573,2.000000,4.000000,2.000000,17.000000,-1.000000,,,,51.800137,14.918415,19.998712,1.088066,1.407962,-0.319896,28.023381,22.635976,18.404648,-0.205947,1.547607,0.470307,0.069217,,0.000000,,35.614195,1.428571,7.777778,-0.271039,-0.114556,-0.156483,19.958239,17.297784,17.936163,-0.842590,-0.975947,0.162267,0.024740,0.818662,1.228070,17.000000,255.882353,34.626437,4.125873,1.403271
2025-01-31T18:30:00Z,1.995678,no_impulse,0,ITC,1d,1.000000,135.392321,9.626113,3.000000,3.208704,5.257048,7.213587,10.817402,6.637855,14.000000,129.934924,0.474132,4.000000,51.800137,14.918415,19.998712,1.000000,1.088066,1.407962,-0.319896,28.023381,22.635976,18.404648,-0.205947,1.547607,5.063434,0.470307,0.069217,5.383627,1.000000,95.643154,5.383627,3.000000,75.118200,81.947743,77.012404,0.000000,1.991934,0.980559,1.011375,27.407547,38.074143,9.932257,5.927960,7.103089,9.486279,0.933893,0.145232,5.328911,2.000000,34.626437,2.664456,2.000000,74.895194,81.076801,73.159145,1.000000,1.695854,0.728624,0.967230,25.006504,35.789238,11.012074,6.435226,7.277332,9.468673,1.025286,0.130935,18.188946,15.000000,255.882353,1.212596,7.000000,73.073970,70.387965,79.437898,1.000000,0.988154,0.287217,0.700937,20.797774,38.534039,12.120225,6.226490,6.371680,8.234313,1.204997,0.094184,6.636574,11.000000,113.097713,0.603325,4.000000,46.900388,56.985294,32.436751,1.000000,-0.897118,-0.917396,0.020278,21.129550,13.657889,27.530036,-0.170939,-1.798525,0.392153,0.465217,0.049061,6.233800,5.000000,74.458204,1.246760,3.000000,45.707128,68.607069,71.951174,0.000000,-0.941232,-1.223284,0.282053,27.025337,21.093693,21.231753,-0.359523,-1.904831,1.436744,0.448579,0.069667,7.725425,17.000000,161.904762,0.454437,4.000000,25.416928,4.651163,11.931876,1.000000,-1.769270,-1.449080,-0.320190,36.106257,12.261804,33.133076,-4.322181,-6.232896,-2.290940,-0.053195,0.074894,5.010674,1.000000,40.262361,5.010674,3.000000,39.662599,28.987517,13.392939,1.000000,-1.575669,-1.114710,-0.460959,33.586503,15.331582,28.638931,-2.096690,-2.632543,3.416224,0.319375,0.113696,11.067679,18.000000,119.541616,0.614871,8.000000,10.203077,38.000000,182.197802,0.268502,1.000000,5.303030,6.000000,67.109145,0.883838,2.000000,8.580106,3.000000,129.142857,2.860035,1.000000,6.229975,0.000000,39.296407,0.000000,1.000000,18.840784,21.000000,340.816327,0.897180,1.000000,5.238541,9.000000,59.574468,0.582060,2.000000,9.641026,3.000000,92.286115,3.213675,3.000000,9.458742,8.000000,191.152815,1.182343,4.000000,5.205862,5.000000,95.153061,1.041172,3.000000,5.187244,7.000000,77.013752,0.741035,2.000000,7.221907,11.000000,137.567568,0.656537,1.000000,7.000000,3.000000,20.000000,-1.000000,,,,72.180743,78.421702,70.243939,1.389554,1.240839,0.148715,28.638268,37.537264,12.190411,5.257048,7.213587,1.389700,0.062367,,0.000000,,72.860857,97.014925,97.512438,0.553008,0.216583,0.336425,24.866095,31.343806,10.528951,1.645409,1.970787,0.853927,0.047268,1.167983,0.245902,20.000000,255.882353,34.626437,4.045852,0.558621
2025-03-02T18:30:00Z,1.655791,no_impulse,0,ITC,1d,-1.000000,193.958076,17.031182,20.000000,0.851559,-3.679381,-5.693637,-3.921566,9.626113,3.000000,135.392321,3.208704,7.000000,72.180743,78.421702,70.243939,1.000000,1.389554,1.240839,0.148715,28.638268,37.537264,12.190411,5.257048,7.213587,10.817402,1.389700,0.062367,6.637855,14.000000,129.934924,0.474132,4.000000,51.800137,14.918415,19.998712,1.000000,1.088066,1.407962,-0.319896,28.023381,22.635976,18.404648,-0.205947,1.547607,5.063434,0.470307,0.069217,5.383627,1.000000,95.643154,5.383627,3.000000,75.118200,81.947743,77.012404,0.000000,1.991934,0.980559,1.011375,27.407547,38.074143,9.932257,5.927960,7.103089,9.486279,0.933893,0.145232,5.328911,2.000000,34.626437,2.664456,2.000000,74.895194,81.076801,73.159145,1.000000,1.695854,0.728624,0.967230,25.006504,35.789238,11.012074,6.435226,7.277332,9.468673,1.025286,0.130935,18.188946,15.000000,255.882353,1.212596,7.000000,73.073970,70.387965,79.437898,1.000000,0.988154,0.287217,0.700937,20.797774,38.534039,12.120225,6.226490,6.371680,8.234313,1.204997,0.094184,6.636574,11.000000,113.097713,0.603325,4.000000,46.900388,56.985294,32.436751,1.000000,-0.897118,-0.917396,0.020278,21.129550,13.657889,27.530036,-0.170939,-1.798525,0.392153,0.465217,0.049061,6.233800,5.000000,74.458204,1.246760,3.000000,45.707128,68.607069,71.951174,0.000000,-0.941232,-1.223284,0.282053,27.025337,21.093693,21.231753,-0.359523,-1.904831,1.436744,0.448579,0.069667,7.725425,17.000000,161.904762,0.454437,4.000000,25.416928,4.651163,11.931876,1.000000,-1.769270,-1.449080,-0.320190,36.106257,12.261804,33.133076,-4.322181,-6.232896,-2.290940,-0.053195,0.074894,5.010674,1.000000,40.262361,5.010674,3.000000,11.067679,18.000000,119.541616,0.614871,8.000000,10.203077,38.000000,182.197802,0.268502,1.000000,5.303030,6.000000,67.109145,0.883838,2.000000,8.580106,3.000000,129.142857,2.860035,1.000000,6.229975,0.000000,39.296407,0.000000,1.000000,18.840784,21.000000,340.816327,0.897180,1.000000,5.238541,9.000000,59.574468,0.582060,2.000000,9.641026,3.000000,92.286115,3.213675,3.000000,9.458742,8.000000,191.152815,1.182343,4.000000,5.205862,5.000000,95.153061,1.041172,3.000000,5.187244,7.000000,77.013752,0.741035,2.000000,4.000000,4.000000,20.000000,-1.000000,,,,32.129317,15.953307,11.252897,-2.393999,-1.959869,-0.434131,27.469107,13.909063,30.418152,-3.679381,-5.693637,0.306261,0.183175,,0.000000,,44.495987,49.781659,32.561252,-0.535231,-0.459294,-0.075936,33.502341,12.751968,28.479618,-0.337048,-1.303939,0.420018,0.041999,2.081044,2.298851,40.000000,255.882353,34.626437,4.018796,0.717891
2025-03-16T18:30:00Z,1.761884,no_impulse,0,ITC,1d,1.000000,31.214240,6.407412,9.000000,0.711935,-0.244566,-1.946938,-1.094337,17.031182,20.000000,193.958076,0.851559,4.000000,32.129317,15.953307,11.252897,0.000000,-2.393999,-1.959869,-0.434131,27.469107,13.909063,30.418152,-3.679381,-5.693637,-3.921566,0.306261,0.183175,9.626113,3.000000,135.392321,3.208704,7.000000,72.180743,78.421702,70.243939,1.000000,1.389554,1.240839,0.148715,28.638268,37.537264,12.190411,5.257048,7.213587,10.817402,1.389700,0.062367,6.637855,14.000000,129.934924,0.474132,4.000000,51.800137,14.918415,19.998712,1.000000,1.088066,1.407962,-0.319896,28.023381,22.635976,18.404648,-0.205947,1.547607,5.063434,0.470307,0.069217,5.383627,1.000000,95.643154,5.383627,3.000000,75.118200,81.947743,77.012404,0.000000,1.991934,0.980559,1.011375,27.407547,38.074143,9.932257,5.927960,7.103089,9.486279,0.933893,0.145232,5.328911,2.000000,34.626437,2.664456,2.000000,74.895194,81.076801,73.159145,1.000000,1.695854,0.728624,0.967230,25.006504,35.789238,11.012074,6.435226,7.277332,9.468673,1.025286,0.130935,18.188946,15.000000,255.882353,1.212596,7.000000,73.073970,70.387965,79.437898,1.000000,0.988154,0.287217,0.700937,20.797774,38.534039,12.120225,6.226490,6.371680,8.234313,1.204997,0.094184,6.636574,11.000000,113.097713,0.603325,4.000000,46.900388,56.985294,32.436751,1.000000,-0.897118,-0.917396,0.020278,21.129550,13.657889,27.530036,-0.170939,-1.798525,0.392153,0.465217,0.049061,6.233800,5.000000,74.458204,1.246760,3.000000,45.707128,68.607069,71.951174,0.000000,-0.941232,-1.223284,0.282053,27.025337,21.093693,21.231753,-0.359523,-1.904831,1.436744,0.448579,0.069667,7.725425,17.000000,161.904762,0.454437,4.000000,5.010674,1.000000,40.262361,5.010674,3.000000,11.067679,18.000000,119.541616,0.614871,8.000000,10.203077,38.000000,182.197802,0.268502,1.000000,5.303030,6.000000,67.109145,0.883838,2.000000,8.580106,3.000000,129.142857,2.860035,1.000000,6.229975,0.000000,39.296407,0.000000,1.000000,18.840784,21.000000,340.816327,0.897180,1.000000,5.238541,9.000000,59.574468,0.582060,2.000000,9.641026,3.000000,92.286115,3.213675,3.000000,9.458742,8.000000,191.152815,1.182343,4.000000,5.205862,5.000000,95.153061,1.041172,3.000000,3.000000,5.000000,29.000000,-1.000000,,,,46.398191,67.006110,84.323374,-0.958910,-1.473568,0.514659,18.486229,22.332867,16.739925,-0.244566,-1.946938,0.447876,0.046806,,0.000000,,60.406254,58.128079,67.292693,0.477873,0.509251,-0.031379,13.788691,28.990179,18.023486,0.418763,1.199323,0.660505,0.026200,0.729748,1.011236,49.000000,255.882353,34.626437,4.850632,1.152022
2025-04-06T18:30:00Z,1.651469,no_impulse,0,ITC,1d,-1.000000,104.073320,6.266863,14.000000,0.447633,-0.559221,-1.593072,-1.430312,6.407412,9.000000,31.214240,0.711935,3.000000,46.398191,67.006110,84.323374,1.000000,-0.958910,-1.473568,0.514659,18.486229,22.332867,16.739925,-0.244566,-1.946938,-1.094337,0.447876,0.046806,17.031182,20.000000,193.958076,0.851559,4.000000,32.129317,15.953307,11.252897,0.000000,-2.393999,-1.959869,-0.434131,27.469107,13.909063,30.418152,-3.679381,-5.693637,-3.921566,0.306261,0.183175,9.626113,3.000000,135.392321,3.208704,7.000000,72.180743,78.421702,70.243939,1.000000,1.389554,1.240839,0.148715,28.638268,37.537264,12.190411,5.257048,7.213587,10.817402,1.389700,0.062367,6.637855,14.000000,129.934924,0.474132,4.000000,51.800137,14.918415,19.998712,1.000000,1.088066,1.407962,-0.319896,28.023381,22.635976,18.404648,-0.205947,1.547607,5.063434,0.470307,0.069217,5.383627,1.000000,95.643154,5.383627,3.000000,75.118200,81.947743,77.012404,0.000000,1.991934,0.980559,1.011375,27.407547,38.074143,9.932257,5.927960,7.103089,9.486279,0.933893,0.145232,5.328911,2.000000,34.626437,2.664456,2.000000,74.895194,81.076801,73.159145,1.000000,1.695854,0.728624,0.967230,25.006504,35.789238,11.012074,6.435226,7.277332,9.468673,1.025286,0.130935,18.188946,15.000000,255.882353,1.212596,7.000000,73.073970,70.387965,79.437898,1.000000,0.988154,0.287217,0.700937,20.797774,38.534039,12.120225,6.226490,6.371680,8.234313,1.204997,0.094184,6.636574,11.000000,113.097713,0.603325,4.000000,46.900388,56.985294,32.436751,1.000000,-0.897118,-0.917396,0.020278,21.129550,13.657889,27.530036,-0.170939,-1.798525,0.392153,0.465217,0.049061,6.233800,5.000000,74.458204,1.246760,3.000000,7.725425,17.000000,161.904762,0.454437,4.000000,5.010674,1.000000,40.262361,5.010674,3.000000,11.067679,18.000000,119.541616,0.614871,8.000000,10.203077,38.000000,182.197802,0.268502,1.000000,5.303030,6.000000,67.109145,0.883838,2.000000,8.580106,3.000000,129.142857,2.860035,1.000000,6.229975,0.000000,39.296407,0.000000,1.000000,18.840784,21.000000,340.816327,0.897180,1.000000,5.238541,9.000000,59.574468,0.582060,2.000000,9.641026,3.000000,92.286115,3.213675,3.000000,9.458742,8.000000,191.152815,1.182343,4.000000,4.000000,6.000000,43.000000,-1.000000,,,,45.333210,62.449799,56.839992,-0.238397,-0.396511,0.158114,15.112280,17.919381,24.954668,-0.559221,-1.593072,0.286716,0.026074,,0.000000,,29.574635,46.396396,55.138267,-0.151847,-0.024048,-0.127799,20.436694,8.991856,50.626413,-1.935568,-2.101451,-0.455040,0.019882,0.702564,1.443299,63.000000,255.882353,31.214240,4.749071,1.905704
2025-05-26T18:30:00Z,1.880294,no_impulse,0,ITC,1d,1.000000,207.240705,13.855816,32.000000,0.432994,0.519409,1.869436,3.953574,6.266863,14.000000,104.073320,0.447633,4.000000,45.333210,62.449799,56.839992,1.000000,-0.238397,-0.396511,0.158114,15.112280,17.919381,24.954668,-0.559221,-1.593072,-1.430312,0.286716,0.026074,6.407412,9.000000,31.214240,0.711935,3.000000,46.398191,67.006110,84.323374,1.000000,-0.958910,-1.473568,0.514659,18.486229,22.332867,16.739925,-0.244566,-1.946938,-1.094337,0.447876,0.046806,17.031182,20.000000,193.958076,0.851559,4.000000,32.129317,15.953307,11.252897,0.000000,-2.393999,-1.959869,-0.434131,27.469107,13.909063,30.418152,-3.679381,-5.693637,-3.921566,0.306261,0.183175,9.626113,3.000000,135.392321,3.208704,7.000000,72.180743,78.421702,70.243939,1.000000,1.389554,1.240839,0.148715,28.638268,37.537264,12.190411,5.257048,7.213587,10.817402,1.389700,0.062367,6.637855,14.000000,129.934924,0.474132,4.000000,51.800137,14.918415,19.998712,1.000000,1.088066,1.407962,-0.319896,28.023381,22.635976,18.404648,-0.205947,1.547607,5.063434,0.470307,0.069217,5.383627,1.000000,95.643154,5.383627,3.000000,75.118200,81.947743,77.012404,0.000000,1.991934,0.980559,1.011375,27.407547,38.074143,9.932257,5.927960,7.103089,9.486279,0.933893,0.145232,5.328911,2.000000,34.626437,2.664456,2.000000,74.895194,81.076801,73.159145,1.000000,1.695854,0.728624,0.967230,25.006504,35.789238,11.012074,6.435226,7.277332,9.468673,1.025286,0.130935,18.188946,15.000000,255.882353,1.212596,7.000000,73.073970,70.387965,79.437898,1.000000,0.988154,0.287217,0.700937,20.797774,38.534039,12.120225,6.226490,6.371680,8.234313,1.204997,0.094184,6.636574,11.000000,113.097713,0.603325,4.000000,6.233800,5.000000,74.458204,1.246760,3.000000,7.725425,17.000000,161.904762,0.454437,4.000000,5.010674,1.000000,40.262361,5.010674,3.000000,11.067679,18.000000,119.541616,0.614871,8.000000,10.203077,38.000000,182.197802,0.268502,1.000000,5.303030,6.000000,67.109145,0.883838,2.000000,8.580106,3.000000,129.142857,2.860035,1.000000,6.229975,0.000000,39.296407,0.000000,1.000000,18.840784,21.000000,340.816327,0.897180,1.000000,5.238541,9.000000,59.574468,0.582060,2.000000,9.641026,3.000000,92.286115,3.213675,3.000000,7.000000,7.000000,75.000000,-1.000000,,,,53.410311,51.674641,74.464513,0.824500,0.856327,-0.031826,17.465890,22.858676,19.896687,0.519409,1.869436,0.620633,0.043282,,0.000000,,67.902855,95.438596,97.373912,0.581697,0.361052,0.220646,32.923639,36.654471,12.257813,1.292043,1.845876,0.720178,0.059450,1.579167,3.404255,95.000000,255.882353,31.214240,4.811819,1.372229
2025-07-02T18:30:00Z,1.740709,no_impulse,0,ITC,1d,-1.000000,61.000944,7.423581,27.000000,0.274947,-1.065475,-1.697634,-0.896597,13.855816,32.000000,207.240705,0.432994,7.000000,53.410311,51.674641,74.464513,1.000000,0.824500,0.856327,-0.031826,17.465890,22.858676,19.896687,0.519409,1.869436,3.953574,0.620633,0.043282,6.266863,14.000000,104.073320,0.447633,4.000000,45.333210,62.449799,56.839992,1.000000,-0.238397,-0.396511,0.158114,15.112280,17.919381,24.954668,-0.559221,-1.593072,-1.430312,0.286716,0.026074,6.407412,9.000000,31.214240,0.711935,3.000000,46.398191,67.006110,84.323374,1.000000,-0.958910,-1.473568,0.514659,18.486229,22.332867,16.739925,-0.244566,-1.946938,-1.094337,0.447876,0.046806,17.031182,20.000000,193.958076,0.851559,4.000000,32.129317,15.953307,11.252897,0.000000,-2.393999,-1.959869,-0.434131,27.469107,13.909063,30.418152,-3.679381,-5.693637,-3.921566,0.306261,0.183175,9.626113,3.000000,135.392321,3.208704,7.000000,72.180743,78.421702,70.243939,1.000000,1.389554,1.240839,0.148715,28.638268,37.537264,12.190411,5.257048,7.213587,10.817402,1.389700,0.062367,6.637855,14.000000,129.934924,0.474132,4.000000,51.800137,14.918415,19.998712,1.000000,1.088066,1.407962,-0.319896,28.023381,22.635976,18.404648,-0.205947,1.547607,5.063434,0.470307,0.069217,5.383627,1.000000,95.643154,5.383627,3.000000,75.118200,81.947743,77.012404,0.000000,1.991934,0.980559,1.011375,27.407547,38.074143,9.932257,5.927960,7.103089,9.486279,0.933893,0.145232,5.328911,2.000000,34.626437,2.664456,2.000000,74.895194,81.076801,73.159145,1.000000,1.695854,0.728624,0.967230,25.006504,35.789238,11.012074,6.435226,7.277332,9.468673,1.025286,0.130935,18.188946,15.000000,255.882353,1.212596,7.000000,6.636574,11.000000,113.097713,0.603325,4.000000,6.233800,5.000000,74.458204,1.246760,3.000000,7.725425,17.000000,161.904762,0.454437,4.000000,5.010674,1.000000,40.262361,5.010674,3.000000,11.067679,18.000000,119.541616,0.614871,8.000000,10.203077,38.000000,182.197802,0.268502,1.000000,5.303030,6.000000,67.109145,0.883838,2.000000,8.580106,3.000000,129.142857,2.860035,1.000000,6.229975,0.000000,39.296407,0.000000,1.000000,18.840784,21.000000,340.816327,0.897180,1.000000,5.238541,9.000000,59.574468,0.582060,2.000000,2.000000,1.000000,27.000000,-1.000000,,,,41.851122,19.431280,17.698215,-0.595857,-0.563104,-0.032754,16.792509,15.532858,24.573462,-1.065475,-1.697634,0.222078,0.037933,,0.000000,,36.101382,20.714286,17.983193,-0.289879,-0.226445,-0.063434,15.505054,25.205665,23.434725,-0.485756,-0.789656,0.189169,0.015552,0.778453,2.231405,,255.882353,31.214240,4.965919,0.796815
2025-07-16T18:30:00Z,1.802723,no_impulse,0,ITC,1d,1.000000,44.427245,3.562562,10.000000,0.356256,1.152035,0.932185,1.586228,7.423581,27.000000,61.000944,0.274947,2.000000,41.851122,19.431280,17.698215,1.000000,-0.595857,-0.563104,-0.032754,16.792509,15.532858,24.573462,-1.065475,-1.697634,-0.896597,0.222078,0.037933,13.855816,32.000000,207.240705,0.432994,7.000000,53.410311,51.674641,74.464513,1.000000,0.824500,0.856327,-0.031826,17.465890,22.858676,19.896687,0.519409,1.869436,3.953574,0.620633,0.043282,6.266863,14.000000,104.073320,0.447633,4.000000,45.333210,62.449799,56.839992,1.000000,-0.238397,-0.396511,0.158114,15.112280,17.919381,24.954668,-0.559221,-1.593072,-1.430312,0.286716,0.026074,6.407412,9.000000,31.214240,0.711935,3.000000,46.398191,67.006110,84.323374,1.000000,-0.958910,-1.473568,0.514659,18.486229,22.332867,16.739925,-0.244566,-1.946938,-1.094337,0.447876,0.046806,17.031182,20.000000,193.958076,0.851559,4.000000,32.129317,15.953307,11.252897,0.000000,-2.393999,-1.959869,-0.434131,27.469107,13.909063,30.418152,-3.679381,-5.693637,-3.921566,0.306261,0.183175,9.626113,3.000000,135.392321,3.208704,7.000000,72.180743,78.421702,70.243939,1.000000,1.389554,1.240839,0.148715,28.638268,37.537264,12.190411,5.257048,7.213587,10.817402,1.389700,0.062367,6.637855,14.000000,129.934924,0.474132,4.000000,51.800137,14.918415,19.998712,1.000000,1.088066,1.407962,-0.319896,28.023381,22.635976,18.404648,-0.205947,1.547607,5.063434,0.470307,0.069217,5.383627,1.000000,95.643154,5.383627,3.000000,75.118200,81.947743,77.012404,0.000000,1.991934,0.980559,1.011375,27.407547,38.074143,9.932257,5.927960,7.103089,9.486279,0.933893,0.145232,5.328911,2.000000,34.626437,2.664456,2.000000,18.188946,15.000000,255.882353,1.212596,7.000000,6.636574,11.000000,113.097713,0.603325,4.000000,6.233800,5.000000,74.458204,1.246760,3.000000,7.725425,17.000000,161.904762,0.454437,4.000000,5.010674,1.000000,40.262361,5.010674,3.000000,11.067679,18.000000,119.541616,0.614871,8.000000,10.203077,38.000000,182.197802,0.268502,1.000000,5.303030,6.000000,67.109145,0.883838,2.000000,8.580106,3.000000,129.142857,2.860035,1.000000,6.229975,0.000000,39.296407,0.000000,1.000000,18.840784,21.000000,340.816327,0.897180,1.000000,3.000000,1.000000,37.000000,-1.000000,,,,58.237563,86.759582,92.754820,0.106493,-0.200191,0.306684,14.299092,24.548755,15.007807,1.152035,0.932185,0.862036,0.032192,,0.000000,,68.890258,84.126984,90.195818,0.395958,0.336507,0.059451,30.630717,27.516371,12.087371,0.590370,1.114719,0.824040,0.018327,0.370520,0.729927,,255.882353,31.214240,4.920889,0.833102
2025-07-30T18:30:00Z,1.716508,no_impulse,0,ITC,1d,-1.000000,139.024390,4.782452,10.000000,0.478245,-0.645183,-1.364314,-1.181752,3.562562,10.000000,44.427245,0.356256,3.000000,58.237563,86.759582,92.754820,1.000000,0.106493,-0.200191,0.306684,14.299092,24.548755,15.007807,1.152035,0.932185,1.586228,0.862036,0.032192,7.423581,27.000000,61.000944,0.274947,2.000000,41.851122,19.431280,17.698215,1.000000,-0.595857,-0.563104,-0.032754,16.792509,15.532858,24.573462,-1.065475,-1.697634,-0.896597,0.222078,0.037933,13.855816,32.000000,207.240705,0.432994,7.000000,53.410311,51.674641,74.464513,1.000000,0.824500,0.856327,-0.031826,17.465890,22.858676,19.896687,0.519409,1.869436,3.953574,0.620633,0.043282,6.266863,14.000000,104.073320,0.447633,4.000000,45.333210,62.449799,56.839992,1.000000,-0.238397,-0.396511,0.158114,15.112280,17.919381,24.954668,-0.559221,-1.593072,-1.430312,0.286716,0.026074,6.407412,9.000000,31.214240,0.711935,3.000000,46.398191,67.006110,84.323374,1.000000,-0.958910,-1.473568,0.514659,18.486229,22.332867,16.739925,-0.244566,-1.946938,-1.094337,0.447876,0.046806,17.031182,20.000000,193.958076,0.851559,4.000000,32.129317,15.953307,11.252897,0.000000,-2.393999,-1.959869,-0.434131,27.469107,13.909063,30.418152,-3.679381,-5.693637,-3.921566,0.306261,0.183175,9.626113,3.000000,135.392321,3.208704,7.000000,72.180743,78.421702,70.243939,1.000000,1.389554,1.240839,0.148715,28.638268,37.537264,12.190411,5.257048,7.213587,10.817402,1.389700,0.062367,6.637855,14.000000,129.934924,0.474132,4.000000,51.800137,14.918415,19.998712,1.000000,1.088066,1.407962,-0.319896,28.023381,22.635976,18.404648,-0.205947,1.547607,5.063434,0.470307,0.069217,5.383627,1.000000,95.643154,5.383627,3.000000,5.328911,2.000000,34.626437,2.664456,2.000000,18.188946,15.000000,255.882353,1.212596,7.000000,6.636574,11.000000,113.097713,0.603325,4.000000,6.233800,5.000000,74.458204,1.246760,3.000000,7.725425,17.000000,161.904762,0.454437,4.000000,5.010674,1.000000,40.262361,5.010674,3.000000,11.067679,18.000000,119.541616,0.614871,8.000000,10.203077,38.000000,182.197802,0.268502,1.000000,5.303030,6.000000,67.109145,0.883838,2.000000,8.580106,3.000000,129.142857,2.860035,1.000000,6.229975,0.000000,39.296407,0.000000,1.000000,4.000000,2.000000,47.000000,-1.000000,,,,43.597756,31.578947,14.869336,-0.602004,-0.387301,-0.214703,17.962592,19.782346,26.123132,-0.645183,-1.364314,0.371799,0.050003,,0.000000,,39.485748,36.936937,39.639640,-0.262912,-0.300708,0.037796,36.154100,12.070200,20.989704,-0.215249,-0.866778,0.278015,0.009676,0.586632,0.757576,102.000000,207.240705,31.214240,4.211936,0.836276
2025-08-03T18:30:00Z,1.788462,no_impulse,0,ITC,1d,1.000000,83.458647,4.191843,2.000000,2.095921,0.448852,-0.155701,0.008559,4.782452,10.000000,139.024390,0.478245,4.000000,43.597756,31.578947,14.869336,1.000000,-0.602004,-0.387301,-0.214703,17.962592,19.782346,26.123132,-0.645183,-1.364314,-1.181752,0.371799,0.050003,3.562562,10.000000,44.427245,0.356256,3.000000,58.237563,86.759582,92.754820,1.000000,0.106493,-0.200191,0.306684,14.299092,24.548755,15.007807,1.152035,0.932185,1.586228,0.862036,0.032192,7.423581,27.000000,61.000944,0.274947,2.000000,41.851122,19.431280,17.698215,1.000000,-0.595857,-0.563104,-0.032754,16.792509,15.532858,24.573462,-1.065475,-1.697634,-0.896597,0.222078,0.037933,13.855816,32.000000,207.240705,0.432994,7.000000,53.410311,51.674641,74.464513,1.000000,0.824500,0.856327,-0.031826,17.465890,22.858676,19.896687,0.519409,1.869436,3.953574,0.620633,0.043282,6.266863,14.000000,104.073320,0.447633,4.000000,45.333210,62.449799,56.839992,1.000000,-0.238397,-0.396511,0.158114,15.112280,17.919381,24.954668,-0.559221,-1.593072,-1.430312,0.286716,0.026074,6.407412,9.000000,31.214240,0.711935,3.000000,46.398191,67.006110,84.323374,1.000000,-0.958910,-1.473568,0.514659,18.486229,22.332867,16.739925,-0.244566,-1.946938,-1.094337,0.447876,0.046806,17.031182,20.000000,193.958076,0.851559,4.000000,32.129317,15.953307,11.252897,0.000000,-2.393999,-1.959869,-0.434131,27.469107,13.909063,30.418152,-3.679381,-5.693637,-3.921566,0.306261,0.183175,9.626113,3.000000,135.392321,3.208704,7.000000,72.180743,78.421702,70.243939,1.000000,1.389554,1.240839,0.148715,28.638268,37.537264,12.190411,5.257048,7.213587,10.817402,1.389700,0.062367,6.637855,14.000000,129.934924,0.474132,4.000000,5.383627,1.000000,95.643154,5.383627,3.000000,5.328911,2.000000,34.626437,2.664456,2.000000,18.188946,15.000000,255.882353,1.212596,7.000000,6.636574,11.000000,113.097713,0.603325,4.000000,6.233800,5.000000,74.458204,1.246760,3.000000,7.725425,17.000000,161.904762,0.454437,4.000000,5.010674,1.000000,40.262361,5.010674,3.000000,11.067679,18.000000,119.541616,0.614871,8.000000,10.203077,38.000000,182.197802,0.268502,1.000000,5.303030,6.000000,67.109145,0.883838,2.000000,8.580106,3.000000,129.142857,2.860035,1.000000,3.000000,3.000000,49.000000,-1.000000,,,,51.946484,55.639098,46.950710,-0.384814,-0.399456,0.014642,16.809691,27.400331,20.699470,0.448852,-0.155701,0.591277,0.049396,,0.000000,,70.422440,77.821012,78.584864,0.518200,0.358355,0.159846,28.251407,37.919953,14.808705,1.289887,1.562661,0.838658,0.038586,0.517655,0.142857,104.000000,207.240705,31.214240,4.255953,0.594366
2025-08-24T18:30:00Z,1.677182,no_impulse,0,ITC,1d,-1.000000,154.654655,6.222061,14.000000,0.444433,-2.553685,-3.635945,-4.140313,4.191843,2.000000,83.458647,2.095921,3.000000,51.946484,55.639098,46.950710,0.000000,-0.384814,-0.399456,0.014642,16.809691,27.400331,20.699470,0.448852,-0.155701,0.008559,0.591277,0.049396,4.782452,10.000000,139.024390,0.478245,4.000000,43.597756,31.578947,14.869336,1.000000,-0.602004,-0.387301,-0.214703,17.962592,19.782346,26.123132,-0.645183,-1.364314,-1.181752,0.371799,0.050003,3.562562,10.000000,44.427245,0.356256,3.000000,58.237563,86.759582,92.754820,1.000000,0.106493,-0.200191,0.306684,14.299092,24.548755,15.007807,1.152035,0.932185,1.586228,0.862036,0.032192,7.423581,27.000000,61.000944,0.274947,2.000000,41.851122,19.431280,17.698215,1.000000,-0.595857,-0.563104,-0.032754,16.792509,15.532858,24.573462,-1.065475,-1.697634,-0.896597,0.222078,0.037933,13.855816,32.000000,207.240705,0.432994,7.000000,53.410311,51.674641,74.464513,1.000000,0.824500,0.856327,-0.031826,17.465890,22.858676,19.896687,0.519409,1.869436,3.953574,0.620633,0.043282,6.266863,14.000000,104.073320,0.447633,4.000000,45.333210,62.449799,56.839992,1.000000,-0.238397,-0.396511,0.158114,15.112280,17.919381,24.954668,-0.559221,-1.593072,-1.430312,0.286716,0.026074,6.407412,9.000000,31.214240,0.711935,3.000000,46.398191,67.006110,84.323374,1.000000,-0.958910,-1.473568,0.514659,18.486229,22.332867,16.739925,-0.244566,-1.946938,-1.094337,0.447876,0.046806,17.031182,20.000000,193.958076,0.851559,4.000000,32.129317,15.953307,11.252897,0.000000,-2.393999,-1.959869,-0.434131,27.469107,13.909063,30.418152,-3.679381,-5.693637,-3.921566,0.306261,0.183175,9.626113,3.000000,135.392321,3.208704,7.000000,6.637855,14.000000,129.934924,0.474132,4.000000,5.383627,1.000000,95.643154,5.383627,3.000000,5.328911,2.000000,34.626437,2.664456,2.000000,18.188946,15.000000,255.882353,1.212596,7.000000,6.636574,11.000000,113.097713,0.603325,4.000000,6.233800,5.000000,74.458204,1.246760,3.000000,7.725425,17.000000,161.904762,0.454437,4.000000,5.010674,1.000000,40.262361,5.010674,3.000000,11.067679,18.000000,119.541616,0.614871,8.000000,10.203077,38.000000,182.197802,0.268502,1.000000,5.303030,6.000000,67.109145,0.883838,2.000000,4.000000,4.000000,63.000000,-1.000000,,,,32.100896,13.203463,9.233619,-0.906933,-0.560313,-0.346620,16.885750,14.625795,32.708714,-2.553685,-3.635945,0.017600,0.051619,,0.000000,,20.201218,11.165049,9.186164,-0.737192,-0.597950,-0.139242,58.858168,3.703617,44.898219,-1.303142,-2.313563,0.157069,0.037511,0.779847,0.992908,118.000000,207.240705,31.214240,4.355913,0.455120
2025-09-03T18:30:00Z,1.807476,no_impulse,0,ITC,1d,1.000000,117.087379,7.768616,7.000000,1.109802,1.644387,0.826302,0.132288,6.222061,14.000000,154.654655,0.444433,4.000000,32.100896,13.203463,9.233619,0.000000,-0.906933,-0.560313,-0.346620,16.885750,14.625795,32.708714,-2.553685,-3.635945,-4.140313,0.017600,0.051619,4.191843,2.000000,83.458647,2.095921,3.000000,51.946484,55.639098,46.950710,0.000000,-0.384814,-0.399456,0.014642,16.809691,27.400331,20.699470,0.448852,-0.155701,0.008559,0.591277,0.049396,4.782452,10.000000,139.024390,0.478245,4.000000,43.597756,31.578947,14.869336,1.000000,-0.602004,-0.387301,-0.214703,17.962592,19.782346,26.123132,-0.645183,-1.364314,-1.181752,0.371799,0.050003,3.562562,10.000000,44.427245,0.356256,3.000000,58.237563,86.759582,92.754820,1.000000,0.106493,-0.200191,0.306684,14.299092,24.548755,15.007807,1.152035,0.932185,1.586228,0.862036,0.032192,7.423581,27.000000,61.000944,0.274947,2.000000,41.851122,19.431280,17.698215,1.000000,-0.595857,-0.563104,-0.032754,16.792509,15.532858,24.573462,-1.065475,-1.697634,-0.896597,0.222078,0.037933,13.855816,32.000000,207.240705,0.432994,7.000000,53.410311,51.674641,74.464513,1.000000,0.824500,0.856327,-0.031826,17.465890,22.858676,19.896687,0.519409,1.869436,3.953574,0.620633,0.043282,6.266863,14.000000,104.073320,0.447633,4.000000,45.333210,62.449799,56.839992,1.000000,-0.238397,-0.396511,0.158114,15.112280,17.919381,24.954668,-0.559221,-1.593072,-1.430312,0.286716,0.026074,6.407412,9.000000,31.214240,0.711935,3.000000,46.398191,67.006110,84.323374,1.000000,-0.958910,-1.473568,0.514659,18.486229,22.332867,16.739925,-0.244566,-1.946938,-1.094337,0.447876,0.046806,17.031182,20.000000,193.958076,0.851559,4.000000,9.626113,3.000000,135.392321,3.208704,7.000000,6.637855,14.000000,129.934924,0.474132,4.000000,5.383627,1.000000,95.643154,5.383627,3.000000,5.328911,2.000000,34.626437,2.664456,2.000000,18.188946,15.000000,255.882353,1.212596,7.000000,6.636574,11.000000,113.097713,0.603325,4.000000,6.233800,5.000000,74.458204,1.246760,3.000000,7.725425,17.000000,161.904762,0.454437,4.000000,5.010674,1.000000,40.262361,5.010674,3.000000,11.067679,18.000000,119.541616,0.614871,8.000000,10.203077,38.000000,182.197802,0.268502,1.000000,7.000000,5.000000,70.000000,-1.000000,,,,57.282178,63.847430,60.445951,-0.305676,-0.585639,0.279963,15.759654,38.307457,16.555454,1.644387,0.826302,0.808797,0.054142,,0.000000,,62.861143,75.581395,82.170543,0.433449,0.344629,0.088821,30.235748,29.840668,11.401353,0.594176,1.044425,0.744399,0.024457,0.978786,0.496454,125.000000,207.240705,31.214240,4.372087,0.611721
2025-09-04T18:30:00Z,1.711755,no_impulse,0,ITC,1d,-1.000000,73.466003,5.295876,1.000000,5.295876,-0.374510,-1.200151,-1.938196,7.768616,7.000000,117.087379,1.109802,7.000000,57.282178,63.847430,60.445951,0.000000,-0.305676,-0.585639,0.279963,15.759654,38.307457,16.555454,1.644387,0.826302,0.132288,0.808797,0.054142,6.222061,14.000000,154.654655,0.444433,4.000000,32.100896,13.203463,9.233619,0.000000,-0.906933,-0.560313,-0.346620,16.885750,14.625795,32.708714,-2.553685,-3.635945,-4.140313,0.017600,0.051619,4.191843,2.000000,83.458647,2.095921,3.000000,51.946484,55.639098,46.950710,0.000000,-0.384814,-0.399456,0.014642,16.809691,27.400331,20.699470,0.448852,-0.155701,0.008559,0.591277,0.049396,4.782452,10.000000,139.024390,0.478245,4.000000,43.597756,31.578947,14.869336,1.000000,-0.602004,-0.387301,-0.214703,17.962592,19.782346,26.123132,-0.645183,-1.364314,-1.181752,0.371799,0.050003,3.562562,10.000000,44.427245,0.356256,3.000000,58.237563,86.759582,92.754820,1.000000,0.106493,-0.200191,0.306684,14.299092,24.548755,15.007807,1.152035,0.932185,1.586228,0.862036,0.032192,7.423581,27.000000,61.000944,0.274947,2.000000,41.851122,19.431280,17.698215,1.000000,-0.595857,-0.563104,-0.032754,16.792509,15.532858,24.573462,-1.065475,-1.697634,-0.896597,0.222078,0.037933,13.855816,32.000000,207.240705,0.432994,7.000000,53.410311,51.674641,74.464513,1.000000,0.824500,0.856327,-0.031826,17.465890,22.858676,19.896687,0.519409,1.869436,3.953574,0.620633,0.043282,6.266863,14.000000,104.073320,0.447633,4.000000,45.333210,62.449799,56.839992,1.000000,-0.238397,-0.396511,0.158114,15.112280,17.919381,24.954668,-0.559221,-1.593072,-1.430312,0.286716,0.026074,6.407412,9.000000,31.214240,0.711935,3.000000,17.031182,20.000000,193.958076,0.851559,4.000000,9.626113,3.000000,135.392321,3.208704,7.000000,6.637855,14.000000,129.934924,0.474132,4.000000,5.383627,1.000000,95.643154,5.383627,3.000000,5.328911,2.000000,34.626437,2.664456,2.000000,18.188946,15.000000,255.882353,1.212596,7.000000,6.636574,11.000000,113.097713,0.603325,4.000000,6.233800,5.000000,74.458204,1.246760,3.000000,7.725425,17.000000,161.904762,0.454437,4.000000,5.010674,1.000000,40.262361,5.010674,3.000000,11.067679,18.000000,119.541616,0.614871,8.000000,2.000000,1.000000,1.000000,-1.000000,,,,47.454723,36.152570,57.633893,-0.311163,-0.540549,0.229385,15.488783,32.993454,25.940553,-0.374510,-1.200151,0.430627,0.053784,,0.000000,,64.999032,42.746114,46.759444,0.670557,0.601379,0.069178,43.072567,42.336483,12.718926,0.761148,1.579256,0.689343,0.040508,0.683230,0.068966,126.000000,207.240705,31.214240,4.331622,1.153084
2025-09-11T18:30:00Z,1.765341,no_impulse,0,ITC,1d,1.000000,55.981941,3.130523,5.000000,0.626105,0.855241,0.370191,-0.326819,5.295876,1.000000,73.466003,5.295876,2.000000,47.454723,36.152570,57.633893,1.000000,-0.311163,-0.540549,0.229385,15.488783,32.993454,25.940553,-0.374510,-1.200151,-1.938196,0.430627,0.053784,7.768616,7.000000,117.087379,1.109802,7.000000,57.282178,63.847430,60.445951,0.000000,-0.305676,-0.585639,0.279963,15.759654,38.307457,16.555454,1.644387,0.826302,0.132288,0.808797,0.054142,6.222061,14.000000,154.654655,0.444433,4.000000,32.100896,13.203463,9.233619,0.000000,-0.906933,-0.560313,-0.346620,16.885750,14.625795,32.708714,-2.553685,-3.635945,-4.140313,0.017600,0.051619,4.191843,2.000000,83.458647,2.095921,3.000000,51.946484,55.639098,46.950710,0.000000,-0.384814,-0.399456,0.014642,16.809691,27.400331,20.699470,0.448852,-0.155701,0.008559,0.591277,0.049396,4.782452,10.000000,139.024390,0.478245,4.000000,43.597756,31.578947,14.869336,1.000000,-0.602004,-0.387301,-0.214703,17.962592,19.782346,26.123132,-0.645183,-1.364314,-1.181752,0.371799,0.050003,3.562562,10.000000,44.427245,0.356256,3.000000,58.237563,86.759582,92.754820,1.000000,0.106493,-0.200191,0.306684,14.299092,24.548755,15.007807,1.152035,0.932185,1.586228,0.862036,0.032192,7.423581,27.000000,61.000944,0.274947,2.000000,41.851122,19.431280,17.698215,1.000000,-0.595857,-0.563104,-0.032754,16.792509,15.532858,24.573462,-1.065475,-1.697634,-0.896597,0.222078,0.037933,13.855816,32.000000,207.240705,0.432994,7.000000,53.410311,51.674641,74.464513,1.000000,0.824500,0.856327,-0.031826,17.465890,22.858676,19.896687,0.519409,1.869436,3.953574,0.620633,0.043282,6.266863,14.000000,104.073320,0.447633,4.000000,6.407412,9.000000,31.214240,0.711935,3.000000,17.031182,20.000000,193.958076,0.851559,4.000000,9.626113,3.000000,135.392321,3.208704,7.000000,6.637855,14.000000,129.934924,0.474132,4.000000,5.383627,1.000000,95.643154,5.383627,3.000000,5.328911,2.000000,34.626437,2.664456,2.000000,18.188946,15.000000,255.882353,1.212596,7.000000,6.636574,11.000000,113.097713,0.603325,4.000000,6.233800,5.000000,74.458204,1.246760,3.000000,7.725425,17.000000,161.904762,0.454437,4.000000,5.010674,1.000000,40.262361,5.010674,3.000000,3.000000,1.000000,6.000000,-1.000000,,,,54.178964,56.882255,57.545605,0.059607,-0.230638,0.290245,16.427829,32.973056,20.207075,0.855241,0.370191,0.683208,0.047084,,0.000000,,65.151263,82.236842,85.517602,0.412405,0.331044,0.081361,37.397371,27.838716,13.359138,0.524385,1.042188,0.715005,0.024518,0.475929,0.396825,76.000000,207.240705,31.214240,2.886871,1.538388
2025-10-13T18:30:00Z,1.676966,no_impulse,0,ITC,1d,-1.000000,164.919355,5.006120,21.000000,0.238387,-1.606590,-2.624402,-4.087408,3.130523,5.000000,55.981941,0.626105,3.000000,54.178964,56.882255,57.545605,0.000000,0.059607,-0.230638,0.290245,16.427829,32.973056,20.207075,0.855241,0.370191,-0.326819,0.683208,0.047084,5.295876,1.000000,73.466003,5.295876,2.000000,47.454723,36.152570,57.633893,1.000000,-0.311163,-0.540549,0.229385,15.488783,32.993454,25.940553,-0.374510,-1.200151,-1.938196,0.430627,0.053784,7.768616,7.000000,117.087379,1.109802,7.000000,57.282178,63.847430,60.445951,0.000000,-0.305676,-0.585639,0.279963,15.759654,38.307457,16.555454,1.644387,0.826302,0.132288,0.808797,0.054142,6.222061,14.000000,154.654655,0.444433,4.000000,32.100896,13.203463,9.233619,0.000000,-0.906933,-0.560313,-0.346620,16.885750,14.625795,32.708714,-2.553685,-3.635945,-4.140313,0.017600,0.051619,4.191843,2.000000,83.458647,2.095921,3.000000,51.946484,55.639098,46.950710,0.000000,-0.384814,-0.399456,0.014642,16.809691,27.400331,20.699470,0.448852,-0.155701,0.008559,0.591277,0.049396,4.782452,10.000000,139.024390,0.478245,4.000000,43.597756,31.578947,14.869336,1.000000,-0.602004,-0.387301,-0.214703,17.962592,19.782346,26.123132,-0.645183,-1.364314,-1.181752,0.371799,0.050003,3.562562,10.000000,44.427245,0.356256,3.000000,58.237563,86.759582,92.754820,1.000000,0.106493,-0.200191,0.306684,14.299092,24.548755,15.007807,1.152035,0.932185,1.586228,0.862036,0.032192,7.423581,27.000000,61.000944,0.274947,2.000000,41.851122,19.431280,17.698215,1.000000,-0.595857,-0.563104,-0.032754,16.792509,15.532858,24.573462,-1.065475,-1.697634,-0.896597,0.222078,0.037933,13.855816,32.000000,207.240705,0.432994,7.000000,6.266863,14.000000,104.073320,0.447633,4.000000,6.407412,9.000000,31.214240,0.711935,3.000000,17.031182,20.000000,193.958076,0.851559,4.000000,9.626113,3.000000,135.392321,3.208704,7.000000,6.637855,14.000000,129.934924,0.474132,4.000000,5.383627,1.000000,95.643154,5.383627,3.000000,5.328911,2.000000,34.626437,2.664456,2.000000,18.188946,15.000000,255.882353,1.212596,7.000000,6.636574,11.000000,113.097713,0.603325,4.000000,6.233800,5.000000,74.458204,1.246760,3.000000,7.725425,17.000000,161.904762,0.454437,4.000000,4.000000,2.000000,27.000000,-1.000000,,,,38.556017,5.194805,18.128473,-0.685580,-0.565817,-0.119763,18.011733,15.279250,26.043817,-1.606590,-2.624402,0.145594,0.044615,,15.000000,,43.611785,16.346154,15.705128,-0.093728,-0.040796,-0.052932,17.710132,17.487266,23.342871,-0.245749,-0.435898,0.319384,0.013573,0.800977,1.721311,97.000000,207.240705,44.427245,3.087367,1.065717
2025-10-30T18:30:00Z,1.804883,no_impulse,0,ITC,1d,1.000000,144.743276,7.627883,12.000000,0.635657,1.889859,2.384087,1.692642,5.006120,21.000000,164.919355,0.238387,4.000000,38.556017,5.194805,18.128473,0.000000,-0.685580,-0.565817,-0.119763,18.011733,15.279250,26.043817,-1.606590,-2.624402,-4.087408,0.145594,0.044615,3.130523,5.000000,55.981941,0.626105,3.000000,54.178964,56.882255,57.545605,0.000000,0.059607,-0.230638,0.290245,16.427829,32.973056,20.207075,0.855241,0.370191,-0.326819,0.683208,0.047084,5.295876,1.000000,73.466003,5.295876,2.000000,47.454723,36.152570,57.633893,1.000000,-0.311163,-0.540549,0.229385,15.488783,32.993454,25.940553,-0.374510,-1.200151,-1.938196,0.430627,0.053784,7.768616,7.000000,117.087379,1.109802,7.000000,57.282178,63.847430,60.445951,0.000000,-0.305676,-0.585639,0.279963,15.759654,38.307457,16.555454,1.644387,0.826302,0.132288,0.808797,0.054142,6.222061,14.000000,154.654655,0.444433,4.000000,32.100896,13.203463,9.233619,0.000000,-0.906933,-0.560313,-0.346620,16.885750,14.625795,32.708714,-2.553685,-3.635945,-4.140313,0.017600,0.051619,4.191843,2.000000,83.458647,2.095921,3.000000,51.946484,55.639098,46.950710,0.000000,-0.384814,-0.399456,0.014642,16.809691,27.400331,20.699470,0.448852,-0.155701,0.008559,0.591277,0.049396,4.782452,10.000000,139.024390,0.478245,4.000000,43.597756,31.578947,14.869336,1.000000,-0.602004,-0.387301,-0.214703,17.962592,19.782346,26.123132,-0.645183,-1.364314,-1.181752,0.371799,0.050003,3.562562,10.000000,44.427245,0.356256,3.000000,58.237563,86.759582,92.754820,1.000000,0.106493,-0.200191,0.306684,14.299092,24.548755,15.007807,1.152035,0.932185,1.586228,0.862036,0.032192,7.423581,27.000000,61.000944,0.274947,2.000000,13.855816,32.000000,207.240705,0.432994,7.000000,6.266863,14.000000,104.073320,0.447633,4.000000,6.407412,9.000000,31.214240,0.711935,3.000000,17.031182,20.000000,193.958076,0.851559,4.000000,9.626113,3.000000,135.392321,3.208704,7.000000,6.637855,14.000000,129.934924,0.474132,4.000000,5.383627,1.000000,95.643154,5.383627,3.000000,5.328911,2.000000,34.626437,2.664456,2.000000,18.188946,15.000000,255.882353,1.212596,7.000000,6.636574,11.000000,113.097713,0.603325,4.000000,6.233800,5.000000,74.458204,1.246760,3.000000,7.000000,3.000000,39.000000,-1.000000,,,,63.104333,79.898649,87.005394,0.921633,0.528294,0.393339,28.563481,32.088142,10.203432,1.889859,2.384087,0.731691,0.083139,,11.000000,,53.478223,53.719008,45.638941,0.139706,0.210048,-0.070342,21.209541,17.041963,26.386773,0.061454,0.677705,0.548213,0.012754,1.245583,0.930233,109.000000,207.240705,44.427245,3.112244,0.738760
2025-11-13T18:30:00Z,1.693604,no_impulse,0,ITC,1d,-1.000000,86.993243,6.165450,9.000000,0.685050,-0.292015,-0.317182,-1.125118,7.627883,12.000000,144.743276,0.635657,7.000000,63.104333,79.898649,87.005394,0.000000,0.921633,0.528294,0.393339,28.563481,32.088142,10.203432,1.889859,2.384087,1.692642,0.731691,0.083139,5.006120,21.000000,164.919355,0.238387,4.000000,38.556017,5.194805,18.128473,0.000000,-0.685580,-0.565817,-0.119763,18.011733,15.279250,26.043817,-1.606590,-2.624402,-4.087408,0.145594,0.044615,3.130523,5.000000,55.981941,0.626105,3.000000,54.178964,56.882255,57.545605,0.000000,0.059607,-0.230638,0.290245,16.427829,32.973056,20.207075,0.855241,0.370191,-0.326819,0.683208,0.047084,5.295876,1.000000,73.466003,5.295876,2.000000,47.454723,36.152570,57.633893,1.000000,-0.311163,-0.540549,0.229385,15.488783,32.993454,25.940553,-0.374510,-1.200151,-1.938196,0.430627,0.053784,7.768616,7.000000,117.087379,1.109802,7.000000,57.282178,63.847430,60.445951,0.000000,-0.305676,-0.585639,0.279963,15.759654,38.307457,16.555454,1.644387,0.826302,0.132288,0.808797,0.054142,6.222061,14.000000,154.654655,0.444433,4.000000,32.100896,13.203463,9.233619,0.000000,-0.906933,-0.560313,-0.346620,16.885750,14.625795,32.708714,-2.553685,-3.635945,-4.140313,0.017600,0.051619,4.191843,2.000000,83.458647,2.095921,3.000000,51.946484,55.639098,46.950710,0.000000,-0.384814,-0.399456,0.014642,16.809691,27.400331,20.699470,0.448852,-0.155701,0.008559,0.591277,0.049396,4.782452,10.000000,139.024390,0.478245,4.000000,43.597756,31.578947,14.869336,1.000000,-0.602004,-0.387301,-0.214703,17.962592,19.782346,26.123132,-0.645183,-1.364314,-1.181752,0.371799,0.050003,3.562562,10.000000,44.427245,0.356256,3.000000,7.423581,27.000000,61.000944,0.274947,2.000000,13.855816,32.000000,207.240705,0.432994,7.000000,6.266863,14.000000,104.073320,0.447633,4.000000,6.407412,9.000000,31.214240,0.711935,3.000000,17.031182,20.000000,193.958076,0.851559,4.000000,9.626113,3.000000,135.392321,3.208704,7.000000,6.637855,14.000000,129.934924,0.474132,4.000000,5.383627,1.000000,95.643154,5.383627,3.000000,5.328911,2.000000,34.626437,2.664456,2.000000,18.188946,15.000000,255.882353,1.212596,7.000000,6.636574,11.000000,113.097713,0.603325,4.000000,2.000000,1.000000,9.000000,-1.000000,,,,48.242398,30.485437,19.372339,-0.096732,0.157754,-0.254486,18.442553,17.689640,24.853453,-0.292015,-0.317182,0.447664,0.055633,,7.000000,,44.259905,35.714286,37.619048,-0.091671,-0.099664,0.007993,17.738709,11.331289,20.931225,-0.178538,-0.570658,0.209688,0.006139,1.120756,0.825688,118.000000,164.919355,44.427245,1.692331,0.817384
2025-11-16T18:30:00Z,1.743950,no_impulse,0,ITC,1d,1.000000,45.242718,2.972697,1.000000,2.972697,-0.491766,-0.546457,-1.365005,6.165450,9.000000,86.993243,0.685050,2.000000,48.242398,30.485437,19.372339,1.000000,-0.096732,0.157754,-0.254486,18.442553,17.689640,24.853453,-0.292015,-0.317182,-1.125118,0.447664,0.055633,7.627883,12.000000,144.743276,0.635657,7.000000,63.104333,79.898649,87.005394,0.000000,0.921633,0.528294,0.393339,28.563481,32.088142,10.203432,1.889859,2.384087,1.692642,0.731691,0.083139,5.006120,21.000000,164.919355,0.238387,4.000000,38.556017,5.194805,18.128473,0.000000,-0.685580,-0.565817,-0.119763,18.011733,15.279250,26.043817,-1.606590,-2.624402,-4.087408,0.145594,0.044615,3.130523,5.000000,55.981941,0.626105,3.000000,54.178964,56.882255,57.545605,0.000000,0.059607,-0.230638,0.290245,16.427829,32.973056,20.207075,0.855241,0.370191,-0.326819,0.683208,0.047084,5.295876,1.000000,73.466003,5.295876,2.000000,47.454723,36.152570,57.633893,1.000000,-0.311163,-0.540549,0.229385,15.488783,32.993454,25.940553,-0.374510,-1.200151,-1.938196,0.430627,0.053784,7.768616,7.000000,117.087379,1.109802,7.000000,57.282178,63.847430,60.445951,0.000000,-0.305676,-0.585639,0.279963,15.759654,38.307457,16.555454,1.644387,0.826302,0.132288,0.808797,0.054142,6.222061,14.000000,154.654655,0.444433,4.000000,32.100896,13.203463,9.233619,0.000000,-0.906933,-0.560313,-0.346620,16.885750,14.625795,32.708714,-2.553685,-3.635945,-4.140313,0.017600,0.051619,4.191843,2.000000,83.458647,2.095921,3.000000,51.946484,55.639098,46.950710,0.000000,-0.384814,-0.399456,0.014642,16.809691,27.400331,20.699470,0.448852,-0.155701,0.008559,0.591277,0.049396,4.782452,10.000000,139.024390,0.478245,4.000000,3.562562,10.000000,44.427245,0.356256,3.000000,7.423581,27.000000,61.000944,0.274947,2.000000,13.855816,32.000000,207.240705,0.432994,7.000000,6.266863,14.000000,104.073320,0.447633,4.000000,6.407412,9.000000,31.214240,0.711935,3.000000,17.031182,20.000000,193.958076,0.851559,4.000000,9.626113,3.000000,135.392321,3.208704,7.000000,6.637855,14.000000,129.934924,0.474132,4.000000,5.383627,1.000000,95.643154,5.383627,3.000000,5.328911,2.000000,34.626437,2.664456,2.000000,18.188946,15.000000,255.882353,1.212596,7.000000,3.000000,1.000000,10.000000,-1.000000,,,,46.778250,26.601942,22.684097,-0.124732,0.101573,-0.226305,17.490339,20.630716,22.853436,-0.491766,-0.546457,0.410448,0.054645,,1.000000,,60.155705,78.111588,90.731476,0.045224,-0.055314,0.100538,29.016612,23.747030,22.189671,0.641885,0.407181,1.032225,0.012138,0.553025,0.109890,119.000000,164.919355,44.427245,1.576322,1.160817
2025-11-30T18:30:00Z,1.685609,no_impulse,0,ITC,1d,-1.000000,115.879828,3.345310,10.000000,0.334531,-0.412849,-0.834581,-1.882461,2.972697,1.000000,45.242718,2.972697,3.000000,46.778250,26.601942,22.684097,0.000000,-0.124732,0.101573,-0.226305,17.490339,20.630716,22.853436,-0.491766,-0.546457,-1.365005,0.410448,0.054645,6.165450,9.000000,86.993243,0.685050,2.000000,48.242398,30.485437,19.372339,1.000000,-0.096732,0.157754,-0.254486,18.442553,17.689640,24.853453,-0.292015,-0.317182,-1.125118,0.447664,0.055633,7.627883,12.000000,144.743276,0.635657,7.000000,63.104333,79.898649,87.005394,0.000000,0.921633,0.528294,0.393339,28.563481,32.088142,10.203432,1.889859,2.384087,1.692642,0.731691,0.083139,5.006120,21.000000,164.919355,0.238387,4.000000,38.556017,5.194805,18.128473,0.000000,-0.685580,-0.565817,-0.119763,18.011733,15.279250,26.043817,-1.606590,-2.624402,-4.087408,0.145594,0.044615,3.130523,5.000000,55.981941,0.626105,3.000000,54.178964,56.882255,57.545605,0.000000,0.059607,-0.230638,0.290245,16.427829,32.973056,20.207075,0.855241,0.370191,-0.326819,0.683208,0.047084,5.295876,1.000000,73.466003,5.295876,2.000000,47.454723,36.152570,57.633893,1.000000,-0.311163,-0.540549,0.229385,15.488783,32.993454,25.940553,-0.374510,-1.200151,-1.938196,0.430627,0.053784,7.768616,7.000000,117.087379,1.109802,7.000000,57.282178,63.847430,60.445951,0.000000,-0.305676,-0.585639,0.279963,15.759654,38.307457,16.555454,1.644387,0.826302,0.132288,0.808797,0.054142,6.222061,14.000000,154.654655,0.444433,4.000000,32.100896,13.203463,9.233619,0.000000,-0.906933,-0.560313,-0.346620,16.885750,14.625795,32.708714,-2.553685,-3.635945,-4.140313,0.017600,0.051619,4.191843,2.000000,83.458647,2.095921,3.000000,4.782452,10.000000,139.024390,0.478245,4.000000,3.562562,10.000000,44.427245,0.356256,3.000000,7.423581,27.000000,61.000944,0.274947,2.000000,13.855816,32.000000,207.240705,0.432994,7.000000,6.266863,14.000000,104.073320,0.447633,4.000000,6.407412,9.000000,31.214240,0.711935,3.000000,17.031182,20.000000,193.958076,0.851559,4.000000,9.626113,3.000000,135.392321,3.208704,7.000000,6.637855,14.000000,129.934924,0.474132,4.000000,5.383627,1.000000,95.643154,5.383627,3.000000,5.328911,2.000000,34.626437,2.664456,2.000000,4.000000,2.000000,20.000000,-1.000000,,,,45.791098,43.703704,37.886928,-0.386148,-0.315419,-0.070729,15.061837,16.153907,25.847910,-0.412849,-0.834581,0.348095,0.027066,,7.000000,,41.063833,43.708609,52.295366,-0.038275,-0.049816,0.011541,19.486366,15.597596,33.781823,-0.440037,-0.612104,-0.056201,0.007877,0.629249,1.219512,129.000000,164.919355,45.242718,1.660484,1.248167
2025-12-23T18:30:00Z,1.733362,no_impulse,0,ITC,1d,1.000000,81.851852,2.832970,17.000000,0.166645,0.787167,0.362541,-0.932008,3.345310,10.000000,115.879828,0.334531,4.000000,45.791098,43.703704,37.886928,0.000000,-0.386148,-0.315419,-0.070729,15.061837,16.153907,25.847910,-0.412849,-0.834581,-1.882461,0.348095,0.027066,2.972697,1.000000,45.242718,2.972697,3.000000,46.778250,26.601942,22.684097,0.000000,-0.124732,0.101573,-0.226305,17.490339,20.630716,22.853436,-0.491766,-0.546457,-1.365005,0.410448,0.054645,6.165450,9.000000,86.993243,0.685050,2.000000,48.242398,30.485437,19.372339,1.000000,-0.096732,0.157754,-0.254486,18.442553,17.689640,24.853453,-0.292015,-0.317182,-1.125118,0.447664,0.055633,7.627883,12.000000,144.743276,0.635657,7.000000,63.104333,79.898649,87.005394,0.000000,0.921633,0.528294,0.393339,28.563481,32.088142,10.203432,1.889859,2.384087,1.692642,0.731691,0.083139,5.006120,21.000000,164.919355,0.238387,4.000000,38.556017,5.194805,18.128473,0.000000,-0.685580,-0.565817,-0.119763,18.011733,15.279250,26.043817,-1.606590,-2.624402,-4.087408,0.145594,0.044615,3.130523,5.000000,55.981941,0.626105,3.000000,54.178964,56.882255,57.545605,0.000000,0.059607,-0.230638,0.290245,16.427829,32.973056,20.207075,0.855241,0.370191,-0.326819,0.683208,0.047084,5.295876,1.000000,73.466003,5.295876,2.000000,47.454723,36.152570,57.633893,1.000000,-0.311163,-0.540549,0.229385,15.488783,32.993454,25.940553,-0.374510,-1.200151,-1.938196,0.430627,0.053784,7.768616,7.000000,117.087379,1.109802,7.000000,57.282178,63.847430,60.445951,0.000000,-0.305676,-0.585639,0.279963,15.759654,38.307457,16.555454,1.644387,0.826302,0.132288,0.808797,0.054142,6.222061,14.000000,154.654655,0.444433,4.000000,4.191843,2.000000,83.458647,2.095921,3.000000,4.782452,10.000000,139.024390,0.478245,4.000000,3.562562,10.000000,44.427245,0.356256,3.000000,7.423581,27.000000,61.000944,0.274947,2.000000,13.855816,32.000000,207.240705,0.432994,7.000000,6.266863,14.000000,104.073320,0.447633,4.000000,6.407412,9.000000,31.214240,0.711935,3.000000,17.031182,20.000000,193.958076,0.851559,4.000000,9.626113,3.000000,135.392321,3.208704,7.000000,6.637855,14.000000,129.934924,0.474132,4.000000,5.383627,1.000000,95.643154,5.383627,3.000000,3.000000,3.000000,37.000000,-1.000000,,,,55.901039,72.058824,70.937026,-0.104338,-0.288614,0.184275,17.264537,21.797019,14.700930,0.787167,0.362541,0.888652,0.020414,,13.000000,,78.058721,99.337748,92.128017,0.334830,0.200389,0.134441,30.447405,38.042742,7.639841,1.179863,1.463326,1.106891,0.019673,0.547684,2.073171,146.000000,164.919355,45.242718,1.770382,0.791870
2026-01-01T18:30:00Z,1.461322,no_impulse,0,ITC,1d,-1.000000,569.683258,15.694341,6.000000,2.615723,-12.753422,-14.577038,-16.853267,2.832970,17.000000,81.851852,0.166645,3.000000,55.901039,72.058824,70.937026,0.000000,-0.104338,-0.288614,0.184275,17.264537,21.797019,14.700930,0.787167,0.362541,-0.932008,0.888652,0.020414,3.345310,10.000000,115.879828,0.334531,4.000000,45.791098,43.703704,37.886928,0.000000,-0.386148,-0.315419,-0.070729,15.061837,16.153907,25.847910,-0.412849,-0.834581,-1.882461,0.348095,0.027066,2.972697,1.000000,45.242718,2.972697,3.000000,46.778250,26.601942,22.684097,0.000000,-0.124732,0.101573,-0.226305,17.490339,20.630716,22.853436,-0.491766,-0.546457,-1.365005,0.410448,0.054645,6.165450,9.000000,86.993243,0.685050,2.000000,48.242398,30.485437,19.372339,1.000000,-0.096732,0.157754,-0.254486,18.442553,17.689640,24.853453,-0.292015,-0.317182,-1.125118,0.447664,0.055633,7.627883,12.000000,144.743276,0.635657,7.000000,63.104333,79.898649,87.005394,0.000000,0.921633,0.528294,0.393339,28.563481,32.088142,10.203432,1.889859,2.384087,1.692642,0.731691,0.083139,5.006120,21.000000,164.919355,0.238387,4.000000,38.556017,5.194805,18.128473,0.000000,-0.685580,-0.565817,-0.119763,18.011733,15.279250,26.043817,-1.606590,-2.624402,-4.087408,0.145594,0.044615,3.130523,5.000000,55.981941,0.626105,3.000000,54.178964,56.882255,57.545605,0.000000,0.059607,-0.230638,0.290245,16.427829,32.973056,20.207075,0.855241,0.370191,-0.326819,0.683208,0.047084,5.295876,1.000000,73.466003,5.295876,2.000000,47.454723,36.152570,57.633893,1.000000,-0.311163,-0.540549,0.229385,15.488783,32.993454,25.940553,-0.374510,-1.200151,-1.938196,0.430627,0.053784,7.768616,7.000000,117.087379,1.109802,7.000000,6.222061,14.000000,154.654655,0.444433,4.000000,4.191843,2.000000,83.458647,2.095921,3.000000,4.782452,10.000000,139.024390,0.478245,4.000000,3.562562,10.000000,44.427245,0.356256,3.000000,7.423581,27.000000,61.000944,0.274947,2.000000,13.855816,32.000000,207.240705,0.432994,7.000000,6.266863,14.000000,104.073320,0.447633,4.000000,6.407412,9.000000,31.214240,0.711935,3.000000,17.031182,20.000000,193.958076,0.851559,4.000000,9.626113,3.000000,135.392321,3.208704,7.000000,6.637855,14.000000,129.934924,0.474132,4.000000,4.000000,4.000000,43.000000,-1.000000,,,,15.417083,7.466243,15.906507,-2.014603,-0.703468,-1.311136,22.391752,8.131565,60.215069,-12.753422,-14.577038,-0.296947,0.141928,,5.000000,,16.675531,2.611940,4.809287,-2.819715,-1.785870,-1.033845,45.291995,4.937103,52.238422,-5.769374,-8.415871,0.186616,0.174057,3.115965,0.618557,152.000000,164.919355,45.242718,1.901336,0.486768
2026-01-01T18:30:00Z,1.523768,no_impulse,0,ITC,1d,1.000000,22.954726,4.273252,0.000000,0.000000,-12.753422,-14.577038,-16.853267,15.694341,6.000000,569.683258,2.615723,4.000000,15.417083,7.466243,15.906507,1.000000,-2.014603,-0.703468,-1.311136,22.391752,8.131565,60.215069,-12.753422,-14.577038,-16.853267,-0.296947,0.141928,2.832970,17.000000,81.851852,0.166645,3.000000,55.901039,72.058824,70.937026,0.000000,-0.104338,-0.288614,0.184275,17.264537,21.797019,14.700930,0.787167,0.362541,-0.932008,0.888652,0.020414,3.345310,10.000000,115.879828,0.334531,4.000000,45.791098,43.703704,37.886928,0.000000,-0.386148,-0.315419,-0.070729,15.061837,16.153907,25.847910,-0.412849,-0.834581,-1.882461,0.348095,0.027066,2.972697,1.000000,45.242718,2.972697,3.000000,46.778250,26.601942,22.684097,0.000000,-0.124732,0.101573,-0.226305,17.490339,20.630716,22.853436,-0.491766,-0.546457,-1.365005,0.410448,0.054645,6.165450,9.000000,86.993243,0.685050,2.000000,48.242398,30.485437,19.372339,1.000000,-0.096732,0.157754,-0.254486,18.442553,17.689640,24.853453,-0.292015,-0.317182,-1.125118,0.447664,0.055633,7.627883,12.000000,144.743276,0.635657,7.000000,63.104333,79.898649,87.005394,0.000000,0.921633,0.528294,0.393339,28.563481,32.088142,10.203432,1.889859,2.384087,1.692642,0.731691,0.083139,5.006120,21.000000,164.919355,0.238387,4.000000,38.556017,5.194805,18.128473,0.000000,-0.685580,-0.565817,-0.119763,18.011733,15.279250,26.043817,-1.606590,-2.624402,-4.087408,0.145594,0.044615,3.130523,5.000000,55.981941,0.626105,3.000000,54.178964,56.882255,57.545605,0.000000,0.059607,-0.230638,0.290245,16.427829,32.973056,20.207075,0.855241,0.370191,-0.326819,0.683208,0.047084,5.295876,1.000000,73.466003,5.295876,2.000000,7.768616,7.000000,117.087379,1.109802,7.000000,6.222061,14.000000,154.654655,0.444433,4.000000,4.191843,2.000000,83.458647,2.095921,3.000000,4.782452,10.000000,139.024390,0.478245,4.000000,3.562562,10.000000,44.427245,0.356256,3.000000,7.423581,27.000000,61.000944,0.274947,2.000000,13.855816,32.000000,207.240705,0.432994,7.000000,6.266863,14.000000,104.073320,0.447633,4.000000,6.407412,9.000000,31.214240,0.711935,3.000000,17.031182,20.000000,193.958076,0.851559,4.000000,9.626113,3.000000,135.392321,3.208704,7.000000,4.000000,5.000000,43.000000,-1.000000,,,,15.417083,7.466243,15.906507,-2.014603,-0.703468,-1.311136,22.391752,8.131565,60.215069,-12.753422,-14.577038,-0.296947,0.141928,,0.000000,,16.675531,2.611940,4.809287,-2.819715,-1.785870,-1.033845,45.291995,4.937103,52.238422,-5.769374,-8.415871,0.186616,0.174057,0.714115,0.000000,0.000000,569.683258,45.242718,3.883620,1.304580
2026-01-31T18:30:00Z,1.295376,no_impulse,0,ITC,1d,-1.000000,365.743945,14.988656,19.000000,0.788877,-8.408326,-17.027359,-27.732275,4.273252,0.000000,22.954726,0.000000,4.000000,15.417083,7.466243,15.906507,0.000000,-2.014603,-0.703468,-1.311136,22.391752,8.131565,60.215069,-12.753422,-14.577038,-16.853267,-0.296947,0.141928,15.694341,6.000000,569.683258,2.615723,4.000000,15.417083,7.466243,15.906507,1.000000,-2.014603,-0.703468,-1.311136,22.391752,8.131565,60.215069,-12.753422,-14.577038,-16.853267,-0.296947,0.141928,2.832970,17.000000,81.851852,0.166645,3.000000,55.901039,72.058824,70.937026,0.000000,-0.104338,-0.288614,0.184275,17.264537,21.797019,14.700930,0.787167,0.362541,-0.932008,0.888652,0.020414,3.345310,10.000000,115.879828,0.334531,4.000000,45.791098,43.703704,37.886928,0.000000,-0.386148,-0.315419,-0.070729,15.061837,16.153907,25.847910,-0.412849,-0.834581,-1.882461,0.348095,0.027066,2.972697,1.000000,45.242718,2.972697,3.000000,46.778250,26.601942,22.684097,0.000000,-0.124732,0.101573,-0.226305,17.490339,20.630716,22.853436,-0.491766,-0.546457,-1.365005,0.410448,0.054645,6.165450,9.000000,86.993243,0.685050,2.000000,48.242398,30.485437,19.372339,1.000000,-0.096732,0.157754,-0.254486,18.442553,17.689640,24.853453,-0.292015,-0.317182,-1.125118,0.447664,0.055633,7.627883,12.000000,144.743276,0.635657,7.000000,63.104333,79.898649,87.005394,0.000000,0.921633,0.528294,0.393339,28.563481,32.088142,10.203432,1.889859,2.384087,1.692642,0.731691,0.083139,5.006120,21.000000,164.919355,0.238387,4.000000,38.556017,5.194805,18.128473,0.000000,-0.685580,-0.565817,-0.119763,18.011733,15.279250,26.043817,-1.606590,-2.624402,-4.087408,0.145594,0.044615,3.130523,5.000000,55.981941,0.626105,3.000000,5.295876,1.000000,73.466003,5.295876,2.000000,7.768616,7.000000,117.087379,1.109802,7.000000,6.222061,14.000000,154.654655,0.444433,4.000000,4.191843,2.000000,83.458647,2.095921,3.000000,4.782452,10.000000,139.024390,0.478245,4.000000,3.562562,10.000000,44.427245,0.356256,3.000000,7.423581,27.000000,61.000944,0.274947,2.000000,13.855816,32.000000,207.240705,0.432994,7.000000,6.266863,14.000000,104.073320,0.447633,4.000000,6.407412,9.000000,31.214240,0.711935,3.000000,17.031182,20.000000,193.958076,0.851559,4.000000,4.000000,6.000000,62.000000,-1.000000,,,,18.377409,10.213415,12.039987,-5.564066,-5.669714,0.105648,67.132815,4.411552,39.861251,-8.408326,-17.027359,-0.109697,0.127213,,14.000000,,46.754050,46.198830,58.869396,-0.082074,-0.206581,0.124507,26.141303,22.409116,19.185760,-0.182353,-0.931701,0.400611,0.018314,2.660185,2.317073,19.000000,569.683258,22.954726,3.862389,1.826462
2026-02-05T18:30:00Z,1.416162,no_impulse,0,ITC,1d,1.000000,52.885525,9.324437,5.000000,1.864887,0.862768,-6.604563,-17.733266,14.988656,19.000000,365.743945,0.788877,4.000000,18.377409,10.213415,12.039987,0.000000,-5.564066,-5.669714,0.105648,67.132815,4.411552,39.861251,-8.408326,-17.027359,-27.732275,-0.109697,0.127213,4.273252,0.000000,22.954726,0.000000,4.000000,15.417083,7.466243,15.906507,0.000000,-2.014603,-0.703468,-1.311136,22.391752,8.131565,60.215069,-12.753422,-14.577038,-16.853267,-0.296947,0.141928,15.694341,6.000000,569.683258,2.615723,4.000000,15.417083,7.466243,15.906507,1.000000,-2.014603,-0.703468,-1.311136,22.391752,8.131565,60.215069,-12.753422,-14.577038,-16.853267,-0.296947,0.141928,2.832970,17.000000,81.851852,0.166645,3.000000,55.901039,72.058824,70.937026,0.000000,-0.104338,-0.288614,0.184275,17.264537,21.797019,14.700930,0.787167,0.362541,-0.932008,0.888652,0.020414,3.345310,10.000000,115.879828,0.334531,4.000000,45.791098,43.703704,37.886928,0.000000,-0.386148,-0.315419,-0.070729,15.061837,16.153907,25.847910,-0.412849,-0.834581,-1.882461,0.348095,0.027066,2.972697,1.000000,45.242718,2.972697,3.000000,46.778250,26.601942,22.684097,0.000000,-0.124732,0.101573,-0.226305,17.490339,20.630716,22.853436,-0.491766,-0.546457,-1.365005,0.410448,0.054645,6.165450,9.000000,86.993243,0.685050,2.000000,48.242398,30.485437,19.372339,1.000000,-0.096732,0.157754,-0.254486,18.442553,17.689640,24.853453,-0.292015,-0.317182,-1.125118,0.447664,0.055633,7.627883,12.000000,144.743276,0.635657,7.000000,63.104333,79.898649,87.005394,0.000000,0.921633,0.528294,0.393339,28.563481,32.088142,10.203432,1.889859,2.384087,1.692642,0.731691,0.083139,5.006120,21.000000,164.919355,0.238387,4.000000,3.130523,5.000000,55.981941,0.626105,3.000000,5.295876,1.000000,73.466003,5.295876,2.000000,7.768616,7.000000,117.087379,1.109802,7.000000,6.222061,14.000000,154.654655,0.444433,4.000000,4.191843,2.000000,83.458647,2.095921,3.000000,4.782452,10.000000,139.024390,0.478245,4.000000,3.562562,10.000000,44.427245,0.356256,3.000000,7.423581,27.000000,61.000944,0.274947,2.000000,13.855816,32.000000,207.240705,0.432994,7.000000,6.266863,14.000000,104.073320,0.447633,4.000000,6.407412,9.000000,31.214240,0.711935,3.000000,3.000000,7.000000,67.000000,-1.000000,,,,46.932087,94.043887,63.662111,-3.740436,-4.658774,0.918338,61.350066,19.002700,27.526568,0.862768,-6.604563,0.589813,0.096899,,6.000000,,47.195518,13.223140,13.278681,0.031971,0.117471,-0.085500,24.969641,25.826673,21.089424,-0.241862,-0.531399,0.391445,0.022226,1.411998,0.500000,5.000000,569.683258,22.954726,4.856315,3.819947
2026-02-05T18:30:00Z,1.332325,no_impulse,0,ITC,1d,-1.000000,69.409660,5.920049,0.000000,0.000000,0.862768,-6.604563,-17.733266,9.324437,5.000000,52.885525,1.864887,3.000000,46.932087,94.043887,63.662111,1.000000,-3.740436,-4.658774,0.918338,61.350066,19.002700,27.526568,0.862768,-6.604563,-17.733266,0.589813,0.096899,14.988656,19.000000,365.743945,0.788877,4.000000,18.377409,10.213415,12.039987,0.000000,-5.564066,-5.669714,0.105648,67.132815,4.411552,39.861251,-8.408326,-17.027359,-27.732275,-0.109697,0.127213,4.273252,0.000000,22.954726,0.000000,4.000000,15.417083,7.466243,15.906507,0.000000,-2.014603,-0.703468,-1.311136,22.391752,8.131565,60.215069,-12.753422,-14.577038,-16.853267,-0.296947,0.141928,15.694341,6.000000,569.683258,2.615723,4.000000,15.417083,7.466243,15.906507,1.000000,-2.014603,-0.703468,-1.311136,22.391752,8.131565,60.215069,-12.753422,-14.577038,-16.853267,-0.296947,0.141928,2.832970,17.000000,81.851852,0.166645,3.000000,55.901039,72.058824,70.937026,0.000000,-0.104338,-0.288614,0.184275,17.264537,21.797019,14.700930,0.787167,0.362541,-0.932008,0.888652,0.020414,3.345310,10.000000,115.879828,0.334531,4.000000,45.791098,43.703704,37.886928,0.000000,-0.386148,-0.315419,-0.070729,15.061837,16.153907,25.847910,-0.412849,-0.834581,-1.882461,0.348095,0.027066,2.972697,1.000000,45.242718,2.972697,3.000000,46.778250,26.601942,22.684097,0.000000,-0.124732,0.101573,-0.226305,17.490339,20.630716,22.853436,-0.491766,-0.546457,-1.365005,0.410448,0.054645,6.165450,9.000000,86.993243,0.685050,2.000000,48.242398,30.485437,19.372339,1.000000,-0.096732,0.157754,-0.254486,18.442553,17.689640,24.853453,-0.292015,-0.317182,-1.125118,0.447664,0.055633,7.627883,12.000000,144.743276,0.635657,7.000000,5.006120,21.000000,164.919355,0.238387,4.000000,3.130523,5.000000,55.981941,0.626105,3.000000,5.295876,1.000000,73.466003,5.295876,2.000000,7.768616,7.000000,117.087379,1.109802,7.000000,6.222061,14.000000,154.654655,0.444433,4.000000,4.191843,2.000000,83.458647,2.095921,3.000000,4.782452,10.000000,139.024390,0.478245,4.000000,3.562562,10.000000,44.427245,0.356256,3.000000,7.423581,27.000000,61.000944,0.274947,2.000000,13.855816,32.000000,207.240705,0.432994,7.000000,6.266863,14.000000,104.073320,0.447633,4.000000,3.000000,8.000000,67.000000,-1.000000,,,,46.932087,94.043887,63.662111,-3.740436,-4.658774,0.918338,61.350066,19.002700,27.526568,0.862768,-6.604563,0.589813,0.096899,,0.000000,,47.195518,13.223140,13.278681,0.031971,0.117471,-0.085500,24.969641,25.826673,21.089424,-0.241862,-0.531399,0.391445,0.022226,0.819598,0.000000,5.000000,569.683258,22.954726,4.758115,1.306946
2026-02-18T18:30:00Z,1.444468,no_impulse,0,ITC,1d,1.000000,133.762887,8.417126,9.000000,0.935236,1.016179,-4.191676,-16.029829,5.920049,0.000000,69.409660,0.000000,3.000000,46.932087,94.043887,63.662111,0.000000,-3.740436,-4.658774,0.918338,61.350066,19.002700,27.526568,0.862768,-6.604563,-17.733266,0.589813,0.096899,9.324437,5.000000,52.885525,1.864887,3.000000,46.932087,94.043887,63.662111,1.000000,-3.740436,-4.658774,0.918338,61.350066,19.002700,27.526568,0.862768,-6.604563,-17.733266,0.589813,0.096899,14.988656,19.000000,365.743945,0.788877,4.000000,18.377409,10.213415,12.039987,0.000000,-5.564066,-5.669714,0.105648,67.132815,4.411552,39.861251,-8.408326,-17.027359,-27.732275,-0.109697,0.127213,4.273252,0.000000,22.954726,0.000000,4.000000,15.417083,7.466243,15.906507,0.000000,-2.014603,-0.703468,-1.311136,22.391752,8.131565,60.215069,-12.753422,-14.577038,-16.853267,-0.296947,0.141928,15.694341,6.000000,569.683258,2.615723,4.000000,15.417083,7.466243,15.906507,1.000000,-2.014603,-0.703468,-1.311136,22.391752,8.131565,60.215069,-12.753422,-14.577038,-16.853267,-0.296947,0.141928,2.832970,17.000000,81.851852,0.166645,3.000000,55.901039,72.058824,70.937026,0.000000,-0.104338,-0.288614,0.184275,17.264537,21.797019,14.700930,0.787167,0.362541,-0.932008,0.888652,0.020414,3.345310,10.000000,115.879828,0.334531,4.000000,45.791098,43.703704,37.886928,0.000000,-0.386148,-0.315419,-0.070729,15.061837,16.153907,25.847910,-0.412849,-0.834581,-1.882461,0.348095,0.027066,2.972697,1.000000,45.242718,2.972697,3.000000,46.778250,26.601942,22.684097,0.000000,-0.124732,0.101573,-0.226305,17.490339,20.630716,22.853436,-0.491766,-0.546457,-1.365005,0.410448,0.054645,6.165450,9.000000,86.993243,0.685050,2.000000,7.627883,12.000000,144.743276,0.635657,7.000000,5.006120,21.000000,164.919355,0.238387,4.000000,3.130523,5.000000,55.981941,0.626105,3.000000,5.295876,1.000000,73.466003,5.295876,2.000000,7.768616,7.000000,117.087379,1.109802,7.000000,6.222061,14.000000,154.654655,0.444433,4.000000,4.191843,2.000000,83.458647,2.095921,3.000000,4.782452,10.000000,139.024390,0.478245,4.000000,3.562562,10.000000,44.427245,0.356256,3.000000,7.423581,27.000000,61.000944,0.274947,2.000000,13.855816,32.000000,207.240705,0.432994,7.000000,1.000000,1.000000,76.000000,-1.000000,,,,49.970050,78.543563,89.106416,-1.194778,-2.317592,1.122813,39.736930,24.868998,21.663351,1.016179,-4.191676,0.619285,0.086064,,7.000000,,78.926138,97.972973,97.614183,1.122596,0.878512,0.244084,47.930708,41.834971,6.054995,1.904720,3.164211,0.782109,0.068828,1.150745,1.139241,14.000000,569.683258,22.954726,4.719419,1.325982
2026-03-29T18:30:00Z,1.240277,no_impulse,0,ITC,1d,-1.000000,182.080925,14.136126,25.000000,0.565445,-5.089589,-10.293245,-25.956583,8.417126,9.000000,133.762887,0.935236,1.000000,49.970050,78.543563,89.106416,1.000000,-1.194778,-2.317592,1.122813,39.736930,24.868998,21.663351,1.016179,-4.191676,-16.029829,0.619285,0.086064,5.920049,0.000000,69.409660,0.000000,3.000000,46.932087,94.043887,63.662111,0.000000,-3.740436,-4.658774,0.918338,61.350066,19.002700,27.526568,0.862768,-6.604563,-17.733266,0.589813,0.096899,9.324437,5.000000,52.885525,1.864887,3.000000,46.932087,94.043887,63.662111,1.000000,-3.740436,-4.658774,0.918338,61.350066,19.002700,27.526568,0.862768,-6.604563,-17.733266,0.589813,0.096899,14.988656,19.000000,365.743945,0.788877,4.000000,18.377409,10.213415,12.039987,0.000000,-5.564066,-5.669714,0.105648,67.132815,4.411552,39.861251,-8.408326,-17.027359,-27.732275,-0.109697,0.127213,4.273252,0.000000,22.954726,0.000000,4.000000,15.417083,7.466243,15.906507,0.000000,-2.014603,-0.703468,-1.311136,22.391752,8.131565,60.215069,-12.753422,-14.577038,-16.853267,-0.296947,0.141928,15.694341,6.000000,569.683258,2.615723,4.000000,15.417083,7.466243,15.906507,1.000000,-2.014603,-0.703468,-1.311136,22.391752,8.131565,60.215069,-12.753422,-14.577038,-16.853267,-0.296947,0.141928,2.832970,17.000000,81.851852,0.166645,3.000000,55.901039,72.058824,70.937026,0.000000,-0.104338,-0.288614,0.184275,17.264537,21.797019,14.700930,0.787167,0.362541,-0.932008,0.888652,0.020414,3.345310,10.000000,115.879828,0.334531,4.000000,45.791098,43.703704,37.886928,0.000000,-0.386148,-0.315419,-0.070729,15.061837,16.153907,25.847910,-0.412849,-0.834581,-1.882461,0.348095,0.027066,2.972697,1.000000,45.242718,2.972697,3.000000,6.165450,9.000000,86.993243,0.685050,2.000000,7.627883,12.000000,144.743276,0.635657,7.000000,5.006120,21.000000,164.919355,0.238387,4.000000,3.130523,5.000000,55.981941,0.626105,3.000000,5.295876,1.000000,73.466003,5.295876,2.000000,7.768616,7.000000,117.087379,1.109802,7.000000,6.222061,14.000000,154.654655,0.444433,4.000000,4.191843,2.000000,83.458647,2.095921,3.000000,4.782452,10.000000,139.024390,0.478245,4.000000,3.562562,10.000000,44.427245,0.356256,3.000000,7.423581,27.000000,61.000944,0.274947,2.000000,8.000000,1.000000,101.000000,-1.000000,,,,31.118994,2.959831,19.880153,-2.603185,-2.291758,-0.311428,34.955498,12.621900,32.118462,-5.089589,-10.293245,0.037466,0.104708,,25.000000,,40.908811,30.000000,41.162683,-0.229354,-0.263963,0.034609,14.313558,22.899158,34.714480,-0.766669,-1.604766,0.244889,0.029824,1.911985,3.289474,39.000000,569.683258,22.954726,4.731826,0.676892
2026-04-09T18:30:00Z,1.319793,no_impulse,0,ITC,1d,1.000000,38.941799,6.411150,7.000000,0.915879,1.156117,-2.791025,-17.681533,14.136126,25.000000,182.080925,0.565445,8.000000,31.118994,2.959831,19.880153,0.000000,-2.603185,-2.291758,-0.311428,34.955498,12.621900,32.118462,-5.089589,-10.293245,-25.956583,0.037466,0.104708,8.417126,9.000000,133.762887,0.935236,1.000000,49.970050,78.543563,89.106416,1.000000,-1.194778,-2.317592,1.122813,39.736930,24.868998,21.663351,1.016179,-4.191676,-16.029829,0.619285,0.086064,5.920049,0.000000,69.409660,0.000000,3.000000,46.932087,94.043887,63.662111,0.000000,-3.740436,-4.658774,0.918338,61.350066,19.002700,27.526568,0.862768,-6.604563,-17.733266,0.589813,0.096899,9.324437,5.000000,52.885525,1.864887,3.000000,46.932087,94.043887,63.662111,1.000000,-3.740436,-4.658774,0.918338,61.350066,19.002700,27.526568,0.862768,-6.604563,-17.733266,0.589813,0.096899,14.988656,19.000000,365.743945,0.788877,4.000000,18.377409,10.213415,12.039987,0.000000,-5.564066,-5.669714,0.105648,67.132815,4.411552,39.861251,-8.408326,-17.027359,-27.732275,-0.109697,0.127213,4.273252,0.000000,22.954726,0.000000,4.000000,15.417083,7.466243,15.906507,0.000000,-2.014603,-0.703468,-1.311136,22.391752,8.131565,60.215069,-12.753422,-14.577038,-16.853267,-0.296947,0.141928,15.694341,6.000000,569.683258,2.615723,4.000000,15.417083,7.466243,15.906507,1.000000,-2.014603,-0.703468,-1.311136,22.391752,8.131565,60.215069,-12.753422,-14.577038,-16.853267,-0.296947,0.141928,2.832970,17.000000,81.851852,0.166645,3.000000,55.901039,72.058824,70.937026,0.000000,-0.104338,-0.288614,0.184275,17.264537,21.797019,14.700930,0.787167,0.362541,-0.932008,0.888652,0.020414,3.345310,10.000000,115.879828,0.334531,4.000000,2.972697,1.000000,45.242718,2.972697,3.000000,6.165450,9.000000,86.993243,0.685050,2.000000,7.627883,12.000000,144.743276,0.635657,7.000000,5.006120,21.000000,164.919355,0.238387,4.000000,3.130523,5.000000,55.981941,0.626105,3.000000,5.295876,1.000000,73.466003,5.295876,2.000000,7.768616,7.000000,117.087379,1.109802,7.000000,6.222061,14.000000,154.654655,0.444433,4.000000,4.191843,2.000000,83.458647,2.095921,3.000000,4.782452,10.000000,139.024390,0.478245,4.000000,3.562562,10.000000,44.427245,0.356256,3.000000,3.000000,2.000000,7.000000,-1.000000,,,,51.518139,79.310345,73.397942,-1.156081,-1.799616,0.643534,30.783568,20.360502,23.895587,1.156117,-2.791025,0.645247,0.080527,,3.000000,,66.334149,52.238806,72.158757,0.733746,0.789987,-0.056241,42.417358,29.697316,12.078446,0.594217,1.539786,0.669906,0.035182,0.782755,0.760870,,569.683258,22.954726,5.154442,0.996046
