timestamp,price,label,direction,symbol,timeframe,curr_direction,curr_retrace_pct,curr_leg_size_pct,curr_leg_duration,curr_leg_speed,curr_ema20_dist,curr_ema50_dist,curr_ema200_dist,p1_leg_size_pct,p1_leg_duration,p1_retrace_pct,p1_leg_speed,p1_trend_state,p1_rsi,p1_stoch_k,p1_stoch_d,p1_stoch_cross,p1_macd_line,p1_macd_signal,p1_macd_hist,p1_adx,p1_plus_di,p1_minus_di,p1_ema20_dist,p1_ema50_dist,p1_ema200_dist,p1_bb_position,p1_bb_bandwidth,p2_leg_size_pct,p2_leg_duration,p2_retrace_pct,p2_leg_speed,p2_trend_state,p2_rsi,p2_stoch_k,p2_stoch_d,p2_stoch_cross,p2_macd_line,p2_macd_signal,p2_macd_hist,p2_adx,p2_plus_di,p2_minus_di,p2_ema20_dist,p2_ema50_dist,p2_ema200_dist,p2_bb_position,p2_bb_bandwidth,p3_leg_size_pct,p3_leg_duration,p3_retrace_pct,p3_leg_speed,p3_trend_state,p3_rsi,p3_stoch_k,p3_stoch_d,p3_stoch_cross,p3_macd_line,p3_macd_signal,p3_macd_hist,p3_adx,p3_plus_di,p3_minus_di,p3_ema20_dist,p3_ema50_dist,p3_ema200_dist,p3_bb_position,p3_bb_bandwidth,p4_leg_size_pct,p4_leg_duration,p4_retrace_pct,p4_leg_speed,p4_trend_state,p4_rsi,p4_stoch_k,p4_stoch_d,p4_stoch_cross,p4_macd_line,p4_macd_signal,p4_macd_hist,p4_adx,p4_plus_di,p4_minus_di,p4_ema20_dist,p4_ema50_dist,p4_ema200_dist,p4_bb_position,p4_bb_bandwidth,p5_leg_size_pct,p5_leg_duration,p5_retrace_pct,p5_leg_speed,p5_trend_state,p5_rsi,p5_stoch_k,p5_stoch_d,p5_stoch_cross,p5_macd_line,p5_macd_signal,p5_macd_hist,p5_adx,p5_plus_di,p5_minus_di,p5_ema20_dist,p5_ema50_dist,p5_ema200_dist,p5_bb_position,p5_bb_bandwidth,p6_leg_size_pct,p6_leg_duration,p6_retrace_pct,p6_leg_speed,p6_trend_state,p6_rsi,p6_stoch_k,p6_stoch_d,p6_stoch_cross,p6_macd_line,p6_macd_signal,p6_macd_hist,p6_adx,p6_plus_di,p6_minus_di,p6_ema20_dist,p6_ema50_dist,p6_ema200_dist,p6_bb_position,p6_bb_bandwidth,p7_leg_size_pct,p7_leg_duration,p7_retrace_pct,p7_leg_speed,p7_trend_state,p7_rsi,p7_stoch_k,p7_stoch_d,p7_stoch_cross,p7_macd_line,p7_macd_signal,p7_macd_hist,p7_adx,p7_plus_di,p7_minus_di,p7_ema20_dist,p7_ema50_dist,p7_ema200_dist,p7_bb_position,p7_bb_bandwidth,p8_leg_size_pct,p8_leg_duration,p8_retrace_pct,p8_leg_speed,p8_trend_state,p8_rsi,p8_stoch_k,p8_stoch_d,p8_stoch_cross,p8_macd_line,p8_macd_signal,p8_macd_hist,p8_adx,p8_plus_di,p8_minus_di,p8_ema20_dist,p8_ema50_dist,p8_ema200_dist,p8_bb_position,p8_bb_bandwidth,p9_leg_size_pct,p9_leg_duration,p9_retrace_pct,p9_leg_speed,p9_trend_state,p10_leg_size_pct,p10_leg_duration,p10_retrace_pct,p10_leg_speed,p10_trend_state,p11_leg_size_pct,p11_leg_duration,p11_retrace_pct,p11_leg_speed,p11_trend_state,p12_leg_size_pct,p12_leg_duration,p12_retrace_pct,p12_leg_speed,p12_trend_state,p13_leg_size_pct,p13_leg_duration,p13_retrace_pct,p13_leg_speed,p13_trend_state,p14_leg_size_pct,p14_leg_duration,p14_retrace_pct,p14_leg_speed,p14_trend_state,p15_leg_size_pct,p15_leg_duration,p15_retrace_pct,p15_leg_speed,p15_trend_state,p16_leg_size_pct,p16_leg_duration,p16_retrace_pct,p16_leg_speed,p16_trend_state,p17_leg_size_pct,p17_leg_duration,p17_retrace_pct,p17_leg_speed,p17_trend_state,p18_leg_size_pct,p18_leg_duration,p18_retrace_pct,p18_leg_speed,p18_trend_state,p19_leg_size_pct,p19_leg_duration,p19_retrace_pct,p19_leg_speed,p19_trend_state,p20_leg_size_pct,p20_leg_duration,p20_retrace_pct,p20_leg_speed,p20_trend_state,mkt_trend_state,mkt_trend_streak,mkt_bars_since_reversal,mkt_last_break_type,htf_trend_state,htf_retrace_pct,htf_pivot_dist_pct,htf_rsi,htf_stoch_k,htf_stoch_d,htf_macd_line,htf_macd_signal,htf_macd_hist,htf_adx,htf_plus_di,htf_minus_di,htf_ema20_dist,htf_ema50_dist,htf_bb_position,htf_bb_bandwidth,ltf_trend_state,ltf_zigzag_count,ltf_trend_reversal_flag,ltf_rsi,ltf_stoch_k,ltf_stoch_d,ltf_macd_line,ltf_macd_signal,ltf_macd_hist,ltf_adx,ltf_plus_di,ltf_minus_di,ltf_ema20_dist,ltf_ema50_dist,ltf_bb_position,ltf_bb_bandwidth,leg_size_vs_avg,leg_duration_vs_avg,bars_since_large_leg,max_retrace_last10,min_retrace_last10,leg_size_stddev,legs_contracting
2026-02-11T03:45:00Z,1.000000,no_impulse,0,KOTAKBANK,15m,1.000000,,0.000000,0.000000,0.000000,-0.263419,0.237825,2.168877,,,,,,,,,,,,,,,,,,,,,,,,,,,,,,,,,,,,,,,,,,,,,,,,,,,,,,,,,,,,,,,,,,,,,,,,,,,,,,,,,,,,,,,,,,,,,,,,,,,,,,,,,,,,,,,,,,,,,,,,,,,,,,,,,,,,,,,,,,,,,,,,,,,,,,,,,,,,,,,,,,,,,,,,,,,,,,,,,,,,,,,,,,,,,,,,,,,,,,,,,,,,,,,,,,,,,,,,,,,,,0.000000,1.000000,,-1.000000,,,,60.753530,54.639175,50.607163,0.911749,0.997327,-0.085578,41.931305,36.101595,15.197913,0.687217,1.994469,0.686240,0.037155,,0.000000,,52.646301,36.250000,52.916667,0.098282,0.133084,-0.034802,29.511615,22.763862,22.701650,-0.018849,0.270900,0.435087,0.002903,0.000000,0.000000,,,,0.000000,
2026-02-11T04:30:00Z,0.990850,no_impulse,0,KOTAKBANK,15m,-1.000000,,0.914987,3.000000,0.304996,-0.157792,0.234130,2.119253,0.000000,0.000000,,0.000000,0.000000,44.986743,21.929825,8.771930,0.000000,0.002225,0.141825,-0.139600,30.819536,26.091149,22.454984,-0.263419,0.237825,2.168877,0.315821,0.014265,,,,,,,,,,,,,,,,,,,,,,,,,,,,,,,,,,,,,,,,,,,,,,,,,,,,,,,,,,,,,,,,,,,,,,,,,,,,,,,,,,,,,,,,,,,,,,,,,,,,,,,,,,,,,,,,,,,,,,,,,,,,,,,,,,,,,,,,,,,,,,,,,,,,,,,,,,,,,,,,,,,,,,,,,,,,,,,,,,,,,,,,,,,,,,,,,,,,,,,,,0.000000,2.000000,,-1.000000,,,,59.684542,43.195266,45.851356,0.849527,0.968511,-0.118984,41.846806,34.982873,14.726957,0.538007,1.828478,0.650953,0.035834,,0.000000,,52.646301,36.250000,52.916667,0.098282,0.133084,-0.034802,29.511615,22.763862,22.701650,-0.018849,0.270900,0.435087,0.002903,1.000000,1.000000,,,,0.000000,
2026-02-12T03:45:00Z,0.998494,no_impulse,0,KOTAKBANK,15m,1.000000,83.544304,0.771479,22.000000,0.035067,-0.230084,-0.127234,1.459642,0.914987,3.000000,,0.304996,0.000000,46.564437,31.531532,16.971723,0.000000,-0.056258,0.049359,-0.105617,25.700232,21.151009,23.058364,-0.157792,0.234130,2.119253,0.400577,0.015846,0.000000,0.000000,,0.000000,0.000000,44.986743,21.929825,8.771930,0.000000,0.002225,0.141825,-0.139600,30.819536,26.091149,22.454984,-0.263419,0.237825,2.168877,0.315821,0.014265,,,,,,,,,,,,,,,,,,,,,,,,,,,,,,,,,,,,,,,,,,,,,,,,,,,,,,,,,,,,,,,,,,,,,,,,,,,,,,,,,,,,,,,,,,,,,,,,,,,,,,,,,,,,,,,,,,,,,,,,,,,,,,,,,,,,,,,,,,,,,,,,,,,,,,,,,,,,,,,,,,,,,,,,,,,,,,,,,,,,,3.000000,1.000000,,-1.000000,,,,56.812766,18.604651,27.889738,0.551641,0.725333,-0.173692,39.097358,27.641106,14.101443,0.184730,1.332192,0.609450,0.016909,,0.000000,,52.646301,36.250000,52.916667,0.098282,0.133084,-0.034802,29.511615,22.763862,22.701650,-0.018849,0.270900,0.435087,0.002903,1.686316,14.666667,,,,0.646994,
2026-02-12T06:15:00Z,0.987260,no_impulse,0,KOTAKBANK,15m,-1.000000,146.969697,1.125159,10.000000,0.112516,-0.272159,-0.339096,1.033495,0.771479,22.000000,83.544304,0.035067,3.000000,40.383384,26.388889,51.851852,1.000000,-0.026757,-0.030972,0.004214,11.935362,16.762875,16.041871,-0.230084,-0.127234,1.459642,-0.028235,0.004346,0.914987,3.000000,,0.304996,0.000000,46.564437,31.531532,16.971723,0.000000,-0.056258,0.049359,-0.105617,25.700232,21.151009,23.058364,-0.157792,0.234130,2.119253,0.400577,0.015846,0.000000,0.000000,,0.000000,0.000000,44.986743,21.929825,8.771930,0.000000,0.002225,0.141825,-0.139600,30.819536,26.091149,22.454984,-0.263419,0.237825,2.168877,0.315821,0.014265,,,,,,,,,,,,,,,,,,,,,,,,,,,,,,,,,,,,,,,,,,,,,,,,,,,,,,,,,,,,,,,,,,,,,,,,,,,,,,,,,,,,,,,,,,,,,,,,,,,,,,,,,,,,,,,,,,,,,,,,,,,,,,,,,,,,,,,,,,,,,,,,,,,,,,,,,,,,,,,,,4.000000,2.000000,,-1.000000,,,,52.720795,16.233766,13.158060,0.410301,0.622491,-0.212190,36.795879,24.527331,15.754075,-0.063045,0.980670,0.462373,0.016745,,0.000000,,52.646301,36.250000,52.916667,0.098282,0.133084,-0.034802,29.511615,22.763862,22.701650,-0.018849,0.270900,0.435087,0.002903,2.001510,1.200000,,83.544304,83.544304,0.492100,
2026-02-12T07:15:00Z,0.996989,no_impulse,0,KOTAKBANK,15m,1.000000,86.597938,0.985453,4.000000,0.246363,0.226051,0.173121,1.478410,1.125159,10.000000,146.969697,0.112516,4.000000,40.610588,18.556701,17.821891,1.000000,-0.153502,-0.104985,-0.048517,19.078555,6.736929,15.104856,-0.272159,-0.339096,1.033495,0.232592,0.010150,0.771479,22.000000,83.544304,0.035067,3.000000,40.383384,26.388889,51.851852,1.000000,-0.026757,-0.030972,0.004214,11.935362,16.762875,16.041871,-0.230084,-0.127234,1.459642,-0.028235,0.004346,0.914987,3.000000,,0.304996,0.000000,46.564437,31.531532,16.971723,0.000000,-0.056258,0.049359,-0.105617,25.700232,21.151009,23.058364,-0.157792,0.234130,2.119253,0.400577,0.015846,0.000000,0.000000,,0.000000,0.000000,44.986743,21.929825,8.771930,0.000000,0.002225,0.141825,-0.139600,30.819536,26.091149,22.454984,-0.263419,0.237825,2.168877,0.315821,0.014265,,,,,,,,,,,,,,,,,,,,,,,,,,,,,,,,,,,,,,,,,,,,,,,,,,,,,,,,,,,,,,,,,,,,,,,,,,,,,,,,,,,,,,,,,,,,,,,,,,,,,,,,,,,,,,,,,,,,,,,,,,,,,,,,,,,,,,,,,,,,,3.000000,3.000000,,-1.000000,,,,53.346340,32.727273,31.578562,0.355557,0.532524,-0.176967,36.380542,27.055633,13.392062,0.024459,1.009958,0.514637,0.016715,,0.000000,,52.646301,36.250000,52.916667,0.098282,0.133084,-0.034802,29.511615,22.763862,22.701650,-0.018849,0.270900,0.435087,0.002903,1.401969,0.457143,,146.969697,83.544304,0.490597,
2026-02-13T03:45:00Z,0.982858,no_impulse,0,KOTAKBANK,15m,-1.000000,145.238095,1.417286,11.000000,0.128844,-0.696417,-0.865433,0.225097,0.985453,4.000000,86.597938,0.246363,3.000000,55.372672,69.318182,49.566542,0.000000,-0.079857,-0.109782,0.029925,19.994276,19.892516,11.222379,0.226051,0.173121,1.478410,0.721783,0.010216,1.125159,10.000000,146.969697,0.112516,4.000000,40.610588,18.556701,17.821891,1.000000,-0.153502,-0.104985,-0.048517,19.078555,6.736929,15.104856,-0.272159,-0.339096,1.033495,0.232592,0.010150,0.771479,22.000000,83.544304,0.035067,3.000000,40.383384,26.388889,51.851852,1.000000,-0.026757,-0.030972,0.004214,11.935362,16.762875,16.041871,-0.230084,-0.127234,1.459642,-0.028235,0.004346,0.914987,3.000000,,0.304996,0.000000,46.564437,31.531532,16.971723,0.000000,-0.056258,0.049359,-0.105617,25.700232,21.151009,23.058364,-0.157792,0.234130,2.119253,0.400577,0.015846,0.000000,0.000000,,0.000000,0.000000,44.986743,21.929825,8.771930,0.000000,0.002225,0.141825,-0.139600,30.819536,26.091149,22.454984,-0.263419,0.237825,2.168877,0.315821,0.014265,,,,,,,,,,,,,,,,,,,,,,,,,,,,,,,,,,,,,,,,,,,,,,,,,,,,,,,,,,,,,,,,,,,,,,,,,,,,,,,,,,,,,,,,,,,,,,,,,,,,,,,,,,,,,,,,,,,,,,,,,4.000000,4.000000,,-1.000000,,,,42.328901,8.333333,10.448232,0.131305,0.373128,-0.241823,32.575991,25.035339,15.516995,-0.777527,0.010833,0.111951,0.019882,,0.000000,,52.646301,36.250000,52.916667,0.098282,0.133084,-0.034802,29.511615,22.763862,22.701650,-0.018849,0.270900,0.435087,0.002903,1.866285,1.410256,,146.969697,83.544304,0.443261,
2026-02-13T03:45:00Z,0.993514,no_impulse,0,KOTAKBANK,15m,1.000000,75.409836,1.084139,0.000000,0.000000,-0.696417,-0.865433,0.225097,1.417286,11.000000,145.238095,0.128844,4.000000,30.247603,0.000000,9.581946,1.000000,-0.187242,-0.115493,-0.071749,19.301979,17.516000,18.230112,-0.696417,-0.865433,0.225097,-0.101046,0.011507,0.985453,4.000000,86.597938,0.246363,3.000000,55.372672,69.318182,49.566542,0.000000,-0.079857,-0.109782,0.029925,19.994276,19.892516,11.222379,0.226051,0.173121,1.478410,0.721783,0.010216,1.125159,10.000000,146.969697,0.112516,4.000000,40.610588,18.556701,17.821891,1.000000,-0.153502,-0.104985,-0.048517,19.078555,6.736929,15.104856,-0.272159,-0.339096,1.033495,0.232592,0.010150,0.771479,22.000000,83.544304,0.035067,3.000000,40.383384,26.388889,51.851852,1.000000,-0.026757,-0.030972,0.004214,11.935362,16.762875,16.041871,-0.230084,-0.127234,1.459642,-0.028235,0.004346,0.914987,3.000000,,0.304996,0.000000,46.564437,31.531532,16.971723,0.000000,-0.056258,0.049359,-0.105617,25.700232,21.151009,23.058364,-0.157792,0.234130,2.119253,0.400577,0.015846,0.000000,0.000000,,0.000000,0.000000,44.986743,21.929825,8.771930,0.000000,0.002225,0.141825,-0.139600,30.819536,26.091149,22.454984,-0.263419,0.237825,2.168877,0.315821,0.014265,,,,,,,,,,,,,,,,,,,,,,,,,,,,,,,,,,,,,,,,,,,,,,,,,,,,,,,,,,,,,,,,,,,,,,,,,,,,,,,,,,,,,,,,,,,,,,,,,,,,,4.000000,5.000000,,-1.000000,,,,42.328901,8.333333,10.448232,0.131305,0.373128,-0.241823,32.575991,25.035339,15.516995,-0.777527,0.010833,0.111951,0.019882,,0.000000,,52.646301,36.250000,52.916667,0.098282,0.133084,-0.034802,29.511615,22.763862,22.701650,-0.018849,0.270900,0.435087,0.002903,1.247483,0.000000,,146.969697,83.544304,0.478870,2.091888
2026-02-16T03:45:00Z,0.968844,no_impulse,0,KOTAKBANK,15m,-1.000000,231.521739,2.483096,25.000000,0.099324,-0.141350,-0.618976,-0.318129,1.084139,0.000000,75.409836,0.000000,4.000000,30.247603,0.000000,9.581946,0.000000,-0.187242,-0.115493,-0.071749,19.301979,17.516000,18.230112,-0.696417,-0.865433,0.225097,-0.101046,0.011507,1.417286,11.000000,145.238095,0.128844,4.000000,30.247603,0.000000,9.581946,1.000000,-0.187242,-0.115493,-0.071749,19.301979,17.516000,18.230112,-0.696417,-0.865433,0.225097,-0.101046,0.011507,0.985453,4.000000,86.597938,0.246363,3.000000,55.372672,69.318182,49.566542,0.000000,-0.079857,-0.109782,0.029925,19.994276,19.892516,11.222379,0.226051,0.173121,1.478410,0.721783,0.010216,1.125159,10.000000,146.969697,0.112516,4.000000,40.610588,18.556701,17.821891,1.000000,-0.153502,-0.104985,-0.048517,19.078555,6.736929,15.104856,-0.272159,-0.339096,1.033495,0.232592,0.010150,0.771479,22.000000,83.544304,0.035067,3.000000,40.383384,26.388889,51.851852,1.000000,-0.026757,-0.030972,0.004214,11.935362,16.762875,16.041871,-0.230084,-0.127234,1.459642,-0.028235,0.004346,0.914987,3.000000,,0.304996,0.000000,46.564437,31.531532,16.971723,0.000000,-0.056258,0.049359,-0.105617,25.700232,21.151009,23.058364,-0.157792,0.234130,2.119253,0.400577,0.015846,0.000000,0.000000,,0.000000,0.000000,44.986743,21.929825,8.771930,0.000000,0.002225,0.141825,-0.139600,30.819536,26.091149,22.454984,-0.263419,0.237825,2.168877,0.315821,0.014265,,,,,,,,,,,,,,,,,,,,,,,,,,,,,,,,,,,,,,,,,,,,,,,,,,,,,,,,,,,,,,,,,,,,,,,,,,,,,,,,,4.000000,6.000000,,-1.000000,,,,37.237336,22.633745,19.305230,-0.284997,-0.064141,-0.220856,23.701807,14.572241,19.374383,-0.847147,-0.575392,0.215878,0.029566,,0.000000,,52.646301,36.250000,52.916667,0.098282,0.133084,-0.034802,29.511615,22.763862,22.701650,-0.018849,0.270900,0.435087,0.002903,2.759652,3.500000,,146.969697,75.409836,0.444641,1.240164
2026-02-16T03:45:00Z,0.980658,no_impulse,0,KOTAKBANK,15m,1.000000,47.887324,1.219366,0.000000,0.000000,-0.141350,-0.618976,-0.318129,2.483096,25.000000,231.521739,0.099324,4.000000,39.801774,60.000000,47.216880,1.000000,-0.268382,-0.300152,0.031770,29.764567,8.999219,28.268806,-0.141350,-0.618976,-0.318129,0.375409,0.011329,1.084139,0.000000,75.409836,0.000000,4.000000,30.247603,0.000000,9.581946,0.000000,-0.187242,-0.115493,-0.071749,19.301979,17.516000,18.230112,-0.696417,-0.865433,0.225097,-0.101046,0.011507,1.417286,11.000000,145.238095,0.128844,4.000000,30.247603,0.000000,9.581946,1.000000,-0.187242,-0.115493,-0.071749,19.301979,17.516000,18.230112,-0.696417,-0.865433,0.225097,-0.101046,0.011507,0.985453,4.000000,86.597938,0.246363,3.000000,55.372672,69.318182,49.566542,0.000000,-0.079857,-0.109782,0.029925,19.994276,19.892516,11.222379,0.226051,0.173121,1.478410,0.721783,0.010216,1.125159,10.000000,146.969697,0.112516,4.000000,40.610588,18.556701,17.821891,1.000000,-0.153502,-0.104985,-0.048517,19.078555,6.736929,15.104856,-0.272159,-0.339096,1.033495,0.232592,0.010150,0.771479,22.000000,83.544304,0.035067,3.000000,40.383384,26.388889,51.851852,1.000000,-0.026757,-0.030972,0.004214,11.935362,16.762875,16.041871,-0.230084,-0.127234,1.459642,-0.028235,0.004346,0.914987,3.000000,,0.304996,0.000000,46.564437,31.531532,16.971723,0.000000,-0.056258,0.049359,-0.105617,25.700232,21.151009,23.058364,-0.157792,0.234130,2.119253,0.400577,0.015846,0.000000,0.000000,,0.000000,0.000000,44.986743,21.929825,8.771930,0.000000,0.002225,0.141825,-0.139600,30.819536,26.091149,22.454984,-0.263419,0.237825,2.168877,0.315821,0.014265,,,,,,,,,,,,,,,,,,,,,,,,,,,,,,,,,,,,,,,,,,,,,,,,,,,,,,,,,,,,,4.000000,7.000000,,-1.000000,,,,37.237336,22.633745,19.305230,-0.284997,-0.064141,-0.220856,23.701807,14.572241,19.374383,-0.847147,-0.575392,0.215878,0.029566,,0.000000,,52.646301,36.250000,52.916667,0.098282,0.133084,-0.034802,29.511615,22.763862,22.701650,-0.018849,0.270900,0.435087,0.002903,1.110838,0.000000,0.000000,231.521739,75.409836,0.694853,1.729481
2026-02-16T06:00:00Z,0.970813,no_impulse,0,KOTAKBANK,15m,-1.000000,83.333333,1.003897,9.000000,0.111544,-0.311882,-0.781077,-0.706163,1.219366,0.000000,47.887324,0.000000,4.000000,39.801774,60.000000,47.216880,0.000000,-0.268382,-0.300152,0.031770,29.764567,8.999219,28.268806,-0.141350,-0.618976,-0.318129,0.375409,0.011329,2.483096,25.000000,231.521739,0.099324,4.000000,39.801774,60.000000,47.216880,1.000000,-0.268382,-0.300152,0.031770,29.764567,8.999219,28.268806,-0.141350,-0.618976,-0.318129,0.375409,0.011329,1.084139,0.000000,75.409836,0.000000,4.000000,30.247603,0.000000,9.581946,0.000000,-0.187242,-0.115493,-0.071749,19.301979,17.516000,18.230112,-0.696417,-0.865433,0.225097,-0.101046,0.011507,1.417286,11.000000,145.238095,0.128844,4.000000,30.247603,0.000000,9.581946,1.000000,-0.187242,-0.115493,-0.071749,19.301979,17.516000,18.230112,-0.696417,-0.865433,0.225097,-0.101046,0.011507,0.985453,4.000000,86.597938,0.246363,3.000000,55.372672,69.318182,49.566542,0.000000,-0.079857,-0.109782,0.029925,19.994276,19.892516,11.222379,0.226051,0.173121,1.478410,0.721783,0.010216,1.125159,10.000000,146.969697,0.112516,4.000000,40.610588,18.556701,17.821891,1.000000,-0.153502,-0.104985,-0.048517,19.078555,6.736929,15.104856,-0.272159,-0.339096,1.033495,0.232592,0.010150,0.771479,22.000000,83.544304,0.035067,3.000000,40.383384,26.388889,51.851852,1.000000,-0.026757,-0.030972,0.004214,11.935362,16.762875,16.041871,-0.230084,-0.127234,1.459642,-0.028235,0.004346,0.914987,3.000000,,0.304996,0.000000,46.564437,31.531532,16.971723,0.000000,-0.056258,0.049359,-0.105617,25.700232,21.151009,23.058364,-0.157792,0.234130,2.119253,0.400577,0.015846,0.000000,0.000000,,0.000000,0.000000,,,,,,,,,,,,,,,,,,,,,,,,,,,,,,,,,,,,,,,,,,,,,,,,,,,,,,,,2.000000,1.000000,,-1.000000,,,,35.464890,16.872428,19.753086,-0.348013,-0.161737,-0.186275,22.843581,13.326838,20.225012,-0.838135,-0.688911,0.237382,0.031649,,0.000000,,52.646301,36.250000,52.916667,0.098282,0.133084,-0.034802,29.511615,22.763862,22.701650,-0.018849,0.270900,0.435087,0.002903,0.903420,1.080000,9.000000,231.521739,47.887324,0.651240,1.356785
2026-02-16T09:45:00Z,0.988418,no_impulse,0,KOTAKBANK,15m,1.000000,178.823529,1.813410,15.000000,0.120894,0.778004,0.720350,0.758464,1.003897,9.000000,83.333333,0.111544,2.000000,36.544960,34.313725,37.254902,1.000000,-0.227347,-0.244458,0.017111,35.085046,8.727629,23.977861,-0.311882,-0.781077,-0.706163,0.065663,0.007158,1.219366,0.000000,47.887324,0.000000,4.000000,39.801774,60.000000,47.216880,0.000000,-0.268382,-0.300152,0.031770,29.764567,8.999219,28.268806,-0.141350,-0.618976,-0.318129,0.375409,0.011329,2.483096,25.000000,231.521739,0.099324,4.000000,39.801774,60.000000,47.216880,1.000000,-0.268382,-0.300152,0.031770,29.764567,8.999219,28.268806,-0.141350,-0.618976,-0.318129,0.375409,0.011329,1.084139,0.000000,75.409836,0.000000,4.000000,30.247603,0.000000,9.581946,0.000000,-0.187242,-0.115493,-0.071749,19.301979,17.516000,18.230112,-0.696417,-0.865433,0.225097,-0.101046,0.011507,1.417286,11.000000,145.238095,0.128844,4.000000,30.247603,0.000000,9.581946,1.000000,-0.187242,-0.115493,-0.071749,19.301979,17.516000,18.230112,-0.696417,-0.865433,0.225097,-0.101046,0.011507,0.985453,4.000000,86.597938,0.246363,3.000000,55.372672,69.318182,49.566542,0.000000,-0.079857,-0.109782,0.029925,19.994276,19.892516,11.222379,0.226051,0.173121,1.478410,0.721783,0.010216,1.125159,10.000000,146.969697,0.112516,4.000000,40.610588,18.556701,17.821891,1.000000,-0.153502,-0.104985,-0.048517,19.078555,6.736929,15.104856,-0.272159,-0.339096,1.033495,0.232592,0.010150,0.771479,22.000000,83.544304,0.035067,3.000000,40.383384,26.388889,51.851852,1.000000,-0.026757,-0.030972,0.004214,11.935362,16.762875,16.041871,-0.230084,-0.127234,1.459642,-0.028235,0.004346,0.914987,3.000000,,0.304996,0.000000,0.000000,0.000000,,0.000000,0.000000,,,,,,,,,,,,,,,,,,,,,,,,,,,,,,,,,,,,,,,,,,,,,,,,,,,1.000000,2.000000,,-1.000000,,,,56.994820,74.178404,60.876369,-0.158118,-0.211895,0.053777,20.122668,23.320648,14.855368,0.527874,0.668203,0.704552,0.025943,,0.000000,,52.646301,36.250000,52.916667,0.098282,0.133084,-0.034802,29.511615,22.763862,22.701650,-0.018849,0.270900,0.435087,0.002903,1.647826,1.785714,24.000000,231.521739,47.887324,0.614932,1.349735
2026-02-17T04:00:00Z,0.974288,no_impulse,0,KOTAKBANK,15m,-1.000000,80.263158,1.429576,2.000000,0.714788,-0.094933,-0.160048,-0.131894,1.813410,15.000000,178.823529,0.120894,1.000000,68.663362,91.911765,94.551359,0.000000,0.191249,0.043145,0.148104,24.778075,30.587138,12.198562,0.778004,0.720350,0.758464,0.953503,0.017290,1.003897,9.000000,83.333333,0.111544,2.000000,36.544960,34.313725,37.254902,1.000000,-0.227347,-0.244458,0.017111,35.085046,8.727629,23.977861,-0.311882,-0.781077,-0.706163,0.065663,0.007158,1.219366,0.000000,47.887324,0.000000,4.000000,39.801774,60.000000,47.216880,0.000000,-0.268382,-0.300152,0.031770,29.764567,8.999219,28.268806,-0.141350,-0.618976,-0.318129,0.375409,0.011329,2.483096,25.000000,231.521739,0.099324,4.000000,39.801774,60.000000,47.216880,1.000000,-0.268382,-0.300152,0.031770,29.764567,8.999219,28.268806,-0.141350,-0.618976,-0.318129,0.375409,0.011329,1.084139,0.000000,75.409836,0.000000,4.000000,30.247603,0.000000,9.581946,0.000000,-0.187242,-0.115493,-0.071749,19.301979,17.516000,18.230112,-0.696417,-0.865433,0.225097,-0.101046,0.011507,1.417286,11.000000,145.238095,0.128844,4.000000,30.247603,0.000000,9.581946,1.000000,-0.187242,-0.115493,-0.071749,19.301979,17.516000,18.230112,-0.696417,-0.865433,0.225097,-0.101046,0.011507,0.985453,4.000000,86.597938,0.246363,3.000000,55.372672,69.318182,49.566542,0.000000,-0.079857,-0.109782,0.029925,19.994276,19.892516,11.222379,0.226051,0.173121,1.478410,0.721783,0.010216,1.125159,10.000000,146.969697,0.112516,4.000000,40.610588,18.556701,17.821891,1.000000,-0.153502,-0.104985,-0.048517,19.078555,6.736929,15.104856,-0.272159,-0.339096,1.033495,0.232592,0.010150,0.771479,22.000000,83.544304,0.035067,3.000000,0.914987,3.000000,,0.304996,0.000000,0.000000,0.000000,,0.000000,0.000000,,,,,,,,,,,,,,,,,,,,,,,,,,,,,,,,,,,,,,,,,,,,,,2.000000,3.000000,,-1.000000,,,,44.323493,43.786982,63.108963,-0.175513,-0.206306,0.030793,19.103908,20.177201,22.689182,-0.418227,-0.307955,0.336932,0.025541,,0.000000,,52.646301,36.250000,52.916667,0.098282,0.133084,-0.034802,29.511615,22.763862,22.701650,-0.018849,0.270900,0.435087,0.002903,1.115264,0.202020,,231.521739,47.887324,0.513335,0.809842
2026-02-18T03:45:00Z,0.986681,no_impulse,0,KOTAKBANK,15m,1.000000,87.704918,1.271992,24.000000,0.053000,-0.003521,0.063629,0.131360,1.429576,2.000000,80.263158,0.714788,2.000000,48.779424,34.586466,53.945526,0.000000,0.127994,0.078753,0.049242,22.063805,22.790360,25.312999,-0.094933,-0.160048,-0.131894,0.444236,0.017008,1.813410,15.000000,178.823529,0.120894,1.000000,68.663362,91.911765,94.551359,0.000000,0.191249,0.043145,0.148104,24.778075,30.587138,12.198562,0.778004,0.720350,0.758464,0.953503,0.017290,1.003897,9.000000,83.333333,0.111544,2.000000,36.544960,34.313725,37.254902,1.000000,-0.227347,-0.244458,0.017111,35.085046,8.727629,23.977861,-0.311882,-0.781077,-0.706163,0.065663,0.007158,1.219366,0.000000,47.887324,0.000000,4.000000,39.801774,60.000000,47.216880,0.000000,-0.268382,-0.300152,0.031770,29.764567,8.999219,28.268806,-0.141350,-0.618976,-0.318129,0.375409,0.011329,2.483096,25.000000,231.521739,0.099324,4.000000,39.801774,60.000000,47.216880,1.000000,-0.268382,-0.300152,0.031770,29.764567,8.999219,28.268806,-0.141350,-0.618976,-0.318129,0.375409,0.011329,1.084139,0.000000,75.409836,0.000000,4.000000,30.247603,0.000000,9.581946,0.000000,-0.187242,-0.115493,-0.071749,19.301979,17.516000,18.230112,-0.696417,-0.865433,0.225097,-0.101046,0.011507,1.417286,11.000000,145.238095,0.128844,4.000000,30.247603,0.000000,9.581946,1.000000,-0.187242,-0.115493,-0.071749,19.301979,17.516000,18.230112,-0.696417,-0.865433,0.225097,-0.101046,0.011507,0.985453,4.000000,86.597938,0.246363,3.000000,55.372672,69.318182,49.566542,0.000000,-0.079857,-0.109782,0.029925,19.994276,19.892516,11.222379,0.226051,0.173121,1.478410,0.721783,0.010216,1.125159,10.000000,146.969697,0.112516,4.000000,0.771479,22.000000,83.544304,0.035067,3.000000,0.914987,3.000000,,0.304996,0.000000,0.000000,0.000000,,0.000000,0.000000,,,,,,,,,,,,,,,,,,,,,,,,,,,,,,,,,,,,,,,,,3.000000,1.000000,,-1.000000,,,,46.152954,46.052632,64.463303,-0.079488,-0.125895,0.046407,12.988866,17.539223,19.585682,-0.234890,-0.164949,0.350716,0.015698,,0.000000,,52.646301,36.250000,52.916667,0.098282,0.133084,-0.034802,29.511615,22.763862,22.701650,-0.018849,0.270900,0.435087,0.002903,0.954028,2.448980,,231.521739,47.887324,0.498040,0.887244
2026-02-18T06:45:00Z,0.976025,no_impulse,0,KOTAKBANK,15m,-1.000000,85.981308,1.079939,12.000000,0.089995,-0.276562,-0.303535,-0.269674,1.271992,24.000000,87.704918,0.053000,3.000000,51.237969,23.809524,62.287712,0.000000,0.085399,0.081301,0.004098,23.823670,26.693859,10.605327,-0.003521,0.063629,0.131360,0.494472,0.006369,1.429576,2.000000,80.263158,0.714788,2.000000,48.779424,34.586466,53.945526,0.000000,0.127994,0.078753,0.049242,22.063805,22.790360,25.312999,-0.094933,-0.160048,-0.131894,0.444236,0.017008,1.813410,15.000000,178.823529,0.120894,1.000000,68.663362,91.911765,94.551359,0.000000,0.191249,0.043145,0.148104,24.778075,30.587138,12.198562,0.778004,0.720350,0.758464,0.953503,0.017290,1.003897,9.000000,83.333333,0.111544,2.000000,36.544960,34.313725,37.254902,1.000000,-0.227347,-0.244458,0.017111,35.085046,8.727629,23.977861,-0.311882,-0.781077,-0.706163,0.065663,0.007158,1.219366,0.000000,47.887324,0.000000,4.000000,39.801774,60.000000,47.216880,0.000000,-0.268382,-0.300152,0.031770,29.764567,8.999219,28.268806,-0.141350,-0.618976,-0.318129,0.375409,0.011329,2.483096,25.000000,231.521739,0.099324,4.000000,39.801774,60.000000,47.216880,1.000000,-0.268382,-0.300152,0.031770,29.764567,8.999219,28.268806,-0.141350,-0.618976,-0.318129,0.375409,0.011329,1.084139,0.000000,75.409836,0.000000,4.000000,30.247603,0.000000,9.581946,0.000000,-0.187242,-0.115493,-0.071749,19.301979,17.516000,18.230112,-0.696417,-0.865433,0.225097,-0.101046,0.011507,1.417286,11.000000,145.238095,0.128844,4.000000,30.247603,0.000000,9.581946,1.000000,-0.187242,-0.115493,-0.071749,19.301979,17.516000,18.230112,-0.696417,-0.865433,0.225097,-0.101046,0.011507,0.985453,4.000000,86.597938,0.246363,3.000000,1.125159,10.000000,146.969697,0.112516,4.000000,0.771479,22.000000,83.544304,0.035067,3.000000,0.914987,3.000000,,0.304996,0.000000,0.000000,0.000000,,0.000000,0.000000,,,,,,,,,,,,,,,,,,,,,,,,,,,,,,,,,,,,2.000000,1.000000,,-1.000000,,,,48.232843,45.112782,41.979950,-0.093998,-0.109773,0.015775,12.370455,14.725053,19.509524,-0.072887,-0.042053,0.451276,0.014948,,0.000000,,52.646301,36.250000,52.916667,0.098282,0.133084,-0.034802,29.511615,22.763862,22.701650,-0.018849,0.270900,0.435087,0.002903,0.780676,1.200000,,231.521739,47.887324,0.458920,0.959335
2026-02-18T09:45:00Z,0.990039,no_impulse,0,KOTAKBANK,15m,1.000000,131.521739,1.435861,12.000000,0.119655,0.303156,0.459006,0.594108,1.079939,12.000000,85.981308,0.089995,2.000000,41.804722,10.869565,5.875441,1.000000,-0.057633,-0.006528,-0.051105,27.242704,17.432157,15.524213,-0.276562,-0.303535,-0.269674,0.141744,0.007698,1.271992,24.000000,87.704918,0.053000,3.000000,51.237969,23.809524,62.287712,0.000000,0.085399,0.081301,0.004098,23.823670,26.693859,10.605327,-0.003521,0.063629,0.131360,0.494472,0.006369,1.429576,2.000000,80.263158,0.714788,2.000000,48.779424,34.586466,53.945526,0.000000,0.127994,0.078753,0.049242,22.063805,22.790360,25.312999,-0.094933,-0.160048,-0.131894,0.444236,0.017008,1.813410,15.000000,178.823529,0.120894,1.000000,68.663362,91.911765,94.551359,0.000000,0.191249,0.043145,0.148104,24.778075,30.587138,12.198562,0.778004,0.720350,0.758464,0.953503,0.017290,1.003897,9.000000,83.333333,0.111544,2.000000,36.544960,34.313725,37.254902,1.000000,-0.227347,-0.244458,0.017111,35.085046,8.727629,23.977861,-0.311882,-0.781077,-0.706163,0.065663,0.007158,1.219366,0.000000,47.887324,0.000000,4.000000,39.801774,60.000000,47.216880,0.000000,-0.268382,-0.300152,0.031770,29.764567,8.999219,28.268806,-0.141350,-0.618976,-0.318129,0.375409,0.011329,2.483096,25.000000,231.521739,0.099324,4.000000,39.801774,60.000000,47.216880,1.000000,-0.268382,-0.300152,0.031770,29.764567,8.999219,28.268806,-0.141350,-0.618976,-0.318129,0.375409,0.011329,1.084139,0.000000,75.409836,0.000000,4.000000,30.247603,0.000000,9.581946,0.000000,-0.187242,-0.115493,-0.071749,19.301979,17.516000,18.230112,-0.696417,-0.865433,0.225097,-0.101046,0.011507,1.417286,11.000000,145.238095,0.128844,4.000000,0.985453,4.000000,86.597938,0.246363,3.000000,1.125159,10.000000,146.969697,0.112516,4.000000,0.771479,22.000000,83.544304,0.035067,3.000000,0.914987,3.000000,,0.304996,0.000000,0.000000,0.000000,,0.000000,0.000000,,,,,,,,,,,,,,,,,,,,,,,,,,,,,,,1.000000,2.000000,,-1.000000,,,,56.327744,75.000000,71.443884,0.027067,-0.061828,0.088895,12.838596,22.532368,15.735198,0.430968,0.526309,0.763704,0.016414,,0.000000,,52.646301,36.250000,52.916667,0.098282,0.133084,-0.034802,29.511615,22.763862,22.701650,-0.018849,0.270900,0.435087,0.002903,1.041373,1.176471,,231.521739,47.887324,0.461960,0.936788
2026-02-20T03:45:00Z,0.961316,no_impulse,0,KOTAKBANK,15m,-1.000000,204.958678,2.901263,26.000000,0.111587,-0.675754,-1.136357,-1.392067,1.435861,12.000000,131.521739,0.119655,1.000000,60.176197,71.900826,84.256797,1.000000,0.180101,0.096569,0.083531,29.545091,26.792953,14.752642,0.303156,0.459006,0.594108,0.712061,0.014339,1.079939,12.000000,85.981308,0.089995,2.000000,41.804722,10.869565,5.875441,1.000000,-0.057633,-0.006528,-0.051105,27.242704,17.432157,15.524213,-0.276562,-0.303535,-0.269674,0.141744,0.007698,1.271992,24.000000,87.704918,0.053000,3.000000,51.237969,23.809524,62.287712,0.000000,0.085399,0.081301,0.004098,23.823670,26.693859,10.605327,-0.003521,0.063629,0.131360,0.494472,0.006369,1.429576,2.000000,80.263158,0.714788,2.000000,48.779424,34.586466,53.945526,0.000000,0.127994,0.078753,0.049242,22.063805,22.790360,25.312999,-0.094933,-0.160048,-0.131894,0.444236,0.017008,1.813410,15.000000,178.823529,0.120894,1.000000,68.663362,91.911765,94.551359,0.000000,0.191249,0.043145,0.148104,24.778075,30.587138,12.198562,0.778004,0.720350,0.758464,0.953503,0.017290,1.003897,9.000000,83.333333,0.111544,2.000000,36.544960,34.313725,37.254902,1.000000,-0.227347,-0.244458,0.017111,35.085046,8.727629,23.977861,-0.311882,-0.781077,-0.706163,0.065663,0.007158,1.219366,0.000000,47.887324,0.000000,4.000000,39.801774,60.000000,47.216880,0.000000,-0.268382,-0.300152,0.031770,29.764567,8.999219,28.268806,-0.141350,-0.618976,-0.318129,0.375409,0.011329,2.483096,25.000000,231.521739,0.099324,4.000000,39.801774,60.000000,47.216880,1.000000,-0.268382,-0.300152,0.031770,29.764567,8.999219,28.268806,-0.141350,-0.618976,-0.318129,0.375409,0.011329,1.084139,0.000000,75.409836,0.000000,4.000000,1.417286,11.000000,145.238095,0.128844,4.000000,0.985453,4.000000,86.597938,0.246363,3.000000,1.125159,10.000000,146.969697,0.112516,4.000000,0.771479,22.000000,83.544304,0.035067,3.000000,0.914987,3.000000,,0.304996,0.000000,0.000000,0.000000,,0.000000,0.000000,,,,,,,,,,,,,,,,,,,,,,,,,,8.000000,1.000000,,-1.000000,,,,41.613123,33.467742,15.629218,-0.331078,-0.175139,-0.155939,18.733702,15.731858,27.366235,-0.599819,-0.815354,0.266524,0.025538,,0.000000,,52.646301,36.250000,52.916667,0.098282,0.133084,-0.034802,29.511615,22.763862,22.701650,-0.018849,0.270900,0.435087,0.002903,2.037610,2.363636,,231.521739,47.887324,0.440819,0.891899
2026-02-20T07:00:00Z,0.979731,no_impulse,0,KOTAKBANK,15m,1.000000,64.112903,1.915663,13.000000,0.147359,0.340087,0.204183,-0.063125,2.901263,26.000000,204.958678,0.111587,8.000000,28.285252,25.165563,14.453272,1.000000,-0.437540,-0.355758,-0.081782,40.949904,7.964596,34.204944,-0.675754,-1.136357,-1.392067,0.250460,0.026898,1.435861,12.000000,131.521739,0.119655,1.000000,60.176197,71.900826,84.256797,1.000000,0.180101,0.096569,0.083531,29.545091,26.792953,14.752642,0.303156,0.459006,0.594108,0.712061,0.014339,1.079939,12.000000,85.981308,0.089995,2.000000,41.804722,10.869565,5.875441,1.000000,-0.057633,-0.006528,-0.051105,27.242704,17.432157,15.524213,-0.276562,-0.303535,-0.269674,0.141744,0.007698,1.271992,24.000000,87.704918,0.053000,3.000000,51.237969,23.809524,62.287712,0.000000,0.085399,0.081301,0.004098,23.823670,26.693859,10.605327,-0.003521,0.063629,0.131360,0.494472,0.006369,1.429576,2.000000,80.263158,0.714788,2.000000,48.779424,34.586466,53.945526,0.000000,0.127994,0.078753,0.049242,22.063805,22.790360,25.312999,-0.094933,-0.160048,-0.131894,0.444236,0.017008,1.813410,15.000000,178.823529,0.120894,1.000000,68.663362,91.911765,94.551359,0.000000,0.191249,0.043145,0.148104,24.778075,30.587138,12.198562,0.778004,0.720350,0.758464,0.953503,0.017290,1.003897,9.000000,83.333333,0.111544,2.000000,36.544960,34.313725,37.254902,1.000000,-0.227347,-0.244458,0.017111,35.085046,8.727629,23.977861,-0.311882,-0.781077,-0.706163,0.065663,0.007158,1.219366,0.000000,47.887324,0.000000,4.000000,39.801774,60.000000,47.216880,0.000000,-0.268382,-0.300152,0.031770,29.764567,8.999219,28.268806,-0.141350,-0.618976,-0.318129,0.375409,0.011329,2.483096,25.000000,231.521739,0.099324,4.000000,1.084139,0.000000,75.409836,0.000000,4.000000,1.417286,11.000000,145.238095,0.128844,4.000000,0.985453,4.000000,86.597938,0.246363,3.000000,1.125159,10.000000,146.969697,0.112516,4.000000,0.771479,22.000000,83.544304,0.035067,3.000000,0.914987,3.000000,,0.304996,0.000000,0.000000,0.000000,,0.000000,0.000000,,,,,,,,,,,,,,,,,,,,,3.000000,2.000000,13.000000,-1.000000,,,,47.054221,47.983871,48.521505,-0.247129,-0.220955,-0.026174,15.973507,22.162768,22.313815,-0.130229,-0.342684,0.449192,0.025598,,0.000000,,52.646301,36.250000,52.916667,0.098282,0.133084,-0.034802,29.511615,22.763862,22.701650,-0.018849,0.270900,0.435087,0.002903,1.218418,1.040000,,231.521739,47.887324,0.642163,1.199798
2026-02-20T07:30:00Z,0.972898,no_impulse,0,KOTAKBANK,15m,-1.000000,37.106918,0.697482,2.000000,0.348741,0.030000,-0.087757,-0.353828,1.915663,13.000000,64.112903,0.147359,3.000000,58.628497,90.566038,92.919610,1.000000,0.064473,-0.059018,0.123491,23.262627,23.374574,17.441457,0.340087,0.204183,-0.063125,0.683123,0.018635,2.901263,26.000000,204.958678,0.111587,8.000000,28.285252,25.165563,14.453272,1.000000,-0.437540,-0.355758,-0.081782,40.949904,7.964596,34.204944,-0.675754,-1.136357,-1.392067,0.250460,0.026898,1.435861,12.000000,131.521739,0.119655,1.000000,60.176197,71.900826,84.256797,1.000000,0.180101,0.096569,0.083531,29.545091,26.792953,14.752642,0.303156,0.459006,0.594108,0.712061,0.014339,1.079939,12.000000,85.981308,0.089995,2.000000,41.804722,10.869565,5.875441,1.000000,-0.057633,-0.006528,-0.051105,27.242704,17.432157,15.524213,-0.276562,-0.303535,-0.269674,0.141744,0.007698,1.271992,24.000000,87.704918,0.053000,3.000000,51.237969,23.809524,62.287712,0.000000,0.085399,0.081301,0.004098,23.823670,26.693859,10.605327,-0.003521,0.063629,0.131360,0.494472,0.006369,1.429576,2.000000,80.263158,0.714788,2.000000,48.779424,34.586466,53.945526,0.000000,0.127994,0.078753,0.049242,22.063805,22.790360,25.312999,-0.094933,-0.160048,-0.131894,0.444236,0.017008,1.813410,15.000000,178.823529,0.120894,1.000000,68.663362,91.911765,94.551359,0.000000,0.191249,0.043145,0.148104,24.778075,30.587138,12.198562,0.778004,0.720350,0.758464,0.953503,0.017290,1.003897,9.000000,83.333333,0.111544,2.000000,36.544960,34.313725,37.254902,1.000000,-0.227347,-0.244458,0.017111,35.085046,8.727629,23.977861,-0.311882,-0.781077,-0.706163,0.065663,0.007158,1.219366,0.000000,47.887324,0.000000,4.000000,2.483096,25.000000,231.521739,0.099324,4.000000,1.084139,0.000000,75.409836,0.000000,4.000000,1.417286,11.000000,145.238095,0.128844,4.000000,0.985453,4.000000,86.597938,0.246363,3.000000,1.125159,10.000000,146.969697,0.112516,4.000000,0.771479,22.000000,83.544304,0.035067,3.000000,0.914987,3.000000,,0.304996,0.000000,0.000000,0.000000,,0.000000,0.000000,,,,,,,,,,,,,,,,2.000000,1.000000,15.000000,-1.000000,,,,50.623998,57.661290,52.419355,-0.203327,-0.216927,0.013600,14.856800,20.876572,21.018853,0.139695,-0.055198,0.555988,0.024986,,0.000000,,52.646301,36.250000,52.916667,0.098282,0.133084,-0.034802,29.511615,22.763862,22.701650,-0.018849,0.270900,0.435087,0.002903,0.421336,0.144928,,231.521739,47.887324,0.625557,1.653517
2026-02-20T09:15:00Z,0.980774,no_impulse,0,KOTAKBANK,15m,1.000000,115.254237,0.809524,7.000000,0.115646,0.357576,0.347708,0.128697,0.697482,2.000000,37.106918,0.348741,2.000000,50.605521,61.904762,74.942841,0.000000,0.055779,-0.016604,0.072383,21.059127,19.646577,25.459328,0.030000,-0.087757,-0.353828,0.515832,0.018954,1.915663,13.000000,64.112903,0.147359,3.000000,58.628497,90.566038,92.919610,1.000000,0.064473,-0.059018,0.123491,23.262627,23.374574,17.441457,0.340087,0.204183,-0.063125,0.683123,0.018635,2.901263,26.000000,204.958678,0.111587,8.000000,28.285252,25.165563,14.453272,1.000000,-0.437540,-0.355758,-0.081782,40.949904,7.964596,34.204944,-0.675754,-1.136357,-1.392067,0.250460,0.026898,1.435861,12.000000,131.521739,0.119655,1.000000,60.176197,71.900826,84.256797,1.000000,0.180101,0.096569,0.083531,29.545091,26.792953,14.752642,0.303156,0.459006,0.594108,0.712061,0.014339,1.079939,12.000000,85.981308,0.089995,2.000000,41.804722,10.869565,5.875441,1.000000,-0.057633,-0.006528,-0.051105,27.242704,17.432157,15.524213,-0.276562,-0.303535,-0.269674,0.141744,0.007698,1.271992,24.000000,87.704918,0.053000,3.000000,51.237969,23.809524,62.287712,0.000000,0.085399,0.081301,0.004098,23.823670,26.693859,10.605327,-0.003521,0.063629,0.131360,0.494472,0.006369,1.429576,2.000000,80.263158,0.714788,2.000000,48.779424,34.586466,53.945526,0.000000,0.127994,0.078753,0.049242,22.063805,22.790360,25.312999,-0.094933,-0.160048,-0.131894,0.444236,0.017008,1.813410,15.000000,178.823529,0.120894,1.000000,68.663362,91.911765,94.551359,0.000000,0.191249,0.043145,0.148104,24.778075,30.587138,12.198562,0.778004,0.720350,0.758464,0.953503,0.017290,1.003897,9.000000,83.333333,0.111544,2.000000,1.219366,0.000000,47.887324,0.000000,4.000000,2.483096,25.000000,231.521739,0.099324,4.000000,1.084139,0.000000,75.409836,0.000000,4.000000,1.417286,11.000000,145.238095,0.128844,4.000000,0.985453,4.000000,86.597938,0.246363,3.000000,1.125159,10.000000,146.969697,0.112516,4.000000,0.771479,22.000000,83.544304,0.035067,3.000000,0.914987,3.000000,,0.304996,0.000000,0.000000,0.000000,,0.000000,0.000000,,,,,,,,,,,1.000000,2.000000,22.000000,-1.000000,,,,44.879518,47.031963,52.774095,-0.183020,-0.204503,0.021483,13.361317,21.113450,20.463280,-0.305533,-0.504065,0.376463,0.024657,,0.000000,,52.646301,36.250000,52.916667,0.098282,0.133084,-0.034802,29.511615,22.763862,22.701650,-0.018849,0.270900,0.435087,0.002903,0.548144,0.608696,,204.958678,37.106918,0.617846,1.455837
2026-02-20T09:45:00Z,0.973245,no_impulse,0,KOTAKBANK,15m,-1.000000,95.588235,0.767596,2.000000,0.383798,-0.281637,-0.305525,-0.529760,0.809524,7.000000,115.254237,0.115646,1.000000,61.041916,86.764706,76.379196,1.000000,0.109473,0.061338,0.048135,15.618150,23.570332,16.878986,0.357576,0.347708,0.128697,0.945741,0.008051,0.697482,2.000000,37.106918,0.348741,2.000000,50.605521,61.904762,74.942841,0.000000,0.055779,-0.016604,0.072383,21.059127,19.646577,25.459328,0.030000,-0.087757,-0.353828,0.515832,0.018954,1.915663,13.000000,64.112903,0.147359,3.000000,58.628497,90.566038,92.919610,1.000000,0.064473,-0.059018,0.123491,23.262627,23.374574,17.441457,0.340087,0.204183,-0.063125,0.683123,0.018635,2.901263,26.000000,204.958678,0.111587,8.000000,28.285252,25.165563,14.453272,1.000000,-0.437540,-0.355758,-0.081782,40.949904,7.964596,34.204944,-0.675754,-1.136357,-1.392067,0.250460,0.026898,1.435861,12.000000,131.521739,0.119655,1.000000,60.176197,71.900826,84.256797,1.000000,0.180101,0.096569,0.083531,29.545091,26.792953,14.752642,0.303156,0.459006,0.594108,0.712061,0.014339,1.079939,12.000000,85.981308,0.089995,2.000000,41.804722,10.869565,5.875441,1.000000,-0.057633,-0.006528,-0.051105,27.242704,17.432157,15.524213,-0.276562,-0.303535,-0.269674,0.141744,0.007698,1.271992,24.000000,87.704918,0.053000,3.000000,51.237969,23.809524,62.287712,0.000000,0.085399,0.081301,0.004098,23.823670,26.693859,10.605327,-0.003521,0.063629,0.131360,0.494472,0.006369,1.429576,2.000000,80.263158,0.714788,2.000000,48.779424,34.586466,53.945526,0.000000,0.127994,0.078753,0.049242,22.063805,22.790360,25.312999,-0.094933,-0.160048,-0.131894,0.444236,0.017008,1.813410,15.000000,178.823529,0.120894,1.000000,1.003897,9.000000,83.333333,0.111544,2.000000,1.219366,0.000000,47.887324,0.000000,4.000000,2.483096,25.000000,231.521739,0.099324,4.000000,1.084139,0.000000,75.409836,0.000000,4.000000,1.417286,11.000000,145.238095,0.128844,4.000000,0.985453,4.000000,86.597938,0.246363,3.000000,1.125159,10.000000,146.969697,0.112516,4.000000,0.771479,22.000000,83.544304,0.035067,3.000000,0.914987,3.000000,,0.304996,0.000000,0.000000,0.000000,,0.000000,0.000000,,,,,,2.000000,3.000000,24.000000,-1.000000,,,,44.879518,47.031963,52.774095,-0.183020,-0.204503,0.021483,13.361317,21.113450,20.463280,-0.305533,-0.504065,0.376463,0.024657,,0.000000,,52.646301,36.250000,52.916667,0.098282,0.133084,-0.034802,29.511615,22.763862,22.701650,-0.018849,0.270900,0.435087,0.002903,0.534589,0.163934,24.000000,204.958678,37.106918,0.649600,0.631831
2026-02-24T03:45:00Z,1.001737,no_impulse,0,KOTAKBANK,15m,1.000000,378.461538,2.927526,26.000000,0.112597,0.338026,0.962979,1.620014,0.767596,2.000000,95.588235,0.383798,2.000000,43.739249,4.411765,46.568627,1.000000,0.061178,0.067644,-0.006466,15.155249,18.236870,25.314721,-0.281637,-0.305525,-0.529760,0.072746,0.006573,0.809524,7.000000,115.254237,0.115646,1.000000,61.041916,86.764706,76.379196,1.000000,0.109473,0.061338,0.048135,15.618150,23.570332,16.878986,0.357576,0.347708,0.128697,0.945741,0.008051,0.697482,2.000000,37.106918,0.348741,2.000000,50.605521,61.904762,74.942841,0.000000,0.055779,-0.016604,0.072383,21.059127,19.646577,25.459328,0.030000,-0.087757,-0.353828,0.515832,0.018954,1.915663,13.000000,64.112903,0.147359,3.000000,58.628497,90.566038,92.919610,1.000000,0.064473,-0.059018,0.123491,23.262627,23.374574,17.441457,0.340087,0.204183,-0.063125,0.683123,0.018635,2.901263,26.000000,204.958678,0.111587,8.000000,28.285252,25.165563,14.453272,1.000000,-0.437540,-0.355758,-0.081782,40.949904,7.964596,34.204944,-0.675754,-1.136357,-1.392067,0.250460,0.026898,1.435861,12.000000,131.521739,0.119655,1.000000,60.176197,71.900826,84.256797,1.000000,0.180101,0.096569,0.083531,29.545091,26.792953,14.752642,0.303156,0.459006,0.594108,0.712061,0.014339,1.079939,12.000000,85.981308,0.089995,2.000000,41.804722,10.869565,5.875441,1.000000,-0.057633,-0.006528,-0.051105,27.242704,17.432157,15.524213,-0.276562,-0.303535,-0.269674,0.141744,0.007698,1.271992,24.000000,87.704918,0.053000,3.000000,51.237969,23.809524,62.287712,0.000000,0.085399,0.081301,0.004098,23.823670,26.693859,10.605327,-0.003521,0.063629,0.131360,0.494472,0.006369,1.429576,2.000000,80.263158,0.714788,2.000000,1.813410,15.000000,178.823529,0.120894,1.000000,1.003897,9.000000,83.333333,0.111544,2.000000,1.219366,0.000000,47.887324,0.000000,4.000000,2.483096,25.000000,231.521739,0.099324,4.000000,1.084139,0.000000,75.409836,0.000000,4.000000,1.417286,11.000000,145.238095,0.128844,4.000000,0.985453,4.000000,86.597938,0.246363,3.000000,1.125159,10.000000,146.969697,0.112516,4.000000,0.771479,22.000000,83.544304,0.035067,3.000000,0.914987,3.000000,,0.304996,0.000000,0.000000,0.000000,,0.000000,0.000000,1.000000,4.000000,50.000000,-1.000000,,,,63.065089,81.647940,89.815186,0.498794,0.278635,0.220159,24.776576,30.419052,12.105776,0.907952,1.318625,0.695813,0.046793,,0.000000,,52.646301,36.250000,52.916667,0.098282,0.133084,-0.034802,29.511615,22.763862,22.701650,-0.018849,0.270900,0.435087,0.002903,2.072980,2.260870,50.000000,204.958678,37.106918,0.671005,0.363774
2026-02-24T09:45:00Z,0.986333,no_impulse,0,KOTAKBANK,15m,-1.000000,54.065041,1.537750,24.000000,0.064073,-0.197111,-0.063891,0.663605,2.927526,26.000000,378.461538,0.112597,1.000000,63.774337,59.722222,63.410232,0.000000,0.335894,0.392398,-0.056504,32.994506,29.346872,11.422127,0.338026,0.962979,1.620014,0.867504,0.009229,0.767596,2.000000,95.588235,0.383798,2.000000,43.739249,4.411765,46.568627,1.000000,0.061178,0.067644,-0.006466,15.155249,18.236870,25.314721,-0.281637,-0.305525,-0.529760,0.072746,0.006573,0.809524,7.000000,115.254237,0.115646,1.000000,61.041916,86.764706,76.379196,1.000000,0.109473,0.061338,0.048135,15.618150,23.570332,16.878986,0.357576,0.347708,0.128697,0.945741,0.008051,0.697482,2.000000,37.106918,0.348741,2.000000,50.605521,61.904762,74.942841,0.000000,0.055779,-0.016604,0.072383,21.059127,19.646577,25.459328,0.030000,-0.087757,-0.353828,0.515832,0.018954,1.915663,13.000000,64.112903,0.147359,3.000000,58.628497,90.566038,92.919610,1.000000,0.064473,-0.059018,0.123491,23.262627,23.374574,17.441457,0.340087,0.204183,-0.063125,0.683123,0.018635,2.901263,26.000000,204.958678,0.111587,8.000000,28.285252,25.165563,14.453272,1.000000,-0.437540,-0.355758,-0.081782,40.949904,7.964596,34.204944,-0.675754,-1.136357,-1.392067,0.250460,0.026898,1.435861,12.000000,131.521739,0.119655,1.000000,60.176197,71.900826,84.256797,1.000000,0.180101,0.096569,0.083531,29.545091,26.792953,14.752642,0.303156,0.459006,0.594108,0.712061,0.014339,1.079939,12.000000,85.981308,0.089995,2.000000,41.804722,10.869565,5.875441,1.000000,-0.057633,-0.006528,-0.051105,27.242704,17.432157,15.524213,-0.276562,-0.303535,-0.269674,0.141744,0.007698,1.271992,24.000000,87.704918,0.053000,3.000000,1.429576,2.000000,80.263158,0.714788,2.000000,1.813410,15.000000,178.823529,0.120894,1.000000,1.003897,9.000000,83.333333,0.111544,2.000000,1.219366,0.000000,47.887324,0.000000,4.000000,2.483096,25.000000,231.521739,0.099324,4.000000,1.084139,0.000000,75.409836,0.000000,4.000000,1.417286,11.000000,145.238095,0.128844,4.000000,0.985453,4.000000,86.597938,0.246363,3.000000,1.125159,10.000000,146.969697,0.112516,4.000000,0.771479,22.000000,83.544304,0.035067,3.000000,0.914987,3.000000,,0.304996,0.000000,2.000000,5.000000,74.000000,-1.000000,,,,54.916187,63.223140,63.621806,0.370223,0.397976,-0.027754,24.801948,20.127794,17.108956,0.157003,0.628204,0.542768,0.036768,,0.000000,,52.646301,36.250000,52.916667,0.098282,0.133084,-0.034802,29.511615,22.763862,22.701650,-0.018849,0.270900,0.435087,0.002903,1.009259,1.904762,,378.461538,37.106918,0.820791,0.816886
2026-02-25T03:45:00Z,0.996410,no_impulse,0,KOTAKBANK,15m,1.000000,65.413534,1.021606,1.000000,1.021606,0.201322,0.341248,1.068883,1.537750,24.000000,54.065041,0.064073,2.000000,42.434598,45.360825,31.525525,1.000000,-0.095507,-0.042474,-0.053033,20.950135,10.974798,21.651779,-0.197111,-0.063891,0.663605,0.304313,0.010053,2.927526,26.000000,378.461538,0.112597,1.000000,63.774337,59.722222,63.410232,0.000000,0.335894,0.392398,-0.056504,32.994506,29.346872,11.422127,0.338026,0.962979,1.620014,0.867504,0.009229,0.767596,2.000000,95.588235,0.383798,2.000000,43.739249,4.411765,46.568627,1.000000,0.061178,0.067644,-0.006466,15.155249,18.236870,25.314721,-0.281637,-0.305525,-0.529760,0.072746,0.006573,0.809524,7.000000,115.254237,0.115646,1.000000,61.041916,86.764706,76.379196,1.000000,0.109473,0.061338,0.048135,15.618150,23.570332,16.878986,0.357576,0.347708,0.128697,0.945741,0.008051,0.697482,2.000000,37.106918,0.348741,2.000000,50.605521,61.904762,74.942841,0.000000,0.055779,-0.016604,0.072383,21.059127,19.646577,25.459328,0.030000,-0.087757,-0.353828,0.515832,0.018954,1.915663,13.000000,64.112903,0.147359,3.000000,58.628497,90.566038,92.919610,1.000000,0.064473,-0.059018,0.123491,23.262627,23.374574,17.441457,0.340087,0.204183,-0.063125,0.683123,0.018635,2.901263,26.000000,204.958678,0.111587,8.000000,28.285252,25.165563,14.453272,1.000000,-0.437540,-0.355758,-0.081782,40.949904,7.964596,34.204944,-0.675754,-1.136357,-1.392067,0.250460,0.026898,1.435861,12.000000,131.521739,0.119655,1.000000,60.176197,71.900826,84.256797,1.000000,0.180101,0.096569,0.083531,29.545091,26.792953,14.752642,0.303156,0.459006,0.594108,0.712061,0.014339,1.079939,12.000000,85.981308,0.089995,2.000000,1.271992,24.000000,87.704918,0.053000,3.000000,1.429576,2.000000,80.263158,0.714788,2.000000,1.813410,15.000000,178.823529,0.120894,1.000000,1.003897,9.000000,83.333333,0.111544,2.000000,1.219366,0.000000,47.887324,0.000000,4.000000,2.483096,25.000000,231.521739,0.099324,4.000000,1.084139,0.000000,75.409836,0.000000,4.000000,1.417286,11.000000,145.238095,0.128844,4.000000,0.985453,4.000000,86.597938,0.246363,3.000000,1.125159,10.000000,146.969697,0.112516,4.000000,0.771479,22.000000,83.544304,0.035067,3.000000,3.000000,1.000000,75.000000,-1.000000,,,,52.992851,28.776978,51.940419,0.327995,0.384352,-0.056357,24.147711,20.673539,15.080641,0.036396,0.491902,0.510633,0.034241,,0.000000,,52.646301,36.250000,52.916667,0.098282,0.133084,-0.034802,29.511615,22.763862,22.701650,-0.018849,0.270900,0.435087,0.002903,0.665776,0.067568,,378.461538,37.106918,0.820126,1.528887
2026-02-25T07:30:00Z,0.976141,no_impulse,0,KOTAKBANK,15m,-1.000000,201.149425,2.034174,15.000000,0.135612,-0.541538,-0.889804,-0.550119,1.021606,1.000000,65.413534,1.021606,3.000000,55.774985,84.313725,51.675554,0.000000,-0.063891,-0.046615,-0.017276,20.324554,13.650210,17.440830,0.201322,0.341248,1.068883,0.711171,0.009553,1.537750,24.000000,54.065041,0.064073,2.000000,42.434598,45.360825,31.525525,1.000000,-0.095507,-0.042474,-0.053033,20.950135,10.974798,21.651779,-0.197111,-0.063891,0.663605,0.304313,0.010053,2.927526,26.000000,378.461538,0.112597,1.000000,63.774337,59.722222,63.410232,0.000000,0.335894,0.392398,-0.056504,32.994506,29.346872,11.422127,0.338026,0.962979,1.620014,0.867504,0.009229,0.767596,2.000000,95.588235,0.383798,2.000000,43.739249,4.411765,46.568627,1.000000,0.061178,0.067644,-0.006466,15.155249,18.236870,25.314721,-0.281637,-0.305525,-0.529760,0.072746,0.006573,0.809524,7.000000,115.254237,0.115646,1.000000,61.041916,86.764706,76.379196,1.000000,0.109473,0.061338,0.048135,15.618150,23.570332,16.878986,0.357576,0.347708,0.128697,0.945741,0.008051,0.697482,2.000000,37.106918,0.348741,2.000000,50.605521,61.904762,74.942841,0.000000,0.055779,-0.016604,0.072383,21.059127,19.646577,25.459328,0.030000,-0.087757,-0.353828,0.515832,0.018954,1.915663,13.000000,64.112903,0.147359,3.000000,58.628497,90.566038,92.919610,1.000000,0.064473,-0.059018,0.123491,23.262627,23.374574,17.441457,0.340087,0.204183,-0.063125,0.683123,0.018635,2.901263,26.000000,204.958678,0.111587,8.000000,28.285252,25.165563,14.453272,1.000000,-0.437540,-0.355758,-0.081782,40.949904,7.964596,34.204944,-0.675754,-1.136357,-1.392067,0.250460,0.026898,1.435861,12.000000,131.521739,0.119655,1.000000,1.079939,12.000000,85.981308,0.089995,2.000000,1.271992,24.000000,87.704918,0.053000,3.000000,1.429576,2.000000,80.263158,0.714788,2.000000,1.813410,15.000000,178.823529,0.120894,1.000000,1.003897,9.000000,83.333333,0.111544,2.000000,1.219366,0.000000,47.887324,0.000000,4.000000,2.483096,25.000000,231.521739,0.099324,4.000000,1.084139,0.000000,75.409836,0.000000,4.000000,1.417286,11.000000,145.238095,0.128844,4.000000,0.985453,4.000000,86.597938,0.246363,3.000000,1.125159,10.000000,146.969697,0.112516,4.000000,4.000000,2.000000,90.000000,-1.000000,,,,42.179666,20.814480,15.570559,0.005840,0.213539,-0.207699,20.317535,15.714236,20.729764,-0.579013,-0.343348,0.296484,0.028287,,0.000000,,52.646301,36.250000,52.916667,0.098282,0.133084,-0.034802,29.511615,22.763862,22.701650,-0.018849,0.270900,0.435087,0.002903,1.347652,1.200000,,378.461538,37.106918,0.832754,2.412239
2026-02-26T03:45:00Z,0.988418,no_impulse,0,KOTAKBANK,15m,1.000000,60.571429,1.257712,10.000000,0.125771,-0.100901,-0.403575,-0.239081,2.034174,15.000000,201.149425,0.135612,4.000000,36.932927,21.875000,7.484345,0.000000,-0.393610,-0.317277,-0.076332,36.429926,9.454571,25.743746,-0.541538,-0.889804,-0.550119,0.248844,0.021446,1.021606,1.000000,65.413534,1.021606,3.000000,55.774985,84.313725,51.675554,0.000000,-0.063891,-0.046615,-0.017276,20.324554,13.650210,17.440830,0.201322,0.341248,1.068883,0.711171,0.009553,1.537750,24.000000,54.065041,0.064073,2.000000,42.434598,45.360825,31.525525,1.000000,-0.095507,-0.042474,-0.053033,20.950135,10.974798,21.651779,-0.197111,-0.063891,0.663605,0.304313,0.010053,2.927526,26.000000,378.461538,0.112597,1.000000,63.774337,59.722222,63.410232,0.000000,0.335894,0.392398,-0.056504,32.994506,29.346872,11.422127,0.338026,0.962979,1.620014,0.867504,0.009229,0.767596,2.000000,95.588235,0.383798,2.000000,43.739249,4.411765,46.568627,1.000000,0.061178,0.067644,-0.006466,15.155249,18.236870,25.314721,-0.281637,-0.305525,-0.529760,0.072746,0.006573,0.809524,7.000000,115.254237,0.115646,1.000000,61.041916,86.764706,76.379196,1.000000,0.109473,0.061338,0.048135,15.618150,23.570332,16.878986,0.357576,0.347708,0.128697,0.945741,0.008051,0.697482,2.000000,37.106918,0.348741,2.000000,50.605521,61.904762,74.942841,0.000000,0.055779,-0.016604,0.072383,21.059127,19.646577,25.459328,0.030000,-0.087757,-0.353828,0.515832,0.018954,1.915663,13.000000,64.112903,0.147359,3.000000,58.628497,90.566038,92.919610,1.000000,0.064473,-0.059018,0.123491,23.262627,23.374574,17.441457,0.340087,0.204183,-0.063125,0.683123,0.018635,2.901263,26.000000,204.958678,0.111587,8.000000,1.435861,12.000000,131.521739,0.119655,1.000000,1.079939,12.000000,85.981308,0.089995,2.000000,1.271992,24.000000,87.704918,0.053000,3.000000,1.429576,2.000000,80.263158,0.714788,2.000000,1.813410,15.000000,178.823529,0.120894,1.000000,1.003897,9.000000,83.333333,0.111544,2.000000,1.219366,0.000000,47.887324,0.000000,4.000000,2.483096,25.000000,231.521739,0.099324,4.000000,1.084139,0.000000,75.409836,0.000000,4.000000,1.417286,11.000000,145.238095,0.128844,4.000000,0.985453,4.000000,86.597938,0.246363,3.000000,3.000000,3.000000,100.000000,-1.000000,,,,51.377320,46.411483,34.475019,-0.030926,0.094309,-0.125235,17.065094,20.167397,16.996787,0.083998,0.257664,0.532989,0.025484,,0.000000,,52.646301,36.250000,52.916667,0.098282,0.133084,-0.034802,29.511615,22.763862,22.701650,-0.018849,0.270900,0.435087,0.002903,0.783697,0.781250,,378.461538,37.106918,0.832745,1.019732
2026-02-26T03:45:00Z,0.979268,no_impulse,0,KOTAKBANK,15m,-1.000000,74.528302,0.925709,0.000000,0.000000,-0.100901,-0.403575,-0.239081,1.257712,10.000000,60.571429,0.125771,3.000000,45.604830,49.056604,63.543212,1.000000,-0.165625,-0.235560,0.069936,25.795798,22.422675,19.068632,-0.100901,-0.403575,-0.239081,0.395581,0.009653,2.034174,15.000000,201.149425,0.135612,4.000000,36.932927,21.875000,7.484345,0.000000,-0.393610,-0.317277,-0.076332,36.429926,9.454571,25.743746,-0.541538,-0.889804,-0.550119,0.248844,0.021446,1.021606,1.000000,65.413534,1.021606,3.000000,55.774985,84.313725,51.675554,0.000000,-0.063891,-0.046615,-0.017276,20.324554,13.650210,17.440830,0.201322,0.341248,1.068883,0.711171,0.009553,1.537750,24.000000,54.065041,0.064073,2.000000,42.434598,45.360825,31.525525,1.000000,-0.095507,-0.042474,-0.053033,20.950135,10.974798,21.651779,-0.197111,-0.063891,0.663605,0.304313,0.010053,2.927526,26.000000,378.461538,0.112597,1.000000,63.774337,59.722222,63.410232,0.000000,0.335894,0.392398,-0.056504,32.994506,29.346872,11.422127,0.338026,0.962979,1.620014,0.867504,0.009229,0.767596,2.000000,95.588235,0.383798,2.000000,43.739249,4.411765,46.568627,1.000000,0.061178,0.067644,-0.006466,15.155249,18.236870,25.314721,-0.281637,-0.305525,-0.529760,0.072746,0.006573,0.809524,7.000000,115.254237,0.115646,1.000000,61.041916,86.764706,76.379196,1.000000,0.109473,0.061338,0.048135,15.618150,23.570332,16.878986,0.357576,0.347708,0.128697,0.945741,0.008051,0.697482,2.000000,37.106918,0.348741,2.000000,50.605521,61.904762,74.942841,0.000000,0.055779,-0.016604,0.072383,21.059127,19.646577,25.459328,0.030000,-0.087757,-0.353828,0.515832,0.018954,1.915663,13.000000,64.112903,0.147359,3.000000,2.901263,26.000000,204.958678,0.111587,8.000000,1.435861,12.000000,131.521739,0.119655,1.000000,1.079939,12.000000,85.981308,0.089995,2.000000,1.271992,24.000000,87.704918,0.053000,3.000000,1.429576,2.000000,80.263158,0.714788,2.000000,1.813410,15.000000,178.823529,0.120894,1.000000,1.003897,9.000000,83.333333,0.111544,2.000000,1.219366,0.000000,47.887324,0.000000,4.000000,2.483096,25.000000,231.521739,0.099324,4.000000,1.084139,0.000000,75.409836,0.000000,4.000000,1.417286,11.000000,145.238095,0.128844,4.000000,3.000000,4.000000,100.000000,-1.000000,,,,51.377320,46.411483,34.475019,-0.030926,0.094309,-0.125235,17.065094,20.167397,16.996787,0.083998,0.257664,0.532989,0.025484,,0.000000,,52.646301,36.250000,52.916667,0.098282,0.133084,-0.034802,29.511615,22.763862,22.701650,-0.018849,0.270900,0.435087,0.002903,0.583297,0.000000,,378.461538,37.106918,0.838646,0.824307
2026-02-26T04:45:00Z,0.987375,no_impulse,0,KOTAKBANK,15m,1.000000,88.607595,0.827912,4.000000,0.206978,0.098474,-0.119141,0.029062,0.925709,0.000000,74.528302,0.000000,3.000000,45.604830,49.056604,63.543212,0.000000,-0.165625,-0.235560,0.069936,25.795798,22.422675,19.068632,-0.100901,-0.403575,-0.239081,0.395581,0.009653,1.257712,10.000000,60.571429,0.125771,3.000000,45.604830,49.056604,63.543212,1.000000,-0.165625,-0.235560,0.069936,25.795798,22.422675,19.068632,-0.100901,-0.403575,-0.239081,0.395581,0.009653,2.034174,15.000000,201.149425,0.135612,4.000000,36.932927,21.875000,7.484345,0.000000,-0.393610,-0.317277,-0.076332,36.429926,9.454571,25.743746,-0.541538,-0.889804,-0.550119,0.248844,0.021446,1.021606,1.000000,65.413534,1.021606,3.000000,55.774985,84.313725,51.675554,0.000000,-0.063891,-0.046615,-0.017276,20.324554,13.650210,17.440830,0.201322,0.341248,1.068883,0.711171,0.009553,1.537750,24.000000,54.065041,0.064073,2.000000,42.434598,45.360825,31.525525,1.000000,-0.095507,-0.042474,-0.053033,20.950135,10.974798,21.651779,-0.197111,-0.063891,0.663605,0.304313,0.010053,2.927526,26.000000,378.461538,0.112597,1.000000,63.774337,59.722222,63.410232,0.000000,0.335894,0.392398,-0.056504,32.994506,29.346872,11.422127,0.338026,0.962979,1.620014,0.867504,0.009229,0.767596,2.000000,95.588235,0.383798,2.000000,43.739249,4.411765,46.568627,1.000000,0.061178,0.067644,-0.006466,15.155249,18.236870,25.314721,-0.281637,-0.305525,-0.529760,0.072746,0.006573,0.809524,7.000000,115.254237,0.115646,1.000000,61.041916,86.764706,76.379196,1.000000,0.109473,0.061338,0.048135,15.618150,23.570332,16.878986,0.357576,0.347708,0.128697,0.945741,0.008051,0.697482,2.000000,37.106918,0.348741,2.000000,1.915663,13.000000,64.112903,0.147359,3.000000,2.901263,26.000000,204.958678,0.111587,8.000000,1.435861,12.000000,131.521739,0.119655,1.000000,1.079939,12.000000,85.981308,0.089995,2.000000,1.271992,24.000000,87.704918,0.053000,3.000000,1.429576,2.000000,80.263158,0.714788,2.000000,1.813410,15.000000,178.823529,0.120894,1.000000,1.003897,9.000000,83.333333,0.111544,2.000000,1.219366,0.000000,47.887324,0.000000,4.000000,2.483096,25.000000,231.521739,0.099324,4.000000,1.084139,0.000000,75.409836,0.000000,4.000000,3.000000,5.000000,104.000000,-1.000000,,,,47.701027,33.971292,33.581589,-0.042337,0.067211,-0.109548,16.455541,19.361881,16.317910,-0.200553,-0.045605,0.420965,0.025324,,0.000000,,52.646301,36.250000,52.916667,0.098282,0.133084,-0.034802,29.511615,22.763862,22.701650,-0.018849,0.270900,0.435087,0.002903,0.595846,0.400000,54.000000,378.461538,37.106918,0.718780,0.768669
2026-02-26T08:45:00Z,0.976836,no_impulse,0,KOTAKBANK,15m,-1.000000,130.000000,1.067449,16.000000,0.066716,-0.345343,-0.564623,-0.574907,0.827912,4.000000,88.607595,0.206978,3.000000,50.784574,63.095238,71.031746,0.000000,-0.054226,-0.145768,0.091542,22.004552,17.870287,13.757372,0.098474,-0.119141,0.029062,0.592638,0.010640,0.925709,0.000000,74.528302,0.000000,3.000000,45.604830,49.056604,63.543212,0.000000,-0.165625,-0.235560,0.069936,25.795798,22.422675,19.068632,-0.100901,-0.403575,-0.239081,0.395581,0.009653,1.257712,10.000000,60.571429,0.125771,3.000000,45.604830,49.056604,63.543212,1.000000,-0.165625,-0.235560,0.069936,25.795798,22.422675,19.068632,-0.100901,-0.403575,-0.239081,0.395581,0.009653,2.034174,15.000000,201.149425,0.135612,4.000000,36.932927,21.875000,7.484345,0.000000,-0.393610,-0.317277,-0.076332,36.429926,9.454571,25.743746,-0.541538,-0.889804,-0.550119,0.248844,0.021446,1.021606,1.000000,65.413534,1.021606,3.000000,55.774985,84.313725,51.675554,0.000000,-0.063891,-0.046615,-0.017276,20.324554,13.650210,17.440830,0.201322,0.341248,1.068883,0.711171,0.009553,1.537750,24.000000,54.065041,0.064073,2.000000,42.434598,45.360825,31.525525,1.000000,-0.095507,-0.042474,-0.053033,20.950135,10.974798,21.651779,-0.197111,-0.063891,0.663605,0.304313,0.010053,2.927526,26.000000,378.461538,0.112597,1.000000,63.774337,59.722222,63.410232,0.000000,0.335894,0.392398,-0.056504,32.994506,29.346872,11.422127,0.338026,0.962979,1.620014,0.867504,0.009229,0.767596,2.000000,95.588235,0.383798,2.000000,43.739249,4.411765,46.568627,1.000000,0.061178,0.067644,-0.006466,15.155249,18.236870,25.314721,-0.281637,-0.305525,-0.529760,0.072746,0.006573,0.809524,7.000000,115.254237,0.115646,1.000000,0.697482,2.000000,37.106918,0.348741,2.000000,1.915663,13.000000,64.112903,0.147359,3.000000,2.901263,26.000000,204.958678,0.111587,8.000000,1.435861,12.000000,131.521739,0.119655,1.000000,1.079939,12.000000,85.981308,0.089995,2.000000,1.271992,24.000000,87.704918,0.053000,3.000000,1.429576,2.000000,80.263158,0.714788,2.000000,1.813410,15.000000,178.823529,0.120894,1.000000,1.003897,9.000000,83.333333,0.111544,2.000000,1.219366,0.000000,47.887324,0.000000,4.000000,2.483096,25.000000,231.521739,0.099324,4.000000,4.000000,6.000000,120.000000,-1.000000,,,,48.327830,36.000000,27.047619,-0.128823,-0.039529,-0.089294,14.709699,14.294824,18.957223,-0.128994,-0.088052,0.447250,0.024422,,0.000000,,52.646301,36.250000,52.916667,0.098282,0.133084,-0.034802,29.511615,22.763862,22.701650,-0.018849,0.270900,0.435087,0.002903,0.833489,1.758242,70.000000,378.461538,37.106918,0.712582,0.655560
2026-02-26T09:45:00Z,0.984480,no_impulse,0,KOTAKBANK,15m,1.000000,72.527473,0.782547,4.000000,0.195637,0.078891,-0.092661,-0.118348,1.067449,16.000000,130.000000,0.066716,4.000000,39.676615,19.736842,8.739441,1.000000,-0.133844,-0.083793,-0.050051,17.628091,13.729838,27.161469,-0.345343,-0.564623,-0.574907,0.169837,0.010424,0.827912,4.000000,88.607595,0.206978,3.000000,50.784574,63.095238,71.031746,0.000000,-0.054226,-0.145768,0.091542,22.004552,17.870287,13.757372,0.098474,-0.119141,0.029062,0.592638,0.010640,0.925709,0.000000,74.528302,0.000000,3.000000,45.604830,49.056604,63.543212,0.000000,-0.165625,-0.235560,0.069936,25.795798,22.422675,19.068632,-0.100901,-0.403575,-0.239081,0.395581,0.009653,1.257712,10.000000,60.571429,0.125771,3.000000,45.604830,49.056604,63.543212,1.000000,-0.165625,-0.235560,0.069936,25.795798,22.422675,19.068632,-0.100901,-0.403575,-0.239081,0.395581,0.009653,2.034174,15.000000,201.149425,0.135612,4.000000,36.932927,21.875000,7.484345,0.000000,-0.393610,-0.317277,-0.076332,36.429926,9.454571,25.743746,-0.541538,-0.889804,-0.550119,0.248844,0.021446,1.021606,1.000000,65.413534,1.021606,3.000000,55.774985,84.313725,51.675554,0.000000,-0.063891,-0.046615,-0.017276,20.324554,13.650210,17.440830,0.201322,0.341248,1.068883,0.711171,0.009553,1.537750,24.000000,54.065041,0.064073,2.000000,42.434598,45.360825,31.525525,1.000000,-0.095507,-0.042474,-0.053033,20.950135,10.974798,21.651779,-0.197111,-0.063891,0.663605,0.304313,0.010053,2.927526,26.000000,378.461538,0.112597,1.000000,63.774337,59.722222,63.410232,0.000000,0.335894,0.392398,-0.056504,32.994506,29.346872,11.422127,0.338026,0.962979,1.620014,0.867504,0.009229,0.767596,2.000000,95.588235,0.383798,2.000000,0.809524,7.000000,115.254237,0.115646,1.000000,0.697482,2.000000,37.106918,0.348741,2.000000,1.915663,13.000000,64.112903,0.147359,3.000000,2.901263,26.000000,204.958678,0.111587,8.000000,1.435861,12.000000,131.521739,0.119655,1.000000,1.079939,12.000000,85.981308,0.089995,2.000000,1.271992,24.000000,87.704918,0.053000,3.000000,1.429576,2.000000,80.263158,0.714788,2.000000,1.813410,15.000000,178.823529,0.120894,1.000000,1.003897,9.000000,83.333333,0.111544,2.000000,1.219366,0.000000,47.887324,0.000000,4.000000,3.000000,7.000000,124.000000,-1.000000,,,,47.832763,33.714286,25.904762,-0.124886,-0.056615,-0.068271,14.489820,14.530880,18.356096,-0.159406,-0.129921,0.431162,0.023120,,0.000000,,52.646301,36.250000,52.916667,0.098282,0.133084,-0.034802,29.511615,22.763862,22.701650,-0.018849,0.270900,0.435087,0.002903,0.593875,0.380952,74.000000,378.461538,54.065041,0.688121,0.654011
2026-03-02T03:45:00Z,0.943016,no_impulse,0,KOTAKBANK,15m,-1.000000,542.424242,4.211765,26.000000,0.161991,-1.586421,-2.250517,-2.984659,0.782547,4.000000,72.527473,0.195637,3.000000,51.119974,73.611111,75.462963,1.000000,-0.059812,-0.083575,0.023763,14.173953,23.039211,22.728464,0.078891,-0.092661,-0.118348,0.587560,0.009017,1.067449,16.000000,130.000000,0.066716,4.000000,39.676615,19.736842,8.739441,1.000000,-0.133844,-0.083793,-0.050051,17.628091,13.729838,27.161469,-0.345343,-0.564623,-0.574907,0.169837,0.010424,0.827912,4.000000,88.607595,0.206978,3.000000,50.784574,63.095238,71.031746,0.000000,-0.054226,-0.145768,0.091542,22.004552,17.870287,13.757372,0.098474,-0.119141,0.029062,0.592638,0.010640,0.925709,0.000000,74.528302,0.000000,3.000000,45.604830,49.056604,63.543212,0.000000,-0.165625,-0.235560,0.069936,25.795798,22.422675,19.068632,-0.100901,-0.403575,-0.239081,0.395581,0.009653,1.257712,10.000000,60.571429,0.125771,3.000000,45.604830,49.056604,63.543212,1.000000,-0.165625,-0.235560,0.069936,25.795798,22.422675,19.068632,-0.100901,-0.403575,-0.239081,0.395581,0.009653,2.034174,15.000000,201.149425,0.135612,4.000000,36.932927,21.875000,7.484345,0.000000,-0.393610,-0.317277,-0.076332,36.429926,9.454571,25.743746,-0.541538,-0.889804,-0.550119,0.248844,0.021446,1.021606,1.000000,65.413534,1.021606,3.000000,55.774985,84.313725,51.675554,0.000000,-0.063891,-0.046615,-0.017276,20.324554,13.650210,17.440830,0.201322,0.341248,1.068883,0.711171,0.009553,1.537750,24.000000,54.065041,0.064073,2.000000,42.434598,45.360825,31.525525,1.000000,-0.095507,-0.042474,-0.053033,20.950135,10.974798,21.651779,-0.197111,-0.063891,0.663605,0.304313,0.010053,2.927526,26.000000,378.461538,0.112597,1.000000,0.767596,2.000000,95.588235,0.383798,2.000000,0.809524,7.000000,115.254237,0.115646,1.000000,0.697482,2.000000,37.106918,0.348741,2.000000,1.915663,13.000000,64.112903,0.147359,3.000000,2.901263,26.000000,204.958678,0.111587,8.000000,1.435861,12.000000,131.521739,0.119655,1.000000,1.079939,12.000000,85.981308,0.089995,2.000000,1.271992,24.000000,87.704918,0.053000,3.000000,1.429576,2.000000,80.263158,0.714788,2.000000,1.813410,15.000000,178.823529,0.120894,1.000000,1.003897,9.000000,83.333333,0.111544,2.000000,4.000000,8.000000,150.000000,-1.000000,,,,28.166376,26.109661,13.603410,-0.681983,-0.428879,-0.253104,30.986375,7.008755,43.376203,-2.023592,-2.583611,-0.040581,0.036691,,0.000000,,52.646301,36.250000,52.916667,0.098282,0.133084,-0.034802,29.511615,22.763862,22.701650,-0.018849,0.270900,0.435087,0.002903,3.202867,2.549020,100.000000,378.461538,54.065041,0.690384,0.634937
2026-03-02T03:45:00Z,0.960389,no_impulse,0,KOTAKBANK,15m,1.000000,41.899441,1.842299,0.000000,0.000000,-1.586421,-2.250517,-2.984659,4.211765,26.000000,542.424242,0.161991,4.000000,22.955523,32.258065,21.477699,1.000000,-0.468752,-0.363517,-0.105235,42.541542,5.171198,49.029177,-1.586421,-2.250517,-2.984659,-0.267507,0.020347,0.782547,4.000000,72.527473,0.195637,3.000000,51.119974,73.611111,75.462963,1.000000,-0.059812,-0.083575,0.023763,14.173953,23.039211,22.728464,0.078891,-0.092661,-0.118348,0.587560,0.009017,1.067449,16.000000,130.000000,0.066716,4.000000,39.676615,19.736842,8.739441,1.000000,-0.133844,-0.083793,-0.050051,17.628091,13.729838,27.161469,-0.345343,-0.564623,-0.574907,0.169837,0.010424,0.827912,4.000000,88.607595,0.206978,3.000000,50.784574,63.095238,71.031746,0.000000,-0.054226,-0.145768,0.091542,22.004552,17.870287,13.757372,0.098474,-0.119141,0.029062,0.592638,0.010640,0.925709,0.000000,74.528302,0.000000,3.000000,45.604830,49.056604,63.543212,0.000000,-0.165625,-0.235560,0.069936,25.795798,22.422675,19.068632,-0.100901,-0.403575,-0.239081,0.395581,0.009653,1.257712,10.000000,60.571429,0.125771,3.000000,45.604830,49.056604,63.543212,1.000000,-0.165625,-0.235560,0.069936,25.795798,22.422675,19.068632,-0.100901,-0.403575,-0.239081,0.395581,0.009653,2.034174,15.000000,201.149425,0.135612,4.000000,36.932927,21.875000,7.484345,0.000000,-0.393610,-0.317277,-0.076332,36.429926,9.454571,25.743746,-0.541538,-0.889804,-0.550119,0.248844,0.021446,1.021606,1.000000,65.413534,1.021606,3.000000,55.774985,84.313725,51.675554,0.000000,-0.063891,-0.046615,-0.017276,20.324554,13.650210,17.440830,0.201322,0.341248,1.068883,0.711171,0.009553,1.537750,24.000000,54.065041,0.064073,2.000000,2.927526,26.000000,378.461538,0.112597,1.000000,0.767596,2.000000,95.588235,0.383798,2.000000,0.809524,7.000000,115.254237,0.115646,1.000000,0.697482,2.000000,37.106918,0.348741,2.000000,1.915663,13.000000,64.112903,0.147359,3.000000,2.901263,26.000000,204.958678,0.111587,8.000000,1.435861,12.000000,131.521739,0.119655,1.000000,1.079939,12.000000,85.981308,0.089995,2.000000,1.271992,24.000000,87.704918,0.053000,3.000000,1.429576,2.000000,80.263158,0.714788,2.000000,1.813410,15.000000,178.823529,0.120894,1.000000,4.000000,9.000000,150.000000,-1.000000,,,,28.166376,26.109661,13.603410,-0.681983,-0.428879,-0.253104,30.986375,7.008755,43.376203,-2.023592,-2.583611,-0.040581,0.036691,,0.000000,,52.646301,36.250000,52.916667,0.098282,0.133084,-0.034802,29.511615,22.763862,22.701650,-0.018849,0.270900,0.435087,0.002903,1.110210,0.000000,0.000000,542.424242,54.065041,1.115300,2.012982
2026-03-02T05:45:00Z,0.947533,no_impulse,0,KOTAKBANK,15m,-1.000000,74.000000,1.338640,8.000000,0.167330,-0.893124,-1.861791,-3.009956,1.842299,0.000000,41.899441,0.000000,4.000000,22.955523,32.258065,21.477699,0.000000,-0.468752,-0.363517,-0.105235,42.541542,5.171198,49.029177,-1.586421,-2.250517,-2.984659,-0.267507,0.020347,4.211765,26.000000,542.424242,0.161991,4.000000,22.955523,32.258065,21.477699,1.000000,-0.468752,-0.363517,-0.105235,42.541542,5.171198,49.029177,-1.586421,-2.250517,-2.984659,-0.267507,0.020347,0.782547,4.000000,72.527473,0.195637,3.000000,51.119974,73.611111,75.462963,1.000000,-0.059812,-0.083575,0.023763,14.173953,23.039211,22.728464,0.078891,-0.092661,-0.118348,0.587560,0.009017,1.067449,16.000000,130.000000,0.066716,4.000000,39.676615,19.736842,8.739441,1.000000,-0.133844,-0.083793,-0.050051,17.628091,13.729838,27.161469,-0.345343,-0.564623,-0.574907,0.169837,0.010424,0.827912,4.000000,88.607595,0.206978,3.000000,50.784574,63.095238,71.031746,0.000000,-0.054226,-0.145768,0.091542,22.004552,17.870287,13.757372,0.098474,-0.119141,0.029062,0.592638,0.010640,0.925709,0.000000,74.528302,0.000000,3.000000,45.604830,49.056604,63.543212,0.000000,-0.165625,-0.235560,0.069936,25.795798,22.422675,19.068632,-0.100901,-0.403575,-0.239081,0.395581,0.009653,1.257712,10.000000,60.571429,0.125771,3.000000,45.604830,49.056604,63.543212,1.000000,-0.165625,-0.235560,0.069936,25.795798,22.422675,19.068632,-0.100901,-0.403575,-0.239081,0.395581,0.009653,2.034174,15.000000,201.149425,0.135612,4.000000,36.932927,21.875000,7.484345,0.000000,-0.393610,-0.317277,-0.076332,36.429926,9.454571,25.743746,-0.541538,-0.889804,-0.550119,0.248844,0.021446,1.021606,1.000000,65.413534,1.021606,3.000000,1.537750,24.000000,54.065041,0.064073,2.000000,2.927526,26.000000,378.461538,0.112597,1.000000,0.767596,2.000000,95.588235,0.383798,2.000000,0.809524,7.000000,115.254237,0.115646,1.000000,0.697482,2.000000,37.106918,0.348741,2.000000,1.915663,13.000000,64.112903,0.147359,3.000000,2.901263,26.000000,204.958678,0.111587,8.000000,1.435861,12.000000,131.521739,0.119655,1.000000,1.079939,12.000000,85.981308,0.089995,2.000000,1.271992,24.000000,87.704918,0.053000,3.000000,1.429576,2.000000,80.263158,0.714788,2.000000,2.000000,1.000000,158.000000,-1.000000,,,,28.233233,18.681319,19.368732,-0.876838,-0.580187,-0.296651,36.233533,7.344718,36.110173,-1.962078,-2.745322,0.101369,0.048273,,0.000000,,52.646301,36.250000,52.916667,0.098282,0.133084,-0.034802,29.511615,22.763862,22.701650,-0.018849,0.270900,0.435087,0.002903,0.863142,0.800000,8.000000,542.424242,41.899441,1.027544,2.423410
2026-03-02T06:00:00Z,0.957030,no_impulse,0,KOTAKBANK,15m,1.000000,73.873874,1.002322,1.000000,1.002322,-0.398072,-1.349220,-2.521953,1.338640,8.000000,74.000000,0.167330,2.000000,27.667813,27.064220,23.734502,0.000000,-0.672338,-0.597031,-0.075308,55.507873,7.041183,42.273373,-0.893124,-1.861791,-3.009956,0.236282,0.033567,1.842299,0.000000,41.899441,0.000000,4.000000,22.955523,32.258065,21.477699,0.000000,-0.468752,-0.363517,-0.105235,42.541542,5.171198,49.029177,-1.586421,-2.250517,-2.984659,-0.267507,0.020347,4.211765,26.000000,542.424242,0.161991,4.000000,22.955523,32.258065,21.477699,1.000000,-0.468752,-0.363517,-0.105235,42.541542,5.171198,49.029177,-1.586421,-2.250517,-2.984659,-0.267507,0.020347,0.782547,4.000000,72.527473,0.195637,3.000000,51.119974,73.611111,75.462963,1.000000,-0.059812,-0.083575,0.023763,14.173953,23.039211,22.728464,0.078891,-0.092661,-0.118348,0.587560,0.009017,1.067449,16.000000,130.000000,0.066716,4.000000,39.676615,19.736842,8.739441,1.000000,-0.133844,-0.083793,-0.050051,17.628091,13.729838,27.161469,-0.345343,-0.564623,-0.574907,0.169837,0.010424,0.827912,4.000000,88.607595,0.206978,3.000000,50.784574,63.095238,71.031746,0.000000,-0.054226,-0.145768,0.091542,22.004552,17.870287,13.757372,0.098474,-0.119141,0.029062,0.592638,0.010640,0.925709,0.000000,74.528302,0.000000,3.000000,45.604830,49.056604,63.543212,0.000000,-0.165625,-0.235560,0.069936,25.795798,22.422675,19.068632,-0.100901,-0.403575,-0.239081,0.395581,0.009653,1.257712,10.000000,60.571429,0.125771,3.000000,45.604830,49.056604,63.543212,1.000000,-0.165625,-0.235560,0.069936,25.795798,22.422675,19.068632,-0.100901,-0.403575,-0.239081,0.395581,0.009653,2.034174,15.000000,201.149425,0.135612,4.000000,1.021606,1.000000,65.413534,1.021606,3.000000,1.537750,24.000000,54.065041,0.064073,2.000000,2.927526,26.000000,378.461538,0.112597,1.000000,0.767596,2.000000,95.588235,0.383798,2.000000,0.809524,7.000000,115.254237,0.115646,1.000000,0.697482,2.000000,37.106918,0.348741,2.000000,1.915663,13.000000,64.112903,0.147359,3.000000,2.901263,26.000000,204.958678,0.111587,8.000000,1.435861,12.000000,131.521739,0.119655,1.000000,1.079939,12.000000,85.981308,0.089995,2.000000,1.271992,24.000000,87.704918,0.053000,3.000000,3.000000,1.000000,159.000000,-1.000000,,,,28.233233,18.681319,19.368732,-0.876838,-0.580187,-0.296651,36.233533,7.344718,36.110173,-1.962078,-2.745322,0.101369,0.048273,,0.000000,,52.646301,36.250000,52.916667,0.098282,0.133084,-0.034802,29.511615,22.763862,22.701650,-0.018849,0.270900,0.435087,0.002903,0.654693,0.119048,9.000000,542.424242,41.899441,1.029754,2.760626
2026-03-02T08:15:00Z,0.945217,no_impulse,0,KOTAKBANK,15m,-1.000000,124.390244,1.234418,9.000000,0.137158,-0.696853,-1.654175,-3.148313,1.002322,1.000000,73.873874,1.002322,3.000000,38.163984,45.283019,31.125761,0.000000,-0.621728,-0.599825,-0.021903,54.008004,17.902746,36.770229,-0.398072,-1.349220,-2.521953,0.378508,0.032635,1.338640,8.000000,74.000000,0.167330,2.000000,27.667813,27.064220,23.734502,0.000000,-0.672338,-0.597031,-0.075308,55.507873,7.041183,42.273373,-0.893124,-1.861791,-3.009956,0.236282,0.033567,1.842299,0.000000,41.899441,0.000000,4.000000,22.955523,32.258065,21.477699,0.000000,-0.468752,-0.363517,-0.105235,42.541542,5.171198,49.029177,-1.586421,-2.250517,-2.984659,-0.267507,0.020347,4.211765,26.000000,542.424242,0.161991,4.000000,22.955523,32.258065,21.477699,1.000000,-0.468752,-0.363517,-0.105235,42.541542,5.171198,49.029177,-1.586421,-2.250517,-2.984659,-0.267507,0.020347,0.782547,4.000000,72.527473,0.195637,3.000000,51.119974,73.611111,75.462963,1.000000,-0.059812,-0.083575,0.023763,14.173953,23.039211,22.728464,0.078891,-0.092661,-0.118348,0.587560,0.009017,1.067449,16.000000,130.000000,0.066716,4.000000,39.676615,19.736842,8.739441,1.000000,-0.133844,-0.083793,-0.050051,17.628091,13.729838,27.161469,-0.345343,-0.564623,-0.574907,0.169837,0.010424,0.827912,4.000000,88.607595,0.206978,3.000000,50.784574,63.095238,71.031746,0.000000,-0.054226,-0.145768,0.091542,22.004552,17.870287,13.757372,0.098474,-0.119141,0.029062,0.592638,0.010640,0.925709,0.000000,74.528302,0.000000,3.000000,45.604830,49.056604,63.543212,0.000000,-0.165625,-0.235560,0.069936,25.795798,22.422675,19.068632,-0.100901,-0.403575,-0.239081,0.395581,0.009653,1.257712,10.000000,60.571429,0.125771,3.000000,2.034174,15.000000,201.149425,0.135612,4.000000,1.021606,1.000000,65.413534,1.021606,3.000000,1.537750,24.000000,54.065041,0.064073,2.000000,2.927526,26.000000,378.461538,0.112597,1.000000,0.767596,2.000000,95.588235,0.383798,2.000000,0.809524,7.000000,115.254237,0.115646,1.000000,0.697482,2.000000,37.106918,0.348741,2.000000,1.915663,13.000000,64.112903,0.147359,3.000000,2.901263,26.000000,204.958678,0.111587,8.000000,1.435861,12.000000,131.521739,0.119655,1.000000,1.079939,12.000000,85.981308,0.089995,2.000000,4.000000,2.000000,168.000000,-1.000000,,,,32.339223,23.743017,19.262488,-0.936118,-0.706823,-0.229295,39.335708,10.071069,31.675577,-1.402253,-2.324501,0.238593,0.052901,,0.000000,,52.646301,36.250000,52.916667,0.098282,0.133084,-0.034802,29.511615,22.763862,22.701650,-0.018849,0.270900,0.435087,0.002903,0.807309,1.071429,18.000000,542.424242,41.899441,1.030831,0.690107
2026-03-02T09:45:00Z,0.958652,no_impulse,0,KOTAKBANK,15m,1.000000,113.725490,1.421394,6.000000,0.236899,-0.095423,-0.790646,-2.303345,1.234418,9.000000,124.390244,0.137158,4.000000,29.801903,5.882353,9.992913,1.000000,-0.498217,-0.538003,0.039786,46.683680,12.059775,31.604649,-0.696853,-1.654175,-3.148313,0.041438,0.015091,1.002322,1.000000,73.873874,1.002322,3.000000,38.163984,45.283019,31.125761,0.000000,-0.621728,-0.599825,-0.021903,54.008004,17.902746,36.770229,-0.398072,-1.349220,-2.521953,0.378508,0.032635,1.338640,8.000000,74.000000,0.167330,2.000000,27.667813,27.064220,23.734502,0.000000,-0.672338,-0.597031,-0.075308,55.507873,7.041183,42.273373,-0.893124,-1.861791,-3.009956,0.236282,0.033567,1.842299,0.000000,41.899441,0.000000,4.000000,22.955523,32.258065,21.477699,0.000000,-0.468752,-0.363517,-0.105235,42.541542,5.171198,49.029177,-1.586421,-2.250517,-2.984659,-0.267507,0.020347,4.211765,26.000000,542.424242,0.161991,4.000000,22.955523,32.258065,21.477699,1.000000,-0.468752,-0.363517,-0.105235,42.541542,5.171198,49.029177,-1.586421,-2.250517,-2.984659,-0.267507,0.020347,0.782547,4.000000,72.527473,0.195637,3.000000,51.119974,73.611111,75.462963,1.000000,-0.059812,-0.083575,0.023763,14.173953,23.039211,22.728464,0.078891,-0.092661,-0.118348,0.587560,0.009017,1.067449,16.000000,130.000000,0.066716,4.000000,39.676615,19.736842,8.739441,1.000000,-0.133844,-0.083793,-0.050051,17.628091,13.729838,27.161469,-0.345343,-0.564623,-0.574907,0.169837,0.010424,0.827912,4.000000,88.607595,0.206978,3.000000,50.784574,63.095238,71.031746,0.000000,-0.054226,-0.145768,0.091542,22.004552,17.870287,13.757372,0.098474,-0.119141,0.029062,0.592638,0.010640,0.925709,0.000000,74.528302,0.000000,3.000000,1.257712,10.000000,60.571429,0.125771,3.000000,2.034174,15.000000,201.149425,0.135612,4.000000,1.021606,1.000000,65.413534,1.021606,3.000000,1.537750,24.000000,54.065041,0.064073,2.000000,2.927526,26.000000,378.461538,0.112597,1.000000,0.767596,2.000000,95.588235,0.383798,2.000000,0.809524,7.000000,115.254237,0.115646,1.000000,0.697482,2.000000,37.106918,0.348741,2.000000,1.915663,13.000000,64.112903,0.147359,3.000000,2.901263,26.000000,204.958678,0.111587,8.000000,1.435861,12.000000,131.521739,0.119655,1.000000,7.000000,3.000000,174.000000,-1.000000,,,,35.156512,26.885246,29.166590,-0.880942,-0.770126,-0.110816,38.933798,12.784170,27.429092,-1.230544,-2.203126,0.264051,0.051519,,0.000000,,52.646301,36.250000,52.916667,0.098282,0.133084,-0.034802,29.511615,22.763862,22.701650,-0.018849,0.270900,0.435087,0.002903,0.980896,0.769231,24.000000,542.424242,41.899441,1.018235,0.522976
2026-03-04T03:45:00Z,0.936298,no_impulse,0,KOTAKBANK,15m,-1.000000,166.379310,2.331763,1.000000,2.331763,-0.774264,-1.495239,-3.049808,1.421394,6.000000,113.725490,0.236899,7.000000,46.269093,54.310345,79.100354,0.000000,-0.176782,-0.331487,0.154705,32.214155,21.099521,20.901541,-0.095423,-0.790646,-2.303345,0.422614,0.012319,1.234418,9.000000,124.390244,0.137158,4.000000,29.801903,5.882353,9.992913,1.000000,-0.498217,-0.538003,0.039786,46.683680,12.059775,31.604649,-0.696853,-1.654175,-3.148313,0.041438,0.015091,1.002322,1.000000,73.873874,1.002322,3.000000,38.163984,45.283019,31.125761,0.000000,-0.621728,-0.599825,-0.021903,54.008004,17.902746,36.770229,-0.398072,-1.349220,-2.521953,0.378508,0.032635,1.338640,8.000000,74.000000,0.167330,2.000000,27.667813,27.064220,23.734502,0.000000,-0.672338,-0.597031,-0.075308,55.507873,7.041183,42.273373,-0.893124,-1.861791,-3.009956,0.236282,0.033567,1.842299,0.000000,41.899441,0.000000,4.000000,22.955523,32.258065,21.477699,0.000000,-0.468752,-0.363517,-0.105235,42.541542,5.171198,49.029177,-1.586421,-2.250517,-2.984659,-0.267507,0.020347,4.211765,26.000000,542.424242,0.161991,4.000000,22.955523,32.258065,21.477699,1.000000,-0.468752,-0.363517,-0.105235,42.541542,5.171198,49.029177,-1.586421,-2.250517,-2.984659,-0.267507,0.020347,0.782547,4.000000,72.527473,0.195637,3.000000,51.119974,73.611111,75.462963,1.000000,-0.059812,-0.083575,0.023763,14.173953,23.039211,22.728464,0.078891,-0.092661,-0.118348,0.587560,0.009017,1.067449,16.000000,130.000000,0.066716,4.000000,39.676615,19.736842,8.739441,1.000000,-0.133844,-0.083793,-0.050051,17.628091,13.729838,27.161469,-0.345343,-0.564623,-0.574907,0.169837,0.010424,0.827912,4.000000,88.607595,0.206978,3.000000,0.925709,0.000000,74.528302,0.000000,3.000000,1.257712,10.000000,60.571429,0.125771,3.000000,2.034174,15.000000,201.149425,0.135612,4.000000,1.021606,1.000000,65.413534,1.021606,3.000000,1.537750,24.000000,54.065041,0.064073,2.000000,2.927526,26.000000,378.461538,0.112597,1.000000,0.767596,2.000000,95.588235,0.383798,2.000000,0.809524,7.000000,115.254237,0.115646,1.000000,0.697482,2.000000,37.106918,0.348741,2.000000,1.915663,13.000000,64.112903,0.147359,3.000000,2.901263,26.000000,204.958678,0.111587,8.000000,4.000000,4.000000,1.000000,-1.000000,,,,30.695073,22.093023,28.616593,-0.938055,-0.808544,-0.129511,40.149245,10.849607,38.410876,-1.831699,-2.886887,0.156604,0.052381,,0.000000,,52.646301,36.250000,52.916667,0.098282,0.133084,-0.034802,29.511615,22.763862,22.701650,-0.018849,0.270900,0.435087,0.002903,1.591163,0.135135,25.000000,542.424242,41.899441,1.016130,0.494831
2026-03-04T04:45:00Z,0.946954,no_impulse,0,KOTAKBANK,15m,1.000000,47.668394,1.138050,4.000000,0.284513,-0.486110,-1.265150,-2.937003,2.331763,1.000000,166.379310,2.331763,4.000000,37.367016,40.414508,64.046215,0.000000,-0.228481,-0.312900,0.084419,32.973638,16.004607,40.001495,-0.774264,-1.495239,-3.049808,-0.074854,0.013365,1.421394,6.000000,113.725490,0.236899,7.000000,46.269093,54.310345,79.100354,0.000000,-0.176782,-0.331487,0.154705,32.214155,21.099521,20.901541,-0.095423,-0.790646,-2.303345,0.422614,0.012319,1.234418,9.000000,124.390244,0.137158,4.000000,29.801903,5.882353,9.992913,1.000000,-0.498217,-0.538003,0.039786,46.683680,12.059775,31.604649,-0.696853,-1.654175,-3.148313,0.041438,0.015091,1.002322,1.000000,73.873874,1.002322,3.000000,38.163984,45.283019,31.125761,0.000000,-0.621728,-0.599825,-0.021903,54.008004,17.902746,36.770229,-0.398072,-1.349220,-2.521953,0.378508,0.032635,1.338640,8.000000,74.000000,0.167330,2.000000,27.667813,27.064220,23.734502,0.000000,-0.672338,-0.597031,-0.075308,55.507873,7.041183,42.273373,-0.893124,-1.861791,-3.009956,0.236282,0.033567,1.842299,0.000000,41.899441,0.000000,4.000000,22.955523,32.258065,21.477699,0.000000,-0.468752,-0.363517,-0.105235,42.541542,5.171198,49.029177,-1.586421,-2.250517,-2.984659,-0.267507,0.020347,4.211765,26.000000,542.424242,0.161991,4.000000,22.955523,32.258065,21.477699,1.000000,-0.468752,-0.363517,-0.105235,42.541542,5.171198,49.029177,-1.586421,-2.250517,-2.984659,-0.267507,0.020347,0.782547,4.000000,72.527473,0.195637,3.000000,51.119974,73.611111,75.462963,1.000000,-0.059812,-0.083575,0.023763,14.173953,23.039211,22.728464,0.078891,-0.092661,-0.118348,0.587560,0.009017,1.067449,16.000000,130.000000,0.066716,4.000000,0.827912,4.000000,88.607595,0.206978,3.000000,0.925709,0.000000,74.528302,0.000000,3.000000,1.257712,10.000000,60.571429,0.125771,3.000000,2.034174,15.000000,201.149425,0.135612,4.000000,1.021606,1.000000,65.413534,1.021606,3.000000,1.537750,24.000000,54.065041,0.064073,2.000000,2.927526,26.000000,378.461538,0.112597,1.000000,0.767596,2.000000,95.588235,0.383798,2.000000,0.809524,7.000000,115.254237,0.115646,1.000000,0.697482,2.000000,37.106918,0.348741,2.000000,1.915663,13.000000,64.112903,0.147359,3.000000,3.000000,5.000000,5.000000,-1.000000,,,,28.905100,14.733542,21.237270,-0.998598,-0.848861,-0.149736,41.277875,10.042970,35.555138,-1.985854,-3.126241,0.141145,0.054261,,0.000000,,52.646301,36.250000,52.916667,0.098282,0.133084,-0.034802,29.511615,22.763862,22.701650,-0.018849,0.270900,0.435087,0.002903,0.708602,0.533333,29.000000,542.424242,41.899441,1.030327,1.192270
2026-03-04T09:45:00Z,0.931666,no_impulse,0,KOTAKBANK,15m,-1.000000,143.478261,1.614481,20.000000,0.080724,-0.685488,-1.403597,-3.432521,1.138050,4.000000,47.668394,0.284513,3.000000,39.565545,39.896373,36.096718,1.000000,-0.343080,-0.323185,-0.019895,34.065821,16.699294,32.141262,-0.486110,-1.265150,-2.937003,0.223380,0.017488,2.331763,1.000000,166.379310,2.331763,4.000000,37.367016,40.414508,64.046215,0.000000,-0.228481,-0.312900,0.084419,32.973638,16.004607,40.001495,-0.774264,-1.495239,-3.049808,-0.074854,0.013365,1.421394,6.000000,113.725490,0.236899,7.000000,46.269093,54.310345,79.100354,0.000000,-0.176782,-0.331487,0.154705,32.214155,21.099521,20.901541,-0.095423,-0.790646,-2.303345,0.422614,0.012319,1.234418,9.000000,124.390244,0.137158,4.000000,29.801903,5.882353,9.992913,1.000000,-0.498217,-0.538003,0.039786,46.683680,12.059775,31.604649,-0.696853,-1.654175,-3.148313,0.041438,0.015091,1.002322,1.000000,73.873874,1.002322,3.000000,38.163984,45.283019,31.125761,0.000000,-0.621728,-0.599825,-0.021903,54.008004,17.902746,36.770229,-0.398072,-1.349220,-2.521953,0.378508,0.032635,1.338640,8.000000,74.000000,0.167330,2.000000,27.667813,27.064220,23.734502,0.000000,-0.672338,-0.597031,-0.075308,55.507873,7.041183,42.273373,-0.893124,-1.861791,-3.009956,0.236282,0.033567,1.842299,0.000000,41.899441,0.000000,4.000000,22.955523,32.258065,21.477699,0.000000,-0.468752,-0.363517,-0.105235,42.541542,5.171198,49.029177,-1.586421,-2.250517,-2.984659,-0.267507,0.020347,4.211765,26.000000,542.424242,0.161991,4.000000,22.955523,32.258065,21.477699,1.000000,-0.468752,-0.363517,-0.105235,42.541542,5.171198,49.029177,-1.586421,-2.250517,-2.984659,-0.267507,0.020347,0.782547,4.000000,72.527473,0.195637,3.000000,1.067449,16.000000,130.000000,0.066716,4.000000,0.827912,4.000000,88.607595,0.206978,3.000000,0.925709,0.000000,74.528302,0.000000,3.000000,1.257712,10.000000,60.571429,0.125771,3.000000,2.034174,15.000000,201.149425,0.135612,4.000000,1.021606,1.000000,65.413534,1.021606,3.000000,1.537750,24.000000,54.065041,0.064073,2.000000,2.927526,26.000000,378.461538,0.112597,1.000000,0.767596,2.000000,95.588235,0.383798,2.000000,0.809524,7.000000,115.254237,0.115646,1.000000,0.697482,2.000000,37.106918,0.348741,2.000000,4.000000,6.000000,25.000000,-1.000000,,,,28.208397,12.096774,11.285271,-1.114289,-0.997910,-0.116379,47.047846,7.926421,37.487140,-1.807391,-3.238560,0.130404,0.048034,,0.000000,,52.646301,36.250000,52.916667,0.098282,0.133084,-0.034802,29.511615,22.763862,22.701650,-0.018849,0.270900,0.435087,0.002903,0.986205,2.666667,49.000000,542.424242,41.899441,1.008744,1.368024
2026-03-05T07:30:00Z,0.946722,no_impulse,0,KOTAKBANK,15m,1.000000,98.484848,1.616111,16.000000,0.101007,0.296906,0.012925,-1.879726,1.614481,20.000000,143.478261,0.080724,4.000000,33.151786,27.272727,17.654127,0.000000,-0.335792,-0.289421,-0.046371,37.350798,9.047355,34.495325,-0.685488,-1.403597,-3.432521,-0.082594,0.011686,1.138050,4.000000,47.668394,0.284513,3.000000,39.565545,39.896373,36.096718,1.000000,-0.343080,-0.323185,-0.019895,34.065821,16.699294,32.141262,-0.486110,-1.265150,-2.937003,0.223380,0.017488,2.331763,1.000000,166.379310,2.331763,4.000000,37.367016,40.414508,64.046215,0.000000,-0.228481,-0.312900,0.084419,32.973638,16.004607,40.001495,-0.774264,-1.495239,-3.049808,-0.074854,0.013365,1.421394,6.000000,113.725490,0.236899,7.000000,46.269093,54.310345,79.100354,0.000000,-0.176782,-0.331487,0.154705,32.214155,21.099521,20.901541,-0.095423,-0.790646,-2.303345,0.422614,0.012319,1.234418,9.000000,124.390244,0.137158,4.000000,29.801903,5.882353,9.992913,1.000000,-0.498217,-0.538003,0.039786,46.683680,12.059775,31.604649,-0.696853,-1.654175,-3.148313,0.041438,0.015091,1.002322,1.000000,73.873874,1.002322,3.000000,38.163984,45.283019,31.125761,0.000000,-0.621728,-0.599825,-0.021903,54.008004,17.902746,36.770229,-0.398072,-1.349220,-2.521953,0.378508,0.032635,1.338640,8.000000,74.000000,0.167330,2.000000,27.667813,27.064220,23.734502,0.000000,-0.672338,-0.597031,-0.075308,55.507873,7.041183,42.273373,-0.893124,-1.861791,-3.009956,0.236282,0.033567,1.842299,0.000000,41.899441,0.000000,4.000000,22.955523,32.258065,21.477699,0.000000,-0.468752,-0.363517,-0.105235,42.541542,5.171198,49.029177,-1.586421,-2.250517,-2.984659,-0.267507,0.020347,4.211765,26.000000,542.424242,0.161991,4.000000,0.782547,4.000000,72.527473,0.195637,3.000000,1.067449,16.000000,130.000000,0.066716,4.000000,0.827912,4.000000,88.607595,0.206978,3.000000,0.925709,0.000000,74.528302,0.000000,3.000000,1.257712,10.000000,60.571429,0.125771,3.000000,2.034174,15.000000,201.149425,0.135612,4.000000,1.021606,1.000000,65.413534,1.021606,3.000000,1.537750,24.000000,54.065041,0.064073,2.000000,2.927526,26.000000,378.461538,0.112597,1.000000,0.767596,2.000000,95.588235,0.383798,2.000000,0.809524,7.000000,115.254237,0.115646,1.000000,3.000000,7.000000,41.000000,-1.000000,,,,37.549846,34.334764,43.919886,-0.815269,-0.928581,0.113313,43.328047,14.575535,28.679328,-0.813832,-2.176638,0.233783,0.030323,,0.000000,,52.646301,36.250000,52.916667,0.098282,0.133084,-0.034802,29.511615,22.763862,22.701650,-0.018849,0.270900,0.435087,0.002903,0.955280,2.025316,65.000000,542.424242,41.899441,0.989062,1.389860
2026-03-05T09:00:00Z,0.938615,no_impulse,0,KOTAKBANK,15m,-1.000000,53.846154,0.856374,6.000000,0.142729,0.193498,-0.039668,-1.875164,1.616111,16.000000,98.484848,0.101007,3.000000,56.832991,91.011236,89.757369,0.000000,0.051561,-0.024811,0.076373,20.280152,15.707680,18.002925,0.296906,0.012925,-1.879726,0.681599,0.016398,1.614481,20.000000,143.478261,0.080724,4.000000,33.151786,27.272727,17.654127,0.000000,-0.335792,-0.289421,-0.046371,37.350798,9.047355,34.495325,-0.685488,-1.403597,-3.432521,-0.082594,0.011686,1.138050,4.000000,47.668394,0.284513,3.000000,39.565545,39.896373,36.096718,1.000000,-0.343080,-0.323185,-0.019895,34.065821,16.699294,32.141262,-0.486110,-1.265150,-2.937003,0.223380,0.017488,2.331763,1.000000,166.379310,2.331763,4.000000,37.367016,40.414508,64.046215,0.000000,-0.228481,-0.312900,0.084419,32.973638,16.004607,40.001495,-0.774264,-1.495239,-3.049808,-0.074854,0.013365,1.421394,6.000000,113.725490,0.236899,7.000000,46.269093,54.310345,79.100354,0.000000,-0.176782,-0.331487,0.154705,32.214155,21.099521,20.901541,-0.095423,-0.790646,-2.303345,0.422614,0.012319,1.234418,9.000000,124.390244,0.137158,4.000000,29.801903,5.882353,9.992913,1.000000,-0.498217,-0.538003,0.039786,46.683680,12.059775,31.604649,-0.696853,-1.654175,-3.148313,0.041438,0.015091,1.002322,1.000000,73.873874,1.002322,3.000000,38.163984,45.283019,31.125761,0.000000,-0.621728,-0.599825,-0.021903,54.008004,17.902746,36.770229,-0.398072,-1.349220,-2.521953,0.378508,0.032635,1.338640,8.000000,74.000000,0.167330,2.000000,27.667813,27.064220,23.734502,0.000000,-0.672338,-0.597031,-0.075308,55.507873,7.041183,42.273373,-0.893124,-1.861791,-3.009956,0.236282,0.033567,1.842299,0.000000,41.899441,0.000000,4.000000,4.211765,26.000000,542.424242,0.161991,4.000000,0.782547,4.000000,72.527473,0.195637,3.000000,1.067449,16.000000,130.000000,0.066716,4.000000,0.827912,4.000000,88.607595,0.206978,3.000000,0.925709,0.000000,74.528302,0.000000,3.000000,1.257712,10.000000,60.571429,0.125771,3.000000,2.034174,15.000000,201.149425,0.135612,4.000000,1.021606,1.000000,65.413534,1.021606,3.000000,1.537750,24.000000,54.065041,0.064073,2.000000,2.927526,26.000000,378.461538,0.112597,1.000000,0.767596,2.000000,95.588235,0.383798,2.000000,2.000000,1.000000,47.000000,-1.000000,,,,38.927458,38.197425,41.630901,-0.773270,-0.896697,0.123427,41.728411,16.584126,25.365498,-0.635388,-1.982645,0.253831,0.025648,,0.000000,,52.646301,36.250000,52.916667,0.098282,0.133084,-0.034802,29.511615,22.763862,22.701650,-0.018849,0.270900,0.435087,0.002903,0.482430,0.659341,71.000000,542.424242,41.899441,0.937713,0.875905
2026-03-05T09:15:00Z,0.949849,no_impulse,0,KOTAKBANK,15m,1.000000,138.571429,1.196940,1.000000,1.196940,0.593844,0.407631,-1.388757,0.856374,6.000000,53.846154,0.142729,2.000000,54.151982,74.285714,47.915691,0.000000,0.008969,0.001000,0.007969,20.633181,17.813632,18.593594,0.193498,-0.039668,-1.875164,0.759630,0.007467,1.616111,16.000000,98.484848,0.101007,3.000000,56.832991,91.011236,89.757369,0.000000,0.051561,-0.024811,0.076373,20.280152,15.707680,18.002925,0.296906,0.012925,-1.879726,0.681599,0.016398,1.614481,20.000000,143.478261,0.080724,4.000000,33.151786,27.272727,17.654127,0.000000,-0.335792,-0.289421,-0.046371,37.350798,9.047355,34.495325,-0.685488,-1.403597,-3.432521,-0.082594,0.011686,1.138050,4.000000,47.668394,0.284513,3.000000,39.565545,39.896373,36.096718,1.000000,-0.343080,-0.323185,-0.019895,34.065821,16.699294,32.141262,-0.486110,-1.265150,-2.937003,0.223380,0.017488,2.331763,1.000000,166.379310,2.331763,4.000000,37.367016,40.414508,64.046215,0.000000,-0.228481,-0.312900,0.084419,32.973638,16.004607,40.001495,-0.774264,-1.495239,-3.049808,-0.074854,0.013365,1.421394,6.000000,113.725490,0.236899,7.000000,46.269093,54.310345,79.100354,0.000000,-0.176782,-0.331487,0.154705,32.214155,21.099521,20.901541,-0.095423,-0.790646,-2.303345,0.422614,0.012319,1.234418,9.000000,124.390244,0.137158,4.000000,29.801903,5.882353,9.992913,1.000000,-0.498217,-0.538003,0.039786,46.683680,12.059775,31.604649,-0.696853,-1.654175,-3.148313,0.041438,0.015091,1.002322,1.000000,73.873874,1.002322,3.000000,38.163984,45.283019,31.125761,0.000000,-0.621728,-0.599825,-0.021903,54.008004,17.902746,36.770229,-0.398072,-1.349220,-2.521953,0.378508,0.032635,1.338640,8.000000,74.000000,0.167330,2.000000,1.842299,0.000000,41.899441,0.000000,4.000000,4.211765,26.000000,542.424242,0.161991,4.000000,0.782547,4.000000,72.527473,0.195637,3.000000,1.067449,16.000000,130.000000,0.066716,4.000000,0.827912,4.000000,88.607595,0.206978,3.000000,0.925709,0.000000,74.528302,0.000000,3.000000,1.257712,10.000000,60.571429,0.125771,3.000000,2.034174,15.000000,201.149425,0.135612,4.000000,1.021606,1.000000,65.413534,1.021606,3.000000,1.537750,24.000000,54.065041,0.064073,2.000000,2.927526,26.000000,378.461538,0.112597,1.000000,1.000000,2.000000,48.000000,-1.000000,,,,38.420389,50.602410,41.044866,-0.737616,-0.865322,0.127706,40.243034,15.930176,24.365278,-0.630886,-1.965170,0.242548,0.024351,,0.000000,,52.646301,36.250000,52.916667,0.098282,0.133084,-0.034802,29.511615,22.763862,22.701650,-0.018849,0.270900,0.435087,0.002903,0.831448,0.140845,72.000000,166.379310,41.899441,0.433946,0.835574
2026-03-09T03:45:00Z,0.896224,no_impulse,0,KOTAKBANK,15m,-1.000000,477.319588,5.645653,28.000000,0.201630,-3.510987,-4.262998,-6.418383,1.196940,1.000000,138.571429,1.196940,1.000000,62.187061,92.783505,72.832597,0.000000,0.059286,0.012654,0.046632,20.373020,23.144837,16.422053,0.593844,0.407631,-1.388757,1.214779,0.008358,0.856374,6.000000,53.846154,0.142729,2.000000,54.151982,74.285714,47.915691,0.000000,0.008969,0.001000,0.007969,20.633181,17.813632,18.593594,0.193498,-0.039668,-1.875164,0.759630,0.007467,1.616111,16.000000,98.484848,0.101007,3.000000,56.832991,91.011236,89.757369,0.000000,0.051561,-0.024811,0.076373,20.280152,15.707680,18.002925,0.296906,0.012925,-1.879726,0.681599,0.016398,1.614481,20.000000,143.478261,0.080724,4.000000,33.151786,27.272727,17.654127,0.000000,-0.335792,-0.289421,-0.046371,37.350798,9.047355,34.495325,-0.685488,-1.403597,-3.432521,-0.082594,0.011686,1.138050,4.000000,47.668394,0.284513,3.000000,39.565545,39.896373,36.096718,1.000000,-0.343080,-0.323185,-0.019895,34.065821,16.699294,32.141262,-0.486110,-1.265150,-2.937003,0.223380,0.017488,2.331763,1.000000,166.379310,2.331763,4.000000,37.367016,40.414508,64.046215,0.000000,-0.228481,-0.312900,0.084419,32.973638,16.004607,40.001495,-0.774264,-1.495239,-3.049808,-0.074854,0.013365,1.421394,6.000000,113.725490,0.236899,7.000000,46.269093,54.310345,79.100354,0.000000,-0.176782,-0.331487,0.154705,32.214155,21.099521,20.901541,-0.095423,-0.790646,-2.303345,0.422614,0.012319,1.234418,9.000000,124.390244,0.137158,4.000000,29.801903,5.882353,9.992913,1.000000,-0.498217,-0.538003,0.039786,46.683680,12.059775,31.604649,-0.696853,-1.654175,-3.148313,0.041438,0.015091,1.002322,1.000000,73.873874,1.002322,3.000000,1.338640,8.000000,74.000000,0.167330,2.000000,1.842299,0.000000,41.899441,0.000000,4.000000,4.211765,26.000000,542.424242,0.161991,4.000000,0.782547,4.000000,72.527473,0.195637,3.000000,1.067449,16.000000,130.000000,0.066716,4.000000,0.827912,4.000000,88.607595,0.206978,3.000000,0.925709,0.000000,74.528302,0.000000,3.000000,1.257712,10.000000,60.571429,0.125771,3.000000,2.034174,15.000000,201.149425,0.135612,4.000000,1.021606,1.000000,65.413534,1.021606,3.000000,1.537750,24.000000,54.065041,0.064073,2.000000,8.000000,1.000000,76.000000,-1.000000,,,,20.254952,14.316239,12.916876,-1.053483,-0.858614,-0.194870,44.296253,6.942176,46.868102,-3.651227,-5.309349,-0.377247,0.040155,,0.000000,,52.646301,36.250000,52.916667,0.098282,0.133084,-0.034802,29.511615,22.763862,22.701650,-0.018849,0.270900,0.435087,0.002903,4.105782,3.888889,100.000000,166.379310,47.668394,0.414974,0.721718
2026-03-09T03:45:00Z,0.912323,no_impulse,0,KOTAKBANK,15m,1.000000,30.021598,1.796330,0.000000,0.000000,-3.510987,-4.262998,-6.418383,5.645653,28.000000,477.319588,0.201630,8.000000,16.970644,2.785515,14.991005,1.000000,-0.621423,-0.382194,-0.239229,33.908589,7.595788,51.340957,-3.510987,-4.262998,-6.418383,-0.427644,0.036565,1.196940,1.000000,138.571429,1.196940,1.000000,62.187061,92.783505,72.832597,0.000000,0.059286,0.012654,0.046632,20.373020,23.144837,16.422053,0.593844,0.407631,-1.388757,1.214779,0.008358,0.856374,6.000000,53.846154,0.142729,2.000000,54.151982,74.285714,47.915691,0.000000,0.008969,0.001000,0.007969,20.633181,17.813632,18.593594,0.193498,-0.039668,-1.875164,0.759630,0.007467,1.616111,16.000000,98.484848,0.101007,3.000000,56.832991,91.011236,89.757369,0.000000,0.051561,-0.024811,0.076373,20.280152,15.707680,18.002925,0.296906,0.012925,-1.879726,0.681599,0.016398,1.614481,20.000000,143.478261,0.080724,4.000000,33.151786,27.272727,17.654127,0.000000,-0.335792,-0.289421,-0.046371,37.350798,9.047355,34.495325,-0.685488,-1.403597,-3.432521,-0.082594,0.011686,1.138050,4.000000,47.668394,0.284513,3.000000,39.565545,39.896373,36.096718,1.000000,-0.343080,-0.323185,-0.019895,34.065821,16.699294,32.141262,-0.486110,-1.265150,-2.937003,0.223380,0.017488,2.331763,1.000000,166.379310,2.331763,4.000000,37.367016,40.414508,64.046215,0.000000,-0.228481,-0.312900,0.084419,32.973638,16.004607,40.001495,-0.774264,-1.495239,-3.049808,-0.074854,0.013365,1.421394,6.000000,113.725490,0.236899,7.000000,46.269093,54.310345,79.100354,0.000000,-0.176782,-0.331487,0.154705,32.214155,21.099521,20.901541,-0.095423,-0.790646,-2.303345,0.422614,0.012319,1.234418,9.000000,124.390244,0.137158,4.000000,1.002322,1.000000,73.873874,1.002322,3.000000,1.338640,8.000000,74.000000,0.167330,2.000000,1.842299,0.000000,41.899441,0.000000,4.000000,4.211765,26.000000,542.424242,0.161991,4.000000,0.782547,4.000000,72.527473,0.195637,3.000000,1.067449,16.000000,130.000000,0.066716,4.000000,0.827912,4.000000,88.607595,0.206978,3.000000,0.925709,0.000000,74.528302,0.000000,3.000000,1.257712,10.000000,60.571429,0.125771,3.000000,2.034174,15.000000,201.149425,0.135612,4.000000,1.021606,1.000000,65.413534,1.021606,3.000000,8.000000,2.000000,0.000000,-1.000000,,,,20.254952,14.316239,12.916876,-1.053483,-0.858614,-0.194870,44.296253,6.942176,46.868102,-3.651227,-5.309349,-0.377247,0.040155,,0.000000,,52.646301,36.250000,52.916667,0.098282,0.133084,-0.034802,29.511615,22.763862,22.701650,-0.018849,0.270900,0.435087,0.002903,0.994783,0.000000,0.000000,477.319588,47.668394,1.411521,1.762324
2026-03-09T04:30:00Z,0.897730,no_impulse,0,KOTAKBANK,15m,-1.000000,90.647482,1.599594,3.000000,0.533198,-1.993729,-3.121061,-5.528655,1.796330,0.000000,30.021598,0.000000,8.000000,16.970644,2.785515,14.991005,0.000000,-0.621423,-0.382194,-0.239229,33.908589,7.595788,51.340957,-3.510987,-4.262998,-6.418383,-0.427644,0.036565,5.645653,28.000000,477.319588,0.201630,8.000000,16.970644,2.785515,14.991005,1.000000,-0.621423,-0.382194,-0.239229,33.908589,7.595788,51.340957,-3.510987,-4.262998,-6.418383,-0.427644,0.036565,1.196940,1.000000,138.571429,1.196940,1.000000,62.187061,92.783505,72.832597,0.000000,0.059286,0.012654,0.046632,20.373020,23.144837,16.422053,0.593844,0.407631,-1.388757,1.214779,0.008358,0.856374,6.000000,53.846154,0.142729,2.000000,54.151982,74.285714,47.915691,0.000000,0.008969,0.001000,0.007969,20.633181,17.813632,18.593594,0.193498,-0.039668,-1.875164,0.759630,0.007467,1.616111,16.000000,98.484848,0.101007,3.000000,56.832991,91.011236,89.757369,0.000000,0.051561,-0.024811,0.076373,20.280152,15.707680,18.002925,0.296906,0.012925,-1.879726,0.681599,0.016398,1.614481,20.000000,143.478261,0.080724,4.000000,33.151786,27.272727,17.654127,0.000000,-0.335792,-0.289421,-0.046371,37.350798,9.047355,34.495325,-0.685488,-1.403597,-3.432521,-0.082594,0.011686,1.138050,4.000000,47.668394,0.284513,3.000000,39.565545,39.896373,36.096718,1.000000,-0.343080,-0.323185,-0.019895,34.065821,16.699294,32.141262,-0.486110,-1.265150,-2.937003,0.223380,0.017488,2.331763,1.000000,166.379310,2.331763,4.000000,37.367016,40.414508,64.046215,0.000000,-0.228481,-0.312900,0.084419,32.973638,16.004607,40.001495,-0.774264,-1.495239,-3.049808,-0.074854,0.013365,1.421394,6.000000,113.725490,0.236899,7.000000,1.234418,9.000000,124.390244,0.137158,4.000000,1.002322,1.000000,73.873874,1.002322,3.000000,1.338640,8.000000,74.000000,0.167330,2.000000,1.842299,0.000000,41.899441,0.000000,4.000000,4.211765,26.000000,542.424242,0.161991,4.000000,0.782547,4.000000,72.527473,0.195637,3.000000,1.067449,16.000000,130.000000,0.066716,4.000000,0.827912,4.000000,88.607595,0.206978,3.000000,0.925709,0.000000,74.528302,0.000000,3.000000,1.257712,10.000000,60.571429,0.125771,3.000000,2.034174,15.000000,201.149425,0.135612,4.000000,2.000000,1.000000,3.000000,-1.000000,,,,23.232918,18.803419,17.978046,-1.190923,-0.923231,-0.267692,46.432063,6.290598,42.469161,-3.051685,-4.829464,-0.104485,0.048989,,0.000000,,52.646301,36.250000,52.916667,0.098282,0.133084,-0.034802,29.511615,22.763862,22.701650,-0.018849,0.270900,0.435087,0.002903,0.848523,0.329670,3.000000,477.319588,30.021598,1.383356,2.113774
2026-03-09T05:15:00Z,0.909544,no_impulse,0,KOTAKBANK,15m,1.000000,80.952381,1.315959,3.000000,0.438653,-0.847730,-2.111830,-4.683521,1.599594,3.000000,90.647482,0.533198,2.000000,27.379850,20.743034,10.733996,1.000000,-1.004614,-0.652732,-0.351882,40.424457,13.105295,41.877160,-1.993729,-3.121061,-5.528655,0.157740,0.057113,1.796330,0.000000,30.021598,0.000000,8.000000,16.970644,2.785515,14.991005,0.000000,-0.621423,-0.382194,-0.239229,33.908589,7.595788,51.340957,-3.510987,-4.262998,-6.418383,-0.427644,0.036565,5.645653,28.000000,477.319588,0.201630,8.000000,16.970644,2.785515,14.991005,1.000000,-0.621423,-0.382194,-0.239229,33.908589,7.595788,51.340957,-3.510987,-4.262998,-6.418383,-0.427644,0.036565,1.196940,1.000000,138.571429,1.196940,1.000000,62.187061,92.783505,72.832597,0.000000,0.059286,0.012654,0.046632,20.373020,23.144837,16.422053,0.593844,0.407631,-1.388757,1.214779,0.008358,0.856374,6.000000,53.846154,0.142729,2.000000,54.151982,74.285714,47.915691,0.000000,0.008969,0.001000,0.007969,20.633181,17.813632,18.593594,0.193498,-0.039668,-1.875164,0.759630,0.007467,1.616111,16.000000,98.484848,0.101007,3.000000,56.832991,91.011236,89.757369,0.000000,0.051561,-0.024811,0.076373,20.280152,15.707680,18.002925,0.296906,0.012925,-1.879726,0.681599,0.016398,1.614481,20.000000,143.478261,0.080724,4.000000,33.151786,27.272727,17.654127,0.000000,-0.335792,-0.289421,-0.046371,37.350798,9.047355,34.495325,-0.685488,-1.403597,-3.432521,-0.082594,0.011686,1.138050,4.000000,47.668394,0.284513,3.000000,39.565545,39.896373,36.096718,1.000000,-0.343080,-0.323185,-0.019895,34.065821,16.699294,32.141262,-0.486110,-1.265150,-2.937003,0.223380,0.017488,2.331763,1.000000,166.379310,2.331763,4.000000,1.421394,6.000000,113.725490,0.236899,7.000000,1.234418,9.000000,124.390244,0.137158,4.000000,1.002322,1.000000,73.873874,1.002322,3.000000,1.338640,8.000000,74.000000,0.167330,2.000000,1.842299,0.000000,41.899441,0.000000,4.000000,4.211765,26.000000,542.424242,0.161991,4.000000,0.782547,4.000000,72.527473,0.195637,3.000000,1.067449,16.000000,130.000000,0.066716,4.000000,0.827912,4.000000,88.607595,0.206978,3.000000,0.925709,0.000000,74.528302,0.000000,3.000000,1.257712,10.000000,60.571429,0.125771,3.000000,3.000000,1.000000,6.000000,-1.000000,,,,21.734498,11.111111,14.743590,-1.330089,-1.008018,-0.322071,48.415314,6.031939,40.722903,-3.192203,-5.105824,-0.040402,0.057244,,0.000000,,52.646301,36.250000,52.916667,0.098282,0.133084,-0.034802,29.511615,22.763862,22.701650,-0.018849,0.270900,0.435087,0.002903,0.684800,0.352941,6.000000,477.319588,30.021598,1.369015,2.464031
2026-03-09T09:00:00Z,0.892055,no_impulse,0,KOTAKBANK,15m,-1.000000,148.039216,1.922832,15.000000,0.128189,-0.782510,-2.217426,-5.504248,1.315959,3.000000,80.952381,0.438653,3.000000,37.777433,36.532508,22.910217,0.000000,-1.008353,-0.838084,-0.170270,41.633787,17.754620,35.538691,-0.847730,-2.111830,-4.683521,0.363205,0.061450,1.599594,3.000000,90.647482,0.533198,2.000000,27.379850,20.743034,10.733996,1.000000,-1.004614,-0.652732,-0.351882,40.424457,13.105295,41.877160,-1.993729,-3.121061,-5.528655,0.157740,0.057113,1.796330,0.000000,30.021598,0.000000,8.000000,16.970644,2.785515,14.991005,0.000000,-0.621423,-0.382194,-0.239229,33.908589,7.595788,51.340957,-3.510987,-4.262998,-6.418383,-0.427644,0.036565,5.645653,28.000000,477.319588,0.201630,8.000000,16.970644,2.785515,14.991005,1.000000,-0.621423,-0.382194,-0.239229,33.908589,7.595788,51.340957,-3.510987,-4.262998,-6.418383,-0.427644,0.036565,1.196940,1.000000,138.571429,1.196940,1.000000,62.187061,92.783505,72.832597,0.000000,0.059286,0.012654,0.046632,20.373020,23.144837,16.422053,0.593844,0.407631,-1.388757,1.214779,0.008358,0.856374,6.000000,53.846154,0.142729,2.000000,54.151982,74.285714,47.915691,0.000000,0.008969,0.001000,0.007969,20.633181,17.813632,18.593594,0.193498,-0.039668,-1.875164,0.759630,0.007467,1.616111,16.000000,98.484848,0.101007,3.000000,56.832991,91.011236,89.757369,0.000000,0.051561,-0.024811,0.076373,20.280152,15.707680,18.002925,0.296906,0.012925,-1.879726,0.681599,0.016398,1.614481,20.000000,143.478261,0.080724,4.000000,33.151786,27.272727,17.654127,0.000000,-0.335792,-0.289421,-0.046371,37.350798,9.047355,34.495325,-0.685488,-1.403597,-3.432521,-0.082594,0.011686,1.138050,4.000000,47.668394,0.284513,3.000000,2.331763,1.000000,166.379310,2.331763,4.000000,1.421394,6.000000,113.725490,0.236899,7.000000,1.234418,9.000000,124.390244,0.137158,4.000000,1.002322,1.000000,73.873874,1.002322,3.000000,1.338640,8.000000,74.000000,0.167330,2.000000,1.842299,0.000000,41.899441,0.000000,4.000000,4.211765,26.000000,542.424242,0.161991,4.000000,0.782547,4.000000,72.527473,0.195637,3.000000,1.067449,16.000000,130.000000,0.066716,4.000000,0.827912,4.000000,88.607595,0.206978,3.000000,0.925709,0.000000,74.528302,0.000000,3.000000,4.000000,2.000000,21.000000,-1.000000,,,,20.934267,7.017544,4.119808,-1.626498,-1.282131,-0.344367,54.148251,5.260205,43.184236,-2.881285,-5.149459,0.147275,0.079399,,0.000000,,52.646301,36.250000,52.916667,0.098282,0.133084,-0.034802,29.511615,22.763862,22.701650,-0.018849,0.270900,0.435087,0.002903,1.006125,1.829268,21.000000,477.319588,30.021598,1.373694,0.612015
2026-03-10T03:45:00Z,0.911976,no_impulse,0,KOTAKBANK,15m,1.000000,113.907285,2.233186,4.000000,0.558297,-0.126095,-1.467879,-4.843691,1.922832,15.000000,148.039216,0.128189,4.000000,32.487173,23.333333,9.444444,0.000000,-0.766042,-0.821024,0.054982,44.127991,9.159862,32.402010,-0.782510,-2.217426,-5.504248,0.042511,0.016972,1.315959,3.000000,80.952381,0.438653,3.000000,37.777433,36.532508,22.910217,0.000000,-1.008353,-0.838084,-0.170270,41.633787,17.754620,35.538691,-0.847730,-2.111830,-4.683521,0.363205,0.061450,1.599594,3.000000,90.647482,0.533198,2.000000,27.379850,20.743034,10.733996,1.000000,-1.004614,-0.652732,-0.351882,40.424457,13.105295,41.877160,-1.993729,-3.121061,-5.528655,0.157740,0.057113,1.796330,0.000000,30.021598,0.000000,8.000000,16.970644,2.785515,14.991005,0.000000,-0.621423,-0.382194,-0.239229,33.908589,7.595788,51.340957,-3.510987,-4.262998,-6.418383,-0.427644,0.036565,5.645653,28.000000,477.319588,0.201630,8.000000,16.970644,2.785515,14.991005,1.000000,-0.621423,-0.382194,-0.239229,33.908589,7.595788,51.340957,-3.510987,-4.262998,-6.418383,-0.427644,0.036565,1.196940,1.000000,138.571429,1.196940,1.000000,62.187061,92.783505,72.832597,0.000000,0.059286,0.012654,0.046632,20.373020,23.144837,16.422053,0.593844,0.407631,-1.388757,1.214779,0.008358,0.856374,6.000000,53.846154,0.142729,2.000000,54.151982,74.285714,47.915691,0.000000,0.008969,0.001000,0.007969,20.633181,17.813632,18.593594,0.193498,-0.039668,-1.875164,0.759630,0.007467,1.616111,16.000000,98.484848,0.101007,3.000000,56.832991,91.011236,89.757369,0.000000,0.051561,-0.024811,0.076373,20.280152,15.707680,18.002925,0.296906,0.012925,-1.879726,0.681599,0.016398,1.614481,20.000000,143.478261,0.080724,4.000000,1.138050,4.000000,47.668394,0.284513,3.000000,2.331763,1.000000,166.379310,2.331763,4.000000,1.421394,6.000000,113.725490,0.236899,7.000000,1.234418,9.000000,124.390244,0.137158,4.000000,1.002322,1.000000,73.873874,1.002322,3.000000,1.338640,8.000000,74.000000,0.167330,2.000000,1.842299,0.000000,41.899441,0.000000,4.000000,4.211765,26.000000,542.424242,0.161991,4.000000,0.782547,4.000000,72.527473,0.195637,3.000000,1.067449,16.000000,130.000000,0.066716,4.000000,0.827912,4.000000,88.607595,0.206978,3.000000,7.000000,3.000000,25.000000,-1.000000,,,,35.581462,29.508197,13.641296,-1.551186,-1.384524,-0.166661,54.209186,17.959140,35.324165,-1.229516,-3.536435,0.353618,0.082974,,0.000000,,52.646301,36.250000,52.916667,0.098282,0.133084,-0.034802,29.511615,22.763862,22.701650,-0.018849,0.270900,0.435087,0.002903,1.194069,0.416667,25.000000,477.319588,30.021598,1.365845,0.560068
2026-03-10T04:00:00Z,0.897614,no_impulse,0,KOTAKBANK,15m,-1.000000,72.093023,1.574803,1.000000,1.574803,0.454132,-0.798826,-4.144417,2.233186,4.000000,113.907285,0.558297,7.000000,42.948951,35.465116,28.821705,0.000000,-0.611714,-0.732031,0.120317,42.881446,29.485872,20.638538,-0.126095,-1.467879,-4.843691,0.432089,0.018544,1.922832,15.000000,148.039216,0.128189,4.000000,32.487173,23.333333,9.444444,0.000000,-0.766042,-0.821024,0.054982,44.127991,9.159862,32.402010,-0.782510,-2.217426,-5.504248,0.042511,0.016972,1.315959,3.000000,80.952381,0.438653,3.000000,37.777433,36.532508,22.910217,0.000000,-1.008353,-0.838084,-0.170270,41.633787,17.754620,35.538691,-0.847730,-2.111830,-4.683521,0.363205,0.061450,1.599594,3.000000,90.647482,0.533198,2.000000,27.379850,20.743034,10.733996,1.000000,-1.004614,-0.652732,-0.351882,40.424457,13.105295,41.877160,-1.993729,-3.121061,-5.528655,0.157740,0.057113,1.796330,0.000000,30.021598,0.000000,8.000000,16.970644,2.785515,14.991005,0.000000,-0.621423,-0.382194,-0.239229,33.908589,7.595788,51.340957,-3.510987,-4.262998,-6.418383,-0.427644,0.036565,5.645653,28.000000,477.319588,0.201630,8.000000,16.970644,2.785515,14.991005,1.000000,-0.621423,-0.382194,-0.239229,33.908589,7.595788,51.340957,-3.510987,-4.262998,-6.418383,-0.427644,0.036565,1.196940,1.000000,138.571429,1.196940,1.000000,62.187061,92.783505,72.832597,0.000000,0.059286,0.012654,0.046632,20.373020,23.144837,16.422053,0.593844,0.407631,-1.388757,1.214779,0.008358,0.856374,6.000000,53.846154,0.142729,2.000000,54.151982,74.285714,47.915691,0.000000,0.008969,0.001000,0.007969,20.633181,17.813632,18.593594,0.193498,-0.039668,-1.875164,0.759630,0.007467,1.616111,16.000000,98.484848,0.101007,3.000000,1.614481,20.000000,143.478261,0.080724,4.000000,1.138050,4.000000,47.668394,0.284513,3.000000,2.331763,1.000000,166.379310,2.331763,4.000000,1.421394,6.000000,113.725490,0.236899,7.000000,1.234418,9.000000,124.390244,0.137158,4.000000,1.002322,1.000000,73.873874,1.002322,3.000000,1.338640,8.000000,74.000000,0.167330,2.000000,1.842299,0.000000,41.899441,0.000000,4.000000,4.211765,26.000000,542.424242,0.161991,4.000000,0.782547,4.000000,72.527473,0.195637,3.000000,1.067449,16.000000,130.000000,0.066716,4.000000,2.000000,1.000000,1.000000,-1.000000,,,,35.581462,29.508197,13.641296,-1.551186,-1.384524,-0.166661,54.209186,17.959140,35.324165,-1.229516,-3.536435,0.353618,0.082974,,0.000000,,52.646301,36.250000,52.916667,0.098282,0.133084,-0.034802,29.511615,22.763862,22.701650,-0.018849,0.270900,0.435087,0.002903,0.795457,0.104167,26.000000,477.319588,30.021598,1.344351,0.605202
2026-03-10T08:30:00Z,0.913250,no_impulse,0,KOTAKBANK,15m,1.000000,108.870968,1.741935,18.000000,0.096774,0.613993,0.272586,-2.684833,1.574803,1.000000,72.093023,1.574803,2.000000,52.154177,63.953488,39.472868,0.000000,-0.497153,-0.681382,0.184229,41.019987,26.512633,18.877544,0.454132,-0.798826,-4.144417,0.776048,0.016526,2.233186,4.000000,113.907285,0.558297,7.000000,42.948951,35.465116,28.821705,0.000000,-0.611714,-0.732031,0.120317,42.881446,29.485872,20.638538,-0.126095,-1.467879,-4.843691,0.432089,0.018544,1.922832,15.000000,148.039216,0.128189,4.000000,32.487173,23.333333,9.444444,0.000000,-0.766042,-0.821024,0.054982,44.127991,9.159862,32.402010,-0.782510,-2.217426,-5.504248,0.042511,0.016972,1.315959,3.000000,80.952381,0.438653,3.000000,37.777433,36.532508,22.910217,0.000000,-1.008353,-0.838084,-0.170270,41.633787,17.754620,35.538691,-0.847730,-2.111830,-4.683521,0.363205,0.061450,1.599594,3.000000,90.647482,0.533198,2.000000,27.379850,20.743034,10.733996,1.000000,-1.004614,-0.652732,-0.351882,40.424457,13.105295,41.877160,-1.993729,-3.121061,-5.528655,0.157740,0.057113,1.796330,0.000000,30.021598,0.000000,8.000000,16.970644,2.785515,14.991005,0.000000,-0.621423,-0.382194,-0.239229,33.908589,7.595788,51.340957,-3.510987,-4.262998,-6.418383,-0.427644,0.036565,5.645653,28.000000,477.319588,0.201630,8.000000,16.970644,2.785515,14.991005,1.000000,-0.621423,-0.382194,-0.239229,33.908589,7.595788,51.340957,-3.510987,-4.262998,-6.418383,-0.427644,0.036565,1.196940,1.000000,138.571429,1.196940,1.000000,62.187061,92.783505,72.832597,0.000000,0.059286,0.012654,0.046632,20.373020,23.144837,16.422053,0.593844,0.407631,-1.388757,1.214779,0.008358,0.856374,6.000000,53.846154,0.142729,2.000000,1.616111,16.000000,98.484848,0.101007,3.000000,1.614481,20.000000,143.478261,0.080724,4.000000,1.138050,4.000000,47.668394,0.284513,3.000000,2.331763,1.000000,166.379310,2.331763,4.000000,1.421394,6.000000,113.725490,0.236899,7.000000,1.234418,9.000000,124.390244,0.137158,4.000000,1.002322,1.000000,73.873874,1.002322,3.000000,1.338640,8.000000,74.000000,0.167330,2.000000,1.842299,0.000000,41.899441,0.000000,4.000000,4.211765,26.000000,542.424242,0.161991,4.000000,0.782547,4.000000,72.527473,0.195637,3.000000,1.000000,2.000000,19.000000,-1.000000,,,,39.107546,42.201835,43.254257,-1.071015,-1.275266,0.204252,45.772595,16.117509,25.405126,-0.657822,-2.766213,0.402643,0.067126,,0.000000,,52.646301,36.250000,52.916667,0.098282,0.133084,-0.034802,29.511615,22.763862,22.701650,-0.018849,0.270900,0.435087,0.002903,0.881645,2.337662,44.000000,477.319588,30.021598,1.345607,1.216249
2026-03-11T09:45:00Z,0.880125,no_impulse,0,KOTAKBANK,15m,-1.000000,211.851852,3.627140,30.000000,0.120905,-1.275624,-1.934965,-4.975056,1.741935,18.000000,108.870968,0.096774,1.000000,60.162986,88.421053,73.777482,0.000000,0.133853,0.047970,0.085883,28.475029,28.716365,13.443788,0.613993,0.272586,-2.684833,1.042802,0.011381,1.574803,1.000000,72.093023,1.574803,2.000000,52.154177,63.953488,39.472868,0.000000,-0.497153,-0.681382,0.184229,41.019987,26.512633,18.877544,0.454132,-0.798826,-4.144417,0.776048,0.016526,2.233186,4.000000,113.907285,0.558297,7.000000,42.948951,35.465116,28.821705,0.000000,-0.611714,-0.732031,0.120317,42.881446,29.485872,20.638538,-0.126095,-1.467879,-4.843691,0.432089,0.018544,1.922832,15.000000,148.039216,0.128189,4.000000,32.487173,23.333333,9.444444,0.000000,-0.766042,-0.821024,0.054982,44.127991,9.159862,32.402010,-0.782510,-2.217426,-5.504248,0.042511,0.016972,1.315959,3.000000,80.952381,0.438653,3.000000,37.777433,36.532508,22.910217,0.000000,-1.008353,-0.838084,-0.170270,41.633787,17.754620,35.538691,-0.847730,-2.111830,-4.683521,0.363205,0.061450,1.599594,3.000000,90.647482,0.533198,2.000000,27.379850,20.743034,10.733996,1.000000,-1.004614,-0.652732,-0.351882,40.424457,13.105295,41.877160,-1.993729,-3.121061,-5.528655,0.157740,0.057113,1.796330,0.000000,30.021598,0.000000,8.000000,16.970644,2.785515,14.991005,0.000000,-0.621423,-0.382194,-0.239229,33.908589,7.595788,51.340957,-3.510987,-4.262998,-6.418383,-0.427644,0.036565,5.645653,28.000000,477.319588,0.201630,8.000000,16.970644,2.785515,14.991005,1.000000,-0.621423,-0.382194,-0.239229,33.908589,7.595788,51.340957,-3.510987,-4.262998,-6.418383,-0.427644,0.036565,1.196940,1.000000,138.571429,1.196940,1.000000,0.856374,6.000000,53.846154,0.142729,2.000000,1.616111,16.000000,98.484848,0.101007,3.000000,1.614481,20.000000,143.478261,0.080724,4.000000,1.138050,4.000000,47.668394,0.284513,3.000000,2.331763,1.000000,166.379310,2.331763,4.000000,1.421394,6.000000,113.725490,0.236899,7.000000,1.234418,9.000000,124.390244,0.137158,4.000000,1.002322,1.000000,73.873874,1.002322,3.000000,1.338640,8.000000,74.000000,0.167330,2.000000,1.842299,0.000000,41.899441,0.000000,4.000000,4.211765,26.000000,542.424242,0.161991,4.000000,8.000000,1.000000,49.000000,-1.000000,,,,25.772391,5.944056,12.407800,-1.177310,-1.147798,-0.029512,45.826549,9.672626,35.426093,-2.303933,-4.566040,-0.179573,0.033139,,0.000000,,52.646301,36.250000,52.916667,0.098282,0.133084,-0.034802,29.511615,22.763862,22.701650,-0.018849,0.270900,0.435087,0.002903,1.824186,3.797468,74.000000,477.319588,30.021598,1.342454,1.147061
2026-03-11T09:45:00Z,0.894487,no_impulse,0,KOTAKBANK,15m,1.000000,43.356643,1.631794,0.000000,0.000000,-1.275624,-1.934965,-4.975056,3.627140,30.000000,211.851852,0.120905,8.000000,30.824668,12.686567,29.365468,1.000000,-0.374615,-0.332686,-0.041929,32.708957,9.627695,35.785694,-1.275624,-1.934965,-4.975056,-0.290148,0.015941,1.741935,18.000000,108.870968,0.096774,1.000000,60.162986,88.421053,73.777482,0.000000,0.133853,0.047970,0.085883,28.475029,28.716365,13.443788,0.613993,0.272586,-2.684833,1.042802,0.011381,1.574803,1.000000,72.093023,1.574803,2.000000,52.154177,63.953488,39.472868,0.000000,-0.497153,-0.681382,0.184229,41.019987,26.512633,18.877544,0.454132,-0.798826,-4.144417,0.776048,0.016526,2.233186,4.000000,113.907285,0.558297,7.000000,42.948951,35.465116,28.821705,0.000000,-0.611714,-0.732031,0.120317,42.881446,29.485872,20.638538,-0.126095,-1.467879,-4.843691,0.432089,0.018544,1.922832,15.000000,148.039216,0.128189,4.000000,32.487173,23.333333,9.444444,0.000000,-0.766042,-0.821024,0.054982,44.127991,9.159862,32.402010,-0.782510,-2.217426,-5.504248,0.042511,0.016972,1.315959,3.000000,80.952381,0.438653,3.000000,37.777433,36.532508,22.910217,0.000000,-1.008353,-0.838084,-0.170270,41.633787,17.754620,35.538691,-0.847730,-2.111830,-4.683521,0.363205,0.061450,1.599594,3.000000,90.647482,0.533198,2.000000,27.379850,20.743034,10.733996,1.000000,-1.004614,-0.652732,-0.351882,40.424457,13.105295,41.877160,-1.993729,-3.121061,-5.528655,0.157740,0.057113,1.796330,0.000000,30.021598,0.000000,8.000000,16.970644,2.785515,14.991005,0.000000,-0.621423,-0.382194,-0.239229,33.908589,7.595788,51.340957,-3.510987,-4.262998,-6.418383,-0.427644,0.036565,5.645653,28.000000,477.319588,0.201630,8.000000,1.196940,1.000000,138.571429,1.196940,1.000000,0.856374,6.000000,53.846154,0.142729,2.000000,1.616111,16.000000,98.484848,0.101007,3.000000,1.614481,20.000000,143.478261,0.080724,4.000000,1.138050,4.000000,47.668394,0.284513,3.000000,2.331763,1.000000,166.379310,2.331763,4.000000,1.421394,6.000000,113.725490,0.236899,7.000000,1.234418,9.000000,124.390244,0.137158,4.000000,1.002322,1.000000,73.873874,1.002322,3.000000,1.338640,8.000000,74.000000,0.167330,2.000000,1.842299,0.000000,41.899441,0.000000,4.000000,8.000000,2.000000,0.000000,-1.000000,,,,25.772391,5.944056,12.407800,-1.177310,-1.147798,-0.029512,45.826549,9.672626,35.426093,-2.303933,-4.566040,-0.179573,0.033139,,0.000000,,52.646301,36.250000,52.916667,0.098282,0.133084,-0.034802,29.511615,22.763862,22.701650,-0.018849,0.270900,0.435087,0.002903,0.720300,0.000000,74.000000,477.319588,30.021598,1.368541,1.268989
2026-03-12T07:30:00Z,0.869006,no_impulse,0,KOTAKBANK,15m,-1.000000,177.419355,2.848634,16.000000,0.178040,-0.771113,-1.846077,-5.369638,1.631794,0.000000,43.356643,0.000000,8.000000,30.824668,12.686567,29.365468,0.000000,-0.374615,-0.332686,-0.041929,32.708957,9.627695,35.785694,-1.275624,-1.934965,-4.975056,-0.290148,0.015941,3.627140,30.000000,211.851852,0.120905,8.000000,30.824668,12.686567,29.365468,1.000000,-0.374615,-0.332686,-0.041929,32.708957,9.627695,35.785694,-1.275624,-1.934965,-4.975056,-0.290148,0.015941,1.741935,18.000000,108.870968,0.096774,1.000000,60.162986,88.421053,73.777482,0.000000,0.133853,0.047970,0.085883,28.475029,28.716365,13.443788,0.613993,0.272586,-2.684833,1.042802,0.011381,1.574803,1.000000,72.093023,1.574803,2.000000,52.154177,63.953488,39.472868,0.000000,-0.497153,-0.681382,0.184229,41.019987,26.512633,18.877544,0.454132,-0.798826,-4.144417,0.776048,0.016526,2.233186,4.000000,113.907285,0.558297,7.000000,42.948951,35.465116,28.821705,0.000000,-0.611714,-0.732031,0.120317,42.881446,29.485872,20.638538,-0.126095,-1.467879,-4.843691,0.432089,0.018544,1.922832,15.000000,148.039216,0.128189,4.000000,32.487173,23.333333,9.444444,0.000000,-0.766042,-0.821024,0.054982,44.127991,9.159862,32.402010,-0.782510,-2.217426,-5.504248,0.042511,0.016972,1.315959,3.000000,80.952381,0.438653,3.000000,37.777433,36.532508,22.910217,0.000000,-1.008353,-0.838084,-0.170270,41.633787,17.754620,35.538691,-0.847730,-2.111830,-4.683521,0.363205,0.061450,1.599594,3.000000,90.647482,0.533198,2.000000,27.379850,20.743034,10.733996,1.000000,-1.004614,-0.652732,-0.351882,40.424457,13.105295,41.877160,-1.993729,-3.121061,-5.528655,0.157740,0.057113,1.796330,0.000000,30.021598,0.000000,8.000000,5.645653,28.000000,477.319588,0.201630,8.000000,1.196940,1.000000,138.571429,1.196940,1.000000,0.856374,6.000000,53.846154,0.142729,2.000000,1.616111,16.000000,98.484848,0.101007,3.000000,1.614481,20.000000,143.478261,0.080724,4.000000,1.138050,4.000000,47.668394,0.284513,3.000000,2.331763,1.000000,166.379310,2.331763,4.000000,1.421394,6.000000,113.725490,0.236899,7.000000,1.234418,9.000000,124.390244,0.137158,4.000000,1.002322,1.000000,73.873874,1.002322,3.000000,1.338640,8.000000,74.000000,0.167330,2.000000,4.000000,3.000000,16.000000,-1.000000,,,,28.782434,13.333333,10.814427,-1.425515,-1.312568,-0.112947,50.697794,9.936613,36.779719,-1.915212,-4.454534,0.176605,0.058109,,0.000000,,52.646301,36.250000,52.916667,0.098282,0.133084,-0.034802,29.511615,22.763862,22.701650,-0.018849,0.270900,0.435087,0.002903,1.233750,1.568627,90.000000,477.319588,30.021598,1.337371,1.221617
2026-03-12T08:00:00Z,0.878156,no_impulse,0,KOTAKBANK,15m,1.000000,35.909091,1.052912,2.000000,0.526456,-0.172338,-1.197128,-4.714669,2.848634,16.000000,177.419355,0.178040,4.000000,30.395491,23.000000,21.930403,1.000000,-0.607093,-0.608847,0.001753,47.100893,8.090498,33.017698,-0.771113,-1.846077,-5.369638,0.233152,0.028676,1.631794,0.000000,43.356643,0.000000,8.000000,30.824668,12.686567,29.365468,0.000000,-0.374615,-0.332686,-0.041929,32.708957,9.627695,35.785694,-1.275624,-1.934965,-4.975056,-0.290148,0.015941,3.627140,30.000000,211.851852,0.120905,8.000000,30.824668,12.686567,29.365468,1.000000,-0.374615,-0.332686,-0.041929,32.708957,9.627695,35.785694,-1.275624,-1.934965,-4.975056,-0.290148,0.015941,1.741935,18.000000,108.870968,0.096774,1.000000,60.162986,88.421053,73.777482,0.000000,0.133853,0.047970,0.085883,28.475029,28.716365,13.443788,0.613993,0.272586,-2.684833,1.042802,0.011381,1.574803,1.000000,72.093023,1.574803,2.000000,52.154177,63.953488,39.472868,0.000000,-0.497153,-0.681382,0.184229,41.019987,26.512633,18.877544,0.454132,-0.798826,-4.144417,0.776048,0.016526,2.233186,4.000000,113.907285,0.558297,7.000000,42.948951,35.465116,28.821705,0.000000,-0.611714,-0.732031,0.120317,42.881446,29.485872,20.638538,-0.126095,-1.467879,-4.843691,0.432089,0.018544,1.922832,15.000000,148.039216,0.128189,4.000000,32.487173,23.333333,9.444444,0.000000,-0.766042,-0.821024,0.054982,44.127991,9.159862,32.402010,-0.782510,-2.217426,-5.504248,0.042511,0.016972,1.315959,3.000000,80.952381,0.438653,3.000000,37.777433,36.532508,22.910217,0.000000,-1.008353,-0.838084,-0.170270,41.633787,17.754620,35.538691,-0.847730,-2.111830,-4.683521,0.363205,0.061450,1.599594,3.000000,90.647482,0.533198,2.000000,1.796330,0.000000,30.021598,0.000000,8.000000,5.645653,28.000000,477.319588,0.201630,8.000000,1.196940,1.000000,138.571429,1.196940,1.000000,0.856374,6.000000,53.846154,0.142729,2.000000,1.616111,16.000000,98.484848,0.101007,3.000000,1.614481,20.000000,143.478261,0.080724,4.000000,1.138050,4.000000,47.668394,0.284513,3.000000,2.331763,1.000000,166.379310,2.331763,4.000000,1.421394,6.000000,113.725490,0.236899,7.000000,1.234418,9.000000,124.390244,0.137158,4.000000,1.002322,1.000000,73.873874,1.002322,3.000000,3.000000,4.000000,18.000000,-1.000000,,,,28.782434,13.333333,10.814427,-1.425515,-1.312568,-0.112947,50.697794,9.936613,36.779719,-1.915212,-4.454534,0.176605,0.058109,,0.000000,,52.646301,36.250000,52.916667,0.098282,0.133084,-0.034802,29.511615,22.763862,22.701650,-0.018849,0.270900,0.435087,0.002903,0.518875,0.222222,92.000000,211.851852,30.021598,0.704922,1.460843
2026-03-13T07:00:00Z,0.843757,no_impulse,0,KOTAKBANK,15m,-1.000000,375.949367,3.917172,21.000000,0.186532,-1.037646,-2.468986,-6.700946,1.052912,2.000000,35.909091,0.526456,3.000000,42.176284,63.000000,43.000000,0.000000,-0.517679,-0.582501,0.064822,44.729140,17.495627,27.985479,-0.172338,-1.197128,-4.714669,0.419500,0.021372,2.848634,16.000000,177.419355,0.178040,4.000000,30.395491,23.000000,21.930403,1.000000,-0.607093,-0.608847,0.001753,47.100893,8.090498,33.017698,-0.771113,-1.846077,-5.369638,0.233152,0.028676,1.631794,0.000000,43.356643,0.000000,8.000000,30.824668,12.686567,29.365468,0.000000,-0.374615,-0.332686,-0.041929,32.708957,9.627695,35.785694,-1.275624,-1.934965,-4.975056,-0.290148,0.015941,3.627140,30.000000,211.851852,0.120905,8.000000,30.824668,12.686567,29.365468,1.000000,-0.374615,-0.332686,-0.041929,32.708957,9.627695,35.785694,-1.275624,-1.934965,-4.975056,-0.290148,0.015941,1.741935,18.000000,108.870968,0.096774,1.000000,60.162986,88.421053,73.777482,0.000000,0.133853,0.047970,0.085883,28.475029,28.716365,13.443788,0.613993,0.272586,-2.684833,1.042802,0.011381,1.574803,1.000000,72.093023,1.574803,2.000000,52.154177,63.953488,39.472868,0.000000,-0.497153,-0.681382,0.184229,41.019987,26.512633,18.877544,0.454132,-0.798826,-4.144417,0.776048,0.016526,2.233186,4.000000,113.907285,0.558297,7.000000,42.948951,35.465116,28.821705,0.000000,-0.611714,-0.732031,0.120317,42.881446,29.485872,20.638538,-0.126095,-1.467879,-4.843691,0.432089,0.018544,1.922832,15.000000,148.039216,0.128189,4.000000,32.487173,23.333333,9.444444,0.000000,-0.766042,-0.821024,0.054982,44.127991,9.159862,32.402010,-0.782510,-2.217426,-5.504248,0.042511,0.016972,1.315959,3.000000,80.952381,0.438653,3.000000,1.599594,3.000000,90.647482,0.533198,2.000000,1.796330,0.000000,30.021598,0.000000,8.000000,5.645653,28.000000,477.319588,0.201630,8.000000,1.196940,1.000000,138.571429,1.196940,1.000000,0.856374,6.000000,53.846154,0.142729,2.000000,1.616111,16.000000,98.484848,0.101007,3.000000,1.614481,20.000000,143.478261,0.080724,4.000000,1.138050,4.000000,47.668394,0.284513,3.000000,2.331763,1.000000,166.379310,2.331763,4.000000,1.421394,6.000000,113.725490,0.236899,7.000000,1.234418,9.000000,124.390244,0.137158,4.000000,4.000000,5.000000,39.000000,-1.000000,,,,18.303402,9.909910,4.246357,-1.850934,-1.617306,-0.233628,57.238535,6.384265,45.616427,-3.178800,-6.233222,0.117703,0.080588,,0.000000,,52.646301,36.250000,52.916667,0.098282,0.133084,-0.034802,29.511615,22.763862,22.701650,-0.018849,0.270900,0.435087,0.002903,2.003793,2.282609,113.000000,211.851852,35.909091,0.768542,0.796866
2026-03-13T07:30:00Z,0.853370,no_impulse,0,KOTAKBANK,15m,1.000000,27.946128,1.139327,2.000000,0.569664,-0.984369,-2.401922,-6.687528,3.917172,21.000000,375.949367,0.186532,4.000000,26.956895,27.807487,10.868948,0.000000,-0.829727,-0.783845,-0.045882,59.381645,6.113546,37.783464,-1.037646,-2.468986,-6.700946,0.248088,0.040768,1.052912,2.000000,35.909091,0.526456,3.000000,42.176284,63.000000,43.000000,0.000000,-0.517679,-0.582501,0.064822,44.729140,17.495627,27.985479,-0.172338,-1.197128,-4.714669,0.419500,0.021372,2.848634,16.000000,177.419355,0.178040,4.000000,30.395491,23.000000,21.930403,1.000000,-0.607093,-0.608847,0.001753,47.100893,8.090498,33.017698,-0.771113,-1.846077,-5.369638,0.233152,0.028676,1.631794,0.000000,43.356643,0.000000,8.000000,30.824668,12.686567,29.365468,0.000000,-0.374615,-0.332686,-0.041929,32.708957,9.627695,35.785694,-1.275624,-1.934965,-4.975056,-0.290148,0.015941,3.627140,30.000000,211.851852,0.120905,8.000000,30.824668,12.686567,29.365468,1.000000,-0.374615,-0.332686,-0.041929,32.708957,9.627695,35.785694,-1.275624,-1.934965,-4.975056,-0.290148,0.015941,1.741935,18.000000,108.870968,0.096774,1.000000,60.162986,88.421053,73.777482,0.000000,0.133853,0.047970,0.085883,28.475029,28.716365,13.443788,0.613993,0.272586,-2.684833,1.042802,0.011381,1.574803,1.000000,72.093023,1.574803,2.000000,52.154177,63.953488,39.472868,0.000000,-0.497153,-0.681382,0.184229,41.019987,26.512633,18.877544,0.454132,-0.798826,-4.144417,0.776048,0.016526,2.233186,4.000000,113.907285,0.558297,7.000000,42.948951,35.465116,28.821705,0.000000,-0.611714,-0.732031,0.120317,42.881446,29.485872,20.638538,-0.126095,-1.467879,-4.843691,0.432089,0.018544,1.922832,15.000000,148.039216,0.128189,4.000000,1.315959,3.000000,80.952381,0.438653,3.000000,1.599594,3.000000,90.647482,0.533198,2.000000,1.796330,0.000000,30.021598,0.000000,8.000000,5.645653,28.000000,477.319588,0.201630,8.000000,1.196940,1.000000,138.571429,1.196940,1.000000,0.856374,6.000000,53.846154,0.142729,2.000000,1.616111,16.000000,98.484848,0.101007,3.000000,1.614481,20.000000,143.478261,0.080724,4.000000,1.138050,4.000000,47.668394,0.284513,3.000000,2.331763,1.000000,166.379310,2.331763,4.000000,1.421394,6.000000,113.725490,0.236899,7.000000,3.000000,6.000000,41.000000,-1.000000,,,,18.147104,12.527473,7.995923,-1.882923,-1.671136,-0.211787,58.603458,5.940750,44.292748,-2.927034,-6.044519,0.146770,0.080508,,0.000000,,52.646301,36.250000,52.916667,0.098282,0.133084,-0.034802,29.511615,22.763862,22.701650,-0.018849,0.270900,0.435087,0.002903,0.521041,0.181818,115.000000,375.949367,35.909091,0.972006,1.116821
2026-03-13T08:15:00Z,0.841788,no_impulse,0,KOTAKBANK,15m,-1.000000,120.481928,1.357220,3.000000,0.452407,-1.397567,-2.879526,-7.311372,1.139327,2.000000,27.946128,0.569664,3.000000,30.613497,28.387097,34.623001,1.000000,-0.772230,-0.781402,0.009173,60.538462,6.300704,32.332702,-0.984369,-2.401922,-6.687528,0.225270,0.035481,3.917172,21.000000,375.949367,0.186532,4.000000,26.956895,27.807487,10.868948,0.000000,-0.829727,-0.783845,-0.045882,59.381645,6.113546,37.783464,-1.037646,-2.468986,-6.700946,0.248088,0.040768,1.052912,2.000000,35.909091,0.526456,3.000000,42.176284,63.000000,43.000000,0.000000,-0.517679,-0.582501,0.064822,44.729140,17.495627,27.985479,-0.172338,-1.197128,-4.714669,0.419500,0.021372,2.848634,16.000000,177.419355,0.178040,4.000000,30.395491,23.000000,21.930403,1.000000,-0.607093,-0.608847,0.001753,47.100893,8.090498,33.017698,-0.771113,-1.846077,-5.369638,0.233152,0.028676,1.631794,0.000000,43.356643,0.000000,8.000000,30.824668,12.686567,29.365468,0.000000,-0.374615,-0.332686,-0.041929,32.708957,9.627695,35.785694,-1.275624,-1.934965,-4.975056,-0.290148,0.015941,3.627140,30.000000,211.851852,0.120905,8.000000,30.824668,12.686567,29.365468,1.000000,-0.374615,-0.332686,-0.041929,32.708957,9.627695,35.785694,-1.275624,-1.934965,-4.975056,-0.290148,0.015941,1.741935,18.000000,108.870968,0.096774,1.000000,60.162986,88.421053,73.777482,0.000000,0.133853,0.047970,0.085883,28.475029,28.716365,13.443788,0.613993,0.272586,-2.684833,1.042802,0.011381,1.574803,1.000000,72.093023,1.574803,2.000000,52.154177,63.953488,39.472868,0.000000,-0.497153,-0.681382,0.184229,41.019987,26.512633,18.877544,0.454132,-0.798826,-4.144417,0.776048,0.016526,2.233186,4.000000,113.907285,0.558297,7.000000,1.922832,15.000000,148.039216,0.128189,4.000000,1.315959,3.000000,80.952381,0.438653,3.000000,1.599594,3.000000,90.647482,0.533198,2.000000,1.796330,0.000000,30.021598,0.000000,8.000000,5.645653,28.000000,477.319588,0.201630,8.000000,1.196940,1.000000,138.571429,1.196940,1.000000,0.856374,6.000000,53.846154,0.142729,2.000000,1.616111,16.000000,98.484848,0.101007,3.000000,1.614481,20.000000,143.478261,0.080724,4.000000,1.138050,4.000000,47.668394,0.284513,3.000000,2.331763,1.000000,166.379310,2.331763,4.000000,4.000000,7.000000,44.000000,-1.000000,,,,20.344665,15.164835,12.534073,-1.869604,-1.708643,-0.160961,58.700936,10.391792,41.525833,-2.495960,-5.640840,0.189224,0.078358,,0.000000,,52.646301,36.250000,52.916667,0.098282,0.133084,-0.034802,29.511615,22.763862,22.701650,-0.018849,0.270900,0.435087,0.002903,0.625743,0.275229,118.000000,375.949367,27.946128,0.991005,0.753544
2026-03-16T03:45:00Z,0.859277,no_impulse,0,KOTAKBANK,15m,1.000000,151.000000,2.077600,7.000000,0.296800,-0.248844,-1.466416,-5.893023,1.357220,3.000000,120.481928,0.452407,4.000000,24.590521,2.857143,12.749648,0.000000,-0.813490,-0.790493,-0.022997,63.142392,5.117921,37.083008,-1.397567,-2.879526,-7.311372,0.019663,0.028695,1.139327,2.000000,27.946128,0.569664,3.000000,30.613497,28.387097,34.623001,1.000000,-0.772230,-0.781402,0.009173,60.538462,6.300704,32.332702,-0.984369,-2.401922,-6.687528,0.225270,0.035481,3.917172,21.000000,375.949367,0.186532,4.000000,26.956895,27.807487,10.868948,0.000000,-0.829727,-0.783845,-0.045882,59.381645,6.113546,37.783464,-1.037646,-2.468986,-6.700946,0.248088,0.040768,1.052912,2.000000,35.909091,0.526456,3.000000,42.176284,63.000000,43.000000,0.000000,-0.517679,-0.582501,0.064822,44.729140,17.495627,27.985479,-0.172338,-1.197128,-4.714669,0.419500,0.021372,2.848634,16.000000,177.419355,0.178040,4.000000,30.395491,23.000000,21.930403,1.000000,-0.607093,-0.608847,0.001753,47.100893,8.090498,33.017698,-0.771113,-1.846077,-5.369638,0.233152,0.028676,1.631794,0.000000,43.356643,0.000000,8.000000,30.824668,12.686567,29.365468,0.000000,-0.374615,-0.332686,-0.041929,32.708957,9.627695,35.785694,-1.275624,-1.934965,-4.975056,-0.290148,0.015941,3.627140,30.000000,211.851852,0.120905,8.000000,30.824668,12.686567,29.365468,1.000000,-0.374615,-0.332686,-0.041929,32.708957,9.627695,35.785694,-1.275624,-1.934965,-4.975056,-0.290148,0.015941,1.741935,18.000000,108.870968,0.096774,1.000000,60.162986,88.421053,73.777482,0.000000,0.133853,0.047970,0.085883,28.475029,28.716365,13.443788,0.613993,0.272586,-2.684833,1.042802,0.011381,1.574803,1.000000,72.093023,1.574803,2.000000,2.233186,4.000000,113.907285,0.558297,7.000000,1.922832,15.000000,148.039216,0.128189,4.000000,1.315959,3.000000,80.952381,0.438653,3.000000,1.599594,3.000000,90.647482,0.533198,2.000000,1.796330,0.000000,30.021598,0.000000,8.000000,5.645653,28.000000,477.319588,0.201630,8.000000,1.196940,1.000000,138.571429,1.196940,1.000000,0.856374,6.000000,53.846154,0.142729,2.000000,1.616111,16.000000,98.484848,0.101007,3.000000,1.614481,20.000000,143.478261,0.080724,4.000000,1.138050,4.000000,47.668394,0.284513,3.000000,7.000000,8.000000,51.000000,-1.000000,,,,26.564635,30.447761,22.567383,-1.748386,-1.730572,-0.017813,57.183483,16.788437,35.905881,-1.634758,-4.756135,0.280382,0.073239,,0.000000,,52.646301,36.250000,52.916667,0.098282,0.133084,-0.034802,29.511615,22.763862,22.701650,-0.018849,0.270900,0.435087,0.002903,0.983520,0.721649,125.000000,375.949367,27.946128,1.022263,1.159105
2026-03-16T08:15:00Z,0.843294,no_impulse,0,KOTAKBANK,15m,-1.000000,91.390728,1.860089,18.000000,0.103338,-0.319864,-1.133133,-5.442193,2.077600,7.000000,151.000000,0.296800,7.000000,41.515201,47.682119,56.718282,0.000000,-0.455714,-0.594958,0.139244,48.943691,24.144195,23.251978,-0.248844,-1.466416,-5.893023,0.329472,0.014556,1.357220,3.000000,120.481928,0.452407,4.000000,24.590521,2.857143,12.749648,0.000000,-0.813490,-0.790493,-0.022997,63.142392,5.117921,37.083008,-1.397567,-2.879526,-7.311372,0.019663,0.028695,1.139327,2.000000,27.946128,0.569664,3.000000,30.613497,28.387097,34.623001,1.000000,-0.772230,-0.781402,0.009173,60.538462,6.300704,32.332702,-0.984369,-2.401922,-6.687528,0.225270,0.035481,3.917172,21.000000,375.949367,0.186532,4.000000,26.956895,27.807487,10.868948,0.000000,-0.829727,-0.783845,-0.045882,59.381645,6.113546,37.783464,-1.037646,-2.468986,-6.700946,0.248088,0.040768,1.052912,2.000000,35.909091,0.526456,3.000000,42.176284,63.000000,43.000000,0.000000,-0.517679,-0.582501,0.064822,44.729140,17.495627,27.985479,-0.172338,-1.197128,-4.714669,0.419500,0.021372,2.848634,16.000000,177.419355,0.178040,4.000000,30.395491,23.000000,21.930403,1.000000,-0.607093,-0.608847,0.001753,47.100893,8.090498,33.017698,-0.771113,-1.846077,-5.369638,0.233152,0.028676,1.631794,0.000000,43.356643,0.000000,8.000000,30.824668,12.686567,29.365468,0.000000,-0.374615,-0.332686,-0.041929,32.708957,9.627695,35.785694,-1.275624,-1.934965,-4.975056,-0.290148,0.015941,3.627140,30.000000,211.851852,0.120905,8.000000,30.824668,12.686567,29.365468,1.000000,-0.374615,-0.332686,-0.041929,32.708957,9.627695,35.785694,-1.275624,-1.934965,-4.975056,-0.290148,0.015941,1.741935,18.000000,108.870968,0.096774,1.000000,1.574803,1.000000,72.093023,1.574803,2.000000,2.233186,4.000000,113.907285,0.558297,7.000000,1.922832,15.000000,148.039216,0.128189,4.000000,1.315959,3.000000,80.952381,0.438653,3.000000,1.599594,3.000000,90.647482,0.533198,2.000000,1.796330,0.000000,30.021598,0.000000,8.000000,5.645653,28.000000,477.319588,0.201630,8.000000,1.196940,1.000000,138.571429,1.196940,1.000000,0.856374,6.000000,53.846154,0.142729,2.000000,1.616111,16.000000,98.484848,0.101007,3.000000,1.614481,20.000000,143.478261,0.080724,4.000000,2.000000,1.000000,18.000000,-1.000000,,,,40.277674,55.465587,27.675091,-1.412194,-1.614018,0.201824,49.676314,26.077895,28.949362,-0.356642,-3.326165,0.431872,0.052163,,0.000000,,52.646301,36.250000,52.916667,0.098282,0.133084,-0.034802,29.511615,22.763862,22.701650,-0.018849,0.270900,0.435087,0.002903,0.887086,1.800000,143.000000,375.949367,27.946128,1.021404,0.585025
2026-03-16T09:15:00Z,0.864837,no_impulse,0,KOTAKBANK,15m,1.000000,134.782609,2.554594,4.000000,0.638649,0.801333,0.310287,-3.746474,1.860089,18.000000,91.390728,0.103338,2.000000,39.968945,23.595506,13.997813,1.000000,-0.277198,-0.267360,-0.009838,23.150613,12.782316,19.731129,-0.319864,-1.133133,-5.442193,0.249329,0.012720,2.077600,7.000000,151.000000,0.296800,7.000000,41.515201,47.682119,56.718282,0.000000,-0.455714,-0.594958,0.139244,48.943691,24.144195,23.251978,-0.248844,-1.466416,-5.893023,0.329472,0.014556,1.357220,3.000000,120.481928,0.452407,4.000000,24.590521,2.857143,12.749648,0.000000,-0.813490,-0.790493,-0.022997,63.142392,5.117921,37.083008,-1.397567,-2.879526,-7.311372,0.019663,0.028695,1.139327,2.000000,27.946128,0.569664,3.000000,30.613497,28.387097,34.623001,1.000000,-0.772230,-0.781402,0.009173,60.538462,6.300704,32.332702,-0.984369,-2.401922,-6.687528,0.225270,0.035481,3.917172,21.000000,375.949367,0.186532,4.000000,26.956895,27.807487,10.868948,0.000000,-0.829727,-0.783845,-0.045882,59.381645,6.113546,37.783464,-1.037646,-2.468986,-6.700946,0.248088,0.040768,1.052912,2.000000,35.909091,0.526456,3.000000,42.176284,63.000000,43.000000,0.000000,-0.517679,-0.582501,0.064822,44.729140,17.495627,27.985479,-0.172338,-1.197128,-4.714669,0.419500,0.021372,2.848634,16.000000,177.419355,0.178040,4.000000,30.395491,23.000000,21.930403,1.000000,-0.607093,-0.608847,0.001753,47.100893,8.090498,33.017698,-0.771113,-1.846077,-5.369638,0.233152,0.028676,1.631794,0.000000,43.356643,0.000000,8.000000,30.824668,12.686567,29.365468,0.000000,-0.374615,-0.332686,-0.041929,32.708957,9.627695,35.785694,-1.275624,-1.934965,-4.975056,-0.290148,0.015941,3.627140,30.000000,211.851852,0.120905,8.000000,1.741935,18.000000,108.870968,0.096774,1.000000,1.574803,1.000000,72.093023,1.574803,2.000000,2.233186,4.000000,113.907285,0.558297,7.000000,1.922832,15.000000,148.039216,0.128189,4.000000,1.315959,3.000000,80.952381,0.438653,3.000000,1.599594,3.000000,90.647482,0.533198,2.000000,1.796330,0.000000,30.021598,0.000000,8.000000,5.645653,28.000000,477.319588,0.201630,8.000000,1.196940,1.000000,138.571429,1.196940,1.000000,0.856374,6.000000,53.846154,0.142729,2.000000,1.616111,16.000000,98.484848,0.101007,3.000000,1.000000,2.000000,22.000000,-1.000000,,,,38.702378,58.823529,43.992064,-1.295290,-1.553243,0.257954,46.500739,25.197118,27.971601,-0.531607,-3.424160,0.392934,0.049390,,0.000000,,52.646301,36.250000,52.916667,0.098282,0.133084,-0.034802,29.511615,22.763862,22.701650,-0.018849,0.270900,0.435087,0.002903,1.201946,0.341880,147.000000,375.949367,27.946128,1.009113,0.866681
2026-03-17T03:45:00Z,0.853834,no_impulse,0,KOTAKBANK,15m,-1.000000,51.075269,1.272265,3.000000,0.424088,0.283528,-0.074507,-4.021469,2.554594,4.000000,134.782609,0.638649,1.000000,61.279964,69.354839,82.371422,1.000000,0.077011,-0.128967,0.205977,25.574730,28.733863,14.083414,0.801333,0.310287,-3.746474,0.860658,0.022398,1.860089,18.000000,91.390728,0.103338,2.000000,39.968945,23.595506,13.997813,1.000000,-0.277198,-0.267360,-0.009838,23.150613,12.782316,19.731129,-0.319864,-1.133133,-5.442193,0.249329,0.012720,2.077600,7.000000,151.000000,0.296800,7.000000,41.515201,47.682119,56.718282,0.000000,-0.455714,-0.594958,0.139244,48.943691,24.144195,23.251978,-0.248844,-1.466416,-5.893023,0.329472,0.014556,1.357220,3.000000,120.481928,0.452407,4.000000,24.590521,2.857143,12.749648,0.000000,-0.813490,-0.790493,-0.022997,63.142392,5.117921,37.083008,-1.397567,-2.879526,-7.311372,0.019663,0.028695,1.139327,2.000000,27.946128,0.569664,3.000000,30.613497,28.387097,34.623001,1.000000,-0.772230,-0.781402,0.009173,60.538462,6.300704,32.332702,-0.984369,-2.401922,-6.687528,0.225270,0.035481,3.917172,21.000000,375.949367,0.186532,4.000000,26.956895,27.807487,10.868948,0.000000,-0.829727,-0.783845,-0.045882,59.381645,6.113546,37.783464,-1.037646,-2.468986,-6.700946,0.248088,0.040768,1.052912,2.000000,35.909091,0.526456,3.000000,42.176284,63.000000,43.000000,0.000000,-0.517679,-0.582501,0.064822,44.729140,17.495627,27.985479,-0.172338,-1.197128,-4.714669,0.419500,0.021372,2.848634,16.000000,177.419355,0.178040,4.000000,30.395491,23.000000,21.930403,1.000000,-0.607093,-0.608847,0.001753,47.100893,8.090498,33.017698,-0.771113,-1.846077,-5.369638,0.233152,0.028676,1.631794,0.000000,43.356643,0.000000,8.000000,3.627140,30.000000,211.851852,0.120905,8.000000,1.741935,18.000000,108.870968,0.096774,1.000000,1.574803,1.000000,72.093023,1.574803,2.000000,2.233186,4.000000,113.907285,0.558297,7.000000,1.922832,15.000000,148.039216,0.128189,4.000000,1.315959,3.000000,80.952381,0.438653,3.000000,1.599594,3.000000,90.647482,0.533198,2.000000,1.796330,0.000000,30.021598,0.000000,8.000000,5.645653,28.000000,477.319588,0.201630,8.000000,1.196940,1.000000,138.571429,1.196940,1.000000,0.856374,6.000000,53.846154,0.142729,2.000000,2.000000,3.000000,25.000000,-1.000000,,,,46.404182,89.447236,67.912118,-1.115012,-1.455918,0.340906,43.606769,28.612332,25.380763,0.227525,-2.515858,0.551421,0.044349,,0.000000,,52.646301,36.250000,52.916667,0.098282,0.133084,-0.034802,29.511615,22.763862,22.701650,-0.018849,0.270900,0.435087,0.002903,0.576560,0.291262,150.000000,375.949367,27.946128,1.007523,1.012249
2026-03-18T03:45:00Z,0.870975,no_impulse,0,KOTAKBANK,15m,1.000000,155.789474,2.007596,25.000000,0.080304,0.259863,0.564550,-2.111201,1.272265,3.000000,51.075269,0.424088,2.000000,54.723622,54.301075,59.498208,0.000000,0.141965,-0.000171,0.142137,25.462347,29.201761,15.434752,0.283528,-0.074507,-4.021469,0.616467,0.024413,2.554594,4.000000,134.782609,0.638649,1.000000,61.279964,69.354839,82.371422,1.000000,0.077011,-0.128967,0.205977,25.574730,28.733863,14.083414,0.801333,0.310287,-3.746474,0.860658,0.022398,1.860089,18.000000,91.390728,0.103338,2.000000,39.968945,23.595506,13.997813,1.000000,-0.277198,-0.267360,-0.009838,23.150613,12.782316,19.731129,-0.319864,-1.133133,-5.442193,0.249329,0.012720,2.077600,7.000000,151.000000,0.296800,7.000000,41.515201,47.682119,56.718282,0.000000,-0.455714,-0.594958,0.139244,48.943691,24.144195,23.251978,-0.248844,-1.466416,-5.893023,0.329472,0.014556,1.357220,3.000000,120.481928,0.452407,4.000000,24.590521,2.857143,12.749648,0.000000,-0.813490,-0.790493,-0.022997,63.142392,5.117921,37.083008,-1.397567,-2.879526,-7.311372,0.019663,0.028695,1.139327,2.000000,27.946128,0.569664,3.000000,30.613497,28.387097,34.623001,1.000000,-0.772230,-0.781402,0.009173,60.538462,6.300704,32.332702,-0.984369,-2.401922,-6.687528,0.225270,0.035481,3.917172,21.000000,375.949367,0.186532,4.000000,26.956895,27.807487,10.868948,0.000000,-0.829727,-0.783845,-0.045882,59.381645,6.113546,37.783464,-1.037646,-2.468986,-6.700946,0.248088,0.040768,1.052912,2.000000,35.909091,0.526456,3.000000,42.176284,63.000000,43.000000,0.000000,-0.517679,-0.582501,0.064822,44.729140,17.495627,27.985479,-0.172338,-1.197128,-4.714669,0.419500,0.021372,2.848634,16.000000,177.419355,0.178040,4.000000,1.631794,0.000000,43.356643,0.000000,8.000000,3.627140,30.000000,211.851852,0.120905,8.000000,1.741935,18.000000,108.870968,0.096774,1.000000,1.574803,1.000000,72.093023,1.574803,2.000000,2.233186,4.000000,113.907285,0.558297,7.000000,1.922832,15.000000,148.039216,0.128189,4.000000,1.315959,3.000000,80.952381,0.438653,3.000000,1.599594,3.000000,90.647482,0.533198,2.000000,1.796330,0.000000,30.021598,0.000000,8.000000,5.645653,28.000000,477.319588,0.201630,8.000000,1.196940,1.000000,138.571429,1.196940,1.000000,1.000000,4.000000,50.000000,-1.000000,,,,46.663027,68.200837,83.394273,-0.376303,-0.745554,0.369252,29.667080,24.878976,24.322881,0.000316,-1.966934,0.500097,0.032478,,0.000000,,52.646301,36.250000,52.916667,0.098282,0.133084,-0.034802,29.511615,22.763862,22.701650,-0.018849,0.270900,0.435087,0.002903,1.018484,3.289474,175.000000,375.949367,27.946128,0.909008,1.243280
2026-03-18T04:30:00Z,0.859625,no_impulse,0,KOTAKBANK,15m,-1.000000,66.216216,1.303191,3.000000,0.434397,-0.113339,0.170675,-2.400817,2.007596,25.000000,155.789474,0.080304,1.000000,57.954578,57.264957,72.639601,0.000000,0.292263,0.281229,0.011035,34.076990,30.908639,9.934293,0.259863,0.564550,-2.111201,0.689656,0.013737,1.272265,3.000000,51.075269,0.424088,2.000000,54.723622,54.301075,59.498208,0.000000,0.141965,-0.000171,0.142137,25.462347,29.201761,15.434752,0.283528,-0.074507,-4.021469,0.616467,0.024413,2.554594,4.000000,134.782609,0.638649,1.000000,61.279964,69.354839,82.371422,1.000000,0.077011,-0.128967,0.205977,25.574730,28.733863,14.083414,0.801333,0.310287,-3.746474,0.860658,0.022398,1.860089,18.000000,91.390728,0.103338,2.000000,39.968945,23.595506,13.997813,1.000000,-0.277198,-0.267360,-0.009838,23.150613,12.782316,19.731129,-0.319864,-1.133133,-5.442193,0.249329,0.012720,2.077600,7.000000,151.000000,0.296800,7.000000,41.515201,47.682119,56.718282,0.000000,-0.455714,-0.594958,0.139244,48.943691,24.144195,23.251978,-0.248844,-1.466416,-5.893023,0.329472,0.014556,1.357220,3.000000,120.481928,0.452407,4.000000,24.590521,2.857143,12.749648,0.000000,-0.813490,-0.790493,-0.022997,63.142392,5.117921,37.083008,-1.397567,-2.879526,-7.311372,0.019663,0.028695,1.139327,2.000000,27.946128,0.569664,3.000000,30.613497,28.387097,34.623001,1.000000,-0.772230,-0.781402,0.009173,60.538462,6.300704,32.332702,-0.984369,-2.401922,-6.687528,0.225270,0.035481,3.917172,21.000000,375.949367,0.186532,4.000000,26.956895,27.807487,10.868948,0.000000,-0.829727,-0.783845,-0.045882,59.381645,6.113546,37.783464,-1.037646,-2.468986,-6.700946,0.248088,0.040768,1.052912,2.000000,35.909091,0.526456,3.000000,2.848634,16.000000,177.419355,0.178040,4.000000,1.631794,0.000000,43.356643,0.000000,8.000000,3.627140,30.000000,211.851852,0.120905,8.000000,1.741935,18.000000,108.870968,0.096774,1.000000,1.574803,1.000000,72.093023,1.574803,2.000000,2.233186,4.000000,113.907285,0.558297,7.000000,1.922832,15.000000,148.039216,0.128189,4.000000,1.315959,3.000000,80.952381,0.438653,3.000000,1.599594,3.000000,90.647482,0.533198,2.000000,1.796330,0.000000,30.021598,0.000000,8.000000,5.645653,28.000000,477.319588,0.201630,8.000000,2.000000,5.000000,53.000000,-1.000000,,,,49.335313,76.569038,78.136505,-0.318633,-0.658572,0.339939,27.628734,23.450023,22.925867,0.242719,-1.627291,0.573260,0.033212,,0.000000,,52.646301,36.250000,52.916667,0.098282,0.133084,-0.034802,29.511615,22.763862,22.701650,-0.018849,0.270900,0.435087,0.002903,0.648760,0.297030,178.000000,375.949367,27.946128,0.901153,1.101899
2026-03-18T08:45:00Z,0.873176,no_impulse,0,KOTAKBANK,15m,1.000000,119.387755,1.576395,17.000000,0.092729,0.575322,0.876560,-1.050971,1.303191,3.000000,66.216216,0.434397,2.000000,49.972501,22.448980,37.847933,0.000000,0.212355,0.264788,-0.052433,33.589221,23.711126,15.752331,-0.113339,0.170675,-2.400817,0.415603,0.013414,2.007596,25.000000,155.789474,0.080304,1.000000,57.954578,57.264957,72.639601,0.000000,0.292263,0.281229,0.011035,34.076990,30.908639,9.934293,0.259863,0.564550,-2.111201,0.689656,0.013737,1.272265,3.000000,51.075269,0.424088,2.000000,54.723622,54.301075,59.498208,0.000000,0.141965,-0.000171,0.142137,25.462347,29.201761,15.434752,0.283528,-0.074507,-4.021469,0.616467,0.024413,2.554594,4.000000,134.782609,0.638649,1.000000,61.279964,69.354839,82.371422,1.000000,0.077011,-0.128967,0.205977,25.574730,28.733863,14.083414,0.801333,0.310287,-3.746474,0.860658,0.022398,1.860089,18.000000,91.390728,0.103338,2.000000,39.968945,23.595506,13.997813,1.000000,-0.277198,-0.267360,-0.009838,23.150613,12.782316,19.731129,-0.319864,-1.133133,-5.442193,0.249329,0.012720,2.077600,7.000000,151.000000,0.296800,7.000000,41.515201,47.682119,56.718282,0.000000,-0.455714,-0.594958,0.139244,48.943691,24.144195,23.251978,-0.248844,-1.466416,-5.893023,0.329472,0.014556,1.357220,3.000000,120.481928,0.452407,4.000000,24.590521,2.857143,12.749648,0.000000,-0.813490,-0.790493,-0.022997,63.142392,5.117921,37.083008,-1.397567,-2.879526,-7.311372,0.019663,0.028695,1.139327,2.000000,27.946128,0.569664,3.000000,30.613497,28.387097,34.623001,1.000000,-0.772230,-0.781402,0.009173,60.538462,6.300704,32.332702,-0.984369,-2.401922,-6.687528,0.225270,0.035481,3.917172,21.000000,375.949367,0.186532,4.000000,1.052912,2.000000,35.909091,0.526456,3.000000,2.848634,16.000000,177.419355,0.178040,4.000000,1.631794,0.000000,43.356643,0.000000,8.000000,3.627140,30.000000,211.851852,0.120905,8.000000,1.741935,18.000000,108.870968,0.096774,1.000000,1.574803,1.000000,72.093023,1.574803,2.000000,2.233186,4.000000,113.907285,0.558297,7.000000,1.922832,15.000000,148.039216,0.128189,4.000000,1.315959,3.000000,80.952381,0.438653,3.000000,1.599594,3.000000,90.647482,0.533198,2.000000,1.796330,0.000000,30.021598,0.000000,8.000000,1.000000,6.000000,70.000000,-1.000000,,,,55.143242,81.437126,83.789219,-0.090347,-0.372375,0.282028,23.856310,26.864186,17.832511,0.658223,-0.829232,0.698871,0.033317,,0.000000,,52.646301,36.250000,52.916667,0.098282,0.133084,-0.034802,29.511615,22.763862,22.701650,-0.018849,0.270900,0.435087,0.002903,0.850176,1.931818,82.000000,375.949367,27.946128,0.873195,0.705923
2026-03-19T04:45:00Z,0.841672,no_impulse,0,KOTAKBANK,15m,-1.000000,232.478632,3.607906,9.000000,0.400878,-1.496085,-1.753729,-3.780308,1.576395,17.000000,119.387755,0.092729,1.000000,63.661798,81.818182,85.162955,0.000000,0.190674,0.147887,0.042788,26.941358,29.390600,12.720569,0.575322,0.876560,-1.050971,1.003963,0.011482,1.303191,3.000000,66.216216,0.434397,2.000000,49.972501,22.448980,37.847933,0.000000,0.212355,0.264788,-0.052433,33.589221,23.711126,15.752331,-0.113339,0.170675,-2.400817,0.415603,0.013414,2.007596,25.000000,155.789474,0.080304,1.000000,57.954578,57.264957,72.639601,0.000000,0.292263,0.281229,0.011035,34.076990,30.908639,9.934293,0.259863,0.564550,-2.111201,0.689656,0.013737,1.272265,3.000000,51.075269,0.424088,2.000000,54.723622,54.301075,59.498208,0.000000,0.141965,-0.000171,0.142137,25.462347,29.201761,15.434752,0.283528,-0.074507,-4.021469,0.616467,0.024413,2.554594,4.000000,134.782609,0.638649,1.000000,61.279964,69.354839,82.371422,1.000000,0.077011,-0.128967,0.205977,25.574730,28.733863,14.083414,0.801333,0.310287,-3.746474,0.860658,0.022398,1.860089,18.000000,91.390728,0.103338,2.000000,39.968945,23.595506,13.997813,1.000000,-0.277198,-0.267360,-0.009838,23.150613,12.782316,19.731129,-0.319864,-1.133133,-5.442193,0.249329,0.012720,2.077600,7.000000,151.000000,0.296800,7.000000,41.515201,47.682119,56.718282,0.000000,-0.455714,-0.594958,0.139244,48.943691,24.144195,23.251978,-0.248844,-1.466416,-5.893023,0.329472,0.014556,1.357220,3.000000,120.481928,0.452407,4.000000,24.590521,2.857143,12.749648,0.000000,-0.813490,-0.790493,-0.022997,63.142392,5.117921,37.083008,-1.397567,-2.879526,-7.311372,0.019663,0.028695,1.139327,2.000000,27.946128,0.569664,3.000000,3.917172,21.000000,375.949367,0.186532,4.000000,1.052912,2.000000,35.909091,0.526456,3.000000,2.848634,16.000000,177.419355,0.178040,4.000000,1.631794,0.000000,43.356643,0.000000,8.000000,3.627140,30.000000,211.851852,0.120905,8.000000,1.741935,18.000000,108.870968,0.096774,1.000000,1.574803,1.000000,72.093023,1.574803,2.000000,2.233186,4.000000,113.907285,0.558297,7.000000,1.922832,15.000000,148.039216,0.128189,4.000000,1.315959,3.000000,80.952381,0.438653,3.000000,1.599594,3.000000,90.647482,0.533198,2.000000,8.000000,1.000000,79.000000,-1.000000,,,,39.754218,29.411765,37.351117,-0.320873,-0.302150,-0.018723,24.304728,18.230258,33.989773,-1.221156,-2.741715,0.160806,0.035567,,0.000000,,52.646301,36.250000,52.916667,0.098282,0.133084,-0.034802,29.511615,22.763862,22.701650,-0.018849,0.270900,0.435087,0.002903,1.892379,0.873786,91.000000,375.949367,27.946128,0.834662,0.859368
2026-03-19T07:00:00Z,0.857077,no_impulse,0,KOTAKBANK,15m,1.000000,48.897059,1.830191,9.000000,0.203355,0.059965,-0.274647,-2.294458,3.607906,9.000000,232.478632,0.400878,8.000000,28.494616,14.338235,7.832847,1.000000,-0.513577,-0.170003,-0.343574,34.472925,13.168518,41.140905,-1.496085,-1.753729,-3.780308,0.160401,0.043405,1.576395,17.000000,119.387755,0.092729,1.000000,63.661798,81.818182,85.162955,0.000000,0.190674,0.147887,0.042788,26.941358,29.390600,12.720569,0.575322,0.876560,-1.050971,1.003963,0.011482,1.303191,3.000000,66.216216,0.434397,2.000000,49.972501,22.448980,37.847933,0.000000,0.212355,0.264788,-0.052433,33.589221,23.711126,15.752331,-0.113339,0.170675,-2.400817,0.415603,0.013414,2.007596,25.000000,155.789474,0.080304,1.000000,57.954578,57.264957,72.639601,0.000000,0.292263,0.281229,0.011035,34.076990,30.908639,9.934293,0.259863,0.564550,-2.111201,0.689656,0.013737,1.272265,3.000000,51.075269,0.424088,2.000000,54.723622,54.301075,59.498208,0.000000,0.141965,-0.000171,0.142137,25.462347,29.201761,15.434752,0.283528,-0.074507,-4.021469,0.616467,0.024413,2.554594,4.000000,134.782609,0.638649,1.000000,61.279964,69.354839,82.371422,1.000000,0.077011,-0.128967,0.205977,25.574730,28.733863,14.083414,0.801333,0.310287,-3.746474,0.860658,0.022398,1.860089,18.000000,91.390728,0.103338,2.000000,39.968945,23.595506,13.997813,1.000000,-0.277198,-0.267360,-0.009838,23.150613,12.782316,19.731129,-0.319864,-1.133133,-5.442193,0.249329,0.012720,2.077600,7.000000,151.000000,0.296800,7.000000,41.515201,47.682119,56.718282,0.000000,-0.455714,-0.594958,0.139244,48.943691,24.144195,23.251978,-0.248844,-1.466416,-5.893023,0.329472,0.014556,1.357220,3.000000,120.481928,0.452407,4.000000,1.139327,2.000000,27.946128,0.569664,3.000000,3.917172,21.000000,375.949367,0.186532,4.000000,1.052912,2.000000,35.909091,0.526456,3.000000,2.848634,16.000000,177.419355,0.178040,4.000000,1.631794,0.000000,43.356643,0.000000,8.000000,3.627140,30.000000,211.851852,0.120905,8.000000,1.741935,18.000000,108.870968,0.096774,1.000000,1.574803,1.000000,72.093023,1.574803,2.000000,2.233186,4.000000,113.907285,0.558297,7.000000,1.922832,15.000000,148.039216,0.128189,4.000000,1.315959,3.000000,80.952381,0.438653,3.000000,3.000000,2.000000,9.000000,-1.000000,,,,42.489230,37.132353,36.764706,-0.372185,-0.321740,-0.050445,23.847803,21.042061,31.167748,-0.784520,-2.269786,0.243087,0.030299,,0.000000,,52.646301,36.250000,52.916667,0.098282,0.133084,-0.034802,29.511615,22.763862,22.701650,-0.018849,0.270900,0.435087,0.002903,0.975780,0.989011,100.000000,232.478632,27.946128,0.753686,1.111928
2026-03-19T09:15:00Z,0.848622,no_impulse,0,KOTAKBANK,15m,-1.000000,54.887218,0.986486,9.000000,0.109610,-0.653869,-0.979279,-2.974439,1.830191,9.000000,48.897059,0.203355,3.000000,48.769220,93.382353,63.511730,0.000000,-0.266439,-0.349764,0.083325,27.210272,22.098570,26.373304,0.059965,-0.274647,-2.294458,0.513763,0.043597,3.607906,9.000000,232.478632,0.400878,8.000000,28.494616,14.338235,7.832847,1.000000,-0.513577,-0.170003,-0.343574,34.472925,13.168518,41.140905,-1.496085,-1.753729,-3.780308,0.160401,0.043405,1.576395,17.000000,119.387755,0.092729,1.000000,63.661798,81.818182,85.162955,0.000000,0.190674,0.147887,0.042788,26.941358,29.390600,12.720569,0.575322,0.876560,-1.050971,1.003963,0.011482,1.303191,3.000000,66.216216,0.434397,2.000000,49.972501,22.448980,37.847933,0.000000,0.212355,0.264788,-0.052433,33.589221,23.711126,15.752331,-0.113339,0.170675,-2.400817,0.415603,0.013414,2.007596,25.000000,155.789474,0.080304,1.000000,57.954578,57.264957,72.639601,0.000000,0.292263,0.281229,0.011035,34.076990,30.908639,9.934293,0.259863,0.564550,-2.111201,0.689656,0.013737,1.272265,3.000000,51.075269,0.424088,2.000000,54.723622,54.301075,59.498208,0.000000,0.141965,-0.000171,0.142137,25.462347,29.201761,15.434752,0.283528,-0.074507,-4.021469,0.616467,0.024413,2.554594,4.000000,134.782609,0.638649,1.000000,61.279964,69.354839,82.371422,1.000000,0.077011,-0.128967,0.205977,25.574730,28.733863,14.083414,0.801333,0.310287,-3.746474,0.860658,0.022398,1.860089,18.000000,91.390728,0.103338,2.000000,39.968945,23.595506,13.997813,1.000000,-0.277198,-0.267360,-0.009838,23.150613,12.782316,19.731129,-0.319864,-1.133133,-5.442193,0.249329,0.012720,2.077600,7.000000,151.000000,0.296800,7.000000,1.357220,3.000000,120.481928,0.452407,4.000000,1.139327,2.000000,27.946128,0.569664,3.000000,3.917172,21.000000,375.949367,0.186532,4.000000,1.052912,2.000000,35.909091,0.526456,3.000000,2.848634,16.000000,177.419355,0.178040,4.000000,1.631794,0.000000,43.356643,0.000000,8.000000,3.627140,30.000000,211.851852,0.120905,8.000000,1.741935,18.000000,108.870968,0.096774,1.000000,1.574803,1.000000,72.093023,1.574803,2.000000,2.233186,4.000000,113.907285,0.558297,7.000000,1.922832,15.000000,148.039216,0.128189,4.000000,2.000000,1.000000,18.000000,-1.000000,,,,46.835447,48.897059,39.583333,-0.383487,-0.356878,-0.026608,23.957752,17.899540,30.344228,-0.172863,-1.582718,0.446584,0.032306,,0.000000,,52.646301,36.250000,52.916667,0.098282,0.133084,-0.034802,29.511615,22.763862,22.701650,-0.018849,0.270900,0.435087,0.002903,0.507268,0.918367,109.000000,232.478632,48.897059,0.709037,1.530528
2026-03-20T03:45:00Z,0.863099,no_impulse,0,KOTAKBANK,15m,1.000000,171.232877,1.706019,3.000000,0.568673,0.000338,-0.285273,-2.236074,0.986486,9.000000,54.887218,0.109610,2.000000,35.750648,2.739726,47.351151,1.000000,-0.190977,-0.210870,0.019894,20.931219,16.864303,30.018874,-0.653869,-0.979279,-2.974439,0.088909,0.015802,1.830191,9.000000,48.897059,0.203355,3.000000,48.769220,93.382353,63.511730,0.000000,-0.266439,-0.349764,0.083325,27.210272,22.098570,26.373304,0.059965,-0.274647,-2.294458,0.513763,0.043597,3.607906,9.000000,232.478632,0.400878,8.000000,28.494616,14.338235,7.832847,1.000000,-0.513577,-0.170003,-0.343574,34.472925,13.168518,41.140905,-1.496085,-1.753729,-3.780308,0.160401,0.043405,1.576395,17.000000,119.387755,0.092729,1.000000,63.661798,81.818182,85.162955,0.000000,0.190674,0.147887,0.042788,26.941358,29.390600,12.720569,0.575322,0.876560,-1.050971,1.003963,0.011482,1.303191,3.000000,66.216216,0.434397,2.000000,49.972501,22.448980,37.847933,0.000000,0.212355,0.264788,-0.052433,33.589221,23.711126,15.752331,-0.113339,0.170675,-2.400817,0.415603,0.013414,2.007596,25.000000,155.789474,0.080304,1.000000,57.954578,57.264957,72.639601,0.000000,0.292263,0.281229,0.011035,34.076990,30.908639,9.934293,0.259863,0.564550,-2.111201,0.689656,0.013737,1.272265,3.000000,51.075269,0.424088,2.000000,54.723622,54.301075,59.498208,0.000000,0.141965,-0.000171,0.142137,25.462347,29.201761,15.434752,0.283528,-0.074507,-4.021469,0.616467,0.024413,2.554594,4.000000,134.782609,0.638649,1.000000,61.279964,69.354839,82.371422,1.000000,0.077011,-0.128967,0.205977,25.574730,28.733863,14.083414,0.801333,0.310287,-3.746474,0.860658,0.022398,1.860089,18.000000,91.390728,0.103338,2.000000,2.077600,7.000000,151.000000,0.296800,7.000000,1.357220,3.000000,120.481928,0.452407,4.000000,1.139327,2.000000,27.946128,0.569664,3.000000,3.917172,21.000000,375.949367,0.186532,4.000000,1.052912,2.000000,35.909091,0.526456,3.000000,2.848634,16.000000,177.419355,0.178040,4.000000,1.631794,0.000000,43.356643,0.000000,8.000000,3.627140,30.000000,211.851852,0.120905,8.000000,1.741935,18.000000,108.870968,0.096774,1.000000,1.574803,1.000000,72.093023,1.574803,2.000000,2.233186,4.000000,113.907285,0.558297,7.000000,1.000000,2.000000,21.000000,-1.000000,,,,45.178678,42.647059,40.931373,-0.372353,-0.360631,-0.011722,23.041947,21.641115,27.065300,-0.365090,-1.745381,0.388918,0.032747,,0.000000,,52.646301,36.250000,52.916667,0.098282,0.133084,-0.034802,29.511615,22.763862,22.701650,-0.018849,0.270900,0.435087,0.002903,0.894313,0.288462,112.000000,232.478632,48.897059,0.751583,1.314578
2026-03-20T03:45:00Z,0.851633,no_impulse,0,KOTAKBANK,15m,-1.000000,79.200000,1.328502,0.000000,0.000000,0.000338,-0.285273,-2.236074,1.706019,3.000000,171.232877,0.568673,1.000000,48.772016,40.000000,58.082192,0.000000,-0.127521,-0.180661,0.053141,20.162884,26.851844,19.325340,0.000338,-0.285273,-2.236074,0.500335,0.010091,0.986486,9.000000,54.887218,0.109610,2.000000,35.750648,2.739726,47.351151,1.000000,-0.190977,-0.210870,0.019894,20.931219,16.864303,30.018874,-0.653869,-0.979279,-2.974439,0.088909,0.015802,1.830191,9.000000,48.897059,0.203355,3.000000,48.769220,93.382353,63.511730,0.000000,-0.266439,-0.349764,0.083325,27.210272,22.098570,26.373304,0.059965,-0.274647,-2.294458,0.513763,0.043597,3.607906,9.000000,232.478632,0.400878,8.000000,28.494616,14.338235,7.832847,1.000000,-0.513577,-0.170003,-0.343574,34.472925,13.168518,41.140905,-1.496085,-1.753729,-3.780308,0.160401,0.043405,1.576395,17.000000,119.387755,0.092729,1.000000,63.661798,81.818182,85.162955,0.000000,0.190674,0.147887,0.042788,26.941358,29.390600,12.720569,0.575322,0.876560,-1.050971,1.003963,0.011482,1.303191,3.000000,66.216216,0.434397,2.000000,49.972501,22.448980,37.847933,0.000000,0.212355,0.264788,-0.052433,33.589221,23.711126,15.752331,-0.113339,0.170675,-2.400817,0.415603,0.013414,2.007596,25.000000,155.789474,0.080304,1.000000,57.954578,57.264957,72.639601,0.000000,0.292263,0.281229,0.011035,34.076990,30.908639,9.934293,0.259863,0.564550,-2.111201,0.689656,0.013737,1.272265,3.000000,51.075269,0.424088,2.000000,54.723622,54.301075,59.498208,0.000000,0.141965,-0.000171,0.142137,25.462347,29.201761,15.434752,0.283528,-0.074507,-4.021469,0.616467,0.024413,2.554594,4.000000,134.782609,0.638649,1.000000,1.860089,18.000000,91.390728,0.103338,2.000000,2.077600,7.000000,151.000000,0.296800,7.000000,1.357220,3.000000,120.481928,0.452407,4.000000,1.139327,2.000000,27.946128,0.569664,3.000000,3.917172,21.000000,375.949367,0.186532,4.000000,1.052912,2.000000,35.909091,0.526456,3.000000,2.848634,16.000000,177.419355,0.178040,4.000000,1.631794,0.000000,43.356643,0.000000,8.000000,3.627140,30.000000,211.851852,0.120905,8.000000,1.741935,18.000000,108.870968,0.096774,1.000000,1.574803,1.000000,72.093023,1.574803,2.000000,1.000000,3.000000,21.000000,-1.000000,,,,45.178678,42.647059,40.931373,-0.372353,-0.360631,-0.011722,23.041947,21.641115,27.065300,-0.365090,-1.745381,0.388918,0.032747,,0.000000,,52.646301,36.250000,52.916667,0.098282,0.133084,-0.034802,29.511615,22.763862,22.701650,-0.018849,0.270900,0.435087,0.002903,0.710249,0.000000,112.000000,232.478632,48.897059,0.751432,0.697141
2026-03-20T05:45:00Z,0.861941,no_impulse,0,KOTAKBANK,15m,1.000000,89.898990,1.210390,8.000000,0.151299,0.445772,0.357964,-1.416172,1.328502,0.000000,79.200000,0.000000,1.000000,48.772016,40.000000,58.082192,0.000000,-0.127521,-0.180661,0.053141,20.162884,26.851844,19.325340,0.000338,-0.285273,-2.236074,0.500335,0.010091,1.706019,3.000000,171.232877,0.568673,1.000000,48.772016,40.000000,58.082192,0.000000,-0.127521,-0.180661,0.053141,20.162884,26.851844,19.325340,0.000338,-0.285273,-2.236074,0.500335,0.010091,0.986486,9.000000,54.887218,0.109610,2.000000,35.750648,2.739726,47.351151,1.000000,-0.190977,-0.210870,0.019894,20.931219,16.864303,30.018874,-0.653869,-0.979279,-2.974439,0.088909,0.015802,1.830191,9.000000,48.897059,0.203355,3.000000,48.769220,93.382353,63.511730,0.000000,-0.266439,-0.349764,0.083325,27.210272,22.098570,26.373304,0.059965,-0.274647,-2.294458,0.513763,0.043597,3.607906,9.000000,232.478632,0.400878,8.000000,28.494616,14.338235,7.832847,1.000000,-0.513577,-0.170003,-0.343574,34.472925,13.168518,41.140905,-1.496085,-1.753729,-3.780308,0.160401,0.043405,1.576395,17.000000,119.387755,0.092729,1.000000,63.661798,81.818182,85.162955,0.000000,0.190674,0.147887,0.042788,26.941358,29.390600,12.720569,0.575322,0.876560,-1.050971,1.003963,0.011482,1.303191,3.000000,66.216216,0.434397,2.000000,49.972501,22.448980,37.847933,0.000000,0.212355,0.264788,-0.052433,33.589221,23.711126,15.752331,-0.113339,0.170675,-2.400817,0.415603,0.013414,2.007596,25.000000,155.789474,0.080304,1.000000,57.954578,57.264957,72.639601,0.000000,0.292263,0.281229,0.011035,34.076990,30.908639,9.934293,0.259863,0.564550,-2.111201,0.689656,0.013737,1.272265,3.000000,51.075269,0.424088,2.000000,2.554594,4.000000,134.782609,0.638649,1.000000,1.860089,18.000000,91.390728,0.103338,2.000000,2.077600,7.000000,151.000000,0.296800,7.000000,1.357220,3.000000,120.481928,0.452407,4.000000,1.139327,2.000000,27.946128,0.569664,3.000000,3.917172,21.000000,375.949367,0.186532,4.000000,1.052912,2.000000,35.909091,0.526456,3.000000,2.848634,16.000000,177.419355,0.178040,4.000000,1.631794,0.000000,43.356643,0.000000,8.000000,3.627140,30.000000,211.851852,0.120905,8.000000,1.741935,18.000000,108.870968,0.096774,1.000000,3.000000,1.000000,29.000000,-1.000000,,,,47.184476,48.529412,49.632353,-0.291783,-0.338855,0.047073,21.320233,19.351378,23.648344,-0.150311,-1.420802,0.453758,0.032457,,0.000000,,52.646301,36.250000,52.916667,0.098282,0.133084,-0.034802,29.511615,22.763862,22.701650,-0.018849,0.270900,0.435087,0.002903,0.666032,0.975610,120.000000,232.478632,48.897059,0.770801,0.573243
2026-03-23T03:45:00Z,0.832059,no_impulse,0,KOTAKBANK,15m,-1.000000,289.887640,3.466810,17.000000,0.203930,-1.754343,-2.094392,-3.862008,1.210390,8.000000,89.898990,0.151299,3.000000,58.838487,79.200000,77.600000,1.000000,0.091908,-0.021320,0.113227,21.697947,28.439273,13.568377,0.445772,0.357964,-1.416172,0.838975,0.013209,1.328502,0.000000,79.200000,0.000000,1.000000,48.772016,40.000000,58.082192,0.000000,-0.127521,-0.180661,0.053141,20.162884,26.851844,19.325340,0.000338,-0.285273,-2.236074,0.500335,0.010091,1.706019,3.000000,171.232877,0.568673,1.000000,48.772016,40.000000,58.082192,0.000000,-0.127521,-0.180661,0.053141,20.162884,26.851844,19.325340,0.000338,-0.285273,-2.236074,0.500335,0.010091,0.986486,9.000000,54.887218,0.109610,2.000000,35.750648,2.739726,47.351151,1.000000,-0.190977,-0.210870,0.019894,20.931219,16.864303,30.018874,-0.653869,-0.979279,-2.974439,0.088909,0.015802,1.830191,9.000000,48.897059,0.203355,3.000000,48.769220,93.382353,63.511730,0.000000,-0.266439,-0.349764,0.083325,27.210272,22.098570,26.373304,0.059965,-0.274647,-2.294458,0.513763,0.043597,3.607906,9.000000,232.478632,0.400878,8.000000,28.494616,14.338235,7.832847,1.000000,-0.513577,-0.170003,-0.343574,34.472925,13.168518,41.140905,-1.496085,-1.753729,-3.780308,0.160401,0.043405,1.576395,17.000000,119.387755,0.092729,1.000000,63.661798,81.818182,85.162955,0.000000,0.190674,0.147887,0.042788,26.941358,29.390600,12.720569,0.575322,0.876560,-1.050971,1.003963,0.011482,1.303191,3.000000,66.216216,0.434397,2.000000,49.972501,22.448980,37.847933,0.000000,0.212355,0.264788,-0.052433,33.589221,23.711126,15.752331,-0.113339,0.170675,-2.400817,0.415603,0.013414,2.007596,25.000000,155.789474,0.080304,1.000000,1.272265,3.000000,51.075269,0.424088,2.000000,2.554594,4.000000,134.782609,0.638649,1.000000,1.860089,18.000000,91.390728,0.103338,2.000000,2.077600,7.000000,151.000000,0.296800,7.000000,1.357220,3.000000,120.481928,0.452407,4.000000,1.139327,2.000000,27.946128,0.569664,3.000000,3.917172,21.000000,375.949367,0.186532,4.000000,1.052912,2.000000,35.909091,0.526456,3.000000,2.848634,16.000000,177.419355,0.178040,4.000000,1.631794,0.000000,43.356643,0.000000,8.000000,3.627140,30.000000,211.851852,0.120905,8.000000,4.000000,2.000000,46.000000,-1.000000,,,,29.299740,3.558719,23.804413,-0.564023,-0.389168,-0.174855,24.205015,12.758837,37.896991,-2.651461,-4.027325,-0.128186,0.041118,,0.000000,,52.646301,36.250000,52.916667,0.098282,0.133084,-0.034802,29.511615,22.763862,22.701650,-0.018849,0.270900,0.435087,0.002903,2.060029,1.976744,46.000000,232.478632,48.897059,0.744707,0.660729
2026-03-23T03:45:00Z,0.845263,no_impulse,0,KOTAKBANK,15m,1.000000,44.186047,1.586860,0.000000,0.000000,-1.754343,-2.094392,-3.862008,3.466810,17.000000,289.887640,0.203930,4.000000,22.049994,19.069767,22.312421,1.000000,-0.317790,-0.158565,-0.159225,16.793794,14.181454,39.293774,-1.754343,-2.094392,-3.862008,-0.206033,0.024419,1.210390,8.000000,89.898990,0.151299,3.000000,58.838487,79.200000,77.600000,1.000000,0.091908,-0.021320,0.113227,21.697947,28.439273,13.568377,0.445772,0.357964,-1.416172,0.838975,0.013209,1.328502,0.000000,79.200000,0.000000,1.000000,48.772016,40.000000,58.082192,0.000000,-0.127521,-0.180661,0.053141,20.162884,26.851844,19.325340,0.000338,-0.285273,-2.236074,0.500335,0.010091,1.706019,3.000000,171.232877,0.568673,1.000000,48.772016,40.000000,58.082192,0.000000,-0.127521,-0.180661,0.053141,20.162884,26.851844,19.325340,0.000338,-0.285273,-2.236074,0.500335,0.010091,0.986486,9.000000,54.887218,0.109610,2.000000,35.750648,2.739726,47.351151,1.000000,-0.190977,-0.210870,0.019894,20.931219,16.864303,30.018874,-0.653869,-0.979279,-2.974439,0.088909,0.015802,1.830191,9.000000,48.897059,0.203355,3.000000,48.769220,93.382353,63.511730,0.000000,-0.266439,-0.349764,0.083325,27.210272,22.098570,26.373304,0.059965,-0.274647,-2.294458,0.513763,0.043597,3.607906,9.000000,232.478632,0.400878,8.000000,28.494616,14.338235,7.832847,1.000000,-0.513577,-0.170003,-0.343574,34.472925,13.168518,41.140905,-1.496085,-1.753729,-3.780308,0.160401,0.043405,1.576395,17.000000,119.387755,0.092729,1.000000,63.661798,81.818182,85.162955,0.000000,0.190674,0.147887,0.042788,26.941358,29.390600,12.720569,0.575322,0.876560,-1.050971,1.003963,0.011482,1.303191,3.000000,66.216216,0.434397,2.000000,2.007596,25.000000,155.789474,0.080304,1.000000,1.272265,3.000000,51.075269,0.424088,2.000000,2.554594,4.000000,134.782609,0.638649,1.000000,1.860089,18.000000,91.390728,0.103338,2.000000,2.077600,7.000000,151.000000,0.296800,7.000000,1.357220,3.000000,120.481928,0.452407,4.000000,1.139327,2.000000,27.946128,0.569664,3.000000,3.917172,21.000000,375.949367,0.186532,4.000000,1.052912,2.000000,35.909091,0.526456,3.000000,2.848634,16.000000,177.419355,0.178040,4.000000,1.631794,0.000000,43.356643,0.000000,8.000000,4.000000,3.000000,46.000000,-1.000000,,,,29.299740,3.558719,23.804413,-0.564023,-0.389168,-0.174855,24.205015,12.758837,37.896991,-2.651461,-4.027325,-0.128186,0.041118,,0.000000,,52.646301,36.250000,52.916667,0.098282,0.133084,-0.034802,29.511615,22.763862,22.701650,-0.018849,0.270900,0.435087,0.002903,0.834158,0.000000,137.000000,289.887640,48.897059,0.914296,1.327903
2026-03-23T05:30:00Z,0.826616,no_impulse,0,KOTAKBANK,15m,-1.000000,141.228070,2.206084,7.000000,0.315155,-1.111865,-1.989471,-4.123721,1.586860,0.000000,44.186047,0.000000,4.000000,22.049994,19.069767,22.312421,0.000000,-0.317790,-0.158565,-0.159225,16.793794,14.181454,39.293774,-1.754343,-2.094392,-3.862008,-0.206033,0.024419,3.466810,17.000000,289.887640,0.203930,4.000000,22.049994,19.069767,22.312421,1.000000,-0.317790,-0.158565,-0.159225,16.793794,14.181454,39.293774,-1.754343,-2.094392,-3.862008,-0.206033,0.024419,1.210390,8.000000,89.898990,0.151299,3.000000,58.838487,79.200000,77.600000,1.000000,0.091908,-0.021320,0.113227,21.697947,28.439273,13.568377,0.445772,0.357964,-1.416172,0.838975,0.013209,1.328502,0.000000,79.200000,0.000000,1.000000,48.772016,40.000000,58.082192,0.000000,-0.127521,-0.180661,0.053141,20.162884,26.851844,19.325340,0.000338,-0.285273,-2.236074,0.500335,0.010091,1.706019,3.000000,171.232877,0.568673,1.000000,48.772016,40.000000,58.082192,0.000000,-0.127521,-0.180661,0.053141,20.162884,26.851844,19.325340,0.000338,-0.285273,-2.236074,0.500335,0.010091,0.986486,9.000000,54.887218,0.109610,2.000000,35.750648,2.739726,47.351151,1.000000,-0.190977,-0.210870,0.019894,20.931219,16.864303,30.018874,-0.653869,-0.979279,-2.974439,0.088909,0.015802,1.830191,9.000000,48.897059,0.203355,3.000000,48.769220,93.382353,63.511730,0.000000,-0.266439,-0.349764,0.083325,27.210272,22.098570,26.373304,0.059965,-0.274647,-2.294458,0.513763,0.043597,3.607906,9.000000,232.478632,0.400878,8.000000,28.494616,14.338235,7.832847,1.000000,-0.513577,-0.170003,-0.343574,34.472925,13.168518,41.140905,-1.496085,-1.753729,-3.780308,0.160401,0.043405,1.576395,17.000000,119.387755,0.092729,1.000000,1.303191,3.000000,66.216216,0.434397,2.000000,2.007596,25.000000,155.789474,0.080304,1.000000,1.272265,3.000000,51.075269,0.424088,2.000000,2.554594,4.000000,134.782609,0.638649,1.000000,1.860089,18.000000,91.390728,0.103338,2.000000,2.077600,7.000000,151.000000,0.296800,7.000000,1.357220,3.000000,120.481928,0.452407,4.000000,1.139327,2.000000,27.946128,0.569664,3.000000,3.917172,21.000000,375.949367,0.186532,4.000000,1.052912,2.000000,35.909091,0.526456,3.000000,2.848634,16.000000,177.419355,0.178040,4.000000,4.000000,4.000000,53.000000,-1.000000,,,,29.494757,13.015873,10.710049,-0.809085,-0.523153,-0.285932,28.199067,11.409935,37.349295,-2.215194,-3.761984,0.075466,0.051049,,0.000000,,52.646301,36.250000,52.916667,0.098282,0.133084,-0.034802,29.511615,22.763862,22.701650,-0.018849,0.270900,0.435087,0.002903,1.185891,0.933333,144.000000,289.887640,44.186047,0.918585,1.557833
2026-03-23T07:15:00Z,0.837735,no_impulse,0,KOTAKBANK,15m,1.000000,59.627329,1.345103,7.000000,0.192158,-0.469282,-1.408310,-3.744316,2.206084,7.000000,141.228070,0.315155,4.000000,31.725975,19.918699,12.968247,1.000000,-0.785676,-0.594721,-0.190955,32.564286,8.285140,33.653597,-1.111865,-1.989471,-4.123721,0.266591,0.047112,1.586860,0.000000,44.186047,0.000000,4.000000,22.049994,19.069767,22.312421,0.000000,-0.317790,-0.158565,-0.159225,16.793794,14.181454,39.293774,-1.754343,-2.094392,-3.862008,-0.206033,0.024419,3.466810,17.000000,289.887640,0.203930,4.000000,22.049994,19.069767,22.312421,1.000000,-0.317790,-0.158565,-0.159225,16.793794,14.181454,39.293774,-1.754343,-2.094392,-3.862008,-0.206033,0.024419,1.210390,8.000000,89.898990,0.151299,3.000000,58.838487,79.200000,77.600000,1.000000,0.091908,-0.021320,0.113227,21.697947,28.439273,13.568377,0.445772,0.357964,-1.416172,0.838975,0.013209,1.328502,0.000000,79.200000,0.000000,1.000000,48.772016,40.000000,58.082192,0.000000,-0.127521,-0.180661,0.053141,20.162884,26.851844,19.325340,0.000338,-0.285273,-2.236074,0.500335,0.010091,1.706019,3.000000,171.232877,0.568673,1.000000,48.772016,40.000000,58.082192,0.000000,-0.127521,-0.180661,0.053141,20.162884,26.851844,19.325340,0.000338,-0.285273,-2.236074,0.500335,0.010091,0.986486,9.000000,54.887218,0.109610,2.000000,35.750648,2.739726,47.351151,1.000000,-0.190977,-0.210870,0.019894,20.931219,16.864303,30.018874,-0.653869,-0.979279,-2.974439,0.088909,0.015802,1.830191,9.000000,48.897059,0.203355,3.000000,48.769220,93.382353,63.511730,0.000000,-0.266439,-0.349764,0.083325,27.210272,22.098570,26.373304,0.059965,-0.274647,-2.294458,0.513763,0.043597,3.607906,9.000000,232.478632,0.400878,8.000000,1.576395,17.000000,119.387755,0.092729,1.000000,1.303191,3.000000,66.216216,0.434397,2.000000,2.007596,25.000000,155.789474,0.080304,1.000000,1.272265,3.000000,51.075269,0.424088,2.000000,2.554594,4.000000,134.782609,0.638649,1.000000,1.860089,18.000000,91.390728,0.103338,2.000000,2.077600,7.000000,151.000000,0.296800,7.000000,1.357220,3.000000,120.481928,0.452407,4.000000,1.139327,2.000000,27.946128,0.569664,3.000000,3.917172,21.000000,375.949367,0.186532,4.000000,1.052912,2.000000,35.909091,0.526456,3.000000,3.000000,5.000000,60.000000,-1.000000,,,,34.279973,22.857143,17.460317,-0.885834,-0.649513,-0.236321,29.908733,13.954220,33.037577,-1.429631,-3.050373,0.215850,0.049603,,0.000000,,52.646301,36.250000,52.916667,0.098282,0.133084,-0.034802,29.511615,22.763862,22.701650,-0.018849,0.270900,0.435087,0.002903,0.689597,0.886076,151.000000,289.887640,44.186047,0.901968,1.710225
2026-03-23T09:45:00Z,0.822909,no_impulse,0,KOTAKBANK,15m,-1.000000,133.333333,1.769667,10.000000,0.176967,-0.613305,-1.482299,-3.992048,1.345103,7.000000,59.627329,0.192158,3.000000,38.605648,54.901961,43.024006,0.000000,-0.596754,-0.663972,0.067218,38.598512,15.149874,25.605694,-0.469282,-1.408310,-3.744316,0.377033,0.037985,2.206084,7.000000,141.228070,0.315155,4.000000,31.725975,19.918699,12.968247,1.000000,-0.785676,-0.594721,-0.190955,32.564286,8.285140,33.653597,-1.111865,-1.989471,-4.123721,0.266591,0.047112,1.586860,0.000000,44.186047,0.000000,4.000000,22.049994,19.069767,22.312421,0.000000,-0.317790,-0.158565,-0.159225,16.793794,14.181454,39.293774,-1.754343,-2.094392,-3.862008,-0.206033,0.024419,3.466810,17.000000,289.887640,0.203930,4.000000,22.049994,19.069767,22.312421,1.000000,-0.317790,-0.158565,-0.159225,16.793794,14.181454,39.293774,-1.754343,-2.094392,-3.862008,-0.206033,0.024419,1.210390,8.000000,89.898990,0.151299,3.000000,58.838487,79.200000,77.600000,1.000000,0.091908,-0.021320,0.113227,21.697947,28.439273,13.568377,0.445772,0.357964,-1.416172,0.838975,0.013209,1.328502,0.000000,79.200000,0.000000,1.000000,48.772016,40.000000,58.082192,0.000000,-0.127521,-0.180661,0.053141,20.162884,26.851844,19.325340,0.000338,-0.285273,-2.236074,0.500335,0.010091,1.706019,3.000000,171.232877,0.568673,1.000000,48.772016,40.000000,58.082192,0.000000,-0.127521,-0.180661,0.053141,20.162884,26.851844,19.325340,0.000338,-0.285273,-2.236074,0.500335,0.010091,0.986486,9.000000,54.887218,0.109610,2.000000,35.750648,2.739726,47.351151,1.000000,-0.190977,-0.210870,0.019894,20.931219,16.864303,30.018874,-0.653869,-0.979279,-2.974439,0.088909,0.015802,1.830191,9.000000,48.897059,0.203355,3.000000,3.607906,9.000000,232.478632,0.400878,8.000000,1.576395,17.000000,119.387755,0.092729,1.000000,1.303191,3.000000,66.216216,0.434397,2.000000,2.007596,25.000000,155.789474,0.080304,1.000000,1.272265,3.000000,51.075269,0.424088,2.000000,2.554594,4.000000,134.782609,0.638649,1.000000,1.860089,18.000000,91.390728,0.103338,2.000000,2.077600,7.000000,151.000000,0.296800,7.000000,1.357220,3.000000,120.481928,0.452407,4.000000,1.139327,2.000000,27.946128,0.569664,3.000000,3.917172,21.000000,375.949367,0.186532,4.000000,4.000000,6.000000,70.000000,-1.000000,,,,32.084311,12.968300,12.445339,-1.026448,-0.782684,-0.243764,32.629199,11.792371,35.921185,-1.826504,-3.588132,0.167457,0.053940,,0.000000,,52.646301,36.250000,52.916667,0.098282,0.133084,-0.034802,29.511615,22.763862,22.701650,-0.018849,0.270900,0.435087,0.002903,0.918146,1.449275,161.000000,289.887640,44.186047,0.915493,0.855528
2026-03-24T08:00:00Z,0.859277,no_impulse,0,KOTAKBANK,15m,1.000000,245.312500,4.419423,18.000000,0.245523,1.218731,1.528624,-0.127953,1.769667,10.000000,133.333333,0.176967,4.000000,36.506967,35.156250,19.720255,0.000000,-0.435243,-0.453560,0.018317,35.005306,10.560759,31.708140,-0.613305,-1.482299,-3.992048,-0.036749,0.011357,1.345103,7.000000,59.627329,0.192158,3.000000,38.605648,54.901961,43.024006,0.000000,-0.596754,-0.663972,0.067218,38.598512,15.149874,25.605694,-0.469282,-1.408310,-3.744316,0.377033,0.037985,2.206084,7.000000,141.228070,0.315155,4.000000,31.725975,19.918699,12.968247,1.000000,-0.785676,-0.594721,-0.190955,32.564286,8.285140,33.653597,-1.111865,-1.989471,-4.123721,0.266591,0.047112,1.586860,0.000000,44.186047,0.000000,4.000000,22.049994,19.069767,22.312421,0.000000,-0.317790,-0.158565,-0.159225,16.793794,14.181454,39.293774,-1.754343,-2.094392,-3.862008,-0.206033,0.024419,3.466810,17.000000,289.887640,0.203930,4.000000,22.049994,19.069767,22.312421,1.000000,-0.317790,-0.158565,-0.159225,16.793794,14.181454,39.293774,-1.754343,-2.094392,-3.862008,-0.206033,0.024419,1.210390,8.000000,89.898990,0.151299,3.000000,58.838487,79.200000,77.600000,1.000000,0.091908,-0.021320,0.113227,21.697947,28.439273,13.568377,0.445772,0.357964,-1.416172,0.838975,0.013209,1.328502,0.000000,79.200000,0.000000,1.000000,48.772016,40.000000,58.082192,0.000000,-0.127521,-0.180661,0.053141,20.162884,26.851844,19.325340,0.000338,-0.285273,-2.236074,0.500335,0.010091,1.706019,3.000000,171.232877,0.568673,1.000000,48.772016,40.000000,58.082192,0.000000,-0.127521,-0.180661,0.053141,20.162884,26.851844,19.325340,0.000338,-0.285273,-2.236074,0.500335,0.010091,0.986486,9.000000,54.887218,0.109610,2.000000,1.830191,9.000000,48.897059,0.203355,3.000000,3.607906,9.000000,232.478632,0.400878,8.000000,1.576395,17.000000,119.387755,0.092729,1.000000,1.303191,3.000000,66.216216,0.434397,2.000000,2.007596,25.000000,155.789474,0.080304,1.000000,1.272265,3.000000,51.075269,0.424088,2.000000,2.554594,4.000000,134.782609,0.638649,1.000000,1.860089,18.000000,91.390728,0.103338,2.000000,2.077600,7.000000,151.000000,0.296800,7.000000,1.357220,3.000000,120.481928,0.452407,4.000000,1.139327,2.000000,27.946128,0.569664,3.000000,7.000000,7.000000,88.000000,-1.000000,,,,55.777588,85.987261,80.551565,-0.319732,-0.616004,0.296272,24.802412,28.975386,21.241858,1.011525,-0.234003,0.695086,0.052380,,0.000000,,52.646301,36.250000,52.916667,0.098282,0.133084,-0.034802,29.511615,22.763862,22.701650,-0.018849,0.270900,0.435087,0.002903,2.534638,2.571429,88.000000,289.887640,44.186047,0.699694,0.849426
2026-03-24T09:45:00Z,0.847927,no_impulse,0,KOTAKBANK,15m,-1.000000,31.210191,1.320933,7.000000,0.188705,0.447425,0.829099,-0.565256,4.419423,18.000000,245.312500,0.245523,7.000000,67.524583,92.666667,88.859903,0.000000,0.533118,0.373973,0.159145,28.109879,28.876044,12.985410,1.218731,1.528624,-0.127953,0.829499,0.037444,1.769667,10.000000,133.333333,0.176967,4.000000,36.506967,35.156250,19.720255,0.000000,-0.435243,-0.453560,0.018317,35.005306,10.560759,31.708140,-0.613305,-1.482299,-3.992048,-0.036749,0.011357,1.345103,7.000000,59.627329,0.192158,3.000000,38.605648,54.901961,43.024006,0.000000,-0.596754,-0.663972,0.067218,38.598512,15.149874,25.605694,-0.469282,-1.408310,-3.744316,0.377033,0.037985,2.206084,7.000000,141.228070,0.315155,4.000000,31.725975,19.918699,12.968247,1.000000,-0.785676,-0.594721,-0.190955,32.564286,8.285140,33.653597,-1.111865,-1.989471,-4.123721,0.266591,0.047112,1.586860,0.000000,44.186047,0.000000,4.000000,22.049994,19.069767,22.312421,0.000000,-0.317790,-0.158565,-0.159225,16.793794,14.181454,39.293774,-1.754343,-2.094392,-3.862008,-0.206033,0.024419,3.466810,17.000000,289.887640,0.203930,4.000000,22.049994,19.069767,22.312421,1.000000,-0.317790,-0.158565,-0.159225,16.793794,14.181454,39.293774,-1.754343,-2.094392,-3.862008,-0.206033,0.024419,1.210390,8.000000,89.898990,0.151299,3.000000,58.838487,79.200000,77.600000,1.000000,0.091908,-0.021320,0.113227,21.697947,28.439273,13.568377,0.445772,0.357964,-1.416172,0.838975,0.013209,1.328502,0.000000,79.200000,0.000000,1.000000,48.772016,40.000000,58.082192,0.000000,-0.127521,-0.180661,0.053141,20.162884,26.851844,19.325340,0.000338,-0.285273,-2.236074,0.500335,0.010091,1.706019,3.000000,171.232877,0.568673,1.000000,0.986486,9.000000,54.887218,0.109610,2.000000,1.830191,9.000000,48.897059,0.203355,3.000000,3.607906,9.000000,232.478632,0.400878,8.000000,1.576395,17.000000,119.387755,0.092729,1.000000,1.303191,3.000000,66.216216,0.434397,2.000000,2.007596,25.000000,155.789474,0.080304,1.000000,1.272265,3.000000,51.075269,0.424088,2.000000,2.554594,4.000000,134.782609,0.638649,1.000000,1.860089,18.000000,91.390728,0.103338,2.000000,2.077600,7.000000,151.000000,0.296800,7.000000,1.357220,3.000000,120.481928,0.452407,4.000000,2.000000,1.000000,7.000000,-1.000000,,,,54.843677,85.031847,80.148620,-0.159451,-0.468104,0.308654,22.512130,25.550319,21.687816,0.852327,-0.228619,0.670326,0.050471,,0.000000,,52.646301,36.250000,52.916667,0.098282,0.133084,-0.034802,29.511615,22.763862,22.701650,-0.018849,0.270900,0.435087,0.002903,0.659630,0.886076,7.000000,289.887640,44.186047,1.099909,1.037803
2026-03-25T05:30:00Z,0.875608,no_impulse,0,KOTAKBANK,15m,1.000000,243.877551,3.264581,8.000000,0.408073,1.328231,2.272247,1.556693,1.320933,7.000000,31.210191,0.188705,2.000000,57.248564,67.361111,54.398148,0.000000,0.359619,0.412399,-0.052780,23.688566,20.890264,16.701980,0.447425,0.829099,-0.565256,0.704398,0.021988,4.419423,18.000000,245.312500,0.245523,7.000000,67.524583,92.666667,88.859903,0.000000,0.533118,0.373973,0.159145,28.109879,28.876044,12.985410,1.218731,1.528624,-0.127953,0.829499,0.037444,1.769667,10.000000,133.333333,0.176967,4.000000,36.506967,35.156250,19.720255,0.000000,-0.435243,-0.453560,0.018317,35.005306,10.560759,31.708140,-0.613305,-1.482299,-3.992048,-0.036749,0.011357,1.345103,7.000000,59.627329,0.192158,3.000000,38.605648,54.901961,43.024006,0.000000,-0.596754,-0.663972,0.067218,38.598512,15.149874,25.605694,-0.469282,-1.408310,-3.744316,0.377033,0.037985,2.206084,7.000000,141.228070,0.315155,4.000000,31.725975,19.918699,12.968247,1.000000,-0.785676,-0.594721,-0.190955,32.564286,8.285140,33.653597,-1.111865,-1.989471,-4.123721,0.266591,0.047112,1.586860,0.000000,44.186047,0.000000,4.000000,22.049994,19.069767,22.312421,0.000000,-0.317790,-0.158565,-0.159225,16.793794,14.181454,39.293774,-1.754343,-2.094392,-3.862008,-0.206033,0.024419,3.466810,17.000000,289.887640,0.203930,4.000000,22.049994,19.069767,22.312421,1.000000,-0.317790,-0.158565,-0.159225,16.793794,14.181454,39.293774,-1.754343,-2.094392,-3.862008,-0.206033,0.024419,1.210390,8.000000,89.898990,0.151299,3.000000,58.838487,79.200000,77.600000,1.000000,0.091908,-0.021320,0.113227,21.697947,28.439273,13.568377,0.445772,0.357964,-1.416172,0.838975,0.013209,1.328502,0.000000,79.200000,0.000000,1.000000,1.706019,3.000000,171.232877,0.568673,1.000000,0.986486,9.000000,54.887218,0.109610,2.000000,1.830191,9.000000,48.897059,0.203355,3.000000,3.607906,9.000000,232.478632,0.400878,8.000000,1.576395,17.000000,119.387755,0.092729,1.000000,1.303191,3.000000,66.216216,0.434397,2.000000,2.007596,25.000000,155.789474,0.080304,1.000000,1.272265,3.000000,51.075269,0.424088,2.000000,2.554594,4.000000,134.782609,0.638649,1.000000,1.860089,18.000000,91.390728,0.103338,2.000000,2.077600,7.000000,151.000000,0.296800,7.000000,1.000000,2.000000,15.000000,-1.000000,,,,54.033252,66.813187,86.777667,0.313393,-0.117296,0.430689,22.747575,28.751956,32.127630,0.723670,0.117887,0.617261,0.062164,,0.000000,,52.646301,36.250000,52.916667,0.098282,0.133084,-0.034802,29.511615,22.763862,22.701650,-0.018849,0.270900,0.435087,0.002903,1.603445,1.038961,15.000000,289.887640,31.210191,1.070267,1.461649
2026-03-25T06:00:00Z,0.840862,no_impulse,0,KOTAKBANK,15m,-1.000000,125.523013,3.968254,2.000000,1.984127,-0.906388,-0.071127,-0.763591,3.264581,8.000000,243.877551,0.408073,1.000000,72.086393,91.213389,92.961541,1.000000,0.822699,0.690494,0.132205,36.416579,33.277998,8.828600,1.328231,2.272247,1.556693,0.839184,0.039687,1.320933,7.000000,31.210191,0.188705,2.000000,57.248564,67.361111,54.398148,0.000000,0.359619,0.412399,-0.052780,23.688566,20.890264,16.701980,0.447425,0.829099,-0.565256,0.704398,0.021988,4.419423,18.000000,245.312500,0.245523,7.000000,67.524583,92.666667,88.859903,0.000000,0.533118,0.373973,0.159145,28.109879,28.876044,12.985410,1.218731,1.528624,-0.127953,0.829499,0.037444,1.769667,10.000000,133.333333,0.176967,4.000000,36.506967,35.156250,19.720255,0.000000,-0.435243,-0.453560,0.018317,35.005306,10.560759,31.708140,-0.613305,-1.482299,-3.992048,-0.036749,0.011357,1.345103,7.000000,59.627329,0.192158,3.000000,38.605648,54.901961,43.024006,0.000000,-0.596754,-0.663972,0.067218,38.598512,15.149874,25.605694,-0.469282,-1.408310,-3.744316,0.377033,0.037985,2.206084,7.000000,141.228070,0.315155,4.000000,31.725975,19.918699,12.968247,1.000000,-0.785676,-0.594721,-0.190955,32.564286,8.285140,33.653597,-1.111865,-1.989471,-4.123721,0.266591,0.047112,1.586860,0.000000,44.186047,0.000000,4.000000,22.049994,19.069767,22.312421,0.000000,-0.317790,-0.158565,-0.159225,16.793794,14.181454,39.293774,-1.754343,-2.094392,-3.862008,-0.206033,0.024419,3.466810,17.000000,289.887640,0.203930,4.000000,22.049994,19.069767,22.312421,1.000000,-0.317790,-0.158565,-0.159225,16.793794,14.181454,39.293774,-1.754343,-2.094392,-3.862008,-0.206033,0.024419,1.210390,8.000000,89.898990,0.151299,3.000000,1.328502,0.000000,79.200000,0.000000,1.000000,1.706019,3.000000,171.232877,0.568673,1.000000,0.986486,9.000000,54.887218,0.109610,2.000000,1.830191,9.000000,48.897059,0.203355,3.000000,3.607906,9.000000,232.478632,0.400878,8.000000,1.576395,17.000000,119.387755,0.092729,1.000000,1.303191,3.000000,66.216216,0.434397,2.000000,2.007596,25.000000,155.789474,0.080304,1.000000,1.272265,3.000000,51.075269,0.424088,2.000000,2.554594,4.000000,134.782609,0.638649,1.000000,1.860089,18.000000,91.390728,0.103338,2.000000,8.000000,1.000000,17.000000,-1.000000,,,,54.033252,66.813187,86.777667,0.313393,-0.117296,0.430689,22.747575,28.751956,32.127630,0.723670,0.117887,0.617261,0.062164,,0.000000,,52.646301,36.250000,52.916667,0.098282,0.133084,-0.034802,29.511615,22.763862,22.701650,-0.018849,0.270900,0.435087,0.002903,1.810471,0.243902,17.000000,289.887640,31.210191,1.128761,1.692386
2026-03-25T06:15:00Z,0.859509,no_impulse,0,KOTAKBANK,15m,1.000000,53.666667,2.217631,1.000000,2.217631,-0.560490,0.205028,-0.472351,3.968254,2.000000,125.523013,1.984127,8.000000,44.240996,35.000000,58.389121,0.000000,0.565712,0.683288,-0.117576,34.029108,21.600225,36.537394,-0.906388,-0.071127,-0.763591,0.270638,0.039163,3.264581,8.000000,243.877551,0.408073,1.000000,72.086393,91.213389,92.961541,1.000000,0.822699,0.690494,0.132205,36.416579,33.277998,8.828600,1.328231,2.272247,1.556693,0.839184,0.039687,1.320933,7.000000,31.210191,0.188705,2.000000,57.248564,67.361111,54.398148,0.000000,0.359619,0.412399,-0.052780,23.688566,20.890264,16.701980,0.447425,0.829099,-0.565256,0.704398,0.021988,4.419423,18.000000,245.312500,0.245523,7.000000,67.524583,92.666667,88.859903,0.000000,0.533118,0.373973,0.159145,28.109879,28.876044,12.985410,1.218731,1.528624,-0.127953,0.829499,0.037444,1.769667,10.000000,133.333333,0.176967,4.000000,36.506967,35.156250,19.720255,0.000000,-0.435243,-0.453560,0.018317,35.005306,10.560759,31.708140,-0.613305,-1.482299,-3.992048,-0.036749,0.011357,1.345103,7.000000,59.627329,0.192158,3.000000,38.605648,54.901961,43.024006,0.000000,-0.596754,-0.663972,0.067218,38.598512,15.149874,25.605694,-0.469282,-1.408310,-3.744316,0.377033,0.037985,2.206084,7.000000,141.228070,0.315155,4.000000,31.725975,19.918699,12.968247,1.000000,-0.785676,-0.594721,-0.190955,32.564286,8.285140,33.653597,-1.111865,-1.989471,-4.123721,0.266591,0.047112,1.586860,0.000000,44.186047,0.000000,4.000000,22.049994,19.069767,22.312421,0.000000,-0.317790,-0.158565,-0.159225,16.793794,14.181454,39.293774,-1.754343,-2.094392,-3.862008,-0.206033,0.024419,3.466810,17.000000,289.887640,0.203930,4.000000,1.210390,8.000000,89.898990,0.151299,3.000000,1.328502,0.000000,79.200000,0.000000,1.000000,1.706019,3.000000,171.232877,0.568673,1.000000,0.986486,9.000000,54.887218,0.109610,2.000000,1.830191,9.000000,48.897059,0.203355,3.000000,3.607906,9.000000,232.478632,0.400878,8.000000,1.576395,17.000000,119.387755,0.092729,1.000000,1.303191,3.000000,66.216216,0.434397,2.000000,2.007596,25.000000,155.789474,0.080304,1.000000,1.272265,3.000000,51.075269,0.424088,2.000000,2.554594,4.000000,134.782609,0.638649,1.000000,3.000000,2.000000,1.000000,-1.000000,,,,45.754374,40.000000,67.399267,0.196176,-0.056173,0.252349,21.518808,25.835831,28.869132,-0.849055,-1.493399,0.363527,0.061690,,0.000000,,52.646301,36.250000,52.916667,0.098282,0.133084,-0.034802,29.511615,22.763862,22.701650,-0.018849,0.270900,0.435087,0.002903,0.903014,0.119048,,289.887640,31.210191,1.210161,1.135326
2026-03-25T08:00:00Z,0.841325,no_impulse,0,KOTAKBANK,15m,-1.000000,97.515528,2.115618,7.000000,0.302231,-0.022788,0.222694,-0.491945,2.217631,1.000000,53.666667,2.217631,3.000000,47.016160,42.000000,41.984658,1.000000,0.447177,0.634512,-0.187335,33.433655,19.622729,33.192403,-0.560490,0.205028,-0.472351,0.357500,0.039113,3.968254,2.000000,125.523013,1.984127,8.000000,44.240996,35.000000,58.389121,0.000000,0.565712,0.683288,-0.117576,34.029108,21.600225,36.537394,-0.906388,-0.071127,-0.763591,0.270638,0.039163,3.264581,8.000000,243.877551,0.408073,1.000000,72.086393,91.213389,92.961541,1.000000,0.822699,0.690494,0.132205,36.416579,33.277998,8.828600,1.328231,2.272247,1.556693,0.839184,0.039687,1.320933,7.000000,31.210191,0.188705,2.000000,57.248564,67.361111,54.398148,0.000000,0.359619,0.412399,-0.052780,23.688566,20.890264,16.701980,0.447425,0.829099,-0.565256,0.704398,0.021988,4.419423,18.000000,245.312500,0.245523,7.000000,67.524583,92.666667,88.859903,0.000000,0.533118,0.373973,0.159145,28.109879,28.876044,12.985410,1.218731,1.528624,-0.127953,0.829499,0.037444,1.769667,10.000000,133.333333,0.176967,4.000000,36.506967,35.156250,19.720255,0.000000,-0.435243,-0.453560,0.018317,35.005306,10.560759,31.708140,-0.613305,-1.482299,-3.992048,-0.036749,0.011357,1.345103,7.000000,59.627329,0.192158,3.000000,38.605648,54.901961,43.024006,0.000000,-0.596754,-0.663972,0.067218,38.598512,15.149874,25.605694,-0.469282,-1.408310,-3.744316,0.377033,0.037985,2.206084,7.000000,141.228070,0.315155,4.000000,31.725975,19.918699,12.968247,1.000000,-0.785676,-0.594721,-0.190955,32.564286,8.285140,33.653597,-1.111865,-1.989471,-4.123721,0.266591,0.047112,1.586860,0.000000,44.186047,0.000000,4.000000,3.466810,17.000000,289.887640,0.203930,4.000000,1.210390,8.000000,89.898990,0.151299,3.000000,1.328502,0.000000,79.200000,0.000000,1.000000,1.706019,3.000000,171.232877,0.568673,1.000000,0.986486,9.000000,54.887218,0.109610,2.000000,1.830191,9.000000,48.897059,0.203355,3.000000,3.607906,9.000000,232.478632,0.400878,8.000000,1.576395,17.000000,119.387755,0.092729,1.000000,1.303191,3.000000,66.216216,0.434397,2.000000,2.007596,25.000000,155.789474,0.080304,1.000000,1.272265,3.000000,51.075269,0.424088,2.000000,2.000000,1.000000,8.000000,-1.000000,,,,53.220166,65.934066,57.582418,0.223550,0.000488,0.223062,20.173277,26.163040,24.796619,0.685803,0.119057,0.609975,0.062791,,0.000000,,52.646301,36.250000,52.916667,0.098282,0.133084,-0.034802,29.511615,22.763862,22.701650,-0.018849,0.270900,0.435087,0.002903,0.827533,0.909091,,289.887640,31.210191,1.134539,1.258381
2026-03-25T08:30:00Z,0.865184,no_impulse,0,KOTAKBANK,15m,1.000000,131.210191,2.835903,2.000000,1.417952,0.211813,0.504032,-0.142868,2.115618,7.000000,97.515528,0.302231,2.000000,49.941115,39.666667,19.333333,0.000000,-0.168565,0.107892,-0.276456,32.534948,19.161105,27.536937,-0.022788,0.222694,-0.491945,0.495253,0.047999,2.217631,1.000000,53.666667,2.217631,3.000000,47.016160,42.000000,41.984658,1.000000,0.447177,0.634512,-0.187335,33.433655,19.622729,33.192403,-0.560490,0.205028,-0.472351,0.357500,0.039113,3.968254,2.000000,125.523013,1.984127,8.000000,44.240996,35.000000,58.389121,0.000000,0.565712,0.683288,-0.117576,34.029108,21.600225,36.537394,-0.906388,-0.071127,-0.763591,0.270638,0.039163,3.264581,8.000000,243.877551,0.408073,1.000000,72.086393,91.213389,92.961541,1.000000,0.822699,0.690494,0.132205,36.416579,33.277998,8.828600,1.328231,2.272247,1.556693,0.839184,0.039687,1.320933,7.000000,31.210191,0.188705,2.000000,57.248564,67.361111,54.398148,0.000000,0.359619,0.412399,-0.052780,23.688566,20.890264,16.701980,0.447425,0.829099,-0.565256,0.704398,0.021988,4.419423,18.000000,245.312500,0.245523,7.000000,67.524583,92.666667,88.859903,0.000000,0.533118,0.373973,0.159145,28.109879,28.876044,12.985410,1.218731,1.528624,-0.127953,0.829499,0.037444,1.769667,10.000000,133.333333,0.176967,4.000000,36.506967,35.156250,19.720255,0.000000,-0.435243,-0.453560,0.018317,35.005306,10.560759,31.708140,-0.613305,-1.482299,-3.992048,-0.036749,0.011357,1.345103,7.000000,59.627329,0.192158,3.000000,38.605648,54.901961,43.024006,0.000000,-0.596754,-0.663972,0.067218,38.598512,15.149874,25.605694,-0.469282,-1.408310,-3.744316,0.377033,0.037985,2.206084,7.000000,141.228070,0.315155,4.000000,1.586860,0.000000,44.186047,0.000000,4.000000,3.466810,17.000000,289.887640,0.203930,4.000000,1.210390,8.000000,89.898990,0.151299,3.000000,1.328502,0.000000,79.200000,0.000000,1.000000,1.706019,3.000000,171.232877,0.568673,1.000000,0.986486,9.000000,54.887218,0.109610,2.000000,1.830191,9.000000,48.897059,0.203355,3.000000,3.607906,9.000000,232.478632,0.400878,8.000000,1.576395,17.000000,119.387755,0.092729,1.000000,1.303191,3.000000,66.216216,0.434397,2.000000,2.007596,25.000000,155.789474,0.080304,1.000000,1.000000,2.000000,10.000000,-1.000000,,,,54.310560,70.109890,58.681319,0.264687,0.053327,0.211361,18.923856,25.054422,23.745901,0.850453,0.359986,0.633506,0.064248,,0.000000,,52.646301,36.250000,52.916667,0.098282,0.133084,-0.034802,29.511615,22.763862,22.701650,-0.018849,0.270900,0.435087,0.002903,1.171176,0.298507,,245.312500,31.210191,1.093813,0.921883
2026-03-27T05:30:00Z,0.839703,no_impulse,0,KOTAKBANK,15m,-1.000000,106.796117,2.945114,13.000000,0.226547,-0.761891,-0.991824,-1.748630,2.835903,2.000000,131.210191,1.417952,1.000000,51.950587,48.333333,50.888889,1.000000,-0.031836,0.052450,-0.084287,28.646638,25.206822,22.831463,0.211813,0.504032,-0.142868,0.545997,0.046147,2.115618,7.000000,97.515528,0.302231,2.000000,49.941115,39.666667,19.333333,0.000000,-0.168565,0.107892,-0.276456,32.534948,19.161105,27.536937,-0.022788,0.222694,-0.491945,0.495253,0.047999,2.217631,1.000000,53.666667,2.217631,3.000000,47.016160,42.000000,41.984658,1.000000,0.447177,0.634512,-0.187335,33.433655,19.622729,33.192403,-0.560490,0.205028,-0.472351,0.357500,0.039113,3.968254,2.000000,125.523013,1.984127,8.000000,44.240996,35.000000,58.389121,0.000000,0.565712,0.683288,-0.117576,34.029108,21.600225,36.537394,-0.906388,-0.071127,-0.763591,0.270638,0.039163,3.264581,8.000000,243.877551,0.408073,1.000000,72.086393,91.213389,92.961541,1.000000,0.822699,0.690494,0.132205,36.416579,33.277998,8.828600,1.328231,2.272247,1.556693,0.839184,0.039687,1.320933,7.000000,31.210191,0.188705,2.000000,57.248564,67.361111,54.398148,0.000000,0.359619,0.412399,-0.052780,23.688566,20.890264,16.701980,0.447425,0.829099,-0.565256,0.704398,0.021988,4.419423,18.000000,245.312500,0.245523,7.000000,67.524583,92.666667,88.859903,0.000000,0.533118,0.373973,0.159145,28.109879,28.876044,12.985410,1.218731,1.528624,-0.127953,0.829499,0.037444,1.769667,10.000000,133.333333,0.176967,4.000000,36.506967,35.156250,19.720255,0.000000,-0.435243,-0.453560,0.018317,35.005306,10.560759,31.708140,-0.613305,-1.482299,-3.992048,-0.036749,0.011357,1.345103,7.000000,59.627329,0.192158,3.000000,2.206084,7.000000,141.228070,0.315155,4.000000,1.586860,0.000000,44.186047,0.000000,4.000000,3.466810,17.000000,289.887640,0.203930,4.000000,1.210390,8.000000,89.898990,0.151299,3.000000,1.328502,0.000000,79.200000,0.000000,1.000000,1.706019,3.000000,171.232877,0.568673,1.000000,0.986486,9.000000,54.887218,0.109610,2.000000,1.830191,9.000000,48.897059,0.203355,3.000000,3.607906,9.000000,232.478632,0.400878,8.000000,1.576395,17.000000,119.387755,0.092729,1.000000,1.303191,3.000000,66.216216,0.434397,2.000000,8.000000,1.000000,23.000000,-1.000000,,,,46.377990,14.193548,8.297491,-0.036851,0.065161,-0.102012,17.518448,21.310530,28.739715,-0.674607,-1.238214,0.382392,0.056976,,0.000000,,52.646301,36.250000,52.916667,0.098282,0.133084,-0.034802,29.511615,22.763862,22.701650,-0.018849,0.270900,0.435087,0.002903,1.156616,1.884058,,245.312500,31.210191,1.058676,0.838128
2026-03-27T09:30:00Z,0.850243,no_impulse,0,KOTAKBANK,15m,1.000000,41.363636,1.255172,16.000000,0.078448,0.423851,0.145269,-0.735846,2.945114,13.000000,106.796117,0.226547,8.000000,40.506580,12.727273,8.146093,1.000000,-0.439663,-0.276498,-0.163165,23.154112,16.547787,29.537439,-0.761891,-0.991824,-1.748630,0.286694,0.035448,2.835903,2.000000,131.210191,1.417952,1.000000,51.950587,48.333333,50.888889,1.000000,-0.031836,0.052450,-0.084287,28.646638,25.206822,22.831463,0.211813,0.504032,-0.142868,0.545997,0.046147,2.115618,7.000000,97.515528,0.302231,2.000000,49.941115,39.666667,19.333333,0.000000,-0.168565,0.107892,-0.276456,32.534948,19.161105,27.536937,-0.022788,0.222694,-0.491945,0.495253,0.047999,2.217631,1.000000,53.666667,2.217631,3.000000,47.016160,42.000000,41.984658,1.000000,0.447177,0.634512,-0.187335,33.433655,19.622729,33.192403,-0.560490,0.205028,-0.472351,0.357500,0.039113,3.968254,2.000000,125.523013,1.984127,8.000000,44.240996,35.000000,58.389121,0.000000,0.565712,0.683288,-0.117576,34.029108,21.600225,36.537394,-0.906388,-0.071127,-0.763591,0.270638,0.039163,3.264581,8.000000,243.877551,0.408073,1.000000,72.086393,91.213389,92.961541,1.000000,0.822699,0.690494,0.132205,36.416579,33.277998,8.828600,1.328231,2.272247,1.556693,0.839184,0.039687,1.320933,7.000000,31.210191,0.188705,2.000000,57.248564,67.361111,54.398148,0.000000,0.359619,0.412399,-0.052780,23.688566,20.890264,16.701980,0.447425,0.829099,-0.565256,0.704398,0.021988,4.419423,18.000000,245.312500,0.245523,7.000000,67.524583,92.666667,88.859903,0.000000,0.533118,0.373973,0.159145,28.109879,28.876044,12.985410,1.218731,1.528624,-0.127953,0.829499,0.037444,1.769667,10.000000,133.333333,0.176967,4.000000,1.345103,7.000000,59.627329,0.192158,3.000000,2.206084,7.000000,141.228070,0.315155,4.000000,1.586860,0.000000,44.186047,0.000000,4.000000,3.466810,17.000000,289.887640,0.203930,4.000000,1.210390,8.000000,89.898990,0.151299,3.000000,1.328502,0.000000,79.200000,0.000000,1.000000,1.706019,3.000000,171.232877,0.568673,1.000000,0.986486,9.000000,54.887218,0.109610,2.000000,1.830191,9.000000,48.897059,0.203355,3.000000,3.607906,9.000000,232.478632,0.400878,8.000000,1.576395,17.000000,119.387755,0.092729,1.000000,3.000000,2.000000,16.000000,-1.000000,,,,46.281565,12.580645,17.956989,-0.143680,-0.042893,-0.100787,16.243497,20.026224,24.562482,-0.567630,-1.145304,0.367080,0.042464,,0.000000,,52.646301,36.250000,52.916667,0.098282,0.133084,-0.034802,29.511615,22.763862,22.701650,-0.018849,0.270900,0.435087,0.002903,0.479033,2.133333,,245.312500,31.210191,1.058081,0.835582
2026-03-30T03:45:00Z,0.814686,no_impulse,0,KOTAKBANK,15m,-1.000000,337.362637,4.181992,2.000000,2.090996,-2.685332,-3.128895,-4.131901,1.255172,16.000000,41.363636,0.078448,3.000000,55.577783,91.666667,64.964158,0.000000,-0.152016,-0.231110,0.079094,19.209842,23.055522,19.356871,0.423851,0.145269,-0.735846,0.974042,0.008979,2.945114,13.000000,106.796117,0.226547,8.000000,40.506580,12.727273,8.146093,1.000000,-0.439663,-0.276498,-0.163165,23.154112,16.547787,29.537439,-0.761891,-0.991824,-1.748630,0.286694,0.035448,2.835903,2.000000,131.210191,1.417952,1.000000,51.950587,48.333333,50.888889,1.000000,-0.031836,0.052450,-0.084287,28.646638,25.206822,22.831463,0.211813,0.504032,-0.142868,0.545997,0.046147,2.115618,7.000000,97.515528,0.302231,2.000000,49.941115,39.666667,19.333333,0.000000,-0.168565,0.107892,-0.276456,32.534948,19.161105,27.536937,-0.022788,0.222694,-0.491945,0.495253,0.047999,2.217631,1.000000,53.666667,2.217631,3.000000,47.016160,42.000000,41.984658,1.000000,0.447177,0.634512,-0.187335,33.433655,19.622729,33.192403,-0.560490,0.205028,-0.472351,0.357500,0.039113,3.968254,2.000000,125.523013,1.984127,8.000000,44.240996,35.000000,58.389121,0.000000,0.565712,0.683288,-0.117576,34.029108,21.600225,36.537394,-0.906388,-0.071127,-0.763591,0.270638,0.039163,3.264581,8.000000,243.877551,0.408073,1.000000,72.086393,91.213389,92.961541,1.000000,0.822699,0.690494,0.132205,36.416579,33.277998,8.828600,1.328231,2.272247,1.556693,0.839184,0.039687,1.320933,7.000000,31.210191,0.188705,2.000000,57.248564,67.361111,54.398148,0.000000,0.359619,0.412399,-0.052780,23.688566,20.890264,16.701980,0.447425,0.829099,-0.565256,0.704398,0.021988,4.419423,18.000000,245.312500,0.245523,7.000000,1.769667,10.000000,133.333333,0.176967,4.000000,1.345103,7.000000,59.627329,0.192158,3.000000,2.206084,7.000000,141.228070,0.315155,4.000000,1.586860,0.000000,44.186047,0.000000,4.000000,3.466810,17.000000,289.887640,0.203930,4.000000,1.210390,8.000000,89.898990,0.151299,3.000000,1.328502,0.000000,79.200000,0.000000,1.000000,1.706019,3.000000,171.232877,0.568673,1.000000,0.986486,9.000000,54.887218,0.109610,2.000000,1.830191,9.000000,48.897059,0.203355,3.000000,3.607906,9.000000,232.478632,0.400878,8.000000,4.000000,3.000000,18.000000,-1.000000,,,,34.749180,9.315589,16.438530,-0.408187,-0.116950,-0.291237,17.969363,16.222492,38.220533,-3.159891,-3.926711,-0.077223,0.053066,,0.000000,,52.646301,36.250000,52.916667,0.098282,0.133084,-0.034802,29.511615,22.763862,22.701650,-0.018849,0.270900,0.435087,0.002903,1.601541,0.238095,,245.312500,31.210191,1.070433,0.847580
2026-03-30T04:00:00Z,0.826963,no_impulse,0,KOTAKBANK,15m,1.000000,34.527687,1.506966,1.000000,1.506966,-2.324904,-2.894549,-3.974624,4.181992,2.000000,337.362637,2.090996,4.000000,25.477680,18.892508,46.112318,1.000000,-0.375409,-0.253071,-0.122338,20.949249,12.936072,46.611609,-2.685332,-3.128895,-4.131901,-0.525955,0.025490,1.255172,16.000000,41.363636,0.078448,3.000000,55.577783,91.666667,64.964158,0.000000,-0.152016,-0.231110,0.079094,19.209842,23.055522,19.356871,0.423851,0.145269,-0.735846,0.974042,0.008979,2.945114,13.000000,106.796117,0.226547,8.000000,40.506580,12.727273,8.146093,1.000000,-0.439663,-0.276498,-0.163165,23.154112,16.547787,29.537439,-0.761891,-0.991824,-1.748630,0.286694,0.035448,2.835903,2.000000,131.210191,1.417952,1.000000,51.950587,48.333333,50.888889,1.000000,-0.031836,0.052450,-0.084287,28.646638,25.206822,22.831463,0.211813,0.504032,-0.142868,0.545997,0.046147,2.115618,7.000000,97.515528,0.302231,2.000000,49.941115,39.666667,19.333333,0.000000,-0.168565,0.107892,-0.276456,32.534948,19.161105,27.536937,-0.022788,0.222694,-0.491945,0.495253,0.047999,2.217631,1.000000,53.666667,2.217631,3.000000,47.016160,42.000000,41.984658,1.000000,0.447177,0.634512,-0.187335,33.433655,19.622729,33.192403,-0.560490,0.205028,-0.472351,0.357500,0.039113,3.968254,2.000000,125.523013,1.984127,8.000000,44.240996,35.000000,58.389121,0.000000,0.565712,0.683288,-0.117576,34.029108,21.600225,36.537394,-0.906388,-0.071127,-0.763591,0.270638,0.039163,3.264581,8.000000,243.877551,0.408073,1.000000,72.086393,91.213389,92.961541,1.000000,0.822699,0.690494,0.132205,36.416579,33.277998,8.828600,1.328231,2.272247,1.556693,0.839184,0.039687,1.320933,7.000000,31.210191,0.188705,2.000000,4.419423,18.000000,245.312500,0.245523,7.000000,1.769667,10.000000,133.333333,0.176967,4.000000,1.345103,7.000000,59.627329,0.192158,3.000000,2.206084,7.000000,141.228070,0.315155,4.000000,1.586860,0.000000,44.186047,0.000000,4.000000,3.466810,17.000000,289.887640,0.203930,4.000000,1.210390,8.000000,89.898990,0.151299,3.000000,1.328502,0.000000,79.200000,0.000000,1.000000,1.706019,3.000000,171.232877,0.568673,1.000000,0.986486,9.000000,54.887218,0.109610,2.000000,1.830191,9.000000,48.897059,0.203355,3.000000,3.000000,4.000000,19.000000,-1.000000,,,,34.749180,9.315589,16.438530,-0.408187,-0.116950,-0.291237,17.969363,16.222492,38.220533,-3.159891,-3.926711,-0.077223,0.053066,,0.000000,,52.646301,36.250000,52.916667,0.098282,0.133084,-0.034802,29.511615,22.763862,22.701650,-0.018849,0.270900,0.435087,0.002903,0.528304,0.131579,,337.362637,31.210191,1.129876,1.169215
2026-03-30T05:00:00Z,0.814570,no_impulse,0,KOTAKBANK,15m,-1.000000,100.943396,1.498599,4.000000,0.374650,-2.009204,-3.008608,-4.418751,1.506966,1.000000,34.527687,1.506966,3.000000,26.900538,21.498371,22.722886,0.000000,-0.533186,-0.308866,-0.224320,23.492319,11.864751,42.751395,-2.324904,-2.894549,-3.974624,-0.177019,0.033560,4.181992,2.000000,337.362637,2.090996,4.000000,25.477680,18.892508,46.112318,1.000000,-0.375409,-0.253071,-0.122338,20.949249,12.936072,46.611609,-2.685332,-3.128895,-4.131901,-0.525955,0.025490,1.255172,16.000000,41.363636,0.078448,3.000000,55.577783,91.666667,64.964158,0.000000,-0.152016,-0.231110,0.079094,19.209842,23.055522,19.356871,0.423851,0.145269,-0.735846,0.974042,0.008979,2.945114,13.000000,106.796117,0.226547,8.000000,40.506580,12.727273,8.146093,1.000000,-0.439663,-0.276498,-0.163165,23.154112,16.547787,29.537439,-0.761891,-0.991824,-1.748630,0.286694,0.035448,2.835903,2.000000,131.210191,1.417952,1.000000,51.950587,48.333333,50.888889,1.000000,-0.031836,0.052450,-0.084287,28.646638,25.206822,22.831463,0.211813,0.504032,-0.142868,0.545997,0.046147,2.115618,7.000000,97.515528,0.302231,2.000000,49.941115,39.666667,19.333333,0.000000,-0.168565,0.107892,-0.276456,32.534948,19.161105,27.536937,-0.022788,0.222694,-0.491945,0.495253,0.047999,2.217631,1.000000,53.666667,2.217631,3.000000,47.016160,42.000000,41.984658,1.000000,0.447177,0.634512,-0.187335,33.433655,19.622729,33.192403,-0.560490,0.205028,-0.472351,0.357500,0.039113,3.968254,2.000000,125.523013,1.984127,8.000000,44.240996,35.000000,58.389121,0.000000,0.565712,0.683288,-0.117576,34.029108,21.600225,36.537394,-0.906388,-0.071127,-0.763591,0.270638,0.039163,3.264581,8.000000,243.877551,0.408073,1.000000,1.320933,7.000000,31.210191,0.188705,2.000000,4.419423,18.000000,245.312500,0.245523,7.000000,1.769667,10.000000,133.333333,0.176967,4.000000,1.345103,7.000000,59.627329,0.192158,3.000000,2.206084,7.000000,141.228070,0.315155,4.000000,1.586860,0.000000,44.186047,0.000000,4.000000,3.466810,17.000000,289.887640,0.203930,4.000000,1.210390,8.000000,89.898990,0.151299,3.000000,1.328502,0.000000,79.200000,0.000000,1.000000,1.706019,3.000000,171.232877,0.568673,1.000000,0.986486,9.000000,54.887218,0.109610,2.000000,4.000000,5.000000,23.000000,-1.000000,,,,33.610817,4.715128,8.870454,-0.639124,-0.221730,-0.417395,19.578215,15.560935,36.738836,-3.202822,-4.140603,0.009030,0.063210,,0.000000,,52.646301,36.250000,52.916667,0.098282,0.133084,-0.034802,29.511615,22.763862,22.701650,-0.018849,0.270900,0.435087,0.002903,0.585112,0.677966,,337.362637,31.210191,1.053899,0.879378
2026-03-30T07:00:00Z,0.830901,no_impulse,0,KOTAKBANK,15m,1.000000,131.775701,2.004834,8.000000,0.250604,0.165955,-0.832217,-2.539100,1.498599,4.000000,100.943396,0.374650,4.000000,25.665976,8.116883,10.957528,0.000000,-0.942950,-0.627384,-0.315566,33.114780,8.994039,39.767030,-2.009204,-3.008608,-4.418751,0.150835,0.056410,1.506966,1.000000,34.527687,1.506966,3.000000,26.900538,21.498371,22.722886,0.000000,-0.533186,-0.308866,-0.224320,23.492319,11.864751,42.751395,-2.324904,-2.894549,-3.974624,-0.177019,0.033560,4.181992,2.000000,337.362637,2.090996,4.000000,25.477680,18.892508,46.112318,1.000000,-0.375409,-0.253071,-0.122338,20.949249,12.936072,46.611609,-2.685332,-3.128895,-4.131901,-0.525955,0.025490,1.255172,16.000000,41.363636,0.078448,3.000000,55.577783,91.666667,64.964158,0.000000,-0.152016,-0.231110,0.079094,19.209842,23.055522,19.356871,0.423851,0.145269,-0.735846,0.974042,0.008979,2.945114,13.000000,106.796117,0.226547,8.000000,40.506580,12.727273,8.146093,1.000000,-0.439663,-0.276498,-0.163165,23.154112,16.547787,29.537439,-0.761891,-0.991824,-1.748630,0.286694,0.035448,2.835903,2.000000,131.210191,1.417952,1.000000,51.950587,48.333333,50.888889,1.000000,-0.031836,0.052450,-0.084287,28.646638,25.206822,22.831463,0.211813,0.504032,-0.142868,0.545997,0.046147,2.115618,7.000000,97.515528,0.302231,2.000000,49.941115,39.666667,19.333333,0.000000,-0.168565,0.107892,-0.276456,32.534948,19.161105,27.536937,-0.022788,0.222694,-0.491945,0.495253,0.047999,2.217631,1.000000,53.666667,2.217631,3.000000,47.016160,42.000000,41.984658,1.000000,0.447177,0.634512,-0.187335,33.433655,19.622729,33.192403,-0.560490,0.205028,-0.472351,0.357500,0.039113,3.968254,2.000000,125.523013,1.984127,8.000000,3.264581,8.000000,243.877551,0.408073,1.000000,1.320933,7.000000,31.210191,0.188705,2.000000,4.419423,18.000000,245.312500,0.245523,7.000000,1.769667,10.000000,133.333333,0.176967,4.000000,1.345103,7.000000,59.627329,0.192158,3.000000,2.206084,7.000000,141.228070,0.315155,4.000000,1.586860,0.000000,44.186047,0.000000,4.000000,3.466810,17.000000,289.887640,0.203930,4.000000,1.210390,8.000000,89.898990,0.151299,3.000000,1.328502,0.000000,79.200000,0.000000,1.000000,1.706019,3.000000,171.232877,0.568673,1.000000,7.000000,6.000000,31.000000,-1.000000,,,,40.304763,22.654462,18.810458,-0.754780,-0.401428,-0.353353,20.175641,20.029941,32.128981,-1.767238,-2.826078,0.250708,0.069659,,0.000000,,52.646301,36.250000,52.916667,0.098282,0.133084,-0.034802,29.511615,22.763862,22.701650,-0.018849,0.270900,0.435087,0.002903,0.777374,1.428571,,337.362637,34.527687,1.031936,1.021513
2026-03-30T09:45:00Z,0.815497,no_impulse,0,KOTAKBANK,15m,-1.000000,94.326241,1.853917,11.000000,0.168538,-0.827720,-1.750870,-3.747820,2.004834,8.000000,131.775701,0.250604,7.000000,48.352029,59.734513,47.535875,1.000000,-0.557040,-0.737198,0.180158,33.683931,21.351536,27.056981,0.165955,-0.832217,-2.539100,0.530491,0.054518,1.498599,4.000000,100.943396,0.374650,4.000000,25.665976,8.116883,10.957528,0.000000,-0.942950,-0.627384,-0.315566,33.114780,8.994039,39.767030,-2.009204,-3.008608,-4.418751,0.150835,0.056410,1.506966,1.000000,34.527687,1.506966,3.000000,26.900538,21.498371,22.722886,0.000000,-0.533186,-0.308866,-0.224320,23.492319,11.864751,42.751395,-2.324904,-2.894549,-3.974624,-0.177019,0.033560,4.181992,2.000000,337.362637,2.090996,4.000000,25.477680,18.892508,46.112318,1.000000,-0.375409,-0.253071,-0.122338,20.949249,12.936072,46.611609,-2.685332,-3.128895,-4.131901,-0.525955,0.025490,1.255172,16.000000,41.363636,0.078448,3.000000,55.577783,91.666667,64.964158,0.000000,-0.152016,-0.231110,0.079094,19.209842,23.055522,19.356871,0.423851,0.145269,-0.735846,0.974042,0.008979,2.945114,13.000000,106.796117,0.226547,8.000000,40.506580,12.727273,8.146093,1.000000,-0.439663,-0.276498,-0.163165,23.154112,16.547787,29.537439,-0.761891,-0.991824,-1.748630,0.286694,0.035448,2.835903,2.000000,131.210191,1.417952,1.000000,51.950587,48.333333,50.888889,1.000000,-0.031836,0.052450,-0.084287,28.646638,25.206822,22.831463,0.211813,0.504032,-0.142868,0.545997,0.046147,2.115618,7.000000,97.515528,0.302231,2.000000,49.941115,39.666667,19.333333,0.000000,-0.168565,0.107892,-0.276456,32.534948,19.161105,27.536937,-0.022788,0.222694,-0.491945,0.495253,0.047999,2.217631,1.000000,53.666667,2.217631,3.000000,3.968254,2.000000,125.523013,1.984127,8.000000,3.264581,8.000000,243.877551,0.408073,1.000000,1.320933,7.000000,31.210191,0.188705,2.000000,4.419423,18.000000,245.312500,0.245523,7.000000,1.769667,10.000000,133.333333,0.176967,4.000000,1.345103,7.000000,59.627329,0.192158,3.000000,2.206084,7.000000,141.228070,0.315155,4.000000,1.586860,0.000000,44.186047,0.000000,4.000000,3.466810,17.000000,289.887640,0.203930,4.000000,1.210390,8.000000,89.898990,0.151299,3.000000,1.328502,0.000000,79.200000,0.000000,1.000000,2.000000,1.000000,11.000000,-1.000000,,,,36.526890,7.848837,12.835257,-0.984797,-0.655063,-0.329734,22.221878,17.226587,33.632797,-2.158212,-3.473649,0.221930,0.075974,,0.000000,,52.646301,36.250000,52.916667,0.098282,0.133084,-0.034802,29.511615,22.763862,22.701650,-0.018849,0.270900,0.435087,0.002903,0.755773,1.964286,,337.362637,34.527687,1.015706,0.597737
2026-04-01T03:45:00Z,0.843294,no_impulse,0,KOTAKBANK,15m,1.000000,180.451128,3.408607,1.000000,3.408607,1.751977,0.997826,-0.894660,1.853917,11.000000,94.326241,0.168538,2.000000,33.677063,14.285714,21.038181,1.000000,-0.442708,-0.453550,0.010842,29.806736,12.795551,28.957096,-0.827720,-1.750870,-3.747820,0.097124,0.020377,2.004834,8.000000,131.775701,0.250604,7.000000,48.352029,59.734513,47.535875,1.000000,-0.557040,-0.737198,0.180158,33.683931,21.351536,27.056981,0.165955,-0.832217,-2.539100,0.530491,0.054518,1.498599,4.000000,100.943396,0.374650,4.000000,25.665976,8.116883,10.957528,0.000000,-0.942950,-0.627384,-0.315566,33.114780,8.994039,39.767030,-2.009204,-3.008608,-4.418751,0.150835,0.056410,1.506966,1.000000,34.527687,1.506966,3.000000,26.900538,21.498371,22.722886,0.000000,-0.533186,-0.308866,-0.224320,23.492319,11.864751,42.751395,-2.324904,-2.894549,-3.974624,-0.177019,0.033560,4.181992,2.000000,337.362637,2.090996,4.000000,25.477680,18.892508,46.112318,1.000000,-0.375409,-0.253071,-0.122338,20.949249,12.936072,46.611609,-2.685332,-3.128895,-4.131901,-0.525955,0.025490,1.255172,16.000000,41.363636,0.078448,3.000000,55.577783,91.666667,64.964158,0.000000,-0.152016,-0.231110,0.079094,19.209842,23.055522,19.356871,0.423851,0.145269,-0.735846,0.974042,0.008979,2.945114,13.000000,106.796117,0.226547,8.000000,40.506580,12.727273,8.146093,1.000000,-0.439663,-0.276498,-0.163165,23.154112,16.547787,29.537439,-0.761891,-0.991824,-1.748630,0.286694,0.035448,2.835903,2.000000,131.210191,1.417952,1.000000,51.950587,48.333333,50.888889,1.000000,-0.031836,0.052450,-0.084287,28.646638,25.206822,22.831463,0.211813,0.504032,-0.142868,0.545997,0.046147,2.115618,7.000000,97.515528,0.302231,2.000000,2.217631,1.000000,53.666667,2.217631,3.000000,3.968254,2.000000,125.523013,1.984127,8.000000,3.264581,8.000000,243.877551,0.408073,1.000000,1.320933,7.000000,31.210191,0.188705,2.000000,4.419423,18.000000,245.312500,0.245523,7.000000,1.769667,10.000000,133.333333,0.176967,4.000000,1.345103,7.000000,59.627329,0.192158,3.000000,2.206084,7.000000,141.228070,0.315155,4.000000,1.586860,0.000000,44.186047,0.000000,4.000000,3.466810,17.000000,289.887640,0.203930,4.000000,1.210390,8.000000,89.898990,0.151299,3.000000,1.000000,2.000000,12.000000,-1.000000,,,,48.048475,56.493506,24.448259,-0.847619,-0.682885,-0.164734,20.787203,29.262989,28.038776,-0.067411,-1.309658,0.490001,0.067373,,0.000000,,52.646301,36.250000,52.916667,0.098282,0.133084,-0.034802,29.511615,22.763862,22.701650,-0.018849,0.270900,0.435087,0.002903,1.520630,0.153846,,337.362637,34.527687,0.875647,0.771493
2026-04-02T03:45:00Z,0.802409,no_impulse,0,KOTAKBANK,15m,-1.000000,147.083333,4.848235,25.000000,0.193929,-2.635949,-3.111288,-4.945648,3.408607,1.000000,180.451128,3.408607,1.000000,64.454768,90.833333,41.706349,1.000000,-0.225458,-0.397984,0.172527,29.771647,36.573647,19.991345,1.751977,0.997826,-0.894660,1.166843,0.026741,1.853917,11.000000,94.326241,0.168538,2.000000,33.677063,14.285714,21.038181,1.000000,-0.442708,-0.453550,0.010842,29.806736,12.795551,28.957096,-0.827720,-1.750870,-3.747820,0.097124,0.020377,2.004834,8.000000,131.775701,0.250604,7.000000,48.352029,59.734513,47.535875,1.000000,-0.557040,-0.737198,0.180158,33.683931,21.351536,27.056981,0.165955,-0.832217,-2.539100,0.530491,0.054518,1.498599,4.000000,100.943396,0.374650,4.000000,25.665976,8.116883,10.957528,0.000000,-0.942950,-0.627384,-0.315566,33.114780,8.994039,39.767030,-2.009204,-3.008608,-4.418751,0.150835,0.056410,1.506966,1.000000,34.527687,1.506966,3.000000,26.900538,21.498371,22.722886,0.000000,-0.533186,-0.308866,-0.224320,23.492319,11.864751,42.751395,-2.324904,-2.894549,-3.974624,-0.177019,0.033560,4.181992,2.000000,337.362637,2.090996,4.000000,25.477680,18.892508,46.112318,1.000000,-0.375409,-0.253071,-0.122338,20.949249,12.936072,46.611609,-2.685332,-3.128895,-4.131901,-0.525955,0.025490,1.255172,16.000000,41.363636,0.078448,3.000000,55.577783,91.666667,64.964158,0.000000,-0.152016,-0.231110,0.079094,19.209842,23.055522,19.356871,0.423851,0.145269,-0.735846,0.974042,0.008979,2.945114,13.000000,106.796117,0.226547,8.000000,40.506580,12.727273,8.146093,1.000000,-0.439663,-0.276498,-0.163165,23.154112,16.547787,29.537439,-0.761891,-0.991824,-1.748630,0.286694,0.035448,2.835903,2.000000,131.210191,1.417952,1.000000,2.115618,7.000000,97.515528,0.302231,2.000000,2.217631,1.000000,53.666667,2.217631,3.000000,3.968254,2.000000,125.523013,1.984127,8.000000,3.264581,8.000000,243.877551,0.408073,1.000000,1.320933,7.000000,31.210191,0.188705,2.000000,4.419423,18.000000,245.312500,0.245523,7.000000,1.769667,10.000000,133.333333,0.176967,4.000000,1.345103,7.000000,59.627329,0.192158,3.000000,2.206084,7.000000,141.228070,0.315155,4.000000,1.586860,0.000000,44.186047,0.000000,4.000000,3.466810,17.000000,289.887640,0.203930,4.000000,8.000000,1.000000,37.000000,-1.000000,,,,34.733164,17.520216,25.134978,-0.836488,-0.723953,-0.112534,17.995156,18.350236,39.244427,-2.689002,-4.048202,0.009254,0.053359,,0.000000,,52.646301,36.250000,52.916667,0.098282,0.133084,-0.034802,29.511615,22.763862,22.701650,-0.018849,0.270900,0.435087,0.002903,2.053752,3.846154,,337.362637,34.527687,0.949876,1.011103
2026-04-02T03:45:00Z,0.814802,no_impulse,0,KOTAKBANK,15m,1.000000,30.311615,1.544457,0.000000,0.000000,-2.635949,-3.111288,-4.945648,4.848235,25.000000,147.083333,0.193929,8.000000,25.631079,4.929577,8.635875,1.000000,-0.371774,-0.126943,-0.244830,17.250037,14.559961,45.686829,-2.635949,-3.111288,-4.945648,-0.342977,0.030466,3.408607,1.000000,180.451128,3.408607,1.000000,64.454768,90.833333,41.706349,1.000000,-0.225458,-0.397984,0.172527,29.771647,36.573647,19.991345,1.751977,0.997826,-0.894660,1.166843,0.026741,1.853917,11.000000,94.326241,0.168538,2.000000,33.677063,14.285714,21.038181,1.000000,-0.442708,-0.453550,0.010842,29.806736,12.795551,28.957096,-0.827720,-1.750870,-3.747820,0.097124,0.020377,2.004834,8.000000,131.775701,0.250604,7.000000,48.352029,59.734513,47.535875,1.000000,-0.557040,-0.737198,0.180158,33.683931,21.351536,27.056981,0.165955,-0.832217,-2.539100,0.530491,0.054518,1.498599,4.000000,100.943396,0.374650,4.000000,25.665976,8.116883,10.957528,0.000000,-0.942950,-0.627384,-0.315566,33.114780,8.994039,39.767030,-2.009204,-3.008608,-4.418751,0.150835,0.056410,1.506966,1.000000,34.527687,1.506966,3.000000,26.900538,21.498371,22.722886,0.000000,-0.533186,-0.308866,-0.224320,23.492319,11.864751,42.751395,-2.324904,-2.894549,-3.974624,-0.177019,0.033560,4.181992,2.000000,337.362637,2.090996,4.000000,25.477680,18.892508,46.112318,1.000000,-0.375409,-0.253071,-0.122338,20.949249,12.936072,46.611609,-2.685332,-3.128895,-4.131901,-0.525955,0.025490,1.255172,16.000000,41.363636,0.078448,3.000000,55.577783,91.666667,64.964158,0.000000,-0.152016,-0.231110,0.079094,19.209842,23.055522,19.356871,0.423851,0.145269,-0.735846,0.974042,0.008979,2.945114,13.000000,106.796117,0.226547,8.000000,2.835903,2.000000,131.210191,1.417952,1.000000,2.115618,7.000000,97.515528,0.302231,2.000000,2.217631,1.000000,53.666667,2.217631,3.000000,3.968254,2.000000,125.523013,1.984127,8.000000,3.264581,8.000000,243.877551,0.408073,1.000000,1.320933,7.000000,31.210191,0.188705,2.000000,4.419423,18.000000,245.312500,0.245523,7.000000,1.769667,10.000000,133.333333,0.176967,4.000000,1.345103,7.000000,59.627329,0.192158,3.000000,2.206084,7.000000,141.228070,0.315155,4.000000,1.586860,0.000000,44.186047,0.000000,4.000000,8.000000,2.000000,0.000000,-1.000000,,,,34.733164,17.520216,25.134978,-0.836488,-0.723953,-0.112534,17.995156,18.350236,39.244427,-2.689002,-4.048202,0.009254,0.053359,,0.000000,,52.646301,36.250000,52.916667,0.098282,0.133084,-0.034802,29.511615,22.763862,22.701650,-0.018849,0.270900,0.435087,0.002903,0.586369,0.000000,,337.362637,34.527687,1.224816,2.017954
2026-04-02T04:30:00Z,0.801483,no_impulse,0,KOTAKBANK,15m,-1.000000,107.476636,1.634684,3.000000,0.544895,-1.476854,-2.274770,-4.303860,1.544457,0.000000,30.311615,0.000000,8.000000,25.631079,4.929577,8.635875,0.000000,-0.371774,-0.126943,-0.244830,17.250037,14.559961,45.686829,-2.635949,-3.111288,-4.945648,-0.342977,0.030466,4.848235,25.000000,147.083333,0.193929,8.000000,25.631079,4.929577,8.635875,1.000000,-0.371774,-0.126943,-0.244830,17.250037,14.559961,45.686829,-2.635949,-3.111288,-4.945648,-0.342977,0.030466,3.408607,1.000000,180.451128,3.408607,1.000000,64.454768,90.833333,41.706349,1.000000,-0.225458,-0.397984,0.172527,29.771647,36.573647,19.991345,1.751977,0.997826,-0.894660,1.166843,0.026741,1.853917,11.000000,94.326241,0.168538,2.000000,33.677063,14.285714,21.038181,1.000000,-0.442708,-0.453550,0.010842,29.806736,12.795551,28.957096,-0.827720,-1.750870,-3.747820,0.097124,0.020377,2.004834,8.000000,131.775701,0.250604,7.000000,48.352029,59.734513,47.535875,1.000000,-0.557040,-0.737198,0.180158,33.683931,21.351536,27.056981,0.165955,-0.832217,-2.539100,0.530491,0.054518,1.498599,4.000000,100.943396,0.374650,4.000000,25.665976,8.116883,10.957528,0.000000,-0.942950,-0.627384,-0.315566,33.114780,8.994039,39.767030,-2.009204,-3.008608,-4.418751,0.150835,0.056410,1.506966,1.000000,34.527687,1.506966,3.000000,26.900538,21.498371,22.722886,0.000000,-0.533186,-0.308866,-0.224320,23.492319,11.864751,42.751395,-2.324904,-2.894549,-3.974624,-0.177019,0.033560,4.181992,2.000000,337.362637,2.090996,4.000000,25.477680,18.892508,46.112318,1.000000,-0.375409,-0.253071,-0.122338,20.949249,12.936072,46.611609,-2.685332,-3.128895,-4.131901,-0.525955,0.025490,1.255172,16.000000,41.363636,0.078448,3.000000,2.945114,13.000000,106.796117,0.226547,8.000000,2.835903,2.000000,131.210191,1.417952,1.000000,2.115618,7.000000,97.515528,0.302231,2.000000,2.217631,1.000000,53.666667,2.217631,3.000000,3.968254,2.000000,125.523013,1.984127,8.000000,3.264581,8.000000,243.877551,0.408073,1.000000,1.320933,7.000000,31.210191,0.188705,2.000000,4.419423,18.000000,245.312500,0.245523,7.000000,1.769667,10.000000,133.333333,0.176967,4.000000,1.345103,7.000000,59.627329,0.192158,3.000000,2.206084,7.000000,141.228070,0.315155,4.000000,4.000000,3.000000,3.000000,-1.000000,,,,34.146028,14.285714,20.279396,-0.963019,-0.772765,-0.190254,19.301073,17.862197,38.200692,-2.593025,-4.061733,0.049379,0.056089,,0.000000,,52.646301,36.250000,52.916667,0.098282,0.133084,-0.034802,29.511615,22.763862,22.701650,-0.018849,0.270900,0.435087,0.002903,0.652623,0.370370,,337.362637,30.311615,1.268462,1.829505
2026-04-02T09:30:00Z,0.833565,no_impulse,0,KOTAKBANK,15m,1.000000,240.869565,4.002890,20.000000,0.200145,1.432869,1.202108,-0.825037,1.634684,3.000000,107.476636,0.544895,4.000000,34.136856,21.523179,8.965097,1.000000,-0.725719,-0.389091,-0.336629,23.396264,17.242200,39.422224,-1.476854,-2.274770,-4.303860,0.211608,0.050465,1.544457,0.000000,30.311615,0.000000,8.000000,25.631079,4.929577,8.635875,0.000000,-0.371774,-0.126943,-0.244830,17.250037,14.559961,45.686829,-2.635949,-3.111288,-4.945648,-0.342977,0.030466,4.848235,25.000000,147.083333,0.193929,8.000000,25.631079,4.929577,8.635875,1.000000,-0.371774,-0.126943,-0.244830,17.250037,14.559961,45.686829,-2.635949,-3.111288,-4.945648,-0.342977,0.030466,3.408607,1.000000,180.451128,3.408607,1.000000,64.454768,90.833333,41.706349,1.000000,-0.225458,-0.397984,0.172527,29.771647,36.573647,19.991345,1.751977,0.997826,-0.894660,1.166843,0.026741,1.853917,11.000000,94.326241,0.168538,2.000000,33.677063,14.285714,21.038181,1.000000,-0.442708,-0.453550,0.010842,29.806736,12.795551,28.957096,-0.827720,-1.750870,-3.747820,0.097124,0.020377,2.004834,8.000000,131.775701,0.250604,7.000000,48.352029,59.734513,47.535875,1.000000,-0.557040,-0.737198,0.180158,33.683931,21.351536,27.056981,0.165955,-0.832217,-2.539100,0.530491,0.054518,1.498599,4.000000,100.943396,0.374650,4.000000,25.665976,8.116883,10.957528,0.000000,-0.942950,-0.627384,-0.315566,33.114780,8.994039,39.767030,-2.009204,-3.008608,-4.418751,0.150835,0.056410,1.506966,1.000000,34.527687,1.506966,3.000000,26.900538,21.498371,22.722886,0.000000,-0.533186,-0.308866,-0.224320,23.492319,11.864751,42.751395,-2.324904,-2.894549,-3.974624,-0.177019,0.033560,4.181992,2.000000,337.362637,2.090996,4.000000,1.255172,16.000000,41.363636,0.078448,3.000000,2.945114,13.000000,106.796117,0.226547,8.000000,2.835903,2.000000,131.210191,1.417952,1.000000,2.115618,7.000000,97.515528,0.302231,2.000000,2.217631,1.000000,53.666667,2.217631,3.000000,3.968254,2.000000,125.523013,1.984127,8.000000,3.264581,8.000000,243.877551,0.408073,1.000000,1.320933,7.000000,31.210191,0.188705,2.000000,4.419423,18.000000,245.312500,0.245523,7.000000,1.769667,10.000000,133.333333,0.176967,4.000000,1.345103,7.000000,59.627329,0.192158,3.000000,7.000000,4.000000,23.000000,-1.000000,,,,50.534347,66.307278,64.959569,-0.580086,-0.769164,0.189078,17.369619,28.667677,27.285094,0.409272,-0.872973,0.600540,0.040874,,0.000000,,52.646301,36.250000,52.916667,0.098282,0.133084,-0.034802,29.511615,22.763862,22.701650,-0.018849,0.270900,0.435087,0.002903,1.686318,2.816901,23.000000,337.362637,30.311615,1.285493,1.104580
2026-04-06T03:45:00Z,0.810980,no_impulse,0,KOTAKBANK,15m,-1.000000,70.397112,2.709462,2.000000,1.354731,-0.908761,-1.117181,-3.156376,4.002890,20.000000,240.869565,0.200145,7.000000,67.079466,89.873418,81.266706,0.000000,0.257869,-0.029759,0.287627,24.612452,33.743411,14.663717,1.432869,1.202108,-0.825037,0.901663,0.036192,1.634684,3.000000,107.476636,0.544895,4.000000,34.136856,21.523179,8.965097,1.000000,-0.725719,-0.389091,-0.336629,23.396264,17.242200,39.422224,-1.476854,-2.274770,-4.303860,0.211608,0.050465,1.544457,0.000000,30.311615,0.000000,8.000000,25.631079,4.929577,8.635875,0.000000,-0.371774,-0.126943,-0.244830,17.250037,14.559961,45.686829,-2.635949,-3.111288,-4.945648,-0.342977,0.030466,4.848235,25.000000,147.083333,0.193929,8.000000,25.631079,4.929577,8.635875,1.000000,-0.371774,-0.126943,-0.244830,17.250037,14.559961,45.686829,-2.635949,-3.111288,-4.945648,-0.342977,0.030466,3.408607,1.000000,180.451128,3.408607,1.000000,64.454768,90.833333,41.706349,1.000000,-0.225458,-0.397984,0.172527,29.771647,36.573647,19.991345,1.751977,0.997826,-0.894660,1.166843,0.026741,1.853917,11.000000,94.326241,0.168538,2.000000,33.677063,14.285714,21.038181,1.000000,-0.442708,-0.453550,0.010842,29.806736,12.795551,28.957096,-0.827720,-1.750870,-3.747820,0.097124,0.020377,2.004834,8.000000,131.775701,0.250604,7.000000,48.352029,59.734513,47.535875,1.000000,-0.557040,-0.737198,0.180158,33.683931,21.351536,27.056981,0.165955,-0.832217,-2.539100,0.530491,0.054518,1.498599,4.000000,100.943396,0.374650,4.000000,25.665976,8.116883,10.957528,0.000000,-0.942950,-0.627384,-0.315566,33.114780,8.994039,39.767030,-2.009204,-3.008608,-4.418751,0.150835,0.056410,1.506966,1.000000,34.527687,1.506966,3.000000,4.181992,2.000000,337.362637,2.090996,4.000000,1.255172,16.000000,41.363636,0.078448,3.000000,2.945114,13.000000,106.796117,0.226547,8.000000,2.835903,2.000000,131.210191,1.417952,1.000000,2.115618,7.000000,97.515528,0.302231,2.000000,2.217631,1.000000,53.666667,2.217631,3.000000,3.968254,2.000000,125.523013,1.984127,8.000000,3.264581,8.000000,243.877551,0.408073,1.000000,1.320933,7.000000,31.210191,0.188705,2.000000,4.419423,18.000000,245.312500,0.245523,7.000000,1.769667,10.000000,133.333333,0.176967,4.000000,2.000000,1.000000,2.000000,-1.000000,,,,43.332157,46.357616,61.184794,-0.606865,-0.745956,0.139091,17.361088,24.867978,35.236034,-0.984490,-2.295933,0.262543,0.041056,,0.000000,,52.646301,36.250000,52.916667,0.098282,0.133084,-0.034802,29.511615,22.763862,22.701650,-0.018849,0.270900,0.435087,0.002903,1.023011,0.266667,,337.362637,30.311615,1.313195,0.710336
2026-04-07T03:45:00Z,0.838893,no_impulse,0,KOTAKBANK,15m,1.000000,123.589744,3.441874,25.000000,0.137675,0.995607,1.491551,0.289938,2.709462,2.000000,70.397112,1.354731,2.000000,42.559417,16.000000,62.656496,1.000000,0.197464,0.071710,0.125754,24.653199,24.210186,30.463573,-0.908761,-1.117181,-3.156376,0.258066,0.037224,4.002890,20.000000,240.869565,0.200145,7.000000,67.079466,89.873418,81.266706,0.000000,0.257869,-0.029759,0.287627,24.612452,33.743411,14.663717,1.432869,1.202108,-0.825037,0.901663,0.036192,1.634684,3.000000,107.476636,0.544895,4.000000,34.136856,21.523179,8.965097,1.000000,-0.725719,-0.389091,-0.336629,23.396264,17.242200,39.422224,-1.476854,-2.274770,-4.303860,0.211608,0.050465,1.544457,0.000000,30.311615,0.000000,8.000000,25.631079,4.929577,8.635875,0.000000,-0.371774,-0.126943,-0.244830,17.250037,14.559961,45.686829,-2.635949,-3.111288,-4.945648,-0.342977,0.030466,4.848235,25.000000,147.083333,0.193929,8.000000,25.631079,4.929577,8.635875,1.000000,-0.371774,-0.126943,-0.244830,17.250037,14.559961,45.686829,-2.635949,-3.111288,-4.945648,-0.342977,0.030466,3.408607,1.000000,180.451128,3.408607,1.000000,64.454768,90.833333,41.706349,1.000000,-0.225458,-0.397984,0.172527,29.771647,36.573647,19.991345,1.751977,0.997826,-0.894660,1.166843,0.026741,1.853917,11.000000,94.326241,0.168538,2.000000,33.677063,14.285714,21.038181,1.000000,-0.442708,-0.453550,0.010842,29.806736,12.795551,28.957096,-0.827720,-1.750870,-3.747820,0.097124,0.020377,2.004834,8.000000,131.775701,0.250604,7.000000,48.352029,59.734513,47.535875,1.000000,-0.557040,-0.737198,0.180158,33.683931,21.351536,27.056981,0.165955,-0.832217,-2.539100,0.530491,0.054518,1.498599,4.000000,100.943396,0.374650,4.000000,1.506966,1.000000,34.527687,1.506966,3.000000,4.181992,2.000000,337.362637,2.090996,4.000000,1.255172,16.000000,41.363636,0.078448,3.000000,2.945114,13.000000,106.796117,0.226547,8.000000,2.835903,2.000000,131.210191,1.417952,1.000000,2.115618,7.000000,97.515528,0.302231,2.000000,2.217631,1.000000,53.666667,2.217631,3.000000,3.968254,2.000000,125.523013,1.984127,8.000000,3.264581,8.000000,243.877551,0.408073,1.000000,1.320933,7.000000,31.210191,0.188705,2.000000,4.419423,18.000000,245.312500,0.245523,7.000000,1.000000,2.000000,27.000000,-1.000000,,,,55.184689,89.383562,91.934975,0.003408,-0.323022,0.326430,13.173268,27.623464,28.680420,0.939918,0.169656,0.706101,0.046038,,0.000000,,52.646301,36.250000,52.916667,0.098282,0.133084,-0.034802,29.511615,22.763862,22.701650,-0.018849,0.270900,0.435087,0.002903,1.376053,3.333333,,240.869565,30.311615,1.199800,0.851625
2026-04-07T03:45:00Z,0.826963,no_impulse,0,KOTAKBANK,15m,-1.000000,42.738589,1.422063,0.000000,0.000000,0.995607,1.491551,0.289938,3.441874,25.000000,123.589744,0.137675,1.000000,67.017720,90.751445,88.399278,1.000000,0.525912,0.442295,0.083617,27.682094,24.148946,18.160586,0.995607,1.491551,0.289938,0.778820,0.036067,2.709462,2.000000,70.397112,1.354731,2.000000,42.559417,16.000000,62.656496,1.000000,0.197464,0.071710,0.125754,24.653199,24.210186,30.463573,-0.908761,-1.117181,-3.156376,0.258066,0.037224,4.002890,20.000000,240.869565,0.200145,7.000000,67.079466,89.873418,81.266706,0.000000,0.257869,-0.029759,0.287627,24.612452,33.743411,14.663717,1.432869,1.202108,-0.825037,0.901663,0.036192,1.634684,3.000000,107.476636,0.544895,4.000000,34.136856,21.523179,8.965097,1.000000,-0.725719,-0.389091,-0.336629,23.396264,17.242200,39.422224,-1.476854,-2.274770,-4.303860,0.211608,0.050465,1.544457,0.000000,30.311615,0.000000,8.000000,25.631079,4.929577,8.635875,0.000000,-0.371774,-0.126943,-0.244830,17.250037,14.559961,45.686829,-2.635949,-3.111288,-4.945648,-0.342977,0.030466,4.848235,25.000000,147.083333,0.193929,8.000000,25.631079,4.929577,8.635875,1.000000,-0.371774,-0.126943,-0.244830,17.250037,14.559961,45.686829,-2.635949,-3.111288,-4.945648,-0.342977,0.030466,3.408607,1.000000,180.451128,3.408607,1.000000,64.454768,90.833333,41.706349,1.000000,-0.225458,-0.397984,0.172527,29.771647,36.573647,19.991345,1.751977,0.997826,-0.894660,1.166843,0.026741,1.853917,11.000000,94.326241,0.168538,2.000000,33.677063,14.285714,21.038181,1.000000,-0.442708,-0.453550,0.010842,29.806736,12.795551,28.957096,-0.827720,-1.750870,-3.747820,0.097124,0.020377,2.004834,8.000000,131.775701,0.250604,7.000000,1.498599,4.000000,100.943396,0.374650,4.000000,1.506966,1.000000,34.527687,1.506966,3.000000,4.181992,2.000000,337.362637,2.090996,4.000000,1.255172,16.000000,41.363636,0.078448,3.000000,2.945114,13.000000,106.796117,0.226547,8.000000,2.835903,2.000000,131.210191,1.417952,1.000000,2.115618,7.000000,97.515528,0.302231,2.000000,2.217631,1.000000,53.666667,2.217631,3.000000,3.968254,2.000000,125.523013,1.984127,8.000000,3.264581,8.000000,243.877551,0.408073,1.000000,1.320933,7.000000,31.210191,0.188705,2.000000,1.000000,3.000000,27.000000,-1.000000,,,,55.184689,89.383562,91.934975,0.003408,-0.323022,0.326430,13.173268,27.623464,28.680420,0.939918,0.169656,0.706101,0.046038,,0.000000,,52.646301,36.250000,52.916667,0.098282,0.133084,-0.034802,29.511615,22.763862,22.701650,-0.018849,0.270900,0.435087,0.002903,0.527715,0.000000,,240.869565,30.311615,1.177446,1.264950
2026-04-08T03:45:00Z,0.881631,no_impulse,0,KOTAKBANK,15m,1.000000,458.252427,6.610644,25.000000,0.264426,3.244973,3.923761,3.652722,1.422063,0.000000,42.738589,0.000000,1.000000,67.017720,90.751445,88.399278,0.000000,0.525912,0.442295,0.083617,27.682094,24.148946,18.160586,0.995607,1.491551,0.289938,0.778820,0.036067,3.441874,25.000000,123.589744,0.137675,1.000000,67.017720,90.751445,88.399278,1.000000,0.525912,0.442295,0.083617,27.682094,24.148946,18.160586,0.995607,1.491551,0.289938,0.778820,0.036067,2.709462,2.000000,70.397112,1.354731,2.000000,42.559417,16.000000,62.656496,1.000000,0.197464,0.071710,0.125754,24.653199,24.210186,30.463573,-0.908761,-1.117181,-3.156376,0.258066,0.037224,4.002890,20.000000,240.869565,0.200145,7.000000,67.079466,89.873418,81.266706,0.000000,0.257869,-0.029759,0.287627,24.612452,33.743411,14.663717,1.432869,1.202108,-0.825037,0.901663,0.036192,1.634684,3.000000,107.476636,0.544895,4.000000,34.136856,21.523179,8.965097,1.000000,-0.725719,-0.389091,-0.336629,23.396264,17.242200,39.422224,-1.476854,-2.274770,-4.303860,0.211608,0.050465,1.544457,0.000000,30.311615,0.000000,8.000000,25.631079,4.929577,8.635875,0.000000,-0.371774,-0.126943,-0.244830,17.250037,14.559961,45.686829,-2.635949,-3.111288,-4.945648,-0.342977,0.030466,4.848235,25.000000,147.083333,0.193929,8.000000,25.631079,4.929577,8.635875,1.000000,-0.371774,-0.126943,-0.244830,17.250037,14.559961,45.686829,-2.635949,-3.111288,-4.945648,-0.342977,0.030466,3.408607,1.000000,180.451128,3.408607,1.000000,64.454768,90.833333,41.706349,1.000000,-0.225458,-0.397984,0.172527,29.771647,36.573647,19.991345,1.751977,0.997826,-0.894660,1.166843,0.026741,1.853917,11.000000,94.326241,0.168538,2.000000,2.004834,8.000000,131.775701,0.250604,7.000000,1.498599,4.000000,100.943396,0.374650,4.000000,1.506966,1.000000,34.527687,1.506966,3.000000,4.181992,2.000000,337.362637,2.090996,4.000000,1.255172,16.000000,41.363636,0.078448,3.000000,2.945114,13.000000,106.796117,0.226547,8.000000,2.835903,2.000000,131.210191,1.417952,1.000000,2.115618,7.000000,97.515528,0.302231,2.000000,2.217631,1.000000,53.666667,2.217631,3.000000,3.968254,2.000000,125.523013,1.984127,8.000000,3.264581,8.000000,243.877551,0.408073,1.000000,1.000000,4.000000,52.000000,-1.000000,,,,71.101059,74.702886,87.522563,0.548535,0.150055,0.398479,13.028040,45.357885,15.284415,3.440020,3.336270,1.124283,0.057067,,0.000000,,52.646301,36.250000,52.916667,0.098282,0.133084,-0.034802,29.511615,22.763862,22.701650,-0.018849,0.270900,0.435087,0.002903,2.460139,2.631579,,240.869565,30.311615,1.186300,1.054493
2026-04-08T03:45:00Z,0.855803,no_impulse,0,KOTAKBANK,15m,-1.000000,47.245763,2.929585,0.000000,0.000000,3.244973,3.923761,3.652722,6.610644,25.000000,458.252427,0.264426,1.000000,82.786592,71.140940,80.260961,1.000000,0.534277,0.302707,0.231571,21.205202,57.869491,6.636394,3.244973,3.923761,3.652722,1.447117,0.035411,1.422063,0.000000,42.738589,0.000000,1.000000,67.017720,90.751445,88.399278,0.000000,0.525912,0.442295,0.083617,27.682094,24.148946,18.160586,0.995607,1.491551,0.289938,0.778820,0.036067,3.441874,25.000000,123.589744,0.137675,1.000000,67.017720,90.751445,88.399278,1.000000,0.525912,0.442295,0.083617,27.682094,24.148946,18.160586,0.995607,1.491551,0.289938,0.778820,0.036067,2.709462,2.000000,70.397112,1.354731,2.000000,42.559417,16.000000,62.656496,1.000000,0.197464,0.071710,0.125754,24.653199,24.210186,30.463573,-0.908761,-1.117181,-3.156376,0.258066,0.037224,4.002890,20.000000,240.869565,0.200145,7.000000,67.079466,89.873418,81.266706,0.000000,0.257869,-0.029759,0.287627,24.612452,33.743411,14.663717,1.432869,1.202108,-0.825037,0.901663,0.036192,1.634684,3.000000,107.476636,0.544895,4.000000,34.136856,21.523179,8.965097,1.000000,-0.725719,-0.389091,-0.336629,23.396264,17.242200,39.422224,-1.476854,-2.274770,-4.303860,0.211608,0.050465,1.544457,0.000000,30.311615,0.000000,8.000000,25.631079,4.929577,8.635875,0.000000,-0.371774,-0.126943,-0.244830,17.250037,14.559961,45.686829,-2.635949,-3.111288,-4.945648,-0.342977,0.030466,4.848235,25.000000,147.083333,0.193929,8.000000,25.631079,4.929577,8.635875,1.000000,-0.371774,-0.126943,-0.244830,17.250037,14.559961,45.686829,-2.635949,-3.111288,-4.945648,-0.342977,0.030466,3.408607,1.000000,180.451128,3.408607,1.000000,1.853917,11.000000,94.326241,0.168538,2.000000,2.004834,8.000000,131.775701,0.250604,7.000000,1.498599,4.000000,100.943396,0.374650,4.000000,1.506966,1.000000,34.527687,1.506966,3.000000,4.181992,2.000000,337.362637,2.090996,4.000000,1.255172,16.000000,41.363636,0.078448,3.000000,2.945114,13.000000,106.796117,0.226547,8.000000,2.835903,2.000000,131.210191,1.417952,1.000000,2.115618,7.000000,97.515528,0.302231,2.000000,2.217631,1.000000,53.666667,2.217631,3.000000,3.968254,2.000000,125.523013,1.984127,8.000000,1.000000,5.000000,52.000000,-1.000000,,,,71.101059,74.702886,87.522563,0.548535,0.150055,0.398479,13.028040,45.357885,15.284415,3.440020,3.336270,1.124283,0.057067,,0.000000,,52.646301,36.250000,52.916667,0.098282,0.133084,-0.034802,29.511615,22.763862,22.701650,-0.018849,0.270900,0.435087,0.002903,0.930711,0.000000,0.000000,458.252427,30.311615,1.682363,1.374689
2026-04-08T09:30:00Z,0.882905,no_impulse,0,KOTAKBANK,15m,1.000000,104.932735,3.166870,23.000000,0.137690,1.031961,2.646752,4.308548,2.929585,0.000000,47.245763,0.000000,1.000000,82.786592,71.140940,80.260961,0.000000,0.534277,0.302707,0.231571,21.205202,57.869491,6.636394,3.244973,3.923761,3.652722,1.447117,0.035411,6.610644,25.000000,458.252427,0.264426,1.000000,82.786592,71.140940,80.260961,1.000000,0.534277,0.302707,0.231571,21.205202,57.869491,6.636394,3.244973,3.923761,3.652722,1.447117,0.035411,1.422063,0.000000,42.738589,0.000000,1.000000,67.017720,90.751445,88.399278,0.000000,0.525912,0.442295,0.083617,27.682094,24.148946,18.160586,0.995607,1.491551,0.289938,0.778820,0.036067,3.441874,25.000000,123.589744,0.137675,1.000000,67.017720,90.751445,88.399278,1.000000,0.525912,0.442295,0.083617,27.682094,24.148946,18.160586,0.995607,1.491551,0.289938,0.778820,0.036067,2.709462,2.000000,70.397112,1.354731,2.000000,42.559417,16.000000,62.656496,1.000000,0.197464,0.071710,0.125754,24.653199,24.210186,30.463573,-0.908761,-1.117181,-3.156376,0.258066,0.037224,4.002890,20.000000,240.869565,0.200145,7.000000,67.079466,89.873418,81.266706,0.000000,0.257869,-0.029759,0.287627,24.612452,33.743411,14.663717,1.432869,1.202108,-0.825037,0.901663,0.036192,1.634684,3.000000,107.476636,0.544895,4.000000,34.136856,21.523179,8.965097,1.000000,-0.725719,-0.389091,-0.336629,23.396264,17.242200,39.422224,-1.476854,-2.274770,-4.303860,0.211608,0.050465,1.544457,0.000000,30.311615,0.000000,8.000000,25.631079,4.929577,8.635875,0.000000,-0.371774,-0.126943,-0.244830,17.250037,14.559961,45.686829,-2.635949,-3.111288,-4.945648,-0.342977,0.030466,4.848235,25.000000,147.083333,0.193929,8.000000,3.408607,1.000000,180.451128,3.408607,1.000000,1.853917,11.000000,94.326241,0.168538,2.000000,2.004834,8.000000,131.775701,0.250604,7.000000,1.498599,4.000000,100.943396,0.374650,4.000000,1.506966,1.000000,34.527687,1.506966,3.000000,4.181992,2.000000,337.362637,2.090996,4.000000,1.255172,16.000000,41.363636,0.078448,3.000000,2.945114,13.000000,106.796117,0.226547,8.000000,2.835903,2.000000,131.210191,1.417952,1.000000,2.115618,7.000000,97.515528,0.302231,2.000000,2.217631,1.000000,53.666667,2.217631,3.000000,1.000000,6.000000,75.000000,-1.000000,,,,72.227559,93.167702,93.867337,1.509987,0.996717,0.513270,27.052853,38.174995,11.133229,2.901513,3.963884,0.801216,0.099205,,0.000000,,52.646301,36.250000,52.916667,0.098282,0.133084,-0.034802,29.511615,22.763862,22.701650,-0.018849,0.270900,0.435087,0.002903,0.972850,2.277228,23.000000,458.252427,30.311615,1.623821,1.079579
2026-04-09T08:30:00Z,0.855803,no_impulse,0,KOTAKBANK,15m,-1.000000,100.000000,3.069658,21.000000,0.146174,-0.787608,-0.450055,1.326982,3.166870,23.000000,104.932735,0.137690,1.000000,74.496764,85.365854,88.396671,0.000000,0.862175,0.913945,-0.051770,58.313668,39.598451,7.797615,1.031961,2.646752,4.308548,1.074254,0.018158,2.929585,0.000000,47.245763,0.000000,1.000000,82.786592,71.140940,80.260961,0.000000,0.534277,0.302707,0.231571,21.205202,57.869491,6.636394,3.244973,3.923761,3.652722,1.447117,0.035411,6.610644,25.000000,458.252427,0.264426,1.000000,82.786592,71.140940,80.260961,1.000000,0.534277,0.302707,0.231571,21.205202,57.869491,6.636394,3.244973,3.923761,3.652722,1.447117,0.035411,1.422063,0.000000,42.738589,0.000000,1.000000,67.017720,90.751445,88.399278,0.000000,0.525912,0.442295,0.083617,27.682094,24.148946,18.160586,0.995607,1.491551,0.289938,0.778820,0.036067,3.441874,25.000000,123.589744,0.137675,1.000000,67.017720,90.751445,88.399278,1.000000,0.525912,0.442295,0.083617,27.682094,24.148946,18.160586,0.995607,1.491551,0.289938,0.778820,0.036067,2.709462,2.000000,70.397112,1.354731,2.000000,42.559417,16.000000,62.656496,1.000000,0.197464,0.071710,0.125754,24.653199,24.210186,30.463573,-0.908761,-1.117181,-3.156376,0.258066,0.037224,4.002890,20.000000,240.869565,0.200145,7.000000,67.079466,89.873418,81.266706,0.000000,0.257869,-0.029759,0.287627,24.612452,33.743411,14.663717,1.432869,1.202108,-0.825037,0.901663,0.036192,1.634684,3.000000,107.476636,0.544895,4.000000,34.136856,21.523179,8.965097,1.000000,-0.725719,-0.389091,-0.336629,23.396264,17.242200,39.422224,-1.476854,-2.274770,-4.303860,0.211608,0.050465,1.544457,0.000000,30.311615,0.000000,8.000000,4.848235,25.000000,147.083333,0.193929,8.000000,3.408607,1.000000,180.451128,3.408607,1.000000,1.853917,11.000000,94.326241,0.168538,2.000000,2.004834,8.000000,131.775701,0.250604,7.000000,1.498599,4.000000,100.943396,0.374650,4.000000,1.506966,1.000000,34.527687,1.506966,3.000000,4.181992,2.000000,337.362637,2.090996,4.000000,1.255172,16.000000,41.363636,0.078448,3.000000,2.945114,13.000000,106.796117,0.226547,8.000000,2.835903,2.000000,131.210191,1.417952,1.000000,2.115618,7.000000,97.515528,0.302231,2.000000,8.000000,1.000000,96.000000,-1.000000,,,,56.077089,54.308094,55.347993,1.018574,1.179293,-0.160719,25.814044,27.646463,23.413461,0.405747,1.584915,0.549545,0.082228,,0.000000,,52.646301,36.250000,52.916667,0.098282,0.133084,-0.034802,29.511615,22.763862,22.701650,-0.018849,0.270900,0.435087,0.002903,0.950042,1.707317,44.000000,458.252427,30.311615,1.623083,1.677859
2026-04-10T06:00:00Z,0.878272,no_impulse,0,KOTAKBANK,15m,1.000000,82.905983,2.625524,15.000000,0.175035,0.619628,1.113426,2.903506,3.069658,21.000000,100.000000,0.146174,8.000000,33.585629,18.064516,7.277100,1.000000,-0.321904,-0.107968,-0.213936,31.551587,15.713669,32.653108,-0.787608,-0.450055,1.326982,0.204343,0.026431,3.166870,23.000000,104.932735,0.137690,1.000000,74.496764,85.365854,88.396671,0.000000,0.862175,0.913945,-0.051770,58.313668,39.598451,7.797615,1.031961,2.646752,4.308548,1.074254,0.018158,2.929585,0.000000,47.245763,0.000000,1.000000,82.786592,71.140940,80.260961,0.000000,0.534277,0.302707,0.231571,21.205202,57.869491,6.636394,3.244973,3.923761,3.652722,1.447117,0.035411,6.610644,25.000000,458.252427,0.264426,1.000000,82.786592,71.140940,80.260961,1.000000,0.534277,0.302707,0.231571,21.205202,57.869491,6.636394,3.244973,3.923761,3.652722,1.447117,0.035411,1.422063,0.000000,42.738589,0.000000,1.000000,67.017720,90.751445,88.399278,0.000000,0.525912,0.442295,0.083617,27.682094,24.148946,18.160586,0.995607,1.491551,0.289938,0.778820,0.036067,3.441874,25.000000,123.589744,0.137675,1.000000,67.017720,90.751445,88.399278,1.000000,0.525912,0.442295,0.083617,27.682094,24.148946,18.160586,0.995607,1.491551,0.289938,0.778820,0.036067,2.709462,2.000000,70.397112,1.354731,2.000000,42.559417,16.000000,62.656496,1.000000,0.197464,0.071710,0.125754,24.653199,24.210186,30.463573,-0.908761,-1.117181,-3.156376,0.258066,0.037224,4.002890,20.000000,240.869565,0.200145,7.000000,67.079466,89.873418,81.266706,0.000000,0.257869,-0.029759,0.287627,24.612452,33.743411,14.663717,1.432869,1.202108,-0.825037,0.901663,0.036192,1.634684,3.000000,107.476636,0.544895,4.000000,1.544457,0.000000,30.311615,0.000000,8.000000,4.848235,25.000000,147.083333,0.193929,8.000000,3.408607,1.000000,180.451128,3.408607,1.000000,1.853917,11.000000,94.326241,0.168538,2.000000,2.004834,8.000000,131.775701,0.250604,7.000000,1.498599,4.000000,100.943396,0.374650,4.000000,1.506966,1.000000,34.527687,1.506966,3.000000,4.181992,2.000000,337.362637,2.090996,4.000000,1.255172,16.000000,41.363636,0.078448,3.000000,2.945114,13.000000,106.796117,0.226547,8.000000,2.835903,2.000000,131.210191,1.417952,1.000000,3.000000,2.000000,15.000000,-1.000000,,,,63.576740,72.222222,69.230769,0.949104,1.025748,-0.076644,25.622219,34.223747,18.241799,1.377460,2.636766,0.731963,0.060212,,0.000000,,52.646301,36.250000,52.916667,0.098282,0.133084,-0.034802,29.511615,22.763862,22.701650,-0.018849,0.270900,0.435087,0.002903,0.859920,1.260504,59.000000,458.252427,30.311615,1.520384,0.798819
2026-04-10T09:15:00Z,0.862520,no_impulse,0,KOTAKBANK,15m,-1.000000,70.103093,1.793485,13.000000,0.137960,-0.474012,-0.295217,1.395653,2.625524,15.000000,82.905983,0.175035,3.000000,64.302503,90.425532,92.555794,1.000000,0.312022,0.153346,0.158676,29.919575,25.080746,12.122317,0.619628,1.113426,2.903506,0.683429,0.033991,3.069658,21.000000,100.000000,0.146174,8.000000,33.585629,18.064516,7.277100,1.000000,-0.321904,-0.107968,-0.213936,31.551587,15.713669,32.653108,-0.787608,-0.450055,1.326982,0.204343,0.026431,3.166870,23.000000,104.932735,0.137690,1.000000,74.496764,85.365854,88.396671,0.000000,0.862175,0.913945,-0.051770,58.313668,39.598451,7.797615,1.031961,2.646752,4.308548,1.074254,0.018158,2.929585,0.000000,47.245763,0.000000,1.000000,82.786592,71.140940,80.260961,0.000000,0.534277,0.302707,0.231571,21.205202,57.869491,6.636394,3.244973,3.923761,3.652722,1.447117,0.035411,6.610644,25.000000,458.252427,0.264426,1.000000,82.786592,71.140940,80.260961,1.000000,0.534277,0.302707,0.231571,21.205202,57.869491,6.636394,3.244973,3.923761,3.652722,1.447117,0.035411,1.422063,0.000000,42.738589,0.000000,1.000000,67.017720,90.751445,88.399278,0.000000,0.525912,0.442295,0.083617,27.682094,24.148946,18.160586,0.995607,1.491551,0.289938,0.778820,0.036067,3.441874,25.000000,123.589744,0.137675,1.000000,67.017720,90.751445,88.399278,1.000000,0.525912,0.442295,0.083617,27.682094,24.148946,18.160586,0.995607,1.491551,0.289938,0.778820,0.036067,2.709462,2.000000,70.397112,1.354731,2.000000,42.559417,16.000000,62.656496,1.000000,0.197464,0.071710,0.125754,24.653199,24.210186,30.463573,-0.908761,-1.117181,-3.156376,0.258066,0.037224,4.002890,20.000000,240.869565,0.200145,7.000000,1.634684,3.000000,107.476636,0.544895,4.000000,1.544457,0.000000,30.311615,0.000000,8.000000,4.848235,25.000000,147.083333,0.193929,8.000000,3.408607,1.000000,180.451128,3.408607,1.000000,1.853917,11.000000,94.326241,0.168538,2.000000,2.004834,8.000000,131.775701,0.250604,7.000000,1.498599,4.000000,100.943396,0.374650,4.000000,1.506966,1.000000,34.527687,1.506966,3.000000,4.181992,2.000000,337.362637,2.090996,4.000000,1.255172,16.000000,41.363636,0.078448,3.000000,2.945114,13.000000,106.796117,0.226547,8.000000,2.000000,1.000000,28.000000,-1.000000,,,,55.741392,47.685185,47.803894,0.757873,0.931063,-0.173190,22.804403,27.480535,24.760968,0.359967,1.569513,0.628573,0.028098,,0.000000,,52.646301,36.250000,52.916667,0.098282,0.133084,-0.034802,29.511615,22.763862,22.701650,-0.018849,0.270900,0.435087,0.002903,0.567321,0.970149,72.000000,458.252427,42.738589,1.437351,0.808412
2026-04-10T09:45:00Z,0.870280,no_impulse,0,KOTAKBANK,15m,1.000000,49.264706,0.899691,2.000000,0.449846,-0.049842,0.101835,1.755675,1.793485,13.000000,70.103093,0.137960,2.000000,40.654270,16.911765,8.383008,1.000000,-0.121083,0.041283,-0.162366,22.288814,15.780496,26.185292,-0.474012,-0.295217,1.395653,0.272248,0.020714,2.625524,15.000000,82.905983,0.175035,3.000000,64.302503,90.425532,92.555794,1.000000,0.312022,0.153346,0.158676,29.919575,25.080746,12.122317,0.619628,1.113426,2.903506,0.683429,0.033991,3.069658,21.000000,100.000000,0.146174,8.000000,33.585629,18.064516,7.277100,1.000000,-0.321904,-0.107968,-0.213936,31.551587,15.713669,32.653108,-0.787608,-0.450055,1.326982,0.204343,0.026431,3.166870,23.000000,104.932735,0.137690,1.000000,74.496764,85.365854,88.396671,0.000000,0.862175,0.913945,-0.051770,58.313668,39.598451,7.797615,1.031961,2.646752,4.308548,1.074254,0.018158,2.929585,0.000000,47.245763,0.000000,1.000000,82.786592,71.140940,80.260961,0.000000,0.534277,0.302707,0.231571,21.205202,57.869491,6.636394,3.244973,3.923761,3.652722,1.447117,0.035411,6.610644,25.000000,458.252427,0.264426,1.000000,82.786592,71.140940,80.260961,1.000000,0.534277,0.302707,0.231571,21.205202,57.869491,6.636394,3.244973,3.923761,3.652722,1.447117,0.035411,1.422063,0.000000,42.738589,0.000000,1.000000,67.017720,90.751445,88.399278,0.000000,0.525912,0.442295,0.083617,27.682094,24.148946,18.160586,0.995607,1.491551,0.289938,0.778820,0.036067,3.441874,25.000000,123.589744,0.137675,1.000000,67.017720,90.751445,88.399278,1.000000,0.525912,0.442295,0.083617,27.682094,24.148946,18.160586,0.995607,1.491551,0.289938,0.778820,0.036067,2.709462,2.000000,70.397112,1.354731,2.000000,4.002890,20.000000,240.869565,0.200145,7.000000,1.634684,3.000000,107.476636,0.544895,4.000000,1.544457,0.000000,30.311615,0.000000,8.000000,4.848235,25.000000,147.083333,0.193929,8.000000,3.408607,1.000000,180.451128,3.408607,1.000000,1.853917,11.000000,94.326241,0.168538,2.000000,2.004834,8.000000,131.775701,0.250604,7.000000,1.498599,4.000000,100.943396,0.374650,4.000000,1.506966,1.000000,34.527687,1.506966,3.000000,4.181992,2.000000,337.362637,2.090996,4.000000,1.255172,16.000000,41.363636,0.078448,3.000000,3.000000,1.000000,30.000000,-1.000000,,,,56.445303,57.216495,47.075489,0.705251,0.885106,-0.179855,21.693327,27.799613,24.041482,0.421845,1.608838,0.654640,0.027395,,0.000000,,52.646301,36.250000,52.916667,0.098282,0.133084,-0.034802,29.511615,22.763862,22.701650,-0.018849,0.270900,0.435087,0.002903,0.283171,0.138889,74.000000,458.252427,42.738589,1.419375,0.589329
2026-04-13T06:00:00Z,0.846884,no_impulse,0,KOTAKBANK,15m,-1.000000,301.492537,2.688315,10.000000,0.268832,-1.056437,-1.652520,-0.619377,0.899691,2.000000,49.264706,0.449846,3.000000,48.728007,42.741935,31.695590,0.000000,-0.104988,-0.013461,-0.091527,19.599570,22.945067,22.315513,-0.049842,0.101835,1.755675,0.476393,0.021103,1.793485,13.000000,70.103093,0.137960,2.000000,40.654270,16.911765,8.383008,1.000000,-0.121083,0.041283,-0.162366,22.288814,15.780496,26.185292,-0.474012,-0.295217,1.395653,0.272248,0.020714,2.625524,15.000000,82.905983,0.175035,3.000000,64.302503,90.425532,92.555794,1.000000,0.312022,0.153346,0.158676,29.919575,25.080746,12.122317,0.619628,1.113426,2.903506,0.683429,0.033991,3.069658,21.000000,100.000000,0.146174,8.000000,33.585629,18.064516,7.277100,1.000000,-0.321904,-0.107968,-0.213936,31.551587,15.713669,32.653108,-0.787608,-0.450055,1.326982,0.204343,0.026431,3.166870,23.000000,104.932735,0.137690,1.000000,74.496764,85.365854,88.396671,0.000000,0.862175,0.913945,-0.051770,58.313668,39.598451,7.797615,1.031961,2.646752,4.308548,1.074254,0.018158,2.929585,0.000000,47.245763,0.000000,1.000000,82.786592,71.140940,80.260961,0.000000,0.534277,0.302707,0.231571,21.205202,57.869491,6.636394,3.244973,3.923761,3.652722,1.447117,0.035411,6.610644,25.000000,458.252427,0.264426,1.000000,82.786592,71.140940,80.260961,1.000000,0.534277,0.302707,0.231571,21.205202,57.869491,6.636394,3.244973,3.923761,3.652722,1.447117,0.035411,1.422063,0.000000,42.738589,0.000000,1.000000,67.017720,90.751445,88.399278,0.000000,0.525912,0.442295,0.083617,27.682094,24.148946,18.160586,0.995607,1.491551,0.289938,0.778820,0.036067,3.441874,25.000000,123.589744,0.137675,1.000000,2.709462,2.000000,70.397112,1.354731,2.000000,4.002890,20.000000,240.869565,0.200145,7.000000,1.634684,3.000000,107.476636,0.544895,4.000000,1.544457,0.000000,30.311615,0.000000,8.000000,4.848235,25.000000,147.083333,0.193929,8.000000,3.408607,1.000000,180.451128,3.408607,1.000000,1.853917,11.000000,94.326241,0.168538,2.000000,2.004834,8.000000,131.775701,0.250604,7.000000,1.498599,4.000000,100.943396,0.374650,4.000000,1.506966,1.000000,34.527687,1.506966,3.000000,4.181992,2.000000,337.362637,2.090996,4.000000,4.000000,2.000000,40.000000,-1.000000,,,,44.317825,16.605166,8.882651,0.175647,0.605335,-0.429688,22.070170,19.735880,32.159680,-1.060904,-0.241876,0.257651,0.043316,,0.000000,,52.646301,36.250000,52.916667,0.098282,0.133084,-0.034802,29.511615,22.763862,22.701650,-0.018849,0.270900,0.435087,0.002903,0.937713,0.793651,84.000000,458.252427,42.738589,1.551844,0.580257
2026-04-13T09:15:00Z,0.863563,no_impulse,0,KOTAKBANK,15m,1.000000,71.287129,1.969365,13.000000,0.151490,0.503327,0.202938,0.938861,2.688315,10.000000,301.492537,0.268832,4.000000,30.604478,3.960396,7.486799,1.000000,-0.672632,-0.552953,-0.119679,25.320512,17.736516,31.463051,-1.056437,-1.652520,-0.619377,0.262724,0.044058,0.899691,2.000000,49.264706,0.449846,3.000000,48.728007,42.741935,31.695590,0.000000,-0.104988,-0.013461,-0.091527,19.599570,22.945067,22.315513,-0.049842,0.101835,1.755675,0.476393,0.021103,1.793485,13.000000,70.103093,0.137960,2.000000,40.654270,16.911765,8.383008,1.000000,-0.121083,0.041283,-0.162366,22.288814,15.780496,26.185292,-0.474012,-0.295217,1.395653,0.272248,0.020714,2.625524,15.000000,82.905983,0.175035,3.000000,64.302503,90.425532,92.555794,1.000000,0.312022,0.153346,0.158676,29.919575,25.080746,12.122317,0.619628,1.113426,2.903506,0.683429,0.033991,3.069658,21.000000,100.000000,0.146174,8.000000,33.585629,18.064516,7.277100,1.000000,-0.321904,-0.107968,-0.213936,31.551587,15.713669,32.653108,-0.787608,-0.450055,1.326982,0.204343,0.026431,3.166870,23.000000,104.932735,0.137690,1.000000,74.496764,85.365854,88.396671,0.000000,0.862175,0.913945,-0.051770,58.313668,39.598451,7.797615,1.031961,2.646752,4.308548,1.074254,0.018158,2.929585,0.000000,47.245763,0.000000,1.000000,82.786592,71.140940,80.260961,0.000000,0.534277,0.302707,0.231571,21.205202,57.869491,6.636394,3.244973,3.923761,3.652722,1.447117,0.035411,6.610644,25.000000,458.252427,0.264426,1.000000,82.786592,71.140940,80.260961,1.000000,0.534277,0.302707,0.231571,21.205202,57.869491,6.636394,3.244973,3.923761,3.652722,1.447117,0.035411,1.422063,0.000000,42.738589,0.000000,1.000000,3.441874,25.000000,123.589744,0.137675,1.000000,2.709462,2.000000,70.397112,1.354731,2.000000,4.002890,20.000000,240.869565,0.200145,7.000000,1.634684,3.000000,107.476636,0.544895,4.000000,1.544457,0.000000,30.311615,0.000000,8.000000,4.848235,25.000000,147.083333,0.193929,8.000000,3.408607,1.000000,180.451128,3.408607,1.000000,1.853917,11.000000,94.326241,0.168538,2.000000,2.004834,8.000000,131.775701,0.250604,7.000000,1.498599,4.000000,100.943396,0.374650,4.000000,1.506966,1.000000,34.527687,1.506966,3.000000,3.000000,3.000000,53.000000,-1.000000,,,,52.001800,47.601476,38.007380,0.093831,0.355947,-0.262116,19.819687,23.287693,26.393241,0.146343,0.828031,0.538132,0.038434,,0.000000,,52.646301,36.250000,52.916667,0.098282,0.133084,-0.034802,29.511615,22.763862,22.701650,-0.018849,0.270900,0.435087,0.002903,0.687443,0.970149,97.000000,458.252427,42.738589,1.552096,0.607251
