timestamp,price,label,direction,symbol,timeframe,curr_direction,curr_retrace_pct,curr_leg_size_pct,curr_leg_duration,curr_leg_speed,curr_ema20_dist,curr_ema50_dist,curr_ema200_dist,p1_leg_size_pct,p1_leg_duration,p1_retrace_pct,p1_leg_speed,p1_trend_state,p1_rsi,p1_stoch_k,p1_stoch_d,p1_stoch_cross,p1_macd_line,p1_macd_signal,p1_macd_hist,p1_adx,p1_plus_di,p1_minus_di,p1_ema20_dist,p1_ema50_dist,p1_ema200_dist,p1_bb_position,p1_bb_bandwidth,p2_leg_size_pct,p2_leg_duration,p2_retrace_pct,p2_leg_speed,p2_trend_state,p2_rsi,p2_stoch_k,p2_stoch_d,p2_stoch_cross,p2_macd_line,p2_macd_signal,p2_macd_hist,p2_adx,p2_plus_di,p2_minus_di,p2_ema20_dist,p2_ema50_dist,p2_ema200_dist,p2_bb_position,p2_bb_bandwidth,p3_leg_size_pct,p3_leg_duration,p3_retrace_pct,p3_leg_speed,p3_trend_state,p3_rsi,p3_stoch_k,p3_stoch_d,p3_stoch_cross,p3_macd_line,p3_macd_signal,p3_macd_hist,p3_adx,p3_plus_di,p3_minus_di,p3_ema20_dist,p3_ema50_dist,p3_ema200_dist,p3_bb_position,p3_bb_bandwidth,p4_leg_size_pct,p4_leg_duration,p4_retrace_pct,p4_leg_speed,p4_trend_state,p4_rsi,p4_stoch_k,p4_stoch_d,p4_stoch_cross,p4_macd_line,p4_macd_signal,p4_macd_hist,p4_adx,p4_plus_di,p4_minus_di,p4_ema20_dist,p4_ema50_dist,p4_ema200_dist,p4_bb_position,p4_bb_bandwidth,p5_leg_size_pct,p5_leg_duration,p5_retrace_pct,p5_leg_speed,p5_trend_state,p5_rsi,p5_stoch_k,p5_stoch_d,p5_stoch_cross,p5_macd_line,p5_macd_signal,p5_macd_hist,p5_adx,p5_plus_di,p5_minus_di,p5_ema20_dist,p5_ema50_dist,p5_ema200_dist,p5_bb_position,p5_bb_bandwidth,p6_leg_size_pct,p6_leg_duration,p6_retrace_pct,p6_leg_speed,p6_trend_state,p6_rsi,p6_stoch_k,p6_stoch_d,p6_stoch_cross,p6_macd_line,p6_macd_signal,p6_macd_hist,p6_adx,p6_plus_di,p6_minus_di,p6_ema20_dist,p6_ema50_dist,p6_ema200_dist,p6_bb_position,p6_bb_bandwidth,p7_leg_size_pct,p7_leg_duration,p7_retrace_pct,p7_leg_speed,p7_trend_state,p7_rsi,p7_stoch_k,p7_stoch_d,p7_stoch_cross,p7_macd_line,p7_macd_signal,p7_macd_hist,p7_adx,p7_plus_di,p7_minus_di,p7_ema20_dist,p7_ema50_dist,p7_ema200_dist,p7_bb_position,p7_bb_bandwidth,p8_leg_size_pct,p8_leg_duration,p8_retrace_pct,p8_leg_speed,p8_trend_state,p8_rsi,p8_stoch_k,p8_stoch_d,p8_stoch_cross,p8_macd_line,p8_macd_signal,p8_macd_hist,p8_adx,p8_plus_di,p8_minus_di,p8_ema20_dist,p8_ema50_dist,p8_ema200_dist,p8_bb_position,p8_bb_bandwidth,p9_leg_size_pct,p9_leg_duration,p9_retrace_pct,p9_leg_speed,p9_trend_state,p10_leg_size_pct,p10_leg_duration,p10_retrace_pct,p10_leg_speed,p10_trend_state,p11_leg_size_pct,p11_leg_duration,p11_retrace_pct,p11_leg_speed,p11_trend_state,p12_leg_size_pct,p12_leg_duration,p12_retrace_pct,p12_leg_speed,p12_trend_state,p13_leg_size_pct,p13_leg_duration,p13_retrace_pct,p13_leg_speed,p13_trend_state,p14_leg_size_pct,p14_leg_duration,p14_retrace_pct,p14_leg_speed,p14_trend_state,p15_leg_size_pct,p15_leg_duration,p15_retrace_pct,p15_leg_speed,p15_trend_state,p16_leg_size_pct,p16_leg_duration,p16_retrace_pct,p16_leg_speed,p16_trend_state,p17_leg_size_pct,p17_leg_duration,p17_retrace_pct,p17_leg_speed,p17_trend_state,p18_leg_size_pct,p18_leg_duration,p18_retrace_pct,p18_leg_speed,p18_trend_state,p19_leg_size_pct,p19_leg_duration,p19_retrace_pct,p19_leg_speed,p19_trend_state,p20_leg_size_pct,p20_leg_duration,p20_retrace_pct,p20_leg_speed,p20_trend_state,mkt_trend_state,mkt_trend_streak,mkt_bars_since_reversal,mkt_last_break_type,htf_trend_state,htf_retrace_pct,htf_pivot_dist_pct,htf_rsi,htf_stoch_k,htf_stoch_d,htf_macd_line,htf_macd_signal,htf_macd_hist,htf_adx,htf_plus_di,htf_minus_di,htf_ema20_dist,htf_ema50_dist,htf_bb_position,htf_bb_bandwidth,ltf_trend_state,ltf_zigzag_count,ltf_trend_reversal_flag,ltf_rsi,ltf_stoch_k,ltf_stoch_d,ltf_macd_line,ltf_macd_signal,ltf_macd_hist,ltf_adx,ltf_plus_di,ltf_minus_di,ltf_ema20_dist,ltf_ema50_dist,ltf_bb_position,ltf_bb_bandwidth,leg_size_vs_avg,leg_duration_vs_avg,bars_since_large_leg,max_retrace_last10,min_retrace_last10,leg_size_stddev,legs_contracting
2025-09-12T06:45:00Z,1.000000,no_impulse,0,RECLTD,1h,-1.000000,,0.000000,0.000000,0.000000,0.445267,1.033574,-0.488466,,,,,,,,,,,,,,,,,,,,,,,,,,,,,,,,,,,,,,,,,,,,,,,,,,,,,,,,,,,,,,,,,,,,,,,,,,,,,,,,,,,,,,,,,,,,,,,,,,,,,,,,,,,,,,,,,,,,,,,,,,,,,,,,,,,,,,,,,,,,,,,,,,,,,,,,,,,,,,,,,,,,,,,,,,,,,,,,,,,,,,,,,,,,,,,,,,,,,,,,,,,,,,,,,,,,,,,,,,,,,0.000000,1.000000,,-1.000000,,,,48.537702,83.025210,75.464813,-1.157347,-1.668952,0.511605,27.116078,21.396185,23.697408,0.293319,-2.344390,0.531492,0.093416,,0.000000,,50.845870,44.943820,20.663092,-0.100167,-0.070109,-0.030058,18.887132,22.422461,23.512617,0.057062,0.110047,0.550796,0.011240,0.000000,0.000000,,,,0.000000,
2025-09-15T04:45:00Z,1.033154,no_impulse,0,RECLTD,1h,1.000000,,3.315364,5.000000,0.663073,1.618529,2.354467,1.156194,0.000000,0.000000,,0.000000,0.000000,58.207070,65.185185,45.432099,0.000000,0.341370,0.410699,-0.069330,25.178987,23.566514,19.703701,0.445267,1.033574,-0.488466,0.697477,0.022649,,,,,,,,,,,,,,,,,,,,,,,,,,,,,,,,,,,,,,,,,,,,,,,,,,,,,,,,,,,,,,,,,,,,,,,,,,,,,,,,,,,,,,,,,,,,,,,,,,,,,,,,,,,,,,,,,,,,,,,,,,,,,,,,,,,,,,,,,,,,,,,,,,,,,,,,,,,,,,,,,,,,,,,,,,,,,,,,,,,,,,,,,,,,,,,,,,,,,,,,,0.000000,2.000000,,-1.000000,,,,53.486827,86.023055,82.822999,-0.879676,-1.492928,0.613251,26.078327,27.286648,21.185221,1.492985,-0.914352,0.665924,0.091344,,0.000000,,73.704816,90.366972,87.308869,0.522654,0.264805,0.257849,28.716725,38.746739,6.777867,1.499196,1.997464,0.913125,0.036841,1.000000,1.000000,,,,0.000000,
2025-09-15T09:45:00Z,1.017655,no_impulse,0,RECLTD,1h,-1.000000,46.747967,1.500130,5.000000,0.300026,0.763266,1.639647,0.763752,3.315364,5.000000,,0.663073,0.000000,70.161631,73.577236,66.634699,0.000000,0.523381,0.402246,0.121136,26.674427,39.177328,11.215815,1.618529,2.354467,1.156194,1.083290,0.028205,0.000000,0.000000,,0.000000,0.000000,58.207070,65.185185,45.432099,0.000000,0.341370,0.410699,-0.069330,25.178987,23.566514,19.703701,0.445267,1.033574,-0.488466,0.697477,0.022649,,,,,,,,,,,,,,,,,,,,,,,,,,,,,,,,,,,,,,,,,,,,,,,,,,,,,,,,,,,,,,,,,,,,,,,,,,,,,,,,,,,,,,,,,,,,,,,,,,,,,,,,,,,,,,,,,,,,,,,,,,,,,,,,,,,,,,,,,,,,,,,,,,,,,,,,,,,,,,,,,,,,,,,,,,,,,,,,,,,,,2.000000,3.000000,,-1.000000,,,,55.328453,91.930836,86.993034,-0.617885,-1.311484,0.693600,25.114701,26.258003,20.386586,1.830972,-0.356126,0.701796,0.092426,,0.000000,,52.786802,46.938776,49.704230,0.146874,0.221113,-0.074239,29.738871,25.506635,21.633179,0.010751,0.452147,0.513601,0.007905,0.904957,2.000000,,,,2.344316,
2025-09-18T03:45:00Z,1.052561,no_impulse,0,RECLTD,1h,1.000000,225.217391,3.430009,15.000000,0.228667,1.624445,2.771809,2.858187,1.500130,5.000000,46.747967,0.300026,2.000000,62.101173,62.601626,60.704607,0.000000,0.591384,0.530172,0.061212,30.354909,30.088471,14.549233,0.763266,1.639647,0.763752,0.750703,0.030679,3.315364,5.000000,,0.663073,0.000000,70.161631,73.577236,66.634699,0.000000,0.523381,0.402246,0.121136,26.674427,39.177328,11.215815,1.618529,2.354467,1.156194,1.083290,0.028205,0.000000,0.000000,,0.000000,0.000000,58.207070,65.185185,45.432099,0.000000,0.341370,0.410699,-0.069330,25.178987,23.566514,19.703701,0.445267,1.033574,-0.488466,0.697477,0.022649,,,,,,,,,,,,,,,,,,,,,,,,,,,,,,,,,,,,,,,,,,,,,,,,,,,,,,,,,,,,,,,,,,,,,,,,,,,,,,,,,,,,,,,,,,,,,,,,,,,,,,,,,,,,,,,,,,,,,,,,,,,,,,,,,,,,,,,,,,,,,,,,,,,,,,,,,,,,,,,,,1.000000,4.000000,,-1.000000,,,,58.680257,84.556962,90.779288,-0.095606,-0.901853,0.806247,25.188181,32.344141,17.661192,2.314136,0.611148,0.746109,0.096257,,0.000000,,71.365541,68.421053,54.577851,0.208327,0.204880,0.003447,38.312797,39.767848,10.015396,0.585285,1.017895,1.453368,0.006175,2.136858,4.500000,20.000000,46.747967,46.747967,1.660176,
2025-09-22T08:45:00Z,1.031267,no_impulse,0,RECLTD,1h,-1.000000,61.003861,2.023047,19.000000,0.106476,-0.173844,0.689803,1.544127,3.430009,15.000000,225.217391,0.228667,1.000000,75.114774,77.405858,78.961949,1.000000,0.708165,0.636001,0.072164,43.107595,44.459245,7.848459,1.624445,2.771809,2.858187,1.124384,0.026446,1.500130,5.000000,46.747967,0.300026,2.000000,62.101173,62.601626,60.704607,0.000000,0.591384,0.530172,0.061212,30.354909,30.088471,14.549233,0.763266,1.639647,0.763752,0.750703,0.030679,3.315364,5.000000,,0.663073,0.000000,70.161631,73.577236,66.634699,0.000000,0.523381,0.402246,0.121136,26.674427,39.177328,11.215815,1.618529,2.354467,1.156194,1.083290,0.028205,0.000000,0.000000,,0.000000,0.000000,58.207070,65.185185,45.432099,0.000000,0.341370,0.410699,-0.069330,25.178987,23.566514,19.703701,0.445267,1.033574,-0.488466,0.697477,0.022649,,,,,,,,,,,,,,,,,,,,,,,,,,,,,,,,,,,,,,,,,,,,,,,,,,,,,,,,,,,,,,,,,,,,,,,,,,,,,,,,,,,,,,,,,,,,,,,,,,,,,,,,,,,,,,,,,,,,,,,,,,,,,,,,,,,,,,,,,,,,,2.000000,5.000000,,-1.000000,,,,60.777964,86.355476,81.082267,0.372678,-0.338703,0.711381,25.984576,29.759948,15.614703,2.248759,1.113220,0.712024,0.108502,,0.000000,,41.468648,19.354839,15.053763,-0.056932,-0.021443,-0.035489,14.598053,13.850108,23.887189,-0.216987,-0.203082,0.105772,0.005492,0.981406,3.040000,,225.217391,46.747967,1.634004,
2025-09-23T04:45:00Z,1.049596,no_impulse,0,RECLTD,1h,1.000000,86.075949,1.777313,3.000000,0.592438,0.513905,1.339960,2.269630,2.023047,19.000000,61.003861,0.106476,2.000000,50.029316,28.971963,39.832759,0.000000,0.262716,0.381492,-0.118776,37.608210,19.390105,16.795796,-0.173844,0.689803,1.544127,0.342556,0.011022,3.430009,15.000000,225.217391,0.228667,1.000000,75.114774,77.405858,78.961949,1.000000,0.708165,0.636001,0.072164,43.107595,44.459245,7.848459,1.624445,2.771809,2.858187,1.124384,0.026446,1.500130,5.000000,46.747967,0.300026,2.000000,62.101173,62.601626,60.704607,0.000000,0.591384,0.530172,0.061212,30.354909,30.088471,14.549233,0.763266,1.639647,0.763752,0.750703,0.030679,3.315364,5.000000,,0.663073,0.000000,70.161631,73.577236,66.634699,0.000000,0.523381,0.402246,0.121136,26.674427,39.177328,11.215815,1.618529,2.354467,1.156194,1.083290,0.028205,0.000000,0.000000,,0.000000,0.000000,58.207070,65.185185,45.432099,0.000000,0.341370,0.410699,-0.069330,25.178987,23.566514,19.703701,0.445267,1.033574,-0.488466,0.697477,0.022649,,,,,,,,,,,,,,,,,,,,,,,,,,,,,,,,,,,,,,,,,,,,,,,,,,,,,,,,,,,,,,,,,,,,,,,,,,,,,,,,,,,,,,,,,,,,,,,,,,,,,,,,,,,,,,,,,,,,,,,,,3.000000,1.000000,,-1.000000,,,,60.777964,86.355476,81.082267,0.372678,-0.338703,0.711381,25.984576,29.759948,15.614703,2.248759,1.113220,0.712024,0.108502,,0.000000,,65.655409,100.000000,84.367816,0.097280,-0.015425,0.112704,22.333021,29.841339,14.042178,0.754902,0.827996,1.042212,0.014029,0.865416,0.340909,,225.217391,46.747967,1.415193,
2025-09-26T03:45:00Z,0.993801,no_impulse,0,RECLTD,1h,-1.000000,304.411765,5.315871,20.000000,0.265794,-2.740466,-3.073352,-2.413365,1.777313,3.000000,86.075949,0.592438,3.000000,59.934467,68.382353,62.551342,1.000000,0.276340,0.318178,-0.041838,35.796065,30.150214,12.807982,0.513905,1.339960,2.269630,0.922098,0.012238,2.023047,19.000000,61.003861,0.106476,2.000000,50.029316,28.971963,39.832759,0.000000,0.262716,0.381492,-0.118776,37.608210,19.390105,16.795796,-0.173844,0.689803,1.544127,0.342556,0.011022,3.430009,15.000000,225.217391,0.228667,1.000000,75.114774,77.405858,78.961949,1.000000,0.708165,0.636001,0.072164,43.107595,44.459245,7.848459,1.624445,2.771809,2.858187,1.124384,0.026446,1.500130,5.000000,46.747967,0.300026,2.000000,62.101173,62.601626,60.704607,0.000000,0.591384,0.530172,0.061212,30.354909,30.088471,14.549233,0.763266,1.639647,0.763752,0.750703,0.030679,3.315364,5.000000,,0.663073,0.000000,70.161631,73.577236,66.634699,0.000000,0.523381,0.402246,0.121136,26.674427,39.177328,11.215815,1.618529,2.354467,1.156194,1.083290,0.028205,0.000000,0.000000,,0.000000,0.000000,58.207070,65.185185,45.432099,0.000000,0.341370,0.410699,-0.069330,25.178987,23.566514,19.703701,0.445267,1.033574,-0.488466,0.697477,0.022649,,,,,,,,,,,,,,,,,,,,,,,,,,,,,,,,,,,,,,,,,,,,,,,,,,,,,,,,,,,,,,,,,,,,,,,,,,,,,,,,,,,,,,,,,,,,,,,,,,,,,4.000000,2.000000,,-1.000000,,,,39.422491,9.411765,38.754261,0.001190,-0.084492,0.085683,23.499814,22.111359,30.701099,-2.631562,-3.844206,0.197577,0.084785,,0.000000,,11.722585,3.301887,6.664896,-0.592560,-0.434659,-0.157902,48.509496,5.455105,51.045760,-2.043775,-2.834255,-0.269655,0.026023,2.647815,2.553191,,225.217391,46.747967,1.270807,1.501480
2025-09-26T03:45:00Z,1.010916,no_impulse,0,RECLTD,1h,1.000000,30.676329,1.722267,0.000000,0.000000,-2.740466,-3.073352,-2.413365,5.315871,20.000000,304.411765,0.265794,4.000000,16.903892,7.923497,5.203586,0.000000,-0.765727,-0.403694,-0.362033,37.721332,7.358191,46.641175,-2.740466,-3.073352,-2.413365,-0.028755,0.050446,1.777313,3.000000,86.075949,0.592438,3.000000,59.934467,68.382353,62.551342,1.000000,0.276340,0.318178,-0.041838,35.796065,30.150214,12.807982,0.513905,1.339960,2.269630,0.922098,0.012238,2.023047,19.000000,61.003861,0.106476,2.000000,50.029316,28.971963,39.832759,0.000000,0.262716,0.381492,-0.118776,37.608210,19.390105,16.795796,-0.173844,0.689803,1.544127,0.342556,0.011022,3.430009,15.000000,225.217391,0.228667,1.000000,75.114774,77.405858,78.961949,1.000000,0.708165,0.636001,0.072164,43.107595,44.459245,7.848459,1.624445,2.771809,2.858187,1.124384,0.026446,1.500130,5.000000,46.747967,0.300026,2.000000,62.101173,62.601626,60.704607,0.000000,0.591384,0.530172,0.061212,30.354909,30.088471,14.549233,0.763266,1.639647,0.763752,0.750703,0.030679,3.315364,5.000000,,0.663073,0.000000,70.161631,73.577236,66.634699,0.000000,0.523381,0.402246,0.121136,26.674427,39.177328,11.215815,1.618529,2.354467,1.156194,1.083290,0.028205,0.000000,0.000000,,0.000000,0.000000,58.207070,65.185185,45.432099,0.000000,0.341370,0.410699,-0.069330,25.178987,23.566514,19.703701,0.445267,1.033574,-0.488466,0.697477,0.022649,,,,,,,,,,,,,,,,,,,,,,,,,,,,,,,,,,,,,,,,,,,,,,,,,,,,,,,,,,,,,,,,,,,,,,,,,,,,,,,,,4.000000,3.000000,,-1.000000,,,,39.422491,9.411765,38.754261,0.001190,-0.084492,0.085683,23.499814,22.111359,30.701099,-2.631562,-3.844206,0.197577,0.084785,,0.000000,,11.722585,3.301887,6.664896,-0.592560,-0.434659,-0.157902,48.509496,5.455105,51.045760,-2.043775,-2.834255,-0.269655,0.026023,0.694393,0.000000,0.000000,304.411765,46.747967,1.705659,1.105600
2025-09-26T08:45:00Z,0.983827,no_impulse,0,RECLTD,1h,-1.000000,158.267717,2.679643,5.000000,0.535929,-2.211294,-3.213018,-3.073653,1.722267,0.000000,30.676329,0.000000,4.000000,16.903892,7.923497,5.203586,0.000000,-0.765727,-0.403694,-0.362033,37.721332,7.358191,46.641175,-2.740466,-3.073352,-2.413365,-0.028755,0.050446,5.315871,20.000000,304.411765,0.265794,4.000000,16.903892,7.923497,5.203586,0.000000,-0.765727,-0.403694,-0.362033,37.721332,7.358191,46.641175,-2.740466,-3.073352,-2.413365,-0.028755,0.050446,1.777313,3.000000,86.075949,0.592438,3.000000,59.934467,68.382353,62.551342,1.000000,0.276340,0.318178,-0.041838,35.796065,30.150214,12.807982,0.513905,1.339960,2.269630,0.922098,0.012238,2.023047,19.000000,61.003861,0.106476,2.000000,50.029316,28.971963,39.832759,0.000000,0.262716,0.381492,-0.118776,37.608210,19.390105,16.795796,-0.173844,0.689803,1.544127,0.342556,0.011022,3.430009,15.000000,225.217391,0.228667,1.000000,75.114774,77.405858,78.961949,1.000000,0.708165,0.636001,0.072164,43.107595,44.459245,7.848459,1.624445,2.771809,2.858187,1.124384,0.026446,1.500130,5.000000,46.747967,0.300026,2.000000,62.101173,62.601626,60.704607,0.000000,0.591384,0.530172,0.061212,30.354909,30.088471,14.549233,0.763266,1.639647,0.763752,0.750703,0.030679,3.315364,5.000000,,0.663073,0.000000,70.161631,73.577236,66.634699,0.000000,0.523381,0.402246,0.121136,26.674427,39.177328,11.215815,1.618529,2.354467,1.156194,1.083290,0.028205,0.000000,0.000000,,0.000000,0.000000,58.207070,65.185185,45.432099,0.000000,0.341370,0.410699,-0.069330,25.178987,23.566514,19.703701,0.445267,1.033574,-0.488466,0.697477,0.022649,,,,,,,,,,,,,,,,,,,,,,,,,,,,,,,,,,,,,,,,,,,,,,,,,,,,,,,,,,,,,4.000000,4.000000,,-1.000000,,,,39.422491,9.411765,38.754261,0.001190,-0.084492,0.085683,23.499814,22.111359,30.701099,-2.631562,-3.844206,0.197577,0.084785,,0.000000,,22.401047,7.142857,15.599343,-0.708538,-0.728834,0.020296,62.524267,6.943144,31.411834,-1.037786,-2.325490,-0.076485,0.017817,1.123304,0.597015,5.000000,304.411765,30.676329,1.601711,1.267829
2025-10-01T03:45:00Z,1.038275,no_impulse,0,RECLTD,1h,1.000000,200.995025,5.534247,16.000000,0.345890,2.654457,2.003954,1.564976,2.679643,5.000000,158.267717,0.535929,4.000000,17.912408,12.096774,6.121046,0.000000,-1.244163,-0.895753,-0.348410,49.524069,5.228089,43.338182,-2.211294,-3.213018,-3.073653,0.192701,0.070402,1.722267,0.000000,30.676329,0.000000,4.000000,16.903892,7.923497,5.203586,0.000000,-0.765727,-0.403694,-0.362033,37.721332,7.358191,46.641175,-2.740466,-3.073352,-2.413365,-0.028755,0.050446,5.315871,20.000000,304.411765,0.265794,4.000000,16.903892,7.923497,5.203586,0.000000,-0.765727,-0.403694,-0.362033,37.721332,7.358191,46.641175,-2.740466,-3.073352,-2.413365,-0.028755,0.050446,1.777313,3.000000,86.075949,0.592438,3.000000,59.934467,68.382353,62.551342,1.000000,0.276340,0.318178,-0.041838,35.796065,30.150214,12.807982,0.513905,1.339960,2.269630,0.922098,0.012238,2.023047,19.000000,61.003861,0.106476,2.000000,50.029316,28.971963,39.832759,0.000000,0.262716,0.381492,-0.118776,37.608210,19.390105,16.795796,-0.173844,0.689803,1.544127,0.342556,0.011022,3.430009,15.000000,225.217391,0.228667,1.000000,75.114774,77.405858,78.961949,1.000000,0.708165,0.636001,0.072164,43.107595,44.459245,7.848459,1.624445,2.771809,2.858187,1.124384,0.026446,1.500130,5.000000,46.747967,0.300026,2.000000,62.101173,62.601626,60.704607,0.000000,0.591384,0.530172,0.061212,30.354909,30.088471,14.549233,0.763266,1.639647,0.763752,0.750703,0.030679,3.315364,5.000000,,0.663073,0.000000,70.161631,73.577236,66.634699,0.000000,0.523381,0.402246,0.121136,26.674427,39.177328,11.215815,1.618529,2.354467,1.156194,1.083290,0.028205,0.000000,0.000000,,0.000000,0.000000,,,,,,,,,,,,,,,,,,,,,,,,,,,,,,,,,,,,,,,,,,,,,,,,,,,,,,,,7.000000,5.000000,,-1.000000,,,,50.684703,49.215686,35.816993,-0.139582,-0.114275,-0.025307,22.030370,31.848145,22.310566,0.316354,-0.833327,0.543642,0.072719,,0.000000,,73.539785,100.000000,69.174603,0.149180,0.018591,0.130589,28.642882,36.628173,9.401175,1.562298,1.608434,1.374595,0.018147,2.288597,2.000000,21.000000,304.411765,30.676329,1.501468,1.344023
2025-10-01T03:45:00Z,1.002965,no_impulse,0,RECLTD,1h,-1.000000,64.851485,3.400831,0.000000,0.000000,2.654457,2.003954,1.564976,5.534247,16.000000,200.995025,0.345890,7.000000,71.759373,89.808917,75.125140,0.000000,-0.130224,-0.473151,0.342927,29.582886,40.527259,14.437201,2.654457,2.003954,1.564976,1.241614,0.036769,2.679643,5.000000,158.267717,0.535929,4.000000,17.912408,12.096774,6.121046,0.000000,-1.244163,-0.895753,-0.348410,49.524069,5.228089,43.338182,-2.211294,-3.213018,-3.073653,0.192701,0.070402,1.722267,0.000000,30.676329,0.000000,4.000000,16.903892,7.923497,5.203586,0.000000,-0.765727,-0.403694,-0.362033,37.721332,7.358191,46.641175,-2.740466,-3.073352,-2.413365,-0.028755,0.050446,5.315871,20.000000,304.411765,0.265794,4.000000,16.903892,7.923497,5.203586,0.000000,-0.765727,-0.403694,-0.362033,37.721332,7.358191,46.641175,-2.740466,-3.073352,-2.413365,-0.028755,0.050446,1.777313,3.000000,86.075949,0.592438,3.000000,59.934467,68.382353,62.551342,1.000000,0.276340,0.318178,-0.041838,35.796065,30.150214,12.807982,0.513905,1.339960,2.269630,0.922098,0.012238,2.023047,19.000000,61.003861,0.106476,2.000000,50.029316,28.971963,39.832759,0.000000,0.262716,0.381492,-0.118776,37.608210,19.390105,16.795796,-0.173844,0.689803,1.544127,0.342556,0.011022,3.430009,15.000000,225.217391,0.228667,1.000000,75.114774,77.405858,78.961949,1.000000,0.708165,0.636001,0.072164,43.107595,44.459245,7.848459,1.624445,2.771809,2.858187,1.124384,0.026446,1.500130,5.000000,46.747967,0.300026,2.000000,62.101173,62.601626,60.704607,0.000000,0.591384,0.530172,0.061212,30.354909,30.088471,14.549233,0.763266,1.639647,0.763752,0.750703,0.030679,3.315364,5.000000,,0.663073,0.000000,0.000000,0.000000,,0.000000,0.000000,,,,,,,,,,,,,,,,,,,,,,,,,,,,,,,,,,,,,,,,,,,,,,,,,,,7.000000,6.000000,0.000000,-1.000000,,,,50.684703,49.215686,35.816993,-0.139582,-0.114275,-0.025307,22.030370,31.848145,22.310566,0.316354,-0.833327,0.543642,0.072719,,0.000000,,73.539785,100.000000,69.174603,0.149180,0.018591,0.130589,28.642882,36.628173,9.401175,1.562298,1.608434,1.374595,0.018147,1.245822,0.000000,0.000000,304.411765,30.676329,1.724791,1.089941
2025-10-01T06:45:00Z,1.029650,no_impulse,0,RECLTD,1h,1.000000,75.572519,2.660575,3.000000,0.886858,0.523258,0.188543,-0.151982,3.400831,0.000000,64.851485,0.000000,7.000000,71.759373,89.808917,75.125140,0.000000,-0.130224,-0.473151,0.342927,29.582886,40.527259,14.437201,2.654457,2.003954,1.564976,1.241614,0.036769,5.534247,16.000000,200.995025,0.345890,7.000000,71.759373,89.808917,75.125140,0.000000,-0.130224,-0.473151,0.342927,29.582886,40.527259,14.437201,2.654457,2.003954,1.564976,1.241614,0.036769,2.679643,5.000000,158.267717,0.535929,4.000000,17.912408,12.096774,6.121046,0.000000,-1.244163,-0.895753,-0.348410,49.524069,5.228089,43.338182,-2.211294,-3.213018,-3.073653,0.192701,0.070402,1.722267,0.000000,30.676329,0.000000,4.000000,16.903892,7.923497,5.203586,0.000000,-0.765727,-0.403694,-0.362033,37.721332,7.358191,46.641175,-2.740466,-3.073352,-2.413365,-0.028755,0.050446,5.315871,20.000000,304.411765,0.265794,4.000000,16.903892,7.923497,5.203586,0.000000,-0.765727,-0.403694,-0.362033,37.721332,7.358191,46.641175,-2.740466,-3.073352,-2.413365,-0.028755,0.050446,1.777313,3.000000,86.075949,0.592438,3.000000,59.934467,68.382353,62.551342,1.000000,0.276340,0.318178,-0.041838,35.796065,30.150214,12.807982,0.513905,1.339960,2.269630,0.922098,0.012238,2.023047,19.000000,61.003861,0.106476,2.000000,50.029316,28.971963,39.832759,0.000000,0.262716,0.381492,-0.118776,37.608210,19.390105,16.795796,-0.173844,0.689803,1.544127,0.342556,0.011022,3.430009,15.000000,225.217391,0.228667,1.000000,75.114774,77.405858,78.961949,1.000000,0.708165,0.636001,0.072164,43.107595,44.459245,7.848459,1.624445,2.771809,2.858187,1.124384,0.026446,1.500130,5.000000,46.747967,0.300026,2.000000,3.315364,5.000000,,0.663073,0.000000,0.000000,0.000000,,0.000000,0.000000,,,,,,,,,,,,,,,,,,,,,,,,,,,,,,,,,,,,,,,,,,,,,,3.000000,7.000000,3.000000,-1.000000,,,,50.684703,49.215686,35.816993,-0.139582,-0.114275,-0.025307,22.030370,31.848145,22.310566,0.316354,-0.833327,0.543642,0.072719,,0.000000,,61.832351,52.717391,49.003623,0.650045,0.681126,-0.031081,43.068087,35.042758,15.182748,0.621298,1.459243,0.609462,0.057114,0.866673,0.340909,,304.411765,30.676329,1.438213,1.317541
2025-10-03T04:45:00Z,1.010916,no_impulse,0,RECLTD,1h,-1.000000,70.202020,1.819372,5.000000,0.363874,-0.033934,-0.195169,-0.492253,2.660575,3.000000,75.572519,0.886858,3.000000,53.993157,36.538462,51.442308,1.000000,0.206873,-0.164373,0.371246,32.082248,36.434098,20.037616,0.523258,0.188543,-0.151982,0.612530,0.046744,3.400831,0.000000,64.851485,0.000000,7.000000,71.759373,89.808917,75.125140,0.000000,-0.130224,-0.473151,0.342927,29.582886,40.527259,14.437201,2.654457,2.003954,1.564976,1.241614,0.036769,5.534247,16.000000,200.995025,0.345890,7.000000,71.759373,89.808917,75.125140,0.000000,-0.130224,-0.473151,0.342927,29.582886,40.527259,14.437201,2.654457,2.003954,1.564976,1.241614,0.036769,2.679643,5.000000,158.267717,0.535929,4.000000,17.912408,12.096774,6.121046,0.000000,-1.244163,-0.895753,-0.348410,49.524069,5.228089,43.338182,-2.211294,-3.213018,-3.073653,0.192701,0.070402,1.722267,0.000000,30.676329,0.000000,4.000000,16.903892,7.923497,5.203586,0.000000,-0.765727,-0.403694,-0.362033,37.721332,7.358191,46.641175,-2.740466,-3.073352,-2.413365,-0.028755,0.050446,5.315871,20.000000,304.411765,0.265794,4.000000,16.903892,7.923497,5.203586,0.000000,-0.765727,-0.403694,-0.362033,37.721332,7.358191,46.641175,-2.740466,-3.073352,-2.413365,-0.028755,0.050446,1.777313,3.000000,86.075949,0.592438,3.000000,59.934467,68.382353,62.551342,1.000000,0.276340,0.318178,-0.041838,35.796065,30.150214,12.807982,0.513905,1.339960,2.269630,0.922098,0.012238,2.023047,19.000000,61.003861,0.106476,2.000000,50.029316,28.971963,39.832759,0.000000,0.262716,0.381492,-0.118776,37.608210,19.390105,16.795796,-0.173844,0.689803,1.544127,0.342556,0.011022,3.430009,15.000000,225.217391,0.228667,1.000000,1.500130,5.000000,46.747967,0.300026,2.000000,3.315364,5.000000,,0.663073,0.000000,0.000000,0.000000,,0.000000,0.000000,,,,,,,,,,,,,,,,,,,,,,,,,,,,,,,,,,,,,,,,,2.000000,1.000000,8.000000,-1.000000,,,,53.444856,60.196078,46.732026,-0.042703,-0.099288,0.056585,21.714659,29.945631,20.977799,0.950171,-0.087458,0.641873,0.067616,,0.000000,,46.428175,29.752066,42.148760,0.015738,0.069033,-0.053294,23.032717,24.140944,16.553753,-0.253469,0.042231,0.342757,0.016079,0.605570,0.581395,,304.411765,30.676329,1.440698,1.193241
2025-10-06T03:45:00Z,1.029515,no_impulse,0,RECLTD,1h,1.000000,99.280576,1.839755,6.000000,0.306626,0.190500,0.255427,0.074009,1.819372,5.000000,70.202020,0.363874,2.000000,49.918739,30.288462,37.259615,0.000000,0.213425,0.100631,0.112794,30.062393,34.982144,20.964516,-0.033934,-0.195169,-0.492253,0.491961,0.042195,2.660575,3.000000,75.572519,0.886858,3.000000,53.993157,36.538462,51.442308,1.000000,0.206873,-0.164373,0.371246,32.082248,36.434098,20.037616,0.523258,0.188543,-0.151982,0.612530,0.046744,3.400831,0.000000,64.851485,0.000000,7.000000,71.759373,89.808917,75.125140,0.000000,-0.130224,-0.473151,0.342927,29.582886,40.527259,14.437201,2.654457,2.003954,1.564976,1.241614,0.036769,5.534247,16.000000,200.995025,0.345890,7.000000,71.759373,89.808917,75.125140,0.000000,-0.130224,-0.473151,0.342927,29.582886,40.527259,14.437201,2.654457,2.003954,1.564976,1.241614,0.036769,2.679643,5.000000,158.267717,0.535929,4.000000,17.912408,12.096774,6.121046,0.000000,-1.244163,-0.895753,-0.348410,49.524069,5.228089,43.338182,-2.211294,-3.213018,-3.073653,0.192701,0.070402,1.722267,0.000000,30.676329,0.000000,4.000000,16.903892,7.923497,5.203586,0.000000,-0.765727,-0.403694,-0.362033,37.721332,7.358191,46.641175,-2.740466,-3.073352,-2.413365,-0.028755,0.050446,5.315871,20.000000,304.411765,0.265794,4.000000,16.903892,7.923497,5.203586,0.000000,-0.765727,-0.403694,-0.362033,37.721332,7.358191,46.641175,-2.740466,-3.073352,-2.413365,-0.028755,0.050446,1.777313,3.000000,86.075949,0.592438,3.000000,59.934467,68.382353,62.551342,1.000000,0.276340,0.318178,-0.041838,35.796065,30.150214,12.807982,0.513905,1.339960,2.269630,0.922098,0.012238,2.023047,19.000000,61.003861,0.106476,2.000000,3.430009,15.000000,225.217391,0.228667,1.000000,1.500130,5.000000,46.747967,0.300026,2.000000,3.315364,5.000000,,0.663073,0.000000,0.000000,0.000000,,0.000000,0.000000,,,,,,,,,,,,,,,,,,,,,,,,,,,,,,,,,,,,3.000000,1.000000,14.000000,-1.000000,,,,50.923555,51.176471,53.529412,-0.015451,-0.083004,0.067552,21.510790,28.943840,19.758370,0.314465,-0.669066,0.550369,0.062629,,0.000000,,58.146444,49.462366,78.231068,0.176917,0.114995,0.061922,32.188124,27.434090,16.648773,0.243915,0.509330,0.658568,0.015420,0.605916,0.697674,,304.411765,30.676329,1.406800,0.793141
2025-10-09T06:45:00Z,0.997035,no_impulse,0,RECLTD,1h,-1.000000,174.637681,3.154863,24.000000,0.131453,-0.879285,-1.305115,-1.743700,1.839755,6.000000,99.280576,0.306626,3.000000,52.863557,19.344262,37.050094,0.000000,0.301448,0.235009,0.066438,29.588715,30.725394,21.393352,0.190500,0.255427,0.074009,0.547338,0.040319,1.819372,5.000000,70.202020,0.363874,2.000000,49.918739,30.288462,37.259615,0.000000,0.213425,0.100631,0.112794,30.062393,34.982144,20.964516,-0.033934,-0.195169,-0.492253,0.491961,0.042195,2.660575,3.000000,75.572519,0.886858,3.000000,53.993157,36.538462,51.442308,1.000000,0.206873,-0.164373,0.371246,32.082248,36.434098,20.037616,0.523258,0.188543,-0.151982,0.612530,0.046744,3.400831,0.000000,64.851485,0.000000,7.000000,71.759373,89.808917,75.125140,0.000000,-0.130224,-0.473151,0.342927,29.582886,40.527259,14.437201,2.654457,2.003954,1.564976,1.241614,0.036769,5.534247,16.000000,200.995025,0.345890,7.000000,71.759373,89.808917,75.125140,0.000000,-0.130224,-0.473151,0.342927,29.582886,40.527259,14.437201,2.654457,2.003954,1.564976,1.241614,0.036769,2.679643,5.000000,158.267717,0.535929,4.000000,17.912408,12.096774,6.121046,0.000000,-1.244163,-0.895753,-0.348410,49.524069,5.228089,43.338182,-2.211294,-3.213018,-3.073653,0.192701,0.070402,1.722267,0.000000,30.676329,0.000000,4.000000,16.903892,7.923497,5.203586,0.000000,-0.765727,-0.403694,-0.362033,37.721332,7.358191,46.641175,-2.740466,-3.073352,-2.413365,-0.028755,0.050446,5.315871,20.000000,304.411765,0.265794,4.000000,16.903892,7.923497,5.203586,0.000000,-0.765727,-0.403694,-0.362033,37.721332,7.358191,46.641175,-2.740466,-3.073352,-2.413365,-0.028755,0.050446,1.777313,3.000000,86.075949,0.592438,3.000000,2.023047,19.000000,61.003861,0.106476,2.000000,3.430009,15.000000,225.217391,0.228667,1.000000,1.500130,5.000000,46.747967,0.300026,2.000000,3.315364,5.000000,,0.663073,0.000000,0.000000,0.000000,,0.000000,0.000000,,,,,,,,,,,,,,,,,,,,,,,,,,,,,,,4.000000,2.000000,38.000000,-1.000000,,,,45.852762,31.422925,28.973882,-0.241116,-0.126966,-0.114150,18.692726,27.128264,21.205663,-0.752922,-1.769943,0.367891,0.056567,,0.000000,,35.632874,12.500000,14.583333,-0.271681,-0.281301,0.009620,15.411453,17.153364,18.126491,-0.306973,-0.791171,0.229784,0.011326,1.096470,3.116883,,304.411765,30.676329,1.446668,0.544111
2025-10-10T03:45:00Z,1.020216,no_impulse,0,RECLTD,1h,1.000000,71.369295,2.324953,4.000000,0.581238,1.133756,0.763834,0.288249,3.154863,24.000000,174.637681,0.131453,4.000000,33.253702,8.510638,7.809255,1.000000,-0.436594,-0.288663,-0.147932,15.873983,17.708577,23.079120,-0.879285,-1.305115,-1.743700,0.219563,0.031081,1.839755,6.000000,99.280576,0.306626,3.000000,52.863557,19.344262,37.050094,0.000000,0.301448,0.235009,0.066438,29.588715,30.725394,21.393352,0.190500,0.255427,0.074009,0.547338,0.040319,1.819372,5.000000,70.202020,0.363874,2.000000,49.918739,30.288462,37.259615,0.000000,0.213425,0.100631,0.112794,30.062393,34.982144,20.964516,-0.033934,-0.195169,-0.492253,0.491961,0.042195,2.660575,3.000000,75.572519,0.886858,3.000000,53.993157,36.538462,51.442308,1.000000,0.206873,-0.164373,0.371246,32.082248,36.434098,20.037616,0.523258,0.188543,-0.151982,0.612530,0.046744,3.400831,0.000000,64.851485,0.000000,7.000000,71.759373,89.808917,75.125140,0.000000,-0.130224,-0.473151,0.342927,29.582886,40.527259,14.437201,2.654457,2.003954,1.564976,1.241614,0.036769,5.534247,16.000000,200.995025,0.345890,7.000000,71.759373,89.808917,75.125140,0.000000,-0.130224,-0.473151,0.342927,29.582886,40.527259,14.437201,2.654457,2.003954,1.564976,1.241614,0.036769,2.679643,5.000000,158.267717,0.535929,4.000000,17.912408,12.096774,6.121046,0.000000,-1.244163,-0.895753,-0.348410,49.524069,5.228089,43.338182,-2.211294,-3.213018,-3.073653,0.192701,0.070402,1.722267,0.000000,30.676329,0.000000,4.000000,16.903892,7.923497,5.203586,0.000000,-0.765727,-0.403694,-0.362033,37.721332,7.358191,46.641175,-2.740466,-3.073352,-2.413365,-0.028755,0.050446,5.315871,20.000000,304.411765,0.265794,4.000000,1.777313,3.000000,86.075949,0.592438,3.000000,2.023047,19.000000,61.003861,0.106476,2.000000,3.430009,15.000000,225.217391,0.228667,1.000000,1.500130,5.000000,46.747967,0.300026,2.000000,3.315364,5.000000,,0.663073,0.000000,0.000000,0.000000,,0.000000,0.000000,,,,,,,,,,,,,,,,,,,,,,,,,,3.000000,3.000000,42.000000,-1.000000,,,,45.852762,31.422925,28.973882,-0.241116,-0.126966,-0.114150,18.692726,27.128264,21.205663,-0.752922,-1.769943,0.367891,0.056567,,0.000000,,74.486095,91.803279,85.619014,0.010413,-0.128195,0.138608,13.887093,40.171284,10.671120,0.984638,0.714713,1.341988,0.011810,0.777453,0.487805,,304.411765,30.676329,1.416367,0.587633
2025-10-13T03:45:00Z,0.994070,no_impulse,0,RECLTD,1h,-1.000000,112.790698,2.562748,7.000000,0.366107,-0.583938,-0.891347,-1.412119,2.324953,4.000000,71.369295,0.581238,3.000000,62.673924,95.348837,46.499258,0.000000,-0.243293,-0.328632,0.085339,16.066455,34.204288,15.949493,1.133756,0.763834,0.288249,0.893525,0.029141,3.154863,24.000000,174.637681,0.131453,4.000000,33.253702,8.510638,7.809255,1.000000,-0.436594,-0.288663,-0.147932,15.873983,17.708577,23.079120,-0.879285,-1.305115,-1.743700,0.219563,0.031081,1.839755,6.000000,99.280576,0.306626,3.000000,52.863557,19.344262,37.050094,0.000000,0.301448,0.235009,0.066438,29.588715,30.725394,21.393352,0.190500,0.255427,0.074009,0.547338,0.040319,1.819372,5.000000,70.202020,0.363874,2.000000,49.918739,30.288462,37.259615,0.000000,0.213425,0.100631,0.112794,30.062393,34.982144,20.964516,-0.033934,-0.195169,-0.492253,0.491961,0.042195,2.660575,3.000000,75.572519,0.886858,3.000000,53.993157,36.538462,51.442308,1.000000,0.206873,-0.164373,0.371246,32.082248,36.434098,20.037616,0.523258,0.188543,-0.151982,0.612530,0.046744,3.400831,0.000000,64.851485,0.000000,7.000000,71.759373,89.808917,75.125140,0.000000,-0.130224,-0.473151,0.342927,29.582886,40.527259,14.437201,2.654457,2.003954,1.564976,1.241614,0.036769,5.534247,16.000000,200.995025,0.345890,7.000000,71.759373,89.808917,75.125140,0.000000,-0.130224,-0.473151,0.342927,29.582886,40.527259,14.437201,2.654457,2.003954,1.564976,1.241614,0.036769,2.679643,5.000000,158.267717,0.535929,4.000000,17.912408,12.096774,6.121046,0.000000,-1.244163,-0.895753,-0.348410,49.524069,5.228089,43.338182,-2.211294,-3.213018,-3.073653,0.192701,0.070402,1.722267,0.000000,30.676329,0.000000,4.000000,5.315871,20.000000,304.411765,0.265794,4.000000,1.777313,3.000000,86.075949,0.592438,3.000000,2.023047,19.000000,61.003861,0.106476,2.000000,3.430009,15.000000,225.217391,0.228667,1.000000,1.500130,5.000000,46.747967,0.300026,2.000000,3.315364,5.000000,,0.663073,0.000000,0.000000,0.000000,,0.000000,0.000000,,,,,,,,,,,,,,,,,,,,,4.000000,4.000000,49.000000,-1.000000,,,,43.831318,24.110672,27.206851,-0.314359,-0.164951,-0.149408,17.647336,25.799392,23.787521,-1.135651,-2.187980,0.305892,0.057849,,0.000000,,25.187983,8.333333,14.799636,-0.106592,0.022976,-0.129568,23.971328,12.290495,37.831844,-0.967568,-1.003726,-0.257057,0.012658,0.841559,0.843373,,304.411765,30.676329,1.374208,0.928788
2025-10-14T03:45:00Z,1.008086,no_impulse,0,RECLTD,1h,1.000000,53.608247,1.409978,7.000000,0.201425,-0.583709,-1.032801,-1.723542,2.562748,7.000000,112.790698,0.366107,4.000000,41.243206,28.350515,33.868776,1.000000,-0.155722,-0.170947,0.015225,19.005107,20.924623,28.908873,-0.583938,-0.891347,-1.412119,0.208154,0.019892,2.324953,4.000000,71.369295,0.581238,3.000000,62.673924,95.348837,46.499258,0.000000,-0.243293,-0.328632,0.085339,16.066455,34.204288,15.949493,1.133756,0.763834,0.288249,0.893525,0.029141,3.154863,24.000000,174.637681,0.131453,4.000000,33.253702,8.510638,7.809255,1.000000,-0.436594,-0.288663,-0.147932,15.873983,17.708577,23.079120,-0.879285,-1.305115,-1.743700,0.219563,0.031081,1.839755,6.000000,99.280576,0.306626,3.000000,52.863557,19.344262,37.050094,0.000000,0.301448,0.235009,0.066438,29.588715,30.725394,21.393352,0.190500,0.255427,0.074009,0.547338,0.040319,1.819372,5.000000,70.202020,0.363874,2.000000,49.918739,30.288462,37.259615,0.000000,0.213425,0.100631,0.112794,30.062393,34.982144,20.964516,-0.033934,-0.195169,-0.492253,0.491961,0.042195,2.660575,3.000000,75.572519,0.886858,3.000000,53.993157,36.538462,51.442308,1.000000,0.206873,-0.164373,0.371246,32.082248,36.434098,20.037616,0.523258,0.188543,-0.151982,0.612530,0.046744,3.400831,0.000000,64.851485,0.000000,7.000000,71.759373,89.808917,75.125140,0.000000,-0.130224,-0.473151,0.342927,29.582886,40.527259,14.437201,2.654457,2.003954,1.564976,1.241614,0.036769,5.534247,16.000000,200.995025,0.345890,7.000000,71.759373,89.808917,75.125140,0.000000,-0.130224,-0.473151,0.342927,29.582886,40.527259,14.437201,2.654457,2.003954,1.564976,1.241614,0.036769,2.679643,5.000000,158.267717,0.535929,4.000000,1.722267,0.000000,30.676329,0.000000,4.000000,5.315871,20.000000,304.411765,0.265794,4.000000,1.777313,3.000000,86.075949,0.592438,3.000000,2.023047,19.000000,61.003861,0.106476,2.000000,3.430009,15.000000,225.217391,0.228667,1.000000,1.500130,5.000000,46.747967,0.300026,2.000000,3.315364,5.000000,,0.663073,0.000000,0.000000,0.000000,,0.000000,0.000000,,,,,,,,,,,,,,,,3.000000,5.000000,56.000000,-1.000000,,,,42.949544,20.948617,25.494071,-0.385246,-0.209295,-0.175951,16.475911,24.035315,23.443072,-1.225180,-2.314287,0.299555,0.060383,,0.000000,,63.316238,80.681818,79.708754,-0.020763,-0.117281,0.096518,27.135384,31.002676,13.756780,0.520441,0.334287,1.106291,0.008629,0.509031,1.000000,,200.995025,30.676329,1.121263,1.272618
2025-10-14T06:45:00Z,0.990836,no_impulse,0,RECLTD,1h,-1.000000,123.076923,1.711230,3.000000,0.570410,-0.291745,-0.777394,-1.534737,1.409978,7.000000,53.608247,0.201425,3.000000,39.339930,12.631579,21.736300,0.000000,-0.292191,-0.256708,-0.035483,16.833103,25.299449,19.925391,-0.583709,-1.032801,-1.723542,0.251204,0.023325,2.562748,7.000000,112.790698,0.366107,4.000000,41.243206,28.350515,33.868776,1.000000,-0.155722,-0.170947,0.015225,19.005107,20.924623,28.908873,-0.583938,-0.891347,-1.412119,0.208154,0.019892,2.324953,4.000000,71.369295,0.581238,3.000000,62.673924,95.348837,46.499258,0.000000,-0.243293,-0.328632,0.085339,16.066455,34.204288,15.949493,1.133756,0.763834,0.288249,0.893525,0.029141,3.154863,24.000000,174.637681,0.131453,4.000000,33.253702,8.510638,7.809255,1.000000,-0.436594,-0.288663,-0.147932,15.873983,17.708577,23.079120,-0.879285,-1.305115,-1.743700,0.219563,0.031081,1.839755,6.000000,99.280576,0.306626,3.000000,52.863557,19.344262,37.050094,0.000000,0.301448,0.235009,0.066438,29.588715,30.725394,21.393352,0.190500,0.255427,0.074009,0.547338,0.040319,1.819372,5.000000,70.202020,0.363874,2.000000,49.918739,30.288462,37.259615,0.000000,0.213425,0.100631,0.112794,30.062393,34.982144,20.964516,-0.033934,-0.195169,-0.492253,0.491961,0.042195,2.660575,3.000000,75.572519,0.886858,3.000000,53.993157,36.538462,51.442308,1.000000,0.206873,-0.164373,0.371246,32.082248,36.434098,20.037616,0.523258,0.188543,-0.151982,0.612530,0.046744,3.400831,0.000000,64.851485,0.000000,7.000000,71.759373,89.808917,75.125140,0.000000,-0.130224,-0.473151,0.342927,29.582886,40.527259,14.437201,2.654457,2.003954,1.564976,1.241614,0.036769,5.534247,16.000000,200.995025,0.345890,7.000000,2.679643,5.000000,158.267717,0.535929,4.000000,1.722267,0.000000,30.676329,0.000000,4.000000,5.315871,20.000000,304.411765,0.265794,4.000000,1.777313,3.000000,86.075949,0.592438,3.000000,2.023047,19.000000,61.003861,0.106476,2.000000,3.430009,15.000000,225.217391,0.228667,1.000000,1.500130,5.000000,46.747967,0.300026,2.000000,3.315364,5.000000,,0.663073,0.000000,0.000000,0.000000,,0.000000,0.000000,,,,,,,,,,,4.000000,6.000000,59.000000,-1.000000,,,,50.345422,42.687747,29.249012,-0.312732,-0.227532,-0.085200,16.123164,26.924842,21.354624,0.231887,-0.784838,0.538775,0.059942,,0.000000,,36.881743,1.818182,9.997498,-0.150565,-0.103181,-0.047384,20.608377,13.165527,24.454816,-0.453836,-0.700517,0.074775,0.010625,0.624834,0.389610,59.000000,200.995025,53.608247,1.157449,0.924228
2025-10-16T04:45:00Z,1.023989,no_impulse,0,RECLTD,1h,1.000000,192.187500,3.346028,12.000000,0.278836,1.109871,1.230019,0.722585,1.711230,3.000000,123.076923,0.570410,4.000000,43.555304,38.157895,21.912903,1.000000,-0.310166,-0.283364,-0.026802,14.829096,23.452820,19.953968,-0.291745,-0.777394,-1.534737,0.382327,0.024721,1.409978,7.000000,53.608247,0.201425,3.000000,39.339930,12.631579,21.736300,0.000000,-0.292191,-0.256708,-0.035483,16.833103,25.299449,19.925391,-0.583709,-1.032801,-1.723542,0.251204,0.023325,2.562748,7.000000,112.790698,0.366107,4.000000,41.243206,28.350515,33.868776,1.000000,-0.155722,-0.170947,0.015225,19.005107,20.924623,28.908873,-0.583938,-0.891347,-1.412119,0.208154,0.019892,2.324953,4.000000,71.369295,0.581238,3.000000,62.673924,95.348837,46.499258,0.000000,-0.243293,-0.328632,0.085339,16.066455,34.204288,15.949493,1.133756,0.763834,0.288249,0.893525,0.029141,3.154863,24.000000,174.637681,0.131453,4.000000,33.253702,8.510638,7.809255,1.000000,-0.436594,-0.288663,-0.147932,15.873983,17.708577,23.079120,-0.879285,-1.305115,-1.743700,0.219563,0.031081,1.839755,6.000000,99.280576,0.306626,3.000000,52.863557,19.344262,37.050094,0.000000,0.301448,0.235009,0.066438,29.588715,30.725394,21.393352,0.190500,0.255427,0.074009,0.547338,0.040319,1.819372,5.000000,70.202020,0.363874,2.000000,49.918739,30.288462,37.259615,0.000000,0.213425,0.100631,0.112794,30.062393,34.982144,20.964516,-0.033934,-0.195169,-0.492253,0.491961,0.042195,2.660575,3.000000,75.572519,0.886858,3.000000,53.993157,36.538462,51.442308,1.000000,0.206873,-0.164373,0.371246,32.082248,36.434098,20.037616,0.523258,0.188543,-0.151982,0.612530,0.046744,3.400831,0.000000,64.851485,0.000000,7.000000,5.534247,16.000000,200.995025,0.345890,7.000000,2.679643,5.000000,158.267717,0.535929,4.000000,1.722267,0.000000,30.676329,0.000000,4.000000,5.315871,20.000000,304.411765,0.265794,4.000000,1.777313,3.000000,86.075949,0.592438,3.000000,2.023047,19.000000,61.003861,0.106476,2.000000,3.430009,15.000000,225.217391,0.228667,1.000000,1.500130,5.000000,46.747967,0.300026,2.000000,3.315364,5.000000,,0.663073,0.000000,0.000000,0.000000,,0.000000,0.000000,,,,,,7.000000,7.000000,71.000000,-1.000000,,,,52.399483,49.407115,37.681159,-0.219693,-0.225145,0.005451,15.954033,26.920615,20.410119,0.616300,-0.317993,0.608432,0.057190,,0.000000,,60.266106,68.918919,66.216216,0.226468,0.271087,-0.044618,29.713082,26.007250,14.947868,0.288581,0.742476,0.853780,0.008181,1.266545,1.600000,71.000000,200.995025,53.608247,1.202572,0.776542
2025-10-17T04:45:00Z,1.000135,no_impulse,0,RECLTD,1h,-1.000000,71.951220,2.329560,7.000000,0.332794,-0.855417,-0.704637,-1.104955,3.346028,12.000000,192.187500,0.278836,7.000000,64.987989,91.056911,87.643970,0.000000,0.370392,0.161237,0.209156,23.859449,33.316587,14.998771,1.109871,1.230019,0.722585,0.811634,0.036014,1.711230,3.000000,123.076923,0.570410,4.000000,43.555304,38.157895,21.912903,1.000000,-0.310166,-0.283364,-0.026802,14.829096,23.452820,19.953968,-0.291745,-0.777394,-1.534737,0.382327,0.024721,1.409978,7.000000,53.608247,0.201425,3.000000,39.339930,12.631579,21.736300,0.000000,-0.292191,-0.256708,-0.035483,16.833103,25.299449,19.925391,-0.583709,-1.032801,-1.723542,0.251204,0.023325,2.562748,7.000000,112.790698,0.366107,4.000000,41.243206,28.350515,33.868776,1.000000,-0.155722,-0.170947,0.015225,19.005107,20.924623,28.908873,-0.583938,-0.891347,-1.412119,0.208154,0.019892,2.324953,4.000000,71.369295,0.581238,3.000000,62.673924,95.348837,46.499258,0.000000,-0.243293,-0.328632,0.085339,16.066455,34.204288,15.949493,1.133756,0.763834,0.288249,0.893525,0.029141,3.154863,24.000000,174.637681,0.131453,4.000000,33.253702,8.510638,7.809255,1.000000,-0.436594,-0.288663,-0.147932,15.873983,17.708577,23.079120,-0.879285,-1.305115,-1.743700,0.219563,0.031081,1.839755,6.000000,99.280576,0.306626,3.000000,52.863557,19.344262,37.050094,0.000000,0.301448,0.235009,0.066438,29.588715,30.725394,21.393352,0.190500,0.255427,0.074009,0.547338,0.040319,1.819372,5.000000,70.202020,0.363874,2.000000,49.918739,30.288462,37.259615,0.000000,0.213425,0.100631,0.112794,30.062393,34.982144,20.964516,-0.033934,-0.195169,-0.492253,0.491961,0.042195,2.660575,3.000000,75.572519,0.886858,3.000000,3.400831,0.000000,64.851485,0.000000,7.000000,5.534247,16.000000,200.995025,0.345890,7.000000,2.679643,5.000000,158.267717,0.535929,4.000000,1.722267,0.000000,30.676329,0.000000,4.000000,5.315871,20.000000,304.411765,0.265794,4.000000,1.777313,3.000000,86.075949,0.592438,3.000000,2.023047,19.000000,61.003861,0.106476,2.000000,3.430009,15.000000,225.217391,0.228667,1.000000,1.500130,5.000000,46.747967,0.300026,2.000000,3.315364,5.000000,,0.663073,0.000000,0.000000,0.000000,,0.000000,0.000000,2.000000,1.000000,7.000000,-1.000000,,,,49.117289,33.405640,41.833501,-0.200640,-0.221469,0.020828,14.932596,24.909388,24.098832,-0.053923,-0.961021,0.490042,0.054120,,0.000000,,22.692753,9.859155,15.727700,-0.291409,-0.101997,-0.189412,30.317723,8.798607,34.757648,-0.993562,-1.036116,0.054183,0.022067,0.961423,0.985915,78.000000,192.187500,53.608247,0.720086,0.804126
2025-10-20T03:45:00Z,1.025876,no_impulse,0,RECLTD,1h,1.000000,107.909605,2.573777,6.000000,0.428963,0.588547,0.652937,0.256845,2.329560,7.000000,71.951220,0.332794,2.000000,40.696802,10.169492,33.764227,1.000000,0.158869,0.277215,-0.118346,25.440327,20.905130,27.983102,-0.855417,-0.704637,-1.104955,0.242182,0.032898,3.346028,12.000000,192.187500,0.278836,7.000000,64.987989,91.056911,87.643970,0.000000,0.370392,0.161237,0.209156,23.859449,33.316587,14.998771,1.109871,1.230019,0.722585,0.811634,0.036014,1.711230,3.000000,123.076923,0.570410,4.000000,43.555304,38.157895,21.912903,1.000000,-0.310166,-0.283364,-0.026802,14.829096,23.452820,19.953968,-0.291745,-0.777394,-1.534737,0.382327,0.024721,1.409978,7.000000,53.608247,0.201425,3.000000,39.339930,12.631579,21.736300,0.000000,-0.292191,-0.256708,-0.035483,16.833103,25.299449,19.925391,-0.583709,-1.032801,-1.723542,0.251204,0.023325,2.562748,7.000000,112.790698,0.366107,4.000000,41.243206,28.350515,33.868776,1.000000,-0.155722,-0.170947,0.015225,19.005107,20.924623,28.908873,-0.583938,-0.891347,-1.412119,0.208154,0.019892,2.324953,4.000000,71.369295,0.581238,3.000000,62.673924,95.348837,46.499258,0.000000,-0.243293,-0.328632,0.085339,16.066455,34.204288,15.949493,1.133756,0.763834,0.288249,0.893525,0.029141,3.154863,24.000000,174.637681,0.131453,4.000000,33.253702,8.510638,7.809255,1.000000,-0.436594,-0.288663,-0.147932,15.873983,17.708577,23.079120,-0.879285,-1.305115,-1.743700,0.219563,0.031081,1.839755,6.000000,99.280576,0.306626,3.000000,52.863557,19.344262,37.050094,0.000000,0.301448,0.235009,0.066438,29.588715,30.725394,21.393352,0.190500,0.255427,0.074009,0.547338,0.040319,1.819372,5.000000,70.202020,0.363874,2.000000,2.660575,3.000000,75.572519,0.886858,3.000000,3.400831,0.000000,64.851485,0.000000,7.000000,5.534247,16.000000,200.995025,0.345890,7.000000,2.679643,5.000000,158.267717,0.535929,4.000000,1.722267,0.000000,30.676329,0.000000,4.000000,5.315871,20.000000,304.411765,0.265794,4.000000,1.777313,3.000000,86.075949,0.592438,3.000000,2.023047,19.000000,61.003861,0.106476,2.000000,3.430009,15.000000,225.217391,0.228667,1.000000,1.500130,5.000000,46.747967,0.300026,2.000000,3.315364,5.000000,,0.663073,0.000000,1.000000,2.000000,13.000000,-1.000000,,,,48.794593,31.277533,38.030096,-0.187700,-0.214833,0.027133,14.390585,25.951476,22.400309,-0.109186,-0.988053,0.478315,0.050295,,0.000000,,75.915315,90.957447,91.065664,0.109145,-0.103138,0.212283,35.291072,38.196676,11.691947,1.484824,1.412691,1.255099,0.019960,1.111348,0.769231,84.000000,192.187500,53.608247,0.632860,1.172943
2025-10-20T08:45:00Z,1.008221,no_impulse,0,RECLTD,1h,-1.000000,68.586387,1.720967,5.000000,0.344193,-0.272069,-0.124828,-0.430950,2.573777,6.000000,107.909605,0.428963,1.000000,57.404068,61.256545,50.362351,1.000000,0.046895,0.077365,-0.030470,21.602946,34.751057,17.438816,0.588547,0.652937,0.256845,0.736915,0.024989,2.329560,7.000000,71.951220,0.332794,2.000000,40.696802,10.169492,33.764227,1.000000,0.158869,0.277215,-0.118346,25.440327,20.905130,27.983102,-0.855417,-0.704637,-1.104955,0.242182,0.032898,3.346028,12.000000,192.187500,0.278836,7.000000,64.987989,91.056911,87.643970,0.000000,0.370392,0.161237,0.209156,23.859449,33.316587,14.998771,1.109871,1.230019,0.722585,0.811634,0.036014,1.711230,3.000000,123.076923,0.570410,4.000000,43.555304,38.157895,21.912903,1.000000,-0.310166,-0.283364,-0.026802,14.829096,23.452820,19.953968,-0.291745,-0.777394,-1.534737,0.382327,0.024721,1.409978,7.000000,53.608247,0.201425,3.000000,39.339930,12.631579,21.736300,0.000000,-0.292191,-0.256708,-0.035483,16.833103,25.299449,19.925391,-0.583709,-1.032801,-1.723542,0.251204,0.023325,2.562748,7.000000,112.790698,0.366107,4.000000,41.243206,28.350515,33.868776,1.000000,-0.155722,-0.170947,0.015225,19.005107,20.924623,28.908873,-0.583938,-0.891347,-1.412119,0.208154,0.019892,2.324953,4.000000,71.369295,0.581238,3.000000,62.673924,95.348837,46.499258,0.000000,-0.243293,-0.328632,0.085339,16.066455,34.204288,15.949493,1.133756,0.763834,0.288249,0.893525,0.029141,3.154863,24.000000,174.637681,0.131453,4.000000,33.253702,8.510638,7.809255,1.000000,-0.436594,-0.288663,-0.147932,15.873983,17.708577,23.079120,-0.879285,-1.305115,-1.743700,0.219563,0.031081,1.839755,6.000000,99.280576,0.306626,3.000000,1.819372,5.000000,70.202020,0.363874,2.000000,2.660575,3.000000,75.572519,0.886858,3.000000,3.400831,0.000000,64.851485,0.000000,7.000000,5.534247,16.000000,200.995025,0.345890,7.000000,2.679643,5.000000,158.267717,0.535929,4.000000,1.722267,0.000000,30.676329,0.000000,4.000000,5.315871,20.000000,304.411765,0.265794,4.000000,1.777313,3.000000,86.075949,0.592438,3.000000,2.023047,19.000000,61.003861,0.106476,2.000000,3.430009,15.000000,225.217391,0.228667,1.000000,1.500130,5.000000,46.747967,0.300026,2.000000,2.000000,3.000000,18.000000,-1.000000,,,,52.114843,42.070485,35.584553,-0.122357,-0.195221,0.072864,13.887288,24.995612,21.575244,0.489596,-0.319005,0.606371,0.046253,,0.000000,,42.024026,5.050505,17.845118,0.053726,0.160210,-0.106484,33.185953,20.953001,24.521293,-0.418784,-0.258676,0.085226,0.010055,0.745903,0.617284,89.000000,192.187500,53.608247,0.628185,1.451342
2025-10-23T03:45:00Z,1.028706,no_impulse,0,RECLTD,1h,1.000000,116.030534,2.031814,3.000000,0.677271,0.953937,1.154074,0.910702,1.720967,5.000000,68.586387,0.344193,2.000000,47.404753,34.554974,52.006981,1.000000,0.122227,0.122846,-0.000619,22.310598,24.465833,19.940313,-0.272069,-0.124828,-0.430950,0.391170,0.024932,2.573777,6.000000,107.909605,0.428963,1.000000,57.404068,61.256545,50.362351,1.000000,0.046895,0.077365,-0.030470,21.602946,34.751057,17.438816,0.588547,0.652937,0.256845,0.736915,0.024989,2.329560,7.000000,71.951220,0.332794,2.000000,40.696802,10.169492,33.764227,1.000000,0.158869,0.277215,-0.118346,25.440327,20.905130,27.983102,-0.855417,-0.704637,-1.104955,0.242182,0.032898,3.346028,12.000000,192.187500,0.278836,7.000000,64.987989,91.056911,87.643970,0.000000,0.370392,0.161237,0.209156,23.859449,33.316587,14.998771,1.109871,1.230019,0.722585,0.811634,0.036014,1.711230,3.000000,123.076923,0.570410,4.000000,43.555304,38.157895,21.912903,1.000000,-0.310166,-0.283364,-0.026802,14.829096,23.452820,19.953968,-0.291745,-0.777394,-1.534737,0.382327,0.024721,1.409978,7.000000,53.608247,0.201425,3.000000,39.339930,12.631579,21.736300,0.000000,-0.292191,-0.256708,-0.035483,16.833103,25.299449,19.925391,-0.583709,-1.032801,-1.723542,0.251204,0.023325,2.562748,7.000000,112.790698,0.366107,4.000000,41.243206,28.350515,33.868776,1.000000,-0.155722,-0.170947,0.015225,19.005107,20.924623,28.908873,-0.583938,-0.891347,-1.412119,0.208154,0.019892,2.324953,4.000000,71.369295,0.581238,3.000000,62.673924,95.348837,46.499258,0.000000,-0.243293,-0.328632,0.085339,16.066455,34.204288,15.949493,1.133756,0.763834,0.288249,0.893525,0.029141,3.154863,24.000000,174.637681,0.131453,4.000000,1.839755,6.000000,99.280576,0.306626,3.000000,1.819372,5.000000,70.202020,0.363874,2.000000,2.660575,3.000000,75.572519,0.886858,3.000000,3.400831,0.000000,64.851485,0.000000,7.000000,5.534247,16.000000,200.995025,0.345890,7.000000,2.679643,5.000000,158.267717,0.535929,4.000000,1.722267,0.000000,30.676329,0.000000,4.000000,5.315871,20.000000,304.411765,0.265794,4.000000,1.777313,3.000000,86.075949,0.592438,3.000000,2.023047,19.000000,61.003861,0.106476,2.000000,3.430009,15.000000,225.217391,0.228667,1.000000,1.000000,4.000000,21.000000,-1.000000,,,,48.974167,50.871080,41.406366,-0.119025,-0.180919,0.061895,13.989749,26.953093,19.791076,-0.097376,-0.884959,0.473806,0.037139,,0.000000,,67.933140,95.588235,73.529412,0.126383,0.049463,0.076920,26.765821,40.217420,16.519963,1.026578,1.192215,1.133145,0.016382,0.884403,0.370370,92.000000,192.187500,53.608247,0.637380,1.024287
2025-10-27T03:45:00Z,0.992722,no_impulse,0,RECLTD,1h,-1.000000,175.657895,3.497969,14.000000,0.249855,-0.963095,-1.080666,-1.374435,2.031814,3.000000,116.030534,0.677271,1.000000,61.579456,78.947368,59.300083,1.000000,0.182947,0.129189,0.053757,23.026988,35.396885,15.137887,0.953937,1.154074,0.910702,0.888641,0.024782,1.720967,5.000000,68.586387,0.344193,2.000000,47.404753,34.554974,52.006981,1.000000,0.122227,0.122846,-0.000619,22.310598,24.465833,19.940313,-0.272069,-0.124828,-0.430950,0.391170,0.024932,2.573777,6.000000,107.909605,0.428963,1.000000,57.404068,61.256545,50.362351,1.000000,0.046895,0.077365,-0.030470,21.602946,34.751057,17.438816,0.588547,0.652937,0.256845,0.736915,0.024989,2.329560,7.000000,71.951220,0.332794,2.000000,40.696802,10.169492,33.764227,1.000000,0.158869,0.277215,-0.118346,25.440327,20.905130,27.983102,-0.855417,-0.704637,-1.104955,0.242182,0.032898,3.346028,12.000000,192.187500,0.278836,7.000000,64.987989,91.056911,87.643970,0.000000,0.370392,0.161237,0.209156,23.859449,33.316587,14.998771,1.109871,1.230019,0.722585,0.811634,0.036014,1.711230,3.000000,123.076923,0.570410,4.000000,43.555304,38.157895,21.912903,1.000000,-0.310166,-0.283364,-0.026802,14.829096,23.452820,19.953968,-0.291745,-0.777394,-1.534737,0.382327,0.024721,1.409978,7.000000,53.608247,0.201425,3.000000,39.339930,12.631579,21.736300,0.000000,-0.292191,-0.256708,-0.035483,16.833103,25.299449,19.925391,-0.583709,-1.032801,-1.723542,0.251204,0.023325,2.562748,7.000000,112.790698,0.366107,4.000000,41.243206,28.350515,33.868776,1.000000,-0.155722,-0.170947,0.015225,19.005107,20.924623,28.908873,-0.583938,-0.891347,-1.412119,0.208154,0.019892,2.324953,4.000000,71.369295,0.581238,3.000000,3.154863,24.000000,174.637681,0.131453,4.000000,1.839755,6.000000,99.280576,0.306626,3.000000,1.819372,5.000000,70.202020,0.363874,2.000000,2.660575,3.000000,75.572519,0.886858,3.000000,3.400831,0.000000,64.851485,0.000000,7.000000,5.534247,16.000000,200.995025,0.345890,7.000000,2.679643,5.000000,158.267717,0.535929,4.000000,1.722267,0.000000,30.676329,0.000000,4.000000,5.315871,20.000000,304.411765,0.265794,4.000000,1.777313,3.000000,86.075949,0.592438,3.000000,2.023047,19.000000,61.003861,0.106476,2.000000,8.000000,1.000000,35.000000,-1.000000,,,,47.606140,43.416370,43.043552,-0.173493,-0.177090,0.003597,12.543118,23.227562,23.266078,-0.317465,-1.104866,0.404157,0.033019,,0.000000,,32.237745,29.914530,50.960267,-0.248041,-0.245821,-0.002219,16.478007,16.567210,39.529376,-0.774004,-1.154426,-0.123183,0.012325,1.509964,1.794872,106.000000,192.187500,53.608247,0.624828,0.856466
2025-10-28T03:45:00Z,1.015903,no_impulse,0,RECLTD,1h,1.000000,64.419476,2.335053,7.000000,0.333579,-0.284711,-0.536421,-0.955708,3.497969,14.000000,175.657895,0.249855,8.000000,36.448740,20.000000,19.047619,0.000000,-0.237865,-0.096073,-0.141793,16.261777,19.214338,31.086580,-0.963095,-1.080666,-1.374435,0.114105,0.024719,2.031814,3.000000,116.030534,0.677271,1.000000,61.579456,78.947368,59.300083,1.000000,0.182947,0.129189,0.053757,23.026988,35.396885,15.137887,0.953937,1.154074,0.910702,0.888641,0.024782,1.720967,5.000000,68.586387,0.344193,2.000000,47.404753,34.554974,52.006981,1.000000,0.122227,0.122846,-0.000619,22.310598,24.465833,19.940313,-0.272069,-0.124828,-0.430950,0.391170,0.024932,2.573777,6.000000,107.909605,0.428963,1.000000,57.404068,61.256545,50.362351,1.000000,0.046895,0.077365,-0.030470,21.602946,34.751057,17.438816,0.588547,0.652937,0.256845,0.736915,0.024989,2.329560,7.000000,71.951220,0.332794,2.000000,40.696802,10.169492,33.764227,1.000000,0.158869,0.277215,-0.118346,25.440327,20.905130,27.983102,-0.855417,-0.704637,-1.104955,0.242182,0.032898,3.346028,12.000000,192.187500,0.278836,7.000000,64.987989,91.056911,87.643970,0.000000,0.370392,0.161237,0.209156,23.859449,33.316587,14.998771,1.109871,1.230019,0.722585,0.811634,0.036014,1.711230,3.000000,123.076923,0.570410,4.000000,43.555304,38.157895,21.912903,1.000000,-0.310166,-0.283364,-0.026802,14.829096,23.452820,19.953968,-0.291745,-0.777394,-1.534737,0.382327,0.024721,1.409978,7.000000,53.608247,0.201425,3.000000,39.339930,12.631579,21.736300,0.000000,-0.292191,-0.256708,-0.035483,16.833103,25.299449,19.925391,-0.583709,-1.032801,-1.723542,0.251204,0.023325,2.562748,7.000000,112.790698,0.366107,4.000000,2.324953,4.000000,71.369295,0.581238,3.000000,3.154863,24.000000,174.637681,0.131453,4.000000,1.839755,6.000000,99.280576,0.306626,3.000000,1.819372,5.000000,70.202020,0.363874,2.000000,2.660575,3.000000,75.572519,0.886858,3.000000,3.400831,0.000000,64.851485,0.000000,7.000000,5.534247,16.000000,200.995025,0.345890,7.000000,2.679643,5.000000,158.267717,0.535929,4.000000,1.722267,0.000000,30.676329,0.000000,4.000000,5.315871,20.000000,304.411765,0.265794,4.000000,1.777313,3.000000,86.075949,0.592438,3.000000,3.000000,2.000000,7.000000,-1.000000,,,,41.599639,10.247350,29.502309,-0.284001,-0.200297,-0.083705,11.879400,22.337777,20.931076,-1.455752,-2.312154,0.042743,0.031380,,0.000000,,75.623890,83.125000,90.796286,0.170192,-0.027264,0.197456,27.111972,45.570095,10.469070,0.993055,0.867399,1.011110,0.019624,0.993258,1.029412,113.000000,192.187500,53.608247,0.682713,0.878946
2025-10-28T08:45:00Z,0.990566,no_impulse,0,RECLTD,1h,-1.000000,109.302326,2.494030,5.000000,0.498806,-0.715909,-1.140733,-1.709048,2.335053,7.000000,64.419476,0.333579,3.000000,45.792809,42.441860,59.371458,1.000000,-0.231878,-0.255743,0.023865,15.677700,25.082457,23.293851,-0.284711,-0.536421,-0.955708,0.384856,0.024656,3.497969,14.000000,175.657895,0.249855,8.000000,36.448740,20.000000,19.047619,0.000000,-0.237865,-0.096073,-0.141793,16.261777,19.214338,31.086580,-0.963095,-1.080666,-1.374435,0.114105,0.024719,2.031814,3.000000,116.030534,0.677271,1.000000,61.579456,78.947368,59.300083,1.000000,0.182947,0.129189,0.053757,23.026988,35.396885,15.137887,0.953937,1.154074,0.910702,0.888641,0.024782,1.720967,5.000000,68.586387,0.344193,2.000000,47.404753,34.554974,52.006981,1.000000,0.122227,0.122846,-0.000619,22.310598,24.465833,19.940313,-0.272069,-0.124828,-0.430950,0.391170,0.024932,2.573777,6.000000,107.909605,0.428963,1.000000,57.404068,61.256545,50.362351,1.000000,0.046895,0.077365,-0.030470,21.602946,34.751057,17.438816,0.588547,0.652937,0.256845,0.736915,0.024989,2.329560,7.000000,71.951220,0.332794,2.000000,40.696802,10.169492,33.764227,1.000000,0.158869,0.277215,-0.118346,25.440327,20.905130,27.983102,-0.855417,-0.704637,-1.104955,0.242182,0.032898,3.346028,12.000000,192.187500,0.278836,7.000000,64.987989,91.056911,87.643970,0.000000,0.370392,0.161237,0.209156,23.859449,33.316587,14.998771,1.109871,1.230019,0.722585,0.811634,0.036014,1.711230,3.000000,123.076923,0.570410,4.000000,43.555304,38.157895,21.912903,1.000000,-0.310166,-0.283364,-0.026802,14.829096,23.452820,19.953968,-0.291745,-0.777394,-1.534737,0.382327,0.024721,1.409978,7.000000,53.608247,0.201425,3.000000,2.562748,7.000000,112.790698,0.366107,4.000000,2.324953,4.000000,71.369295,0.581238,3.000000,3.154863,24.000000,174.637681,0.131453,4.000000,1.839755,6.000000,99.280576,0.306626,3.000000,1.819372,5.000000,70.202020,0.363874,2.000000,2.660575,3.000000,75.572519,0.886858,3.000000,3.400831,0.000000,64.851485,0.000000,7.000000,5.534247,16.000000,200.995025,0.345890,7.000000,2.679643,5.000000,158.267717,0.535929,4.000000,1.722267,0.000000,30.676329,0.000000,4.000000,5.315871,20.000000,304.411765,0.265794,4.000000,4.000000,3.000000,12.000000,-1.000000,,,,60.402546,86.778846,46.814189,-0.006393,-0.154617,0.148224,12.869831,28.994579,17.121737,2.635086,2.010858,1.175371,0.040073,,0.000000,,35.757300,12.987013,6.774136,-0.207007,-0.139921,-0.067085,14.716341,20.162817,31.859037,-0.470531,-0.760486,0.200314,0.015627,1.060426,0.704225,118.000000,192.187500,53.608247,0.682678,1.187270
2025-10-29T04:45:00Z,1.034771,no_impulse,0,RECLTD,1h,1.000000,174.468085,4.462585,3.000000,1.487528,2.391491,2.179693,1.690718,2.494030,5.000000,109.302326,0.498806,4.000000,39.497989,14.893617,11.340290,1.000000,-0.381779,-0.312087,-0.069692,14.828727,18.442439,28.280424,-0.715909,-1.140733,-1.709048,0.166621,0.021322,2.335053,7.000000,64.419476,0.333579,3.000000,45.792809,42.441860,59.371458,1.000000,-0.231878,-0.255743,0.023865,15.677700,25.082457,23.293851,-0.284711,-0.536421,-0.955708,0.384856,0.024656,3.497969,14.000000,175.657895,0.249855,8.000000,36.448740,20.000000,19.047619,0.000000,-0.237865,-0.096073,-0.141793,16.261777,19.214338,31.086580,-0.963095,-1.080666,-1.374435,0.114105,0.024719,2.031814,3.000000,116.030534,0.677271,1.000000,61.579456,78.947368,59.300083,1.000000,0.182947,0.129189,0.053757,23.026988,35.396885,15.137887,0.953937,1.154074,0.910702,0.888641,0.024782,1.720967,5.000000,68.586387,0.344193,2.000000,47.404753,34.554974,52.006981,1.000000,0.122227,0.122846,-0.000619,22.310598,24.465833,19.940313,-0.272069,-0.124828,-0.430950,0.391170,0.024932,2.573777,6.000000,107.909605,0.428963,1.000000,57.404068,61.256545,50.362351,1.000000,0.046895,0.077365,-0.030470,21.602946,34.751057,17.438816,0.588547,0.652937,0.256845,0.736915,0.024989,2.329560,7.000000,71.951220,0.332794,2.000000,40.696802,10.169492,33.764227,1.000000,0.158869,0.277215,-0.118346,25.440327,20.905130,27.983102,-0.855417,-0.704637,-1.104955,0.242182,0.032898,3.346028,12.000000,192.187500,0.278836,7.000000,64.987989,91.056911,87.643970,0.000000,0.370392,0.161237,0.209156,23.859449,33.316587,14.998771,1.109871,1.230019,0.722585,0.811634,0.036014,1.711230,3.000000,123.076923,0.570410,4.000000,1.409978,7.000000,53.608247,0.201425,3.000000,2.562748,7.000000,112.790698,0.366107,4.000000,2.324953,4.000000,71.369295,0.581238,3.000000,3.154863,24.000000,174.637681,0.131453,4.000000,1.839755,6.000000,99.280576,0.306626,3.000000,1.819372,5.000000,70.202020,0.363874,2.000000,2.660575,3.000000,75.572519,0.886858,3.000000,3.400831,0.000000,64.851485,0.000000,7.000000,5.534247,16.000000,200.995025,0.345890,7.000000,2.679643,5.000000,158.267717,0.535929,4.000000,1.722267,0.000000,30.676329,0.000000,4.000000,7.000000,4.000000,15.000000,-1.000000,,,,60.402546,86.778846,46.814189,-0.006393,-0.154617,0.148224,12.869831,28.994579,17.121737,2.635086,2.010858,1.175371,0.040073,,0.000000,,72.155823,85.869565,88.442310,0.149629,-0.043596,0.193225,22.450351,44.157931,12.056505,1.191541,1.139967,1.093849,0.020307,1.902988,0.434783,121.000000,192.187500,53.608247,0.680663,1.316206
2025-10-29T04:45:00Z,1.005256,no_impulse,0,RECLTD,1h,-1.000000,66.768293,2.852305,0.000000,0.000000,2.391491,2.179693,1.690718,4.462585,3.000000,174.468085,1.487528,7.000000,68.790741,86.280488,57.483567,0.000000,-0.028235,-0.250679,0.222443,17.085920,45.982623,17.405642,2.391491,2.179693,1.690718,1.279921,0.031415,2.494030,5.000000,109.302326,0.498806,4.000000,39.497989,14.893617,11.340290,1.000000,-0.381779,-0.312087,-0.069692,14.828727,18.442439,28.280424,-0.715909,-1.140733,-1.709048,0.166621,0.021322,2.335053,7.000000,64.419476,0.333579,3.000000,45.792809,42.441860,59.371458,1.000000,-0.231878,-0.255743,0.023865,15.677700,25.082457,23.293851,-0.284711,-0.536421,-0.955708,0.384856,0.024656,3.497969,14.000000,175.657895,0.249855,8.000000,36.448740,20.000000,19.047619,0.000000,-0.237865,-0.096073,-0.141793,16.261777,19.214338,31.086580,-0.963095,-1.080666,-1.374435,0.114105,0.024719,2.031814,3.000000,116.030534,0.677271,1.000000,61.579456,78.947368,59.300083,1.000000,0.182947,0.129189,0.053757,23.026988,35.396885,15.137887,0.953937,1.154074,0.910702,0.888641,0.024782,1.720967,5.000000,68.586387,0.344193,2.000000,47.404753,34.554974,52.006981,1.000000,0.122227,0.122846,-0.000619,22.310598,24.465833,19.940313,-0.272069,-0.124828,-0.430950,0.391170,0.024932,2.573777,6.000000,107.909605,0.428963,1.000000,57.404068,61.256545,50.362351,1.000000,0.046895,0.077365,-0.030470,21.602946,34.751057,17.438816,0.588547,0.652937,0.256845,0.736915,0.024989,2.329560,7.000000,71.951220,0.332794,2.000000,40.696802,10.169492,33.764227,1.000000,0.158869,0.277215,-0.118346,25.440327,20.905130,27.983102,-0.855417,-0.704637,-1.104955,0.242182,0.032898,3.346028,12.000000,192.187500,0.278836,7.000000,1.711230,3.000000,123.076923,0.570410,4.000000,1.409978,7.000000,53.608247,0.201425,3.000000,2.562748,7.000000,112.790698,0.366107,4.000000,2.324953,4.000000,71.369295,0.581238,3.000000,3.154863,24.000000,174.637681,0.131453,4.000000,1.839755,6.000000,99.280576,0.306626,3.000000,1.819372,5.000000,70.202020,0.363874,2.000000,2.660575,3.000000,75.572519,0.886858,3.000000,3.400831,0.000000,64.851485,0.000000,7.000000,5.534247,16.000000,200.995025,0.345890,7.000000,2.679643,5.000000,158.267717,0.535929,4.000000,7.000000,5.000000,0.000000,-1.000000,,,,60.402546,86.778846,46.814189,-0.006393,-0.154617,0.148224,12.869831,28.994579,17.121737,2.635086,2.010858,1.175371,0.040073,,0.000000,,72.155823,85.869565,88.442310,0.149629,-0.043596,0.193225,22.450351,44.157931,12.056505,1.191541,1.139967,1.093849,0.020307,1.076219,0.000000,121.000000,192.187500,64.419476,0.872259,1.281477
2025-10-29T09:45:00Z,1.046631,no_impulse,0,RECLTD,1h,1.000000,140.182648,4.115833,5.000000,0.823167,2.805763,3.305981,3.232609,2.852305,0.000000,66.768293,0.000000,7.000000,68.790741,86.280488,57.483567,0.000000,-0.028235,-0.250679,0.222443,17.085920,45.982623,17.405642,2.391491,2.179693,1.690718,1.279921,0.031415,4.462585,3.000000,174.468085,1.487528,7.000000,68.790741,86.280488,57.483567,0.000000,-0.028235,-0.250679,0.222443,17.085920,45.982623,17.405642,2.391491,2.179693,1.690718,1.279921,0.031415,2.494030,5.000000,109.302326,0.498806,4.000000,39.497989,14.893617,11.340290,1.000000,-0.381779,-0.312087,-0.069692,14.828727,18.442439,28.280424,-0.715909,-1.140733,-1.709048,0.166621,0.021322,2.335053,7.000000,64.419476,0.333579,3.000000,45.792809,42.441860,59.371458,1.000000,-0.231878,-0.255743,0.023865,15.677700,25.082457,23.293851,-0.284711,-0.536421,-0.955708,0.384856,0.024656,3.497969,14.000000,175.657895,0.249855,8.000000,36.448740,20.000000,19.047619,0.000000,-0.237865,-0.096073,-0.141793,16.261777,19.214338,31.086580,-0.963095,-1.080666,-1.374435,0.114105,0.024719,2.031814,3.000000,116.030534,0.677271,1.000000,61.579456,78.947368,59.300083,1.000000,0.182947,0.129189,0.053757,23.026988,35.396885,15.137887,0.953937,1.154074,0.910702,0.888641,0.024782,1.720967,5.000000,68.586387,0.344193,2.000000,47.404753,34.554974,52.006981,1.000000,0.122227,0.122846,-0.000619,22.310598,24.465833,19.940313,-0.272069,-0.124828,-0.430950,0.391170,0.024932,2.573777,6.000000,107.909605,0.428963,1.000000,57.404068,61.256545,50.362351,1.000000,0.046895,0.077365,-0.030470,21.602946,34.751057,17.438816,0.588547,0.652937,0.256845,0.736915,0.024989,2.329560,7.000000,71.951220,0.332794,2.000000,3.346028,12.000000,192.187500,0.278836,7.000000,1.711230,3.000000,123.076923,0.570410,4.000000,1.409978,7.000000,53.608247,0.201425,3.000000,2.562748,7.000000,112.790698,0.366107,4.000000,2.324953,4.000000,71.369295,0.581238,3.000000,3.154863,24.000000,174.637681,0.131453,4.000000,1.839755,6.000000,99.280576,0.306626,3.000000,1.819372,5.000000,70.202020,0.363874,2.000000,2.660575,3.000000,75.572519,0.886858,3.000000,3.400831,0.000000,64.851485,0.000000,7.000000,5.534247,16.000000,200.995025,0.345890,7.000000,1.000000,1.000000,5.000000,-1.000000,,,,52.458529,51.923077,49.649758,0.052582,-0.115547,0.168130,13.789516,26.255415,15.504219,0.695869,0.127715,0.673668,0.040350,,0.000000,,78.582614,98.449612,78.970384,0.763853,0.760032,0.003821,53.365478,39.762900,8.493195,1.566139,2.664549,1.120033,0.025661,1.488866,0.806452,126.000000,192.187500,64.419476,0.808034,1.247187
2025-11-03T03:45:00Z,1.008086,no_impulse,0,RECLTD,1h,-1.000000,93.159609,3.682720,15.000000,0.245515,-0.058242,0.168617,0.278856,4.115833,5.000000,140.182648,0.823167,1.000000,75.237457,99.519231,93.109490,0.000000,0.774016,0.290366,0.483650,27.035836,44.658594,12.804436,2.805763,3.305981,3.232609,0.925755,0.067803,2.852305,0.000000,66.768293,0.000000,7.000000,68.790741,86.280488,57.483567,0.000000,-0.028235,-0.250679,0.222443,17.085920,45.982623,17.405642,2.391491,2.179693,1.690718,1.279921,0.031415,4.462585,3.000000,174.468085,1.487528,7.000000,68.790741,86.280488,57.483567,0.000000,-0.028235,-0.250679,0.222443,17.085920,45.982623,17.405642,2.391491,2.179693,1.690718,1.279921,0.031415,2.494030,5.000000,109.302326,0.498806,4.000000,39.497989,14.893617,11.340290,1.000000,-0.381779,-0.312087,-0.069692,14.828727,18.442439,28.280424,-0.715909,-1.140733,-1.709048,0.166621,0.021322,2.335053,7.000000,64.419476,0.333579,3.000000,45.792809,42.441860,59.371458,1.000000,-0.231878,-0.255743,0.023865,15.677700,25.082457,23.293851,-0.284711,-0.536421,-0.955708,0.384856,0.024656,3.497969,14.000000,175.657895,0.249855,8.000000,36.448740,20.000000,19.047619,0.000000,-0.237865,-0.096073,-0.141793,16.261777,19.214338,31.086580,-0.963095,-1.080666,-1.374435,0.114105,0.024719,2.031814,3.000000,116.030534,0.677271,1.000000,61.579456,78.947368,59.300083,1.000000,0.182947,0.129189,0.053757,23.026988,35.396885,15.137887,0.953937,1.154074,0.910702,0.888641,0.024782,1.720967,5.000000,68.586387,0.344193,2.000000,47.404753,34.554974,52.006981,1.000000,0.122227,0.122846,-0.000619,22.310598,24.465833,19.940313,-0.272069,-0.124828,-0.430950,0.391170,0.024932,2.573777,6.000000,107.909605,0.428963,1.000000,2.329560,7.000000,71.951220,0.332794,2.000000,3.346028,12.000000,192.187500,0.278836,7.000000,1.711230,3.000000,123.076923,0.570410,4.000000,1.409978,7.000000,53.608247,0.201425,3.000000,2.562748,7.000000,112.790698,0.366107,4.000000,2.324953,4.000000,71.369295,0.581238,3.000000,3.154863,24.000000,174.637681,0.131453,4.000000,1.839755,6.000000,99.280576,0.306626,3.000000,1.819372,5.000000,70.202020,0.363874,2.000000,2.660575,3.000000,75.572519,0.886858,3.000000,3.400831,0.000000,64.851485,0.000000,7.000000,2.000000,2.000000,20.000000,-1.000000,,,,53.161997,56.250000,47.836538,0.095554,-0.050588,0.146142,14.217642,23.244185,16.524341,0.861416,0.379928,0.721678,0.039197,,0.000000,,43.603242,56.338028,32.551273,-0.173263,-0.158833,-0.014429,12.831078,25.778055,25.538491,-0.178210,-0.390242,0.277732,0.008004,1.296098,2.727273,,175.657895,64.419476,0.900930,1.372721
2025-11-03T08:45:00Z,1.024394,no_impulse,0,RECLTD,1h,1.000000,42.307692,1.617647,5.000000,0.323529,0.644981,0.852322,0.995204,3.682720,15.000000,93.159609,0.245515,2.000000,49.889697,37.974684,16.525965,0.000000,-0.003082,0.161360,-0.164442,17.084496,26.030305,18.916012,-0.058242,0.168617,0.278856,0.483999,0.036378,4.115833,5.000000,140.182648,0.823167,1.000000,75.237457,99.519231,93.109490,0.000000,0.774016,0.290366,0.483650,27.035836,44.658594,12.804436,2.805763,3.305981,3.232609,0.925755,0.067803,2.852305,0.000000,66.768293,0.000000,7.000000,68.790741,86.280488,57.483567,0.000000,-0.028235,-0.250679,0.222443,17.085920,45.982623,17.405642,2.391491,2.179693,1.690718,1.279921,0.031415,4.462585,3.000000,174.468085,1.487528,7.000000,68.790741,86.280488,57.483567,0.000000,-0.028235,-0.250679,0.222443,17.085920,45.982623,17.405642,2.391491,2.179693,1.690718,1.279921,0.031415,2.494030,5.000000,109.302326,0.498806,4.000000,39.497989,14.893617,11.340290,1.000000,-0.381779,-0.312087,-0.069692,14.828727,18.442439,28.280424,-0.715909,-1.140733,-1.709048,0.166621,0.021322,2.335053,7.000000,64.419476,0.333579,3.000000,45.792809,42.441860,59.371458,1.000000,-0.231878,-0.255743,0.023865,15.677700,25.082457,23.293851,-0.284711,-0.536421,-0.955708,0.384856,0.024656,3.497969,14.000000,175.657895,0.249855,8.000000,36.448740,20.000000,19.047619,0.000000,-0.237865,-0.096073,-0.141793,16.261777,19.214338,31.086580,-0.963095,-1.080666,-1.374435,0.114105,0.024719,2.031814,3.000000,116.030534,0.677271,1.000000,61.579456,78.947368,59.300083,1.000000,0.182947,0.129189,0.053757,23.026988,35.396885,15.137887,0.953937,1.154074,0.910702,0.888641,0.024782,1.720967,5.000000,68.586387,0.344193,2.000000,2.573777,6.000000,107.909605,0.428963,1.000000,2.329560,7.000000,71.951220,0.332794,2.000000,3.346028,12.000000,192.187500,0.278836,7.000000,1.711230,3.000000,123.076923,0.570410,4.000000,1.409978,7.000000,53.608247,0.201425,3.000000,2.562748,7.000000,112.790698,0.366107,4.000000,2.324953,4.000000,71.369295,0.581238,3.000000,3.154863,24.000000,174.637681,0.131453,4.000000,1.839755,6.000000,99.280576,0.306626,3.000000,1.819372,5.000000,70.202020,0.363874,2.000000,2.660575,3.000000,75.572519,0.886858,3.000000,3.000000,1.000000,25.000000,-1.000000,,,,45.548426,15.144231,35.576923,-0.031199,-0.047644,0.016445,13.653723,21.191689,18.671246,-1.289712,-1.842848,0.180641,0.039870,,0.000000,,58.875969,87.037037,68.554829,0.031521,-0.014192,0.045713,15.497559,26.458824,13.927530,0.255196,0.196282,0.844512,0.007426,0.543435,0.793651,,175.657895,64.419476,0.916990,1.146280
2025-11-06T03:45:00Z,0.986523,no_impulse,0,RECLTD,1h,-1.000000,232.231405,3.696882,9.000000,0.410765,-2.192148,-2.511956,-2.620419,1.617647,5.000000,42.307692,0.323529,3.000000,57.445290,87.878788,61.363636,0.000000,0.048403,0.053825,-0.005422,18.353639,29.805640,15.703452,0.644981,0.852322,0.995204,0.848954,0.018603,3.682720,15.000000,93.159609,0.245515,2.000000,49.889697,37.974684,16.525965,0.000000,-0.003082,0.161360,-0.164442,17.084496,26.030305,18.916012,-0.058242,0.168617,0.278856,0.483999,0.036378,4.115833,5.000000,140.182648,0.823167,1.000000,75.237457,99.519231,93.109490,0.000000,0.774016,0.290366,0.483650,27.035836,44.658594,12.804436,2.805763,3.305981,3.232609,0.925755,0.067803,2.852305,0.000000,66.768293,0.000000,7.000000,68.790741,86.280488,57.483567,0.000000,-0.028235,-0.250679,0.222443,17.085920,45.982623,17.405642,2.391491,2.179693,1.690718,1.279921,0.031415,4.462585,3.000000,174.468085,1.487528,7.000000,68.790741,86.280488,57.483567,0.000000,-0.028235,-0.250679,0.222443,17.085920,45.982623,17.405642,2.391491,2.179693,1.690718,1.279921,0.031415,2.494030,5.000000,109.302326,0.498806,4.000000,39.497989,14.893617,11.340290,1.000000,-0.381779,-0.312087,-0.069692,14.828727,18.442439,28.280424,-0.715909,-1.140733,-1.709048,0.166621,0.021322,2.335053,7.000000,64.419476,0.333579,3.000000,45.792809,42.441860,59.371458,1.000000,-0.231878,-0.255743,0.023865,15.677700,25.082457,23.293851,-0.284711,-0.536421,-0.955708,0.384856,0.024656,3.497969,14.000000,175.657895,0.249855,8.000000,36.448740,20.000000,19.047619,0.000000,-0.237865,-0.096073,-0.141793,16.261777,19.214338,31.086580,-0.963095,-1.080666,-1.374435,0.114105,0.024719,2.031814,3.000000,116.030534,0.677271,1.000000,1.720967,5.000000,68.586387,0.344193,2.000000,2.573777,6.000000,107.909605,0.428963,1.000000,2.329560,7.000000,71.951220,0.332794,2.000000,3.346028,12.000000,192.187500,0.278836,7.000000,1.711230,3.000000,123.076923,0.570410,4.000000,1.409978,7.000000,53.608247,0.201425,3.000000,2.562748,7.000000,112.790698,0.366107,4.000000,2.324953,4.000000,71.369295,0.581238,3.000000,3.154863,24.000000,174.637681,0.131453,4.000000,1.839755,6.000000,99.280576,0.306626,3.000000,1.819372,5.000000,70.202020,0.363874,2.000000,4.000000,2.000000,34.000000,-1.000000,,,,39.835679,2.661597,24.685276,-0.309621,-0.100875,-0.208746,13.504854,19.151222,24.162418,-3.175602,-3.915326,-0.139925,0.048097,,0.000000,,34.604454,33.333333,19.238252,-0.371194,-0.355915,-0.015279,27.401005,21.981606,26.702591,-0.448341,-0.963553,0.222268,0.016071,1.283153,1.451613,,175.657895,42.307692,1.008911,0.959963
2025-11-06T03:45:00Z,1.004582,no_impulse,0,RECLTD,1h,1.000000,47.686833,1.830601,0.000000,0.000000,-2.192148,-2.511956,-2.620419,3.696882,9.000000,232.231405,0.410765,4.000000,28.606450,1.067616,3.373511,1.000000,-0.532698,-0.242462,-0.290236,18.107189,16.999065,34.465348,-2.192148,-2.511956,-2.620419,-0.108131,0.035274,1.617647,5.000000,42.307692,0.323529,3.000000,57.445290,87.878788,61.363636,0.000000,0.048403,0.053825,-0.005422,18.353639,29.805640,15.703452,0.644981,0.852322,0.995204,0.848954,0.018603,3.682720,15.000000,93.159609,0.245515,2.000000,49.889697,37.974684,16.525965,0.000000,-0.003082,0.161360,-0.164442,17.084496,26.030305,18.916012,-0.058242,0.168617,0.278856,0.483999,0.036378,4.115833,5.000000,140.182648,0.823167,1.000000,75.237457,99.519231,93.109490,0.000000,0.774016,0.290366,0.483650,27.035836,44.658594,12.804436,2.805763,3.305981,3.232609,0.925755,0.067803,2.852305,0.000000,66.768293,0.000000,7.000000,68.790741,86.280488,57.483567,0.000000,-0.028235,-0.250679,0.222443,17.085920,45.982623,17.405642,2.391491,2.179693,1.690718,1.279921,0.031415,4.462585,3.000000,174.468085,1.487528,7.000000,68.790741,86.280488,57.483567,0.000000,-0.028235,-0.250679,0.222443,17.085920,45.982623,17.405642,2.391491,2.179693,1.690718,1.279921,0.031415,2.494030,5.000000,109.302326,0.498806,4.000000,39.497989,14.893617,11.340290,1.000000,-0.381779,-0.312087,-0.069692,14.828727,18.442439,28.280424,-0.715909,-1.140733,-1.709048,0.166621,0.021322,2.335053,7.000000,64.419476,0.333579,3.000000,45.792809,42.441860,59.371458,1.000000,-0.231878,-0.255743,0.023865,15.677700,25.082457,23.293851,-0.284711,-0.536421,-0.955708,0.384856,0.024656,3.497969,14.000000,175.657895,0.249855,8.000000,2.031814,3.000000,116.030534,0.677271,1.000000,1.720967,5.000000,68.586387,0.344193,2.000000,2.573777,6.000000,107.909605,0.428963,1.000000,2.329560,7.000000,71.951220,0.332794,2.000000,3.346028,12.000000,192.187500,0.278836,7.000000,1.711230,3.000000,123.076923,0.570410,4.000000,1.409978,7.000000,53.608247,0.201425,3.000000,2.562748,7.000000,112.790698,0.366107,4.000000,2.324953,4.000000,71.369295,0.581238,3.000000,3.154863,24.000000,174.637681,0.131453,4.000000,1.839755,6.000000,99.280576,0.306626,3.000000,4.000000,3.000000,34.000000,-1.000000,,,,39.835679,2.661597,24.685276,-0.309621,-0.100875,-0.208746,13.504854,19.151222,24.162418,-3.175602,-3.915326,-0.139925,0.048097,,0.000000,,34.604454,33.333333,19.238252,-0.371194,-0.355915,-0.015279,27.401005,21.981606,26.702591,-0.448341,-0.963553,0.222268,0.016071,0.594605,0.000000,,232.231405,42.307692,0.948116,0.787111
2025-11-07T03:45:00Z,0.965499,no_impulse,0,RECLTD,1h,-1.000000,216.417910,3.890529,7.000000,0.555790,-1.557835,-2.555074,-3.218651,1.830601,0.000000,47.686833,0.000000,4.000000,28.606450,1.067616,3.373511,0.000000,-0.532698,-0.242462,-0.290236,18.107189,16.999065,34.465348,-2.192148,-2.511956,-2.620419,-0.108131,0.035274,3.696882,9.000000,232.231405,0.410765,4.000000,28.606450,1.067616,3.373511,1.000000,-0.532698,-0.242462,-0.290236,18.107189,16.999065,34.465348,-2.192148,-2.511956,-2.620419,-0.108131,0.035274,1.617647,5.000000,42.307692,0.323529,3.000000,57.445290,87.878788,61.363636,0.000000,0.048403,0.053825,-0.005422,18.353639,29.805640,15.703452,0.644981,0.852322,0.995204,0.848954,0.018603,3.682720,15.000000,93.159609,0.245515,2.000000,49.889697,37.974684,16.525965,0.000000,-0.003082,0.161360,-0.164442,17.084496,26.030305,18.916012,-0.058242,0.168617,0.278856,0.483999,0.036378,4.115833,5.000000,140.182648,0.823167,1.000000,75.237457,99.519231,93.109490,0.000000,0.774016,0.290366,0.483650,27.035836,44.658594,12.804436,2.805763,3.305981,3.232609,0.925755,0.067803,2.852305,0.000000,66.768293,0.000000,7.000000,68.790741,86.280488,57.483567,0.000000,-0.028235,-0.250679,0.222443,17.085920,45.982623,17.405642,2.391491,2.179693,1.690718,1.279921,0.031415,4.462585,3.000000,174.468085,1.487528,7.000000,68.790741,86.280488,57.483567,0.000000,-0.028235,-0.250679,0.222443,17.085920,45.982623,17.405642,2.391491,2.179693,1.690718,1.279921,0.031415,2.494030,5.000000,109.302326,0.498806,4.000000,39.497989,14.893617,11.340290,1.000000,-0.381779,-0.312087,-0.069692,14.828727,18.442439,28.280424,-0.715909,-1.140733,-1.709048,0.166621,0.021322,2.335053,7.000000,64.419476,0.333579,3.000000,3.497969,14.000000,175.657895,0.249855,8.000000,2.031814,3.000000,116.030534,0.677271,1.000000,1.720967,5.000000,68.586387,0.344193,2.000000,2.573777,6.000000,107.909605,0.428963,1.000000,2.329560,7.000000,71.951220,0.332794,2.000000,3.346028,12.000000,192.187500,0.278836,7.000000,1.711230,3.000000,123.076923,0.570410,4.000000,1.409978,7.000000,53.608247,0.201425,3.000000,2.562748,7.000000,112.790698,0.366107,4.000000,2.324953,4.000000,71.369295,0.581238,3.000000,3.154863,24.000000,174.637681,0.131453,4.000000,4.000000,4.000000,41.000000,-1.000000,,,,42.050907,22.425249,13.410359,-0.471283,-0.174459,-0.296824,13.861566,17.443848,25.362526,-2.297643,-3.146246,0.072853,0.052582,,0.000000,,22.024542,14.838710,14.913505,-0.552842,-0.551264,-0.001579,40.476604,10.454812,45.697190,-1.312740,-2.346709,-0.325513,0.015696,1.272012,1.111111,,232.231405,42.307692,0.974567,0.670850
2025-11-07T07:45:00Z,0.992722,no_impulse,0,RECLTD,1h,1.000000,69.655172,2.819654,4.000000,0.704913,-0.266814,-1.290592,-2.141911,3.890529,7.000000,216.417910,0.555790,4.000000,28.281045,26.165803,10.992528,1.000000,-1.016508,-0.785770,-0.230738,29.626900,10.174999,38.962986,-1.557835,-2.555074,-3.218651,0.260843,0.064139,1.830601,0.000000,47.686833,0.000000,4.000000,28.606450,1.067616,3.373511,0.000000,-0.532698,-0.242462,-0.290236,18.107189,16.999065,34.465348,-2.192148,-2.511956,-2.620419,-0.108131,0.035274,3.696882,9.000000,232.231405,0.410765,4.000000,28.606450,1.067616,3.373511,1.000000,-0.532698,-0.242462,-0.290236,18.107189,16.999065,34.465348,-2.192148,-2.511956,-2.620419,-0.108131,0.035274,1.617647,5.000000,42.307692,0.323529,3.000000,57.445290,87.878788,61.363636,0.000000,0.048403,0.053825,-0.005422,18.353639,29.805640,15.703452,0.644981,0.852322,0.995204,0.848954,0.018603,3.682720,15.000000,93.159609,0.245515,2.000000,49.889697,37.974684,16.525965,0.000000,-0.003082,0.161360,-0.164442,17.084496,26.030305,18.916012,-0.058242,0.168617,0.278856,0.483999,0.036378,4.115833,5.000000,140.182648,0.823167,1.000000,75.237457,99.519231,93.109490,0.000000,0.774016,0.290366,0.483650,27.035836,44.658594,12.804436,2.805763,3.305981,3.232609,0.925755,0.067803,2.852305,0.000000,66.768293,0.000000,7.000000,68.790741,86.280488,57.483567,0.000000,-0.028235,-0.250679,0.222443,17.085920,45.982623,17.405642,2.391491,2.179693,1.690718,1.279921,0.031415,4.462585,3.000000,174.468085,1.487528,7.000000,68.790741,86.280488,57.483567,0.000000,-0.028235,-0.250679,0.222443,17.085920,45.982623,17.405642,2.391491,2.179693,1.690718,1.279921,0.031415,2.494030,5.000000,109.302326,0.498806,4.000000,2.335053,7.000000,64.419476,0.333579,3.000000,3.497969,14.000000,175.657895,0.249855,8.000000,2.031814,3.000000,116.030534,0.677271,1.000000,1.720967,5.000000,68.586387,0.344193,2.000000,2.573777,6.000000,107.909605,0.428963,1.000000,2.329560,7.000000,71.951220,0.332794,2.000000,3.346028,12.000000,192.187500,0.278836,7.000000,1.711230,3.000000,123.076923,0.570410,4.000000,1.409978,7.000000,53.608247,0.201425,3.000000,2.562748,7.000000,112.790698,0.366107,4.000000,2.324953,4.000000,71.369295,0.581238,3.000000,3.000000,5.000000,45.000000,-1.000000,,,,42.050907,22.425249,13.410359,-0.471283,-0.174459,-0.296824,13.861566,17.443848,25.362526,-2.297643,-3.146246,0.072853,0.052582,,0.000000,,60.776681,97.385621,97.229653,0.059843,-0.108245,0.168088,20.874161,28.780639,20.099864,0.619691,0.164002,0.778677,0.022376,0.910206,0.714286,,232.231405,42.307692,1.001760,1.000192
2025-11-11T03:45:00Z,0.964960,no_impulse,0,RECLTD,1h,-1.000000,101.980198,2.796633,10.000000,0.279663,-1.759412,-2.921921,-4.274356,2.819654,4.000000,69.655172,0.704913,3.000000,43.057593,58.620690,47.104332,0.000000,-0.803870,-0.846810,0.042940,31.819260,18.599740,28.842697,-0.266814,-1.290592,-2.141911,0.451610,0.054991,3.890529,7.000000,216.417910,0.555790,4.000000,28.281045,26.165803,10.992528,1.000000,-1.016508,-0.785770,-0.230738,29.626900,10.174999,38.962986,-1.557835,-2.555074,-3.218651,0.260843,0.064139,1.830601,0.000000,47.686833,0.000000,4.000000,28.606450,1.067616,3.373511,0.000000,-0.532698,-0.242462,-0.290236,18.107189,16.999065,34.465348,-2.192148,-2.511956,-2.620419,-0.108131,0.035274,3.696882,9.000000,232.231405,0.410765,4.000000,28.606450,1.067616,3.373511,1.000000,-0.532698,-0.242462,-0.290236,18.107189,16.999065,34.465348,-2.192148,-2.511956,-2.620419,-0.108131,0.035274,1.617647,5.000000,42.307692,0.323529,3.000000,57.445290,87.878788,61.363636,0.000000,0.048403,0.053825,-0.005422,18.353639,29.805640,15.703452,0.644981,0.852322,0.995204,0.848954,0.018603,3.682720,15.000000,93.159609,0.245515,2.000000,49.889697,37.974684,16.525965,0.000000,-0.003082,0.161360,-0.164442,17.084496,26.030305,18.916012,-0.058242,0.168617,0.278856,0.483999,0.036378,4.115833,5.000000,140.182648,0.823167,1.000000,75.237457,99.519231,93.109490,0.000000,0.774016,0.290366,0.483650,27.035836,44.658594,12.804436,2.805763,3.305981,3.232609,0.925755,0.067803,2.852305,0.000000,66.768293,0.000000,7.000000,68.790741,86.280488,57.483567,0.000000,-0.028235,-0.250679,0.222443,17.085920,45.982623,17.405642,2.391491,2.179693,1.690718,1.279921,0.031415,4.462585,3.000000,174.468085,1.487528,7.000000,2.494030,5.000000,109.302326,0.498806,4.000000,2.335053,7.000000,64.419476,0.333579,3.000000,3.497969,14.000000,175.657895,0.249855,8.000000,2.031814,3.000000,116.030534,0.677271,1.000000,1.720967,5.000000,68.586387,0.344193,2.000000,2.573777,6.000000,107.909605,0.428963,1.000000,2.329560,7.000000,71.951220,0.332794,2.000000,3.346028,12.000000,192.187500,0.278836,7.000000,1.711230,3.000000,123.076923,0.570410,4.000000,1.409978,7.000000,53.608247,0.201425,3.000000,2.562748,7.000000,112.790698,0.366107,4.000000,4.000000,6.000000,55.000000,-1.000000,,,,39.988258,17.452830,17.943856,-0.796246,-0.376599,-0.419647,15.177083,15.566305,27.657089,-2.559922,-3.670629,0.112947,0.064488,,0.000000,,31.125377,30.275229,18.787395,-0.216356,-0.171864,-0.044493,15.446753,12.522947,34.384409,-0.676647,-1.032099,-0.193658,0.009689,0.888870,1.886792,,232.231405,42.307692,0.972042,0.949266
2025-11-12T03:45:00Z,0.991105,no_impulse,0,RECLTD,1h,1.000000,94.174757,2.709497,7.000000,0.387071,0.498450,-0.561146,-2.157330,2.796633,10.000000,101.980198,0.279663,4.000000,25.043211,1.456311,27.548143,1.000000,-0.730568,-0.705538,-0.025030,30.793318,11.773356,33.609216,-1.759412,-2.921921,-4.274356,-0.398450,0.019244,2.819654,4.000000,69.655172,0.704913,3.000000,43.057593,58.620690,47.104332,0.000000,-0.803870,-0.846810,0.042940,31.819260,18.599740,28.842697,-0.266814,-1.290592,-2.141911,0.451610,0.054991,3.890529,7.000000,216.417910,0.555790,4.000000,28.281045,26.165803,10.992528,1.000000,-1.016508,-0.785770,-0.230738,29.626900,10.174999,38.962986,-1.557835,-2.555074,-3.218651,0.260843,0.064139,1.830601,0.000000,47.686833,0.000000,4.000000,28.606450,1.067616,3.373511,0.000000,-0.532698,-0.242462,-0.290236,18.107189,16.999065,34.465348,-2.192148,-2.511956,-2.620419,-0.108131,0.035274,3.696882,9.000000,232.231405,0.410765,4.000000,28.606450,1.067616,3.373511,1.000000,-0.532698,-0.242462,-0.290236,18.107189,16.999065,34.465348,-2.192148,-2.511956,-2.620419,-0.108131,0.035274,1.617647,5.000000,42.307692,0.323529,3.000000,57.445290,87.878788,61.363636,0.000000,0.048403,0.053825,-0.005422,18.353639,29.805640,15.703452,0.644981,0.852322,0.995204,0.848954,0.018603,3.682720,15.000000,93.159609,0.245515,2.000000,49.889697,37.974684,16.525965,0.000000,-0.003082,0.161360,-0.164442,17.084496,26.030305,18.916012,-0.058242,0.168617,0.278856,0.483999,0.036378,4.115833,5.000000,140.182648,0.823167,1.000000,75.237457,99.519231,93.109490,0.000000,0.774016,0.290366,0.483650,27.035836,44.658594,12.804436,2.805763,3.305981,3.232609,0.925755,0.067803,2.852305,0.000000,66.768293,0.000000,7.000000,4.462585,3.000000,174.468085,1.487528,7.000000,2.494030,5.000000,109.302326,0.498806,4.000000,2.335053,7.000000,64.419476,0.333579,3.000000,3.497969,14.000000,175.657895,0.249855,8.000000,2.031814,3.000000,116.030534,0.677271,1.000000,1.720967,5.000000,68.586387,0.344193,2.000000,2.573777,6.000000,107.909605,0.428963,1.000000,2.329560,7.000000,71.951220,0.332794,2.000000,3.346028,12.000000,192.187500,0.278836,7.000000,1.711230,3.000000,123.076923,0.570410,4.000000,1.409978,7.000000,53.608247,0.201425,3.000000,3.000000,7.000000,62.000000,-1.000000,,,,40.220633,18.081761,16.496027,-0.892926,-0.479698,-0.413228,15.293475,18.565839,26.067106,-2.264889,-3.471690,0.179266,0.069052,,0.000000,,76.754842,93.103448,94.251973,0.181261,-0.005432,0.186692,25.045545,43.671880,10.531327,1.371494,1.233826,1.097101,0.023289,0.852972,1.206897,,232.231405,42.307692,0.954024,1.330531
2025-11-14T08:45:00Z,0.961321,no_impulse,0,RECLTD,1h,-1.000000,113.917526,3.005167,19.000000,0.158167,-0.670731,-1.487856,-3.450328,2.709497,7.000000,94.174757,0.387071,3.000000,52.673491,73.660714,60.547312,1.000000,-0.464442,-0.641724,0.177282,29.642640,31.736407,23.540438,0.498450,-0.561146,-2.157330,0.681053,0.027668,2.796633,10.000000,101.980198,0.279663,4.000000,25.043211,1.456311,27.548143,1.000000,-0.730568,-0.705538,-0.025030,30.793318,11.773356,33.609216,-1.759412,-2.921921,-4.274356,-0.398450,0.019244,2.819654,4.000000,69.655172,0.704913,3.000000,43.057593,58.620690,47.104332,0.000000,-0.803870,-0.846810,0.042940,31.819260,18.599740,28.842697,-0.266814,-1.290592,-2.141911,0.451610,0.054991,3.890529,7.000000,216.417910,0.555790,4.000000,28.281045,26.165803,10.992528,1.000000,-1.016508,-0.785770,-0.230738,29.626900,10.174999,38.962986,-1.557835,-2.555074,-3.218651,0.260843,0.064139,1.830601,0.000000,47.686833,0.000000,4.000000,28.606450,1.067616,3.373511,0.000000,-0.532698,-0.242462,-0.290236,18.107189,16.999065,34.465348,-2.192148,-2.511956,-2.620419,-0.108131,0.035274,3.696882,9.000000,232.231405,0.410765,4.000000,28.606450,1.067616,3.373511,1.000000,-0.532698,-0.242462,-0.290236,18.107189,16.999065,34.465348,-2.192148,-2.511956,-2.620419,-0.108131,0.035274,1.617647,5.000000,42.307692,0.323529,3.000000,57.445290,87.878788,61.363636,0.000000,0.048403,0.053825,-0.005422,18.353639,29.805640,15.703452,0.644981,0.852322,0.995204,0.848954,0.018603,3.682720,15.000000,93.159609,0.245515,2.000000,49.889697,37.974684,16.525965,0.000000,-0.003082,0.161360,-0.164442,17.084496,26.030305,18.916012,-0.058242,0.168617,0.278856,0.483999,0.036378,4.115833,5.000000,140.182648,0.823167,1.000000,2.852305,0.000000,66.768293,0.000000,7.000000,4.462585,3.000000,174.468085,1.487528,7.000000,2.494030,5.000000,109.302326,0.498806,4.000000,2.335053,7.000000,64.419476,0.333579,3.000000,3.497969,14.000000,175.657895,0.249855,8.000000,2.031814,3.000000,116.030534,0.677271,1.000000,1.720967,5.000000,68.586387,0.344193,2.000000,2.573777,6.000000,107.909605,0.428963,1.000000,2.329560,7.000000,71.951220,0.332794,2.000000,3.346028,12.000000,192.187500,0.278836,7.000000,1.711230,3.000000,123.076923,0.570410,4.000000,4.000000,8.000000,81.000000,-1.000000,,,,36.927640,4.874214,10.324948,-1.159902,-0.709210,-0.450692,16.440999,16.533250,27.656095,-2.860066,-4.335678,0.159541,0.081670,,0.000000,,36.119163,12.359551,17.602996,-0.249404,-0.205673,-0.043731,19.050623,16.169329,32.183904,-0.477124,-0.817913,0.155330,0.013777,1.001312,3.064516,,232.231405,42.307692,0.846453,0.884028
2025-11-17T04:45:00Z,0.980323,no_impulse,0,RECLTD,1h,1.000000,63.800905,1.976728,3.000000,0.658909,0.225760,-0.470173,-2.413993,3.005167,19.000000,113.917526,0.158167,4.000000,36.597774,20.645161,16.363864,0.000000,-0.375681,-0.320994,-0.054687,14.797887,19.492166,22.447744,-0.670731,-1.487856,-3.450328,0.186214,0.021233,2.709497,7.000000,94.174757,0.387071,3.000000,52.673491,73.660714,60.547312,1.000000,-0.464442,-0.641724,0.177282,29.642640,31.736407,23.540438,0.498450,-0.561146,-2.157330,0.681053,0.027668,2.796633,10.000000,101.980198,0.279663,4.000000,25.043211,1.456311,27.548143,1.000000,-0.730568,-0.705538,-0.025030,30.793318,11.773356,33.609216,-1.759412,-2.921921,-4.274356,-0.398450,0.019244,2.819654,4.000000,69.655172,0.704913,3.000000,43.057593,58.620690,47.104332,0.000000,-0.803870,-0.846810,0.042940,31.819260,18.599740,28.842697,-0.266814,-1.290592,-2.141911,0.451610,0.054991,3.890529,7.000000,216.417910,0.555790,4.000000,28.281045,26.165803,10.992528,1.000000,-1.016508,-0.785770,-0.230738,29.626900,10.174999,38.962986,-1.557835,-2.555074,-3.218651,0.260843,0.064139,1.830601,0.000000,47.686833,0.000000,4.000000,28.606450,1.067616,3.373511,0.000000,-0.532698,-0.242462,-0.290236,18.107189,16.999065,34.465348,-2.192148,-2.511956,-2.620419,-0.108131,0.035274,3.696882,9.000000,232.231405,0.410765,4.000000,28.606450,1.067616,3.373511,1.000000,-0.532698,-0.242462,-0.290236,18.107189,16.999065,34.465348,-2.192148,-2.511956,-2.620419,-0.108131,0.035274,1.617647,5.000000,42.307692,0.323529,3.000000,57.445290,87.878788,61.363636,0.000000,0.048403,0.053825,-0.005422,18.353639,29.805640,15.703452,0.644981,0.852322,0.995204,0.848954,0.018603,3.682720,15.000000,93.159609,0.245515,2.000000,4.115833,5.000000,140.182648,0.823167,1.000000,2.852305,0.000000,66.768293,0.000000,7.000000,4.462585,3.000000,174.468085,1.487528,7.000000,2.494030,5.000000,109.302326,0.498806,4.000000,2.335053,7.000000,64.419476,0.333579,3.000000,3.497969,14.000000,175.657895,0.249855,8.000000,2.031814,3.000000,116.030534,0.677271,1.000000,1.720967,5.000000,68.586387,0.344193,2.000000,2.573777,6.000000,107.909605,0.428963,1.000000,2.329560,7.000000,71.951220,0.332794,2.000000,3.346028,12.000000,192.187500,0.278836,7.000000,3.000000,9.000000,84.000000,-1.000000,,,,41.293884,15.408805,9.433962,-1.154106,-0.792930,-0.361176,16.850704,16.646170,26.133322,-1.725023,-3.236438,0.295254,0.082823,,0.000000,,61.326895,81.560284,84.121068,0.133571,-0.038408,0.171979,23.782289,30.973244,15.959323,0.584079,0.513851,0.774360,0.021414,0.655302,0.370370,,232.231405,42.307692,0.844843,0.996548
2025-11-19T04:45:00Z,0.963208,no_impulse,0,RECLTD,1h,-1.000000,90.070922,1.745944,14.000000,0.124710,-0.577860,-1.117578,-3.121614,1.976728,3.000000,63.800905,0.658909,3.000000,51.142408,70.212766,59.103180,0.000000,-0.221178,-0.297823,0.076645,15.667985,28.927140,17.188181,0.225760,-0.470173,-2.413993,0.614525,0.019757,3.005167,19.000000,113.917526,0.158167,4.000000,36.597774,20.645161,16.363864,0.000000,-0.375681,-0.320994,-0.054687,14.797887,19.492166,22.447744,-0.670731,-1.487856,-3.450328,0.186214,0.021233,2.709497,7.000000,94.174757,0.387071,3.000000,52.673491,73.660714,60.547312,1.000000,-0.464442,-0.641724,0.177282,29.642640,31.736407,23.540438,0.498450,-0.561146,-2.157330,0.681053,0.027668,2.796633,10.000000,101.980198,0.279663,4.000000,25.043211,1.456311,27.548143,1.000000,-0.730568,-0.705538,-0.025030,30.793318,11.773356,33.609216,-1.759412,-2.921921,-4.274356,-0.398450,0.019244,2.819654,4.000000,69.655172,0.704913,3.000000,43.057593,58.620690,47.104332,0.000000,-0.803870,-0.846810,0.042940,31.819260,18.599740,28.842697,-0.266814,-1.290592,-2.141911,0.451610,0.054991,3.890529,7.000000,216.417910,0.555790,4.000000,28.281045,26.165803,10.992528,1.000000,-1.016508,-0.785770,-0.230738,29.626900,10.174999,38.962986,-1.557835,-2.555074,-3.218651,0.260843,0.064139,1.830601,0.000000,47.686833,0.000000,4.000000,28.606450,1.067616,3.373511,0.000000,-0.532698,-0.242462,-0.290236,18.107189,16.999065,34.465348,-2.192148,-2.511956,-2.620419,-0.108131,0.035274,3.696882,9.000000,232.231405,0.410765,4.000000,28.606450,1.067616,3.373511,1.000000,-0.532698,-0.242462,-0.290236,18.107189,16.999065,34.465348,-2.192148,-2.511956,-2.620419,-0.108131,0.035274,1.617647,5.000000,42.307692,0.323529,3.000000,3.682720,15.000000,93.159609,0.245515,2.000000,4.115833,5.000000,140.182648,0.823167,1.000000,2.852305,0.000000,66.768293,0.000000,7.000000,4.462585,3.000000,174.468085,1.487528,7.000000,2.494030,5.000000,109.302326,0.498806,4.000000,2.335053,7.000000,64.419476,0.333579,3.000000,3.497969,14.000000,175.657895,0.249855,8.000000,2.031814,3.000000,116.030534,0.677271,1.000000,1.720967,5.000000,68.586387,0.344193,2.000000,2.573777,6.000000,107.909605,0.428963,1.000000,2.329560,7.000000,71.951220,0.332794,2.000000,2.000000,1.000000,98.000000,-1.000000,,,,39.790171,9.516129,10.981267,-1.214169,-0.945574,-0.268595,17.872154,15.465666,25.862624,-1.854249,-3.500373,0.292513,0.087740,,0.000000,,37.460066,20.370370,38.888889,-0.109378,-0.086777,-0.022601,24.160767,12.689914,25.952090,-0.313027,-0.471185,-0.018763,0.006015,0.622972,1.772152,,232.231405,42.307692,0.805462,0.809040
2025-11-20T05:45:00Z,0.980997,no_impulse,0,RECLTD,1h,1.000000,103.937008,1.846929,8.000000,0.230866,0.799913,0.503222,-1.381180,1.745944,14.000000,90.070922,0.124710,2.000000,39.262651,8.823529,16.973095,1.000000,-0.206204,-0.172841,-0.033364,13.075502,17.017697,26.525220,-0.577860,-1.117578,-3.121614,0.147242,0.016287,1.976728,3.000000,63.800905,0.658909,3.000000,51.142408,70.212766,59.103180,0.000000,-0.221178,-0.297823,0.076645,15.667985,28.927140,17.188181,0.225760,-0.470173,-2.413993,0.614525,0.019757,3.005167,19.000000,113.917526,0.158167,4.000000,36.597774,20.645161,16.363864,0.000000,-0.375681,-0.320994,-0.054687,14.797887,19.492166,22.447744,-0.670731,-1.487856,-3.450328,0.186214,0.021233,2.709497,7.000000,94.174757,0.387071,3.000000,52.673491,73.660714,60.547312,1.000000,-0.464442,-0.641724,0.177282,29.642640,31.736407,23.540438,0.498450,-0.561146,-2.157330,0.681053,0.027668,2.796633,10.000000,101.980198,0.279663,4.000000,25.043211,1.456311,27.548143,1.000000,-0.730568,-0.705538,-0.025030,30.793318,11.773356,33.609216,-1.759412,-2.921921,-4.274356,-0.398450,0.019244,2.819654,4.000000,69.655172,0.704913,3.000000,43.057593,58.620690,47.104332,0.000000,-0.803870,-0.846810,0.042940,31.819260,18.599740,28.842697,-0.266814,-1.290592,-2.141911,0.451610,0.054991,3.890529,7.000000,216.417910,0.555790,4.000000,28.281045,26.165803,10.992528,1.000000,-1.016508,-0.785770,-0.230738,29.626900,10.174999,38.962986,-1.557835,-2.555074,-3.218651,0.260843,0.064139,1.830601,0.000000,47.686833,0.000000,4.000000,28.606450,1.067616,3.373511,0.000000,-0.532698,-0.242462,-0.290236,18.107189,16.999065,34.465348,-2.192148,-2.511956,-2.620419,-0.108131,0.035274,3.696882,9.000000,232.231405,0.410765,4.000000,1.617647,5.000000,42.307692,0.323529,3.000000,3.682720,15.000000,93.159609,0.245515,2.000000,4.115833,5.000000,140.182648,0.823167,1.000000,2.852305,0.000000,66.768293,0.000000,7.000000,4.462585,3.000000,174.468085,1.487528,7.000000,2.494030,5.000000,109.302326,0.498806,4.000000,2.335053,7.000000,64.419476,0.333579,3.000000,3.497969,14.000000,175.657895,0.249855,8.000000,2.031814,3.000000,116.030534,0.677271,1.000000,1.720967,5.000000,68.586387,0.344193,2.000000,2.573777,6.000000,107.909605,0.428963,1.000000,1.000000,2.000000,106.000000,-1.000000,,,,42.514707,20.331950,12.622316,-1.159362,-0.984250,-0.175112,17.570630,18.698283,24.610254,-1.180421,-2.826548,0.365022,0.086433,,0.000000,,70.270483,86.666667,90.265957,0.273756,0.184013,0.089743,36.799424,37.547101,7.942781,0.506854,0.721190,0.796235,0.017197,0.707926,1.025641,,232.231405,42.307692,0.803171,0.808073
2025-11-25T08:45:00Z,0.944205,no_impulse,0,RECLTD,1h,-1.000000,206.818182,3.750515,24.000000,0.156271,-0.959212,-1.662506,-3.802007,1.846929,8.000000,103.937008,0.230866,1.000000,63.265640,90.151515,85.838487,1.000000,0.055446,-0.089357,0.144802,14.875718,28.370532,16.035576,0.799913,0.503222,-1.381180,1.002653,0.016042,1.745944,14.000000,90.070922,0.124710,2.000000,39.262651,8.823529,16.973095,1.000000,-0.206204,-0.172841,-0.033364,13.075502,17.017697,26.525220,-0.577860,-1.117578,-3.121614,0.147242,0.016287,1.976728,3.000000,63.800905,0.658909,3.000000,51.142408,70.212766,59.103180,0.000000,-0.221178,-0.297823,0.076645,15.667985,28.927140,17.188181,0.225760,-0.470173,-2.413993,0.614525,0.019757,3.005167,19.000000,113.917526,0.158167,4.000000,36.597774,20.645161,16.363864,0.000000,-0.375681,-0.320994,-0.054687,14.797887,19.492166,22.447744,-0.670731,-1.487856,-3.450328,0.186214,0.021233,2.709497,7.000000,94.174757,0.387071,3.000000,52.673491,73.660714,60.547312,1.000000,-0.464442,-0.641724,0.177282,29.642640,31.736407,23.540438,0.498450,-0.561146,-2.157330,0.681053,0.027668,2.796633,10.000000,101.980198,0.279663,4.000000,25.043211,1.456311,27.548143,1.000000,-0.730568,-0.705538,-0.025030,30.793318,11.773356,33.609216,-1.759412,-2.921921,-4.274356,-0.398450,0.019244,2.819654,4.000000,69.655172,0.704913,3.000000,43.057593,58.620690,47.104332,0.000000,-0.803870,-0.846810,0.042940,31.819260,18.599740,28.842697,-0.266814,-1.290592,-2.141911,0.451610,0.054991,3.890529,7.000000,216.417910,0.555790,4.000000,28.281045,26.165803,10.992528,1.000000,-1.016508,-0.785770,-0.230738,29.626900,10.174999,38.962986,-1.557835,-2.555074,-3.218651,0.260843,0.064139,1.830601,0.000000,47.686833,0.000000,4.000000,3.696882,9.000000,232.231405,0.410765,4.000000,1.617647,5.000000,42.307692,0.323529,3.000000,3.682720,15.000000,93.159609,0.245515,2.000000,4.115833,5.000000,140.182648,0.823167,1.000000,2.852305,0.000000,66.768293,0.000000,7.000000,4.462585,3.000000,174.468085,1.487528,7.000000,2.494030,5.000000,109.302326,0.498806,4.000000,2.335053,7.000000,64.419476,0.333579,3.000000,3.497969,14.000000,175.657895,0.249855,8.000000,2.031814,3.000000,116.030534,0.677271,1.000000,1.720967,5.000000,68.586387,0.344193,2.000000,8.000000,1.000000,130.000000,-1.000000,,,,40.526717,33.888889,15.180462,-1.344873,-1.179464,-0.165409,19.304934,18.665880,28.378392,-1.653352,-3.600648,0.329885,0.095610,,0.000000,,30.481790,16.326531,18.276419,-0.325346,-0.257897,-0.067449,34.743971,16.315798,30.468000,-0.539831,-1.030541,0.195393,0.017627,1.425046,2.962963,,232.231405,47.686833,0.774489,0.654377
2025-11-27T03:45:00Z,0.973585,no_impulse,0,RECLTD,1h,1.000000,79.853480,3.111619,9.000000,0.345735,0.944666,0.614838,-1.351050,3.750515,24.000000,206.818182,0.156271,8.000000,28.520437,24.581006,16.702712,0.000000,-0.513546,-0.401605,-0.111941,29.745888,10.650158,36.226699,-0.959212,-1.662506,-3.802007,0.119691,0.024982,1.846929,8.000000,103.937008,0.230866,1.000000,63.265640,90.151515,85.838487,1.000000,0.055446,-0.089357,0.144802,14.875718,28.370532,16.035576,0.799913,0.503222,-1.381180,1.002653,0.016042,1.745944,14.000000,90.070922,0.124710,2.000000,39.262651,8.823529,16.973095,1.000000,-0.206204,-0.172841,-0.033364,13.075502,17.017697,26.525220,-0.577860,-1.117578,-3.121614,0.147242,0.016287,1.976728,3.000000,63.800905,0.658909,3.000000,51.142408,70.212766,59.103180,0.000000,-0.221178,-0.297823,0.076645,15.667985,28.927140,17.188181,0.225760,-0.470173,-2.413993,0.614525,0.019757,3.005167,19.000000,113.917526,0.158167,4.000000,36.597774,20.645161,16.363864,0.000000,-0.375681,-0.320994,-0.054687,14.797887,19.492166,22.447744,-0.670731,-1.487856,-3.450328,0.186214,0.021233,2.709497,7.000000,94.174757,0.387071,3.000000,52.673491,73.660714,60.547312,1.000000,-0.464442,-0.641724,0.177282,29.642640,31.736407,23.540438,0.498450,-0.561146,-2.157330,0.681053,0.027668,2.796633,10.000000,101.980198,0.279663,4.000000,25.043211,1.456311,27.548143,1.000000,-0.730568,-0.705538,-0.025030,30.793318,11.773356,33.609216,-1.759412,-2.921921,-4.274356,-0.398450,0.019244,2.819654,4.000000,69.655172,0.704913,3.000000,43.057593,58.620690,47.104332,0.000000,-0.803870,-0.846810,0.042940,31.819260,18.599740,28.842697,-0.266814,-1.290592,-2.141911,0.451610,0.054991,3.890529,7.000000,216.417910,0.555790,4.000000,1.830601,0.000000,47.686833,0.000000,4.000000,3.696882,9.000000,232.231405,0.410765,4.000000,1.617647,5.000000,42.307692,0.323529,3.000000,3.682720,15.000000,93.159609,0.245515,2.000000,4.115833,5.000000,140.182648,0.823167,1.000000,2.852305,0.000000,66.768293,0.000000,7.000000,4.462585,3.000000,174.468085,1.487528,7.000000,2.494030,5.000000,109.302326,0.498806,4.000000,2.335053,7.000000,64.419476,0.333579,3.000000,3.497969,14.000000,175.657895,0.249855,8.000000,2.031814,3.000000,116.030534,0.677271,1.000000,3.000000,2.000000,9.000000,-1.000000,,,,47.818528,68.678161,36.346755,-1.159620,-1.160258,0.000638,18.502960,21.934455,25.789235,-0.010626,-1.852002,0.498652,0.078827,,0.000000,,66.532325,100.000000,44.583333,0.100689,0.125657,-0.024969,21.504058,35.510315,16.971744,0.771533,0.938955,1.116983,0.012602,1.179886,0.937500,,216.417910,47.686833,0.782825,0.954754
2025-11-27T03:45:00Z,0.959569,no_impulse,0,RECLTD,1h,-1.000000,47.706422,1.439646,0.000000,0.000000,0.944666,0.614838,-1.351050,3.111619,9.000000,79.853480,0.345735,3.000000,60.474873,91.743119,73.914373,0.000000,0.008215,-0.159001,0.167216,21.533419,35.107226,22.716662,0.944666,0.614838,-1.351050,0.853663,0.026966,3.750515,24.000000,206.818182,0.156271,8.000000,28.520437,24.581006,16.702712,0.000000,-0.513546,-0.401605,-0.111941,29.745888,10.650158,36.226699,-0.959212,-1.662506,-3.802007,0.119691,0.024982,1.846929,8.000000,103.937008,0.230866,1.000000,63.265640,90.151515,85.838487,1.000000,0.055446,-0.089357,0.144802,14.875718,28.370532,16.035576,0.799913,0.503222,-1.381180,1.002653,0.016042,1.745944,14.000000,90.070922,0.124710,2.000000,39.262651,8.823529,16.973095,1.000000,-0.206204,-0.172841,-0.033364,13.075502,17.017697,26.525220,-0.577860,-1.117578,-3.121614,0.147242,0.016287,1.976728,3.000000,63.800905,0.658909,3.000000,51.142408,70.212766,59.103180,0.000000,-0.221178,-0.297823,0.076645,15.667985,28.927140,17.188181,0.225760,-0.470173,-2.413993,0.614525,0.019757,3.005167,19.000000,113.917526,0.158167,4.000000,36.597774,20.645161,16.363864,0.000000,-0.375681,-0.320994,-0.054687,14.797887,19.492166,22.447744,-0.670731,-1.487856,-3.450328,0.186214,0.021233,2.709497,7.000000,94.174757,0.387071,3.000000,52.673491,73.660714,60.547312,1.000000,-0.464442,-0.641724,0.177282,29.642640,31.736407,23.540438,0.498450,-0.561146,-2.157330,0.681053,0.027668,2.796633,10.000000,101.980198,0.279663,4.000000,25.043211,1.456311,27.548143,1.000000,-0.730568,-0.705538,-0.025030,30.793318,11.773356,33.609216,-1.759412,-2.921921,-4.274356,-0.398450,0.019244,2.819654,4.000000,69.655172,0.704913,3.000000,3.890529,7.000000,216.417910,0.555790,4.000000,1.830601,0.000000,47.686833,0.000000,4.000000,3.696882,9.000000,232.231405,0.410765,4.000000,1.617647,5.000000,42.307692,0.323529,3.000000,3.682720,15.000000,93.159609,0.245515,2.000000,4.115833,5.000000,140.182648,0.823167,1.000000,2.852305,0.000000,66.768293,0.000000,7.000000,4.462585,3.000000,174.468085,1.487528,7.000000,2.494030,5.000000,109.302326,0.498806,4.000000,2.335053,7.000000,64.419476,0.333579,3.000000,3.497969,14.000000,175.657895,0.249855,8.000000,3.000000,3.000000,9.000000,-1.000000,,,,47.818528,68.678161,36.346755,-1.159620,-1.160258,0.000638,18.502960,21.934455,25.789235,-0.010626,-1.852002,0.498652,0.078827,,0.000000,,66.532325,100.000000,44.583333,0.100689,0.125657,-0.024969,21.504058,35.510315,16.971744,0.771533,0.938955,1.116983,0.012602,0.520607,0.000000,,216.417910,63.800905,0.739793,1.294481
2025-11-27T06:45:00Z,0.982075,no_impulse,0,RECLTD,1h,1.000000,160.576923,2.345506,3.000000,0.781835,1.317933,1.248525,-0.546447,1.439646,0.000000,47.706422,0.000000,3.000000,60.474873,91.743119,73.914373,0.000000,0.008215,-0.159001,0.167216,21.533419,35.107226,22.716662,0.944666,0.614838,-1.351050,0.853663,0.026966,3.111619,9.000000,79.853480,0.345735,3.000000,60.474873,91.743119,73.914373,0.000000,0.008215,-0.159001,0.167216,21.533419,35.107226,22.716662,0.944666,0.614838,-1.351050,0.853663,0.026966,3.750515,24.000000,206.818182,0.156271,8.000000,28.520437,24.581006,16.702712,0.000000,-0.513546,-0.401605,-0.111941,29.745888,10.650158,36.226699,-0.959212,-1.662506,-3.802007,0.119691,0.024982,1.846929,8.000000,103.937008,0.230866,1.000000,63.265640,90.151515,85.838487,1.000000,0.055446,-0.089357,0.144802,14.875718,28.370532,16.035576,0.799913,0.503222,-1.381180,1.002653,0.016042,1.745944,14.000000,90.070922,0.124710,2.000000,39.262651,8.823529,16.973095,1.000000,-0.206204,-0.172841,-0.033364,13.075502,17.017697,26.525220,-0.577860,-1.117578,-3.121614,0.147242,0.016287,1.976728,3.000000,63.800905,0.658909,3.000000,51.142408,70.212766,59.103180,0.000000,-0.221178,-0.297823,0.076645,15.667985,28.927140,17.188181,0.225760,-0.470173,-2.413993,0.614525,0.019757,3.005167,19.000000,113.917526,0.158167,4.000000,36.597774,20.645161,16.363864,0.000000,-0.375681,-0.320994,-0.054687,14.797887,19.492166,22.447744,-0.670731,-1.487856,-3.450328,0.186214,0.021233,2.709497,7.000000,94.174757,0.387071,3.000000,52.673491,73.660714,60.547312,1.000000,-0.464442,-0.641724,0.177282,29.642640,31.736407,23.540438,0.498450,-0.561146,-2.157330,0.681053,0.027668,2.796633,10.000000,101.980198,0.279663,4.000000,2.819654,4.000000,69.655172,0.704913,3.000000,3.890529,7.000000,216.417910,0.555790,4.000000,1.830601,0.000000,47.686833,0.000000,4.000000,3.696882,9.000000,232.231405,0.410765,4.000000,1.617647,5.000000,42.307692,0.323529,3.000000,3.682720,15.000000,93.159609,0.245515,2.000000,4.115833,5.000000,140.182648,0.823167,1.000000,2.852305,0.000000,66.768293,0.000000,7.000000,4.462585,3.000000,174.468085,1.487528,7.000000,2.494030,5.000000,109.302326,0.498806,4.000000,2.335053,7.000000,64.419476,0.333579,3.000000,1.000000,1.000000,12.000000,-1.000000,,,,46.404569,60.919540,54.495530,-1.051928,-1.142064,0.090136,17.758269,20.972015,24.657655,-0.348090,-2.145426,0.449547,0.068754,,0.000000,,66.144038,86.231884,84.256171,0.374276,0.349983,0.024294,35.788633,27.887050,14.567755,0.441128,0.946764,0.666899,0.026548,0.930670,0.306122,,206.818182,47.706422,0.731535,1.490552
2025-12-02T03:45:00Z,0.957008,no_impulse,0,RECLTD,1h,-1.000000,111.377246,2.552491,18.000000,0.141805,-0.728004,-0.739895,-2.159453,2.345506,3.000000,160.576923,0.781835,1.000000,65.941853,91.103203,92.007946,1.000000,0.283919,0.022805,0.261114,23.652703,38.702548,17.573413,1.317933,1.248525,-0.546447,0.862381,0.036854,1.439646,0.000000,47.706422,0.000000,3.000000,60.474873,91.743119,73.914373,0.000000,0.008215,-0.159001,0.167216,21.533419,35.107226,22.716662,0.944666,0.614838,-1.351050,0.853663,0.026966,3.111619,9.000000,79.853480,0.345735,3.000000,60.474873,91.743119,73.914373,0.000000,0.008215,-0.159001,0.167216,21.533419,35.107226,22.716662,0.944666,0.614838,-1.351050,0.853663,0.026966,3.750515,24.000000,206.818182,0.156271,8.000000,28.520437,24.581006,16.702712,0.000000,-0.513546,-0.401605,-0.111941,29.745888,10.650158,36.226699,-0.959212,-1.662506,-3.802007,0.119691,0.024982,1.846929,8.000000,103.937008,0.230866,1.000000,63.265640,90.151515,85.838487,1.000000,0.055446,-0.089357,0.144802,14.875718,28.370532,16.035576,0.799913,0.503222,-1.381180,1.002653,0.016042,1.745944,14.000000,90.070922,0.124710,2.000000,39.262651,8.823529,16.973095,1.000000,-0.206204,-0.172841,-0.033364,13.075502,17.017697,26.525220,-0.577860,-1.117578,-3.121614,0.147242,0.016287,1.976728,3.000000,63.800905,0.658909,3.000000,51.142408,70.212766,59.103180,0.000000,-0.221178,-0.297823,0.076645,15.667985,28.927140,17.188181,0.225760,-0.470173,-2.413993,0.614525,0.019757,3.005167,19.000000,113.917526,0.158167,4.000000,36.597774,20.645161,16.363864,0.000000,-0.375681,-0.320994,-0.054687,14.797887,19.492166,22.447744,-0.670731,-1.487856,-3.450328,0.186214,0.021233,2.709497,7.000000,94.174757,0.387071,3.000000,2.796633,10.000000,101.980198,0.279663,4.000000,2.819654,4.000000,69.655172,0.704913,3.000000,3.890529,7.000000,216.417910,0.555790,4.000000,1.830601,0.000000,47.686833,0.000000,4.000000,3.696882,9.000000,232.231405,0.410765,4.000000,1.617647,5.000000,42.307692,0.323529,3.000000,3.682720,15.000000,93.159609,0.245515,2.000000,4.115833,5.000000,140.182648,0.823167,1.000000,2.852305,0.000000,66.768293,0.000000,7.000000,4.462585,3.000000,174.468085,1.487528,7.000000,2.494030,5.000000,109.302326,0.498806,4.000000,8.000000,1.000000,30.000000,-1.000000,,,,42.858479,50.709220,52.343686,-0.995004,-1.100434,0.105431,17.574795,18.522374,26.913979,-1.095857,-2.898432,0.241126,0.041873,,0.000000,,29.652792,10.227273,30.194805,-0.243590,-0.190516,-0.053074,22.370189,15.610668,34.042334,-0.803288,-1.059924,-0.168069,0.011928,1.032219,1.855670,,206.818182,47.706422,0.725311,0.939181
2025-12-02T07:45:00Z,0.969811,no_impulse,0,RECLTD,1h,1.000000,51.075269,1.337840,4.000000,0.334460,-0.018057,-0.055078,-1.428442,2.552491,18.000000,111.377246,0.141805,8.000000,38.070120,19.354839,17.815249,1.000000,-0.079566,0.077839,-0.157405,15.979481,16.734494,27.461765,-0.728004,-0.739895,-2.159453,0.126979,0.019375,2.345506,3.000000,160.576923,0.781835,1.000000,65.941853,91.103203,92.007946,1.000000,0.283919,0.022805,0.261114,23.652703,38.702548,17.573413,1.317933,1.248525,-0.546447,0.862381,0.036854,1.439646,0.000000,47.706422,0.000000,3.000000,60.474873,91.743119,73.914373,0.000000,0.008215,-0.159001,0.167216,21.533419,35.107226,22.716662,0.944666,0.614838,-1.351050,0.853663,0.026966,3.111619,9.000000,79.853480,0.345735,3.000000,60.474873,91.743119,73.914373,0.000000,0.008215,-0.159001,0.167216,21.533419,35.107226,22.716662,0.944666,0.614838,-1.351050,0.853663,0.026966,3.750515,24.000000,206.818182,0.156271,8.000000,28.520437,24.581006,16.702712,0.000000,-0.513546,-0.401605,-0.111941,29.745888,10.650158,36.226699,-0.959212,-1.662506,-3.802007,0.119691,0.024982,1.846929,8.000000,103.937008,0.230866,1.000000,63.265640,90.151515,85.838487,1.000000,0.055446,-0.089357,0.144802,14.875718,28.370532,16.035576,0.799913,0.503222,-1.381180,1.002653,0.016042,1.745944,14.000000,90.070922,0.124710,2.000000,39.262651,8.823529,16.973095,1.000000,-0.206204,-0.172841,-0.033364,13.075502,17.017697,26.525220,-0.577860,-1.117578,-3.121614,0.147242,0.016287,1.976728,3.000000,63.800905,0.658909,3.000000,51.142408,70.212766,59.103180,0.000000,-0.221178,-0.297823,0.076645,15.667985,28.927140,17.188181,0.225760,-0.470173,-2.413993,0.614525,0.019757,3.005167,19.000000,113.917526,0.158167,4.000000,2.709497,7.000000,94.174757,0.387071,3.000000,2.796633,10.000000,101.980198,0.279663,4.000000,2.819654,4.000000,69.655172,0.704913,3.000000,3.890529,7.000000,216.417910,0.555790,4.000000,1.830601,0.000000,47.686833,0.000000,4.000000,3.696882,9.000000,232.231405,0.410765,4.000000,1.617647,5.000000,42.307692,0.323529,3.000000,3.682720,15.000000,93.159609,0.245515,2.000000,4.115833,5.000000,140.182648,0.823167,1.000000,2.852305,0.000000,66.768293,0.000000,7.000000,4.462585,3.000000,174.468085,1.487528,7.000000,3.000000,2.000000,4.000000,-1.000000,,,,36.300685,7.868852,34.660124,-1.145292,-1.127375,-0.017917,18.452804,16.459256,30.477962,-2.858443,-4.802672,-0.200898,0.039649,,0.000000,,53.101635,80.232558,75.516116,0.008241,-0.040681,0.048922,23.137224,21.834334,13.900300,0.139530,0.026691,0.603136,0.013548,0.546413,0.380952,,206.818182,47.706422,0.717265,0.727707
2025-12-03T05:45:00Z,0.940970,no_impulse,0,RECLTD,1h,-1.000000,225.263158,2.973874,5.000000,0.594775,-1.506959,-1.867080,-3.396214,1.337840,4.000000,51.075269,0.334460,3.000000,49.496556,49.677419,47.956989,0.000000,-0.070910,-0.016181,-0.054730,12.341311,22.131650,20.181715,-0.018057,-0.055078,-1.428442,0.488741,0.016035,2.552491,18.000000,111.377246,0.141805,8.000000,38.070120,19.354839,17.815249,1.000000,-0.079566,0.077839,-0.157405,15.979481,16.734494,27.461765,-0.728004,-0.739895,-2.159453,0.126979,0.019375,2.345506,3.000000,160.576923,0.781835,1.000000,65.941853,91.103203,92.007946,1.000000,0.283919,0.022805,0.261114,23.652703,38.702548,17.573413,1.317933,1.248525,-0.546447,0.862381,0.036854,1.439646,0.000000,47.706422,0.000000,3.000000,60.474873,91.743119,73.914373,0.000000,0.008215,-0.159001,0.167216,21.533419,35.107226,22.716662,0.944666,0.614838,-1.351050,0.853663,0.026966,3.111619,9.000000,79.853480,0.345735,3.000000,60.474873,91.743119,73.914373,0.000000,0.008215,-0.159001,0.167216,21.533419,35.107226,22.716662,0.944666,0.614838,-1.351050,0.853663,0.026966,3.750515,24.000000,206.818182,0.156271,8.000000,28.520437,24.581006,16.702712,0.000000,-0.513546,-0.401605,-0.111941,29.745888,10.650158,36.226699,-0.959212,-1.662506,-3.802007,0.119691,0.024982,1.846929,8.000000,103.937008,0.230866,1.000000,63.265640,90.151515,85.838487,1.000000,0.055446,-0.089357,0.144802,14.875718,28.370532,16.035576,0.799913,0.503222,-1.381180,1.002653,0.016042,1.745944,14.000000,90.070922,0.124710,2.000000,39.262651,8.823529,16.973095,1.000000,-0.206204,-0.172841,-0.033364,13.075502,17.017697,26.525220,-0.577860,-1.117578,-3.121614,0.147242,0.016287,1.976728,3.000000,63.800905,0.658909,3.000000,3.005167,19.000000,113.917526,0.158167,4.000000,2.709497,7.000000,94.174757,0.387071,3.000000,2.796633,10.000000,101.980198,0.279663,4.000000,2.819654,4.000000,69.655172,0.704913,3.000000,3.890529,7.000000,216.417910,0.555790,4.000000,1.830601,0.000000,47.686833,0.000000,4.000000,3.696882,9.000000,232.231405,0.410765,4.000000,1.617647,5.000000,42.307692,0.323529,3.000000,3.682720,15.000000,93.159609,0.245515,2.000000,4.115833,5.000000,140.182648,0.823167,1.000000,2.852305,0.000000,66.768293,0.000000,7.000000,4.000000,3.000000,9.000000,-1.000000,,,,36.300685,7.868852,34.660124,-1.145292,-1.127375,-0.017917,18.452804,16.459256,30.477962,-2.858443,-4.802672,-0.200898,0.039649,,0.000000,,16.800970,6.930693,4.469699,-0.592374,-0.371959,-0.220415,27.447923,11.667786,41.727088,-1.401116,-2.013507,0.119907,0.036353,1.286702,0.490196,,206.818182,47.706422,0.789322,0.751145
2025-12-04T04:45:00Z,0.955795,no_impulse,0,RECLTD,1h,1.000000,51.401869,1.575480,6.000000,0.262580,-0.314907,-0.932482,-2.645618,2.973874,5.000000,225.263158,0.594775,4.000000,31.435993,23.364486,10.555458,0.000000,-0.451071,-0.198879,-0.252192,18.537585,12.424964,37.783464,-1.506959,-1.867080,-3.396214,0.041496,0.032379,1.337840,4.000000,51.075269,0.334460,3.000000,49.496556,49.677419,47.956989,0.000000,-0.070910,-0.016181,-0.054730,12.341311,22.131650,20.181715,-0.018057,-0.055078,-1.428442,0.488741,0.016035,2.552491,18.000000,111.377246,0.141805,8.000000,38.070120,19.354839,17.815249,1.000000,-0.079566,0.077839,-0.157405,15.979481,16.734494,27.461765,-0.728004,-0.739895,-2.159453,0.126979,0.019375,2.345506,3.000000,160.576923,0.781835,1.000000,65.941853,91.103203,92.007946,1.000000,0.283919,0.022805,0.261114,23.652703,38.702548,17.573413,1.317933,1.248525,-0.546447,0.862381,0.036854,1.439646,0.000000,47.706422,0.000000,3.000000,60.474873,91.743119,73.914373,0.000000,0.008215,-0.159001,0.167216,21.533419,35.107226,22.716662,0.944666,0.614838,-1.351050,0.853663,0.026966,3.111619,9.000000,79.853480,0.345735,3.000000,60.474873,91.743119,73.914373,0.000000,0.008215,-0.159001,0.167216,21.533419,35.107226,22.716662,0.944666,0.614838,-1.351050,0.853663,0.026966,3.750515,24.000000,206.818182,0.156271,8.000000,28.520437,24.581006,16.702712,0.000000,-0.513546,-0.401605,-0.111941,29.745888,10.650158,36.226699,-0.959212,-1.662506,-3.802007,0.119691,0.024982,1.846929,8.000000,103.937008,0.230866,1.000000,63.265640,90.151515,85.838487,1.000000,0.055446,-0.089357,0.144802,14.875718,28.370532,16.035576,0.799913,0.503222,-1.381180,1.002653,0.016042,1.745944,14.000000,90.070922,0.124710,2.000000,1.976728,3.000000,63.800905,0.658909,3.000000,3.005167,19.000000,113.917526,0.158167,4.000000,2.709497,7.000000,94.174757,0.387071,3.000000,2.796633,10.000000,101.980198,0.279663,4.000000,2.819654,4.000000,69.655172,0.704913,3.000000,3.890529,7.000000,216.417910,0.555790,4.000000,1.830601,0.000000,47.686833,0.000000,4.000000,3.696882,9.000000,232.231405,0.410765,4.000000,1.617647,5.000000,42.307692,0.323529,3.000000,3.682720,15.000000,93.159609,0.245515,2.000000,4.115833,5.000000,140.182648,0.823167,1.000000,3.000000,4.000000,15.000000,-1.000000,,,,39.705128,23.934426,27.504166,-1.170099,-1.129655,-0.040444,19.268099,15.624226,28.931719,-1.939852,-3.914977,0.042442,0.041589,,0.000000,,63.888481,100.000000,91.904762,-0.075919,-0.250906,0.174987,24.241732,29.971675,14.128494,0.680545,0.207476,1.049900,0.012461,0.682585,0.681818,,225.263158,47.706422,0.786321,0.995278
2025-12-05T04:45:00Z,0.938544,no_impulse,0,RECLTD,1h,-1.000000,116.363636,1.804851,7.000000,0.257836,-0.286721,-0.949517,-2.789139,1.575480,6.000000,51.401869,0.262580,3.000000,43.213845,41.121495,30.996885,0.000000,-0.553118,-0.483020,-0.070097,26.067276,21.960199,29.919275,-0.314907,-0.932482,-2.645618,0.416822,0.037741,2.973874,5.000000,225.263158,0.594775,4.000000,31.435993,23.364486,10.555458,0.000000,-0.451071,-0.198879,-0.252192,18.537585,12.424964,37.783464,-1.506959,-1.867080,-3.396214,0.041496,0.032379,1.337840,4.000000,51.075269,0.334460,3.000000,49.496556,49.677419,47.956989,0.000000,-0.070910,-0.016181,-0.054730,12.341311,22.131650,20.181715,-0.018057,-0.055078,-1.428442,0.488741,0.016035,2.552491,18.000000,111.377246,0.141805,8.000000,38.070120,19.354839,17.815249,1.000000,-0.079566,0.077839,-0.157405,15.979481,16.734494,27.461765,-0.728004,-0.739895,-2.159453,0.126979,0.019375,2.345506,3.000000,160.576923,0.781835,1.000000,65.941853,91.103203,92.007946,1.000000,0.283919,0.022805,0.261114,23.652703,38.702548,17.573413,1.317933,1.248525,-0.546447,0.862381,0.036854,1.439646,0.000000,47.706422,0.000000,3.000000,60.474873,91.743119,73.914373,0.000000,0.008215,-0.159001,0.167216,21.533419,35.107226,22.716662,0.944666,0.614838,-1.351050,0.853663,0.026966,3.111619,9.000000,79.853480,0.345735,3.000000,60.474873,91.743119,73.914373,0.000000,0.008215,-0.159001,0.167216,21.533419,35.107226,22.716662,0.944666,0.614838,-1.351050,0.853663,0.026966,3.750515,24.000000,206.818182,0.156271,8.000000,28.520437,24.581006,16.702712,0.000000,-0.513546,-0.401605,-0.111941,29.745888,10.650158,36.226699,-0.959212,-1.662506,-3.802007,0.119691,0.024982,1.846929,8.000000,103.937008,0.230866,1.000000,1.745944,14.000000,90.070922,0.124710,2.000000,1.976728,3.000000,63.800905,0.658909,3.000000,3.005167,19.000000,113.917526,0.158167,4.000000,2.709497,7.000000,94.174757,0.387071,3.000000,2.796633,10.000000,101.980198,0.279663,4.000000,2.819654,4.000000,69.655172,0.704913,3.000000,3.890529,7.000000,216.417910,0.555790,4.000000,1.830601,0.000000,47.686833,0.000000,4.000000,3.696882,9.000000,232.231405,0.410765,4.000000,1.617647,5.000000,42.307692,0.323529,3.000000,3.682720,15.000000,93.159609,0.245515,2.000000,4.000000,5.000000,22.000000,-1.000000,,,,40.474254,31.578947,21.127409,-1.168174,-1.135952,-0.032222,20.271753,14.546861,29.084511,-1.611523,-3.606023,0.107482,0.040405,,0.000000,,32.992943,1.923077,10.304973,-0.229757,-0.107961,-0.121796,18.949295,16.447069,22.460114,-0.800695,-1.130484,0.009937,0.016209,0.795795,0.769231,,225.263158,47.706422,0.814831,0.928925
2025-12-05T08:45:00Z,0.954987,no_impulse,0,RECLTD,1h,1.000000,95.312500,1.751867,4.000000,0.437967,0.148445,-0.470671,-2.342399,1.804851,7.000000,116.363636,0.257836,4.000000,43.738315,64.062500,38.528157,0.000000,-0.439878,-0.467730,0.027852,25.675951,13.640756,31.023237,-0.286721,-0.949517,-2.789139,0.408510,0.031249,1.575480,6.000000,51.401869,0.262580,3.000000,43.213845,41.121495,30.996885,0.000000,-0.553118,-0.483020,-0.070097,26.067276,21.960199,29.919275,-0.314907,-0.932482,-2.645618,0.416822,0.037741,2.973874,5.000000,225.263158,0.594775,4.000000,31.435993,23.364486,10.555458,0.000000,-0.451071,-0.198879,-0.252192,18.537585,12.424964,37.783464,-1.506959,-1.867080,-3.396214,0.041496,0.032379,1.337840,4.000000,51.075269,0.334460,3.000000,49.496556,49.677419,47.956989,0.000000,-0.070910,-0.016181,-0.054730,12.341311,22.131650,20.181715,-0.018057,-0.055078,-1.428442,0.488741,0.016035,2.552491,18.000000,111.377246,0.141805,8.000000,38.070120,19.354839,17.815249,1.000000,-0.079566,0.077839,-0.157405,15.979481,16.734494,27.461765,-0.728004,-0.739895,-2.159453,0.126979,0.019375,2.345506,3.000000,160.576923,0.781835,1.000000,65.941853,91.103203,92.007946,1.000000,0.283919,0.022805,0.261114,23.652703,38.702548,17.573413,1.317933,1.248525,-0.546447,0.862381,0.036854,1.439646,0.000000,47.706422,0.000000,3.000000,60.474873,91.743119,73.914373,0.000000,0.008215,-0.159001,0.167216,21.533419,35.107226,22.716662,0.944666,0.614838,-1.351050,0.853663,0.026966,3.111619,9.000000,79.853480,0.345735,3.000000,60.474873,91.743119,73.914373,0.000000,0.008215,-0.159001,0.167216,21.533419,35.107226,22.716662,0.944666,0.614838,-1.351050,0.853663,0.026966,3.750515,24.000000,206.818182,0.156271,8.000000,1.846929,8.000000,103.937008,0.230866,1.000000,1.745944,14.000000,90.070922,0.124710,2.000000,1.976728,3.000000,63.800905,0.658909,3.000000,3.005167,19.000000,113.917526,0.158167,4.000000,2.709497,7.000000,94.174757,0.387071,3.000000,2.796633,10.000000,101.980198,0.279663,4.000000,2.819654,4.000000,69.655172,0.704913,3.000000,3.890529,7.000000,216.417910,0.555790,4.000000,1.830601,0.000000,47.686833,0.000000,4.000000,3.696882,9.000000,232.231405,0.410765,4.000000,1.617647,5.000000,42.307692,0.323529,3.000000,3.000000,6.000000,26.000000,-1.000000,,,,40.474254,31.578947,21.127409,-1.168174,-1.135952,-0.032222,20.271753,14.546861,29.084511,-1.611523,-3.606023,0.107482,0.040405,,0.000000,,62.470234,98.989899,92.182239,0.095436,-0.017152,0.112588,18.157879,27.355038,12.025477,0.627260,0.539906,0.901300,0.015729,0.770432,0.476190,,225.263158,47.706422,0.810841,1.018982
2025-12-09T03:45:00Z,0.907008,no_impulse,0,RECLTD,1h,-1.000000,291.803279,5.023991,9.000000,0.558221,-2.047401,-3.330422,-5.811233,1.751867,4.000000,95.312500,0.437967,3.000000,49.699709,82.031250,70.052083,0.000000,-0.321199,-0.420064,0.098864,26.365386,16.507223,22.683957,0.148445,-0.470671,-2.342399,0.607559,0.013822,1.804851,7.000000,116.363636,0.257836,4.000000,43.738315,64.062500,38.528157,0.000000,-0.439878,-0.467730,0.027852,25.675951,13.640756,31.023237,-0.286721,-0.949517,-2.789139,0.408510,0.031249,1.575480,6.000000,51.401869,0.262580,3.000000,43.213845,41.121495,30.996885,0.000000,-0.553118,-0.483020,-0.070097,26.067276,21.960199,29.919275,-0.314907,-0.932482,-2.645618,0.416822,0.037741,2.973874,5.000000,225.263158,0.594775,4.000000,31.435993,23.364486,10.555458,0.000000,-0.451071,-0.198879,-0.252192,18.537585,12.424964,37.783464,-1.506959,-1.867080,-3.396214,0.041496,0.032379,1.337840,4.000000,51.075269,0.334460,3.000000,49.496556,49.677419,47.956989,0.000000,-0.070910,-0.016181,-0.054730,12.341311,22.131650,20.181715,-0.018057,-0.055078,-1.428442,0.488741,0.016035,2.552491,18.000000,111.377246,0.141805,8.000000,38.070120,19.354839,17.815249,1.000000,-0.079566,0.077839,-0.157405,15.979481,16.734494,27.461765,-0.728004,-0.739895,-2.159453,0.126979,0.019375,2.345506,3.000000,160.576923,0.781835,1.000000,65.941853,91.103203,92.007946,1.000000,0.283919,0.022805,0.261114,23.652703,38.702548,17.573413,1.317933,1.248525,-0.546447,0.862381,0.036854,1.439646,0.000000,47.706422,0.000000,3.000000,60.474873,91.743119,73.914373,0.000000,0.008215,-0.159001,0.167216,21.533419,35.107226,22.716662,0.944666,0.614838,-1.351050,0.853663,0.026966,3.111619,9.000000,79.853480,0.345735,3.000000,3.750515,24.000000,206.818182,0.156271,8.000000,1.846929,8.000000,103.937008,0.230866,1.000000,1.745944,14.000000,90.070922,0.124710,2.000000,1.976728,3.000000,63.800905,0.658909,3.000000,3.005167,19.000000,113.917526,0.158167,4.000000,2.709497,7.000000,94.174757,0.387071,3.000000,2.796633,10.000000,101.980198,0.279663,4.000000,2.819654,4.000000,69.655172,0.704913,3.000000,3.890529,7.000000,216.417910,0.555790,4.000000,1.830601,0.000000,47.686833,0.000000,4.000000,3.696882,9.000000,232.231405,0.410765,4.000000,4.000000,7.000000,35.000000,-1.000000,,,,32.297825,22.800718,21.562981,-1.600964,-1.299591,-0.301373,24.077351,11.439702,34.338108,-3.848167,-6.241066,-0.088889,0.062925,,0.000000,,26.640950,5.479452,23.731431,-0.646065,-0.627312,-0.018753,40.124971,11.814453,37.518239,-1.403576,-2.398446,-0.047297,0.025291,2.218716,1.125000,,225.263158,47.706422,0.816936,0.747675
2025-12-10T03:45:00Z,0.938005,no_impulse,0,RECLTD,1h,1.000000,64.606742,3.417533,7.000000,0.488219,0.182522,-1.056215,-3.755575,5.023991,9.000000,291.803279,0.558221,4.000000,27.405079,22.191011,17.021417,0.000000,-1.005439,-0.761901,-0.243538,41.456673,6.848823,44.064069,-2.047401,-3.330422,-5.811233,0.125702,0.053602,1.751867,4.000000,95.312500,0.437967,3.000000,49.699709,82.031250,70.052083,0.000000,-0.321199,-0.420064,0.098864,26.365386,16.507223,22.683957,0.148445,-0.470671,-2.342399,0.607559,0.013822,1.804851,7.000000,116.363636,0.257836,4.000000,43.738315,64.062500,38.528157,0.000000,-0.439878,-0.467730,0.027852,25.675951,13.640756,31.023237,-0.286721,-0.949517,-2.789139,0.408510,0.031249,1.575480,6.000000,51.401869,0.262580,3.000000,43.213845,41.121495,30.996885,0.000000,-0.553118,-0.483020,-0.070097,26.067276,21.960199,29.919275,-0.314907,-0.932482,-2.645618,0.416822,0.037741,2.973874,5.000000,225.263158,0.594775,4.000000,31.435993,23.364486,10.555458,0.000000,-0.451071,-0.198879,-0.252192,18.537585,12.424964,37.783464,-1.506959,-1.867080,-3.396214,0.041496,0.032379,1.337840,4.000000,51.075269,0.334460,3.000000,49.496556,49.677419,47.956989,0.000000,-0.070910,-0.016181,-0.054730,12.341311,22.131650,20.181715,-0.018057,-0.055078,-1.428442,0.488741,0.016035,2.552491,18.000000,111.377246,0.141805,8.000000,38.070120,19.354839,17.815249,1.000000,-0.079566,0.077839,-0.157405,15.979481,16.734494,27.461765,-0.728004,-0.739895,-2.159453,0.126979,0.019375,2.345506,3.000000,160.576923,0.781835,1.000000,65.941853,91.103203,92.007946,1.000000,0.283919,0.022805,0.261114,23.652703,38.702548,17.573413,1.317933,1.248525,-0.546447,0.862381,0.036854,1.439646,0.000000,47.706422,0.000000,3.000000,3.111619,9.000000,79.853480,0.345735,3.000000,3.750515,24.000000,206.818182,0.156271,8.000000,1.846929,8.000000,103.937008,0.230866,1.000000,1.745944,14.000000,90.070922,0.124710,2.000000,1.976728,3.000000,63.800905,0.658909,3.000000,3.005167,19.000000,113.917526,0.158167,4.000000,2.709497,7.000000,94.174757,0.387071,3.000000,2.796633,10.000000,101.980198,0.279663,4.000000,2.819654,4.000000,69.655172,0.704913,3.000000,3.890529,7.000000,216.417910,0.555790,4.000000,1.830601,0.000000,47.686833,0.000000,4.000000,3.000000,8.000000,42.000000,-1.000000,,,,32.115269,21.903052,18.337683,-1.716731,-1.383778,-0.332953,25.080957,14.390596,32.126590,-3.550237,-6.070803,0.005219,0.069294,,0.000000,,61.733180,95.348837,53.601128,0.041184,-0.019979,0.061163,16.257341,35.690773,19.196962,0.792181,0.484725,1.184071,0.011673,1.428904,1.076923,7.000000,291.803279,47.706422,1.118092,1.457521
2025-12-11T03:45:00Z,0.917116,no_impulse,0,RECLTD,1h,-1.000000,67.391304,2.227011,7.000000,0.318144,-0.376047,-1.464148,-4.314393,3.417533,7.000000,64.606742,0.488219,3.000000,48.522500,83.478261,51.157225,0.000000,-0.687107,-0.801258,0.114151,43.378000,22.136418,30.116009,0.182522,-1.056215,-3.755575,0.537213,0.049138,5.023991,9.000000,291.803279,0.558221,4.000000,27.405079,22.191011,17.021417,0.000000,-1.005439,-0.761901,-0.243538,41.456673,6.848823,44.064069,-2.047401,-3.330422,-5.811233,0.125702,0.053602,1.751867,4.000000,95.312500,0.437967,3.000000,49.699709,82.031250,70.052083,0.000000,-0.321199,-0.420064,0.098864,26.365386,16.507223,22.683957,0.148445,-0.470671,-2.342399,0.607559,0.013822,1.804851,7.000000,116.363636,0.257836,4.000000,43.738315,64.062500,38.528157,0.000000,-0.439878,-0.467730,0.027852,25.675951,13.640756,31.023237,-0.286721,-0.949517,-2.789139,0.408510,0.031249,1.575480,6.000000,51.401869,0.262580,3.000000,43.213845,41.121495,30.996885,0.000000,-0.553118,-0.483020,-0.070097,26.067276,21.960199,29.919275,-0.314907,-0.932482,-2.645618,0.416822,0.037741,2.973874,5.000000,225.263158,0.594775,4.000000,31.435993,23.364486,10.555458,0.000000,-0.451071,-0.198879,-0.252192,18.537585,12.424964,37.783464,-1.506959,-1.867080,-3.396214,0.041496,0.032379,1.337840,4.000000,51.075269,0.334460,3.000000,49.496556,49.677419,47.956989,0.000000,-0.070910,-0.016181,-0.054730,12.341311,22.131650,20.181715,-0.018057,-0.055078,-1.428442,0.488741,0.016035,2.552491,18.000000,111.377246,0.141805,8.000000,38.070120,19.354839,17.815249,1.000000,-0.079566,0.077839,-0.157405,15.979481,16.734494,27.461765,-0.728004,-0.739895,-2.159453,0.126979,0.019375,2.345506,3.000000,160.576923,0.781835,1.000000,1.439646,0.000000,47.706422,0.000000,3.000000,3.111619,9.000000,79.853480,0.345735,3.000000,3.750515,24.000000,206.818182,0.156271,8.000000,1.846929,8.000000,103.937008,0.230866,1.000000,1.745944,14.000000,90.070922,0.124710,2.000000,1.976728,3.000000,63.800905,0.658909,3.000000,3.005167,19.000000,113.917526,0.158167,4.000000,2.709497,7.000000,94.174757,0.387071,3.000000,2.796633,10.000000,101.980198,0.279663,4.000000,2.819654,4.000000,69.655172,0.704913,3.000000,3.890529,7.000000,216.417910,0.555790,4.000000,2.000000,1.000000,49.000000,-1.000000,,,,34.353023,26.929982,23.877917,-1.747215,-1.451960,-0.295255,26.171694,13.635531,32.083908,-2.830830,-5.417978,0.127522,0.073908,,0.000000,,44.074089,44.897959,34.335356,-0.099566,-0.027235,-0.072331,16.305457,16.482229,30.022525,-0.241110,-0.369686,0.283405,0.011105,0.919376,1.111111,14.000000,291.803279,47.706422,1.143866,1.604196
2025-12-12T03:45:00Z,0.934771,no_impulse,0,RECLTD,1h,1.000000,84.516129,1.925055,7.000000,0.275008,-0.172688,-1.088015,-4.005927,2.227011,7.000000,67.391304,0.318144,2.000000,43.154590,38.709677,49.859748,1.000000,-0.462643,-0.568277,0.105634,35.689277,14.189043,30.443690,-0.376047,-1.464148,-4.314393,0.266137,0.016020,3.417533,7.000000,64.606742,0.488219,3.000000,48.522500,83.478261,51.157225,0.000000,-0.687107,-0.801258,0.114151,43.378000,22.136418,30.116009,0.182522,-1.056215,-3.755575,0.537213,0.049138,5.023991,9.000000,291.803279,0.558221,4.000000,27.405079,22.191011,17.021417,0.000000,-1.005439,-0.761901,-0.243538,41.456673,6.848823,44.064069,-2.047401,-3.330422,-5.811233,0.125702,0.053602,1.751867,4.000000,95.312500,0.437967,3.000000,49.699709,82.031250,70.052083,0.000000,-0.321199,-0.420064,0.098864,26.365386,16.507223,22.683957,0.148445,-0.470671,-2.342399,0.607559,0.013822,1.804851,7.000000,116.363636,0.257836,4.000000,43.738315,64.062500,38.528157,0.000000,-0.439878,-0.467730,0.027852,25.675951,13.640756,31.023237,-0.286721,-0.949517,-2.789139,0.408510,0.031249,1.575480,6.000000,51.401869,0.262580,3.000000,43.213845,41.121495,30.996885,0.000000,-0.553118,-0.483020,-0.070097,26.067276,21.960199,29.919275,-0.314907,-0.932482,-2.645618,0.416822,0.037741,2.973874,5.000000,225.263158,0.594775,4.000000,31.435993,23.364486,10.555458,0.000000,-0.451071,-0.198879,-0.252192,18.537585,12.424964,37.783464,-1.506959,-1.867080,-3.396214,0.041496,0.032379,1.337840,4.000000,51.075269,0.334460,3.000000,49.496556,49.677419,47.956989,0.000000,-0.070910,-0.016181,-0.054730,12.341311,22.131650,20.181715,-0.018057,-0.055078,-1.428442,0.488741,0.016035,2.552491,18.000000,111.377246,0.141805,8.000000,2.345506,3.000000,160.576923,0.781835,1.000000,1.439646,0.000000,47.706422,0.000000,3.000000,3.111619,9.000000,79.853480,0.345735,3.000000,3.750515,24.000000,206.818182,0.156271,8.000000,1.846929,8.000000,103.937008,0.230866,1.000000,1.745944,14.000000,90.070922,0.124710,2.000000,1.976728,3.000000,63.800905,0.658909,3.000000,3.005167,19.000000,113.917526,0.158167,4.000000,2.709497,7.000000,94.174757,0.387071,3.000000,2.796633,10.000000,101.980198,0.279663,4.000000,2.819654,4.000000,69.655172,0.704913,3.000000,3.000000,1.000000,56.000000,-1.000000,,,,35.012180,28.366248,25.733094,-1.745356,-1.509290,-0.236066,26.799415,14.509594,30.107710,-2.453170,-5.087873,0.190715,0.077418,,0.000000,,57.403096,49.514563,72.760032,0.035756,-0.023288,0.059044,22.250620,30.704749,17.923537,0.290488,0.229838,0.890428,0.007462,0.769701,1.000000,21.000000,291.803279,51.075269,1.094754,2.078746
2025-12-15T03:45:00Z,0.907547,no_impulse,0,RECLTD,1h,-1.000000,154.198473,2.912341,7.000000,0.416049,-1.013864,-1.766904,-4.710243,1.925055,7.000000,84.516129,0.275008,3.000000,45.373427,46.564885,49.285069,0.000000,-0.292883,-0.404109,0.111226,31.651534,19.196765,20.236703,-0.172688,-1.088015,-4.005927,0.348327,0.011366,2.227011,7.000000,67.391304,0.318144,2.000000,43.154590,38.709677,49.859748,1.000000,-0.462643,-0.568277,0.105634,35.689277,14.189043,30.443690,-0.376047,-1.464148,-4.314393,0.266137,0.016020,3.417533,7.000000,64.606742,0.488219,3.000000,48.522500,83.478261,51.157225,0.000000,-0.687107,-0.801258,0.114151,43.378000,22.136418,30.116009,0.182522,-1.056215,-3.755575,0.537213,0.049138,5.023991,9.000000,291.803279,0.558221,4.000000,27.405079,22.191011,17.021417,0.000000,-1.005439,-0.761901,-0.243538,41.456673,6.848823,44.064069,-2.047401,-3.330422,-5.811233,0.125702,0.053602,1.751867,4.000000,95.312500,0.437967,3.000000,49.699709,82.031250,70.052083,0.000000,-0.321199,-0.420064,0.098864,26.365386,16.507223,22.683957,0.148445,-0.470671,-2.342399,0.607559,0.013822,1.804851,7.000000,116.363636,0.257836,4.000000,43.738315,64.062500,38.528157,0.000000,-0.439878,-0.467730,0.027852,25.675951,13.640756,31.023237,-0.286721,-0.949517,-2.789139,0.408510,0.031249,1.575480,6.000000,51.401869,0.262580,3.000000,43.213845,41.121495,30.996885,0.000000,-0.553118,-0.483020,-0.070097,26.067276,21.960199,29.919275,-0.314907,-0.932482,-2.645618,0.416822,0.037741,2.973874,5.000000,225.263158,0.594775,4.000000,31.435993,23.364486,10.555458,0.000000,-0.451071,-0.198879,-0.252192,18.537585,12.424964,37.783464,-1.506959,-1.867080,-3.396214,0.041496,0.032379,1.337840,4.000000,51.075269,0.334460,3.000000,2.552491,18.000000,111.377246,0.141805,8.000000,2.345506,3.000000,160.576923,0.781835,1.000000,1.439646,0.000000,47.706422,0.000000,3.000000,3.111619,9.000000,79.853480,0.345735,3.000000,3.750515,24.000000,206.818182,0.156271,8.000000,1.846929,8.000000,103.937008,0.230866,1.000000,1.745944,14.000000,90.070922,0.124710,2.000000,1.976728,3.000000,63.800905,0.658909,3.000000,3.005167,19.000000,113.917526,0.158167,4.000000,2.709497,7.000000,94.174757,0.387071,3.000000,2.796633,10.000000,101.980198,0.279663,4.000000,4.000000,2.000000,63.000000,-1.000000,,,,33.301697,21.543986,25.613405,-1.779425,-1.570015,-0.209410,27.851989,13.325880,32.260302,-2.733759,-5.448456,0.166137,0.079704,,0.000000,,28.602309,13.095238,47.701408,-0.032119,0.059521,-0.091640,22.270395,16.444515,45.325830,-1.502733,-1.518842,-0.317830,0.018103,1.184360,0.945946,28.000000,291.803279,51.075269,1.109368,0.882165
2025-12-15T08:45:00Z,0.925337,no_impulse,0,RECLTD,1h,1.000000,65.346535,1.960202,5.000000,0.392040,-0.085658,-0.813902,-3.769032,2.912341,7.000000,154.198473,0.416049,4.000000,37.933194,33.663366,54.732572,0.000000,-0.205917,-0.243051,0.037134,24.082228,15.666220,34.182928,-1.013864,-1.766904,-4.710243,-0.205257,0.014232,1.925055,7.000000,84.516129,0.275008,3.000000,45.373427,46.564885,49.285069,0.000000,-0.292883,-0.404109,0.111226,31.651534,19.196765,20.236703,-0.172688,-1.088015,-4.005927,0.348327,0.011366,2.227011,7.000000,67.391304,0.318144,2.000000,43.154590,38.709677,49.859748,1.000000,-0.462643,-0.568277,0.105634,35.689277,14.189043,30.443690,-0.376047,-1.464148,-4.314393,0.266137,0.016020,3.417533,7.000000,64.606742,0.488219,3.000000,48.522500,83.478261,51.157225,0.000000,-0.687107,-0.801258,0.114151,43.378000,22.136418,30.116009,0.182522,-1.056215,-3.755575,0.537213,0.049138,5.023991,9.000000,291.803279,0.558221,4.000000,27.405079,22.191011,17.021417,0.000000,-1.005439,-0.761901,-0.243538,41.456673,6.848823,44.064069,-2.047401,-3.330422,-5.811233,0.125702,0.053602,1.751867,4.000000,95.312500,0.437967,3.000000,49.699709,82.031250,70.052083,0.000000,-0.321199,-0.420064,0.098864,26.365386,16.507223,22.683957,0.148445,-0.470671,-2.342399,0.607559,0.013822,1.804851,7.000000,116.363636,0.257836,4.000000,43.738315,64.062500,38.528157,0.000000,-0.439878,-0.467730,0.027852,25.675951,13.640756,31.023237,-0.286721,-0.949517,-2.789139,0.408510,0.031249,1.575480,6.000000,51.401869,0.262580,3.000000,43.213845,41.121495,30.996885,0.000000,-0.553118,-0.483020,-0.070097,26.067276,21.960199,29.919275,-0.314907,-0.932482,-2.645618,0.416822,0.037741,2.973874,5.000000,225.263158,0.594775,4.000000,1.337840,4.000000,51.075269,0.334460,3.000000,2.552491,18.000000,111.377246,0.141805,8.000000,2.345506,3.000000,160.576923,0.781835,1.000000,1.439646,0.000000,47.706422,0.000000,3.000000,3.111619,9.000000,79.853480,0.345735,3.000000,3.750515,24.000000,206.818182,0.156271,8.000000,1.846929,8.000000,103.937008,0.230866,1.000000,1.745944,14.000000,90.070922,0.124710,2.000000,1.976728,3.000000,63.800905,0.658909,3.000000,3.005167,19.000000,113.917526,0.158167,4.000000,2.709497,7.000000,94.174757,0.387071,3.000000,3.000000,3.000000,68.000000,-1.000000,,,,27.830208,2.030457,17.313563,-1.984764,-1.679553,-0.305211,29.018958,12.185757,31.482625,-4.441028,-7.379466,0.023087,0.089161,,0.000000,,53.271308,80.769231,72.637363,-0.035894,-0.090361,0.054467,13.688858,28.799950,23.796040,0.169146,0.006666,0.626316,0.013413,0.785657,0.793651,33.000000,291.803279,51.075269,1.118536,0.693038
2025-12-18T03:45:00Z,0.892049,no_impulse,0,RECLTD,1h,-1.000000,187.121212,3.597437,16.000000,0.224840,-1.116150,-2.361666,-5.943208,1.960202,5.000000,65.346535,0.392040,3.000000,47.377606,57.425743,52.145215,1.000000,-0.243649,-0.253017,0.009368,24.179719,19.595994,26.555018,-0.085658,-0.813902,-3.769032,0.447264,0.016229,2.912341,7.000000,154.198473,0.416049,4.000000,37.933194,33.663366,54.732572,0.000000,-0.205917,-0.243051,0.037134,24.082228,15.666220,34.182928,-1.013864,-1.766904,-4.710243,-0.205257,0.014232,1.925055,7.000000,84.516129,0.275008,3.000000,45.373427,46.564885,49.285069,0.000000,-0.292883,-0.404109,0.111226,31.651534,19.196765,20.236703,-0.172688,-1.088015,-4.005927,0.348327,0.011366,2.227011,7.000000,67.391304,0.318144,2.000000,43.154590,38.709677,49.859748,1.000000,-0.462643,-0.568277,0.105634,35.689277,14.189043,30.443690,-0.376047,-1.464148,-4.314393,0.266137,0.016020,3.417533,7.000000,64.606742,0.488219,3.000000,48.522500,83.478261,51.157225,0.000000,-0.687107,-0.801258,0.114151,43.378000,22.136418,30.116009,0.182522,-1.056215,-3.755575,0.537213,0.049138,5.023991,9.000000,291.803279,0.558221,4.000000,27.405079,22.191011,17.021417,0.000000,-1.005439,-0.761901,-0.243538,41.456673,6.848823,44.064069,-2.047401,-3.330422,-5.811233,0.125702,0.053602,1.751867,4.000000,95.312500,0.437967,3.000000,49.699709,82.031250,70.052083,0.000000,-0.321199,-0.420064,0.098864,26.365386,16.507223,22.683957,0.148445,-0.470671,-2.342399,0.607559,0.013822,1.804851,7.000000,116.363636,0.257836,4.000000,43.738315,64.062500,38.528157,0.000000,-0.439878,-0.467730,0.027852,25.675951,13.640756,31.023237,-0.286721,-0.949517,-2.789139,0.408510,0.031249,1.575480,6.000000,51.401869,0.262580,3.000000,2.973874,5.000000,225.263158,0.594775,4.000000,1.337840,4.000000,51.075269,0.334460,3.000000,2.552491,18.000000,111.377246,0.141805,8.000000,2.345506,3.000000,160.576923,0.781835,1.000000,1.439646,0.000000,47.706422,0.000000,3.000000,3.111619,9.000000,79.853480,0.345735,3.000000,3.750515,24.000000,206.818182,0.156271,8.000000,1.846929,8.000000,103.937008,0.230866,1.000000,1.745944,14.000000,90.070922,0.124710,2.000000,1.976728,3.000000,63.800905,0.658909,3.000000,3.005167,19.000000,113.917526,0.158167,4.000000,4.000000,4.000000,84.000000,-1.000000,,,,32.214738,18.995290,8.562709,-2.133250,-1.835324,-0.297926,31.685039,10.696346,31.549503,-3.151504,-6.307321,0.189728,0.098469,,0.000000,,32.202424,0.000000,43.011272,-0.220268,-0.213225,-0.007043,21.186449,13.086203,30.233918,-0.748929,-1.262083,-0.359373,0.008650,1.406776,2.500000,,291.803279,51.401869,1.062930,0.637163
2025-12-23T03:45:00Z,0.938410,no_impulse,0,RECLTD,1h,1.000000,139.271255,5.197160,21.000000,0.247484,1.786766,1.992155,-0.672605,3.597437,16.000000,187.121212,0.224840,4.000000,28.315430,20.958084,16.351107,0.000000,-0.734344,-0.690463,-0.043880,35.069186,12.034247,35.145463,-1.116150,-2.361666,-5.943208,0.218962,0.039277,1.960202,5.000000,65.346535,0.392040,3.000000,47.377606,57.425743,52.145215,1.000000,-0.243649,-0.253017,0.009368,24.179719,19.595994,26.555018,-0.085658,-0.813902,-3.769032,0.447264,0.016229,2.912341,7.000000,154.198473,0.416049,4.000000,37.933194,33.663366,54.732572,0.000000,-0.205917,-0.243051,0.037134,24.082228,15.666220,34.182928,-1.013864,-1.766904,-4.710243,-0.205257,0.014232,1.925055,7.000000,84.516129,0.275008,3.000000,45.373427,46.564885,49.285069,0.000000,-0.292883,-0.404109,0.111226,31.651534,19.196765,20.236703,-0.172688,-1.088015,-4.005927,0.348327,0.011366,2.227011,7.000000,67.391304,0.318144,2.000000,43.154590,38.709677,49.859748,1.000000,-0.462643,-0.568277,0.105634,35.689277,14.189043,30.443690,-0.376047,-1.464148,-4.314393,0.266137,0.016020,3.417533,7.000000,64.606742,0.488219,3.000000,48.522500,83.478261,51.157225,0.000000,-0.687107,-0.801258,0.114151,43.378000,22.136418,30.116009,0.182522,-1.056215,-3.755575,0.537213,0.049138,5.023991,9.000000,291.803279,0.558221,4.000000,27.405079,22.191011,17.021417,0.000000,-1.005439,-0.761901,-0.243538,41.456673,6.848823,44.064069,-2.047401,-3.330422,-5.811233,0.125702,0.053602,1.751867,4.000000,95.312500,0.437967,3.000000,49.699709,82.031250,70.052083,0.000000,-0.321199,-0.420064,0.098864,26.365386,16.507223,22.683957,0.148445,-0.470671,-2.342399,0.607559,0.013822,1.804851,7.000000,116.363636,0.257836,4.000000,1.575480,6.000000,51.401869,0.262580,3.000000,2.973874,5.000000,225.263158,0.594775,4.000000,1.337840,4.000000,51.075269,0.334460,3.000000,2.552491,18.000000,111.377246,0.141805,8.000000,2.345506,3.000000,160.576923,0.781835,1.000000,1.439646,0.000000,47.706422,0.000000,3.000000,3.111619,9.000000,79.853480,0.345735,3.000000,3.750515,24.000000,206.818182,0.156271,8.000000,1.846929,8.000000,103.937008,0.230866,1.000000,1.745944,14.000000,90.070922,0.124710,2.000000,1.976728,3.000000,63.800905,0.658909,3.000000,7.000000,5.000000,105.000000,-1.000000,,,,54.679541,87.570621,54.474482,-1.394723,-1.710264,0.315541,29.719763,27.053721,23.974448,1.946760,-0.756913,0.703256,0.097680,,0.000000,,66.142198,93.506494,50.945211,0.283906,0.339961,-0.056055,41.798092,29.850150,14.347861,0.724477,1.355032,1.318508,0.008916,1.983969,2.800000,,291.803279,51.401869,1.107447,1.118947
2025-12-23T03:45:00Z,0.925472,no_impulse,0,RECLTD,1h,-1.000000,27.906977,1.378716,0.000000,0.000000,1.786766,1.992155,-0.672605,5.197160,21.000000,139.271255,0.247484,7.000000,72.395569,97.863248,87.408317,0.000000,0.609531,0.381622,0.227909,27.020059,37.158056,15.104116,1.786766,1.992155,-0.672605,0.951345,0.040308,3.597437,16.000000,187.121212,0.224840,4.000000,28.315430,20.958084,16.351107,0.000000,-0.734344,-0.690463,-0.043880,35.069186,12.034247,35.145463,-1.116150,-2.361666,-5.943208,0.218962,0.039277,1.960202,5.000000,65.346535,0.392040,3.000000,47.377606,57.425743,52.145215,1.000000,-0.243649,-0.253017,0.009368,24.179719,19.595994,26.555018,-0.085658,-0.813902,-3.769032,0.447264,0.016229,2.912341,7.000000,154.198473,0.416049,4.000000,37.933194,33.663366,54.732572,0.000000,-0.205917,-0.243051,0.037134,24.082228,15.666220,34.182928,-1.013864,-1.766904,-4.710243,-0.205257,0.014232,1.925055,7.000000,84.516129,0.275008,3.000000,45.373427,46.564885,49.285069,0.000000,-0.292883,-0.404109,0.111226,31.651534,19.196765,20.236703,-0.172688,-1.088015,-4.005927,0.348327,0.011366,2.227011,7.000000,67.391304,0.318144,2.000000,43.154590,38.709677,49.859748,1.000000,-0.462643,-0.568277,0.105634,35.689277,14.189043,30.443690,-0.376047,-1.464148,-4.314393,0.266137,0.016020,3.417533,7.000000,64.606742,0.488219,3.000000,48.522500,83.478261,51.157225,0.000000,-0.687107,-0.801258,0.114151,43.378000,22.136418,30.116009,0.182522,-1.056215,-3.755575,0.537213,0.049138,5.023991,9.000000,291.803279,0.558221,4.000000,27.405079,22.191011,17.021417,0.000000,-1.005439,-0.761901,-0.243538,41.456673,6.848823,44.064069,-2.047401,-3.330422,-5.811233,0.125702,0.053602,1.751867,4.000000,95.312500,0.437967,3.000000,1.804851,7.000000,116.363636,0.257836,4.000000,1.575480,6.000000,51.401869,0.262580,3.000000,2.973874,5.000000,225.263158,0.594775,4.000000,1.337840,4.000000,51.075269,0.334460,3.000000,2.552491,18.000000,111.377246,0.141805,8.000000,2.345506,3.000000,160.576923,0.781835,1.000000,1.439646,0.000000,47.706422,0.000000,3.000000,3.111619,9.000000,79.853480,0.345735,3.000000,3.750515,24.000000,206.818182,0.156271,8.000000,1.846929,8.000000,103.937008,0.230866,1.000000,1.745944,14.000000,90.070922,0.124710,2.000000,7.000000,6.000000,0.000000,-1.000000,,,,54.679541,87.570621,54.474482,-1.394723,-1.710264,0.315541,29.719763,27.053721,23.974448,1.946760,-0.756913,0.703256,0.097680,,0.000000,,66.142198,93.506494,50.945211,0.283906,0.339961,-0.056055,41.798092,29.850150,14.347861,0.724477,1.355032,1.318508,0.008916,0.462386,0.000000,,291.803279,64.606742,1.302992,1.522392
2025-12-26T03:45:00Z,0.971563,no_impulse,0,RECLTD,1h,1.000000,356.250000,4.980341,14.000000,0.355739,2.173063,3.585297,2.569958,1.378716,0.000000,27.906977,0.000000,7.000000,72.395569,97.863248,87.408317,0.000000,0.609531,0.381622,0.227909,27.020059,37.158056,15.104116,1.786766,1.992155,-0.672605,0.951345,0.040308,5.197160,21.000000,139.271255,0.247484,7.000000,72.395569,97.863248,87.408317,0.000000,0.609531,0.381622,0.227909,27.020059,37.158056,15.104116,1.786766,1.992155,-0.672605,0.951345,0.040308,3.597437,16.000000,187.121212,0.224840,4.000000,28.315430,20.958084,16.351107,0.000000,-0.734344,-0.690463,-0.043880,35.069186,12.034247,35.145463,-1.116150,-2.361666,-5.943208,0.218962,0.039277,1.960202,5.000000,65.346535,0.392040,3.000000,47.377606,57.425743,52.145215,1.000000,-0.243649,-0.253017,0.009368,24.179719,19.595994,26.555018,-0.085658,-0.813902,-3.769032,0.447264,0.016229,2.912341,7.000000,154.198473,0.416049,4.000000,37.933194,33.663366,54.732572,0.000000,-0.205917,-0.243051,0.037134,24.082228,15.666220,34.182928,-1.013864,-1.766904,-4.710243,-0.205257,0.014232,1.925055,7.000000,84.516129,0.275008,3.000000,45.373427,46.564885,49.285069,0.000000,-0.292883,-0.404109,0.111226,31.651534,19.196765,20.236703,-0.172688,-1.088015,-4.005927,0.348327,0.011366,2.227011,7.000000,67.391304,0.318144,2.000000,43.154590,38.709677,49.859748,1.000000,-0.462643,-0.568277,0.105634,35.689277,14.189043,30.443690,-0.376047,-1.464148,-4.314393,0.266137,0.016020,3.417533,7.000000,64.606742,0.488219,3.000000,48.522500,83.478261,51.157225,0.000000,-0.687107,-0.801258,0.114151,43.378000,22.136418,30.116009,0.182522,-1.056215,-3.755575,0.537213,0.049138,5.023991,9.000000,291.803279,0.558221,4.000000,1.751867,4.000000,95.312500,0.437967,3.000000,1.804851,7.000000,116.363636,0.257836,4.000000,1.575480,6.000000,51.401869,0.262580,3.000000,2.973874,5.000000,225.263158,0.594775,4.000000,1.337840,4.000000,51.075269,0.334460,3.000000,2.552491,18.000000,111.377246,0.141805,8.000000,2.345506,3.000000,160.576923,0.781835,1.000000,1.439646,0.000000,47.706422,0.000000,3.000000,3.111619,9.000000,79.853480,0.345735,3.000000,3.750515,24.000000,206.818182,0.156271,8.000000,1.846929,8.000000,103.937008,0.230866,1.000000,1.000000,1.000000,14.000000,-1.000000,,,,57.505717,88.644068,87.851380,-0.730504,-1.400338,0.669834,26.966628,26.979077,21.245646,2.302148,0.081410,0.756171,0.091985,,0.000000,,58.369844,81.159420,51.011473,0.049531,0.086717,-0.037186,18.670146,24.990371,19.592942,0.310209,0.826412,0.807663,0.010114,1.694494,1.686747,,291.803279,27.906977,1.351811,1.496604
2025-12-26T03:45:00Z,0.952965,no_impulse,0,RECLTD,1h,-1.000000,40.350877,1.914274,0.000000,0.000000,2.173063,3.585297,2.569958,4.980341,14.000000,356.250000,0.355739,1.000000,75.024493,98.098859,84.847768,0.000000,1.120670,1.113662,0.007008,40.793947,42.535081,13.409472,2.173063,3.585297,2.569958,0.890595,0.056871,1.378716,0.000000,27.906977,0.000000,7.000000,72.395569,97.863248,87.408317,0.000000,0.609531,0.381622,0.227909,27.020059,37.158056,15.104116,1.786766,1.992155,-0.672605,0.951345,0.040308,5.197160,21.000000,139.271255,0.247484,7.000000,72.395569,97.863248,87.408317,0.000000,0.609531,0.381622,0.227909,27.020059,37.158056,15.104116,1.786766,1.992155,-0.672605,0.951345,0.040308,3.597437,16.000000,187.121212,0.224840,4.000000,28.315430,20.958084,16.351107,0.000000,-0.734344,-0.690463,-0.043880,35.069186,12.034247,35.145463,-1.116150,-2.361666,-5.943208,0.218962,0.039277,1.960202,5.000000,65.346535,0.392040,3.000000,47.377606,57.425743,52.145215,1.000000,-0.243649,-0.253017,0.009368,24.179719,19.595994,26.555018,-0.085658,-0.813902,-3.769032,0.447264,0.016229,2.912341,7.000000,154.198473,0.416049,4.000000,37.933194,33.663366,54.732572,0.000000,-0.205917,-0.243051,0.037134,24.082228,15.666220,34.182928,-1.013864,-1.766904,-4.710243,-0.205257,0.014232,1.925055,7.000000,84.516129,0.275008,3.000000,45.373427,46.564885,49.285069,0.000000,-0.292883,-0.404109,0.111226,31.651534,19.196765,20.236703,-0.172688,-1.088015,-4.005927,0.348327,0.011366,2.227011,7.000000,67.391304,0.318144,2.000000,43.154590,38.709677,49.859748,1.000000,-0.462643,-0.568277,0.105634,35.689277,14.189043,30.443690,-0.376047,-1.464148,-4.314393,0.266137,0.016020,3.417533,7.000000,64.606742,0.488219,3.000000,5.023991,9.000000,291.803279,0.558221,4.000000,1.751867,4.000000,95.312500,0.437967,3.000000,1.804851,7.000000,116.363636,0.257836,4.000000,1.575480,6.000000,51.401869,0.262580,3.000000,2.973874,5.000000,225.263158,0.594775,4.000000,1.337840,4.000000,51.075269,0.334460,3.000000,2.552491,18.000000,111.377246,0.141805,8.000000,2.345506,3.000000,160.576923,0.781835,1.000000,1.439646,0.000000,47.706422,0.000000,3.000000,3.111619,9.000000,79.853480,0.345735,3.000000,3.750515,24.000000,206.818182,0.156271,8.000000,1.000000,2.000000,14.000000,-1.000000,,,,57.505717,88.644068,87.851380,-0.730504,-1.400338,0.669834,26.966628,26.979077,21.245646,2.302148,0.081410,0.756171,0.091985,,0.000000,,58.369844,81.159420,51.011473,0.049531,0.086717,-0.037186,18.670146,24.990371,19.592942,0.310209,0.826412,0.807663,0.010114,0.586844,0.000000,,356.250000,27.906977,1.420531,1.364374
2025-12-29T03:45:00Z,0.968733,no_impulse,0,RECLTD,1h,1.000000,84.782609,1.654646,7.000000,0.236378,0.217832,1.666865,1.222383,1.914274,0.000000,40.350877,0.000000,1.000000,75.024493,98.098859,84.847768,0.000000,1.120670,1.113662,0.007008,40.793947,42.535081,13.409472,2.173063,3.585297,2.569958,0.890595,0.056871,4.980341,14.000000,356.250000,0.355739,1.000000,75.024493,98.098859,84.847768,0.000000,1.120670,1.113662,0.007008,40.793947,42.535081,13.409472,2.173063,3.585297,2.569958,0.890595,0.056871,1.378716,0.000000,27.906977,0.000000,7.000000,72.395569,97.863248,87.408317,0.000000,0.609531,0.381622,0.227909,27.020059,37.158056,15.104116,1.786766,1.992155,-0.672605,0.951345,0.040308,5.197160,21.000000,139.271255,0.247484,7.000000,72.395569,97.863248,87.408317,0.000000,0.609531,0.381622,0.227909,27.020059,37.158056,15.104116,1.786766,1.992155,-0.672605,0.951345,0.040308,3.597437,16.000000,187.121212,0.224840,4.000000,28.315430,20.958084,16.351107,0.000000,-0.734344,-0.690463,-0.043880,35.069186,12.034247,35.145463,-1.116150,-2.361666,-5.943208,0.218962,0.039277,1.960202,5.000000,65.346535,0.392040,3.000000,47.377606,57.425743,52.145215,1.000000,-0.243649,-0.253017,0.009368,24.179719,19.595994,26.555018,-0.085658,-0.813902,-3.769032,0.447264,0.016229,2.912341,7.000000,154.198473,0.416049,4.000000,37.933194,33.663366,54.732572,0.000000,-0.205917,-0.243051,0.037134,24.082228,15.666220,34.182928,-1.013864,-1.766904,-4.710243,-0.205257,0.014232,1.925055,7.000000,84.516129,0.275008,3.000000,45.373427,46.564885,49.285069,0.000000,-0.292883,-0.404109,0.111226,31.651534,19.196765,20.236703,-0.172688,-1.088015,-4.005927,0.348327,0.011366,2.227011,7.000000,67.391304,0.318144,2.000000,3.417533,7.000000,64.606742,0.488219,3.000000,5.023991,9.000000,291.803279,0.558221,4.000000,1.751867,4.000000,95.312500,0.437967,3.000000,1.804851,7.000000,116.363636,0.257836,4.000000,1.575480,6.000000,51.401869,0.262580,3.000000,2.973874,5.000000,225.263158,0.594775,4.000000,1.337840,4.000000,51.075269,0.334460,3.000000,2.552491,18.000000,111.377246,0.141805,8.000000,2.345506,3.000000,160.576923,0.781835,1.000000,1.439646,0.000000,47.706422,0.000000,3.000000,3.111619,9.000000,79.853480,0.345735,3.000000,3.000000,1.000000,21.000000,-1.000000,,,,55.994054,84.745763,86.909760,-0.496421,-1.223174,0.726753,25.816366,25.220302,20.277853,1.797316,-0.231939,0.708501,0.087780,,0.000000,,56.813979,74.285714,51.069477,0.030783,0.087503,-0.056720,20.421980,26.862327,19.166216,0.212878,0.575010,0.742049,0.008814,0.560705,0.833333,,356.250000,27.906977,1.329401,0.769269
2025-12-30T08:45:00Z,0.943396,no_impulse,0,RECLTD,1h,-1.000000,160.683761,2.615470,12.000000,0.217956,-0.773805,-0.073085,-0.209441,1.654646,7.000000,84.782609,0.236378,3.000000,57.759008,31.884058,45.169082,1.000000,0.838255,1.013649,-0.175394,39.537081,33.264868,16.189087,0.217832,1.666865,1.222383,0.614308,0.019098,1.914274,0.000000,40.350877,0.000000,1.000000,75.024493,98.098859,84.847768,0.000000,1.120670,1.113662,0.007008,40.793947,42.535081,13.409472,2.173063,3.585297,2.569958,0.890595,0.056871,4.980341,14.000000,356.250000,0.355739,1.000000,75.024493,98.098859,84.847768,0.000000,1.120670,1.113662,0.007008,40.793947,42.535081,13.409472,2.173063,3.585297,2.569958,0.890595,0.056871,1.378716,0.000000,27.906977,0.000000,7.000000,72.395569,97.863248,87.408317,0.000000,0.609531,0.381622,0.227909,27.020059,37.158056,15.104116,1.786766,1.992155,-0.672605,0.951345,0.040308,5.197160,21.000000,139.271255,0.247484,7.000000,72.395569,97.863248,87.408317,0.000000,0.609531,0.381622,0.227909,27.020059,37.158056,15.104116,1.786766,1.992155,-0.672605,0.951345,0.040308,3.597437,16.000000,187.121212,0.224840,4.000000,28.315430,20.958084,16.351107,0.000000,-0.734344,-0.690463,-0.043880,35.069186,12.034247,35.145463,-1.116150,-2.361666,-5.943208,0.218962,0.039277,1.960202,5.000000,65.346535,0.392040,3.000000,47.377606,57.425743,52.145215,1.000000,-0.243649,-0.253017,0.009368,24.179719,19.595994,26.555018,-0.085658,-0.813902,-3.769032,0.447264,0.016229,2.912341,7.000000,154.198473,0.416049,4.000000,37.933194,33.663366,54.732572,0.000000,-0.205917,-0.243051,0.037134,24.082228,15.666220,34.182928,-1.013864,-1.766904,-4.710243,-0.205257,0.014232,1.925055,7.000000,84.516129,0.275008,3.000000,2.227011,7.000000,67.391304,0.318144,2.000000,3.417533,7.000000,64.606742,0.488219,3.000000,5.023991,9.000000,291.803279,0.558221,4.000000,1.751867,4.000000,95.312500,0.437967,3.000000,1.804851,7.000000,116.363636,0.257836,4.000000,1.575480,6.000000,51.401869,0.262580,3.000000,2.973874,5.000000,225.263158,0.594775,4.000000,1.337840,4.000000,51.075269,0.334460,3.000000,2.552491,18.000000,111.377246,0.141805,8.000000,2.345506,3.000000,160.576923,0.781835,1.000000,1.439646,0.000000,47.706422,0.000000,3.000000,4.000000,2.000000,33.000000,-1.000000,,,,56.016384,83.252818,79.106872,-0.211639,-0.888337,0.676698,23.562004,27.278409,19.928830,1.793191,0.063340,0.720032,0.082985,,0.000000,,30.629271,4.615385,11.563524,-0.282003,-0.250721,-0.031283,37.788874,9.574233,27.990856,-0.527505,-0.906864,0.057516,0.011859,0.942607,1.428571,,356.250000,27.906977,1.376707,0.840362
2025-12-31T04:45:00Z,0.975741,no_impulse,0,RECLTD,1h,1.000000,127.659574,3.428571,3.000000,1.142857,1.442849,2.209551,2.223542,2.615470,12.000000,160.683761,0.217956,4.000000,39.927784,9.574468,5.823375,1.000000,-0.030153,0.251779,-0.281932,24.233281,19.659686,25.801426,-0.773805,-0.073085,-0.209441,0.248016,0.030473,1.654646,7.000000,84.782609,0.236378,3.000000,57.759008,31.884058,45.169082,1.000000,0.838255,1.013649,-0.175394,39.537081,33.264868,16.189087,0.217832,1.666865,1.222383,0.614308,0.019098,1.914274,0.000000,40.350877,0.000000,1.000000,75.024493,98.098859,84.847768,0.000000,1.120670,1.113662,0.007008,40.793947,42.535081,13.409472,2.173063,3.585297,2.569958,0.890595,0.056871,4.980341,14.000000,356.250000,0.355739,1.000000,75.024493,98.098859,84.847768,0.000000,1.120670,1.113662,0.007008,40.793947,42.535081,13.409472,2.173063,3.585297,2.569958,0.890595,0.056871,1.378716,0.000000,27.906977,0.000000,7.000000,72.395569,97.863248,87.408317,0.000000,0.609531,0.381622,0.227909,27.020059,37.158056,15.104116,1.786766,1.992155,-0.672605,0.951345,0.040308,5.197160,21.000000,139.271255,0.247484,7.000000,72.395569,97.863248,87.408317,0.000000,0.609531,0.381622,0.227909,27.020059,37.158056,15.104116,1.786766,1.992155,-0.672605,0.951345,0.040308,3.597437,16.000000,187.121212,0.224840,4.000000,28.315430,20.958084,16.351107,0.000000,-0.734344,-0.690463,-0.043880,35.069186,12.034247,35.145463,-1.116150,-2.361666,-5.943208,0.218962,0.039277,1.960202,5.000000,65.346535,0.392040,3.000000,47.377606,57.425743,52.145215,1.000000,-0.243649,-0.253017,0.009368,24.179719,19.595994,26.555018,-0.085658,-0.813902,-3.769032,0.447264,0.016229,2.912341,7.000000,154.198473,0.416049,4.000000,1.925055,7.000000,84.516129,0.275008,3.000000,2.227011,7.000000,67.391304,0.318144,2.000000,3.417533,7.000000,64.606742,0.488219,3.000000,5.023991,9.000000,291.803279,0.558221,4.000000,1.751867,4.000000,95.312500,0.437967,3.000000,1.804851,7.000000,116.363636,0.257836,4.000000,1.575480,6.000000,51.401869,0.262580,3.000000,2.973874,5.000000,225.263158,0.594775,4.000000,1.337840,4.000000,51.075269,0.334460,3.000000,2.552491,18.000000,111.377246,0.141805,8.000000,2.345506,3.000000,160.576923,0.781835,1.000000,7.000000,3.000000,36.000000,-1.000000,,,,56.016384,83.252818,79.106872,-0.211639,-0.888337,0.676698,23.562004,27.278409,19.928830,1.793191,0.063340,0.720032,0.082985,,0.000000,,73.370427,91.666667,91.627326,0.335739,0.021237,0.314502,39.532126,40.701488,8.434420,1.809163,1.884457,1.047465,0.033655,1.218587,0.337079,,356.250000,27.906977,1.364966,0.535157
2025-12-31T09:45:00Z,0.960647,no_impulse,0,RECLTD,1h,-1.000000,46.666667,1.546961,5.000000,0.309392,0.410603,1.252777,1.505060,3.428571,3.000000,127.659574,1.142857,7.000000,66.565269,81.666667,65.343638,0.000000,0.218946,0.177879,0.041067,25.407809,38.739295,16.568818,1.442849,2.209551,2.223542,0.975293,0.030801,2.615470,12.000000,160.683761,0.217956,4.000000,39.927784,9.574468,5.823375,1.000000,-0.030153,0.251779,-0.281932,24.233281,19.659686,25.801426,-0.773805,-0.073085,-0.209441,0.248016,0.030473,1.654646,7.000000,84.782609,0.236378,3.000000,57.759008,31.884058,45.169082,1.000000,0.838255,1.013649,-0.175394,39.537081,33.264868,16.189087,0.217832,1.666865,1.222383,0.614308,0.019098,1.914274,0.000000,40.350877,0.000000,1.000000,75.024493,98.098859,84.847768,0.000000,1.120670,1.113662,0.007008,40.793947,42.535081,13.409472,2.173063,3.585297,2.569958,0.890595,0.056871,4.980341,14.000000,356.250000,0.355739,1.000000,75.024493,98.098859,84.847768,0.000000,1.120670,1.113662,0.007008,40.793947,42.535081,13.409472,2.173063,3.585297,2.569958,0.890595,0.056871,1.378716,0.000000,27.906977,0.000000,7.000000,72.395569,97.863248,87.408317,0.000000,0.609531,0.381622,0.227909,27.020059,37.158056,15.104116,1.786766,1.992155,-0.672605,0.951345,0.040308,5.197160,21.000000,139.271255,0.247484,7.000000,72.395569,97.863248,87.408317,0.000000,0.609531,0.381622,0.227909,27.020059,37.158056,15.104116,1.786766,1.992155,-0.672605,0.951345,0.040308,3.597437,16.000000,187.121212,0.224840,4.000000,28.315430,20.958084,16.351107,0.000000,-0.734344,-0.690463,-0.043880,35.069186,12.034247,35.145463,-1.116150,-2.361666,-5.943208,0.218962,0.039277,1.960202,5.000000,65.346535,0.392040,3.000000,2.912341,7.000000,154.198473,0.416049,4.000000,1.925055,7.000000,84.516129,0.275008,3.000000,2.227011,7.000000,67.391304,0.318144,2.000000,3.417533,7.000000,64.606742,0.488219,3.000000,5.023991,9.000000,291.803279,0.558221,4.000000,1.751867,4.000000,95.312500,0.437967,3.000000,1.804851,7.000000,116.363636,0.257836,4.000000,1.575480,6.000000,51.401869,0.262580,3.000000,2.973874,5.000000,225.263158,0.594775,4.000000,1.337840,4.000000,51.075269,0.334460,3.000000,2.552491,18.000000,111.377246,0.141805,8.000000,2.000000,1.000000,5.000000,-1.000000,,,,64.754703,97.609562,83.394805,0.181604,-0.653281,0.834886,23.788633,30.544126,17.657511,4.256368,2.907175,0.956775,0.097326,,0.000000,,49.710600,26.829268,21.336252,0.107566,0.236311,-0.128745,27.949626,16.943187,18.965684,-0.102695,0.223467,0.422273,0.013199,0.521932,0.588235,,356.250000,27.906977,1.338777,0.930543
2026-01-02T03:45:00Z,1.023585,no_impulse,0,RECLTD,1h,1.000000,416.964286,6.551627,8.000000,0.818953,4.527311,5.981837,6.915455,1.546961,5.000000,46.666667,0.309392,2.000000,56.763165,62.500000,63.472222,1.000000,0.357889,0.302494,0.055395,25.862799,29.832516,20.984318,0.410603,1.252777,1.505060,0.622389,0.033687,3.428571,3.000000,127.659574,1.142857,7.000000,66.565269,81.666667,65.343638,0.000000,0.218946,0.177879,0.041067,25.407809,38.739295,16.568818,1.442849,2.209551,2.223542,0.975293,0.030801,2.615470,12.000000,160.683761,0.217956,4.000000,39.927784,9.574468,5.823375,1.000000,-0.030153,0.251779,-0.281932,24.233281,19.659686,25.801426,-0.773805,-0.073085,-0.209441,0.248016,0.030473,1.654646,7.000000,84.782609,0.236378,3.000000,57.759008,31.884058,45.169082,1.000000,0.838255,1.013649,-0.175394,39.537081,33.264868,16.189087,0.217832,1.666865,1.222383,0.614308,0.019098,1.914274,0.000000,40.350877,0.000000,1.000000,75.024493,98.098859,84.847768,0.000000,1.120670,1.113662,0.007008,40.793947,42.535081,13.409472,2.173063,3.585297,2.569958,0.890595,0.056871,4.980341,14.000000,356.250000,0.355739,1.000000,75.024493,98.098859,84.847768,0.000000,1.120670,1.113662,0.007008,40.793947,42.535081,13.409472,2.173063,3.585297,2.569958,0.890595,0.056871,1.378716,0.000000,27.906977,0.000000,7.000000,72.395569,97.863248,87.408317,0.000000,0.609531,0.381622,0.227909,27.020059,37.158056,15.104116,1.786766,1.992155,-0.672605,0.951345,0.040308,5.197160,21.000000,139.271255,0.247484,7.000000,72.395569,97.863248,87.408317,0.000000,0.609531,0.381622,0.227909,27.020059,37.158056,15.104116,1.786766,1.992155,-0.672605,0.951345,0.040308,3.597437,16.000000,187.121212,0.224840,4.000000,1.960202,5.000000,65.346535,0.392040,3.000000,2.912341,7.000000,154.198473,0.416049,4.000000,1.925055,7.000000,84.516129,0.275008,3.000000,2.227011,7.000000,67.391304,0.318144,2.000000,3.417533,7.000000,64.606742,0.488219,3.000000,5.023991,9.000000,291.803279,0.558221,4.000000,1.751867,4.000000,95.312500,0.437967,3.000000,1.804851,7.000000,116.363636,0.257836,4.000000,1.575480,6.000000,51.401869,0.262580,3.000000,2.973874,5.000000,225.263158,0.594775,4.000000,1.337840,4.000000,51.075269,0.334460,3.000000,1.000000,2.000000,13.000000,-1.000000,,,,71.898044,93.685203,91.515861,0.737684,-0.357308,1.094992,25.304400,39.812513,15.097752,6.798054,5.966803,1.079523,0.125860,,0.000000,,84.993331,97.039474,95.299304,0.732566,0.524120,0.208446,48.378688,58.938883,5.312409,2.762005,3.717597,1.235950,0.038596,2.317210,0.963855,,356.250000,27.906977,1.412232,0.887913
2026-01-02T03:45:00Z,0.995957,no_impulse,0,RECLTD,1h,-1.000000,43.897216,2.699144,0.000000,0.000000,4.527311,5.981837,6.915455,6.551627,8.000000,416.964286,0.818953,1.000000,84.827151,98.715203,98.050473,1.000000,1.147831,0.701796,0.446034,38.368665,58.991506,8.943746,4.527311,5.981837,6.915455,1.125110,0.075859,1.546961,5.000000,46.666667,0.309392,2.000000,56.763165,62.500000,63.472222,1.000000,0.357889,0.302494,0.055395,25.862799,29.832516,20.984318,0.410603,1.252777,1.505060,0.622389,0.033687,3.428571,3.000000,127.659574,1.142857,7.000000,66.565269,81.666667,65.343638,0.000000,0.218946,0.177879,0.041067,25.407809,38.739295,16.568818,1.442849,2.209551,2.223542,0.975293,0.030801,2.615470,12.000000,160.683761,0.217956,4.000000,39.927784,9.574468,5.823375,1.000000,-0.030153,0.251779,-0.281932,24.233281,19.659686,25.801426,-0.773805,-0.073085,-0.209441,0.248016,0.030473,1.654646,7.000000,84.782609,0.236378,3.000000,57.759008,31.884058,45.169082,1.000000,0.838255,1.013649,-0.175394,39.537081,33.264868,16.189087,0.217832,1.666865,1.222383,0.614308,0.019098,1.914274,0.000000,40.350877,0.000000,1.000000,75.024493,98.098859,84.847768,0.000000,1.120670,1.113662,0.007008,40.793947,42.535081,13.409472,2.173063,3.585297,2.569958,0.890595,0.056871,4.980341,14.000000,356.250000,0.355739,1.000000,75.024493,98.098859,84.847768,0.000000,1.120670,1.113662,0.007008,40.793947,42.535081,13.409472,2.173063,3.585297,2.569958,0.890595,0.056871,1.378716,0.000000,27.906977,0.000000,7.000000,72.395569,97.863248,87.408317,0.000000,0.609531,0.381622,0.227909,27.020059,37.158056,15.104116,1.786766,1.992155,-0.672605,0.951345,0.040308,5.197160,21.000000,139.271255,0.247484,7.000000,3.597437,16.000000,187.121212,0.224840,4.000000,1.960202,5.000000,65.346535,0.392040,3.000000,2.912341,7.000000,154.198473,0.416049,4.000000,1.925055,7.000000,84.516129,0.275008,3.000000,2.227011,7.000000,67.391304,0.318144,2.000000,3.417533,7.000000,64.606742,0.488219,3.000000,5.023991,9.000000,291.803279,0.558221,4.000000,1.751867,4.000000,95.312500,0.437967,3.000000,1.804851,7.000000,116.363636,0.257836,4.000000,1.575480,6.000000,51.401869,0.262580,3.000000,2.973874,5.000000,225.263158,0.594775,4.000000,1.000000,3.000000,13.000000,-1.000000,,,,71.898044,93.685203,91.515861,0.737684,-0.357308,1.094992,25.304400,39.812513,15.097752,6.798054,5.966803,1.079523,0.125860,,0.000000,,84.993331,97.039474,95.299304,0.732566,0.524120,0.208446,48.378688,58.938883,5.312409,2.762005,3.717597,1.235950,0.038596,0.821277,0.000000,,416.964286,27.906977,1.793801,1.863912
2026-01-05T03:45:00Z,1.042318,no_impulse,0,RECLTD,1h,1.000000,167.804878,4.654939,7.000000,0.664991,2.150598,4.552711,6.571081,2.699144,0.000000,43.897216,0.000000,1.000000,84.827151,98.715203,98.050473,0.000000,1.147831,0.701796,0.446034,38.368665,58.991506,8.943746,4.527311,5.981837,6.915455,1.125110,0.075859,6.551627,8.000000,416.964286,0.818953,1.000000,84.827151,98.715203,98.050473,1.000000,1.147831,0.701796,0.446034,38.368665,58.991506,8.943746,4.527311,5.981837,6.915455,1.125110,0.075859,1.546961,5.000000,46.666667,0.309392,2.000000,56.763165,62.500000,63.472222,1.000000,0.357889,0.302494,0.055395,25.862799,29.832516,20.984318,0.410603,1.252777,1.505060,0.622389,0.033687,3.428571,3.000000,127.659574,1.142857,7.000000,66.565269,81.666667,65.343638,0.000000,0.218946,0.177879,0.041067,25.407809,38.739295,16.568818,1.442849,2.209551,2.223542,0.975293,0.030801,2.615470,12.000000,160.683761,0.217956,4.000000,39.927784,9.574468,5.823375,1.000000,-0.030153,0.251779,-0.281932,24.233281,19.659686,25.801426,-0.773805,-0.073085,-0.209441,0.248016,0.030473,1.654646,7.000000,84.782609,0.236378,3.000000,57.759008,31.884058,45.169082,1.000000,0.838255,1.013649,-0.175394,39.537081,33.264868,16.189087,0.217832,1.666865,1.222383,0.614308,0.019098,1.914274,0.000000,40.350877,0.000000,1.000000,75.024493,98.098859,84.847768,0.000000,1.120670,1.113662,0.007008,40.793947,42.535081,13.409472,2.173063,3.585297,2.569958,0.890595,0.056871,4.980341,14.000000,356.250000,0.355739,1.000000,75.024493,98.098859,84.847768,0.000000,1.120670,1.113662,0.007008,40.793947,42.535081,13.409472,2.173063,3.585297,2.569958,0.890595,0.056871,1.378716,0.000000,27.906977,0.000000,7.000000,5.197160,21.000000,139.271255,0.247484,7.000000,3.597437,16.000000,187.121212,0.224840,4.000000,1.960202,5.000000,65.346535,0.392040,3.000000,2.912341,7.000000,154.198473,0.416049,4.000000,1.925055,7.000000,84.516129,0.275008,3.000000,2.227011,7.000000,67.391304,0.318144,2.000000,3.417533,7.000000,64.606742,0.488219,3.000000,5.023991,9.000000,291.803279,0.558221,4.000000,1.751867,4.000000,95.312500,0.437967,3.000000,1.804851,7.000000,116.363636,0.257836,4.000000,1.575480,6.000000,51.401869,0.262580,3.000000,1.000000,4.000000,20.000000,-1.000000,,,,72.062848,89.775785,93.690183,1.176047,-0.050375,1.226421,26.888563,38.982236,13.881241,6.228085,5.815806,0.951178,0.147209,,0.000000,,51.986500,2.631579,28.085577,0.562963,0.810509,-0.247546,48.789122,38.569514,14.850047,-0.243788,1.312495,0.230809,0.009034,1.456174,1.000000,7.000000,416.964286,27.906977,1.798986,1.402542
2026-01-05T03:45:00Z,1.017655,no_impulse,0,RECLTD,1h,-1.000000,53.197674,2.366175,0.000000,0.000000,2.150598,4.552711,6.571081,4.654939,7.000000,167.804878,0.664991,1.000000,74.900336,75.868373,85.179366,1.000000,1.822170,1.556783,0.265387,52.718622,48.719310,8.095901,2.150598,4.552711,6.571081,0.704912,0.107259,2.699144,0.000000,43.897216,0.000000,1.000000,84.827151,98.715203,98.050473,0.000000,1.147831,0.701796,0.446034,38.368665,58.991506,8.943746,4.527311,5.981837,6.915455,1.125110,0.075859,6.551627,8.000000,416.964286,0.818953,1.000000,84.827151,98.715203,98.050473,1.000000,1.147831,0.701796,0.446034,38.368665,58.991506,8.943746,4.527311,5.981837,6.915455,1.125110,0.075859,1.546961,5.000000,46.666667,0.309392,2.000000,56.763165,62.500000,63.472222,1.000000,0.357889,0.302494,0.055395,25.862799,29.832516,20.984318,0.410603,1.252777,1.505060,0.622389,0.033687,3.428571,3.000000,127.659574,1.142857,7.000000,66.565269,81.666667,65.343638,0.000000,0.218946,0.177879,0.041067,25.407809,38.739295,16.568818,1.442849,2.209551,2.223542,0.975293,0.030801,2.615470,12.000000,160.683761,0.217956,4.000000,39.927784,9.574468,5.823375,1.000000,-0.030153,0.251779,-0.281932,24.233281,19.659686,25.801426,-0.773805,-0.073085,-0.209441,0.248016,0.030473,1.654646,7.000000,84.782609,0.236378,3.000000,57.759008,31.884058,45.169082,1.000000,0.838255,1.013649,-0.175394,39.537081,33.264868,16.189087,0.217832,1.666865,1.222383,0.614308,0.019098,1.914274,0.000000,40.350877,0.000000,1.000000,75.024493,98.098859,84.847768,0.000000,1.120670,1.113662,0.007008,40.793947,42.535081,13.409472,2.173063,3.585297,2.569958,0.890595,0.056871,4.980341,14.000000,356.250000,0.355739,1.000000,1.378716,0.000000,27.906977,0.000000,7.000000,5.197160,21.000000,139.271255,0.247484,7.000000,3.597437,16.000000,187.121212,0.224840,4.000000,1.960202,5.000000,65.346535,0.392040,3.000000,2.912341,7.000000,154.198473,0.416049,4.000000,1.925055,7.000000,84.516129,0.275008,3.000000,2.227011,7.000000,67.391304,0.318144,2.000000,3.417533,7.000000,64.606742,0.488219,3.000000,5.023991,9.000000,291.803279,0.558221,4.000000,1.751867,4.000000,95.312500,0.437967,3.000000,1.804851,7.000000,116.363636,0.257836,4.000000,1.000000,5.000000,20.000000,-1.000000,,,,72.062848,89.775785,93.690183,1.176047,-0.050375,1.226421,26.888563,38.982236,13.881241,6.228085,5.815806,0.951178,0.147209,,0.000000,,51.986500,2.631579,28.085577,0.562963,0.810509,-0.247546,48.789122,38.569514,14.850047,-0.243788,1.312495,0.230809,0.009034,0.752967,0.000000,7.000000,416.964286,27.906977,1.739169,1.831867
2026-01-06T03:45:00Z,1.045283,no_impulse,0,RECLTD,1h,1.000000,112.021858,2.714872,7.000000,0.387839,1.948473,4.420306,7.158007,2.366175,0.000000,53.197674,0.000000,1.000000,74.900336,75.868373,85.179366,0.000000,1.822170,1.556783,0.265387,52.718622,48.719310,8.095901,2.150598,4.552711,6.571081,0.704912,0.107259,4.654939,7.000000,167.804878,0.664991,1.000000,74.900336,75.868373,85.179366,1.000000,1.822170,1.556783,0.265387,52.718622,48.719310,8.095901,2.150598,4.552711,6.571081,0.704912,0.107259,2.699144,0.000000,43.897216,0.000000,1.000000,84.827151,98.715203,98.050473,0.000000,1.147831,0.701796,0.446034,38.368665,58.991506,8.943746,4.527311,5.981837,6.915455,1.125110,0.075859,6.551627,8.000000,416.964286,0.818953,1.000000,84.827151,98.715203,98.050473,1.000000,1.147831,0.701796,0.446034,38.368665,58.991506,8.943746,4.527311,5.981837,6.915455,1.125110,0.075859,1.546961,5.000000,46.666667,0.309392,2.000000,56.763165,62.500000,63.472222,1.000000,0.357889,0.302494,0.055395,25.862799,29.832516,20.984318,0.410603,1.252777,1.505060,0.622389,0.033687,3.428571,3.000000,127.659574,1.142857,7.000000,66.565269,81.666667,65.343638,0.000000,0.218946,0.177879,0.041067,25.407809,38.739295,16.568818,1.442849,2.209551,2.223542,0.975293,0.030801,2.615470,12.000000,160.683761,0.217956,4.000000,39.927784,9.574468,5.823375,1.000000,-0.030153,0.251779,-0.281932,24.233281,19.659686,25.801426,-0.773805,-0.073085,-0.209441,0.248016,0.030473,1.654646,7.000000,84.782609,0.236378,3.000000,57.759008,31.884058,45.169082,1.000000,0.838255,1.013649,-0.175394,39.537081,33.264868,16.189087,0.217832,1.666865,1.222383,0.614308,0.019098,1.914274,0.000000,40.350877,0.000000,1.000000,4.980341,14.000000,356.250000,0.355739,1.000000,1.378716,0.000000,27.906977,0.000000,7.000000,5.197160,21.000000,139.271255,0.247484,7.000000,3.597437,16.000000,187.121212,0.224840,4.000000,1.960202,5.000000,65.346535,0.392040,3.000000,2.912341,7.000000,154.198473,0.416049,4.000000,1.925055,7.000000,84.516129,0.275008,3.000000,2.227011,7.000000,67.391304,0.318144,2.000000,3.417533,7.000000,64.606742,0.488219,3.000000,5.023991,9.000000,291.803279,0.558221,4.000000,1.751867,4.000000,95.312500,0.437967,3.000000,1.000000,6.000000,27.000000,-1.000000,,,,72.965329,91.292876,91.584621,1.537889,0.267473,1.270416,28.432163,36.813515,12.767319,6.044902,6.025002,0.891530,0.164325,,0.000000,,54.787189,58.928571,46.859983,0.073883,0.119695,-0.045812,24.722195,19.919968,23.445378,0.205724,0.850026,0.675745,0.011730,0.837609,1.250000,14.000000,416.964286,40.350877,1.653840,0.843248
2026-01-06T08:45:00Z,1.021968,no_impulse,0,RECLTD,1h,-1.000000,84.390244,2.230531,5.000000,0.446106,0.972506,3.309167,6.444328,2.714872,7.000000,112.021858,0.387839,1.000000,72.076450,67.317073,68.149751,0.000000,1.459324,1.563269,-0.103945,56.609455,42.656625,9.178368,1.948473,4.420306,7.158007,0.759750,0.076504,2.366175,0.000000,53.197674,0.000000,1.000000,74.900336,75.868373,85.179366,0.000000,1.822170,1.556783,0.265387,52.718622,48.719310,8.095901,2.150598,4.552711,6.571081,0.704912,0.107259,4.654939,7.000000,167.804878,0.664991,1.000000,74.900336,75.868373,85.179366,1.000000,1.822170,1.556783,0.265387,52.718622,48.719310,8.095901,2.150598,4.552711,6.571081,0.704912,0.107259,2.699144,0.000000,43.897216,0.000000,1.000000,84.827151,98.715203,98.050473,0.000000,1.147831,0.701796,0.446034,38.368665,58.991506,8.943746,4.527311,5.981837,6.915455,1.125110,0.075859,6.551627,8.000000,416.964286,0.818953,1.000000,84.827151,98.715203,98.050473,1.000000,1.147831,0.701796,0.446034,38.368665,58.991506,8.943746,4.527311,5.981837,6.915455,1.125110,0.075859,1.546961,5.000000,46.666667,0.309392,2.000000,56.763165,62.500000,63.472222,1.000000,0.357889,0.302494,0.055395,25.862799,29.832516,20.984318,0.410603,1.252777,1.505060,0.622389,0.033687,3.428571,3.000000,127.659574,1.142857,7.000000,66.565269,81.666667,65.343638,0.000000,0.218946,0.177879,0.041067,25.407809,38.739295,16.568818,1.442849,2.209551,2.223542,0.975293,0.030801,2.615470,12.000000,160.683761,0.217956,4.000000,39.927784,9.574468,5.823375,1.000000,-0.030153,0.251779,-0.281932,24.233281,19.659686,25.801426,-0.773805,-0.073085,-0.209441,0.248016,0.030473,1.654646,7.000000,84.782609,0.236378,3.000000,1.914274,0.000000,40.350877,0.000000,1.000000,4.980341,14.000000,356.250000,0.355739,1.000000,1.378716,0.000000,27.906977,0.000000,7.000000,5.197160,21.000000,139.271255,0.247484,7.000000,3.597437,16.000000,187.121212,0.224840,4.000000,1.960202,5.000000,65.346535,0.392040,3.000000,2.912341,7.000000,154.198473,0.416049,4.000000,1.925055,7.000000,84.516129,0.275008,3.000000,2.227011,7.000000,67.391304,0.318144,2.000000,3.417533,7.000000,64.606742,0.488219,3.000000,5.023991,9.000000,291.803279,0.558221,4.000000,2.000000,7.000000,32.000000,-1.000000,,,,74.132758,95.514512,92.194391,1.846740,0.581993,1.264747,29.865507,34.958187,12.123871,5.998767,6.351207,0.856164,0.179175,,0.000000,,38.497780,9.195402,17.721286,-0.042347,0.070407,-0.112754,13.556869,17.319529,28.951784,-0.611758,-0.265266,0.086202,0.014694,0.739893,1.020408,19.000000,416.964286,40.350877,1.540415,0.901670
2026-01-08T03:45:00Z,1.044340,no_impulse,0,RECLTD,1h,1.000000,95.953757,2.189107,9.000000,0.243234,0.280557,2.305942,5.966905,2.230531,5.000000,84.390244,0.446106,2.000000,63.527853,51.707317,45.365854,1.000000,1.137859,1.353166,-0.215307,53.828790,31.468872,16.430891,0.972506,3.309167,6.444328,1.230397,0.013446,2.714872,7.000000,112.021858,0.387839,1.000000,72.076450,67.317073,68.149751,0.000000,1.459324,1.563269,-0.103945,56.609455,42.656625,9.178368,1.948473,4.420306,7.158007,0.759750,0.076504,2.366175,0.000000,53.197674,0.000000,1.000000,74.900336,75.868373,85.179366,0.000000,1.822170,1.556783,0.265387,52.718622,48.719310,8.095901,2.150598,4.552711,6.571081,0.704912,0.107259,4.654939,7.000000,167.804878,0.664991,1.000000,74.900336,75.868373,85.179366,1.000000,1.822170,1.556783,0.265387,52.718622,48.719310,8.095901,2.150598,4.552711,6.571081,0.704912,0.107259,2.699144,0.000000,43.897216,0.000000,1.000000,84.827151,98.715203,98.050473,0.000000,1.147831,0.701796,0.446034,38.368665,58.991506,8.943746,4.527311,5.981837,6.915455,1.125110,0.075859,6.551627,8.000000,416.964286,0.818953,1.000000,84.827151,98.715203,98.050473,1.000000,1.147831,0.701796,0.446034,38.368665,58.991506,8.943746,4.527311,5.981837,6.915455,1.125110,0.075859,1.546961,5.000000,46.666667,0.309392,2.000000,56.763165,62.500000,63.472222,1.000000,0.357889,0.302494,0.055395,25.862799,29.832516,20.984318,0.410603,1.252777,1.505060,0.622389,0.033687,3.428571,3.000000,127.659574,1.142857,7.000000,66.565269,81.666667,65.343638,0.000000,0.218946,0.177879,0.041067,25.407809,38.739295,16.568818,1.442849,2.209551,2.223542,0.975293,0.030801,2.615470,12.000000,160.683761,0.217956,4.000000,1.654646,7.000000,84.782609,0.236378,3.000000,1.914274,0.000000,40.350877,0.000000,1.000000,4.980341,14.000000,356.250000,0.355739,1.000000,1.378716,0.000000,27.906977,0.000000,7.000000,5.197160,21.000000,139.271255,0.247484,7.000000,3.597437,16.000000,187.121212,0.224840,4.000000,1.960202,5.000000,65.346535,0.392040,3.000000,2.912341,7.000000,154.198473,0.416049,4.000000,1.925055,7.000000,84.516129,0.275008,3.000000,2.227011,7.000000,67.391304,0.318144,2.000000,3.417533,7.000000,64.606742,0.488219,3.000000,3.000000,1.000000,41.000000,-1.000000,,,,58.447305,68.062317,84.956568,1.855084,0.853974,1.001110,29.068563,29.755901,20.376908,2.255875,2.746805,0.627917,0.180424,,0.000000,,49.128905,35.593220,68.952529,0.074278,0.065159,0.009119,14.379168,28.284379,15.930696,-0.086766,0.154830,0.409401,0.009569,0.718613,1.666667,28.000000,416.964286,43.897216,1.518402,0.525797
2026-01-09T03:45:00Z,0.984501,no_impulse,0,RECLTD,1h,-1.000000,267.469880,5.729772,7.000000,0.818539,-1.902351,-0.988922,2.481600,2.189107,9.000000,95.953757,0.243234,3.000000,57.727612,50.000000,65.036232,1.000000,0.775593,0.958634,-0.183041,44.288583,25.793682,19.687835,0.280557,2.305942,5.966905,0.664783,0.017074,2.230531,5.000000,84.390244,0.446106,2.000000,63.527853,51.707317,45.365854,1.000000,1.137859,1.353166,-0.215307,53.828790,31.468872,16.430891,0.972506,3.309167,6.444328,1.230397,0.013446,2.714872,7.000000,112.021858,0.387839,1.000000,72.076450,67.317073,68.149751,0.000000,1.459324,1.563269,-0.103945,56.609455,42.656625,9.178368,1.948473,4.420306,7.158007,0.759750,0.076504,2.366175,0.000000,53.197674,0.000000,1.000000,74.900336,75.868373,85.179366,0.000000,1.822170,1.556783,0.265387,52.718622,48.719310,8.095901,2.150598,4.552711,6.571081,0.704912,0.107259,4.654939,7.000000,167.804878,0.664991,1.000000,74.900336,75.868373,85.179366,1.000000,1.822170,1.556783,0.265387,52.718622,48.719310,8.095901,2.150598,4.552711,6.571081,0.704912,0.107259,2.699144,0.000000,43.897216,0.000000,1.000000,84.827151,98.715203,98.050473,0.000000,1.147831,0.701796,0.446034,38.368665,58.991506,8.943746,4.527311,5.981837,6.915455,1.125110,0.075859,6.551627,8.000000,416.964286,0.818953,1.000000,84.827151,98.715203,98.050473,1.000000,1.147831,0.701796,0.446034,38.368665,58.991506,8.943746,4.527311,5.981837,6.915455,1.125110,0.075859,1.546961,5.000000,46.666667,0.309392,2.000000,56.763165,62.500000,63.472222,1.000000,0.357889,0.302494,0.055395,25.862799,29.832516,20.984318,0.410603,1.252777,1.505060,0.622389,0.033687,3.428571,3.000000,127.659574,1.142857,7.000000,2.615470,12.000000,160.683761,0.217956,4.000000,1.654646,7.000000,84.782609,0.236378,3.000000,1.914274,0.000000,40.350877,0.000000,1.000000,4.980341,14.000000,356.250000,0.355739,1.000000,1.378716,0.000000,27.906977,0.000000,7.000000,5.197160,21.000000,139.271255,0.247484,7.000000,3.597437,16.000000,187.121212,0.224840,4.000000,1.960202,5.000000,65.346535,0.392040,3.000000,2.912341,7.000000,154.198473,0.416049,4.000000,1.925055,7.000000,84.516129,0.275008,3.000000,2.227011,7.000000,67.391304,0.318144,2.000000,4.000000,2.000000,48.000000,-1.000000,,,,51.799992,49.792531,71.123120,1.653722,1.028579,0.625142,27.370751,26.976623,24.261419,0.143906,0.634613,0.508068,0.178621,,0.000000,,28.167686,3.012048,10.195371,-0.745494,-0.662911,-0.082582,33.778532,10.661734,30.937736,-1.683092,-2.620631,-0.116958,0.026829,1.848468,1.250000,35.000000,416.964286,43.897216,1.472693,0.733984
2026-01-09T04:45:00Z,1.007278,no_impulse,0,RECLTD,1h,1.000000,38.063063,2.313484,1.000000,2.313484,-1.820820,-1.055008,2.352560,5.729772,7.000000,267.469880,0.818539,4.000000,33.290277,23.648649,11.220503,1.000000,-0.397867,0.157243,-0.555110,38.362568,12.908802,35.526248,-1.902351,-0.988922,2.481600,0.166511,0.055979,2.189107,9.000000,95.953757,0.243234,3.000000,57.727612,50.000000,65.036232,1.000000,0.775593,0.958634,-0.183041,44.288583,25.793682,19.687835,0.280557,2.305942,5.966905,0.664783,0.017074,2.230531,5.000000,84.390244,0.446106,2.000000,63.527853,51.707317,45.365854,1.000000,1.137859,1.353166,-0.215307,53.828790,31.468872,16.430891,0.972506,3.309167,6.444328,1.230397,0.013446,2.714872,7.000000,112.021858,0.387839,1.000000,72.076450,67.317073,68.149751,0.000000,1.459324,1.563269,-0.103945,56.609455,42.656625,9.178368,1.948473,4.420306,7.158007,0.759750,0.076504,2.366175,0.000000,53.197674,0.000000,1.000000,74.900336,75.868373,85.179366,0.000000,1.822170,1.556783,0.265387,52.718622,48.719310,8.095901,2.150598,4.552711,6.571081,0.704912,0.107259,4.654939,7.000000,167.804878,0.664991,1.000000,74.900336,75.868373,85.179366,1.000000,1.822170,1.556783,0.265387,52.718622,48.719310,8.095901,2.150598,4.552711,6.571081,0.704912,0.107259,2.699144,0.000000,43.897216,0.000000,1.000000,84.827151,98.715203,98.050473,0.000000,1.147831,0.701796,0.446034,38.368665,58.991506,8.943746,4.527311,5.981837,6.915455,1.125110,0.075859,6.551627,8.000000,416.964286,0.818953,1.000000,84.827151,98.715203,98.050473,1.000000,1.147831,0.701796,0.446034,38.368665,58.991506,8.943746,4.527311,5.981837,6.915455,1.125110,0.075859,1.546961,5.000000,46.666667,0.309392,2.000000,3.428571,3.000000,127.659574,1.142857,7.000000,2.615470,12.000000,160.683761,0.217956,4.000000,1.654646,7.000000,84.782609,0.236378,3.000000,1.914274,0.000000,40.350877,0.000000,1.000000,4.980341,14.000000,356.250000,0.355739,1.000000,1.378716,0.000000,27.906977,0.000000,7.000000,5.197160,21.000000,139.271255,0.247484,7.000000,3.597437,16.000000,187.121212,0.224840,4.000000,1.960202,5.000000,65.346535,0.392040,3.000000,2.912341,7.000000,154.198473,0.416049,4.000000,1.925055,7.000000,84.516129,0.275008,3.000000,3.000000,3.000000,49.000000,-1.000000,,,,51.799992,49.792531,71.123120,1.653722,1.028579,0.625142,27.370751,26.976623,24.261419,0.143906,0.634613,0.508068,0.178621,,0.000000,,45.849984,74.384236,60.892306,-0.651020,-0.694282,0.043261,33.812667,19.123825,26.904829,-0.112583,-1.086501,0.454610,0.024776,0.678208,0.196078,,416.964286,43.897216,1.674385,1.042463
2026-01-12T03:45:00Z,0.965364,no_impulse,0,RECLTD,1h,-1.000000,184.023669,4.161092,6.000000,0.693515,-1.341201,-1.479796,1.395848,2.313484,1.000000,38.063063,2.313484,3.000000,32.664157,21.846847,16.172491,0.000000,-0.497270,0.026476,-0.523746,38.701927,12.956192,32.594910,-1.820820,-1.055008,2.352560,0.202046,0.060018,5.729772,7.000000,267.469880,0.818539,4.000000,33.290277,23.648649,11.220503,1.000000,-0.397867,0.157243,-0.555110,38.362568,12.908802,35.526248,-1.902351,-0.988922,2.481600,0.166511,0.055979,2.189107,9.000000,95.953757,0.243234,3.000000,57.727612,50.000000,65.036232,1.000000,0.775593,0.958634,-0.183041,44.288583,25.793682,19.687835,0.280557,2.305942,5.966905,0.664783,0.017074,2.230531,5.000000,84.390244,0.446106,2.000000,63.527853,51.707317,45.365854,1.000000,1.137859,1.353166,-0.215307,53.828790,31.468872,16.430891,0.972506,3.309167,6.444328,1.230397,0.013446,2.714872,7.000000,112.021858,0.387839,1.000000,72.076450,67.317073,68.149751,0.000000,1.459324,1.563269,-0.103945,56.609455,42.656625,9.178368,1.948473,4.420306,7.158007,0.759750,0.076504,2.366175,0.000000,53.197674,0.000000,1.000000,74.900336,75.868373,85.179366,0.000000,1.822170,1.556783,0.265387,52.718622,48.719310,8.095901,2.150598,4.552711,6.571081,0.704912,0.107259,4.654939,7.000000,167.804878,0.664991,1.000000,74.900336,75.868373,85.179366,1.000000,1.822170,1.556783,0.265387,52.718622,48.719310,8.095901,2.150598,4.552711,6.571081,0.704912,0.107259,2.699144,0.000000,43.897216,0.000000,1.000000,84.827151,98.715203,98.050473,0.000000,1.147831,0.701796,0.446034,38.368665,58.991506,8.943746,4.527311,5.981837,6.915455,1.125110,0.075859,6.551627,8.000000,416.964286,0.818953,1.000000,1.546961,5.000000,46.666667,0.309392,2.000000,3.428571,3.000000,127.659574,1.142857,7.000000,2.615470,12.000000,160.683761,0.217956,4.000000,1.654646,7.000000,84.782609,0.236378,3.000000,1.914274,0.000000,40.350877,0.000000,1.000000,4.980341,14.000000,356.250000,0.355739,1.000000,1.378716,0.000000,27.906977,0.000000,7.000000,5.197160,21.000000,139.271255,0.247484,7.000000,3.597437,16.000000,187.121212,0.224840,4.000000,1.960202,5.000000,65.346535,0.392040,3.000000,2.912341,7.000000,154.198473,0.416049,4.000000,4.000000,4.000000,55.000000,-1.000000,,,,56.511845,61.079865,59.644905,1.567569,1.121053,0.446517,25.493575,24.208546,24.742246,1.812758,2.387685,0.603650,0.178121,,0.000000,,24.440913,1.415094,14.189343,-0.755018,-0.664950,-0.090068,31.468410,10.824549,35.508752,-2.167982,-3.451586,-0.203795,0.030151,1.261066,1.224490,,416.964286,38.063063,1.709853,1.399474
2026-01-13T03:45:00Z,1.005660,no_impulse,0,RECLTD,1h,1.000000,96.141479,4.174229,7.000000,0.596318,-0.661427,-0.961523,1.547621,4.161092,6.000000,184.023669,0.693515,4.000000,35.195811,33.659491,14.998944,0.000000,-1.026063,-0.681364,-0.344699,42.702859,14.717467,29.408256,-1.341201,-1.479796,1.395848,0.339049,0.082227,2.313484,1.000000,38.063063,2.313484,3.000000,32.664157,21.846847,16.172491,0.000000,-0.497270,0.026476,-0.523746,38.701927,12.956192,32.594910,-1.820820,-1.055008,2.352560,0.202046,0.060018,5.729772,7.000000,267.469880,0.818539,4.000000,33.290277,23.648649,11.220503,1.000000,-0.397867,0.157243,-0.555110,38.362568,12.908802,35.526248,-1.902351,-0.988922,2.481600,0.166511,0.055979,2.189107,9.000000,95.953757,0.243234,3.000000,57.727612,50.000000,65.036232,1.000000,0.775593,0.958634,-0.183041,44.288583,25.793682,19.687835,0.280557,2.305942,5.966905,0.664783,0.017074,2.230531,5.000000,84.390244,0.446106,2.000000,63.527853,51.707317,45.365854,1.000000,1.137859,1.353166,-0.215307,53.828790,31.468872,16.430891,0.972506,3.309167,6.444328,1.230397,0.013446,2.714872,7.000000,112.021858,0.387839,1.000000,72.076450,67.317073,68.149751,0.000000,1.459324,1.563269,-0.103945,56.609455,42.656625,9.178368,1.948473,4.420306,7.158007,0.759750,0.076504,2.366175,0.000000,53.197674,0.000000,1.000000,74.900336,75.868373,85.179366,0.000000,1.822170,1.556783,0.265387,52.718622,48.719310,8.095901,2.150598,4.552711,6.571081,0.704912,0.107259,4.654939,7.000000,167.804878,0.664991,1.000000,74.900336,75.868373,85.179366,1.000000,1.822170,1.556783,0.265387,52.718622,48.719310,8.095901,2.150598,4.552711,6.571081,0.704912,0.107259,2.699144,0.000000,43.897216,0.000000,1.000000,6.551627,8.000000,416.964286,0.818953,1.000000,1.546961,5.000000,46.666667,0.309392,2.000000,3.428571,3.000000,127.659574,1.142857,7.000000,2.615470,12.000000,160.683761,0.217956,4.000000,1.654646,7.000000,84.782609,0.236378,3.000000,1.914274,0.000000,40.350877,0.000000,1.000000,4.980341,14.000000,356.250000,0.355739,1.000000,1.378716,0.000000,27.906977,0.000000,7.000000,5.197160,21.000000,139.271255,0.247484,7.000000,3.597437,16.000000,187.121212,0.224840,4.000000,1.960202,5.000000,65.346535,0.392040,3.000000,3.000000,5.000000,62.000000,-1.000000,,,,53.569457,44.708995,51.860464,1.442845,1.194211,0.248634,23.791441,23.708146,22.932187,0.768460,1.373844,0.544384,0.174479,,0.000000,,54.893978,48.031496,72.780306,0.229275,0.165291,0.063984,15.311936,28.187273,16.561345,0.299717,0.175010,0.623550,0.024332,1.172182,1.400000,,416.964286,38.063063,1.608971,1.710607
2026-01-13T08:45:00Z,0.980054,no_impulse,0,RECLTD,1h,-1.000000,63.545151,2.546234,5.000000,0.509247,-0.602372,-1.111339,1.082627,4.174229,7.000000,96.141479,0.596318,3.000000,42.106460,62.057878,73.311897,1.000000,-0.589088,-0.711216,0.122127,35.758215,14.214388,29.759885,-0.661427,-0.961523,1.547621,0.318125,0.036128,4.161092,6.000000,184.023669,0.693515,4.000000,35.195811,33.659491,14.998944,0.000000,-1.026063,-0.681364,-0.344699,42.702859,14.717467,29.408256,-1.341201,-1.479796,1.395848,0.339049,0.082227,2.313484,1.000000,38.063063,2.313484,3.000000,32.664157,21.846847,16.172491,0.000000,-0.497270,0.026476,-0.523746,38.701927,12.956192,32.594910,-1.820820,-1.055008,2.352560,0.202046,0.060018,5.729772,7.000000,267.469880,0.818539,4.000000,33.290277,23.648649,11.220503,1.000000,-0.397867,0.157243,-0.555110,38.362568,12.908802,35.526248,-1.902351,-0.988922,2.481600,0.166511,0.055979,2.189107,9.000000,95.953757,0.243234,3.000000,57.727612,50.000000,65.036232,1.000000,0.775593,0.958634,-0.183041,44.288583,25.793682,19.687835,0.280557,2.305942,5.966905,0.664783,0.017074,2.230531,5.000000,84.390244,0.446106,2.000000,63.527853,51.707317,45.365854,1.000000,1.137859,1.353166,-0.215307,53.828790,31.468872,16.430891,0.972506,3.309167,6.444328,1.230397,0.013446,2.714872,7.000000,112.021858,0.387839,1.000000,72.076450,67.317073,68.149751,0.000000,1.459324,1.563269,-0.103945,56.609455,42.656625,9.178368,1.948473,4.420306,7.158007,0.759750,0.076504,2.366175,0.000000,53.197674,0.000000,1.000000,74.900336,75.868373,85.179366,0.000000,1.822170,1.556783,0.265387,52.718622,48.719310,8.095901,2.150598,4.552711,6.571081,0.704912,0.107259,4.654939,7.000000,167.804878,0.664991,1.000000,2.699144,0.000000,43.897216,0.000000,1.000000,6.551627,8.000000,416.964286,0.818953,1.000000,1.546961,5.000000,46.666667,0.309392,2.000000,3.428571,3.000000,127.659574,1.142857,7.000000,2.615470,12.000000,160.683761,0.217956,4.000000,1.654646,7.000000,84.782609,0.236378,3.000000,1.914274,0.000000,40.350877,0.000000,1.000000,4.980341,14.000000,356.250000,0.355739,1.000000,1.378716,0.000000,27.906977,0.000000,7.000000,5.197160,21.000000,139.271255,0.247484,7.000000,3.597437,16.000000,187.121212,0.224840,4.000000,2.000000,1.000000,67.000000,-1.000000,,,,55.642147,52.645503,52.811454,1.370652,1.221751,0.148901,22.210889,22.112722,21.388981,1.423424,2.088488,0.587634,0.164774,,0.000000,,38.430822,2.020202,18.032516,-0.202772,-0.137327,-0.065445,8.951415,19.214039,28.619786,-0.732291,-1.054404,-0.056229,0.013070,0.766169,1.020408,,267.469880,38.063063,1.254612,1.049204
2026-01-16T04:45:00Z,1.017520,no_impulse,0,RECLTD,1h,1.000000,146.315789,3.822882,10.000000,0.382288,0.974452,0.868296,2.842998,2.546234,5.000000,63.545151,0.509247,2.000000,41.685268,54.180602,50.055741,1.000000,-0.618777,-0.654492,0.035715,36.971150,10.259856,25.583698,-0.602372,-1.111339,1.082627,0.253722,0.024313,4.174229,7.000000,96.141479,0.596318,3.000000,42.106460,62.057878,73.311897,1.000000,-0.589088,-0.711216,0.122127,35.758215,14.214388,29.759885,-0.661427,-0.961523,1.547621,0.318125,0.036128,4.161092,6.000000,184.023669,0.693515,4.000000,35.195811,33.659491,14.998944,0.000000,-1.026063,-0.681364,-0.344699,42.702859,14.717467,29.408256,-1.341201,-1.479796,1.395848,0.339049,0.082227,2.313484,1.000000,38.063063,2.313484,3.000000,32.664157,21.846847,16.172491,0.000000,-0.497270,0.026476,-0.523746,38.701927,12.956192,32.594910,-1.820820,-1.055008,2.352560,0.202046,0.060018,5.729772,7.000000,267.469880,0.818539,4.000000,33.290277,23.648649,11.220503,1.000000,-0.397867,0.157243,-0.555110,38.362568,12.908802,35.526248,-1.902351,-0.988922,2.481600,0.166511,0.055979,2.189107,9.000000,95.953757,0.243234,3.000000,57.727612,50.000000,65.036232,1.000000,0.775593,0.958634,-0.183041,44.288583,25.793682,19.687835,0.280557,2.305942,5.966905,0.664783,0.017074,2.230531,5.000000,84.390244,0.446106,2.000000,63.527853,51.707317,45.365854,1.000000,1.137859,1.353166,-0.215307,53.828790,31.468872,16.430891,0.972506,3.309167,6.444328,1.230397,0.013446,2.714872,7.000000,112.021858,0.387839,1.000000,72.076450,67.317073,68.149751,0.000000,1.459324,1.563269,-0.103945,56.609455,42.656625,9.178368,1.948473,4.420306,7.158007,0.759750,0.076504,2.366175,0.000000,53.197674,0.000000,1.000000,4.654939,7.000000,167.804878,0.664991,1.000000,2.699144,0.000000,43.897216,0.000000,1.000000,6.551627,8.000000,416.964286,0.818953,1.000000,1.546961,5.000000,46.666667,0.309392,2.000000,3.428571,3.000000,127.659574,1.142857,7.000000,2.615470,12.000000,160.683761,0.217956,4.000000,1.654646,7.000000,84.782609,0.236378,3.000000,1.914274,0.000000,40.350877,0.000000,1.000000,4.980341,14.000000,356.250000,0.355739,1.000000,1.378716,0.000000,27.906977,0.000000,7.000000,5.197160,21.000000,139.271255,0.247484,7.000000,1.000000,2.000000,77.000000,-1.000000,,,,56.410514,55.555556,50.970018,1.327414,1.239986,0.087429,21.300468,24.302434,20.099765,1.552299,2.285505,0.604510,0.150874,,0.000000,,70.523244,97.692308,84.786325,0.270958,0.188687,0.082271,24.372078,36.647951,10.030666,1.118643,1.450746,1.285396,0.014404,1.155632,1.851852,,267.469880,38.063063,1.263961,1.063445
2026-01-21T04:45:00Z,0.946361,no_impulse,0,RECLTD,1h,-1.000000,189.928058,6.993377,21.000000,0.333018,-3.062503,-4.057181,-2.991834,3.822882,10.000000,146.315789,0.382288,1.000000,59.831633,72.661871,78.999996,1.000000,0.079024,-0.165756,0.244780,25.169557,28.569346,17.118028,0.974452,0.868296,2.842998,0.857325,0.027539,2.546234,5.000000,63.545151,0.509247,2.000000,41.685268,54.180602,50.055741,1.000000,-0.618777,-0.654492,0.035715,36.971150,10.259856,25.583698,-0.602372,-1.111339,1.082627,0.253722,0.024313,4.174229,7.000000,96.141479,0.596318,3.000000,42.106460,62.057878,73.311897,1.000000,-0.589088,-0.711216,0.122127,35.758215,14.214388,29.759885,-0.661427,-0.961523,1.547621,0.318125,0.036128,4.161092,6.000000,184.023669,0.693515,4.000000,35.195811,33.659491,14.998944,0.000000,-1.026063,-0.681364,-0.344699,42.702859,14.717467,29.408256,-1.341201,-1.479796,1.395848,0.339049,0.082227,2.313484,1.000000,38.063063,2.313484,3.000000,32.664157,21.846847,16.172491,0.000000,-0.497270,0.026476,-0.523746,38.701927,12.956192,32.594910,-1.820820,-1.055008,2.352560,0.202046,0.060018,5.729772,7.000000,267.469880,0.818539,4.000000,33.290277,23.648649,11.220503,1.000000,-0.397867,0.157243,-0.555110,38.362568,12.908802,35.526248,-1.902351,-0.988922,2.481600,0.166511,0.055979,2.189107,9.000000,95.953757,0.243234,3.000000,57.727612,50.000000,65.036232,1.000000,0.775593,0.958634,-0.183041,44.288583,25.793682,19.687835,0.280557,2.305942,5.966905,0.664783,0.017074,2.230531,5.000000,84.390244,0.446106,2.000000,63.527853,51.707317,45.365854,1.000000,1.137859,1.353166,-0.215307,53.828790,31.468872,16.430891,0.972506,3.309167,6.444328,1.230397,0.013446,2.714872,7.000000,112.021858,0.387839,1.000000,2.366175,0.000000,53.197674,0.000000,1.000000,4.654939,7.000000,167.804878,0.664991,1.000000,2.699144,0.000000,43.897216,0.000000,1.000000,6.551627,8.000000,416.964286,0.818953,1.000000,1.546961,5.000000,46.666667,0.309392,2.000000,3.428571,3.000000,127.659574,1.142857,7.000000,2.615470,12.000000,160.683761,0.217956,4.000000,1.654646,7.000000,84.782609,0.236378,3.000000,1.914274,0.000000,40.350877,0.000000,1.000000,4.980341,14.000000,356.250000,0.355739,1.000000,1.378716,0.000000,27.906977,0.000000,7.000000,8.000000,1.000000,98.000000,-1.000000,,,,44.043866,12.806540,28.752335,0.665752,1.123105,-0.457354,19.856679,19.440117,29.923405,-2.353642,-1.853615,0.296010,0.112727,,0.000000,,32.567750,25.000000,20.171656,-0.797727,-0.689973,-0.107754,39.166772,13.831623,33.059126,-1.110920,-2.227070,0.205173,0.037266,2.168598,3.684211,85.000000,267.469880,38.063063,1.190709,0.863901
2026-01-23T03:45:00Z,0.999057,no_impulse,0,RECLTD,1h,1.000000,74.053030,5.568214,13.000000,0.428324,1.164182,0.692334,1.250774,6.993377,21.000000,189.928058,0.333018,8.000000,19.157669,9.569378,11.803308,0.000000,-1.059259,-0.627486,-0.431773,25.501808,9.583920,33.802146,-3.062503,-4.057181,-2.991834,0.040963,0.064733,3.822882,10.000000,146.315789,0.382288,1.000000,59.831633,72.661871,78.999996,1.000000,0.079024,-0.165756,0.244780,25.169557,28.569346,17.118028,0.974452,0.868296,2.842998,0.857325,0.027539,2.546234,5.000000,63.545151,0.509247,2.000000,41.685268,54.180602,50.055741,1.000000,-0.618777,-0.654492,0.035715,36.971150,10.259856,25.583698,-0.602372,-1.111339,1.082627,0.253722,0.024313,4.174229,7.000000,96.141479,0.596318,3.000000,42.106460,62.057878,73.311897,1.000000,-0.589088,-0.711216,0.122127,35.758215,14.214388,29.759885,-0.661427,-0.961523,1.547621,0.318125,0.036128,4.161092,6.000000,184.023669,0.693515,4.000000,35.195811,33.659491,14.998944,0.000000,-1.026063,-0.681364,-0.344699,42.702859,14.717467,29.408256,-1.341201,-1.479796,1.395848,0.339049,0.082227,2.313484,1.000000,38.063063,2.313484,3.000000,32.664157,21.846847,16.172491,0.000000,-0.497270,0.026476,-0.523746,38.701927,12.956192,32.594910,-1.820820,-1.055008,2.352560,0.202046,0.060018,5.729772,7.000000,267.469880,0.818539,4.000000,33.290277,23.648649,11.220503,1.000000,-0.397867,0.157243,-0.555110,38.362568,12.908802,35.526248,-1.902351,-0.988922,2.481600,0.166511,0.055979,2.189107,9.000000,95.953757,0.243234,3.000000,57.727612,50.000000,65.036232,1.000000,0.775593,0.958634,-0.183041,44.288583,25.793682,19.687835,0.280557,2.305942,5.966905,0.664783,0.017074,2.230531,5.000000,84.390244,0.446106,2.000000,2.714872,7.000000,112.021858,0.387839,1.000000,2.366175,0.000000,53.197674,0.000000,1.000000,4.654939,7.000000,167.804878,0.664991,1.000000,2.699144,0.000000,43.897216,0.000000,1.000000,6.551627,8.000000,416.964286,0.818953,1.000000,1.546961,5.000000,46.666667,0.309392,2.000000,3.428571,3.000000,127.659574,1.142857,7.000000,2.615470,12.000000,160.683761,0.217956,4.000000,1.654646,7.000000,84.782609,0.236378,3.000000,1.914274,0.000000,40.350877,0.000000,1.000000,4.980341,14.000000,356.250000,0.355739,1.000000,3.000000,2.000000,13.000000,-1.000000,,,,48.668536,27.929155,27.293370,0.482017,0.903711,-0.421694,17.615744,24.078486,24.973963,-0.755455,-0.317568,0.428742,0.105221,,0.000000,,76.844671,97.435897,70.197931,0.454658,0.445489,0.009168,41.589916,38.971436,10.160942,1.293337,1.849699,1.582851,0.012100,1.510000,1.666667,,267.469880,38.063063,1.635834,1.254835
2026-01-27T08:45:00Z,0.969946,no_impulse,0,RECLTD,1h,-1.000000,55.242967,2.913800,12.000000,0.242817,0.108429,-0.268857,0.068970,5.568214,13.000000,74.053030,0.428324,3.000000,59.300029,86.956522,89.293792,0.000000,0.079705,-0.309395,0.389100,21.761526,30.082317,18.997712,1.164182,0.692334,1.250774,0.710510,0.055954,6.993377,21.000000,189.928058,0.333018,8.000000,19.157669,9.569378,11.803308,0.000000,-1.059259,-0.627486,-0.431773,25.501808,9.583920,33.802146,-3.062503,-4.057181,-2.991834,0.040963,0.064733,3.822882,10.000000,146.315789,0.382288,1.000000,59.831633,72.661871,78.999996,1.000000,0.079024,-0.165756,0.244780,25.169557,28.569346,17.118028,0.974452,0.868296,2.842998,0.857325,0.027539,2.546234,5.000000,63.545151,0.509247,2.000000,41.685268,54.180602,50.055741,1.000000,-0.618777,-0.654492,0.035715,36.971150,10.259856,25.583698,-0.602372,-1.111339,1.082627,0.253722,0.024313,4.174229,7.000000,96.141479,0.596318,3.000000,42.106460,62.057878,73.311897,1.000000,-0.589088,-0.711216,0.122127,35.758215,14.214388,29.759885,-0.661427,-0.961523,1.547621,0.318125,0.036128,4.161092,6.000000,184.023669,0.693515,4.000000,35.195811,33.659491,14.998944,0.000000,-1.026063,-0.681364,-0.344699,42.702859,14.717467,29.408256,-1.341201,-1.479796,1.395848,0.339049,0.082227,2.313484,1.000000,38.063063,2.313484,3.000000,32.664157,21.846847,16.172491,0.000000,-0.497270,0.026476,-0.523746,38.701927,12.956192,32.594910,-1.820820,-1.055008,2.352560,0.202046,0.060018,5.729772,7.000000,267.469880,0.818539,4.000000,33.290277,23.648649,11.220503,1.000000,-0.397867,0.157243,-0.555110,38.362568,12.908802,35.526248,-1.902351,-0.988922,2.481600,0.166511,0.055979,2.189107,9.000000,95.953757,0.243234,3.000000,2.230531,5.000000,84.390244,0.446106,2.000000,2.714872,7.000000,112.021858,0.387839,1.000000,2.366175,0.000000,53.197674,0.000000,1.000000,4.654939,7.000000,167.804878,0.664991,1.000000,2.699144,0.000000,43.897216,0.000000,1.000000,6.551627,8.000000,416.964286,0.818953,1.000000,1.546961,5.000000,46.666667,0.309392,2.000000,3.428571,3.000000,127.659574,1.142857,7.000000,2.615470,12.000000,160.683761,0.217956,4.000000,1.654646,7.000000,84.782609,0.236378,3.000000,1.914274,0.000000,40.350877,0.000000,1.000000,2.000000,1.000000,25.000000,-1.000000,,,,59.326562,72.627235,45.190005,0.644150,0.747407,-0.103257,16.501712,29.633615,21.588048,3.219402,3.803817,0.831385,0.100382,,0.000000,,37.234315,7.920792,10.123257,-0.239921,-0.164202,-0.075719,17.989782,12.918096,26.650350,-0.605559,-0.846709,0.122603,0.015949,0.733420,1.428571,,267.469880,38.063063,1.695096,1.505711
2026-01-29T03:45:00Z,1.037062,no_impulse,0,RECLTD,1h,1.000000,230.555556,6.919550,9.000000,0.768839,2.600489,3.240212,4.047000,2.913800,12.000000,55.242967,0.242817,2.000000,50.326019,36.111111,19.705269,1.000000,-0.114915,-0.072344,-0.042571,12.181109,19.878185,20.534772,0.108429,-0.268857,0.068970,0.545642,0.023782,5.568214,13.000000,74.053030,0.428324,3.000000,59.300029,86.956522,89.293792,0.000000,0.079705,-0.309395,0.389100,21.761526,30.082317,18.997712,1.164182,0.692334,1.250774,0.710510,0.055954,6.993377,21.000000,189.928058,0.333018,8.000000,19.157669,9.569378,11.803308,0.000000,-1.059259,-0.627486,-0.431773,25.501808,9.583920,33.802146,-3.062503,-4.057181,-2.991834,0.040963,0.064733,3.822882,10.000000,146.315789,0.382288,1.000000,59.831633,72.661871,78.999996,1.000000,0.079024,-0.165756,0.244780,25.169557,28.569346,17.118028,0.974452,0.868296,2.842998,0.857325,0.027539,2.546234,5.000000,63.545151,0.509247,2.000000,41.685268,54.180602,50.055741,1.000000,-0.618777,-0.654492,0.035715,36.971150,10.259856,25.583698,-0.602372,-1.111339,1.082627,0.253722,0.024313,4.174229,7.000000,96.141479,0.596318,3.000000,42.106460,62.057878,73.311897,1.000000,-0.589088,-0.711216,0.122127,35.758215,14.214388,29.759885,-0.661427,-0.961523,1.547621,0.318125,0.036128,4.161092,6.000000,184.023669,0.693515,4.000000,35.195811,33.659491,14.998944,0.000000,-1.026063,-0.681364,-0.344699,42.702859,14.717467,29.408256,-1.341201,-1.479796,1.395848,0.339049,0.082227,2.313484,1.000000,38.063063,2.313484,3.000000,32.664157,21.846847,16.172491,0.000000,-0.497270,0.026476,-0.523746,38.701927,12.956192,32.594910,-1.820820,-1.055008,2.352560,0.202046,0.060018,5.729772,7.000000,267.469880,0.818539,4.000000,2.189107,9.000000,95.953757,0.243234,3.000000,2.230531,5.000000,84.390244,0.446106,2.000000,2.714872,7.000000,112.021858,0.387839,1.000000,2.366175,0.000000,53.197674,0.000000,1.000000,4.654939,7.000000,167.804878,0.664991,1.000000,2.699144,0.000000,43.897216,0.000000,1.000000,6.551627,8.000000,416.964286,0.818953,1.000000,1.546961,5.000000,46.666667,0.309392,2.000000,3.428571,3.000000,127.659574,1.142857,7.000000,2.615470,12.000000,160.683761,0.217956,4.000000,1.654646,7.000000,84.782609,0.236378,3.000000,1.000000,2.000000,34.000000,-1.000000,,,,57.553109,66.574966,58.071942,0.781528,0.757737,0.023792,16.984520,31.695064,19.732488,2.399497,3.112861,0.769092,0.091362,,0.000000,,82.916817,98.156682,90.720427,0.864116,0.727724,0.136392,51.535190,47.777398,5.677828,2.392617,3.514710,1.195446,0.035247,1.712243,0.989011,,267.469880,38.063063,1.629565,1.467788
2026-01-30T03:45:00Z,0.978976,no_impulse,0,RECLTD,1h,-1.000000,86.546185,5.601040,7.000000,0.800149,-1.395945,-0.569922,0.577977,6.919550,9.000000,230.555556,0.768839,1.000000,70.245719,79.718876,89.924213,1.000000,0.940943,0.518949,0.421995,26.215095,41.264035,9.725187,2.600489,3.240212,4.047000,0.904786,0.065959,2.913800,12.000000,55.242967,0.242817,2.000000,50.326019,36.111111,19.705269,1.000000,-0.114915,-0.072344,-0.042571,12.181109,19.878185,20.534772,0.108429,-0.268857,0.068970,0.545642,0.023782,5.568214,13.000000,74.053030,0.428324,3.000000,59.300029,86.956522,89.293792,0.000000,0.079705,-0.309395,0.389100,21.761526,30.082317,18.997712,1.164182,0.692334,1.250774,0.710510,0.055954,6.993377,21.000000,189.928058,0.333018,8.000000,19.157669,9.569378,11.803308,0.000000,-1.059259,-0.627486,-0.431773,25.501808,9.583920,33.802146,-3.062503,-4.057181,-2.991834,0.040963,0.064733,3.822882,10.000000,146.315789,0.382288,1.000000,59.831633,72.661871,78.999996,1.000000,0.079024,-0.165756,0.244780,25.169557,28.569346,17.118028,0.974452,0.868296,2.842998,0.857325,0.027539,2.546234,5.000000,63.545151,0.509247,2.000000,41.685268,54.180602,50.055741,1.000000,-0.618777,-0.654492,0.035715,36.971150,10.259856,25.583698,-0.602372,-1.111339,1.082627,0.253722,0.024313,4.174229,7.000000,96.141479,0.596318,3.000000,42.106460,62.057878,73.311897,1.000000,-0.589088,-0.711216,0.122127,35.758215,14.214388,29.759885,-0.661427,-0.961523,1.547621,0.318125,0.036128,4.161092,6.000000,184.023669,0.693515,4.000000,35.195811,33.659491,14.998944,0.000000,-1.026063,-0.681364,-0.344699,42.702859,14.717467,29.408256,-1.341201,-1.479796,1.395848,0.339049,0.082227,2.313484,1.000000,38.063063,2.313484,3.000000,5.729772,7.000000,267.469880,0.818539,4.000000,2.189107,9.000000,95.953757,0.243234,3.000000,2.230531,5.000000,84.390244,0.446106,2.000000,2.714872,7.000000,112.021858,0.387839,1.000000,2.366175,0.000000,53.197674,0.000000,1.000000,4.654939,7.000000,167.804878,0.664991,1.000000,2.699144,0.000000,43.897216,0.000000,1.000000,6.551627,8.000000,416.964286,0.818953,1.000000,1.546961,5.000000,46.666667,0.309392,2.000000,3.428571,3.000000,127.659574,1.142857,7.000000,2.615470,12.000000,160.683761,0.217956,4.000000,2.000000,3.000000,41.000000,-1.000000,,,,49.448954,38.632987,59.278396,0.658897,0.756616,-0.097718,15.878107,28.088272,27.260942,-0.545364,0.127340,0.437464,0.086735,,0.000000,,25.962982,8.741259,30.988198,-0.231003,0.040287,-0.271290,26.989987,15.158697,41.786687,-2.698400,-2.346077,-0.317737,0.032131,1.240743,0.769231,,267.469880,38.063063,1.716459,1.152597
2026-01-30T03:45:00Z,1.010782,no_impulse,0,RECLTD,1h,1.000000,54.756381,3.248899,0.000000,0.000000,-1.395945,-0.569922,0.577977,5.601040,7.000000,86.546185,0.800149,2.000000,42.966651,18.561485,43.713259,0.000000,0.654848,0.818275,-0.163427,32.618705,26.702498,30.458364,-1.395945,-0.569922,0.577977,0.294053,0.066848,6.919550,9.000000,230.555556,0.768839,1.000000,70.245719,79.718876,89.924213,1.000000,0.940943,0.518949,0.421995,26.215095,41.264035,9.725187,2.600489,3.240212,4.047000,0.904786,0.065959,2.913800,12.000000,55.242967,0.242817,2.000000,50.326019,36.111111,19.705269,1.000000,-0.114915,-0.072344,-0.042571,12.181109,19.878185,20.534772,0.108429,-0.268857,0.068970,0.545642,0.023782,5.568214,13.000000,74.053030,0.428324,3.000000,59.300029,86.956522,89.293792,0.000000,0.079705,-0.309395,0.389100,21.761526,30.082317,18.997712,1.164182,0.692334,1.250774,0.710510,0.055954,6.993377,21.000000,189.928058,0.333018,8.000000,19.157669,9.569378,11.803308,0.000000,-1.059259,-0.627486,-0.431773,25.501808,9.583920,33.802146,-3.062503,-4.057181,-2.991834,0.040963,0.064733,3.822882,10.000000,146.315789,0.382288,1.000000,59.831633,72.661871,78.999996,1.000000,0.079024,-0.165756,0.244780,25.169557,28.569346,17.118028,0.974452,0.868296,2.842998,0.857325,0.027539,2.546234,5.000000,63.545151,0.509247,2.000000,41.685268,54.180602,50.055741,1.000000,-0.618777,-0.654492,0.035715,36.971150,10.259856,25.583698,-0.602372,-1.111339,1.082627,0.253722,0.024313,4.174229,7.000000,96.141479,0.596318,3.000000,42.106460,62.057878,73.311897,1.000000,-0.589088,-0.711216,0.122127,35.758215,14.214388,29.759885,-0.661427,-0.961523,1.547621,0.318125,0.036128,4.161092,6.000000,184.023669,0.693515,4.000000,2.313484,1.000000,38.063063,2.313484,3.000000,5.729772,7.000000,267.469880,0.818539,4.000000,2.189107,9.000000,95.953757,0.243234,3.000000,2.230531,5.000000,84.390244,0.446106,2.000000,2.714872,7.000000,112.021858,0.387839,1.000000,2.366175,0.000000,53.197674,0.000000,1.000000,4.654939,7.000000,167.804878,0.664991,1.000000,2.699144,0.000000,43.897216,0.000000,1.000000,6.551627,8.000000,416.964286,0.818953,1.000000,1.546961,5.000000,46.666667,0.309392,2.000000,3.428571,3.000000,127.659574,1.142857,7.000000,2.000000,4.000000,41.000000,-1.000000,,,,49.448954,38.632987,59.278396,0.658897,0.756616,-0.097718,15.878107,28.088272,27.260942,-0.545364,0.127340,0.437464,0.086735,,0.000000,,25.962982,8.741259,30.988198,-0.231003,0.040287,-0.271290,26.989987,15.158697,41.786687,-2.698400,-2.346077,-0.317737,0.032131,0.721755,0.000000,,230.555556,38.063063,1.706786,0.942013
2026-01-30T08:45:00Z,0.967655,no_impulse,0,RECLTD,1h,-1.000000,135.593220,4.266667,5.000000,0.853333,-1.066887,-0.888986,0.009226,3.248899,0.000000,54.756381,0.000000,2.000000,42.966651,18.561485,43.713259,0.000000,0.654848,0.818275,-0.163427,32.618705,26.702498,30.458364,-1.395945,-0.569922,0.577977,0.294053,0.066848,5.601040,7.000000,86.546185,0.800149,2.000000,42.966651,18.561485,43.713259,0.000000,0.654848,0.818275,-0.163427,32.618705,26.702498,30.458364,-1.395945,-0.569922,0.577977,0.294053,0.066848,6.919550,9.000000,230.555556,0.768839,1.000000,70.245719,79.718876,89.924213,1.000000,0.940943,0.518949,0.421995,26.215095,41.264035,9.725187,2.600489,3.240212,4.047000,0.904786,0.065959,2.913800,12.000000,55.242967,0.242817,2.000000,50.326019,36.111111,19.705269,1.000000,-0.114915,-0.072344,-0.042571,12.181109,19.878185,20.534772,0.108429,-0.268857,0.068970,0.545642,0.023782,5.568214,13.000000,74.053030,0.428324,3.000000,59.300029,86.956522,89.293792,0.000000,0.079705,-0.309395,0.389100,21.761526,30.082317,18.997712,1.164182,0.692334,1.250774,0.710510,0.055954,6.993377,21.000000,189.928058,0.333018,8.000000,19.157669,9.569378,11.803308,0.000000,-1.059259,-0.627486,-0.431773,25.501808,9.583920,33.802146,-3.062503,-4.057181,-2.991834,0.040963,0.064733,3.822882,10.000000,146.315789,0.382288,1.000000,59.831633,72.661871,78.999996,1.000000,0.079024,-0.165756,0.244780,25.169557,28.569346,17.118028,0.974452,0.868296,2.842998,0.857325,0.027539,2.546234,5.000000,63.545151,0.509247,2.000000,41.685268,54.180602,50.055741,1.000000,-0.618777,-0.654492,0.035715,36.971150,10.259856,25.583698,-0.602372,-1.111339,1.082627,0.253722,0.024313,4.174229,7.000000,96.141479,0.596318,3.000000,4.161092,6.000000,184.023669,0.693515,4.000000,2.313484,1.000000,38.063063,2.313484,3.000000,5.729772,7.000000,267.469880,0.818539,4.000000,2.189107,9.000000,95.953757,0.243234,3.000000,2.230531,5.000000,84.390244,0.446106,2.000000,2.714872,7.000000,112.021858,0.387839,1.000000,2.366175,0.000000,53.197674,0.000000,1.000000,4.654939,7.000000,167.804878,0.664991,1.000000,2.699144,0.000000,43.897216,0.000000,1.000000,6.551627,8.000000,416.964286,0.818953,1.000000,1.546961,5.000000,46.666667,0.309392,2.000000,4.000000,1.000000,46.000000,-1.000000,,,,49.448954,38.632987,59.278396,0.658897,0.756616,-0.097718,15.878107,28.088272,27.260942,-0.545364,0.127340,0.437464,0.086735,,0.000000,,29.014791,3.174603,15.281904,-0.816712,-0.807901,-0.008811,39.232464,11.511739,32.209084,-1.179911,-2.181540,-0.042203,0.021508,0.928559,0.555556,,230.555556,54.756381,1.595562,1.019004
2026-02-01T05:45:00Z,1.024259,no_impulse,0,RECLTD,1h,1.000000,131.250000,5.849582,4.000000,1.462396,-0.404353,-0.411683,0.370781,4.266667,5.000000,135.593220,0.853333,4.000000,43.440271,23.495146,10.030516,1.000000,-0.237185,0.257502,-0.494688,26.031687,23.524817,27.104643,-1.066887,-0.888986,0.009226,0.338640,0.065421,3.248899,0.000000,54.756381,0.000000,2.000000,42.966651,18.561485,43.713259,0.000000,0.654848,0.818275,-0.163427,32.618705,26.702498,30.458364,-1.395945,-0.569922,0.577977,0.294053,0.066848,5.601040,7.000000,86.546185,0.800149,2.000000,42.966651,18.561485,43.713259,0.000000,0.654848,0.818275,-0.163427,32.618705,26.702498,30.458364,-1.395945,-0.569922,0.577977,0.294053,0.066848,6.919550,9.000000,230.555556,0.768839,1.000000,70.245719,79.718876,89.924213,1.000000,0.940943,0.518949,0.421995,26.215095,41.264035,9.725187,2.600489,3.240212,4.047000,0.904786,0.065959,2.913800,12.000000,55.242967,0.242817,2.000000,50.326019,36.111111,19.705269,1.000000,-0.114915,-0.072344,-0.042571,12.181109,19.878185,20.534772,0.108429,-0.268857,0.068970,0.545642,0.023782,5.568214,13.000000,74.053030,0.428324,3.000000,59.300029,86.956522,89.293792,0.000000,0.079705,-0.309395,0.389100,21.761526,30.082317,18.997712,1.164182,0.692334,1.250774,0.710510,0.055954,6.993377,21.000000,189.928058,0.333018,8.000000,19.157669,9.569378,11.803308,0.000000,-1.059259,-0.627486,-0.431773,25.501808,9.583920,33.802146,-3.062503,-4.057181,-2.991834,0.040963,0.064733,3.822882,10.000000,146.315789,0.382288,1.000000,59.831633,72.661871,78.999996,1.000000,0.079024,-0.165756,0.244780,25.169557,28.569346,17.118028,0.974452,0.868296,2.842998,0.857325,0.027539,2.546234,5.000000,63.545151,0.509247,2.000000,4.174229,7.000000,96.141479,0.596318,3.000000,4.161092,6.000000,184.023669,0.693515,4.000000,2.313484,1.000000,38.063063,2.313484,3.000000,5.729772,7.000000,267.469880,0.818539,4.000000,2.189107,9.000000,95.953757,0.243234,3.000000,2.230531,5.000000,84.390244,0.446106,2.000000,2.714872,7.000000,112.021858,0.387839,1.000000,2.366175,0.000000,53.197674,0.000000,1.000000,4.654939,7.000000,167.804878,0.664991,1.000000,2.699144,0.000000,43.897216,0.000000,1.000000,6.551627,8.000000,416.964286,0.818953,1.000000,7.000000,2.000000,50.000000,-1.000000,,,,46.758327,26.872247,44.026733,0.448596,0.702160,-0.253564,15.371726,23.017709,27.453506,-1.567819,-1.010941,0.328834,0.090183,,0.000000,,73.485755,98.328691,87.997114,0.172127,-0.183450,0.355578,29.600589,38.886696,17.178284,2.794508,2.466006,1.235167,0.039105,1.270133,0.449438,,230.555556,54.756381,1.592719,0.851641
2026-02-01T06:45:00Z,0.945283,no_impulse,0,RECLTD,1h,-1.000000,139.523810,7.710526,1.000000,7.710526,0.796759,0.839141,1.629465,5.849582,4.000000,131.250000,1.462396,7.000000,46.619483,35.238095,31.717296,0.000000,-0.307674,-0.077287,-0.230387,23.352965,35.648222,21.060275,-0.404353,-0.411683,0.370781,0.441213,0.068506,4.266667,5.000000,135.593220,0.853333,4.000000,43.440271,23.495146,10.030516,1.000000,-0.237185,0.257502,-0.494688,26.031687,23.524817,27.104643,-1.066887,-0.888986,0.009226,0.338640,0.065421,3.248899,0.000000,54.756381,0.000000,2.000000,42.966651,18.561485,43.713259,0.000000,0.654848,0.818275,-0.163427,32.618705,26.702498,30.458364,-1.395945,-0.569922,0.577977,0.294053,0.066848,5.601040,7.000000,86.546185,0.800149,2.000000,42.966651,18.561485,43.713259,0.000000,0.654848,0.818275,-0.163427,32.618705,26.702498,30.458364,-1.395945,-0.569922,0.577977,0.294053,0.066848,6.919550,9.000000,230.555556,0.768839,1.000000,70.245719,79.718876,89.924213,1.000000,0.940943,0.518949,0.421995,26.215095,41.264035,9.725187,2.600489,3.240212,4.047000,0.904786,0.065959,2.913800,12.000000,55.242967,0.242817,2.000000,50.326019,36.111111,19.705269,1.000000,-0.114915,-0.072344,-0.042571,12.181109,19.878185,20.534772,0.108429,-0.268857,0.068970,0.545642,0.023782,5.568214,13.000000,74.053030,0.428324,3.000000,59.300029,86.956522,89.293792,0.000000,0.079705,-0.309395,0.389100,21.761526,30.082317,18.997712,1.164182,0.692334,1.250774,0.710510,0.055954,6.993377,21.000000,189.928058,0.333018,8.000000,19.157669,9.569378,11.803308,0.000000,-1.059259,-0.627486,-0.431773,25.501808,9.583920,33.802146,-3.062503,-4.057181,-2.991834,0.040963,0.064733,3.822882,10.000000,146.315789,0.382288,1.000000,2.546234,5.000000,63.545151,0.509247,2.000000,4.174229,7.000000,96.141479,0.596318,3.000000,4.161092,6.000000,184.023669,0.693515,4.000000,2.313484,1.000000,38.063063,2.313484,3.000000,5.729772,7.000000,267.469880,0.818539,4.000000,2.189107,9.000000,95.953757,0.243234,3.000000,2.230531,5.000000,84.390244,0.446106,2.000000,2.714872,7.000000,112.021858,0.387839,1.000000,2.366175,0.000000,53.197674,0.000000,1.000000,4.654939,7.000000,167.804878,0.664991,1.000000,2.699144,0.000000,43.897216,0.000000,1.000000,4.000000,3.000000,1.000000,-1.000000,,,,49.041768,36.417034,33.974089,0.341583,0.625017,-0.283434,14.901514,21.112563,25.181215,-0.595981,-0.102633,0.432109,0.087264,,0.000000,,37.609309,0.694444,30.213845,0.080276,0.074098,0.006178,29.498238,25.145304,33.428131,-2.209500,-2.466721,0.059541,0.049079,1.615438,0.116279,,230.555556,54.756381,1.629993,0.865933
2026-02-01T08:45:00Z,0.993935,no_impulse,0,RECLTD,1h,1.000000,61.604096,5.146849,2.000000,2.573425,-2.012463,-2.157944,-1.456255,7.710526,1.000000,139.523810,7.710526,4.000000,55.212395,69.795222,44.709382,0.000000,-0.190705,-0.099179,-0.091526,22.495392,26.043720,32.710531,0.796759,0.839141,1.629465,0.618221,0.067937,5.849582,4.000000,131.250000,1.462396,7.000000,46.619483,35.238095,31.717296,0.000000,-0.307674,-0.077287,-0.230387,23.352965,35.648222,21.060275,-0.404353,-0.411683,0.370781,0.441213,0.068506,4.266667,5.000000,135.593220,0.853333,4.000000,43.440271,23.495146,10.030516,1.000000,-0.237185,0.257502,-0.494688,26.031687,23.524817,27.104643,-1.066887,-0.888986,0.009226,0.338640,0.065421,3.248899,0.000000,54.756381,0.000000,2.000000,42.966651,18.561485,43.713259,0.000000,0.654848,0.818275,-0.163427,32.618705,26.702498,30.458364,-1.395945,-0.569922,0.577977,0.294053,0.066848,5.601040,7.000000,86.546185,0.800149,2.000000,42.966651,18.561485,43.713259,0.000000,0.654848,0.818275,-0.163427,32.618705,26.702498,30.458364,-1.395945,-0.569922,0.577977,0.294053,0.066848,6.919550,9.000000,230.555556,0.768839,1.000000,70.245719,79.718876,89.924213,1.000000,0.940943,0.518949,0.421995,26.215095,41.264035,9.725187,2.600489,3.240212,4.047000,0.904786,0.065959,2.913800,12.000000,55.242967,0.242817,2.000000,50.326019,36.111111,19.705269,1.000000,-0.114915,-0.072344,-0.042571,12.181109,19.878185,20.534772,0.108429,-0.268857,0.068970,0.545642,0.023782,5.568214,13.000000,74.053030,0.428324,3.000000,59.300029,86.956522,89.293792,0.000000,0.079705,-0.309395,0.389100,21.761526,30.082317,18.997712,1.164182,0.692334,1.250774,0.710510,0.055954,6.993377,21.000000,189.928058,0.333018,8.000000,3.822882,10.000000,146.315789,0.382288,1.000000,2.546234,5.000000,63.545151,0.509247,2.000000,4.174229,7.000000,96.141479,0.596318,3.000000,4.161092,6.000000,184.023669,0.693515,4.000000,2.313484,1.000000,38.063063,2.313484,3.000000,5.729772,7.000000,267.469880,0.818539,4.000000,2.189107,9.000000,95.953757,0.243234,3.000000,2.230531,5.000000,84.390244,0.446106,2.000000,2.714872,7.000000,112.021858,0.387839,1.000000,2.366175,0.000000,53.197674,0.000000,1.000000,4.654939,7.000000,167.804878,0.664991,1.000000,3.000000,4.000000,3.000000,-1.000000,,,,49.041768,36.417034,33.974089,0.341583,0.625017,-0.283434,14.901514,21.112563,25.181215,-0.595981,-0.102633,0.432109,0.087264,,0.000000,,48.512950,52.901024,51.820250,0.058309,0.139695,-0.081386,28.667424,15.821918,32.807287,-0.282469,-0.378500,0.433192,0.042162,0.973040,0.243902,,230.555556,54.756381,1.663838,1.130460
2026-02-02T07:45:00Z,0.956199,no_impulse,0,RECLTD,1h,-1.000000,77.562327,3.796610,6.000000,0.632768,-1.705623,-2.392009,-2.108613,5.146849,2.000000,61.604096,2.573425,3.000000,38.710099,31.058020,48.862344,1.000000,-0.400952,-0.187177,-0.213775,21.371542,20.850419,29.460426,-2.012463,-2.157944,-1.456255,0.215078,0.069239,7.710526,1.000000,139.523810,7.710526,4.000000,55.212395,69.795222,44.709382,0.000000,-0.190705,-0.099179,-0.091526,22.495392,26.043720,32.710531,0.796759,0.839141,1.629465,0.618221,0.067937,5.849582,4.000000,131.250000,1.462396,7.000000,46.619483,35.238095,31.717296,0.000000,-0.307674,-0.077287,-0.230387,23.352965,35.648222,21.060275,-0.404353,-0.411683,0.370781,0.441213,0.068506,4.266667,5.000000,135.593220,0.853333,4.000000,43.440271,23.495146,10.030516,1.000000,-0.237185,0.257502,-0.494688,26.031687,23.524817,27.104643,-1.066887,-0.888986,0.009226,0.338640,0.065421,3.248899,0.000000,54.756381,0.000000,2.000000,42.966651,18.561485,43.713259,0.000000,0.654848,0.818275,-0.163427,32.618705,26.702498,30.458364,-1.395945,-0.569922,0.577977,0.294053,0.066848,5.601040,7.000000,86.546185,0.800149,2.000000,42.966651,18.561485,43.713259,0.000000,0.654848,0.818275,-0.163427,32.618705,26.702498,30.458364,-1.395945,-0.569922,0.577977,0.294053,0.066848,6.919550,9.000000,230.555556,0.768839,1.000000,70.245719,79.718876,89.924213,1.000000,0.940943,0.518949,0.421995,26.215095,41.264035,9.725187,2.600489,3.240212,4.047000,0.904786,0.065959,2.913800,12.000000,55.242967,0.242817,2.000000,50.326019,36.111111,19.705269,1.000000,-0.114915,-0.072344,-0.042571,12.181109,19.878185,20.534772,0.108429,-0.268857,0.068970,0.545642,0.023782,5.568214,13.000000,74.053030,0.428324,3.000000,6.993377,21.000000,189.928058,0.333018,8.000000,3.822882,10.000000,146.315789,0.382288,1.000000,2.546234,5.000000,63.545151,0.509247,2.000000,4.174229,7.000000,96.141479,0.596318,3.000000,4.161092,6.000000,184.023669,0.693515,4.000000,2.313484,1.000000,38.063063,2.313484,3.000000,5.729772,7.000000,267.469880,0.818539,4.000000,2.189107,9.000000,95.953757,0.243234,3.000000,2.230531,5.000000,84.390244,0.446106,2.000000,2.714872,7.000000,112.021858,0.387839,1.000000,2.366175,0.000000,53.197674,0.000000,1.000000,2.000000,1.000000,9.000000,-1.000000,,,,55.046954,64.023495,42.437592,0.451812,0.577758,-0.125946,14.227481,25.441413,22.804736,1.757544,2.328410,0.717420,0.082283,,0.000000,,39.827216,10.699588,8.822430,-0.699358,-0.623423,-0.075935,27.357088,14.915198,29.160188,-0.989955,-1.938216,0.246591,0.038683,0.700243,0.810811,,230.555556,54.756381,1.584979,1.426204
2026-02-05T03:45:00Z,1.041779,no_impulse,0,RECLTD,1h,1.000000,226.785714,8.949965,17.000000,0.526469,2.202335,3.245658,4.372091,3.796610,6.000000,77.562327,0.632768,2.000000,39.584670,22.013652,22.241183,0.000000,-0.832941,-0.566513,-0.266428,17.237559,20.138537,24.835580,-1.705623,-2.392009,-2.108613,0.180761,0.052532,5.146849,2.000000,61.604096,2.573425,3.000000,38.710099,31.058020,48.862344,1.000000,-0.400952,-0.187177,-0.213775,21.371542,20.850419,29.460426,-2.012463,-2.157944,-1.456255,0.215078,0.069239,7.710526,1.000000,139.523810,7.710526,4.000000,55.212395,69.795222,44.709382,0.000000,-0.190705,-0.099179,-0.091526,22.495392,26.043720,32.710531,0.796759,0.839141,1.629465,0.618221,0.067937,5.849582,4.000000,131.250000,1.462396,7.000000,46.619483,35.238095,31.717296,0.000000,-0.307674,-0.077287,-0.230387,23.352965,35.648222,21.060275,-0.404353,-0.411683,0.370781,0.441213,0.068506,4.266667,5.000000,135.593220,0.853333,4.000000,43.440271,23.495146,10.030516,1.000000,-0.237185,0.257502,-0.494688,26.031687,23.524817,27.104643,-1.066887,-0.888986,0.009226,0.338640,0.065421,3.248899,0.000000,54.756381,0.000000,2.000000,42.966651,18.561485,43.713259,0.000000,0.654848,0.818275,-0.163427,32.618705,26.702498,30.458364,-1.395945,-0.569922,0.577977,0.294053,0.066848,5.601040,7.000000,86.546185,0.800149,2.000000,42.966651,18.561485,43.713259,0.000000,0.654848,0.818275,-0.163427,32.618705,26.702498,30.458364,-1.395945,-0.569922,0.577977,0.294053,0.066848,6.919550,9.000000,230.555556,0.768839,1.000000,70.245719,79.718876,89.924213,1.000000,0.940943,0.518949,0.421995,26.215095,41.264035,9.725187,2.600489,3.240212,4.047000,0.904786,0.065959,2.913800,12.000000,55.242967,0.242817,2.000000,5.568214,13.000000,74.053030,0.428324,3.000000,6.993377,21.000000,189.928058,0.333018,8.000000,3.822882,10.000000,146.315789,0.382288,1.000000,2.546234,5.000000,63.545151,0.509247,2.000000,4.174229,7.000000,96.141479,0.596318,3.000000,4.161092,6.000000,184.023669,0.693515,4.000000,2.313484,1.000000,38.063063,2.313484,3.000000,5.729772,7.000000,267.469880,0.818539,4.000000,2.189107,9.000000,95.953757,0.243234,3.000000,2.230531,5.000000,84.390244,0.446106,2.000000,2.714872,7.000000,112.021858,0.387839,1.000000,1.000000,2.000000,26.000000,-1.000000,,,,60.223111,87.709497,80.827297,0.934513,0.661970,0.272543,13.927792,26.812418,20.090597,3.470506,4.419541,0.968250,0.076781,,0.000000,,72.153769,75.661376,80.158730,0.566196,0.542249,0.023947,47.221927,37.841023,9.775580,1.185802,2.257848,1.130985,0.019018,1.754147,2.881356,,230.555556,54.756381,1.554892,1.246076
2026-02-09T03:45:00Z,0.961456,no_impulse,0,RECLTD,1h,-1.000000,93.858268,7.710220,14.000000,0.550730,-4.408910,-4.145005,-2.861240,8.949965,17.000000,226.785714,0.526469,1.000000,67.431397,80.281690,89.364168,0.000000,1.115329,0.800581,0.314748,32.289193,36.607108,11.070575,2.202335,3.245658,4.372091,0.753639,0.088785,3.796610,6.000000,77.562327,0.632768,2.000000,39.584670,22.013652,22.241183,0.000000,-0.832941,-0.566513,-0.266428,17.237559,20.138537,24.835580,-1.705623,-2.392009,-2.108613,0.180761,0.052532,5.146849,2.000000,61.604096,2.573425,3.000000,38.710099,31.058020,48.862344,1.000000,-0.400952,-0.187177,-0.213775,21.371542,20.850419,29.460426,-2.012463,-2.157944,-1.456255,0.215078,0.069239,7.710526,1.000000,139.523810,7.710526,4.000000,55.212395,69.795222,44.709382,0.000000,-0.190705,-0.099179,-0.091526,22.495392,26.043720,32.710531,0.796759,0.839141,1.629465,0.618221,0.067937,5.849582,4.000000,131.250000,1.462396,7.000000,46.619483,35.238095,31.717296,0.000000,-0.307674,-0.077287,-0.230387,23.352965,35.648222,21.060275,-0.404353,-0.411683,0.370781,0.441213,0.068506,4.266667,5.000000,135.593220,0.853333,4.000000,43.440271,23.495146,10.030516,1.000000,-0.237185,0.257502,-0.494688,26.031687,23.524817,27.104643,-1.066887,-0.888986,0.009226,0.338640,0.065421,3.248899,0.000000,54.756381,0.000000,2.000000,42.966651,18.561485,43.713259,0.000000,0.654848,0.818275,-0.163427,32.618705,26.702498,30.458364,-1.395945,-0.569922,0.577977,0.294053,0.066848,5.601040,7.000000,86.546185,0.800149,2.000000,42.966651,18.561485,43.713259,0.000000,0.654848,0.818275,-0.163427,32.618705,26.702498,30.458364,-1.395945,-0.569922,0.577977,0.294053,0.066848,6.919550,9.000000,230.555556,0.768839,1.000000,2.913800,12.000000,55.242967,0.242817,2.000000,5.568214,13.000000,74.053030,0.428324,3.000000,6.993377,21.000000,189.928058,0.333018,8.000000,3.822882,10.000000,146.315789,0.382288,1.000000,2.546234,5.000000,63.545151,0.509247,2.000000,4.174229,7.000000,96.141479,0.596318,3.000000,4.161092,6.000000,184.023669,0.693515,4.000000,2.313484,1.000000,38.063063,2.313484,3.000000,5.729772,7.000000,267.469880,0.818539,4.000000,2.189107,9.000000,95.953757,0.243234,3.000000,2.230531,5.000000,84.390244,0.446106,2.000000,2.000000,3.000000,40.000000,-1.000000,,,,45.588609,25.698324,58.100559,0.626260,0.726991,-0.100731,13.180339,21.312234,29.258993,-2.334896,-1.494622,0.211238,0.079014,,0.000000,,31.840008,9.913793,62.002581,-0.341530,-0.426967,0.085436,22.017470,14.760733,31.045262,-1.086853,-1.705613,-0.343514,0.012746,1.417229,2.222222,,230.555556,54.756381,1.977762,1.003739
2026-02-09T03:45:00Z,1.018733,no_impulse,0,RECLTD,1h,1.000000,71.308725,5.957387,0.000000,0.000000,-4.408910,-4.145005,-2.861240,7.710220,14.000000,93.858268,0.550730,2.000000,28.885145,1.403509,16.774143,0.000000,-0.406474,0.197684,-0.604157,25.898301,15.836900,36.604061,-4.408910,-4.145005,-2.861240,-0.099997,0.070379,8.949965,17.000000,226.785714,0.526469,1.000000,67.431397,80.281690,89.364168,0.000000,1.115329,0.800581,0.314748,32.289193,36.607108,11.070575,2.202335,3.245658,4.372091,0.753639,0.088785,3.796610,6.000000,77.562327,0.632768,2.000000,39.584670,22.013652,22.241183,0.000000,-0.832941,-0.566513,-0.266428,17.237559,20.138537,24.835580,-1.705623,-2.392009,-2.108613,0.180761,0.052532,5.146849,2.000000,61.604096,2.573425,3.000000,38.710099,31.058020,48.862344,1.000000,-0.400952,-0.187177,-0.213775,21.371542,20.850419,29.460426,-2.012463,-2.157944,-1.456255,0.215078,0.069239,7.710526,1.000000,139.523810,7.710526,4.000000,55.212395,69.795222,44.709382,0.000000,-0.190705,-0.099179,-0.091526,22.495392,26.043720,32.710531,0.796759,0.839141,1.629465,0.618221,0.067937,5.849582,4.000000,131.250000,1.462396,7.000000,46.619483,35.238095,31.717296,0.000000,-0.307674,-0.077287,-0.230387,23.352965,35.648222,21.060275,-0.404353,-0.411683,0.370781,0.441213,0.068506,4.266667,5.000000,135.593220,0.853333,4.000000,43.440271,23.495146,10.030516,1.000000,-0.237185,0.257502,-0.494688,26.031687,23.524817,27.104643,-1.066887,-0.888986,0.009226,0.338640,0.065421,3.248899,0.000000,54.756381,0.000000,2.000000,42.966651,18.561485,43.713259,0.000000,0.654848,0.818275,-0.163427,32.618705,26.702498,30.458364,-1.395945,-0.569922,0.577977,0.294053,0.066848,5.601040,7.000000,86.546185,0.800149,2.000000,6.919550,9.000000,230.555556,0.768839,1.000000,2.913800,12.000000,55.242967,0.242817,2.000000,5.568214,13.000000,74.053030,0.428324,3.000000,6.993377,21.000000,189.928058,0.333018,8.000000,3.822882,10.000000,146.315789,0.382288,1.000000,2.546234,5.000000,63.545151,0.509247,2.000000,4.174229,7.000000,96.141479,0.596318,3.000000,4.161092,6.000000,184.023669,0.693515,4.000000,2.313484,1.000000,38.063063,2.313484,3.000000,5.729772,7.000000,267.469880,0.818539,4.000000,2.189107,9.000000,95.953757,0.243234,3.000000,2.000000,4.000000,40.000000,-1.000000,,,,45.588609,25.698324,58.100559,0.626260,0.726991,-0.100731,13.180339,21.312234,29.258993,-2.334896,-1.494622,0.211238,0.079014,,0.000000,,31.840008,9.913793,62.002581,-0.341530,-0.426967,0.085436,22.017470,14.760733,31.045262,-1.086853,-1.705613,-0.343514,0.012746,1.006317,0.000000,,230.555556,54.756381,1.875935,1.093539
2026-02-13T03:45:00Z,0.918194,no_impulse,0,RECLTD,1h,-1.000000,175.529412,9.869030,28.000000,0.352465,-3.722177,-5.579494,-6.910680,5.957387,0.000000,71.308725,0.000000,2.000000,28.885145,1.403509,16.774143,0.000000,-0.406474,0.197684,-0.604157,25.898301,15.836900,36.604061,-4.408910,-4.145005,-2.861240,-0.099997,0.070379,7.710220,14.000000,93.858268,0.550730,2.000000,28.885145,1.403509,16.774143,0.000000,-0.406474,0.197684,-0.604157,25.898301,15.836900,36.604061,-4.408910,-4.145005,-2.861240,-0.099997,0.070379,8.949965,17.000000,226.785714,0.526469,1.000000,67.431397,80.281690,89.364168,0.000000,1.115329,0.800581,0.314748,32.289193,36.607108,11.070575,2.202335,3.245658,4.372091,0.753639,0.088785,3.796610,6.000000,77.562327,0.632768,2.000000,39.584670,22.013652,22.241183,0.000000,-0.832941,-0.566513,-0.266428,17.237559,20.138537,24.835580,-1.705623,-2.392009,-2.108613,0.180761,0.052532,5.146849,2.000000,61.604096,2.573425,3.000000,38.710099,31.058020,48.862344,1.000000,-0.400952,-0.187177,-0.213775,21.371542,20.850419,29.460426,-2.012463,-2.157944,-1.456255,0.215078,0.069239,7.710526,1.000000,139.523810,7.710526,4.000000,55.212395,69.795222,44.709382,0.000000,-0.190705,-0.099179,-0.091526,22.495392,26.043720,32.710531,0.796759,0.839141,1.629465,0.618221,0.067937,5.849582,4.000000,131.250000,1.462396,7.000000,46.619483,35.238095,31.717296,0.000000,-0.307674,-0.077287,-0.230387,23.352965,35.648222,21.060275,-0.404353,-0.411683,0.370781,0.441213,0.068506,4.266667,5.000000,135.593220,0.853333,4.000000,43.440271,23.495146,10.030516,1.000000,-0.237185,0.257502,-0.494688,26.031687,23.524817,27.104643,-1.066887,-0.888986,0.009226,0.338640,0.065421,3.248899,0.000000,54.756381,0.000000,2.000000,5.601040,7.000000,86.546185,0.800149,2.000000,6.919550,9.000000,230.555556,0.768839,1.000000,2.913800,12.000000,55.242967,0.242817,2.000000,5.568214,13.000000,74.053030,0.428324,3.000000,6.993377,21.000000,189.928058,0.333018,8.000000,3.822882,10.000000,146.315789,0.382288,1.000000,2.546234,5.000000,63.545151,0.509247,2.000000,4.174229,7.000000,96.141479,0.596318,3.000000,4.161092,6.000000,184.023669,0.693515,4.000000,2.313484,1.000000,38.063063,2.313484,3.000000,5.729772,7.000000,267.469880,0.818539,4.000000,4.000000,1.000000,68.000000,-1.000000,,,,38.710332,15.203426,9.391419,-0.724730,0.126455,-0.851185,15.354117,17.644332,33.009333,-4.568205,-4.718730,0.093446,0.107455,,3.000000,,15.628815,7.058824,27.993967,-0.370186,-0.261073,-0.109114,23.121751,7.779950,45.879571,-1.833537,-2.448260,-0.464778,0.018663,1.694611,5.000000,,226.785714,54.756381,1.843363,1.358088
2026-02-18T05:45:00Z,0.988140,no_impulse,0,RECLTD,1h,1.000000,69.571046,7.617790,23.000000,0.331208,2.348463,2.297570,0.843618,9.869030,28.000000,175.529412,0.352465,4.000000,17.138505,0.294985,9.732240,0.000000,-1.237318,-1.120893,-0.116425,32.749535,11.114674,44.077568,-3.722177,-5.579494,-6.910680,-0.406717,0.039578,5.957387,0.000000,71.308725,0.000000,2.000000,28.885145,1.403509,16.774143,0.000000,-0.406474,0.197684,-0.604157,25.898301,15.836900,36.604061,-4.408910,-4.145005,-2.861240,-0.099997,0.070379,7.710220,14.000000,93.858268,0.550730,2.000000,28.885145,1.403509,16.774143,0.000000,-0.406474,0.197684,-0.604157,25.898301,15.836900,36.604061,-4.408910,-4.145005,-2.861240,-0.099997,0.070379,8.949965,17.000000,226.785714,0.526469,1.000000,67.431397,80.281690,89.364168,0.000000,1.115329,0.800581,0.314748,32.289193,36.607108,11.070575,2.202335,3.245658,4.372091,0.753639,0.088785,3.796610,6.000000,77.562327,0.632768,2.000000,39.584670,22.013652,22.241183,0.000000,-0.832941,-0.566513,-0.266428,17.237559,20.138537,24.835580,-1.705623,-2.392009,-2.108613,0.180761,0.052532,5.146849,2.000000,61.604096,2.573425,3.000000,38.710099,31.058020,48.862344,1.000000,-0.400952,-0.187177,-0.213775,21.371542,20.850419,29.460426,-2.012463,-2.157944,-1.456255,0.215078,0.069239,7.710526,1.000000,139.523810,7.710526,4.000000,55.212395,69.795222,44.709382,0.000000,-0.190705,-0.099179,-0.091526,22.495392,26.043720,32.710531,0.796759,0.839141,1.629465,0.618221,0.067937,5.849582,4.000000,131.250000,1.462396,7.000000,46.619483,35.238095,31.717296,0.000000,-0.307674,-0.077287,-0.230387,23.352965,35.648222,21.060275,-0.404353,-0.411683,0.370781,0.441213,0.068506,4.266667,5.000000,135.593220,0.853333,4.000000,3.248899,0.000000,54.756381,0.000000,2.000000,5.601040,7.000000,86.546185,0.800149,2.000000,6.919550,9.000000,230.555556,0.768839,1.000000,2.913800,12.000000,55.242967,0.242817,2.000000,5.568214,13.000000,74.053030,0.428324,3.000000,6.993377,21.000000,189.928058,0.333018,8.000000,3.822882,10.000000,146.315789,0.382288,1.000000,2.546234,5.000000,63.545151,0.509247,2.000000,4.174229,7.000000,96.141479,0.596318,3.000000,4.161092,6.000000,184.023669,0.693515,4.000000,2.313484,1.000000,38.063063,2.313484,3.000000,3.000000,2.000000,91.000000,-1.000000,,,,51.350908,52.462527,40.685225,-0.592408,-0.279552,-0.312856,14.752196,26.038568,27.877079,0.681654,0.417206,0.563446,0.108175,,5.000000,,81.773528,94.117647,94.784175,0.645976,0.536292,0.109684,54.644494,44.228082,8.895652,1.486430,2.469868,0.999416,0.030212,1.218734,2.987013,,226.785714,54.756381,2.237926,1.315379
2026-02-24T03:45:00Z,0.936658,no_impulse,0,RECLTD,1h,-1.000000,73.603083,5.210038,26.000000,0.200386,-1.260553,-1.781715,-3.282411,7.617790,23.000000,69.571046,0.331208,3.000000,74.268591,92.140921,92.134146,1.000000,0.728351,0.311413,0.416938,27.686334,36.824520,12.581196,2.348463,2.297570,0.843618,0.894302,0.060992,9.869030,28.000000,175.529412,0.352465,4.000000,17.138505,0.294985,9.732240,0.000000,-1.237318,-1.120893,-0.116425,32.749535,11.114674,44.077568,-3.722177,-5.579494,-6.910680,-0.406717,0.039578,5.957387,0.000000,71.308725,0.000000,2.000000,28.885145,1.403509,16.774143,0.000000,-0.406474,0.197684,-0.604157,25.898301,15.836900,36.604061,-4.408910,-4.145005,-2.861240,-0.099997,0.070379,7.710220,14.000000,93.858268,0.550730,2.000000,28.885145,1.403509,16.774143,0.000000,-0.406474,0.197684,-0.604157,25.898301,15.836900,36.604061,-4.408910,-4.145005,-2.861240,-0.099997,0.070379,8.949965,17.000000,226.785714,0.526469,1.000000,67.431397,80.281690,89.364168,0.000000,1.115329,0.800581,0.314748,32.289193,36.607108,11.070575,2.202335,3.245658,4.372091,0.753639,0.088785,3.796610,6.000000,77.562327,0.632768,2.000000,39.584670,22.013652,22.241183,0.000000,-0.832941,-0.566513,-0.266428,17.237559,20.138537,24.835580,-1.705623,-2.392009,-2.108613,0.180761,0.052532,5.146849,2.000000,61.604096,2.573425,3.000000,38.710099,31.058020,48.862344,1.000000,-0.400952,-0.187177,-0.213775,21.371542,20.850419,29.460426,-2.012463,-2.157944,-1.456255,0.215078,0.069239,7.710526,1.000000,139.523810,7.710526,4.000000,55.212395,69.795222,44.709382,0.000000,-0.190705,-0.099179,-0.091526,22.495392,26.043720,32.710531,0.796759,0.839141,1.629465,0.618221,0.067937,5.849582,4.000000,131.250000,1.462396,7.000000,4.266667,5.000000,135.593220,0.853333,4.000000,3.248899,0.000000,54.756381,0.000000,2.000000,5.601040,7.000000,86.546185,0.800149,2.000000,6.919550,9.000000,230.555556,0.768839,1.000000,2.913800,12.000000,55.242967,0.242817,2.000000,5.568214,13.000000,74.053030,0.428324,3.000000,6.993377,21.000000,189.928058,0.333018,8.000000,3.822882,10.000000,146.315789,0.382288,1.000000,2.546234,5.000000,63.545151,0.509247,2.000000,4.174229,7.000000,96.141479,0.596318,3.000000,4.161092,6.000000,184.023669,0.693515,4.000000,2.000000,1.000000,117.000000,-1.000000,,,,45.396486,30.406852,29.264811,-0.866736,-0.599348,-0.267389,14.658572,20.659633,29.496378,-1.431275,-2.091958,0.374398,0.112345,,8.000000,,32.019394,0.000000,52.813853,-0.258539,-0.239113,-0.019426,18.963291,18.197430,37.309797,-0.931664,-1.398511,-0.194918,0.013283,0.779075,2.600000,,226.785714,61.604096,2.000703,1.146035
2026-02-24T05:45:00Z,0.959164,no_impulse,0,RECLTD,1h,1.000000,43.717277,2.402878,2.000000,1.201439,-0.372797,-0.889132,-2.398905,5.210038,26.000000,73.603083,0.200386,2.000000,33.866707,16.577540,31.762406,1.000000,-0.444823,-0.325792,-0.119031,18.284791,15.728640,35.725851,-1.260553,-1.781715,-3.282411,-0.097322,0.020841,7.617790,23.000000,69.571046,0.331208,3.000000,74.268591,92.140921,92.134146,1.000000,0.728351,0.311413,0.416938,27.686334,36.824520,12.581196,2.348463,2.297570,0.843618,0.894302,0.060992,9.869030,28.000000,175.529412,0.352465,4.000000,17.138505,0.294985,9.732240,0.000000,-1.237318,-1.120893,-0.116425,32.749535,11.114674,44.077568,-3.722177,-5.579494,-6.910680,-0.406717,0.039578,5.957387,0.000000,71.308725,0.000000,2.000000,28.885145,1.403509,16.774143,0.000000,-0.406474,0.197684,-0.604157,25.898301,15.836900,36.604061,-4.408910,-4.145005,-2.861240,-0.099997,0.070379,7.710220,14.000000,93.858268,0.550730,2.000000,28.885145,1.403509,16.774143,0.000000,-0.406474,0.197684,-0.604157,25.898301,15.836900,36.604061,-4.408910,-4.145005,-2.861240,-0.099997,0.070379,8.949965,17.000000,226.785714,0.526469,1.000000,67.431397,80.281690,89.364168,0.000000,1.115329,0.800581,0.314748,32.289193,36.607108,11.070575,2.202335,3.245658,4.372091,0.753639,0.088785,3.796610,6.000000,77.562327,0.632768,2.000000,39.584670,22.013652,22.241183,0.000000,-0.832941,-0.566513,-0.266428,17.237559,20.138537,24.835580,-1.705623,-2.392009,-2.108613,0.180761,0.052532,5.146849,2.000000,61.604096,2.573425,3.000000,38.710099,31.058020,48.862344,1.000000,-0.400952,-0.187177,-0.213775,21.371542,20.850419,29.460426,-2.012463,-2.157944,-1.456255,0.215078,0.069239,7.710526,1.000000,139.523810,7.710526,4.000000,5.849582,4.000000,131.250000,1.462396,7.000000,4.266667,5.000000,135.593220,0.853333,4.000000,3.248899,0.000000,54.756381,0.000000,2.000000,5.601040,7.000000,86.546185,0.800149,2.000000,6.919550,9.000000,230.555556,0.768839,1.000000,2.913800,12.000000,55.242967,0.242817,2.000000,5.568214,13.000000,74.053030,0.428324,3.000000,6.993377,21.000000,189.928058,0.333018,8.000000,3.822882,10.000000,146.315789,0.382288,1.000000,2.546234,5.000000,63.545151,0.509247,2.000000,4.174229,7.000000,96.141479,0.596318,3.000000,3.000000,1.000000,119.000000,-1.000000,,,,45.396486,30.406852,29.264811,-0.866736,-0.599348,-0.267389,14.658572,20.659633,29.496378,-1.431275,-2.091958,0.374398,0.112345,,1.000000,,60.415111,100.000000,83.489097,-0.071063,-0.204581,0.133518,18.580349,31.609208,22.625878,0.775452,0.418995,0.949461,0.017388,0.354313,0.165289,,226.785714,61.604096,1.893229,1.003506
2026-02-24T07:45:00Z,0.940836,no_impulse,0,RECLTD,1h,-1.000000,81.437126,1.910918,2.000000,0.955459,-0.462124,-0.995252,-2.537704,2.402878,2.000000,43.717277,1.201439,3.000000,44.421842,47.058824,38.680927,1.000000,-0.389249,-0.350001,-0.039248,18.233387,23.897023,28.159765,-0.372797,-0.889132,-2.398905,0.291451,0.017809,5.210038,26.000000,73.603083,0.200386,2.000000,33.866707,16.577540,31.762406,1.000000,-0.444823,-0.325792,-0.119031,18.284791,15.728640,35.725851,-1.260553,-1.781715,-3.282411,-0.097322,0.020841,7.617790,23.000000,69.571046,0.331208,3.000000,74.268591,92.140921,92.134146,1.000000,0.728351,0.311413,0.416938,27.686334,36.824520,12.581196,2.348463,2.297570,0.843618,0.894302,0.060992,9.869030,28.000000,175.529412,0.352465,4.000000,17.138505,0.294985,9.732240,0.000000,-1.237318,-1.120893,-0.116425,32.749535,11.114674,44.077568,-3.722177,-5.579494,-6.910680,-0.406717,0.039578,5.957387,0.000000,71.308725,0.000000,2.000000,28.885145,1.403509,16.774143,0.000000,-0.406474,0.197684,-0.604157,25.898301,15.836900,36.604061,-4.408910,-4.145005,-2.861240,-0.099997,0.070379,7.710220,14.000000,93.858268,0.550730,2.000000,28.885145,1.403509,16.774143,0.000000,-0.406474,0.197684,-0.604157,25.898301,15.836900,36.604061,-4.408910,-4.145005,-2.861240,-0.099997,0.070379,8.949965,17.000000,226.785714,0.526469,1.000000,67.431397,80.281690,89.364168,0.000000,1.115329,0.800581,0.314748,32.289193,36.607108,11.070575,2.202335,3.245658,4.372091,0.753639,0.088785,3.796610,6.000000,77.562327,0.632768,2.000000,39.584670,22.013652,22.241183,0.000000,-0.832941,-0.566513,-0.266428,17.237559,20.138537,24.835580,-1.705623,-2.392009,-2.108613,0.180761,0.052532,5.146849,2.000000,61.604096,2.573425,3.000000,7.710526,1.000000,139.523810,7.710526,4.000000,5.849582,4.000000,131.250000,1.462396,7.000000,4.266667,5.000000,135.593220,0.853333,4.000000,3.248899,0.000000,54.756381,0.000000,2.000000,5.601040,7.000000,86.546185,0.800149,2.000000,6.919550,9.000000,230.555556,0.768839,1.000000,2.913800,12.000000,55.242967,0.242817,2.000000,5.568214,13.000000,74.053030,0.428324,3.000000,6.993377,21.000000,189.928058,0.333018,8.000000,3.822882,10.000000,146.315789,0.382288,1.000000,2.546234,5.000000,63.545151,0.509247,2.000000,2.000000,1.000000,121.000000,-1.000000,,,,45.396486,37.221494,31.393603,-0.867698,-0.653018,-0.214681,14.666468,20.783392,27.986233,-1.294963,-2.009921,0.381617,0.107989,,1.000000,,44.688449,18.439716,31.839286,-0.070760,-0.059719,-0.011040,13.608926,26.740318,25.352306,-0.337067,-0.607104,0.325808,0.019285,0.296859,0.168067,,226.785714,43.717277,2.342288,0.647106
2026-02-25T03:45:00Z,0.963612,no_impulse,0,RECLTD,1h,1.000000,124.264706,2.420857,3.000000,0.806952,0.501130,0.105364,-1.379307,1.910918,2.000000,81.437126,0.955459,2.000000,42.710713,40.106952,43.137255,1.000000,-0.373757,-0.360089,-0.013668,18.233539,20.691512,30.502052,-0.462124,-0.995252,-2.537704,0.221640,0.016525,2.402878,2.000000,43.717277,1.201439,3.000000,44.421842,47.058824,38.680927,1.000000,-0.389249,-0.350001,-0.039248,18.233387,23.897023,28.159765,-0.372797,-0.889132,-2.398905,0.291451,0.017809,5.210038,26.000000,73.603083,0.200386,2.000000,33.866707,16.577540,31.762406,1.000000,-0.444823,-0.325792,-0.119031,18.284791,15.728640,35.725851,-1.260553,-1.781715,-3.282411,-0.097322,0.020841,7.617790,23.000000,69.571046,0.331208,3.000000,74.268591,92.140921,92.134146,1.000000,0.728351,0.311413,0.416938,27.686334,36.824520,12.581196,2.348463,2.297570,0.843618,0.894302,0.060992,9.869030,28.000000,175.529412,0.352465,4.000000,17.138505,0.294985,9.732240,0.000000,-1.237318,-1.120893,-0.116425,32.749535,11.114674,44.077568,-3.722177,-5.579494,-6.910680,-0.406717,0.039578,5.957387,0.000000,71.308725,0.000000,2.000000,28.885145,1.403509,16.774143,0.000000,-0.406474,0.197684,-0.604157,25.898301,15.836900,36.604061,-4.408910,-4.145005,-2.861240,-0.099997,0.070379,7.710220,14.000000,93.858268,0.550730,2.000000,28.885145,1.403509,16.774143,0.000000,-0.406474,0.197684,-0.604157,25.898301,15.836900,36.604061,-4.408910,-4.145005,-2.861240,-0.099997,0.070379,8.949965,17.000000,226.785714,0.526469,1.000000,67.431397,80.281690,89.364168,0.000000,1.115329,0.800581,0.314748,32.289193,36.607108,11.070575,2.202335,3.245658,4.372091,0.753639,0.088785,3.796610,6.000000,77.562327,0.632768,2.000000,5.146849,2.000000,61.604096,2.573425,3.000000,7.710526,1.000000,139.523810,7.710526,4.000000,5.849582,4.000000,131.250000,1.462396,7.000000,4.266667,5.000000,135.593220,0.853333,4.000000,3.248899,0.000000,54.756381,0.000000,2.000000,5.601040,7.000000,86.546185,0.800149,2.000000,6.919550,9.000000,230.555556,0.768839,1.000000,2.913800,12.000000,55.242967,0.242817,2.000000,5.568214,13.000000,74.053030,0.428324,3.000000,6.993377,21.000000,189.928058,0.333018,8.000000,3.822882,10.000000,146.315789,0.382288,1.000000,1.000000,2.000000,124.000000,-1.000000,,,,45.396486,37.221494,31.393603,-0.867698,-0.653018,-0.214681,14.666468,20.783392,27.986233,-1.294963,-2.009921,0.381617,0.107989,,1.000000,,65.832298,81.656805,83.440194,0.189157,0.037926,0.151231,16.112675,40.587834,16.043534,1.026849,1.005078,1.032623,0.019479,0.413315,0.250000,,226.785714,43.717277,2.684902,0.406234
2026-02-25T07:45:00Z,0.944340,no_impulse,0,RECLTD,1h,-1.000000,84.615385,2.000000,4.000000,0.500000,-0.667378,-1.056798,-2.568641,2.420857,3.000000,124.264706,0.806952,1.000000,54.786759,76.000000,73.639929,1.000000,-0.153975,-0.288313,0.134338,15.870432,30.108001,23.703674,0.501130,0.105364,-1.379307,0.785002,0.017672,1.910918,2.000000,81.437126,0.955459,2.000000,42.710713,40.106952,43.137255,1.000000,-0.373757,-0.360089,-0.013668,18.233539,20.691512,30.502052,-0.462124,-0.995252,-2.537704,0.221640,0.016525,2.402878,2.000000,43.717277,1.201439,3.000000,44.421842,47.058824,38.680927,1.000000,-0.389249,-0.350001,-0.039248,18.233387,23.897023,28.159765,-0.372797,-0.889132,-2.398905,0.291451,0.017809,5.210038,26.000000,73.603083,0.200386,2.000000,33.866707,16.577540,31.762406,1.000000,-0.444823,-0.325792,-0.119031,18.284791,15.728640,35.725851,-1.260553,-1.781715,-3.282411,-0.097322,0.020841,7.617790,23.000000,69.571046,0.331208,3.000000,74.268591,92.140921,92.134146,1.000000,0.728351,0.311413,0.416938,27.686334,36.824520,12.581196,2.348463,2.297570,0.843618,0.894302,0.060992,9.869030,28.000000,175.529412,0.352465,4.000000,17.138505,0.294985,9.732240,0.000000,-1.237318,-1.120893,-0.116425,32.749535,11.114674,44.077568,-3.722177,-5.579494,-6.910680,-0.406717,0.039578,5.957387,0.000000,71.308725,0.000000,2.000000,28.885145,1.403509,16.774143,0.000000,-0.406474,0.197684,-0.604157,25.898301,15.836900,36.604061,-4.408910,-4.145005,-2.861240,-0.099997,0.070379,7.710220,14.000000,93.858268,0.550730,2.000000,28.885145,1.403509,16.774143,0.000000,-0.406474,0.197684,-0.604157,25.898301,15.836900,36.604061,-4.408910,-4.145005,-2.861240,-0.099997,0.070379,8.949965,17.000000,226.785714,0.526469,1.000000,3.796610,6.000000,77.562327,0.632768,2.000000,5.146849,2.000000,61.604096,2.573425,3.000000,7.710526,1.000000,139.523810,7.710526,4.000000,5.849582,4.000000,131.250000,1.462396,7.000000,4.266667,5.000000,135.593220,0.853333,4.000000,3.248899,0.000000,54.756381,0.000000,2.000000,5.601040,7.000000,86.546185,0.800149,2.000000,6.919550,9.000000,230.555556,0.768839,1.000000,2.913800,12.000000,55.242967,0.242817,2.000000,5.568214,13.000000,74.053030,0.428324,3.000000,6.993377,21.000000,189.928058,0.333018,8.000000,2.000000,3.000000,128.000000,-1.000000,,,,45.485587,37.483617,35.037321,-0.856068,-0.693480,-0.162588,14.673800,19.813202,26.679807,-1.145752,-1.903422,0.395792,0.108703,,0.000000,,39.987462,3.846154,6.642321,-0.043532,0.091000,-0.134532,17.795053,21.236655,26.643851,-0.562284,-0.540146,0.141608,0.015601,0.358130,0.330579,,226.785714,43.717277,2.895185,0.296722
2026-02-26T03:45:00Z,0.963612,no_impulse,0,RECLTD,1h,1.000000,100.000000,2.040816,3.000000,0.680272,0.303621,0.007279,-1.451190,2.000000,4.000000,84.615385,0.500000,2.000000,42.124586,32.000000,48.000000,1.000000,-0.169008,-0.197539,0.028531,13.548394,22.420452,26.038644,-0.667378,-1.056798,-2.568641,0.134914,0.018159,2.420857,3.000000,124.264706,0.806952,1.000000,54.786759,76.000000,73.639929,1.000000,-0.153975,-0.288313,0.134338,15.870432,30.108001,23.703674,0.501130,0.105364,-1.379307,0.785002,0.017672,1.910918,2.000000,81.437126,0.955459,2.000000,42.710713,40.106952,43.137255,1.000000,-0.373757,-0.360089,-0.013668,18.233539,20.691512,30.502052,-0.462124,-0.995252,-2.537704,0.221640,0.016525,2.402878,2.000000,43.717277,1.201439,3.000000,44.421842,47.058824,38.680927,1.000000,-0.389249,-0.350001,-0.039248,18.233387,23.897023,28.159765,-0.372797,-0.889132,-2.398905,0.291451,0.017809,5.210038,26.000000,73.603083,0.200386,2.000000,33.866707,16.577540,31.762406,1.000000,-0.444823,-0.325792,-0.119031,18.284791,15.728640,35.725851,-1.260553,-1.781715,-3.282411,-0.097322,0.020841,7.617790,23.000000,69.571046,0.331208,3.000000,74.268591,92.140921,92.134146,1.000000,0.728351,0.311413,0.416938,27.686334,36.824520,12.581196,2.348463,2.297570,0.843618,0.894302,0.060992,9.869030,28.000000,175.529412,0.352465,4.000000,17.138505,0.294985,9.732240,0.000000,-1.237318,-1.120893,-0.116425,32.749535,11.114674,44.077568,-3.722177,-5.579494,-6.910680,-0.406717,0.039578,5.957387,0.000000,71.308725,0.000000,2.000000,28.885145,1.403509,16.774143,0.000000,-0.406474,0.197684,-0.604157,25.898301,15.836900,36.604061,-4.408910,-4.145005,-2.861240,-0.099997,0.070379,7.710220,14.000000,93.858268,0.550730,2.000000,8.949965,17.000000,226.785714,0.526469,1.000000,3.796610,6.000000,77.562327,0.632768,2.000000,5.146849,2.000000,61.604096,2.573425,3.000000,7.710526,1.000000,139.523810,7.710526,4.000000,5.849582,4.000000,131.250000,1.462396,7.000000,4.266667,5.000000,135.593220,0.853333,4.000000,3.248899,0.000000,54.756381,0.000000,2.000000,5.601040,7.000000,86.546185,0.800149,2.000000,6.919550,9.000000,230.555556,0.768839,1.000000,2.913800,12.000000,55.242967,0.242817,2.000000,5.568214,13.000000,74.053030,0.428324,3.000000,3.000000,1.000000,131.000000,-1.000000,,,,45.485587,37.483617,35.037321,-0.856068,-0.693480,-0.162588,14.673800,19.813202,26.679807,-1.145752,-1.903422,0.395792,0.108703,,1.000000,,67.399656,86.013986,77.303496,0.069304,-0.035752,0.105056,18.848819,43.815637,15.407491,1.001959,1.034223,1.044548,0.018586,0.377586,0.252101,,226.785714,43.717277,3.068993,0.415724
2026-03-02T07:45:00Z,0.902022,no_impulse,0,RECLTD,1h,-1.000000,319.580420,6.391608,18.000000,0.355089,-2.508160,-3.631858,-5.675131,2.040816,3.000000,100.000000,0.680272,3.000000,52.678962,64.367816,64.622605,0.000000,-0.056461,-0.142696,0.086235,12.912017,31.723048,21.020140,0.303621,0.007279,-1.451190,0.665522,0.018399,2.000000,4.000000,84.615385,0.500000,2.000000,42.124586,32.000000,48.000000,1.000000,-0.169008,-0.197539,0.028531,13.548394,22.420452,26.038644,-0.667378,-1.056798,-2.568641,0.134914,0.018159,2.420857,3.000000,124.264706,0.806952,1.000000,54.786759,76.000000,73.639929,1.000000,-0.153975,-0.288313,0.134338,15.870432,30.108001,23.703674,0.501130,0.105364,-1.379307,0.785002,0.017672,1.910918,2.000000,81.437126,0.955459,2.000000,42.710713,40.106952,43.137255,1.000000,-0.373757,-0.360089,-0.013668,18.233539,20.691512,30.502052,-0.462124,-0.995252,-2.537704,0.221640,0.016525,2.402878,2.000000,43.717277,1.201439,3.000000,44.421842,47.058824,38.680927,1.000000,-0.389249,-0.350001,-0.039248,18.233387,23.897023,28.159765,-0.372797,-0.889132,-2.398905,0.291451,0.017809,5.210038,26.000000,73.603083,0.200386,2.000000,33.866707,16.577540,31.762406,1.000000,-0.444823,-0.325792,-0.119031,18.284791,15.728640,35.725851,-1.260553,-1.781715,-3.282411,-0.097322,0.020841,7.617790,23.000000,69.571046,0.331208,3.000000,74.268591,92.140921,92.134146,1.000000,0.728351,0.311413,0.416938,27.686334,36.824520,12.581196,2.348463,2.297570,0.843618,0.894302,0.060992,9.869030,28.000000,175.529412,0.352465,4.000000,17.138505,0.294985,9.732240,0.000000,-1.237318,-1.120893,-0.116425,32.749535,11.114674,44.077568,-3.722177,-5.579494,-6.910680,-0.406717,0.039578,5.957387,0.000000,71.308725,0.000000,2.000000,7.710220,14.000000,93.858268,0.550730,2.000000,8.949965,17.000000,226.785714,0.526469,1.000000,3.796610,6.000000,77.562327,0.632768,2.000000,5.146849,2.000000,61.604096,2.573425,3.000000,7.710526,1.000000,139.523810,7.710526,4.000000,5.849582,4.000000,131.250000,1.462396,7.000000,4.266667,5.000000,135.593220,0.853333,4.000000,3.248899,0.000000,54.756381,0.000000,2.000000,5.601040,7.000000,86.546185,0.800149,2.000000,6.919550,9.000000,230.555556,0.768839,1.000000,2.913800,12.000000,55.242967,0.242817,2.000000,4.000000,2.000000,149.000000,-1.000000,,,,35.510716,13.458529,29.418526,-1.284257,-0.876680,-0.407577,16.349302,16.849745,34.505226,-4.914514,-6.082201,0.117011,0.122309,,6.000000,,17.881771,0.675676,3.231580,-0.971521,-0.895280,-0.076241,48.663094,8.120481,43.959146,-1.452458,-2.775433,0.211515,0.049627,1.355880,1.714286,81.000000,175.529412,43.717277,2.957937,0.678474
2026-03-02T09:45:00Z,0.917925,no_impulse,0,RECLTD,1h,1.000000,25.820569,1.763036,2.000000,0.881518,-1.683403,-2.947979,-5.133297,6.391608,18.000000,319.580420,0.355089,4.000000,27.745886,18.952618,7.807284,1.000000,-1.071835,-0.632836,-0.438998,20.054168,14.218749,44.740165,-2.508160,-3.631858,-5.675131,0.125912,0.065407,2.040816,3.000000,100.000000,0.680272,3.000000,52.678962,64.367816,64.622605,0.000000,-0.056461,-0.142696,0.086235,12.912017,31.723048,21.020140,0.303621,0.007279,-1.451190,0.665522,0.018399,2.000000,4.000000,84.615385,0.500000,2.000000,42.124586,32.000000,48.000000,1.000000,-0.169008,-0.197539,0.028531,13.548394,22.420452,26.038644,-0.667378,-1.056798,-2.568641,0.134914,0.018159,2.420857,3.000000,124.264706,0.806952,1.000000,54.786759,76.000000,73.639929,1.000000,-0.153975,-0.288313,0.134338,15.870432,30.108001,23.703674,0.501130,0.105364,-1.379307,0.785002,0.017672,1.910918,2.000000,81.437126,0.955459,2.000000,42.710713,40.106952,43.137255,1.000000,-0.373757,-0.360089,-0.013668,18.233539,20.691512,30.502052,-0.462124,-0.995252,-2.537704,0.221640,0.016525,2.402878,2.000000,43.717277,1.201439,3.000000,44.421842,47.058824,38.680927,1.000000,-0.389249,-0.350001,-0.039248,18.233387,23.897023,28.159765,-0.372797,-0.889132,-2.398905,0.291451,0.017809,5.210038,26.000000,73.603083,0.200386,2.000000,33.866707,16.577540,31.762406,1.000000,-0.444823,-0.325792,-0.119031,18.284791,15.728640,35.725851,-1.260553,-1.781715,-3.282411,-0.097322,0.020841,7.617790,23.000000,69.571046,0.331208,3.000000,74.268591,92.140921,92.134146,1.000000,0.728351,0.311413,0.416938,27.686334,36.824520,12.581196,2.348463,2.297570,0.843618,0.894302,0.060992,9.869030,28.000000,175.529412,0.352465,4.000000,5.957387,0.000000,71.308725,0.000000,2.000000,7.710220,14.000000,93.858268,0.550730,2.000000,8.949965,17.000000,226.785714,0.526469,1.000000,3.796610,6.000000,77.562327,0.632768,2.000000,5.146849,2.000000,61.604096,2.573425,3.000000,7.710526,1.000000,139.523810,7.710526,4.000000,5.849582,4.000000,131.250000,1.462396,7.000000,4.266667,5.000000,135.593220,0.853333,4.000000,3.248899,0.000000,54.756381,0.000000,2.000000,5.601040,7.000000,86.546185,0.800149,2.000000,6.919550,9.000000,230.555556,0.768839,1.000000,3.000000,3.000000,151.000000,-1.000000,,,,35.510716,13.458529,29.418526,-1.284257,-0.876680,-0.407577,16.349302,16.849745,34.505226,-4.914514,-6.082201,0.117011,0.122309,,1.000000,,46.265983,88.135593,72.230835,-0.565926,-0.753370,0.187443,43.613536,21.598859,27.371523,0.037630,-1.155180,0.518582,0.020259,0.384763,0.183486,83.000000,319.580420,43.717277,2.836423,1.549067
2026-03-04T06:45:00Z,0.873854,no_impulse,0,RECLTD,1h,-1.000000,277.118644,4.801057,4.000000,1.200264,-3.642582,-5.761411,-8.676609,1.763036,2.000000,25.820569,0.881518,3.000000,32.274946,26.598465,22.302623,0.000000,-1.124397,-0.807270,-0.317128,22.864661,17.554336,39.971789,-1.683403,-2.947979,-5.133297,0.262809,0.069797,6.391608,18.000000,319.580420,0.355089,4.000000,27.745886,18.952618,7.807284,1.000000,-1.071835,-0.632836,-0.438998,20.054168,14.218749,44.740165,-2.508160,-3.631858,-5.675131,0.125912,0.065407,2.040816,3.000000,100.000000,0.680272,3.000000,52.678962,64.367816,64.622605,0.000000,-0.056461,-0.142696,0.086235,12.912017,31.723048,21.020140,0.303621,0.007279,-1.451190,0.665522,0.018399,2.000000,4.000000,84.615385,0.500000,2.000000,42.124586,32.000000,48.000000,1.000000,-0.169008,-0.197539,0.028531,13.548394,22.420452,26.038644,-0.667378,-1.056798,-2.568641,0.134914,0.018159,2.420857,3.000000,124.264706,0.806952,1.000000,54.786759,76.000000,73.639929,1.000000,-0.153975,-0.288313,0.134338,15.870432,30.108001,23.703674,0.501130,0.105364,-1.379307,0.785002,0.017672,1.910918,2.000000,81.437126,0.955459,2.000000,42.710713,40.106952,43.137255,1.000000,-0.373757,-0.360089,-0.013668,18.233539,20.691512,30.502052,-0.462124,-0.995252,-2.537704,0.221640,0.016525,2.402878,2.000000,43.717277,1.201439,3.000000,44.421842,47.058824,38.680927,1.000000,-0.389249,-0.350001,-0.039248,18.233387,23.897023,28.159765,-0.372797,-0.889132,-2.398905,0.291451,0.017809,5.210038,26.000000,73.603083,0.200386,2.000000,33.866707,16.577540,31.762406,1.000000,-0.444823,-0.325792,-0.119031,18.284791,15.728640,35.725851,-1.260553,-1.781715,-3.282411,-0.097322,0.020841,7.617790,23.000000,69.571046,0.331208,3.000000,9.869030,28.000000,175.529412,0.352465,4.000000,5.957387,0.000000,71.308725,0.000000,2.000000,7.710220,14.000000,93.858268,0.550730,2.000000,8.949965,17.000000,226.785714,0.526469,1.000000,3.796610,6.000000,77.562327,0.632768,2.000000,5.146849,2.000000,61.604096,2.573425,3.000000,7.710526,1.000000,139.523810,7.710526,4.000000,5.849582,4.000000,131.250000,1.462396,7.000000,4.266667,5.000000,135.593220,0.853333,4.000000,3.248899,0.000000,54.756381,0.000000,2.000000,5.601040,7.000000,86.546185,0.800149,2.000000,4.000000,4.000000,155.000000,-1.000000,,,,41.793479,41.627358,21.939007,-1.773552,-1.188837,-0.584715,19.132719,18.461582,34.452649,-2.964227,-4.639410,0.268333,0.124268,,0.000000,,25.145929,0.311526,1.580443,-1.246975,-1.192840,-0.054135,52.519506,9.363319,39.063521,-1.825328,-3.869734,0.223977,0.064944,1.153353,0.360360,87.000000,319.580420,25.820569,2.919368,1.610206
2026-03-05T04:45:00Z,0.922911,no_impulse,0,RECLTD,1h,1.000000,111.314985,5.613819,5.000000,1.122764,1.111687,-1.017922,-4.268020,4.801057,4.000000,277.118644,1.200264,4.000000,24.352687,11.904762,6.984038,0.000000,-1.914243,-1.370886,-0.543357,33.220829,10.648473,50.570362,-3.642582,-5.761411,-8.676609,0.175157,0.108193,1.763036,2.000000,25.820569,0.881518,3.000000,32.274946,26.598465,22.302623,0.000000,-1.124397,-0.807270,-0.317128,22.864661,17.554336,39.971789,-1.683403,-2.947979,-5.133297,0.262809,0.069797,6.391608,18.000000,319.580420,0.355089,4.000000,27.745886,18.952618,7.807284,1.000000,-1.071835,-0.632836,-0.438998,20.054168,14.218749,44.740165,-2.508160,-3.631858,-5.675131,0.125912,0.065407,2.040816,3.000000,100.000000,0.680272,3.000000,52.678962,64.367816,64.622605,0.000000,-0.056461,-0.142696,0.086235,12.912017,31.723048,21.020140,0.303621,0.007279,-1.451190,0.665522,0.018399,2.000000,4.000000,84.615385,0.500000,2.000000,42.124586,32.000000,48.000000,1.000000,-0.169008,-0.197539,0.028531,13.548394,22.420452,26.038644,-0.667378,-1.056798,-2.568641,0.134914,0.018159,2.420857,3.000000,124.264706,0.806952,1.000000,54.786759,76.000000,73.639929,1.000000,-0.153975,-0.288313,0.134338,15.870432,30.108001,23.703674,0.501130,0.105364,-1.379307,0.785002,0.017672,1.910918,2.000000,81.437126,0.955459,2.000000,42.710713,40.106952,43.137255,1.000000,-0.373757,-0.360089,-0.013668,18.233539,20.691512,30.502052,-0.462124,-0.995252,-2.537704,0.221640,0.016525,2.402878,2.000000,43.717277,1.201439,3.000000,44.421842,47.058824,38.680927,1.000000,-0.389249,-0.350001,-0.039248,18.233387,23.897023,28.159765,-0.372797,-0.889132,-2.398905,0.291451,0.017809,5.210038,26.000000,73.603083,0.200386,2.000000,7.617790,23.000000,69.571046,0.331208,3.000000,9.869030,28.000000,175.529412,0.352465,4.000000,5.957387,0.000000,71.308725,0.000000,2.000000,7.710220,14.000000,93.858268,0.550730,2.000000,8.949965,17.000000,226.785714,0.526469,1.000000,3.796610,6.000000,77.562327,0.632768,2.000000,5.146849,2.000000,61.604096,2.573425,3.000000,7.710526,1.000000,139.523810,7.710526,4.000000,5.849582,4.000000,131.250000,1.462396,7.000000,4.266667,5.000000,135.593220,0.853333,4.000000,3.248899,0.000000,54.756381,0.000000,2.000000,7.000000,5.000000,160.000000,-1.000000,,,,41.793479,41.627358,21.939007,-1.773552,-1.188837,-0.584715,19.132719,18.461582,34.452649,-2.964227,-4.639410,0.268333,0.124268,,3.000000,,59.930171,92.397661,80.959848,0.005301,-0.321906,0.327207,30.516885,29.334749,17.080536,1.048190,0.053303,0.857753,0.029610,1.535550,0.574713,69.000000,319.580420,25.820569,2.159763,2.005007
2026-03-05T04:45:00Z,0.895148,no_impulse,0,RECLTD,1h,-1.000000,56.593407,3.008178,0.000000,0.000000,1.111687,-1.017922,-4.268020,5.613819,5.000000,111.314985,1.122764,7.000000,52.383310,89.010989,49.915654,0.000000,-1.427333,-1.583097,0.155764,34.931515,31.538052,30.545418,1.111687,-1.017922,-4.268020,0.612548,0.099885,4.801057,4.000000,277.118644,1.200264,4.000000,24.352687,11.904762,6.984038,0.000000,-1.914243,-1.370886,-0.543357,33.220829,10.648473,50.570362,-3.642582,-5.761411,-8.676609,0.175157,0.108193,1.763036,2.000000,25.820569,0.881518,3.000000,32.274946,26.598465,22.302623,0.000000,-1.124397,-0.807270,-0.317128,22.864661,17.554336,39.971789,-1.683403,-2.947979,-5.133297,0.262809,0.069797,6.391608,18.000000,319.580420,0.355089,4.000000,27.745886,18.952618,7.807284,1.000000,-1.071835,-0.632836,-0.438998,20.054168,14.218749,44.740165,-2.508160,-3.631858,-5.675131,0.125912,0.065407,2.040816,3.000000,100.000000,0.680272,3.000000,52.678962,64.367816,64.622605,0.000000,-0.056461,-0.142696,0.086235,12.912017,31.723048,21.020140,0.303621,0.007279,-1.451190,0.665522,0.018399,2.000000,4.000000,84.615385,0.500000,2.000000,42.124586,32.000000,48.000000,1.000000,-0.169008,-0.197539,0.028531,13.548394,22.420452,26.038644,-0.667378,-1.056798,-2.568641,0.134914,0.018159,2.420857,3.000000,124.264706,0.806952,1.000000,54.786759,76.000000,73.639929,1.000000,-0.153975,-0.288313,0.134338,15.870432,30.108001,23.703674,0.501130,0.105364,-1.379307,0.785002,0.017672,1.910918,2.000000,81.437126,0.955459,2.000000,42.710713,40.106952,43.137255,1.000000,-0.373757,-0.360089,-0.013668,18.233539,20.691512,30.502052,-0.462124,-0.995252,-2.537704,0.221640,0.016525,2.402878,2.000000,43.717277,1.201439,3.000000,5.210038,26.000000,73.603083,0.200386,2.000000,7.617790,23.000000,69.571046,0.331208,3.000000,9.869030,28.000000,175.529412,0.352465,4.000000,5.957387,0.000000,71.308725,0.000000,2.000000,7.710220,14.000000,93.858268,0.550730,2.000000,8.949965,17.000000,226.785714,0.526469,1.000000,3.796610,6.000000,77.562327,0.632768,2.000000,5.146849,2.000000,61.604096,2.573425,3.000000,7.710526,1.000000,139.523810,7.710526,4.000000,5.849582,4.000000,131.250000,1.462396,7.000000,4.266667,5.000000,135.593220,0.853333,4.000000,7.000000,6.000000,0.000000,-1.000000,,,,41.793479,41.627358,21.939007,-1.773552,-1.188837,-0.584715,19.132719,18.461582,34.452649,-2.964227,-4.639410,0.268333,0.124268,,0.000000,,59.930171,92.397661,80.959848,0.005301,-0.321906,0.327207,30.516885,29.334749,17.080536,1.048190,0.053303,0.857753,0.029610,0.870547,0.000000,69.000000,319.580420,25.820569,1.817094,1.167314
2026-03-06T03:45:00Z,0.945553,no_impulse,0,RECLTD,1h,1.000000,181.553398,5.630834,6.000000,0.938472,2.491470,1.201154,-1.917979,3.008178,0.000000,56.593407,0.000000,7.000000,52.383310,89.010989,49.915654,0.000000,-1.427333,-1.583097,0.155764,34.931515,31.538052,30.545418,1.111687,-1.017922,-4.268020,0.612548,0.099885,5.613819,5.000000,111.314985,1.122764,7.000000,52.383310,89.010989,49.915654,0.000000,-1.427333,-1.583097,0.155764,34.931515,31.538052,30.545418,1.111687,-1.017922,-4.268020,0.612548,0.099885,4.801057,4.000000,277.118644,1.200264,4.000000,24.352687,11.904762,6.984038,0.000000,-1.914243,-1.370886,-0.543357,33.220829,10.648473,50.570362,-3.642582,-5.761411,-8.676609,0.175157,0.108193,1.763036,2.000000,25.820569,0.881518,3.000000,32.274946,26.598465,22.302623,0.000000,-1.124397,-0.807270,-0.317128,22.864661,17.554336,39.971789,-1.683403,-2.947979,-5.133297,0.262809,0.069797,6.391608,18.000000,319.580420,0.355089,4.000000,27.745886,18.952618,7.807284,1.000000,-1.071835,-0.632836,-0.438998,20.054168,14.218749,44.740165,-2.508160,-3.631858,-5.675131,0.125912,0.065407,2.040816,3.000000,100.000000,0.680272,3.000000,52.678962,64.367816,64.622605,0.000000,-0.056461,-0.142696,0.086235,12.912017,31.723048,21.020140,0.303621,0.007279,-1.451190,0.665522,0.018399,2.000000,4.000000,84.615385,0.500000,2.000000,42.124586,32.000000,48.000000,1.000000,-0.169008,-0.197539,0.028531,13.548394,22.420452,26.038644,-0.667378,-1.056798,-2.568641,0.134914,0.018159,2.420857,3.000000,124.264706,0.806952,1.000000,54.786759,76.000000,73.639929,1.000000,-0.153975,-0.288313,0.134338,15.870432,30.108001,23.703674,0.501130,0.105364,-1.379307,0.785002,0.017672,1.910918,2.000000,81.437126,0.955459,2.000000,2.402878,2.000000,43.717277,1.201439,3.000000,5.210038,26.000000,73.603083,0.200386,2.000000,7.617790,23.000000,69.571046,0.331208,3.000000,9.869030,28.000000,175.529412,0.352465,4.000000,5.957387,0.000000,71.308725,0.000000,2.000000,7.710220,14.000000,93.858268,0.550730,2.000000,8.949965,17.000000,226.785714,0.526469,1.000000,3.796610,6.000000,77.562327,0.632768,2.000000,5.146849,2.000000,61.604096,2.573425,3.000000,7.710526,1.000000,139.523810,7.710526,4.000000,5.849582,4.000000,131.250000,1.462396,7.000000,1.000000,1.000000,6.000000,-1.000000,,,,40.344004,35.259434,29.205975,-1.860211,-1.330683,-0.529527,19.061732,21.902915,31.609480,-3.423559,-5.257847,0.187777,0.106021,,2.000000,,72.936756,99.502488,83.298729,0.748121,0.615382,0.132739,39.806181,40.206160,9.743377,2.262854,2.901651,1.359062,0.026951,1.740428,1.395349,75.000000,319.580420,25.820569,1.711184,1.316572
2026-03-09T03:45:00Z,0.869272,no_impulse,0,RECLTD,1h,-1.000000,151.336898,8.067275,7.000000,1.152468,-3.944474,-5.098902,-8.470910,5.630834,6.000000,181.553398,0.938472,1.000000,62.399536,87.406015,90.333255,1.000000,-0.214800,-0.866159,0.651359,27.256796,37.702251,17.934534,2.491470,1.201154,-1.917979,0.853353,0.072311,3.008178,0.000000,56.593407,0.000000,7.000000,52.383310,89.010989,49.915654,0.000000,-1.427333,-1.583097,0.155764,34.931515,31.538052,30.545418,1.111687,-1.017922,-4.268020,0.612548,0.099885,5.613819,5.000000,111.314985,1.122764,7.000000,52.383310,89.010989,49.915654,0.000000,-1.427333,-1.583097,0.155764,34.931515,31.538052,30.545418,1.111687,-1.017922,-4.268020,0.612548,0.099885,4.801057,4.000000,277.118644,1.200264,4.000000,24.352687,11.904762,6.984038,0.000000,-1.914243,-1.370886,-0.543357,33.220829,10.648473,50.570362,-3.642582,-5.761411,-8.676609,0.175157,0.108193,1.763036,2.000000,25.820569,0.881518,3.000000,32.274946,26.598465,22.302623,0.000000,-1.124397,-0.807270,-0.317128,22.864661,17.554336,39.971789,-1.683403,-2.947979,-5.133297,0.262809,0.069797,6.391608,18.000000,319.580420,0.355089,4.000000,27.745886,18.952618,7.807284,1.000000,-1.071835,-0.632836,-0.438998,20.054168,14.218749,44.740165,-2.508160,-3.631858,-5.675131,0.125912,0.065407,2.040816,3.000000,100.000000,0.680272,3.000000,52.678962,64.367816,64.622605,0.000000,-0.056461,-0.142696,0.086235,12.912017,31.723048,21.020140,0.303621,0.007279,-1.451190,0.665522,0.018399,2.000000,4.000000,84.615385,0.500000,2.000000,42.124586,32.000000,48.000000,1.000000,-0.169008,-0.197539,0.028531,13.548394,22.420452,26.038644,-0.667378,-1.056798,-2.568641,0.134914,0.018159,2.420857,3.000000,124.264706,0.806952,1.000000,1.910918,2.000000,81.437126,0.955459,2.000000,2.402878,2.000000,43.717277,1.201439,3.000000,5.210038,26.000000,73.603083,0.200386,2.000000,7.617790,23.000000,69.571046,0.331208,3.000000,9.869030,28.000000,175.529412,0.352465,4.000000,5.957387,0.000000,71.308725,0.000000,2.000000,7.710220,14.000000,93.858268,0.550730,2.000000,8.949965,17.000000,226.785714,0.526469,1.000000,3.796610,6.000000,77.562327,0.632768,2.000000,5.146849,2.000000,61.604096,2.573425,3.000000,7.710526,1.000000,139.523810,7.710526,4.000000,8.000000,1.000000,13.000000,-1.000000,,,,33.507198,7.456140,28.114311,-2.344758,-1.581901,-0.762856,20.113381,19.363570,39.123231,-7.352167,-9.649896,-0.105621,0.113085,,1.000000,,15.086834,2.962963,6.450491,-0.520749,-0.031241,-0.489508,27.126324,9.651466,60.532220,-5.062819,-5.068045,-0.482356,0.049054,2.267291,1.489362,82.000000,319.580420,25.820569,1.836571,1.100120
2026-03-09T03:45:00Z,0.898113,no_impulse,0,RECLTD,1h,1.000000,37.809187,3.317829,0.000000,0.000000,-3.944474,-5.098902,-8.470910,8.067275,7.000000,151.336898,1.152468,8.000000,31.876421,10.600707,34.804111,0.000000,-0.377616,-0.276780,-0.100836,26.489400,22.031011,41.541042,-3.944474,-5.098902,-8.470910,0.017683,0.078678,5.630834,6.000000,181.553398,0.938472,1.000000,62.399536,87.406015,90.333255,1.000000,-0.214800,-0.866159,0.651359,27.256796,37.702251,17.934534,2.491470,1.201154,-1.917979,0.853353,0.072311,3.008178,0.000000,56.593407,0.000000,7.000000,52.383310,89.010989,49.915654,0.000000,-1.427333,-1.583097,0.155764,34.931515,31.538052,30.545418,1.111687,-1.017922,-4.268020,0.612548,0.099885,5.613819,5.000000,111.314985,1.122764,7.000000,52.383310,89.010989,49.915654,0.000000,-1.427333,-1.583097,0.155764,34.931515,31.538052,30.545418,1.111687,-1.017922,-4.268020,0.612548,0.099885,4.801057,4.000000,277.118644,1.200264,4.000000,24.352687,11.904762,6.984038,0.000000,-1.914243,-1.370886,-0.543357,33.220829,10.648473,50.570362,-3.642582,-5.761411,-8.676609,0.175157,0.108193,1.763036,2.000000,25.820569,0.881518,3.000000,32.274946,26.598465,22.302623,0.000000,-1.124397,-0.807270,-0.317128,22.864661,17.554336,39.971789,-1.683403,-2.947979,-5.133297,0.262809,0.069797,6.391608,18.000000,319.580420,0.355089,4.000000,27.745886,18.952618,7.807284,1.000000,-1.071835,-0.632836,-0.438998,20.054168,14.218749,44.740165,-2.508160,-3.631858,-5.675131,0.125912,0.065407,2.040816,3.000000,100.000000,0.680272,3.000000,52.678962,64.367816,64.622605,0.000000,-0.056461,-0.142696,0.086235,12.912017,31.723048,21.020140,0.303621,0.007279,-1.451190,0.665522,0.018399,2.000000,4.000000,84.615385,0.500000,2.000000,2.420857,3.000000,124.264706,0.806952,1.000000,1.910918,2.000000,81.437126,0.955459,2.000000,2.402878,2.000000,43.717277,1.201439,3.000000,5.210038,26.000000,73.603083,0.200386,2.000000,7.617790,23.000000,69.571046,0.331208,3.000000,9.869030,28.000000,175.529412,0.352465,4.000000,5.957387,0.000000,71.308725,0.000000,2.000000,7.710220,14.000000,93.858268,0.550730,2.000000,8.949965,17.000000,226.785714,0.526469,1.000000,3.796610,6.000000,77.562327,0.632768,2.000000,5.146849,2.000000,61.604096,2.573425,3.000000,8.000000,2.000000,0.000000,-1.000000,,,,33.507198,7.456140,28.114311,-2.344758,-1.581901,-0.762856,20.113381,19.363570,39.123231,-7.352167,-9.649896,-0.105621,0.113085,,0.000000,,15.086834,2.962963,6.450491,-0.520749,-0.031241,-0.489508,27.126324,9.651466,60.532220,-5.062819,-5.068045,-0.482356,0.049054,0.794928,0.000000,105.000000,319.580420,25.820569,2.215756,1.371851
2026-03-09T07:45:00Z,0.865229,no_impulse,0,RECLTD,1h,-1.000000,114.018692,3.661465,4.000000,0.915366,-3.672264,-5.535214,-9.455994,3.317829,0.000000,37.809187,0.000000,8.000000,31.876421,10.600707,34.804111,0.000000,-0.377616,-0.276780,-0.100836,26.489400,22.031011,41.541042,-3.944474,-5.098902,-8.470910,0.017683,0.078678,8.067275,7.000000,151.336898,1.152468,8.000000,31.876421,10.600707,34.804111,0.000000,-0.377616,-0.276780,-0.100836,26.489400,22.031011,41.541042,-3.944474,-5.098902,-8.470910,0.017683,0.078678,5.630834,6.000000,181.553398,0.938472,1.000000,62.399536,87.406015,90.333255,1.000000,-0.214800,-0.866159,0.651359,27.256796,37.702251,17.934534,2.491470,1.201154,-1.917979,0.853353,0.072311,3.008178,0.000000,56.593407,0.000000,7.000000,52.383310,89.010989,49.915654,0.000000,-1.427333,-1.583097,0.155764,34.931515,31.538052,30.545418,1.111687,-1.017922,-4.268020,0.612548,0.099885,5.613819,5.000000,111.314985,1.122764,7.000000,52.383310,89.010989,49.915654,0.000000,-1.427333,-1.583097,0.155764,34.931515,31.538052,30.545418,1.111687,-1.017922,-4.268020,0.612548,0.099885,4.801057,4.000000,277.118644,1.200264,4.000000,24.352687,11.904762,6.984038,0.000000,-1.914243,-1.370886,-0.543357,33.220829,10.648473,50.570362,-3.642582,-5.761411,-8.676609,0.175157,0.108193,1.763036,2.000000,25.820569,0.881518,3.000000,32.274946,26.598465,22.302623,0.000000,-1.124397,-0.807270,-0.317128,22.864661,17.554336,39.971789,-1.683403,-2.947979,-5.133297,0.262809,0.069797,6.391608,18.000000,319.580420,0.355089,4.000000,27.745886,18.952618,7.807284,1.000000,-1.071835,-0.632836,-0.438998,20.054168,14.218749,44.740165,-2.508160,-3.631858,-5.675131,0.125912,0.065407,2.040816,3.000000,100.000000,0.680272,3.000000,2.000000,4.000000,84.615385,0.500000,2.000000,2.420857,3.000000,124.264706,0.806952,1.000000,1.910918,2.000000,81.437126,0.955459,2.000000,2.402878,2.000000,43.717277,1.201439,3.000000,5.210038,26.000000,73.603083,0.200386,2.000000,7.617790,23.000000,69.571046,0.331208,3.000000,9.869030,28.000000,175.529412,0.352465,4.000000,5.957387,0.000000,71.308725,0.000000,2.000000,7.710220,14.000000,93.858268,0.550730,2.000000,8.949965,17.000000,226.785714,0.526469,1.000000,3.796610,6.000000,77.562327,0.632768,2.000000,4.000000,3.000000,4.000000,-1.000000,,,,40.828367,29.385965,24.033846,-2.314157,-1.690508,-0.623649,20.753744,19.869541,36.162914,-3.747410,-6.121053,0.188458,0.115941,,0.000000,,29.148954,16.049383,22.849794,-1.157148,-1.210671,0.053523,49.732207,9.506091,35.531027,-1.267593,-2.812090,0.308847,0.065483,0.858804,0.816327,109.000000,319.580420,25.820569,2.154212,1.267665
2026-03-11T03:45:00Z,0.918194,no_impulse,0,RECLTD,1h,1.000000,161.065574,6.121495,10.000000,0.612150,1.530070,0.354795,-3.512847,3.661465,4.000000,114.018692,0.915366,4.000000,28.422769,1.677852,3.032782,0.000000,-1.309393,-0.746172,-0.563221,27.598578,19.049116,38.390783,-3.672264,-5.535214,-9.455994,0.125834,0.094669,3.317829,0.000000,37.809187,0.000000,8.000000,31.876421,10.600707,34.804111,0.000000,-0.377616,-0.276780,-0.100836,26.489400,22.031011,41.541042,-3.944474,-5.098902,-8.470910,0.017683,0.078678,8.067275,7.000000,151.336898,1.152468,8.000000,31.876421,10.600707,34.804111,0.000000,-0.377616,-0.276780,-0.100836,26.489400,22.031011,41.541042,-3.944474,-5.098902,-8.470910,0.017683,0.078678,5.630834,6.000000,181.553398,0.938472,1.000000,62.399536,87.406015,90.333255,1.000000,-0.214800,-0.866159,0.651359,27.256796,37.702251,17.934534,2.491470,1.201154,-1.917979,0.853353,0.072311,3.008178,0.000000,56.593407,0.000000,7.000000,52.383310,89.010989,49.915654,0.000000,-1.427333,-1.583097,0.155764,34.931515,31.538052,30.545418,1.111687,-1.017922,-4.268020,0.612548,0.099885,5.613819,5.000000,111.314985,1.122764,7.000000,52.383310,89.010989,49.915654,0.000000,-1.427333,-1.583097,0.155764,34.931515,31.538052,30.545418,1.111687,-1.017922,-4.268020,0.612548,0.099885,4.801057,4.000000,277.118644,1.200264,4.000000,24.352687,11.904762,6.984038,0.000000,-1.914243,-1.370886,-0.543357,33.220829,10.648473,50.570362,-3.642582,-5.761411,-8.676609,0.175157,0.108193,1.763036,2.000000,25.820569,0.881518,3.000000,32.274946,26.598465,22.302623,0.000000,-1.124397,-0.807270,-0.317128,22.864661,17.554336,39.971789,-1.683403,-2.947979,-5.133297,0.262809,0.069797,6.391608,18.000000,319.580420,0.355089,4.000000,2.040816,3.000000,100.000000,0.680272,3.000000,2.000000,4.000000,84.615385,0.500000,2.000000,2.420857,3.000000,124.264706,0.806952,1.000000,1.910918,2.000000,81.437126,0.955459,2.000000,2.402878,2.000000,43.717277,1.201439,3.000000,5.210038,26.000000,73.603083,0.200386,2.000000,7.617790,23.000000,69.571046,0.331208,3.000000,9.869030,28.000000,175.529412,0.352465,4.000000,5.957387,0.000000,71.308725,0.000000,2.000000,7.710220,14.000000,93.858268,0.550730,2.000000,8.949965,17.000000,226.785714,0.526469,1.000000,7.000000,4.000000,14.000000,-1.000000,,,,40.185103,27.733026,21.525044,-2.360480,-1.829984,-0.530496,20.882971,21.480332,33.997827,-3.770998,-6.294299,0.198307,0.120452,,3.000000,,70.237205,83.116883,81.409331,0.594279,0.499820,0.094458,39.575617,39.862714,9.474330,1.585708,2.011727,1.081611,0.027703,1.381955,2.040816,119.000000,319.580420,25.820569,2.020144,1.055690
2026-03-12T03:45:00Z,0.882210,no_impulse,0,RECLTD,1h,-1.000000,67.938931,3.918978,7.000000,0.559854,-0.464009,-1.274725,-5.071928,6.121495,10.000000,161.065574,0.612150,7.000000,57.921386,87.022901,84.349705,1.000000,-0.194397,-0.618723,0.424326,20.714813,35.709543,19.466087,1.530070,0.354795,-3.512847,0.690176,0.081706,3.661465,4.000000,114.018692,0.915366,4.000000,28.422769,1.677852,3.032782,0.000000,-1.309393,-0.746172,-0.563221,27.598578,19.049116,38.390783,-3.672264,-5.535214,-9.455994,0.125834,0.094669,3.317829,0.000000,37.809187,0.000000,8.000000,31.876421,10.600707,34.804111,0.000000,-0.377616,-0.276780,-0.100836,26.489400,22.031011,41.541042,-3.944474,-5.098902,-8.470910,0.017683,0.078678,8.067275,7.000000,151.336898,1.152468,8.000000,31.876421,10.600707,34.804111,0.000000,-0.377616,-0.276780,-0.100836,26.489400,22.031011,41.541042,-3.944474,-5.098902,-8.470910,0.017683,0.078678,5.630834,6.000000,181.553398,0.938472,1.000000,62.399536,87.406015,90.333255,1.000000,-0.214800,-0.866159,0.651359,27.256796,37.702251,17.934534,2.491470,1.201154,-1.917979,0.853353,0.072311,3.008178,0.000000,56.593407,0.000000,7.000000,52.383310,89.010989,49.915654,0.000000,-1.427333,-1.583097,0.155764,34.931515,31.538052,30.545418,1.111687,-1.017922,-4.268020,0.612548,0.099885,5.613819,5.000000,111.314985,1.122764,7.000000,52.383310,89.010989,49.915654,0.000000,-1.427333,-1.583097,0.155764,34.931515,31.538052,30.545418,1.111687,-1.017922,-4.268020,0.612548,0.099885,4.801057,4.000000,277.118644,1.200264,4.000000,24.352687,11.904762,6.984038,0.000000,-1.914243,-1.370886,-0.543357,33.220829,10.648473,50.570362,-3.642582,-5.761411,-8.676609,0.175157,0.108193,1.763036,2.000000,25.820569,0.881518,3.000000,6.391608,18.000000,319.580420,0.355089,4.000000,2.040816,3.000000,100.000000,0.680272,3.000000,2.000000,4.000000,84.615385,0.500000,2.000000,2.420857,3.000000,124.264706,0.806952,1.000000,1.910918,2.000000,81.437126,0.955459,2.000000,2.402878,2.000000,43.717277,1.201439,3.000000,5.210038,26.000000,73.603083,0.200386,2.000000,7.617790,23.000000,69.571046,0.331208,3.000000,9.869030,28.000000,175.529412,0.352465,4.000000,5.957387,0.000000,71.308725,0.000000,2.000000,7.710220,14.000000,93.858268,0.550730,2.000000,2.000000,1.000000,7.000000,-1.000000,,,,47.129124,61.643836,39.587609,-2.047968,-1.829044,-0.218924,20.135618,23.909626,29.472009,-0.555581,-2.940577,0.453715,0.119372,,1.000000,,30.123019,23.287671,14.396443,-0.209500,0.045668,-0.255169,26.008265,12.894126,33.766483,-1.501964,-1.354841,-0.111004,0.024218,0.810098,1.250000,126.000000,319.580420,25.820569,1.892087,0.784183
2026-03-12T07:45:00Z,0.941914,no_impulse,0,RECLTD,1h,1.000000,165.917603,6.767492,4.000000,1.691873,2.583785,2.471824,-0.792517,3.918978,7.000000,67.938931,0.559854,2.000000,45.828046,35.955056,43.161177,1.000000,-0.057947,-0.132299,0.074351,19.575821,23.761223,29.431506,-0.464009,-1.274725,-5.071928,0.423708,0.060539,6.121495,10.000000,161.065574,0.612150,7.000000,57.921386,87.022901,84.349705,1.000000,-0.194397,-0.618723,0.424326,20.714813,35.709543,19.466087,1.530070,0.354795,-3.512847,0.690176,0.081706,3.661465,4.000000,114.018692,0.915366,4.000000,28.422769,1.677852,3.032782,0.000000,-1.309393,-0.746172,-0.563221,27.598578,19.049116,38.390783,-3.672264,-5.535214,-9.455994,0.125834,0.094669,3.317829,0.000000,37.809187,0.000000,8.000000,31.876421,10.600707,34.804111,0.000000,-0.377616,-0.276780,-0.100836,26.489400,22.031011,41.541042,-3.944474,-5.098902,-8.470910,0.017683,0.078678,8.067275,7.000000,151.336898,1.152468,8.000000,31.876421,10.600707,34.804111,0.000000,-0.377616,-0.276780,-0.100836,26.489400,22.031011,41.541042,-3.944474,-5.098902,-8.470910,0.017683,0.078678,5.630834,6.000000,181.553398,0.938472,1.000000,62.399536,87.406015,90.333255,1.000000,-0.214800,-0.866159,0.651359,27.256796,37.702251,17.934534,2.491470,1.201154,-1.917979,0.853353,0.072311,3.008178,0.000000,56.593407,0.000000,7.000000,52.383310,89.010989,49.915654,0.000000,-1.427333,-1.583097,0.155764,34.931515,31.538052,30.545418,1.111687,-1.017922,-4.268020,0.612548,0.099885,5.613819,5.000000,111.314985,1.122764,7.000000,52.383310,89.010989,49.915654,0.000000,-1.427333,-1.583097,0.155764,34.931515,31.538052,30.545418,1.111687,-1.017922,-4.268020,0.612548,0.099885,4.801057,4.000000,277.118644,1.200264,4.000000,1.763036,2.000000,25.820569,0.881518,3.000000,6.391608,18.000000,319.580420,0.355089,4.000000,2.040816,3.000000,100.000000,0.680272,3.000000,2.000000,4.000000,84.615385,0.500000,2.000000,2.420857,3.000000,124.264706,0.806952,1.000000,1.910918,2.000000,81.437126,0.955459,2.000000,2.402878,2.000000,43.717277,1.201439,3.000000,5.210038,26.000000,73.603083,0.200386,2.000000,7.617790,23.000000,69.571046,0.331208,3.000000,9.869030,28.000000,175.529412,0.352465,4.000000,5.957387,0.000000,71.308725,0.000000,2.000000,1.000000,2.000000,11.000000,-1.000000,,,,41.212425,28.767123,39.381328,-2.191276,-1.954458,-0.236818,19.441648,21.851806,26.935454,-3.796021,-6.405484,0.207518,0.125040,,2.000000,,73.538786,99.152542,98.916713,0.860617,0.574402,0.286215,33.810868,35.222674,10.736000,2.177102,3.111453,0.826881,0.068085,1.474272,0.888889,130.000000,277.118644,25.820569,1.826890,0.805241
2026-03-16T04:45:00Z,0.880593,no_impulse,0,RECLTD,1h,-1.000000,102.708804,6.510230,11.000000,0.591839,-1.655801,-2.128909,-5.446374,6.767492,4.000000,165.917603,1.691873,1.000000,67.206952,84.424379,91.857432,0.000000,0.645897,0.202835,0.443062,21.368249,38.895823,18.520396,2.583785,2.471824,-0.792517,0.930457,0.061616,3.918978,7.000000,67.938931,0.559854,2.000000,45.828046,35.955056,43.161177,1.000000,-0.057947,-0.132299,0.074351,19.575821,23.761223,29.431506,-0.464009,-1.274725,-5.071928,0.423708,0.060539,6.121495,10.000000,161.065574,0.612150,7.000000,57.921386,87.022901,84.349705,1.000000,-0.194397,-0.618723,0.424326,20.714813,35.709543,19.466087,1.530070,0.354795,-3.512847,0.690176,0.081706,3.661465,4.000000,114.018692,0.915366,4.000000,28.422769,1.677852,3.032782,0.000000,-1.309393,-0.746172,-0.563221,27.598578,19.049116,38.390783,-3.672264,-5.535214,-9.455994,0.125834,0.094669,3.317829,0.000000,37.809187,0.000000,8.000000,31.876421,10.600707,34.804111,0.000000,-0.377616,-0.276780,-0.100836,26.489400,22.031011,41.541042,-3.944474,-5.098902,-8.470910,0.017683,0.078678,8.067275,7.000000,151.336898,1.152468,8.000000,31.876421,10.600707,34.804111,0.000000,-0.377616,-0.276780,-0.100836,26.489400,22.031011,41.541042,-3.944474,-5.098902,-8.470910,0.017683,0.078678,5.630834,6.000000,181.553398,0.938472,1.000000,62.399536,87.406015,90.333255,1.000000,-0.214800,-0.866159,0.651359,27.256796,37.702251,17.934534,2.491470,1.201154,-1.917979,0.853353,0.072311,3.008178,0.000000,56.593407,0.000000,7.000000,52.383310,89.010989,49.915654,0.000000,-1.427333,-1.583097,0.155764,34.931515,31.538052,30.545418,1.111687,-1.017922,-4.268020,0.612548,0.099885,5.613819,5.000000,111.314985,1.122764,7.000000,4.801057,4.000000,277.118644,1.200264,4.000000,1.763036,2.000000,25.820569,0.881518,3.000000,6.391608,18.000000,319.580420,0.355089,4.000000,2.040816,3.000000,100.000000,0.680272,3.000000,2.000000,4.000000,84.615385,0.500000,2.000000,2.420857,3.000000,124.264706,0.806952,1.000000,1.910918,2.000000,81.437126,0.955459,2.000000,2.402878,2.000000,43.717277,1.201439,3.000000,5.210038,26.000000,73.603083,0.200386,2.000000,7.617790,23.000000,69.571046,0.331208,3.000000,9.869030,28.000000,175.529412,0.352465,4.000000,8.000000,1.000000,22.000000,-1.000000,,,,41.834982,31.369863,40.593607,-2.191359,-1.997370,-0.193989,19.099719,20.704348,27.814629,-3.166139,-5.862151,0.263343,0.129680,,3.000000,,31.151205,0.000000,28.888889,-0.547555,-0.523698,-0.023858,31.765926,14.076049,34.265716,-1.630581,-2.302138,-0.278382,0.020612,1.278812,2.340426,,277.118644,37.809187,1.642460,1.117063
2026-03-18T08:45:00Z,0.941105,no_impulse,0,RECLTD,1h,1.000000,98.681319,6.871748,18.000000,0.381764,2.388404,2.980724,0.649933,6.510230,11.000000,102.708804,0.591839,8.000000,38.497870,11.648352,10.983169,1.000000,-0.355311,0.003412,-0.358723,14.666692,24.382044,32.025914,-1.655801,-2.128909,-5.446374,0.237031,0.061940,6.767492,4.000000,165.917603,1.691873,1.000000,67.206952,84.424379,91.857432,0.000000,0.645897,0.202835,0.443062,21.368249,38.895823,18.520396,2.583785,2.471824,-0.792517,0.930457,0.061616,3.918978,7.000000,67.938931,0.559854,2.000000,45.828046,35.955056,43.161177,1.000000,-0.057947,-0.132299,0.074351,19.575821,23.761223,29.431506,-0.464009,-1.274725,-5.071928,0.423708,0.060539,6.121495,10.000000,161.065574,0.612150,7.000000,57.921386,87.022901,84.349705,1.000000,-0.194397,-0.618723,0.424326,20.714813,35.709543,19.466087,1.530070,0.354795,-3.512847,0.690176,0.081706,3.661465,4.000000,114.018692,0.915366,4.000000,28.422769,1.677852,3.032782,0.000000,-1.309393,-0.746172,-0.563221,27.598578,19.049116,38.390783,-3.672264,-5.535214,-9.455994,0.125834,0.094669,3.317829,0.000000,37.809187,0.000000,8.000000,31.876421,10.600707,34.804111,0.000000,-0.377616,-0.276780,-0.100836,26.489400,22.031011,41.541042,-3.944474,-5.098902,-8.470910,0.017683,0.078678,8.067275,7.000000,151.336898,1.152468,8.000000,31.876421,10.600707,34.804111,0.000000,-0.377616,-0.276780,-0.100836,26.489400,22.031011,41.541042,-3.944474,-5.098902,-8.470910,0.017683,0.078678,5.630834,6.000000,181.553398,0.938472,1.000000,62.399536,87.406015,90.333255,1.000000,-0.214800,-0.866159,0.651359,27.256796,37.702251,17.934534,2.491470,1.201154,-1.917979,0.853353,0.072311,3.008178,0.000000,56.593407,0.000000,7.000000,5.613819,5.000000,111.314985,1.122764,7.000000,4.801057,4.000000,277.118644,1.200264,4.000000,1.763036,2.000000,25.820569,0.881518,3.000000,6.391608,18.000000,319.580420,0.355089,4.000000,2.040816,3.000000,100.000000,0.680272,3.000000,2.000000,4.000000,84.615385,0.500000,2.000000,2.420857,3.000000,124.264706,0.806952,1.000000,1.910918,2.000000,81.437126,0.955459,2.000000,2.402878,2.000000,43.717277,1.201439,3.000000,5.210038,26.000000,73.603083,0.200386,2.000000,7.617790,23.000000,69.571046,0.331208,3.000000,3.000000,2.000000,18.000000,-1.000000,,,,43.916486,37.349398,52.404137,-1.684715,-1.882486,0.197770,16.499677,23.855719,26.678612,-2.606408,-5.143896,0.274417,0.112606,,5.000000,,65.098933,54.838710,66.462395,0.632325,0.731315,-0.098989,59.016983,34.432280,10.060373,0.459854,1.582756,0.792870,0.015774,1.305979,3.333333,,181.553398,37.809187,1.696979,1.312646
2026-03-19T08:45:00Z,0.893801,no_impulse,0,RECLTD,1h,-1.000000,78.173719,5.026493,7.000000,0.718070,-1.640271,-1.367431,-3.614352,6.871748,18.000000,98.681319,0.381764,3.000000,72.823008,93.882979,94.354346,1.000000,0.931282,0.491015,0.440268,28.453031,37.994140,11.335780,2.388404,2.980724,0.649933,0.825894,0.075081,6.510230,11.000000,102.708804,0.591839,8.000000,38.497870,11.648352,10.983169,1.000000,-0.355311,0.003412,-0.358723,14.666692,24.382044,32.025914,-1.655801,-2.128909,-5.446374,0.237031,0.061940,6.767492,4.000000,165.917603,1.691873,1.000000,67.206952,84.424379,91.857432,0.000000,0.645897,0.202835,0.443062,21.368249,38.895823,18.520396,2.583785,2.471824,-0.792517,0.930457,0.061616,3.918978,7.000000,67.938931,0.559854,2.000000,45.828046,35.955056,43.161177,1.000000,-0.057947,-0.132299,0.074351,19.575821,23.761223,29.431506,-0.464009,-1.274725,-5.071928,0.423708,0.060539,6.121495,10.000000,161.065574,0.612150,7.000000,57.921386,87.022901,84.349705,1.000000,-0.194397,-0.618723,0.424326,20.714813,35.709543,19.466087,1.530070,0.354795,-3.512847,0.690176,0.081706,3.661465,4.000000,114.018692,0.915366,4.000000,28.422769,1.677852,3.032782,0.000000,-1.309393,-0.746172,-0.563221,27.598578,19.049116,38.390783,-3.672264,-5.535214,-9.455994,0.125834,0.094669,3.317829,0.000000,37.809187,0.000000,8.000000,31.876421,10.600707,34.804111,0.000000,-0.377616,-0.276780,-0.100836,26.489400,22.031011,41.541042,-3.944474,-5.098902,-8.470910,0.017683,0.078678,8.067275,7.000000,151.336898,1.152468,8.000000,31.876421,10.600707,34.804111,0.000000,-0.377616,-0.276780,-0.100836,26.489400,22.031011,41.541042,-3.944474,-5.098902,-8.470910,0.017683,0.078678,5.630834,6.000000,181.553398,0.938472,1.000000,3.008178,0.000000,56.593407,0.000000,7.000000,5.613819,5.000000,111.314985,1.122764,7.000000,4.801057,4.000000,277.118644,1.200264,4.000000,1.763036,2.000000,25.820569,0.881518,3.000000,6.391608,18.000000,319.580420,0.355089,4.000000,2.040816,3.000000,100.000000,0.680272,3.000000,2.000000,4.000000,84.615385,0.500000,2.000000,2.420857,3.000000,124.264706,0.806952,1.000000,1.910918,2.000000,81.437126,0.955459,2.000000,2.402878,2.000000,43.717277,1.201439,3.000000,5.210038,26.000000,73.603083,0.200386,2.000000,2.000000,1.000000,25.000000,-1.000000,,,,42.594331,31.879195,47.779394,-1.773909,-1.873985,0.100076,15.915870,22.048693,26.053899,-3.172762,-5.828589,0.225558,0.112053,,1.000000,,25.827927,3.053435,3.721774,-0.624128,-0.510354,-0.113774,37.290565,11.890170,33.016267,-1.088059,-1.503878,0.066868,0.024850,0.932983,1.044776,,181.553398,37.809187,1.770986,1.470556
2026-03-20T03:45:00Z,0.921833,no_impulse,0,RECLTD,1h,1.000000,59.259259,3.136309,2.000000,1.568154,-0.877393,-0.734542,-2.967662,5.026493,7.000000,78.173719,0.718070,2.000000,39.128901,9.116809,6.912338,1.000000,0.081206,0.460961,-0.379756,22.780130,22.529281,33.927501,-1.640271,-1.367431,-3.614352,0.251090,0.064835,6.871748,18.000000,98.681319,0.381764,3.000000,72.823008,93.882979,94.354346,1.000000,0.931282,0.491015,0.440268,28.453031,37.994140,11.335780,2.388404,2.980724,0.649933,0.825894,0.075081,6.510230,11.000000,102.708804,0.591839,8.000000,38.497870,11.648352,10.983169,1.000000,-0.355311,0.003412,-0.358723,14.666692,24.382044,32.025914,-1.655801,-2.128909,-5.446374,0.237031,0.061940,6.767492,4.000000,165.917603,1.691873,1.000000,67.206952,84.424379,91.857432,0.000000,0.645897,0.202835,0.443062,21.368249,38.895823,18.520396,2.583785,2.471824,-0.792517,0.930457,0.061616,3.918978,7.000000,67.938931,0.559854,2.000000,45.828046,35.955056,43.161177,1.000000,-0.057947,-0.132299,0.074351,19.575821,23.761223,29.431506,-0.464009,-1.274725,-5.071928,0.423708,0.060539,6.121495,10.000000,161.065574,0.612150,7.000000,57.921386,87.022901,84.349705,1.000000,-0.194397,-0.618723,0.424326,20.714813,35.709543,19.466087,1.530070,0.354795,-3.512847,0.690176,0.081706,3.661465,4.000000,114.018692,0.915366,4.000000,28.422769,1.677852,3.032782,0.000000,-1.309393,-0.746172,-0.563221,27.598578,19.049116,38.390783,-3.672264,-5.535214,-9.455994,0.125834,0.094669,3.317829,0.000000,37.809187,0.000000,8.000000,31.876421,10.600707,34.804111,0.000000,-0.377616,-0.276780,-0.100836,26.489400,22.031011,41.541042,-3.944474,-5.098902,-8.470910,0.017683,0.078678,8.067275,7.000000,151.336898,1.152468,8.000000,5.630834,6.000000,181.553398,0.938472,1.000000,3.008178,0.000000,56.593407,0.000000,7.000000,5.613819,5.000000,111.314985,1.122764,7.000000,4.801057,4.000000,277.118644,1.200264,4.000000,1.763036,2.000000,25.820569,0.881518,3.000000,6.391608,18.000000,319.580420,0.355089,4.000000,2.040816,3.000000,100.000000,0.680272,3.000000,2.000000,4.000000,84.615385,0.500000,2.000000,2.420857,3.000000,124.264706,0.806952,1.000000,1.910918,2.000000,81.437126,0.955459,2.000000,2.402878,2.000000,43.717277,1.201439,3.000000,3.000000,1.000000,27.000000,-1.000000,,,,42.594331,31.879195,47.779394,-1.773909,-1.873985,0.100076,15.915870,22.048693,26.053899,-3.172762,-5.828589,0.225558,0.112053,,1.000000,,55.994233,93.373494,53.423399,-0.469347,-0.558568,0.089222,37.058682,30.220899,23.554196,0.748518,0.258542,0.792633,0.025772,0.561119,0.270270,,181.553398,37.809187,1.573711,1.095223
2026-03-23T03:45:00Z,0.844474,no_impulse,0,RECLTD,1h,-1.000000,275.961538,8.391813,7.000000,1.198830,-6.176718,-6.931558,-9.662699,3.136309,2.000000,59.259259,1.568154,3.000000,43.762924,19.943020,16.809117,0.000000,-0.075554,0.277659,-0.353214,21.455442,31.139372,27.138801,-0.877393,-0.734542,-2.967662,0.356858,0.060762,5.026493,7.000000,78.173719,0.718070,2.000000,39.128901,9.116809,6.912338,1.000000,0.081206,0.460961,-0.379756,22.780130,22.529281,33.927501,-1.640271,-1.367431,-3.614352,0.251090,0.064835,6.871748,18.000000,98.681319,0.381764,3.000000,72.823008,93.882979,94.354346,1.000000,0.931282,0.491015,0.440268,28.453031,37.994140,11.335780,2.388404,2.980724,0.649933,0.825894,0.075081,6.510230,11.000000,102.708804,0.591839,8.000000,38.497870,11.648352,10.983169,1.000000,-0.355311,0.003412,-0.358723,14.666692,24.382044,32.025914,-1.655801,-2.128909,-5.446374,0.237031,0.061940,6.767492,4.000000,165.917603,1.691873,1.000000,67.206952,84.424379,91.857432,0.000000,0.645897,0.202835,0.443062,21.368249,38.895823,18.520396,2.583785,2.471824,-0.792517,0.930457,0.061616,3.918978,7.000000,67.938931,0.559854,2.000000,45.828046,35.955056,43.161177,1.000000,-0.057947,-0.132299,0.074351,19.575821,23.761223,29.431506,-0.464009,-1.274725,-5.071928,0.423708,0.060539,6.121495,10.000000,161.065574,0.612150,7.000000,57.921386,87.022901,84.349705,1.000000,-0.194397,-0.618723,0.424326,20.714813,35.709543,19.466087,1.530070,0.354795,-3.512847,0.690176,0.081706,3.661465,4.000000,114.018692,0.915366,4.000000,28.422769,1.677852,3.032782,0.000000,-1.309393,-0.746172,-0.563221,27.598578,19.049116,38.390783,-3.672264,-5.535214,-9.455994,0.125834,0.094669,3.317829,0.000000,37.809187,0.000000,8.000000,8.067275,7.000000,151.336898,1.152468,8.000000,5.630834,6.000000,181.553398,0.938472,1.000000,3.008178,0.000000,56.593407,0.000000,7.000000,5.613819,5.000000,111.314985,1.122764,7.000000,4.801057,4.000000,277.118644,1.200264,4.000000,1.763036,2.000000,25.820569,0.881518,3.000000,6.391608,18.000000,319.580420,0.355089,4.000000,2.040816,3.000000,100.000000,0.680272,3.000000,2.000000,4.000000,84.615385,0.500000,2.000000,2.420857,3.000000,124.264706,0.806952,1.000000,1.910918,2.000000,81.437126,0.955459,2.000000,4.000000,2.000000,34.000000,-1.000000,,,,36.811953,14.658385,27.962326,-2.246621,-2.015074,-0.231547,16.678038,19.552941,33.714832,-7.015079,-10.114417,-0.033195,0.122942,,1.000000,,18.369597,9.183673,20.322206,-0.722511,-0.522780,-0.199731,26.995911,11.788693,51.015524,-3.465316,-4.450176,-0.472704,0.034432,1.571521,1.000000,,165.917603,37.809187,1.753811,0.874269
2026-03-23T03:45:00Z,0.882615,no_impulse,0,RECLTD,1h,1.000000,49.303136,4.516438,0.000000,0.000000,-6.176718,-6.931558,-9.662699,8.391813,7.000000,275.961538,1.198830,4.000000,18.675987,1.219512,4.725172,1.000000,-1.065029,-0.421623,-0.643406,18.491341,16.751460,48.825379,-6.176718,-6.931558,-9.662699,-0.110397,0.095305,3.136309,2.000000,59.259259,1.568154,3.000000,43.762924,19.943020,16.809117,0.000000,-0.075554,0.277659,-0.353214,21.455442,31.139372,27.138801,-0.877393,-0.734542,-2.967662,0.356858,0.060762,5.026493,7.000000,78.173719,0.718070,2.000000,39.128901,9.116809,6.912338,1.000000,0.081206,0.460961,-0.379756,22.780130,22.529281,33.927501,-1.640271,-1.367431,-3.614352,0.251090,0.064835,6.871748,18.000000,98.681319,0.381764,3.000000,72.823008,93.882979,94.354346,1.000000,0.931282,0.491015,0.440268,28.453031,37.994140,11.335780,2.388404,2.980724,0.649933,0.825894,0.075081,6.510230,11.000000,102.708804,0.591839,8.000000,38.497870,11.648352,10.983169,1.000000,-0.355311,0.003412,-0.358723,14.666692,24.382044,32.025914,-1.655801,-2.128909,-5.446374,0.237031,0.061940,6.767492,4.000000,165.917603,1.691873,1.000000,67.206952,84.424379,91.857432,0.000000,0.645897,0.202835,0.443062,21.368249,38.895823,18.520396,2.583785,2.471824,-0.792517,0.930457,0.061616,3.918978,7.000000,67.938931,0.559854,2.000000,45.828046,35.955056,43.161177,1.000000,-0.057947,-0.132299,0.074351,19.575821,23.761223,29.431506,-0.464009,-1.274725,-5.071928,0.423708,0.060539,6.121495,10.000000,161.065574,0.612150,7.000000,57.921386,87.022901,84.349705,1.000000,-0.194397,-0.618723,0.424326,20.714813,35.709543,19.466087,1.530070,0.354795,-3.512847,0.690176,0.081706,3.661465,4.000000,114.018692,0.915366,4.000000,3.317829,0.000000,37.809187,0.000000,8.000000,8.067275,7.000000,151.336898,1.152468,8.000000,5.630834,6.000000,181.553398,0.938472,1.000000,3.008178,0.000000,56.593407,0.000000,7.000000,5.613819,5.000000,111.314985,1.122764,7.000000,4.801057,4.000000,277.118644,1.200264,4.000000,1.763036,2.000000,25.820569,0.881518,3.000000,6.391608,18.000000,319.580420,0.355089,4.000000,2.040816,3.000000,100.000000,0.680272,3.000000,2.000000,4.000000,84.615385,0.500000,2.000000,2.420857,3.000000,124.264706,0.806952,1.000000,4.000000,3.000000,34.000000,-1.000000,,,,36.811953,14.658385,27.962326,-2.246621,-2.015074,-0.231547,16.678038,19.552941,33.714832,-7.015079,-10.114417,-0.033195,0.122942,,0.000000,,18.369597,9.183673,20.322206,-0.722511,-0.522780,-0.199731,26.995911,11.788693,51.015524,-3.465316,-4.450176,-0.472704,0.034432,0.840676,0.000000,,275.961538,37.809187,1.811927,0.821591
2026-03-23T06:45:00Z,0.841375,no_impulse,0,RECLTD,1h,-1.000000,108.127208,4.672469,3.000000,1.557490,-4.632879,-6.230058,-9.476693,4.516438,0.000000,49.303136,0.000000,4.000000,18.675987,1.219512,4.725172,0.000000,-1.065029,-0.421623,-0.643406,18.491341,16.751460,48.825379,-6.176718,-6.931558,-9.662699,-0.110397,0.095305,8.391813,7.000000,275.961538,1.198830,4.000000,18.675987,1.219512,4.725172,1.000000,-1.065029,-0.421623,-0.643406,18.491341,16.751460,48.825379,-6.176718,-6.931558,-9.662699,-0.110397,0.095305,3.136309,2.000000,59.259259,1.568154,3.000000,43.762924,19.943020,16.809117,0.000000,-0.075554,0.277659,-0.353214,21.455442,31.139372,27.138801,-0.877393,-0.734542,-2.967662,0.356858,0.060762,5.026493,7.000000,78.173719,0.718070,2.000000,39.128901,9.116809,6.912338,1.000000,0.081206,0.460961,-0.379756,22.780130,22.529281,33.927501,-1.640271,-1.367431,-3.614352,0.251090,0.064835,6.871748,18.000000,98.681319,0.381764,3.000000,72.823008,93.882979,94.354346,1.000000,0.931282,0.491015,0.440268,28.453031,37.994140,11.335780,2.388404,2.980724,0.649933,0.825894,0.075081,6.510230,11.000000,102.708804,0.591839,8.000000,38.497870,11.648352,10.983169,1.000000,-0.355311,0.003412,-0.358723,14.666692,24.382044,32.025914,-1.655801,-2.128909,-5.446374,0.237031,0.061940,6.767492,4.000000,165.917603,1.691873,1.000000,67.206952,84.424379,91.857432,0.000000,0.645897,0.202835,0.443062,21.368249,38.895823,18.520396,2.583785,2.471824,-0.792517,0.930457,0.061616,3.918978,7.000000,67.938931,0.559854,2.000000,45.828046,35.955056,43.161177,1.000000,-0.057947,-0.132299,0.074351,19.575821,23.761223,29.431506,-0.464009,-1.274725,-5.071928,0.423708,0.060539,6.121495,10.000000,161.065574,0.612150,7.000000,3.661465,4.000000,114.018692,0.915366,4.000000,3.317829,0.000000,37.809187,0.000000,8.000000,8.067275,7.000000,151.336898,1.152468,8.000000,5.630834,6.000000,181.553398,0.938472,1.000000,3.008178,0.000000,56.593407,0.000000,7.000000,5.613819,5.000000,111.314985,1.122764,7.000000,4.801057,4.000000,277.118644,1.200264,4.000000,1.763036,2.000000,25.820569,0.881518,3.000000,6.391608,18.000000,319.580420,0.355089,4.000000,2.040816,3.000000,100.000000,0.680272,3.000000,2.000000,4.000000,84.615385,0.500000,2.000000,4.000000,4.000000,37.000000,-1.000000,,,,39.548238,25.465839,24.001139,-2.387199,-2.067640,-0.319559,17.385766,18.037499,31.101779,-5.034068,-8.283193,0.120939,0.126439,,1.000000,,25.411924,14.004914,14.912592,-1.664208,-1.658836,-0.005372,48.843800,12.688757,40.729139,-1.651986,-4.071138,0.342664,0.103291,0.850739,0.428571,,275.961538,49.303136,1.696909,0.871586
2026-03-24T03:45:00Z,0.878167,no_impulse,0,RECLTD,1h,1.000000,89.215686,4.372898,4.000000,1.093224,-2.831732,-4.888534,-8.581546,4.672469,3.000000,108.127208,1.557490,4.000000,22.110180,8.903021,8.108108,1.000000,-1.888259,-1.053010,-0.835249,24.545256,16.356663,45.598706,-4.632879,-6.230058,-9.476693,0.149281,0.126248,4.516438,0.000000,49.303136,0.000000,4.000000,18.675987,1.219512,4.725172,0.000000,-1.065029,-0.421623,-0.643406,18.491341,16.751460,48.825379,-6.176718,-6.931558,-9.662699,-0.110397,0.095305,8.391813,7.000000,275.961538,1.198830,4.000000,18.675987,1.219512,4.725172,1.000000,-1.065029,-0.421623,-0.643406,18.491341,16.751460,48.825379,-6.176718,-6.931558,-9.662699,-0.110397,0.095305,3.136309,2.000000,59.259259,1.568154,3.000000,43.762924,19.943020,16.809117,0.000000,-0.075554,0.277659,-0.353214,21.455442,31.139372,27.138801,-0.877393,-0.734542,-2.967662,0.356858,0.060762,5.026493,7.000000,78.173719,0.718070,2.000000,39.128901,9.116809,6.912338,1.000000,0.081206,0.460961,-0.379756,22.780130,22.529281,33.927501,-1.640271,-1.367431,-3.614352,0.251090,0.064835,6.871748,18.000000,98.681319,0.381764,3.000000,72.823008,93.882979,94.354346,1.000000,0.931282,0.491015,0.440268,28.453031,37.994140,11.335780,2.388404,2.980724,0.649933,0.825894,0.075081,6.510230,11.000000,102.708804,0.591839,8.000000,38.497870,11.648352,10.983169,1.000000,-0.355311,0.003412,-0.358723,14.666692,24.382044,32.025914,-1.655801,-2.128909,-5.446374,0.237031,0.061940,6.767492,4.000000,165.917603,1.691873,1.000000,67.206952,84.424379,91.857432,0.000000,0.645897,0.202835,0.443062,21.368249,38.895823,18.520396,2.583785,2.471824,-0.792517,0.930457,0.061616,3.918978,7.000000,67.938931,0.559854,2.000000,6.121495,10.000000,161.065574,0.612150,7.000000,3.661465,4.000000,114.018692,0.915366,4.000000,3.317829,0.000000,37.809187,0.000000,8.000000,8.067275,7.000000,151.336898,1.152468,8.000000,5.630834,6.000000,181.553398,0.938472,1.000000,3.008178,0.000000,56.593407,0.000000,7.000000,5.613819,5.000000,111.314985,1.122764,7.000000,4.801057,4.000000,277.118644,1.200264,4.000000,1.763036,2.000000,25.820569,0.881518,3.000000,6.391608,18.000000,319.580420,0.355089,4.000000,2.040816,3.000000,100.000000,0.680272,3.000000,3.000000,5.000000,41.000000,-1.000000,,,,39.548238,25.465839,24.001139,-2.387199,-2.067640,-0.319559,17.385766,18.037499,31.101779,-5.034068,-8.283193,0.120939,0.126439,,0.000000,,57.558723,67.399267,56.990232,-0.357429,-0.717679,0.360250,31.422000,36.338248,18.391780,1.227755,-0.294363,0.901752,0.030940,0.781803,0.579710,,275.961538,49.303136,1.603246,1.169355
2026-03-24T04:45:00Z,0.841105,no_impulse,0,RECLTD,1h,-1.000000,100.732601,4.220381,1.000000,4.220381,-2.473506,-4.600926,-8.393857,4.372898,4.000000,89.215686,1.093224,3.000000,28.408084,17.322835,16.850060,0.000000,-1.953189,-1.576221,-0.376968,23.805012,30.668276,30.814611,-2.831732,-4.888534,-8.581546,0.265858,0.117611,4.672469,3.000000,108.127208,1.557490,4.000000,22.110180,8.903021,8.108108,1.000000,-1.888259,-1.053010,-0.835249,24.545256,16.356663,45.598706,-4.632879,-6.230058,-9.476693,0.149281,0.126248,4.516438,0.000000,49.303136,0.000000,4.000000,18.675987,1.219512,4.725172,0.000000,-1.065029,-0.421623,-0.643406,18.491341,16.751460,48.825379,-6.176718,-6.931558,-9.662699,-0.110397,0.095305,8.391813,7.000000,275.961538,1.198830,4.000000,18.675987,1.219512,4.725172,1.000000,-1.065029,-0.421623,-0.643406,18.491341,16.751460,48.825379,-6.176718,-6.931558,-9.662699,-0.110397,0.095305,3.136309,2.000000,59.259259,1.568154,3.000000,43.762924,19.943020,16.809117,0.000000,-0.075554,0.277659,-0.353214,21.455442,31.139372,27.138801,-0.877393,-0.734542,-2.967662,0.356858,0.060762,5.026493,7.000000,78.173719,0.718070,2.000000,39.128901,9.116809,6.912338,1.000000,0.081206,0.460961,-0.379756,22.780130,22.529281,33.927501,-1.640271,-1.367431,-3.614352,0.251090,0.064835,6.871748,18.000000,98.681319,0.381764,3.000000,72.823008,93.882979,94.354346,1.000000,0.931282,0.491015,0.440268,28.453031,37.994140,11.335780,2.388404,2.980724,0.649933,0.825894,0.075081,6.510230,11.000000,102.708804,0.591839,8.000000,38.497870,11.648352,10.983169,1.000000,-0.355311,0.003412,-0.358723,14.666692,24.382044,32.025914,-1.655801,-2.128909,-5.446374,0.237031,0.061940,6.767492,4.000000,165.917603,1.691873,1.000000,3.918978,7.000000,67.938931,0.559854,2.000000,6.121495,10.000000,161.065574,0.612150,7.000000,3.661465,4.000000,114.018692,0.915366,4.000000,3.317829,0.000000,37.809187,0.000000,8.000000,8.067275,7.000000,151.336898,1.152468,8.000000,5.630834,6.000000,181.553398,0.938472,1.000000,3.008178,0.000000,56.593407,0.000000,7.000000,5.613819,5.000000,111.314985,1.122764,7.000000,4.801057,4.000000,277.118644,1.200264,4.000000,1.763036,2.000000,25.820569,0.881518,3.000000,6.391608,18.000000,319.580420,0.355089,4.000000,4.000000,6.000000,42.000000,-1.000000,,,,39.548238,25.465839,24.001139,-2.387199,-2.067640,-0.319559,17.385766,18.037499,31.101779,-5.034068,-8.283193,0.120939,0.126439,,0.000000,,40.951560,6.425703,19.773819,-0.357066,-0.484766,0.127701,26.513548,27.341355,26.522796,-0.909558,-2.312062,0.169999,0.027314,0.778885,0.158730,,275.961538,49.303136,1.634298,0.819216
2026-03-25T04:45:00Z,0.887197,no_impulse,0,RECLTD,1h,1.000000,124.363636,5.479891,7.000000,0.782842,1.795793,0.283463,-3.483626,4.220381,1.000000,100.732601,4.220381,4.000000,29.219847,19.301848,17.348662,0.000000,-1.922107,-1.644198,-0.277909,22.541475,28.946394,32.717449,-2.473506,-4.600926,-8.393857,0.290535,0.115236,4.372898,4.000000,89.215686,1.093224,3.000000,28.408084,17.322835,16.850060,0.000000,-1.953189,-1.576221,-0.376968,23.805012,30.668276,30.814611,-2.831732,-4.888534,-8.581546,0.265858,0.117611,4.672469,3.000000,108.127208,1.557490,4.000000,22.110180,8.903021,8.108108,1.000000,-1.888259,-1.053010,-0.835249,24.545256,16.356663,45.598706,-4.632879,-6.230058,-9.476693,0.149281,0.126248,4.516438,0.000000,49.303136,0.000000,4.000000,18.675987,1.219512,4.725172,0.000000,-1.065029,-0.421623,-0.643406,18.491341,16.751460,48.825379,-6.176718,-6.931558,-9.662699,-0.110397,0.095305,8.391813,7.000000,275.961538,1.198830,4.000000,18.675987,1.219512,4.725172,1.000000,-1.065029,-0.421623,-0.643406,18.491341,16.751460,48.825379,-6.176718,-6.931558,-9.662699,-0.110397,0.095305,3.136309,2.000000,59.259259,1.568154,3.000000,43.762924,19.943020,16.809117,0.000000,-0.075554,0.277659,-0.353214,21.455442,31.139372,27.138801,-0.877393,-0.734542,-2.967662,0.356858,0.060762,5.026493,7.000000,78.173719,0.718070,2.000000,39.128901,9.116809,6.912338,1.000000,0.081206,0.460961,-0.379756,22.780130,22.529281,33.927501,-1.640271,-1.367431,-3.614352,0.251090,0.064835,6.871748,18.000000,98.681319,0.381764,3.000000,72.823008,93.882979,94.354346,1.000000,0.931282,0.491015,0.440268,28.453031,37.994140,11.335780,2.388404,2.980724,0.649933,0.825894,0.075081,6.510230,11.000000,102.708804,0.591839,8.000000,6.767492,4.000000,165.917603,1.691873,1.000000,3.918978,7.000000,67.938931,0.559854,2.000000,6.121495,10.000000,161.065574,0.612150,7.000000,3.661465,4.000000,114.018692,0.915366,4.000000,3.317829,0.000000,37.809187,0.000000,8.000000,8.067275,7.000000,151.336898,1.152468,8.000000,5.630834,6.000000,181.553398,0.938472,1.000000,3.008178,0.000000,56.593407,0.000000,7.000000,5.613819,5.000000,111.314985,1.122764,7.000000,4.801057,4.000000,277.118644,1.200264,4.000000,1.763036,2.000000,25.820569,0.881518,3.000000,7.000000,7.000000,49.000000,-1.000000,,,,43.712007,42.608696,27.577640,-2.273522,-2.073987,-0.199534,17.683629,19.102784,29.601377,-2.553679,-5.767779,0.293337,0.120490,,1.000000,,65.504628,83.815029,86.897881,0.655218,0.453523,0.201695,28.734901,32.131700,11.193016,1.197680,1.457585,0.837675,0.035898,1.005738,1.228070,,275.961538,49.303136,1.606107,0.826807
2026-03-30T09:45:00Z,0.819542,no_impulse,0,RECLTD,1h,-1.000000,146.783626,7.625703,19.000000,0.401353,-3.509119,-5.544499,-10.262833,5.479891,7.000000,124.363636,0.782842,7.000000,58.531780,98.888889,83.967611,0.000000,-0.636244,-1.187140,0.550896,20.293944,39.842762,20.838209,1.795793,0.283463,-3.483626,0.719750,0.083214,4.220381,1.000000,100.732601,4.220381,4.000000,29.219847,19.301848,17.348662,0.000000,-1.922107,-1.644198,-0.277909,22.541475,28.946394,32.717449,-2.473506,-4.600926,-8.393857,0.290535,0.115236,4.372898,4.000000,89.215686,1.093224,3.000000,28.408084,17.322835,16.850060,0.000000,-1.953189,-1.576221,-0.376968,23.805012,30.668276,30.814611,-2.831732,-4.888534,-8.581546,0.265858,0.117611,4.672469,3.000000,108.127208,1.557490,4.000000,22.110180,8.903021,8.108108,1.000000,-1.888259,-1.053010,-0.835249,24.545256,16.356663,45.598706,-4.632879,-6.230058,-9.476693,0.149281,0.126248,4.516438,0.000000,49.303136,0.000000,4.000000,18.675987,1.219512,4.725172,0.000000,-1.065029,-0.421623,-0.643406,18.491341,16.751460,48.825379,-6.176718,-6.931558,-9.662699,-0.110397,0.095305,8.391813,7.000000,275.961538,1.198830,4.000000,18.675987,1.219512,4.725172,1.000000,-1.065029,-0.421623,-0.643406,18.491341,16.751460,48.825379,-6.176718,-6.931558,-9.662699,-0.110397,0.095305,3.136309,2.000000,59.259259,1.568154,3.000000,43.762924,19.943020,16.809117,0.000000,-0.075554,0.277659,-0.353214,21.455442,31.139372,27.138801,-0.877393,-0.734542,-2.967662,0.356858,0.060762,5.026493,7.000000,78.173719,0.718070,2.000000,39.128901,9.116809,6.912338,1.000000,0.081206,0.460961,-0.379756,22.780130,22.529281,33.927501,-1.640271,-1.367431,-3.614352,0.251090,0.064835,6.871748,18.000000,98.681319,0.381764,3.000000,6.510230,11.000000,102.708804,0.591839,8.000000,6.767492,4.000000,165.917603,1.691873,1.000000,3.918978,7.000000,67.938931,0.559854,2.000000,6.121495,10.000000,161.065574,0.612150,7.000000,3.661465,4.000000,114.018692,0.915366,4.000000,3.317829,0.000000,37.809187,0.000000,8.000000,8.067275,7.000000,151.336898,1.152468,8.000000,5.630834,6.000000,181.553398,0.938472,1.000000,3.008178,0.000000,56.593407,0.000000,7.000000,5.613819,5.000000,111.314985,1.122764,7.000000,4.801057,4.000000,277.118644,1.200264,4.000000,4.000000,8.000000,19.000000,-1.000000,,,,34.858276,2.312775,21.743318,-3.047859,-2.451661,-0.596198,19.721247,16.473048,36.385018,-8.685970,-12.721355,-0.116787,0.129572,,5.000000,,14.688433,12.182741,8.267687,-0.985070,-0.887364,-0.097705,54.745772,6.786204,43.243712,-1.586244,-3.102939,0.009259,0.031819,1.433439,3.166667,,275.961538,49.303136,1.538831,0.800489
2026-04-01T06:45:00Z,0.872507,no_impulse,0,RECLTD,1h,1.000000,78.286853,6.462753,4.000000,1.615688,1.747727,0.446578,-3.845399,7.625703,19.000000,146.783626,0.401353,4.000000,23.545995,5.466970,3.272239,0.000000,-1.523607,-1.035389,-0.488218,24.231334,15.063743,42.161004,-3.509119,-5.544499,-10.262833,0.155341,0.098363,5.479891,7.000000,124.363636,0.782842,7.000000,58.531780,98.888889,83.967611,0.000000,-0.636244,-1.187140,0.550896,20.293944,39.842762,20.838209,1.795793,0.283463,-3.483626,0.719750,0.083214,4.220381,1.000000,100.732601,4.220381,4.000000,29.219847,19.301848,17.348662,0.000000,-1.922107,-1.644198,-0.277909,22.541475,28.946394,32.717449,-2.473506,-4.600926,-8.393857,0.290535,0.115236,4.372898,4.000000,89.215686,1.093224,3.000000,28.408084,17.322835,16.850060,0.000000,-1.953189,-1.576221,-0.376968,23.805012,30.668276,30.814611,-2.831732,-4.888534,-8.581546,0.265858,0.117611,4.672469,3.000000,108.127208,1.557490,4.000000,22.110180,8.903021,8.108108,1.000000,-1.888259,-1.053010,-0.835249,24.545256,16.356663,45.598706,-4.632879,-6.230058,-9.476693,0.149281,0.126248,4.516438,0.000000,49.303136,0.000000,4.000000,18.675987,1.219512,4.725172,0.000000,-1.065029,-0.421623,-0.643406,18.491341,16.751460,48.825379,-6.176718,-6.931558,-9.662699,-0.110397,0.095305,8.391813,7.000000,275.961538,1.198830,4.000000,18.675987,1.219512,4.725172,1.000000,-1.065029,-0.421623,-0.643406,18.491341,16.751460,48.825379,-6.176718,-6.931558,-9.662699,-0.110397,0.095305,3.136309,2.000000,59.259259,1.568154,3.000000,43.762924,19.943020,16.809117,0.000000,-0.075554,0.277659,-0.353214,21.455442,31.139372,27.138801,-0.877393,-0.734542,-2.967662,0.356858,0.060762,5.026493,7.000000,78.173719,0.718070,2.000000,6.871748,18.000000,98.681319,0.381764,3.000000,6.510230,11.000000,102.708804,0.591839,8.000000,6.767492,4.000000,165.917603,1.691873,1.000000,3.918978,7.000000,67.938931,0.559854,2.000000,6.121495,10.000000,161.065574,0.612150,7.000000,3.661465,4.000000,114.018692,0.915366,4.000000,3.317829,0.000000,37.809187,0.000000,8.000000,8.067275,7.000000,151.336898,1.152468,8.000000,5.630834,6.000000,181.553398,0.938472,1.000000,3.008178,0.000000,56.593407,0.000000,7.000000,5.613819,5.000000,111.314985,1.122764,7.000000,3.000000,9.000000,23.000000,-1.000000,,,,45.621366,45.704846,29.258443,-2.547057,-2.421793,-0.125263,20.704337,17.882970,29.965097,-1.642401,-5.400699,0.366228,0.120792,,0.000000,,67.677721,96.675192,96.175500,0.788747,0.484383,0.304364,42.556399,34.426046,15.607813,1.522028,1.804619,0.686125,0.083038,1.189884,0.588235,,275.961538,49.303136,1.669580,1.277557
2026-04-02T03:45:00Z,0.838949,no_impulse,0,RECLTD,1h,-1.000000,63.358779,3.846154,4.000000,0.961538,-1.844597,-2.901309,-7.247627,6.462753,4.000000,78.286853,1.615688,3.000000,57.426044,99.236641,94.360932,0.000000,-0.422301,-0.827967,0.405666,21.429073,36.914859,26.587884,1.747727,0.446578,-3.845399,0.714980,0.082743,7.625703,19.000000,146.783626,0.401353,4.000000,23.545995,5.466970,3.272239,0.000000,-1.523607,-1.035389,-0.488218,24.231334,15.063743,42.161004,-3.509119,-5.544499,-10.262833,0.155341,0.098363,5.479891,7.000000,124.363636,0.782842,7.000000,58.531780,98.888889,83.967611,0.000000,-0.636244,-1.187140,0.550896,20.293944,39.842762,20.838209,1.795793,0.283463,-3.483626,0.719750,0.083214,4.220381,1.000000,100.732601,4.220381,4.000000,29.219847,19.301848,17.348662,0.000000,-1.922107,-1.644198,-0.277909,22.541475,28.946394,32.717449,-2.473506,-4.600926,-8.393857,0.290535,0.115236,4.372898,4.000000,89.215686,1.093224,3.000000,28.408084,17.322835,16.850060,0.000000,-1.953189,-1.576221,-0.376968,23.805012,30.668276,30.814611,-2.831732,-4.888534,-8.581546,0.265858,0.117611,4.672469,3.000000,108.127208,1.557490,4.000000,22.110180,8.903021,8.108108,1.000000,-1.888259,-1.053010,-0.835249,24.545256,16.356663,45.598706,-4.632879,-6.230058,-9.476693,0.149281,0.126248,4.516438,0.000000,49.303136,0.000000,4.000000,18.675987,1.219512,4.725172,0.000000,-1.065029,-0.421623,-0.643406,18.491341,16.751460,48.825379,-6.176718,-6.931558,-9.662699,-0.110397,0.095305,8.391813,7.000000,275.961538,1.198830,4.000000,18.675987,1.219512,4.725172,1.000000,-1.065029,-0.421623,-0.643406,18.491341,16.751460,48.825379,-6.176718,-6.931558,-9.662699,-0.110397,0.095305,3.136309,2.000000,59.259259,1.568154,3.000000,5.026493,7.000000,78.173719,0.718070,2.000000,6.871748,18.000000,98.681319,0.381764,3.000000,6.510230,11.000000,102.708804,0.591839,8.000000,6.767492,4.000000,165.917603,1.691873,1.000000,3.918978,7.000000,67.938931,0.559854,2.000000,6.121495,10.000000,161.065574,0.612150,7.000000,3.661465,4.000000,114.018692,0.915366,4.000000,3.317829,0.000000,37.809187,0.000000,8.000000,8.067275,7.000000,151.336898,1.152468,8.000000,5.630834,6.000000,181.553398,0.938472,1.000000,3.008178,0.000000,56.593407,0.000000,7.000000,2.000000,1.000000,27.000000,-1.000000,,,,45.621366,45.704846,29.258443,-2.547057,-2.421793,-0.125263,20.704337,17.882970,29.965097,-1.642401,-5.400699,0.366228,0.120792,,1.000000,,35.488409,15.151515,45.426092,0.257834,0.521444,-0.263611,29.653930,16.770992,40.399899,-2.012095,-1.573498,-0.284257,0.025150,0.713504,0.740741,,275.961538,49.303136,1.635028,1.475103
2026-04-10T03:45:00Z,0.954987,no_impulse,0,RECLTD,1h,1.000000,345.783133,13.831325,35.000000,0.395181,1.972156,4.151562,3.678928,3.846154,4.000000,63.358779,0.961538,2.000000,41.127577,44.020356,76.590331,1.000000,-0.204685,-0.445754,0.241069,19.078058,26.243596,39.043937,-1.844597,-2.901309,-7.247627,0.256945,0.074518,6.462753,4.000000,78.286853,1.615688,3.000000,57.426044,99.236641,94.360932,0.000000,-0.422301,-0.827967,0.405666,21.429073,36.914859,26.587884,1.747727,0.446578,-3.845399,0.714980,0.082743,7.625703,19.000000,146.783626,0.401353,4.000000,23.545995,5.466970,3.272239,0.000000,-1.523607,-1.035389,-0.488218,24.231334,15.063743,42.161004,-3.509119,-5.544499,-10.262833,0.155341,0.098363,5.479891,7.000000,124.363636,0.782842,7.000000,58.531780,98.888889,83.967611,0.000000,-0.636244,-1.187140,0.550896,20.293944,39.842762,20.838209,1.795793,0.283463,-3.483626,0.719750,0.083214,4.220381,1.000000,100.732601,4.220381,4.000000,29.219847,19.301848,17.348662,0.000000,-1.922107,-1.644198,-0.277909,22.541475,28.946394,32.717449,-2.473506,-4.600926,-8.393857,0.290535,0.115236,4.372898,4.000000,89.215686,1.093224,3.000000,28.408084,17.322835,16.850060,0.000000,-1.953189,-1.576221,-0.376968,23.805012,30.668276,30.814611,-2.831732,-4.888534,-8.581546,0.265858,0.117611,4.672469,3.000000,108.127208,1.557490,4.000000,22.110180,8.903021,8.108108,1.000000,-1.888259,-1.053010,-0.835249,24.545256,16.356663,45.598706,-4.632879,-6.230058,-9.476693,0.149281,0.126248,4.516438,0.000000,49.303136,0.000000,4.000000,18.675987,1.219512,4.725172,0.000000,-1.065029,-0.421623,-0.643406,18.491341,16.751460,48.825379,-6.176718,-6.931558,-9.662699,-0.110397,0.095305,8.391813,7.000000,275.961538,1.198830,4.000000,3.136309,2.000000,59.259259,1.568154,3.000000,5.026493,7.000000,78.173719,0.718070,2.000000,6.871748,18.000000,98.681319,0.381764,3.000000,6.510230,11.000000,102.708804,0.591839,8.000000,6.767492,4.000000,165.917603,1.691873,1.000000,3.918978,7.000000,67.938931,0.559854,2.000000,6.121495,10.000000,161.065574,0.612150,7.000000,3.661465,4.000000,114.018692,0.915366,4.000000,3.317829,0.000000,37.809187,0.000000,8.000000,8.067275,7.000000,151.336898,1.152468,8.000000,5.630834,6.000000,181.553398,0.938472,1.000000,1.000000,2.000000,62.000000,-1.000000,,,,57.594028,91.044776,89.990990,-0.373280,-1.492173,1.118893,17.826777,28.233400,22.354615,4.460007,2.267872,0.846757,0.134625,,11.000000,,69.196828,59.340659,39.135058,0.326916,0.372767,-0.045851,24.914438,41.002389,12.317058,1.123829,2.156137,1.236822,0.015426,2.623305,6.862745,,275.961538,49.303136,1.705321,1.274383
2026-04-13T03:45:00Z,0.910377,no_impulse,0,RECLTD,1h,-1.000000,38.443670,4.671183,7.000000,0.667312,-0.911763,1.260640,1.559714,13.831325,35.000000,345.783133,0.395181,1.000000,73.409965,61.676647,73.051860,0.000000,1.620434,1.604507,0.015927,39.856915,40.587989,11.264552,1.972156,4.151562,3.678928,0.736414,0.085098,3.846154,4.000000,63.358779,0.961538,2.000000,41.127577,44.020356,76.590331,1.000000,-0.204685,-0.445754,0.241069,19.078058,26.243596,39.043937,-1.844597,-2.901309,-7.247627,0.256945,0.074518,6.462753,4.000000,78.286853,1.615688,3.000000,57.426044,99.236641,94.360932,0.000000,-0.422301,-0.827967,0.405666,21.429073,36.914859,26.587884,1.747727,0.446578,-3.845399,0.714980,0.082743,7.625703,19.000000,146.783626,0.401353,4.000000,23.545995,5.466970,3.272239,0.000000,-1.523607,-1.035389,-0.488218,24.231334,15.063743,42.161004,-3.509119,-5.544499,-10.262833,0.155341,0.098363,5.479891,7.000000,124.363636,0.782842,7.000000,58.531780,98.888889,83.967611,0.000000,-0.636244,-1.187140,0.550896,20.293944,39.842762,20.838209,1.795793,0.283463,-3.483626,0.719750,0.083214,4.220381,1.000000,100.732601,4.220381,4.000000,29.219847,19.301848,17.348662,0.000000,-1.922107,-1.644198,-0.277909,22.541475,28.946394,32.717449,-2.473506,-4.600926,-8.393857,0.290535,0.115236,4.372898,4.000000,89.215686,1.093224,3.000000,28.408084,17.322835,16.850060,0.000000,-1.953189,-1.576221,-0.376968,23.805012,30.668276,30.814611,-2.831732,-4.888534,-8.581546,0.265858,0.117611,4.672469,3.000000,108.127208,1.557490,4.000000,22.110180,8.903021,8.108108,1.000000,-1.888259,-1.053010,-0.835249,24.545256,16.356663,45.598706,-4.632879,-6.230058,-9.476693,0.149281,0.126248,4.516438,0.000000,49.303136,0.000000,4.000000,8.391813,7.000000,275.961538,1.198830,4.000000,3.136309,2.000000,59.259259,1.568154,3.000000,5.026493,7.000000,78.173719,0.718070,2.000000,6.871748,18.000000,98.681319,0.381764,3.000000,6.510230,11.000000,102.708804,0.591839,8.000000,6.767492,4.000000,165.917603,1.691873,1.000000,3.918978,7.000000,67.938931,0.559854,2.000000,6.121495,10.000000,161.065574,0.612150,7.000000,3.661465,4.000000,114.018692,0.915366,4.000000,3.317829,0.000000,37.809187,0.000000,8.000000,8.067275,7.000000,151.336898,1.152468,8.000000,2.000000,3.000000,69.000000,-1.000000,,,,57.594028,91.044776,89.990990,-0.373280,-1.492173,1.118893,17.826777,28.233400,22.354615,4.460007,2.267872,0.846757,0.134625,,2.000000,,27.687239,32.452830,47.181246,-0.032116,0.158261,-0.190377,24.577566,13.051525,51.324944,-1.830261,-1.331973,-0.437195,0.019178,0.736549,0.833333,7.000000,345.783133,49.303136,3.044582,1.393297
2026-04-13T06:45:00Z,0.937601,no_impulse,0,RECLTD,1h,1.000000,61.027190,2.990377,3.000000,0.996792,0.512237,2.462385,2.955314,4.671183,7.000000,38.443670,0.667312,2.000000,47.820037,21.450151,52.235520,0.000000,1.161899,1.467591,-0.305692,42.354759,27.470143,31.505421,-0.911763,1.260640,1.559714,0.251583,0.036371,13.831325,35.000000,345.783133,0.395181,1.000000,73.409965,61.676647,73.051860,0.000000,1.620434,1.604507,0.015927,39.856915,40.587989,11.264552,1.972156,4.151562,3.678928,0.736414,0.085098,3.846154,4.000000,63.358779,0.961538,2.000000,41.127577,44.020356,76.590331,1.000000,-0.204685,-0.445754,0.241069,19.078058,26.243596,39.043937,-1.844597,-2.901309,-7.247627,0.256945,0.074518,6.462753,4.000000,78.286853,1.615688,3.000000,57.426044,99.236641,94.360932,0.000000,-0.422301,-0.827967,0.405666,21.429073,36.914859,26.587884,1.747727,0.446578,-3.845399,0.714980,0.082743,7.625703,19.000000,146.783626,0.401353,4.000000,23.545995,5.466970,3.272239,0.000000,-1.523607,-1.035389,-0.488218,24.231334,15.063743,42.161004,-3.509119,-5.544499,-10.262833,0.155341,0.098363,5.479891,7.000000,124.363636,0.782842,7.000000,58.531780,98.888889,83.967611,0.000000,-0.636244,-1.187140,0.550896,20.293944,39.842762,20.838209,1.795793,0.283463,-3.483626,0.719750,0.083214,4.220381,1.000000,100.732601,4.220381,4.000000,29.219847,19.301848,17.348662,0.000000,-1.922107,-1.644198,-0.277909,22.541475,28.946394,32.717449,-2.473506,-4.600926,-8.393857,0.290535,0.115236,4.372898,4.000000,89.215686,1.093224,3.000000,28.408084,17.322835,16.850060,0.000000,-1.953189,-1.576221,-0.376968,23.805012,30.668276,30.814611,-2.831732,-4.888534,-8.581546,0.265858,0.117611,4.672469,3.000000,108.127208,1.557490,4.000000,4.516438,0.000000,49.303136,0.000000,4.000000,8.391813,7.000000,275.961538,1.198830,4.000000,3.136309,2.000000,59.259259,1.568154,3.000000,5.026493,7.000000,78.173719,0.718070,2.000000,6.871748,18.000000,98.681319,0.381764,3.000000,6.510230,11.000000,102.708804,0.591839,8.000000,6.767492,4.000000,165.917603,1.691873,1.000000,3.918978,7.000000,67.938931,0.559854,2.000000,6.121495,10.000000,161.065574,0.612150,7.000000,3.661465,4.000000,114.018692,0.915366,4.000000,3.317829,0.000000,37.809187,0.000000,8.000000,3.000000,1.000000,72.000000,-1.000000,,,,57.594028,91.044776,89.990990,-0.373280,-1.492173,1.118893,17.826777,28.233400,22.354615,4.460007,2.267872,0.846757,0.134625,,0.000000,,51.324515,68.571429,65.088219,-0.185097,-0.260952,0.075855,26.945429,20.058903,25.528519,0.171307,0.153053,0.548606,0.035304,0.500908,0.357143,10.000000,345.783133,38.443670,2.993155,1.142082
