timestamp,price,label,direction,symbol,timeframe,curr_direction,curr_retrace_pct,curr_leg_size_pct,curr_leg_duration,curr_leg_speed,curr_ema20_dist,curr_ema50_dist,curr_ema200_dist,p1_leg_size_pct,p1_leg_duration,p1_retrace_pct,p1_leg_speed,p1_trend_state,p1_rsi,p1_stoch_k,p1_stoch_d,p1_stoch_cross,p1_macd_line,p1_macd_signal,p1_macd_hist,p1_adx,p1_plus_di,p1_minus_di,p1_ema20_dist,p1_ema50_dist,p1_ema200_dist,p1_bb_position,p1_bb_bandwidth,p2_leg_size_pct,p2_leg_duration,p2_retrace_pct,p2_leg_speed,p2_trend_state,p2_rsi,p2_stoch_k,p2_stoch_d,p2_stoch_cross,p2_macd_line,p2_macd_signal,p2_macd_hist,p2_adx,p2_plus_di,p2_minus_di,p2_ema20_dist,p2_ema50_dist,p2_ema200_dist,p2_bb_position,p2_bb_bandwidth,p3_leg_size_pct,p3_leg_duration,p3_retrace_pct,p3_leg_speed,p3_trend_state,p3_rsi,p3_stoch_k,p3_stoch_d,p3_stoch_cross,p3_macd_line,p3_macd_signal,p3_macd_hist,p3_adx,p3_plus_di,p3_minus_di,p3_ema20_dist,p3_ema50_dist,p3_ema200_dist,p3_bb_position,p3_bb_bandwidth,p4_leg_size_pct,p4_leg_duration,p4_retrace_pct,p4_leg_speed,p4_trend_state,p4_rsi,p4_stoch_k,p4_stoch_d,p4_stoch_cross,p4_macd_line,p4_macd_signal,p4_macd_hist,p4_adx,p4_plus_di,p4_minus_di,p4_ema20_dist,p4_ema50_dist,p4_ema200_dist,p4_bb_position,p4_bb_bandwidth,p5_leg_size_pct,p5_leg_duration,p5_retrace_pct,p5_leg_speed,p5_trend_state,p5_rsi,p5_stoch_k,p5_stoch_d,p5_stoch_cross,p5_macd_line,p5_macd_signal,p5_macd_hist,p5_adx,p5_plus_di,p5_minus_di,p5_ema20_dist,p5_ema50_dist,p5_ema200_dist,p5_bb_position,p5_bb_bandwidth,p6_leg_size_pct,p6_leg_duration,p6_retrace_pct,p6_leg_speed,p6_trend_state,p6_rsi,p6_stoch_k,p6_stoch_d,p6_stoch_cross,p6_macd_line,p6_macd_signal,p6_macd_hist,p6_adx,p6_plus_di,p6_minus_di,p6_ema20_dist,p6_ema50_dist,p6_ema200_dist,p6_bb_position,p6_bb_bandwidth,p7_leg_size_pct,p7_leg_duration,p7_retrace_pct,p7_leg_speed,p7_trend_state,p7_rsi,p7_stoch_k,p7_stoch_d,p7_stoch_cross,p7_macd_line,p7_macd_signal,p7_macd_hist,p7_adx,p7_plus_di,p7_minus_di,p7_ema20_dist,p7_ema50_dist,p7_ema200_dist,p7_bb_position,p7_bb_bandwidth,p8_leg_size_pct,p8_leg_duration,p8_retrace_pct,p8_leg_speed,p8_trend_state,p8_rsi,p8_stoch_k,p8_stoch_d,p8_stoch_cross,p8_macd_line,p8_macd_signal,p8_macd_hist,p8_adx,p8_plus_di,p8_minus_di,p8_ema20_dist,p8_ema50_dist,p8_ema200_dist,p8_bb_position,p8_bb_bandwidth,p9_leg_size_pct,p9_leg_duration,p9_retrace_pct,p9_leg_speed,p9_trend_state,p10_leg_size_pct,p10_leg_duration,p10_retrace_pct,p10_leg_speed,p10_trend_state,p11_leg_size_pct,p11_leg_duration,p11_retrace_pct,p11_leg_speed,p11_trend_state,p12_leg_size_pct,p12_leg_duration,p12_retrace_pct,p12_leg_speed,p12_trend_state,p13_leg_size_pct,p13_leg_duration,p13_retrace_pct,p13_leg_speed,p13_trend_state,p14_leg_size_pct,p14_leg_duration,p14_retrace_pct,p14_leg_speed,p14_trend_state,p15_leg_size_pct,p15_leg_duration,p15_retrace_pct,p15_leg_speed,p15_trend_state,p16_leg_size_pct,p16_leg_duration,p16_retrace_pct,p16_leg_speed,p16_trend_state,p17_leg_size_pct,p17_leg_duration,p17_retrace_pct,p17_leg_speed,p17_trend_state,p18_leg_size_pct,p18_leg_duration,p18_retrace_pct,p18_leg_speed,p18_trend_state,p19_leg_size_pct,p19_leg_duration,p19_retrace_pct,p19_leg_speed,p19_trend_state,p20_leg_size_pct,p20_leg_duration,p20_retrace_pct,p20_leg_speed,p20_trend_state,mkt_trend_state,mkt_trend_streak,mkt_bars_since_reversal,mkt_last_break_type,htf_trend_state,htf_retrace_pct,htf_pivot_dist_pct,htf_rsi,htf_stoch_k,htf_stoch_d,htf_macd_line,htf_macd_signal,htf_macd_hist,htf_adx,htf_plus_di,htf_minus_di,htf_ema20_dist,htf_ema50_dist,htf_bb_position,htf_bb_bandwidth,ltf_trend_state,ltf_zigzag_count,ltf_trend_reversal_flag,ltf_rsi,ltf_stoch_k,ltf_stoch_d,ltf_macd_line,ltf_macd_signal,ltf_macd_hist,ltf_adx,ltf_plus_di,ltf_minus_di,ltf_ema20_dist,ltf_ema50_dist,ltf_bb_position,ltf_bb_bandwidth,leg_size_vs_avg,leg_duration_vs_avg,bars_since_large_leg,max_retrace_last10,min_retrace_last10,leg_size_stddev,legs_contracting
2022-04-04T18:30:00Z,1.000000,no_impulse,0,TCS,1d,1.000000,,0.000000,0.000000,0.000000,2.839758,3.194864,6.916353,,,,,,,,,,,,,,,,,,,,,,,,,,,,,,,,,,,,,,,,,,,,,,,,,,,,,,,,,,,,,,,,,,,,,,,,,,,,,,,,,,,,,,,,,,,,,,,,,,,,,,,,,,,,,,,,,,,,,,,,,,,,,,,,,,,,,,,,,,,,,,,,,,,,,,,,,,,,,,,,,,,,,,,,,,,,,,,,,,,,,,,,,,,,,,,,,,,,,,,,,,,,,,,,,,,,,,,,,,,,,0.000000,1.000000,,-1.000000,,,,0.000000,74.342458,74.342458,0.000000,0.000000,0.000000,0.000000,0.000000,0.000000,0.000000,0.000000,0.500000,0.000000,,0.000000,,0.000000,61.886305,61.886305,0.000000,0.000000,0.000000,0.000000,0.000000,0.000000,0.000000,0.000000,0.500000,0.000000,0.000000,0.000000,,,,0.000000,
2022-04-18T18:30:00Z,0.896639,no_impulse,0,TCS,1d,-1.000000,,10.336062,8.000000,1.292008,-5.518592,-5.945462,-2.485334,0.000000,0.000000,,0.000000,0.000000,63.496271,90.571170,91.737092,0.000000,0.826357,0.380686,0.445671,13.728613,25.783565,16.442473,2.839758,3.194864,6.916353,0.935867,0.067056,,,,,,,,,,,,,,,,,,,,,,,,,,,,,,,,,,,,,,,,,,,,,,,,,,,,,,,,,,,,,,,,,,,,,,,,,,,,,,,,,,,,,,,,,,,,,,,,,,,,,,,,,,,,,,,,,,,,,,,,,,,,,,,,,,,,,,,,,,,,,,,,,,,,,,,,,,,,,,,,,,,,,,,,,,,,,,,,,,,,,,,,,,,,,,,,,,,,,,,,,0.000000,2.000000,,-1.000000,,,,0.000000,74.342458,74.342458,0.000000,0.000000,0.000000,0.000000,0.000000,0.000000,0.000000,0.000000,0.500000,0.000000,,0.000000,,0.000000,61.886305,61.886305,0.000000,0.000000,0.000000,0.000000,0.000000,0.000000,0.000000,0.000000,0.500000,0.000000,1.000000,1.000000,,,,0.000000,
2022-04-20T18:30:00Z,0.950047,no_impulse,0,TCS,1d,1.000000,51.671081,5.956414,2.000000,2.978207,-0.615569,-1.188982,1.922871,10.336062,8.000000,,1.292008,0.000000,30.938027,8.260815,6.701971,1.000000,-0.648063,0.130289,-0.778352,14.558257,14.756074,35.158962,-5.518592,-5.945462,-2.485334,-0.122320,0.084040,0.000000,0.000000,,0.000000,0.000000,63.496271,90.571170,91.737092,0.000000,0.826357,0.380686,0.445671,13.728613,25.783565,16.442473,2.839758,3.194864,6.916353,0.935867,0.067056,,,,,,,,,,,,,,,,,,,,,,,,,,,,,,,,,,,,,,,,,,,,,,,,,,,,,,,,,,,,,,,,,,,,,,,,,,,,,,,,,,,,,,,,,,,,,,,,,,,,,,,,,,,,,,,,,,,,,,,,,,,,,,,,,,,,,,,,,,,,,,,,,,,,,,,,,,,,,,,,,,,,,,,,,,,,,,,,,,,,,3.000000,1.000000,,-1.000000,,,,0.000000,74.342458,74.342458,0.000000,0.000000,0.000000,0.000000,0.000000,0.000000,0.000000,0.000000,0.500000,0.000000,,0.000000,,0.000000,61.886305,61.886305,0.000000,0.000000,0.000000,0.000000,0.000000,0.000000,0.000000,0.000000,0.500000,0.000000,1.152550,0.500000,,,,7.308700,
2022-05-18T18:30:00Z,0.842111,no_impulse,0,TCS,1d,-1.000000,202.099097,11.361142,19.000000,0.597955,-6.343525,-9.092584,-8.636646,5.956414,2.000000,51.671081,2.978207,3.000000,47.427177,47.799218,28.578635,0.000000,-0.721164,-0.187689,-0.533476,16.575232,19.693256,29.437902,-0.615569,-1.188982,1.922871,0.432352,0.090439,10.336062,8.000000,,1.292008,0.000000,30.938027,8.260815,6.701971,1.000000,-0.648063,0.130289,-0.778352,14.558257,14.756074,35.158962,-5.518592,-5.945462,-2.485334,-0.122320,0.084040,0.000000,0.000000,,0.000000,0.000000,63.496271,90.571170,91.737092,0.000000,0.826357,0.380686,0.445671,13.728613,25.783565,16.442473,2.839758,3.194864,6.916353,0.935867,0.067056,,,,,,,,,,,,,,,,,,,,,,,,,,,,,,,,,,,,,,,,,,,,,,,,,,,,,,,,,,,,,,,,,,,,,,,,,,,,,,,,,,,,,,,,,,,,,,,,,,,,,,,,,,,,,,,,,,,,,,,,,,,,,,,,,,,,,,,,,,,,,,,,,,,,,,,,,,,,,,,,,4.000000,2.000000,,-1.000000,,,,0.000000,74.342458,74.342458,0.000000,0.000000,0.000000,0.000000,0.000000,0.000000,0.000000,0.000000,0.500000,0.000000,,0.000000,,0.000000,61.886305,61.886305,0.000000,0.000000,0.000000,0.000000,0.000000,0.000000,0.000000,0.000000,0.500000,0.000000,2.091973,5.700000,,51.671081,51.671081,5.188037,
2022-05-18T18:30:00Z,0.887736,no_impulse,0,TCS,1d,1.000000,42.270531,5.417957,0.000000,0.000000,-6.343525,-9.092584,-8.636646,11.361142,19.000000,202.099097,0.597955,4.000000,29.190531,8.124603,27.635842,1.000000,-2.109349,-1.809787,-0.299563,34.181130,11.395114,39.952528,-6.343525,-9.092584,-8.636646,-0.088400,0.101379,5.956414,2.000000,51.671081,2.978207,3.000000,47.427177,47.799218,28.578635,0.000000,-0.721164,-0.187689,-0.533476,16.575232,19.693256,29.437902,-0.615569,-1.188982,1.922871,0.432352,0.090439,10.336062,8.000000,,1.292008,0.000000,30.938027,8.260815,6.701971,1.000000,-0.648063,0.130289,-0.778352,14.558257,14.756074,35.158962,-5.518592,-5.945462,-2.485334,-0.122320,0.084040,0.000000,0.000000,,0.000000,0.000000,63.496271,90.571170,91.737092,0.000000,0.826357,0.380686,0.445671,13.728613,25.783565,16.442473,2.839758,3.194864,6.916353,0.935867,0.067056,,,,,,,,,,,,,,,,,,,,,,,,,,,,,,,,,,,,,,,,,,,,,,,,,,,,,,,,,,,,,,,,,,,,,,,,,,,,,,,,,,,,,,,,,,,,,,,,,,,,,,,,,,,,,,,,,,,,,,,,,,,,,,,,,,,,,,,,,,,,,4.000000,3.000000,,-1.000000,,,,0.000000,74.342458,74.342458,0.000000,0.000000,0.000000,0.000000,0.000000,0.000000,0.000000,0.000000,0.500000,0.000000,,0.000000,,0.000000,61.886305,61.886305,0.000000,0.000000,0.000000,0.000000,0.000000,0.000000,0.000000,0.000000,0.500000,0.000000,0.783689,0.000000,,202.099097,51.671081,5.170685,
2022-05-24T18:30:00Z,0.822309,no_impulse,0,TCS,1d,-1.000000,143.400000,7.370044,4.000000,1.842511,-7.357948,-10.972324,-11.528352,5.417957,0.000000,42.270531,0.000000,4.000000,29.190531,8.124603,27.635842,0.000000,-2.109349,-1.809787,-0.299563,34.181130,11.395114,39.952528,-6.343525,-9.092584,-8.636646,-0.088400,0.101379,11.361142,19.000000,202.099097,0.597955,4.000000,29.190531,8.124603,27.635842,1.000000,-2.109349,-1.809787,-0.299563,34.181130,11.395114,39.952528,-6.343525,-9.092584,-8.636646,-0.088400,0.101379,5.956414,2.000000,51.671081,2.978207,3.000000,47.427177,47.799218,28.578635,0.000000,-0.721164,-0.187689,-0.533476,16.575232,19.693256,29.437902,-0.615569,-1.188982,1.922871,0.432352,0.090439,10.336062,8.000000,,1.292008,0.000000,30.938027,8.260815,6.701971,1.000000,-0.648063,0.130289,-0.778352,14.558257,14.756074,35.158962,-5.518592,-5.945462,-2.485334,-0.122320,0.084040,0.000000,0.000000,,0.000000,0.000000,63.496271,90.571170,91.737092,0.000000,0.826357,0.380686,0.445671,13.728613,25.783565,16.442473,2.839758,3.194864,6.916353,0.935867,0.067056,,,,,,,,,,,,,,,,,,,,,,,,,,,,,,,,,,,,,,,,,,,,,,,,,,,,,,,,,,,,,,,,,,,,,,,,,,,,,,,,,,,,,,,,,,,,,,,,,,,,,,,,,,,,,,,,,,,,,,,,,4.000000,4.000000,,-1.000000,,,,0.000000,74.342458,74.342458,0.000000,0.000000,0.000000,0.000000,0.000000,0.000000,0.000000,0.000000,0.500000,0.000000,,0.000000,,0.000000,61.886305,61.886305,0.000000,0.000000,0.000000,0.000000,0.000000,0.000000,0.000000,0.000000,0.500000,0.000000,1.114257,0.689655,,202.099097,42.270531,4.527611,
2022-06-02T18:30:00Z,0.906586,no_impulse,0,TCS,1d,1.000000,128.810520,10.248728,7.000000,1.464104,1.704020,-1.043133,-2.336284,7.370044,4.000000,143.400000,1.842511,4.000000,27.799350,3.988855,17.405401,0.000000,-2.810458,-2.265271,-0.545187,39.022178,10.433834,40.501395,-7.357948,-10.972324,-11.528352,-0.046726,0.125358,5.417957,0.000000,42.270531,0.000000,4.000000,29.190531,8.124603,27.635842,0.000000,-2.109349,-1.809787,-0.299563,34.181130,11.395114,39.952528,-6.343525,-9.092584,-8.636646,-0.088400,0.101379,11.361142,19.000000,202.099097,0.597955,4.000000,29.190531,8.124603,27.635842,1.000000,-2.109349,-1.809787,-0.299563,34.181130,11.395114,39.952528,-6.343525,-9.092584,-8.636646,-0.088400,0.101379,5.956414,2.000000,51.671081,2.978207,3.000000,47.427177,47.799218,28.578635,0.000000,-0.721164,-0.187689,-0.533476,16.575232,19.693256,29.437902,-0.615569,-1.188982,1.922871,0.432352,0.090439,10.336062,8.000000,,1.292008,0.000000,30.938027,8.260815,6.701971,1.000000,-0.648063,0.130289,-0.778352,14.558257,14.756074,35.158962,-5.518592,-5.945462,-2.485334,-0.122320,0.084040,0.000000,0.000000,,0.000000,0.000000,63.496271,90.571170,91.737092,0.000000,0.826357,0.380686,0.445671,13.728613,25.783565,16.442473,2.839758,3.194864,6.916353,0.935867,0.067056,,,,,,,,,,,,,,,,,,,,,,,,,,,,,,,,,,,,,,,,,,,,,,,,,,,,,,,,,,,,,,,,,,,,,,,,,,,,,,,,,,,,,,,,,,,,,,,,,,,,,7.000000,5.000000,,-1.000000,,,,0.000000,74.342458,74.342458,0.000000,0.000000,0.000000,0.000000,0.000000,0.000000,0.000000,0.000000,0.500000,0.000000,,0.000000,,0.000000,61.886305,61.886305,0.000000,0.000000,0.000000,0.000000,0.000000,0.000000,0.000000,0.000000,0.500000,0.000000,1.520522,1.272727,,202.099097,42.270531,4.061354,1.482227
2022-06-16T18:30:00Z,0.788364,no_impulse,0,TCS,1d,-1.000000,140.278422,13.040290,10.000000,1.304029,-6.842970,-10.358736,-13.238494,10.248728,7.000000,128.810520,1.464104,7.000000,52.891220,83.912597,73.930684,1.000000,-1.161899,-1.847746,0.685847,33.078280,24.518758,25.788794,1.704020,-1.043133,-2.336284,0.679098,0.096794,7.370044,4.000000,143.400000,1.842511,4.000000,27.799350,3.988855,17.405401,0.000000,-2.810458,-2.265271,-0.545187,39.022178,10.433834,40.501395,-7.357948,-10.972324,-11.528352,-0.046726,0.125358,5.417957,0.000000,42.270531,0.000000,4.000000,29.190531,8.124603,27.635842,0.000000,-2.109349,-1.809787,-0.299563,34.181130,11.395114,39.952528,-6.343525,-9.092584,-8.636646,-0.088400,0.101379,11.361142,19.000000,202.099097,0.597955,4.000000,29.190531,8.124603,27.635842,1.000000,-2.109349,-1.809787,-0.299563,34.181130,11.395114,39.952528,-6.343525,-9.092584,-8.636646,-0.088400,0.101379,5.956414,2.000000,51.671081,2.978207,3.000000,47.427177,47.799218,28.578635,0.000000,-0.721164,-0.187689,-0.533476,16.575232,19.693256,29.437902,-0.615569,-1.188982,1.922871,0.432352,0.090439,10.336062,8.000000,,1.292008,0.000000,30.938027,8.260815,6.701971,1.000000,-0.648063,0.130289,-0.778352,14.558257,14.756074,35.158962,-5.518592,-5.945462,-2.485334,-0.122320,0.084040,0.000000,0.000000,,0.000000,0.000000,63.496271,90.571170,91.737092,0.000000,0.826357,0.380686,0.445671,13.728613,25.783565,16.442473,2.839758,3.194864,6.916353,0.935867,0.067056,,,,,,,,,,,,,,,,,,,,,,,,,,,,,,,,,,,,,,,,,,,,,,,,,,,,,,,,,,,,,,,,,,,,,,,,,,,,,,,,,4.000000,6.000000,10.000000,-1.000000,,,,0.000000,74.342458,74.342458,0.000000,0.000000,0.000000,0.000000,0.000000,0.000000,0.000000,0.000000,0.500000,0.000000,,0.000000,,0.000000,61.886305,61.886305,0.000000,0.000000,0.000000,0.000000,0.000000,0.000000,0.000000,0.000000,0.500000,0.000000,1.800777,1.750000,,202.099097,42.270531,3.937507,0.833046
2022-06-26T18:30:00Z,0.876760,no_impulse,0,TCS,1d,1.000000,74.771199,11.212527,6.000000,1.868755,1.054251,-1.807945,-5.080583,13.040290,10.000000,140.278422,1.304029,4.000000,30.246663,14.345573,9.129419,0.000000,-2.245669,-1.553063,-0.692606,31.807582,12.162387,41.337937,-6.842970,-10.358736,-13.238494,-0.007610,0.126174,10.248728,7.000000,128.810520,1.464104,7.000000,52.891220,83.912597,73.930684,1.000000,-1.161899,-1.847746,0.685847,33.078280,24.518758,25.788794,1.704020,-1.043133,-2.336284,0.679098,0.096794,7.370044,4.000000,143.400000,1.842511,4.000000,27.799350,3.988855,17.405401,0.000000,-2.810458,-2.265271,-0.545187,39.022178,10.433834,40.501395,-7.357948,-10.972324,-11.528352,-0.046726,0.125358,5.417957,0.000000,42.270531,0.000000,4.000000,29.190531,8.124603,27.635842,0.000000,-2.109349,-1.809787,-0.299563,34.181130,11.395114,39.952528,-6.343525,-9.092584,-8.636646,-0.088400,0.101379,11.361142,19.000000,202.099097,0.597955,4.000000,29.190531,8.124603,27.635842,1.000000,-2.109349,-1.809787,-0.299563,34.181130,11.395114,39.952528,-6.343525,-9.092584,-8.636646,-0.088400,0.101379,5.956414,2.000000,51.671081,2.978207,3.000000,47.427177,47.799218,28.578635,0.000000,-0.721164,-0.187689,-0.533476,16.575232,19.693256,29.437902,-0.615569,-1.188982,1.922871,0.432352,0.090439,10.336062,8.000000,,1.292008,0.000000,30.938027,8.260815,6.701971,1.000000,-0.648063,0.130289,-0.778352,14.558257,14.756074,35.158962,-5.518592,-5.945462,-2.485334,-0.122320,0.084040,0.000000,0.000000,,0.000000,0.000000,63.496271,90.571170,91.737092,0.000000,0.826357,0.380686,0.445671,13.728613,25.783565,16.442473,2.839758,3.194864,6.916353,0.935867,0.067056,,,,,,,,,,,,,,,,,,,,,,,,,,,,,,,,,,,,,,,,,,,,,,,,,,,,,,,,,,,,,3.000000,7.000000,16.000000,-1.000000,,,,0.000000,74.342458,74.342458,0.000000,0.000000,0.000000,0.000000,0.000000,0.000000,0.000000,0.000000,0.500000,0.000000,,0.000000,,0.000000,61.886305,61.886305,0.000000,0.000000,0.000000,0.000000,0.000000,0.000000,0.000000,0.000000,0.500000,0.000000,1.407490,0.960000,,202.099097,42.270531,4.182390,1.348510
2022-07-14T18:30:00Z,0.769893,no_impulse,0,TCS,1d,-1.000000,120.896623,12.188885,14.000000,0.870635,-6.245919,-9.833744,-15.024511,11.212527,6.000000,74.771199,1.868755,3.000000,51.061650,70.398160,67.322297,0.000000,-1.178830,-1.597538,0.418708,27.050843,24.967197,26.771470,1.054251,-1.807945,-5.080583,0.580576,0.132233,13.040290,10.000000,140.278422,1.304029,4.000000,30.246663,14.345573,9.129419,0.000000,-2.245669,-1.553063,-0.692606,31.807582,12.162387,41.337937,-6.842970,-10.358736,-13.238494,-0.007610,0.126174,10.248728,7.000000,128.810520,1.464104,7.000000,52.891220,83.912597,73.930684,1.000000,-1.161899,-1.847746,0.685847,33.078280,24.518758,25.788794,1.704020,-1.043133,-2.336284,0.679098,0.096794,7.370044,4.000000,143.400000,1.842511,4.000000,27.799350,3.988855,17.405401,0.000000,-2.810458,-2.265271,-0.545187,39.022178,10.433834,40.501395,-7.357948,-10.972324,-11.528352,-0.046726,0.125358,5.417957,0.000000,42.270531,0.000000,4.000000,29.190531,8.124603,27.635842,0.000000,-2.109349,-1.809787,-0.299563,34.181130,11.395114,39.952528,-6.343525,-9.092584,-8.636646,-0.088400,0.101379,11.361142,19.000000,202.099097,0.597955,4.000000,29.190531,8.124603,27.635842,1.000000,-2.109349,-1.809787,-0.299563,34.181130,11.395114,39.952528,-6.343525,-9.092584,-8.636646,-0.088400,0.101379,5.956414,2.000000,51.671081,2.978207,3.000000,47.427177,47.799218,28.578635,0.000000,-0.721164,-0.187689,-0.533476,16.575232,19.693256,29.437902,-0.615569,-1.188982,1.922871,0.432352,0.090439,10.336062,8.000000,,1.292008,0.000000,30.938027,8.260815,6.701971,1.000000,-0.648063,0.130289,-0.778352,14.558257,14.756074,35.158962,-5.518592,-5.945462,-2.485334,-0.122320,0.084040,0.000000,0.000000,,0.000000,0.000000,,,,,,,,,,,,,,,,,,,,,,,,,,,,,,,,,,,,,,,,,,,,,,,,,,,,,,,,4.000000,8.000000,30.000000,-1.000000,,,,0.000000,74.342458,74.342458,0.000000,0.000000,0.000000,0.000000,0.000000,0.000000,0.000000,0.000000,0.500000,0.000000,,0.000000,,0.000000,61.886305,61.886305,0.000000,0.000000,0.000000,0.000000,0.000000,0.000000,0.000000,0.000000,0.500000,0.000000,1.463775,2.250000,,202.099097,42.270531,4.059151,1.428686
2022-08-10T18:30:00Z,0.893915,no_impulse,0,TCS,1d,1.000000,116.052696,16.109042,18.000000,0.894947,4.164289,4.179831,0.270857,12.188885,14.000000,120.896623,0.870635,4.000000,30.509512,10.947368,6.703571,0.000000,-2.378025,-1.529692,-0.848333,25.093760,13.282253,37.083051,-6.245919,-9.833744,-15.024511,0.061447,0.134048,11.212527,6.000000,74.771199,1.868755,3.000000,51.061650,70.398160,67.322297,0.000000,-1.178830,-1.597538,0.418708,27.050843,24.967197,26.771470,1.054251,-1.807945,-5.080583,0.580576,0.132233,13.040290,10.000000,140.278422,1.304029,4.000000,30.246663,14.345573,9.129419,0.000000,-2.245669,-1.553063,-0.692606,31.807582,12.162387,41.337937,-6.842970,-10.358736,-13.238494,-0.007610,0.126174,10.248728,7.000000,128.810520,1.464104,7.000000,52.891220,83.912597,73.930684,1.000000,-1.161899,-1.847746,0.685847,33.078280,24.518758,25.788794,1.704020,-1.043133,-2.336284,0.679098,0.096794,7.370044,4.000000,143.400000,1.842511,4.000000,27.799350,3.988855,17.405401,0.000000,-2.810458,-2.265271,-0.545187,39.022178,10.433834,40.501395,-7.357948,-10.972324,-11.528352,-0.046726,0.125358,5.417957,0.000000,42.270531,0.000000,4.000000,29.190531,8.124603,27.635842,0.000000,-2.109349,-1.809787,-0.299563,34.181130,11.395114,39.952528,-6.343525,-9.092584,-8.636646,-0.088400,0.101379,11.361142,19.000000,202.099097,0.597955,4.000000,29.190531,8.124603,27.635842,1.000000,-2.109349,-1.809787,-0.299563,34.181130,11.395114,39.952528,-6.343525,-9.092584,-8.636646,-0.088400,0.101379,5.956414,2.000000,51.671081,2.978207,3.000000,47.427177,47.799218,28.578635,0.000000,-0.721164,-0.187689,-0.533476,16.575232,19.693256,29.437902,-0.615569,-1.188982,1.922871,0.432352,0.090439,10.336062,8.000000,,1.292008,0.000000,0.000000,0.000000,,0.000000,0.000000,,,,,,,,,,,,,,,,,,,,,,,,,,,,,,,,,,,,,,,,,,,,,,,,,,,7.000000,9.000000,48.000000,-1.000000,,,,0.000000,74.342458,74.342458,0.000000,0.000000,0.000000,0.000000,0.000000,0.000000,0.000000,0.000000,0.500000,0.000000,,0.000000,,0.000000,61.886305,61.886305,0.000000,0.000000,0.000000,0.000000,0.000000,0.000000,0.000000,0.000000,0.500000,0.000000,1.848808,2.571429,,202.099097,42.270531,4.017134,1.581896
2022-08-28T18:30:00Z,0.803264,no_impulse,0,TCS,1d,-1.000000,73.092285,10.140870,11.000000,0.921897,-4.806474,-4.934475,-8.613938,16.109042,18.000000,116.052696,0.894947,7.000000,67.087640,98.133654,93.990102,0.000000,1.407859,0.662301,0.745558,20.962405,31.041426,16.453935,4.164289,4.179831,0.270857,0.780279,0.155032,12.188885,14.000000,120.896623,0.870635,4.000000,30.509512,10.947368,6.703571,0.000000,-2.378025,-1.529692,-0.848333,25.093760,13.282253,37.083051,-6.245919,-9.833744,-15.024511,0.061447,0.134048,11.212527,6.000000,74.771199,1.868755,3.000000,51.061650,70.398160,67.322297,0.000000,-1.178830,-1.597538,0.418708,27.050843,24.967197,26.771470,1.054251,-1.807945,-5.080583,0.580576,0.132233,13.040290,10.000000,140.278422,1.304029,4.000000,30.246663,14.345573,9.129419,0.000000,-2.245669,-1.553063,-0.692606,31.807582,12.162387,41.337937,-6.842970,-10.358736,-13.238494,-0.007610,0.126174,10.248728,7.000000,128.810520,1.464104,7.000000,52.891220,83.912597,73.930684,1.000000,-1.161899,-1.847746,0.685847,33.078280,24.518758,25.788794,1.704020,-1.043133,-2.336284,0.679098,0.096794,7.370044,4.000000,143.400000,1.842511,4.000000,27.799350,3.988855,17.405401,0.000000,-2.810458,-2.265271,-0.545187,39.022178,10.433834,40.501395,-7.357948,-10.972324,-11.528352,-0.046726,0.125358,5.417957,0.000000,42.270531,0.000000,4.000000,29.190531,8.124603,27.635842,0.000000,-2.109349,-1.809787,-0.299563,34.181130,11.395114,39.952528,-6.343525,-9.092584,-8.636646,-0.088400,0.101379,11.361142,19.000000,202.099097,0.597955,4.000000,29.190531,8.124603,27.635842,1.000000,-2.109349,-1.809787,-0.299563,34.181130,11.395114,39.952528,-6.343525,-9.092584,-8.636646,-0.088400,0.101379,5.956414,2.000000,51.671081,2.978207,3.000000,10.336062,8.000000,,1.292008,0.000000,0.000000,0.000000,,0.000000,0.000000,,,,,,,,,,,,,,,,,,,,,,,,,,,,,,,,,,,,,,,,,,,,,,2.000000,1.000000,11.000000,-1.000000,,,,0.000000,74.342458,74.342458,0.000000,0.000000,0.000000,0.000000,0.000000,0.000000,0.000000,0.000000,0.500000,0.000000,,0.000000,,0.000000,61.886305,61.886305,0.000000,0.000000,0.000000,0.000000,0.000000,0.000000,0.000000,0.000000,0.500000,0.000000,0.982251,1.250000,,202.099097,42.270531,3.300919,1.288704
2022-09-11T18:30:00Z,0.852487,no_impulse,0,TCS,1d,1.000000,54.299684,6.127881,9.000000,0.680876,0.751836,-0.274443,-4.296212,10.140870,11.000000,73.092285,0.921897,2.000000,33.109684,14.825999,6.640216,0.000000,-0.201456,0.706771,-0.908227,21.331477,16.154535,38.120901,-4.806474,-4.934475,-8.613938,-0.014038,0.089216,16.109042,18.000000,116.052696,0.894947,7.000000,67.087640,98.133654,93.990102,0.000000,1.407859,0.662301,0.745558,20.962405,31.041426,16.453935,4.164289,4.179831,0.270857,0.780279,0.155032,12.188885,14.000000,120.896623,0.870635,4.000000,30.509512,10.947368,6.703571,0.000000,-2.378025,-1.529692,-0.848333,25.093760,13.282253,37.083051,-6.245919,-9.833744,-15.024511,0.061447,0.134048,11.212527,6.000000,74.771199,1.868755,3.000000,51.061650,70.398160,67.322297,0.000000,-1.178830,-1.597538,0.418708,27.050843,24.967197,26.771470,1.054251,-1.807945,-5.080583,0.580576,0.132233,13.040290,10.000000,140.278422,1.304029,4.000000,30.246663,14.345573,9.129419,0.000000,-2.245669,-1.553063,-0.692606,31.807582,12.162387,41.337937,-6.842970,-10.358736,-13.238494,-0.007610,0.126174,10.248728,7.000000,128.810520,1.464104,7.000000,52.891220,83.912597,73.930684,1.000000,-1.161899,-1.847746,0.685847,33.078280,24.518758,25.788794,1.704020,-1.043133,-2.336284,0.679098,0.096794,7.370044,4.000000,143.400000,1.842511,4.000000,27.799350,3.988855,17.405401,0.000000,-2.810458,-2.265271,-0.545187,39.022178,10.433834,40.501395,-7.357948,-10.972324,-11.528352,-0.046726,0.125358,5.417957,0.000000,42.270531,0.000000,4.000000,29.190531,8.124603,27.635842,0.000000,-2.109349,-1.809787,-0.299563,34.181130,11.395114,39.952528,-6.343525,-9.092584,-8.636646,-0.088400,0.101379,11.361142,19.000000,202.099097,0.597955,4.000000,5.956414,2.000000,51.671081,2.978207,3.000000,10.336062,8.000000,,1.292008,0.000000,0.000000,0.000000,,0.000000,0.000000,,,,,,,,,,,,,,,,,,,,,,,,,,,,,,,,,,,,,,,,,3.000000,1.000000,20.000000,-1.000000,,,,0.000000,74.342458,74.342458,0.000000,0.000000,0.000000,0.000000,0.000000,0.000000,0.000000,0.000000,0.500000,0.000000,,0.000000,,0.000000,61.886305,61.886305,0.000000,0.000000,0.000000,0.000000,0.000000,0.000000,0.000000,0.000000,0.500000,0.000000,0.594675,0.989011,,202.099097,42.270531,3.301418,1.114118
2022-09-25T18:30:00Z,0.762879,no_impulse,0,TCS,1d,-1.000000,182.044492,10.511346,10.000000,1.051135,-3.612264,-6.317136,-11.897068,6.127881,9.000000,54.299684,0.680876,3.000000,51.781763,62.073591,44.397655,0.000000,-0.816045,-0.755917,-0.060128,18.523336,28.784560,23.680718,0.751836,-0.274443,-4.296212,0.560126,0.125990,10.140870,11.000000,73.092285,0.921897,2.000000,33.109684,14.825999,6.640216,0.000000,-0.201456,0.706771,-0.908227,21.331477,16.154535,38.120901,-4.806474,-4.934475,-8.613938,-0.014038,0.089216,16.109042,18.000000,116.052696,0.894947,7.000000,67.087640,98.133654,93.990102,0.000000,1.407859,0.662301,0.745558,20.962405,31.041426,16.453935,4.164289,4.179831,0.270857,0.780279,0.155032,12.188885,14.000000,120.896623,0.870635,4.000000,30.509512,10.947368,6.703571,0.000000,-2.378025,-1.529692,-0.848333,25.093760,13.282253,37.083051,-6.245919,-9.833744,-15.024511,0.061447,0.134048,11.212527,6.000000,74.771199,1.868755,3.000000,51.061650,70.398160,67.322297,0.000000,-1.178830,-1.597538,0.418708,27.050843,24.967197,26.771470,1.054251,-1.807945,-5.080583,0.580576,0.132233,13.040290,10.000000,140.278422,1.304029,4.000000,30.246663,14.345573,9.129419,0.000000,-2.245669,-1.553063,-0.692606,31.807582,12.162387,41.337937,-6.842970,-10.358736,-13.238494,-0.007610,0.126174,10.248728,7.000000,128.810520,1.464104,7.000000,52.891220,83.912597,73.930684,1.000000,-1.161899,-1.847746,0.685847,33.078280,24.518758,25.788794,1.704020,-1.043133,-2.336284,0.679098,0.096794,7.370044,4.000000,143.400000,1.842511,4.000000,27.799350,3.988855,17.405401,0.000000,-2.810458,-2.265271,-0.545187,39.022178,10.433834,40.501395,-7.357948,-10.972324,-11.528352,-0.046726,0.125358,5.417957,0.000000,42.270531,0.000000,4.000000,11.361142,19.000000,202.099097,0.597955,4.000000,5.956414,2.000000,51.671081,2.978207,3.000000,10.336062,8.000000,,1.292008,0.000000,0.000000,0.000000,,0.000000,0.000000,,,,,,,,,,,,,,,,,,,,,,,,,,,,,,,,,,,,4.000000,2.000000,30.000000,-1.000000,,,,0.000000,74.342458,74.342458,0.000000,0.000000,0.000000,0.000000,0.000000,0.000000,0.000000,0.000000,0.500000,0.000000,,0.000000,,0.000000,61.886305,61.886305,0.000000,0.000000,0.000000,0.000000,0.000000,0.000000,0.000000,0.000000,0.500000,0.000000,1.018370,1.020408,,202.099097,42.270531,3.276678,0.888482
2022-11-30T18:30:00Z,0.907290,no_impulse,0,TCS,1d,1.000000,161.157987,18.929633,45.000000,0.420659,4.205930,6.405977,4.943862,10.511346,10.000000,182.044492,1.051135,4.000000,33.710266,19.871981,10.197930,0.000000,-2.243587,-1.786550,-0.457037,23.843625,16.444421,38.393784,-3.612264,-6.317136,-11.897068,0.170843,0.105917,6.127881,9.000000,54.299684,0.680876,3.000000,51.781763,62.073591,44.397655,0.000000,-0.816045,-0.755917,-0.060128,18.523336,28.784560,23.680718,0.751836,-0.274443,-4.296212,0.560126,0.125990,10.140870,11.000000,73.092285,0.921897,2.000000,33.109684,14.825999,6.640216,0.000000,-0.201456,0.706771,-0.908227,21.331477,16.154535,38.120901,-4.806474,-4.934475,-8.613938,-0.014038,0.089216,16.109042,18.000000,116.052696,0.894947,7.000000,67.087640,98.133654,93.990102,0.000000,1.407859,0.662301,0.745558,20.962405,31.041426,16.453935,4.164289,4.179831,0.270857,0.780279,0.155032,12.188885,14.000000,120.896623,0.870635,4.000000,30.509512,10.947368,6.703571,0.000000,-2.378025,-1.529692,-0.848333,25.093760,13.282253,37.083051,-6.245919,-9.833744,-15.024511,0.061447,0.134048,11.212527,6.000000,74.771199,1.868755,3.000000,51.061650,70.398160,67.322297,0.000000,-1.178830,-1.597538,0.418708,27.050843,24.967197,26.771470,1.054251,-1.807945,-5.080583,0.580576,0.132233,13.040290,10.000000,140.278422,1.304029,4.000000,30.246663,14.345573,9.129419,0.000000,-2.245669,-1.553063,-0.692606,31.807582,12.162387,41.337937,-6.842970,-10.358736,-13.238494,-0.007610,0.126174,10.248728,7.000000,128.810520,1.464104,7.000000,52.891220,83.912597,73.930684,1.000000,-1.161899,-1.847746,0.685847,33.078280,24.518758,25.788794,1.704020,-1.043133,-2.336284,0.679098,0.096794,7.370044,4.000000,143.400000,1.842511,4.000000,5.417957,0.000000,42.270531,0.000000,4.000000,11.361142,19.000000,202.099097,0.597955,4.000000,5.956414,2.000000,51.671081,2.978207,3.000000,10.336062,8.000000,,1.292008,0.000000,0.000000,0.000000,,0.000000,0.000000,,,,,,,,,,,,,,,,,,,,,,,,,,,,,,,7.000000,3.000000,75.000000,-1.000000,,,,0.000000,74.342458,74.342458,0.000000,0.000000,0.000000,0.000000,0.000000,0.000000,0.000000,0.000000,0.500000,0.000000,,0.000000,,0.000000,61.886305,61.886305,0.000000,0.000000,0.000000,0.000000,0.000000,0.000000,0.000000,0.000000,0.500000,0.000000,1.849183,5.056180,,182.044492,42.270531,3.257691,0.677798
2022-12-11T18:30:00Z,0.843701,no_impulse,0,TCS,1d,-1.000000,44.033219,7.008621,7.000000,1.001232,-1.700042,0.211615,-0.653808,18.929633,45.000000,161.157987,0.420659,7.000000,74.429326,98.064516,87.961368,0.000000,1.819825,1.601221,0.218604,22.053721,32.006814,13.053905,4.205930,6.405977,4.943862,0.996234,0.088478,10.511346,10.000000,182.044492,1.051135,4.000000,33.710266,19.871981,10.197930,0.000000,-2.243587,-1.786550,-0.457037,23.843625,16.444421,38.393784,-3.612264,-6.317136,-11.897068,0.170843,0.105917,6.127881,9.000000,54.299684,0.680876,3.000000,51.781763,62.073591,44.397655,0.000000,-0.816045,-0.755917,-0.060128,18.523336,28.784560,23.680718,0.751836,-0.274443,-4.296212,0.560126,0.125990,10.140870,11.000000,73.092285,0.921897,2.000000,33.109684,14.825999,6.640216,0.000000,-0.201456,0.706771,-0.908227,21.331477,16.154535,38.120901,-4.806474,-4.934475,-8.613938,-0.014038,0.089216,16.109042,18.000000,116.052696,0.894947,7.000000,67.087640,98.133654,93.990102,0.000000,1.407859,0.662301,0.745558,20.962405,31.041426,16.453935,4.164289,4.179831,0.270857,0.780279,0.155032,12.188885,14.000000,120.896623,0.870635,4.000000,30.509512,10.947368,6.703571,0.000000,-2.378025,-1.529692,-0.848333,25.093760,13.282253,37.083051,-6.245919,-9.833744,-15.024511,0.061447,0.134048,11.212527,6.000000,74.771199,1.868755,3.000000,51.061650,70.398160,67.322297,0.000000,-1.178830,-1.597538,0.418708,27.050843,24.967197,26.771470,1.054251,-1.807945,-5.080583,0.580576,0.132233,13.040290,10.000000,140.278422,1.304029,4.000000,30.246663,14.345573,9.129419,0.000000,-2.245669,-1.553063,-0.692606,31.807582,12.162387,41.337937,-6.842970,-10.358736,-13.238494,-0.007610,0.126174,10.248728,7.000000,128.810520,1.464104,7.000000,7.370044,4.000000,143.400000,1.842511,4.000000,5.417957,0.000000,42.270531,0.000000,4.000000,11.361142,19.000000,202.099097,0.597955,4.000000,5.956414,2.000000,51.671081,2.978207,3.000000,10.336062,8.000000,,1.292008,0.000000,0.000000,0.000000,,0.000000,0.000000,,,,,,,,,,,,,,,,,,,,,,,,,,2.000000,1.000000,7.000000,-1.000000,,,,0.000000,74.342458,74.342458,0.000000,0.000000,0.000000,0.000000,0.000000,0.000000,0.000000,0.000000,0.500000,0.000000,,0.000000,,0.000000,61.886305,61.886305,0.000000,0.000000,0.000000,0.000000,0.000000,0.000000,0.000000,0.000000,0.500000,0.000000,0.604821,0.522388,,182.044492,54.299684,3.794758,0.925338
2022-12-13T18:30:00Z,0.880436,no_impulse,0,TCS,1d,1.000000,57.769578,4.354006,2.000000,2.177003,0.645296,2.392195,1.681953,7.008621,7.000000,44.033219,1.001232,2.000000,44.592463,20.643706,26.577194,1.000000,0.828423,1.420211,-0.591788,21.300613,19.028951,27.853047,-1.700042,0.211615,-0.653808,0.224394,0.060653,18.929633,45.000000,161.157987,0.420659,7.000000,74.429326,98.064516,87.961368,0.000000,1.819825,1.601221,0.218604,22.053721,32.006814,13.053905,4.205930,6.405977,4.943862,0.996234,0.088478,10.511346,10.000000,182.044492,1.051135,4.000000,33.710266,19.871981,10.197930,0.000000,-2.243587,-1.786550,-0.457037,23.843625,16.444421,38.393784,-3.612264,-6.317136,-11.897068,0.170843,0.105917,6.127881,9.000000,54.299684,0.680876,3.000000,51.781763,62.073591,44.397655,0.000000,-0.816045,-0.755917,-0.060128,18.523336,28.784560,23.680718,0.751836,-0.274443,-4.296212,0.560126,0.125990,10.140870,11.000000,73.092285,0.921897,2.000000,33.109684,14.825999,6.640216,0.000000,-0.201456,0.706771,-0.908227,21.331477,16.154535,38.120901,-4.806474,-4.934475,-8.613938,-0.014038,0.089216,16.109042,18.000000,116.052696,0.894947,7.000000,67.087640,98.133654,93.990102,0.000000,1.407859,0.662301,0.745558,20.962405,31.041426,16.453935,4.164289,4.179831,0.270857,0.780279,0.155032,12.188885,14.000000,120.896623,0.870635,4.000000,30.509512,10.947368,6.703571,0.000000,-2.378025,-1.529692,-0.848333,25.093760,13.282253,37.083051,-6.245919,-9.833744,-15.024511,0.061447,0.134048,11.212527,6.000000,74.771199,1.868755,3.000000,51.061650,70.398160,67.322297,0.000000,-1.178830,-1.597538,0.418708,27.050843,24.967197,26.771470,1.054251,-1.807945,-5.080583,0.580576,0.132233,13.040290,10.000000,140.278422,1.304029,4.000000,10.248728,7.000000,128.810520,1.464104,7.000000,7.370044,4.000000,143.400000,1.842511,4.000000,5.417957,0.000000,42.270531,0.000000,4.000000,11.361142,19.000000,202.099097,0.597955,4.000000,5.956414,2.000000,51.671081,2.978207,3.000000,10.336062,8.000000,,1.292008,0.000000,0.000000,0.000000,,0.000000,0.000000,,,,,,,,,,,,,,,,,,,,,3.000000,1.000000,9.000000,-1.000000,,,,0.000000,74.342458,74.342458,0.000000,0.000000,0.000000,0.000000,0.000000,0.000000,0.000000,0.000000,0.500000,0.000000,,0.000000,,0.000000,61.886305,61.886305,0.000000,0.000000,0.000000,0.000000,0.000000,0.000000,0.000000,0.000000,0.500000,0.000000,0.376912,0.145985,,182.044492,44.033219,3.840835,1.125759
2022-12-19T18:30:00Z,0.824812,no_impulse,0,TCS,1d,-1.000000,151.419446,6.317738,4.000000,1.579434,-2.071918,-1.086984,-1.923497,4.354006,2.000000,57.769578,2.177003,3.000000,54.981866,52.993030,37.665710,1.000000,0.678667,1.134747,-0.456081,19.103292,26.242466,24.052487,0.645296,2.392195,1.681953,0.607170,0.060604,7.008621,7.000000,44.033219,1.001232,2.000000,44.592463,20.643706,26.577194,1.000000,0.828423,1.420211,-0.591788,21.300613,19.028951,27.853047,-1.700042,0.211615,-0.653808,0.224394,0.060653,18.929633,45.000000,161.157987,0.420659,7.000000,74.429326,98.064516,87.961368,0.000000,1.819825,1.601221,0.218604,22.053721,32.006814,13.053905,4.205930,6.405977,4.943862,0.996234,0.088478,10.511346,10.000000,182.044492,1.051135,4.000000,33.710266,19.871981,10.197930,0.000000,-2.243587,-1.786550,-0.457037,23.843625,16.444421,38.393784,-3.612264,-6.317136,-11.897068,0.170843,0.105917,6.127881,9.000000,54.299684,0.680876,3.000000,51.781763,62.073591,44.397655,0.000000,-0.816045,-0.755917,-0.060128,18.523336,28.784560,23.680718,0.751836,-0.274443,-4.296212,0.560126,0.125990,10.140870,11.000000,73.092285,0.921897,2.000000,33.109684,14.825999,6.640216,0.000000,-0.201456,0.706771,-0.908227,21.331477,16.154535,38.120901,-4.806474,-4.934475,-8.613938,-0.014038,0.089216,16.109042,18.000000,116.052696,0.894947,7.000000,67.087640,98.133654,93.990102,0.000000,1.407859,0.662301,0.745558,20.962405,31.041426,16.453935,4.164289,4.179831,0.270857,0.780279,0.155032,12.188885,14.000000,120.896623,0.870635,4.000000,30.509512,10.947368,6.703571,0.000000,-2.378025,-1.529692,-0.848333,25.093760,13.282253,37.083051,-6.245919,-9.833744,-15.024511,0.061447,0.134048,11.212527,6.000000,74.771199,1.868755,3.000000,13.040290,10.000000,140.278422,1.304029,4.000000,10.248728,7.000000,128.810520,1.464104,7.000000,7.370044,4.000000,143.400000,1.842511,4.000000,5.417957,0.000000,42.270531,0.000000,4.000000,11.361142,19.000000,202.099097,0.597955,4.000000,5.956414,2.000000,51.671081,2.978207,3.000000,10.336062,8.000000,,1.292008,0.000000,0.000000,0.000000,,0.000000,0.000000,,,,,,,,,,,,,,,,4.000000,2.000000,13.000000,-1.000000,,,,0.000000,74.342458,74.342458,0.000000,0.000000,0.000000,0.000000,0.000000,0.000000,0.000000,0.000000,0.500000,0.000000,,0.000000,,0.000000,61.886305,61.886305,0.000000,0.000000,0.000000,0.000000,0.000000,0.000000,0.000000,0.000000,0.500000,0.000000,0.576314,0.303030,,182.044492,44.033219,4.464718,1.131148
2023-01-04T18:30:00Z,0.870086,no_impulse,0,TCS,1d,1.000000,81.392079,5.488913,12.000000,0.457409,0.699853,1.027891,0.262514,6.317738,4.000000,151.419446,1.579434,4.000000,42.953814,25.383278,11.311452,0.000000,-0.251492,0.501143,-0.752635,19.895236,18.346700,35.302513,-2.071918,-1.086984,-1.923497,0.258620,0.084094,4.354006,2.000000,57.769578,2.177003,3.000000,54.981866,52.993030,37.665710,1.000000,0.678667,1.134747,-0.456081,19.103292,26.242466,24.052487,0.645296,2.392195,1.681953,0.607170,0.060604,7.008621,7.000000,44.033219,1.001232,2.000000,44.592463,20.643706,26.577194,1.000000,0.828423,1.420211,-0.591788,21.300613,19.028951,27.853047,-1.700042,0.211615,-0.653808,0.224394,0.060653,18.929633,45.000000,161.157987,0.420659,7.000000,74.429326,98.064516,87.961368,0.000000,1.819825,1.601221,0.218604,22.053721,32.006814,13.053905,4.205930,6.405977,4.943862,0.996234,0.088478,10.511346,10.000000,182.044492,1.051135,4.000000,33.710266,19.871981,10.197930,0.000000,-2.243587,-1.786550,-0.457037,23.843625,16.444421,38.393784,-3.612264,-6.317136,-11.897068,0.170843,0.105917,6.127881,9.000000,54.299684,0.680876,3.000000,51.781763,62.073591,44.397655,0.000000,-0.816045,-0.755917,-0.060128,18.523336,28.784560,23.680718,0.751836,-0.274443,-4.296212,0.560126,0.125990,10.140870,11.000000,73.092285,0.921897,2.000000,33.109684,14.825999,6.640216,0.000000,-0.201456,0.706771,-0.908227,21.331477,16.154535,38.120901,-4.806474,-4.934475,-8.613938,-0.014038,0.089216,16.109042,18.000000,116.052696,0.894947,7.000000,67.087640,98.133654,93.990102,0.000000,1.407859,0.662301,0.745558,20.962405,31.041426,16.453935,4.164289,4.179831,0.270857,0.780279,0.155032,12.188885,14.000000,120.896623,0.870635,4.000000,11.212527,6.000000,74.771199,1.868755,3.000000,13.040290,10.000000,140.278422,1.304029,4.000000,10.248728,7.000000,128.810520,1.464104,7.000000,7.370044,4.000000,143.400000,1.842511,4.000000,5.417957,0.000000,42.270531,0.000000,4.000000,11.361142,19.000000,202.099097,0.597955,4.000000,5.956414,2.000000,51.671081,2.978207,3.000000,10.336062,8.000000,,1.292008,0.000000,0.000000,0.000000,,0.000000,0.000000,,,,,,,,,,,3.000000,3.000000,25.000000,-1.000000,,,,0.000000,74.342458,74.342458,0.000000,0.000000,0.000000,0.000000,0.000000,0.000000,0.000000,0.000000,0.500000,0.000000,,0.000000,,0.000000,61.886305,61.886305,0.000000,0.000000,0.000000,0.000000,0.000000,0.000000,0.000000,0.000000,0.500000,0.000000,0.533419,0.952381,,182.044492,44.033219,4.620463,0.497074
2023-01-05T18:30:00Z,0.834289,no_impulse,0,TCS,1d,-1.000000,79.067089,4.114104,1.000000,4.114104,-2.151707,-1.959997,-2.800948,5.488913,12.000000,81.392079,0.457409,3.000000,53.780734,84.912180,83.533377,0.000000,-0.112797,-0.273605,0.160808,16.752645,23.455350,20.070718,0.699853,1.027891,0.262514,0.653445,0.045931,6.317738,4.000000,151.419446,1.579434,4.000000,42.953814,25.383278,11.311452,0.000000,-0.251492,0.501143,-0.752635,19.895236,18.346700,35.302513,-2.071918,-1.086984,-1.923497,0.258620,0.084094,4.354006,2.000000,57.769578,2.177003,3.000000,54.981866,52.993030,37.665710,1.000000,0.678667,1.134747,-0.456081,19.103292,26.242466,24.052487,0.645296,2.392195,1.681953,0.607170,0.060604,7.008621,7.000000,44.033219,1.001232,2.000000,44.592463,20.643706,26.577194,1.000000,0.828423,1.420211,-0.591788,21.300613,19.028951,27.853047,-1.700042,0.211615,-0.653808,0.224394,0.060653,18.929633,45.000000,161.157987,0.420659,7.000000,74.429326,98.064516,87.961368,0.000000,1.819825,1.601221,0.218604,22.053721,32.006814,13.053905,4.205930,6.405977,4.943862,0.996234,0.088478,10.511346,10.000000,182.044492,1.051135,4.000000,33.710266,19.871981,10.197930,0.000000,-2.243587,-1.786550,-0.457037,23.843625,16.444421,38.393784,-3.612264,-6.317136,-11.897068,0.170843,0.105917,6.127881,9.000000,54.299684,0.680876,3.000000,51.781763,62.073591,44.397655,0.000000,-0.816045,-0.755917,-0.060128,18.523336,28.784560,23.680718,0.751836,-0.274443,-4.296212,0.560126,0.125990,10.140870,11.000000,73.092285,0.921897,2.000000,33.109684,14.825999,6.640216,0.000000,-0.201456,0.706771,-0.908227,21.331477,16.154535,38.120901,-4.806474,-4.934475,-8.613938,-0.014038,0.089216,16.109042,18.000000,116.052696,0.894947,7.000000,12.188885,14.000000,120.896623,0.870635,4.000000,11.212527,6.000000,74.771199,1.868755,3.000000,13.040290,10.000000,140.278422,1.304029,4.000000,10.248728,7.000000,128.810520,1.464104,7.000000,7.370044,4.000000,143.400000,1.842511,4.000000,5.417957,0.000000,42.270531,0.000000,4.000000,11.361142,19.000000,202.099097,0.597955,4.000000,5.956414,2.000000,51.671081,2.978207,3.000000,10.336062,8.000000,,1.292008,0.000000,0.000000,0.000000,,0.000000,0.000000,,,,,,2.000000,1.000000,26.000000,-1.000000,,,,0.000000,74.342458,74.342458,0.000000,0.000000,0.000000,0.000000,0.000000,0.000000,0.000000,0.000000,0.500000,0.000000,,0.000000,,0.000000,61.886305,61.886305,0.000000,0.000000,0.000000,0.000000,0.000000,0.000000,0.000000,0.000000,0.500000,0.000000,0.423362,0.075758,,182.044492,44.033219,4.842660,0.443370
2023-02-15T18:30:00Z,0.932058,no_impulse,0,TCS,1d,1.000000,273.124545,11.718750,28.000000,0.418527,2.660567,4.698542,6.321981,4.114104,1.000000,79.067089,4.114104,2.000000,40.237573,27.584221,68.246102,1.000000,-0.290356,-0.283740,-0.006616,16.646949,20.210972,27.497427,-2.151707,-1.959997,-2.800948,0.068348,0.048798,5.488913,12.000000,81.392079,0.457409,3.000000,53.780734,84.912180,83.533377,0.000000,-0.112797,-0.273605,0.160808,16.752645,23.455350,20.070718,0.699853,1.027891,0.262514,0.653445,0.045931,6.317738,4.000000,151.419446,1.579434,4.000000,42.953814,25.383278,11.311452,0.000000,-0.251492,0.501143,-0.752635,19.895236,18.346700,35.302513,-2.071918,-1.086984,-1.923497,0.258620,0.084094,4.354006,2.000000,57.769578,2.177003,3.000000,54.981866,52.993030,37.665710,1.000000,0.678667,1.134747,-0.456081,19.103292,26.242466,24.052487,0.645296,2.392195,1.681953,0.607170,0.060604,7.008621,7.000000,44.033219,1.001232,2.000000,44.592463,20.643706,26.577194,1.000000,0.828423,1.420211,-0.591788,21.300613,19.028951,27.853047,-1.700042,0.211615,-0.653808,0.224394,0.060653,18.929633,45.000000,161.157987,0.420659,7.000000,74.429326,98.064516,87.961368,0.000000,1.819825,1.601221,0.218604,22.053721,32.006814,13.053905,4.205930,6.405977,4.943862,0.996234,0.088478,10.511346,10.000000,182.044492,1.051135,4.000000,33.710266,19.871981,10.197930,0.000000,-2.243587,-1.786550,-0.457037,23.843625,16.444421,38.393784,-3.612264,-6.317136,-11.897068,0.170843,0.105917,6.127881,9.000000,54.299684,0.680876,3.000000,51.781763,62.073591,44.397655,0.000000,-0.816045,-0.755917,-0.060128,18.523336,28.784560,23.680718,0.751836,-0.274443,-4.296212,0.560126,0.125990,10.140870,11.000000,73.092285,0.921897,2.000000,16.109042,18.000000,116.052696,0.894947,7.000000,12.188885,14.000000,120.896623,0.870635,4.000000,11.212527,6.000000,74.771199,1.868755,3.000000,13.040290,10.000000,140.278422,1.304029,4.000000,10.248728,7.000000,128.810520,1.464104,7.000000,7.370044,4.000000,143.400000,1.842511,4.000000,5.417957,0.000000,42.270531,0.000000,4.000000,11.361142,19.000000,202.099097,0.597955,4.000000,5.956414,2.000000,51.671081,2.978207,3.000000,10.336062,8.000000,,1.292008,0.000000,0.000000,0.000000,,0.000000,0.000000,1.000000,2.000000,54.000000,-1.000000,,,,0.000000,74.342458,74.342458,0.000000,0.000000,0.000000,0.000000,0.000000,0.000000,0.000000,0.000000,0.500000,0.000000,,0.000000,,0.000000,61.886305,61.886305,0.000000,0.000000,0.000000,0.000000,0.000000,0.000000,0.000000,0.000000,0.500000,0.000000,1.315204,2.352941,54.000000,182.044492,44.033219,5.053441,0.525572
2023-03-19T18:30:00Z,0.806927,no_impulse,0,TCS,1d,-1.000000,127.986667,13.425175,21.000000,0.639294,-5.032514,-6.421789,-6.001731,11.718750,28.000000,273.124545,0.418527,1.000000,64.914610,92.433036,84.472628,1.000000,1.408550,1.281086,0.127464,24.571366,26.957331,16.231548,2.660567,4.698542,6.321981,0.904015,0.067653,4.114104,1.000000,79.067089,4.114104,2.000000,40.237573,27.584221,68.246102,1.000000,-0.290356,-0.283740,-0.006616,16.646949,20.210972,27.497427,-2.151707,-1.959997,-2.800948,0.068348,0.048798,5.488913,12.000000,81.392079,0.457409,3.000000,53.780734,84.912180,83.533377,0.000000,-0.112797,-0.273605,0.160808,16.752645,23.455350,20.070718,0.699853,1.027891,0.262514,0.653445,0.045931,6.317738,4.000000,151.419446,1.579434,4.000000,42.953814,25.383278,11.311452,0.000000,-0.251492,0.501143,-0.752635,19.895236,18.346700,35.302513,-2.071918,-1.086984,-1.923497,0.258620,0.084094,4.354006,2.000000,57.769578,2.177003,3.000000,54.981866,52.993030,37.665710,1.000000,0.678667,1.134747,-0.456081,19.103292,26.242466,24.052487,0.645296,2.392195,1.681953,0.607170,0.060604,7.008621,7.000000,44.033219,1.001232,2.000000,44.592463,20.643706,26.577194,1.000000,0.828423,1.420211,-0.591788,21.300613,19.028951,27.853047,-1.700042,0.211615,-0.653808,0.224394,0.060653,18.929633,45.000000,161.157987,0.420659,7.000000,74.429326,98.064516,87.961368,0.000000,1.819825,1.601221,0.218604,22.053721,32.006814,13.053905,4.205930,6.405977,4.943862,0.996234,0.088478,10.511346,10.000000,182.044492,1.051135,4.000000,33.710266,19.871981,10.197930,0.000000,-2.243587,-1.786550,-0.457037,23.843625,16.444421,38.393784,-3.612264,-6.317136,-11.897068,0.170843,0.105917,6.127881,9.000000,54.299684,0.680876,3.000000,10.140870,11.000000,73.092285,0.921897,2.000000,16.109042,18.000000,116.052696,0.894947,7.000000,12.188885,14.000000,120.896623,0.870635,4.000000,11.212527,6.000000,74.771199,1.868755,3.000000,13.040290,10.000000,140.278422,1.304029,4.000000,10.248728,7.000000,128.810520,1.464104,7.000000,7.370044,4.000000,143.400000,1.842511,4.000000,5.417957,0.000000,42.270531,0.000000,4.000000,11.361142,19.000000,202.099097,0.597955,4.000000,5.956414,2.000000,51.671081,2.978207,3.000000,10.336062,8.000000,,1.292008,0.000000,8.000000,1.000000,75.000000,-1.000000,,,,0.000000,74.342458,74.342458,0.000000,0.000000,0.000000,0.000000,0.000000,0.000000,0.000000,0.000000,0.500000,0.000000,,0.000000,,0.000000,61.886305,61.886305,0.000000,0.000000,0.000000,0.000000,0.000000,0.000000,0.000000,0.000000,0.500000,0.000000,1.584805,1.627907,75.000000,273.124545,44.033219,4.521218,1.205957
2023-04-10T18:30:00Z,0.853308,no_impulse,0,TCS,1d,1.000000,37.066361,5.747888,13.000000,0.442145,-0.133217,-1.959481,-3.066689,13.425175,21.000000,127.986667,0.639294,8.000000,28.310044,15.569539,11.353271,0.000000,-2.051289,-1.320223,-0.731066,30.147264,10.024369,31.712737,-5.032514,-6.421789,-6.001731,0.078648,0.113714,11.718750,28.000000,273.124545,0.418527,1.000000,64.914610,92.433036,84.472628,1.000000,1.408550,1.281086,0.127464,24.571366,26.957331,16.231548,2.660567,4.698542,6.321981,0.904015,0.067653,4.114104,1.000000,79.067089,4.114104,2.000000,40.237573,27.584221,68.246102,1.000000,-0.290356,-0.283740,-0.006616,16.646949,20.210972,27.497427,-2.151707,-1.959997,-2.800948,0.068348,0.048798,5.488913,12.000000,81.392079,0.457409,3.000000,53.780734,84.912180,83.533377,0.000000,-0.112797,-0.273605,0.160808,16.752645,23.455350,20.070718,0.699853,1.027891,0.262514,0.653445,0.045931,6.317738,4.000000,151.419446,1.579434,4.000000,42.953814,25.383278,11.311452,0.000000,-0.251492,0.501143,-0.752635,19.895236,18.346700,35.302513,-2.071918,-1.086984,-1.923497,0.258620,0.084094,4.354006,2.000000,57.769578,2.177003,3.000000,54.981866,52.993030,37.665710,1.000000,0.678667,1.134747,-0.456081,19.103292,26.242466,24.052487,0.645296,2.392195,1.681953,0.607170,0.060604,7.008621,7.000000,44.033219,1.001232,2.000000,44.592463,20.643706,26.577194,1.000000,0.828423,1.420211,-0.591788,21.300613,19.028951,27.853047,-1.700042,0.211615,-0.653808,0.224394,0.060653,18.929633,45.000000,161.157987,0.420659,7.000000,74.429326,98.064516,87.961368,0.000000,1.819825,1.601221,0.218604,22.053721,32.006814,13.053905,4.205930,6.405977,4.943862,0.996234,0.088478,10.511346,10.000000,182.044492,1.051135,4.000000,6.127881,9.000000,54.299684,0.680876,3.000000,10.140870,11.000000,73.092285,0.921897,2.000000,16.109042,18.000000,116.052696,0.894947,7.000000,12.188885,14.000000,120.896623,0.870635,4.000000,11.212527,6.000000,74.771199,1.868755,3.000000,13.040290,10.000000,140.278422,1.304029,4.000000,10.248728,7.000000,128.810520,1.464104,7.000000,7.370044,4.000000,143.400000,1.842511,4.000000,5.417957,0.000000,42.270531,0.000000,4.000000,11.361142,19.000000,202.099097,0.597955,4.000000,5.956414,2.000000,51.671081,2.978207,3.000000,3.000000,2.000000,13.000000,-1.000000,,,,0.000000,74.342458,74.342458,0.000000,0.000000,0.000000,0.000000,0.000000,0.000000,0.000000,0.000000,0.500000,0.000000,,0.000000,,0.000000,61.886305,61.886305,0.000000,0.000000,0.000000,0.000000,0.000000,0.000000,0.000000,0.000000,0.500000,0.000000,0.653198,0.935252,88.000000,273.124545,44.033219,4.768510,1.810448
2023-04-16T18:30:00Z,0.800461,no_impulse,0,TCS,1d,-1.000000,113.940416,6.193190,3.000000,2.064397,-2.242906,-4.054985,-5.390379,5.747888,13.000000,37.066361,0.442145,3.000000,47.039537,66.750984,78.702740,1.000000,-0.924565,-1.507139,0.582574,25.808819,17.069660,16.609127,-0.133217,-1.959481,-3.066689,0.482310,0.075208,13.425175,21.000000,127.986667,0.639294,8.000000,28.310044,15.569539,11.353271,0.000000,-2.051289,-1.320223,-0.731066,30.147264,10.024369,31.712737,-5.032514,-6.421789,-6.001731,0.078648,0.113714,11.718750,28.000000,273.124545,0.418527,1.000000,64.914610,92.433036,84.472628,1.000000,1.408550,1.281086,0.127464,24.571366,26.957331,16.231548,2.660567,4.698542,6.321981,0.904015,0.067653,4.114104,1.000000,79.067089,4.114104,2.000000,40.237573,27.584221,68.246102,1.000000,-0.290356,-0.283740,-0.006616,16.646949,20.210972,27.497427,-2.151707,-1.959997,-2.800948,0.068348,0.048798,5.488913,12.000000,81.392079,0.457409,3.000000,53.780734,84.912180,83.533377,0.000000,-0.112797,-0.273605,0.160808,16.752645,23.455350,20.070718,0.699853,1.027891,0.262514,0.653445,0.045931,6.317738,4.000000,151.419446,1.579434,4.000000,42.953814,25.383278,11.311452,0.000000,-0.251492,0.501143,-0.752635,19.895236,18.346700,35.302513,-2.071918,-1.086984,-1.923497,0.258620,0.084094,4.354006,2.000000,57.769578,2.177003,3.000000,54.981866,52.993030,37.665710,1.000000,0.678667,1.134747,-0.456081,19.103292,26.242466,24.052487,0.645296,2.392195,1.681953,0.607170,0.060604,7.008621,7.000000,44.033219,1.001232,2.000000,44.592463,20.643706,26.577194,1.000000,0.828423,1.420211,-0.591788,21.300613,19.028951,27.853047,-1.700042,0.211615,-0.653808,0.224394,0.060653,18.929633,45.000000,161.157987,0.420659,7.000000,10.511346,10.000000,182.044492,1.051135,4.000000,6.127881,9.000000,54.299684,0.680876,3.000000,10.140870,11.000000,73.092285,0.921897,2.000000,16.109042,18.000000,116.052696,0.894947,7.000000,12.188885,14.000000,120.896623,0.870635,4.000000,11.212527,6.000000,74.771199,1.868755,3.000000,13.040290,10.000000,140.278422,1.304029,4.000000,10.248728,7.000000,128.810520,1.464104,7.000000,7.370044,4.000000,143.400000,1.842511,4.000000,5.417957,0.000000,42.270531,0.000000,4.000000,11.361142,19.000000,202.099097,0.597955,4.000000,4.000000,3.000000,16.000000,-1.000000,,,,0.000000,74.342458,74.342458,0.000000,0.000000,0.000000,0.000000,0.000000,0.000000,0.000000,0.000000,0.500000,0.000000,,0.000000,,0.000000,61.886305,61.886305,0.000000,0.000000,0.000000,0.000000,0.000000,0.000000,0.000000,0.000000,0.500000,0.000000,0.706855,0.209790,91.000000,273.124545,37.066361,4.793614,1.940348
2023-05-10T18:30:00Z,0.862890,no_impulse,0,TCS,1d,1.000000,118.130242,7.799039,17.000000,0.458767,1.830151,1.319177,-0.303230,6.193190,3.000000,113.940416,2.064397,4.000000,39.591007,34.163789,55.806488,0.000000,-0.889405,-1.191966,0.302561,23.627403,12.767760,26.427142,-2.242906,-4.054985,-5.390379,0.126939,0.058803,5.747888,13.000000,37.066361,0.442145,3.000000,47.039537,66.750984,78.702740,1.000000,-0.924565,-1.507139,0.582574,25.808819,17.069660,16.609127,-0.133217,-1.959481,-3.066689,0.482310,0.075208,13.425175,21.000000,127.986667,0.639294,8.000000,28.310044,15.569539,11.353271,0.000000,-2.051289,-1.320223,-0.731066,30.147264,10.024369,31.712737,-5.032514,-6.421789,-6.001731,0.078648,0.113714,11.718750,28.000000,273.124545,0.418527,1.000000,64.914610,92.433036,84.472628,1.000000,1.408550,1.281086,0.127464,24.571366,26.957331,16.231548,2.660567,4.698542,6.321981,0.904015,0.067653,4.114104,1.000000,79.067089,4.114104,2.000000,40.237573,27.584221,68.246102,1.000000,-0.290356,-0.283740,-0.006616,16.646949,20.210972,27.497427,-2.151707,-1.959997,-2.800948,0.068348,0.048798,5.488913,12.000000,81.392079,0.457409,3.000000,53.780734,84.912180,83.533377,0.000000,-0.112797,-0.273605,0.160808,16.752645,23.455350,20.070718,0.699853,1.027891,0.262514,0.653445,0.045931,6.317738,4.000000,151.419446,1.579434,4.000000,42.953814,25.383278,11.311452,0.000000,-0.251492,0.501143,-0.752635,19.895236,18.346700,35.302513,-2.071918,-1.086984,-1.923497,0.258620,0.084094,4.354006,2.000000,57.769578,2.177003,3.000000,54.981866,52.993030,37.665710,1.000000,0.678667,1.134747,-0.456081,19.103292,26.242466,24.052487,0.645296,2.392195,1.681953,0.607170,0.060604,7.008621,7.000000,44.033219,1.001232,2.000000,18.929633,45.000000,161.157987,0.420659,7.000000,10.511346,10.000000,182.044492,1.051135,4.000000,6.127881,9.000000,54.299684,0.680876,3.000000,10.140870,11.000000,73.092285,0.921897,2.000000,16.109042,18.000000,116.052696,0.894947,7.000000,12.188885,14.000000,120.896623,0.870635,4.000000,11.212527,6.000000,74.771199,1.868755,3.000000,13.040290,10.000000,140.278422,1.304029,4.000000,10.248728,7.000000,128.810520,1.464104,7.000000,7.370044,4.000000,143.400000,1.842511,4.000000,5.417957,0.000000,42.270531,0.000000,4.000000,7.000000,4.000000,33.000000,-1.000000,,,,73.683312,86.811872,90.559429,1.068989,0.725694,0.343295,30.971725,17.553930,5.370784,2.221530,3.284037,0.819308,0.071154,,0.000000,,0.000000,61.886305,61.886305,0.000000,0.000000,0.000000,0.000000,0.000000,0.000000,0.000000,0.000000,0.500000,0.000000,0.936281,1.250000,108.000000,273.124545,37.066361,4.812937,1.189688
2023-05-17T18:30:00Z,0.832986,no_impulse,0,TCS,1d,-1.000000,47.901441,3.465571,5.000000,0.693114,-0.857266,-1.212041,-2.801812,7.799039,17.000000,118.130242,0.458767,7.000000,60.200665,86.811872,90.559429,0.000000,0.472497,-0.012533,0.485030,16.641738,25.446116,16.507389,1.830151,1.319177,-0.303230,0.772599,0.068389,6.193190,3.000000,113.940416,2.064397,4.000000,39.591007,34.163789,55.806488,0.000000,-0.889405,-1.191966,0.302561,23.627403,12.767760,26.427142,-2.242906,-4.054985,-5.390379,0.126939,0.058803,5.747888,13.000000,37.066361,0.442145,3.000000,47.039537,66.750984,78.702740,1.000000,-0.924565,-1.507139,0.582574,25.808819,17.069660,16.609127,-0.133217,-1.959481,-3.066689,0.482310,0.075208,13.425175,21.000000,127.986667,0.639294,8.000000,28.310044,15.569539,11.353271,0.000000,-2.051289,-1.320223,-0.731066,30.147264,10.024369,31.712737,-5.032514,-6.421789,-6.001731,0.078648,0.113714,11.718750,28.000000,273.124545,0.418527,1.000000,64.914610,92.433036,84.472628,1.000000,1.408550,1.281086,0.127464,24.571366,26.957331,16.231548,2.660567,4.698542,6.321981,0.904015,0.067653,4.114104,1.000000,79.067089,4.114104,2.000000,40.237573,27.584221,68.246102,1.000000,-0.290356,-0.283740,-0.006616,16.646949,20.210972,27.497427,-2.151707,-1.959997,-2.800948,0.068348,0.048798,5.488913,12.000000,81.392079,0.457409,3.000000,53.780734,84.912180,83.533377,0.000000,-0.112797,-0.273605,0.160808,16.752645,23.455350,20.070718,0.699853,1.027891,0.262514,0.653445,0.045931,6.317738,4.000000,151.419446,1.579434,4.000000,42.953814,25.383278,11.311452,0.000000,-0.251492,0.501143,-0.752635,19.895236,18.346700,35.302513,-2.071918,-1.086984,-1.923497,0.258620,0.084094,4.354006,2.000000,57.769578,2.177003,3.000000,7.008621,7.000000,44.033219,1.001232,2.000000,18.929633,45.000000,161.157987,0.420659,7.000000,10.511346,10.000000,182.044492,1.051135,4.000000,6.127881,9.000000,54.299684,0.680876,3.000000,10.140870,11.000000,73.092285,0.921897,2.000000,16.109042,18.000000,116.052696,0.894947,7.000000,12.188885,14.000000,120.896623,0.870635,4.000000,11.212527,6.000000,74.771199,1.868755,3.000000,13.040290,10.000000,140.278422,1.304029,4.000000,10.248728,7.000000,128.810520,1.464104,7.000000,7.370044,4.000000,143.400000,1.842511,4.000000,2.000000,1.000000,5.000000,-1.000000,,,,47.787245,19.553277,36.614846,0.709758,0.859669,-0.149911,27.830613,12.846168,13.460597,-0.613879,0.437982,0.394537,0.057853,,0.000000,,0.000000,61.886305,61.886305,0.000000,0.000000,0.000000,0.000000,0.000000,0.000000,0.000000,0.000000,0.500000,0.000000,0.480213,0.462963,113.000000,273.124545,37.066361,3.055332,0.674691
2023-05-28T18:30:00Z,0.879132,no_impulse,0,TCS,1d,1.000000,154.315606,5.539906,7.000000,0.791415,1.703913,2.032319,0.916889,3.465571,5.000000,47.901441,0.693114,2.000000,45.390930,19.553277,36.614846,0.000000,0.267757,0.280534,-0.012777,15.058966,17.819341,22.210525,-0.857266,-1.212041,-2.801812,0.352723,0.057713,7.799039,17.000000,118.130242,0.458767,7.000000,60.200665,86.811872,90.559429,0.000000,0.472497,-0.012533,0.485030,16.641738,25.446116,16.507389,1.830151,1.319177,-0.303230,0.772599,0.068389,6.193190,3.000000,113.940416,2.064397,4.000000,39.591007,34.163789,55.806488,0.000000,-0.889405,-1.191966,0.302561,23.627403,12.767760,26.427142,-2.242906,-4.054985,-5.390379,0.126939,0.058803,5.747888,13.000000,37.066361,0.442145,3.000000,47.039537,66.750984,78.702740,1.000000,-0.924565,-1.507139,0.582574,25.808819,17.069660,16.609127,-0.133217,-1.959481,-3.066689,0.482310,0.075208,13.425175,21.000000,127.986667,0.639294,8.000000,28.310044,15.569539,11.353271,0.000000,-2.051289,-1.320223,-0.731066,30.147264,10.024369,31.712737,-5.032514,-6.421789,-6.001731,0.078648,0.113714,11.718750,28.000000,273.124545,0.418527,1.000000,64.914610,92.433036,84.472628,1.000000,1.408550,1.281086,0.127464,24.571366,26.957331,16.231548,2.660567,4.698542,6.321981,0.904015,0.067653,4.114104,1.000000,79.067089,4.114104,2.000000,40.237573,27.584221,68.246102,1.000000,-0.290356,-0.283740,-0.006616,16.646949,20.210972,27.497427,-2.151707,-1.959997,-2.800948,0.068348,0.048798,5.488913,12.000000,81.392079,0.457409,3.000000,53.780734,84.912180,83.533377,0.000000,-0.112797,-0.273605,0.160808,16.752645,23.455350,20.070718,0.699853,1.027891,0.262514,0.653445,0.045931,6.317738,4.000000,151.419446,1.579434,4.000000,4.354006,2.000000,57.769578,2.177003,3.000000,7.008621,7.000000,44.033219,1.001232,2.000000,18.929633,45.000000,161.157987,0.420659,7.000000,10.511346,10.000000,182.044492,1.051135,4.000000,6.127881,9.000000,54.299684,0.680876,3.000000,10.140870,11.000000,73.092285,0.921897,2.000000,16.109042,18.000000,116.052696,0.894947,7.000000,12.188885,14.000000,120.896623,0.870635,4.000000,11.212527,6.000000,74.771199,1.868755,3.000000,13.040290,10.000000,140.278422,1.304029,4.000000,10.248728,7.000000,128.810520,1.464104,7.000000,1.000000,2.000000,12.000000,-1.000000,,,,66.197775,70.819209,79.373294,1.023102,0.885286,0.137816,28.266506,26.192593,10.785395,1.820321,3.234077,0.864243,0.050902,,0.000000,,0.000000,61.886305,61.886305,0.000000,0.000000,0.000000,0.000000,0.000000,0.000000,0.000000,0.000000,0.500000,0.000000,0.807280,0.660377,120.000000,273.124545,37.066361,3.279366,0.565127
2023-06-15T18:30:00Z,0.822818,no_impulse,0,TCS,1d,-1.000000,122.033898,6.405694,14.000000,0.457550,-2.327058,-2.445597,-3.484530,5.539906,7.000000,154.315606,0.791415,1.000000,61.584615,70.819209,79.373294,0.000000,0.762726,0.526303,0.236423,17.027279,29.981348,15.670333,1.703913,2.032319,0.916889,0.840950,0.050842,3.465571,5.000000,47.901441,0.693114,2.000000,45.390930,19.553277,36.614846,0.000000,0.267757,0.280534,-0.012777,15.058966,17.819341,22.210525,-0.857266,-1.212041,-2.801812,0.352723,0.057713,7.799039,17.000000,118.130242,0.458767,7.000000,60.200665,86.811872,90.559429,0.000000,0.472497,-0.012533,0.485030,16.641738,25.446116,16.507389,1.830151,1.319177,-0.303230,0.772599,0.068389,6.193190,3.000000,113.940416,2.064397,4.000000,39.591007,34.163789,55.806488,0.000000,-0.889405,-1.191966,0.302561,23.627403,12.767760,26.427142,-2.242906,-4.054985,-5.390379,0.126939,0.058803,5.747888,13.000000,37.066361,0.442145,3.000000,47.039537,66.750984,78.702740,1.000000,-0.924565,-1.507139,0.582574,25.808819,17.069660,16.609127,-0.133217,-1.959481,-3.066689,0.482310,0.075208,13.425175,21.000000,127.986667,0.639294,8.000000,28.310044,15.569539,11.353271,0.000000,-2.051289,-1.320223,-0.731066,30.147264,10.024369,31.712737,-5.032514,-6.421789,-6.001731,0.078648,0.113714,11.718750,28.000000,273.124545,0.418527,1.000000,64.914610,92.433036,84.472628,1.000000,1.408550,1.281086,0.127464,24.571366,26.957331,16.231548,2.660567,4.698542,6.321981,0.904015,0.067653,4.114104,1.000000,79.067089,4.114104,2.000000,40.237573,27.584221,68.246102,1.000000,-0.290356,-0.283740,-0.006616,16.646949,20.210972,27.497427,-2.151707,-1.959997,-2.800948,0.068348,0.048798,5.488913,12.000000,81.392079,0.457409,3.000000,6.317738,4.000000,151.419446,1.579434,4.000000,4.354006,2.000000,57.769578,2.177003,3.000000,7.008621,7.000000,44.033219,1.001232,2.000000,18.929633,45.000000,161.157987,0.420659,7.000000,10.511346,10.000000,182.044492,1.051135,4.000000,6.127881,9.000000,54.299684,0.680876,3.000000,10.140870,11.000000,73.092285,0.921897,2.000000,16.109042,18.000000,116.052696,0.894947,7.000000,12.188885,14.000000,120.896623,0.870635,4.000000,11.212527,6.000000,74.771199,1.868755,3.000000,13.040290,10.000000,140.278422,1.304029,4.000000,8.000000,1.000000,26.000000,-1.000000,,,,38.802799,10.271739,14.755046,-0.217821,0.205568,-0.423388,23.488263,12.845574,29.432353,-2.297073,-1.727747,0.069734,0.052188,,0.000000,,0.000000,61.886305,61.886305,0.000000,0.000000,0.000000,0.000000,0.000000,0.000000,0.000000,0.000000,0.500000,0.000000,0.917586,1.261261,134.000000,273.124545,37.066361,3.199034,0.662475
2023-07-06T18:30:00Z,0.875196,no_impulse,0,TCS,1d,1.000000,93.009259,6.365653,14.000000,0.454689,1.852105,2.155580,1.416003,6.405694,14.000000,122.033898,0.457550,8.000000,38.843205,10.271739,14.755046,0.000000,-0.313965,0.066901,-0.380866,19.003175,13.924429,31.737952,-2.327058,-2.445597,-3.484530,0.064118,0.052173,5.539906,7.000000,154.315606,0.791415,1.000000,61.584615,70.819209,79.373294,0.000000,0.762726,0.526303,0.236423,17.027279,29.981348,15.670333,1.703913,2.032319,0.916889,0.840950,0.050842,3.465571,5.000000,47.901441,0.693114,2.000000,45.390930,19.553277,36.614846,0.000000,0.267757,0.280534,-0.012777,15.058966,17.819341,22.210525,-0.857266,-1.212041,-2.801812,0.352723,0.057713,7.799039,17.000000,118.130242,0.458767,7.000000,60.200665,86.811872,90.559429,0.000000,0.472497,-0.012533,0.485030,16.641738,25.446116,16.507389,1.830151,1.319177,-0.303230,0.772599,0.068389,6.193190,3.000000,113.940416,2.064397,4.000000,39.591007,34.163789,55.806488,0.000000,-0.889405,-1.191966,0.302561,23.627403,12.767760,26.427142,-2.242906,-4.054985,-5.390379,0.126939,0.058803,5.747888,13.000000,37.066361,0.442145,3.000000,47.039537,66.750984,78.702740,1.000000,-0.924565,-1.507139,0.582574,25.808819,17.069660,16.609127,-0.133217,-1.959481,-3.066689,0.482310,0.075208,13.425175,21.000000,127.986667,0.639294,8.000000,28.310044,15.569539,11.353271,0.000000,-2.051289,-1.320223,-0.731066,30.147264,10.024369,31.712737,-5.032514,-6.421789,-6.001731,0.078648,0.113714,11.718750,28.000000,273.124545,0.418527,1.000000,64.914610,92.433036,84.472628,1.000000,1.408550,1.281086,0.127464,24.571366,26.957331,16.231548,2.660567,4.698542,6.321981,0.904015,0.067653,4.114104,1.000000,79.067089,4.114104,2.000000,5.488913,12.000000,81.392079,0.457409,3.000000,6.317738,4.000000,151.419446,1.579434,4.000000,4.354006,2.000000,57.769578,2.177003,3.000000,7.008621,7.000000,44.033219,1.001232,2.000000,18.929633,45.000000,161.157987,0.420659,7.000000,10.511346,10.000000,182.044492,1.051135,4.000000,6.127881,9.000000,54.299684,0.680876,3.000000,10.140870,11.000000,73.092285,0.921897,2.000000,16.109042,18.000000,116.052696,0.894947,7.000000,12.188885,14.000000,120.896623,0.870635,4.000000,11.212527,6.000000,74.771199,1.868755,3.000000,3.000000,2.000000,14.000000,-1.000000,,,,60.808707,84.964655,92.069143,0.529926,0.161576,0.368350,20.226653,28.182212,16.491412,1.859148,2.546583,0.835489,0.056466,,0.000000,,0.000000,61.886305,61.886305,0.000000,0.000000,0.000000,0.000000,0.000000,0.000000,0.000000,0.000000,0.500000,0.000000,0.910703,1.157025,148.000000,273.124545,37.066361,3.197128,0.780703
2023-07-11T18:30:00Z,0.847351,no_impulse,0,TCS,1d,-1.000000,53.160777,3.181507,3.000000,1.060502,-0.236544,0.037866,-0.668488,6.365653,14.000000,93.009259,0.454689,3.000000,60.402664,84.964655,92.069143,0.000000,0.498394,0.115469,0.382925,18.408535,28.726115,17.222321,1.852105,2.155580,1.416003,0.834218,0.056462,6.405694,14.000000,122.033898,0.457550,8.000000,38.843205,10.271739,14.755046,0.000000,-0.313965,0.066901,-0.380866,19.003175,13.924429,31.737952,-2.327058,-2.445597,-3.484530,0.064118,0.052173,5.539906,7.000000,154.315606,0.791415,1.000000,61.584615,70.819209,79.373294,0.000000,0.762726,0.526303,0.236423,17.027279,29.981348,15.670333,1.703913,2.032319,0.916889,0.840950,0.050842,3.465571,5.000000,47.901441,0.693114,2.000000,45.390930,19.553277,36.614846,0.000000,0.267757,0.280534,-0.012777,15.058966,17.819341,22.210525,-0.857266,-1.212041,-2.801812,0.352723,0.057713,7.799039,17.000000,118.130242,0.458767,7.000000,60.200665,86.811872,90.559429,0.000000,0.472497,-0.012533,0.485030,16.641738,25.446116,16.507389,1.830151,1.319177,-0.303230,0.772599,0.068389,6.193190,3.000000,113.940416,2.064397,4.000000,39.591007,34.163789,55.806488,0.000000,-0.889405,-1.191966,0.302561,23.627403,12.767760,26.427142,-2.242906,-4.054985,-5.390379,0.126939,0.058803,5.747888,13.000000,37.066361,0.442145,3.000000,47.039537,66.750984,78.702740,1.000000,-0.924565,-1.507139,0.582574,25.808819,17.069660,16.609127,-0.133217,-1.959481,-3.066689,0.482310,0.075208,13.425175,21.000000,127.986667,0.639294,8.000000,28.310044,15.569539,11.353271,0.000000,-2.051289,-1.320223,-0.731066,30.147264,10.024369,31.712737,-5.032514,-6.421789,-6.001731,0.078648,0.113714,11.718750,28.000000,273.124545,0.418527,1.000000,4.114104,1.000000,79.067089,4.114104,2.000000,5.488913,12.000000,81.392079,0.457409,3.000000,6.317738,4.000000,151.419446,1.579434,4.000000,4.354006,2.000000,57.769578,2.177003,3.000000,7.008621,7.000000,44.033219,1.001232,2.000000,18.929633,45.000000,161.157987,0.420659,7.000000,10.511346,10.000000,182.044492,1.051135,4.000000,6.127881,9.000000,54.299684,0.680876,3.000000,10.140870,11.000000,73.092285,0.921897,2.000000,16.109042,18.000000,116.052696,0.894947,7.000000,12.188885,14.000000,120.896623,0.870635,4.000000,2.000000,1.000000,17.000000,-1.000000,,,,49.552024,47.253942,51.703825,0.355641,0.286254,0.069387,17.699628,22.457283,20.638789,-0.231217,0.392026,0.458825,0.056025,,0.000000,,0.000000,61.886305,61.886305,0.000000,0.000000,0.000000,0.000000,0.000000,0.000000,0.000000,0.000000,0.500000,0.000000,0.449524,0.243902,151.000000,273.124545,37.066361,3.163238,1.048887
2023-07-16T18:30:00Z,0.925514,no_impulse,0,TCS,1d,1.000000,280.711610,9.224332,3.000000,3.074777,5.034049,6.051110,5.872479,3.181507,3.000000,53.160777,1.060502,2.000000,49.396524,47.253942,51.703825,0.000000,0.330053,0.248789,0.081264,16.109597,22.846897,21.251238,-0.236544,0.037866,-0.668488,0.457876,0.056022,6.365653,14.000000,93.009259,0.454689,3.000000,60.402664,84.964655,92.069143,0.000000,0.498394,0.115469,0.382925,18.408535,28.726115,17.222321,1.852105,2.155580,1.416003,0.834218,0.056462,6.405694,14.000000,122.033898,0.457550,8.000000,38.843205,10.271739,14.755046,0.000000,-0.313965,0.066901,-0.380866,19.003175,13.924429,31.737952,-2.327058,-2.445597,-3.484530,0.064118,0.052173,5.539906,7.000000,154.315606,0.791415,1.000000,61.584615,70.819209,79.373294,0.000000,0.762726,0.526303,0.236423,17.027279,29.981348,15.670333,1.703913,2.032319,0.916889,0.840950,0.050842,3.465571,5.000000,47.901441,0.693114,2.000000,45.390930,19.553277,36.614846,0.000000,0.267757,0.280534,-0.012777,15.058966,17.819341,22.210525,-0.857266,-1.212041,-2.801812,0.352723,0.057713,7.799039,17.000000,118.130242,0.458767,7.000000,60.200665,86.811872,90.559429,0.000000,0.472497,-0.012533,0.485030,16.641738,25.446116,16.507389,1.830151,1.319177,-0.303230,0.772599,0.068389,6.193190,3.000000,113.940416,2.064397,4.000000,39.591007,34.163789,55.806488,0.000000,-0.889405,-1.191966,0.302561,23.627403,12.767760,26.427142,-2.242906,-4.054985,-5.390379,0.126939,0.058803,5.747888,13.000000,37.066361,0.442145,3.000000,47.039537,66.750984,78.702740,1.000000,-0.924565,-1.507139,0.582574,25.808819,17.069660,16.609127,-0.133217,-1.959481,-3.066689,0.482310,0.075208,13.425175,21.000000,127.986667,0.639294,8.000000,11.718750,28.000000,273.124545,0.418527,1.000000,4.114104,1.000000,79.067089,4.114104,2.000000,5.488913,12.000000,81.392079,0.457409,3.000000,6.317738,4.000000,151.419446,1.579434,4.000000,4.354006,2.000000,57.769578,2.177003,3.000000,7.008621,7.000000,44.033219,1.001232,2.000000,18.929633,45.000000,161.157987,0.420659,7.000000,10.511346,10.000000,182.044492,1.051135,4.000000,6.127881,9.000000,54.299684,0.680876,3.000000,10.140870,11.000000,73.092285,0.921897,2.000000,16.109042,18.000000,116.052696,0.894947,7.000000,1.000000,2.000000,20.000000,-1.000000,,,,69.766468,84.167573,89.144907,1.269382,0.600954,0.668427,23.207025,42.026382,12.300769,5.037732,6.344365,1.020023,0.102014,,0.000000,,0.000000,61.886305,61.886305,0.000000,0.000000,0.000000,0.000000,0.000000,0.000000,0.000000,0.000000,0.500000,0.000000,1.320736,0.240000,154.000000,273.124545,37.066361,3.272185,0.949319
2023-07-27T18:30:00Z,0.868443,no_impulse,0,TCS,1d,-1.000000,73.015344,6.166371,9.000000,0.685152,-0.403861,1.059615,1.722824,9.224332,3.000000,280.711610,3.074777,1.000000,69.523459,84.167573,89.144907,0.000000,1.250404,0.573140,0.677265,21.797432,42.345171,12.627497,5.034049,6.051110,5.872479,1.019642,0.102010,3.181507,3.000000,53.160777,1.060502,2.000000,49.396524,47.253942,51.703825,0.000000,0.330053,0.248789,0.081264,16.109597,22.846897,21.251238,-0.236544,0.037866,-0.668488,0.457876,0.056022,6.365653,14.000000,93.009259,0.454689,3.000000,60.402664,84.964655,92.069143,0.000000,0.498394,0.115469,0.382925,18.408535,28.726115,17.222321,1.852105,2.155580,1.416003,0.834218,0.056462,6.405694,14.000000,122.033898,0.457550,8.000000,38.843205,10.271739,14.755046,0.000000,-0.313965,0.066901,-0.380866,19.003175,13.924429,31.737952,-2.327058,-2.445597,-3.484530,0.064118,0.052173,5.539906,7.000000,154.315606,0.791415,1.000000,61.584615,70.819209,79.373294,0.000000,0.762726,0.526303,0.236423,17.027279,29.981348,15.670333,1.703913,2.032319,0.916889,0.840950,0.050842,3.465571,5.000000,47.901441,0.693114,2.000000,45.390930,19.553277,36.614846,0.000000,0.267757,0.280534,-0.012777,15.058966,17.819341,22.210525,-0.857266,-1.212041,-2.801812,0.352723,0.057713,7.799039,17.000000,118.130242,0.458767,7.000000,60.200665,86.811872,90.559429,0.000000,0.472497,-0.012533,0.485030,16.641738,25.446116,16.507389,1.830151,1.319177,-0.303230,0.772599,0.068389,6.193190,3.000000,113.940416,2.064397,4.000000,39.591007,34.163789,55.806488,0.000000,-0.889405,-1.191966,0.302561,23.627403,12.767760,26.427142,-2.242906,-4.054985,-5.390379,0.126939,0.058803,5.747888,13.000000,37.066361,0.442145,3.000000,13.425175,21.000000,127.986667,0.639294,8.000000,11.718750,28.000000,273.124545,0.418527,1.000000,4.114104,1.000000,79.067089,4.114104,2.000000,5.488913,12.000000,81.392079,0.457409,3.000000,6.317738,4.000000,151.419446,1.579434,4.000000,4.354006,2.000000,57.769578,2.177003,3.000000,7.008621,7.000000,44.033219,1.001232,2.000000,18.929633,45.000000,161.157987,0.420659,7.000000,10.511346,10.000000,182.044492,1.051135,4.000000,6.127881,9.000000,54.299684,0.680876,3.000000,10.140870,11.000000,73.092285,0.921897,2.000000,2.000000,3.000000,29.000000,-1.000000,,,,50.338219,35.123416,43.395597,0.983240,1.202299,-0.219059,22.744117,24.646648,23.653030,-0.402304,1.272512,0.457314,0.093869,,0.000000,,0.000000,61.886305,61.886305,0.000000,0.000000,0.000000,0.000000,0.000000,0.000000,0.000000,0.000000,0.500000,0.000000,0.915599,0.900000,163.000000,280.711610,37.066361,2.950422,1.218044
2023-08-07T18:30:00Z,0.909884,no_impulse,0,TCS,1d,1.000000,72.613065,4.771840,7.000000,0.681691,1.784454,3.456914,4.697953,6.166371,9.000000,73.015344,0.685152,2.000000,50.285241,35.123416,43.395597,0.000000,0.973348,1.187774,-0.214426,21.857763,24.778946,23.859949,-0.403861,1.059615,1.722824,0.457148,0.093867,9.224332,3.000000,280.711610,3.074777,1.000000,69.523459,84.167573,89.144907,0.000000,1.250404,0.573140,0.677265,21.797432,42.345171,12.627497,5.034049,6.051110,5.872479,1.019642,0.102010,3.181507,3.000000,53.160777,1.060502,2.000000,49.396524,47.253942,51.703825,0.000000,0.330053,0.248789,0.081264,16.109597,22.846897,21.251238,-0.236544,0.037866,-0.668488,0.457876,0.056022,6.365653,14.000000,93.009259,0.454689,3.000000,60.402664,84.964655,92.069143,0.000000,0.498394,0.115469,0.382925,18.408535,28.726115,17.222321,1.852105,2.155580,1.416003,0.834218,0.056462,6.405694,14.000000,122.033898,0.457550,8.000000,38.843205,10.271739,14.755046,0.000000,-0.313965,0.066901,-0.380866,19.003175,13.924429,31.737952,-2.327058,-2.445597,-3.484530,0.064118,0.052173,5.539906,7.000000,154.315606,0.791415,1.000000,61.584615,70.819209,79.373294,0.000000,0.762726,0.526303,0.236423,17.027279,29.981348,15.670333,1.703913,2.032319,0.916889,0.840950,0.050842,3.465571,5.000000,47.901441,0.693114,2.000000,45.390930,19.553277,36.614846,0.000000,0.267757,0.280534,-0.012777,15.058966,17.819341,22.210525,-0.857266,-1.212041,-2.801812,0.352723,0.057713,7.799039,17.000000,118.130242,0.458767,7.000000,60.200665,86.811872,90.559429,0.000000,0.472497,-0.012533,0.485030,16.641738,25.446116,16.507389,1.830151,1.319177,-0.303230,0.772599,0.068389,6.193190,3.000000,113.940416,2.064397,4.000000,5.747888,13.000000,37.066361,0.442145,3.000000,13.425175,21.000000,127.986667,0.639294,8.000000,11.718750,28.000000,273.124545,0.418527,1.000000,4.114104,1.000000,79.067089,4.114104,2.000000,5.488913,12.000000,81.392079,0.457409,3.000000,6.317738,4.000000,151.419446,1.579434,4.000000,4.354006,2.000000,57.769578,2.177003,3.000000,7.008621,7.000000,44.033219,1.001232,2.000000,18.929633,45.000000,161.157987,0.420659,7.000000,10.511346,10.000000,182.044492,1.051135,4.000000,6.127881,9.000000,54.299684,0.680876,3.000000,3.000000,1.000000,36.000000,-1.000000,,,,59.464224,87.826360,76.164594,1.079456,1.047946,0.031509,19.214990,27.276429,19.238910,1.785202,3.612471,0.753403,0.071730,,0.000000,,0.000000,61.886305,61.886305,0.000000,0.000000,0.000000,0.000000,0.000000,0.000000,0.000000,0.000000,0.500000,0.000000,0.794127,0.795455,95.000000,280.711610,37.066361,1.783811,1.014251
2023-08-30T18:30:00Z,0.871741,no_impulse,0,TCS,1d,-1.000000,92.041522,4.192037,16.000000,0.262002,-1.207714,-0.536627,1.034272,4.771840,7.000000,72.613065,0.681691,3.000000,59.407833,87.826360,76.164594,1.000000,1.073873,1.039743,0.034130,18.621488,27.360397,19.357618,1.784454,3.456914,4.697953,0.753297,0.071729,6.166371,9.000000,73.015344,0.685152,2.000000,50.285241,35.123416,43.395597,0.000000,0.973348,1.187774,-0.214426,21.857763,24.778946,23.859949,-0.403861,1.059615,1.722824,0.457148,0.093867,9.224332,3.000000,280.711610,3.074777,1.000000,69.523459,84.167573,89.144907,0.000000,1.250404,0.573140,0.677265,21.797432,42.345171,12.627497,5.034049,6.051110,5.872479,1.019642,0.102010,3.181507,3.000000,53.160777,1.060502,2.000000,49.396524,47.253942,51.703825,0.000000,0.330053,0.248789,0.081264,16.109597,22.846897,21.251238,-0.236544,0.037866,-0.668488,0.457876,0.056022,6.365653,14.000000,93.009259,0.454689,3.000000,60.402664,84.964655,92.069143,0.000000,0.498394,0.115469,0.382925,18.408535,28.726115,17.222321,1.852105,2.155580,1.416003,0.834218,0.056462,6.405694,14.000000,122.033898,0.457550,8.000000,38.843205,10.271739,14.755046,0.000000,-0.313965,0.066901,-0.380866,19.003175,13.924429,31.737952,-2.327058,-2.445597,-3.484530,0.064118,0.052173,5.539906,7.000000,154.315606,0.791415,1.000000,61.584615,70.819209,79.373294,0.000000,0.762726,0.526303,0.236423,17.027279,29.981348,15.670333,1.703913,2.032319,0.916889,0.840950,0.050842,3.465571,5.000000,47.901441,0.693114,2.000000,45.390930,19.553277,36.614846,0.000000,0.267757,0.280534,-0.012777,15.058966,17.819341,22.210525,-0.857266,-1.212041,-2.801812,0.352723,0.057713,7.799039,17.000000,118.130242,0.458767,7.000000,6.193190,3.000000,113.940416,2.064397,4.000000,5.747888,13.000000,37.066361,0.442145,3.000000,13.425175,21.000000,127.986667,0.639294,8.000000,11.718750,28.000000,273.124545,0.418527,1.000000,4.114104,1.000000,79.067089,4.114104,2.000000,5.488913,12.000000,81.392079,0.457409,3.000000,6.317738,4.000000,151.419446,1.579434,4.000000,4.354006,2.000000,57.769578,2.177003,3.000000,7.008621,7.000000,44.033219,1.001232,2.000000,18.929633,45.000000,161.157987,0.420659,7.000000,10.511346,10.000000,182.044492,1.051135,4.000000,2.000000,1.000000,52.000000,-1.000000,,,,43.230252,10.691057,22.613616,-0.153712,0.139737,-0.293449,17.172323,15.448611,25.717330,-1.207558,-0.451829,0.235219,0.045062,,0.000000,,0.000000,61.886305,61.886305,0.000000,0.000000,0.000000,0.000000,0.000000,0.000000,0.000000,0.000000,0.500000,0.000000,0.709155,1.951220,111.000000,280.711610,47.901441,1.825887,1.263883
2023-09-21T18:30:00Z,0.947375,no_impulse,0,TCS,1d,1.000000,198.291183,8.676147,15.000000,0.578410,2.505245,4.419003,7.050504,4.192037,16.000000,92.041522,0.262002,2.000000,43.225587,10.691057,22.613616,1.000000,-0.155398,0.137259,-0.292657,16.991862,15.472576,25.763592,-1.207714,-0.536627,1.034272,0.235185,0.045062,4.771840,7.000000,72.613065,0.681691,3.000000,59.407833,87.826360,76.164594,1.000000,1.073873,1.039743,0.034130,18.621488,27.360397,19.357618,1.784454,3.456914,4.697953,0.753297,0.071729,6.166371,9.000000,73.015344,0.685152,2.000000,50.285241,35.123416,43.395597,0.000000,0.973348,1.187774,-0.214426,21.857763,24.778946,23.859949,-0.403861,1.059615,1.722824,0.457148,0.093867,9.224332,3.000000,280.711610,3.074777,1.000000,69.523459,84.167573,89.144907,0.000000,1.250404,0.573140,0.677265,21.797432,42.345171,12.627497,5.034049,6.051110,5.872479,1.019642,0.102010,3.181507,3.000000,53.160777,1.060502,2.000000,49.396524,47.253942,51.703825,0.000000,0.330053,0.248789,0.081264,16.109597,22.846897,21.251238,-0.236544,0.037866,-0.668488,0.457876,0.056022,6.365653,14.000000,93.009259,0.454689,3.000000,60.402664,84.964655,92.069143,0.000000,0.498394,0.115469,0.382925,18.408535,28.726115,17.222321,1.852105,2.155580,1.416003,0.834218,0.056462,6.405694,14.000000,122.033898,0.457550,8.000000,38.843205,10.271739,14.755046,0.000000,-0.313965,0.066901,-0.380866,19.003175,13.924429,31.737952,-2.327058,-2.445597,-3.484530,0.064118,0.052173,5.539906,7.000000,154.315606,0.791415,1.000000,61.584615,70.819209,79.373294,0.000000,0.762726,0.526303,0.236423,17.027279,29.981348,15.670333,1.703913,2.032319,0.916889,0.840950,0.050842,3.465571,5.000000,47.901441,0.693114,2.000000,7.799039,17.000000,118.130242,0.458767,7.000000,6.193190,3.000000,113.940416,2.064397,4.000000,5.747888,13.000000,37.066361,0.442145,3.000000,13.425175,21.000000,127.986667,0.639294,8.000000,11.718750,28.000000,273.124545,0.418527,1.000000,4.114104,1.000000,79.067089,4.114104,2.000000,5.488913,12.000000,81.392079,0.457409,3.000000,6.317738,4.000000,151.419446,1.579434,4.000000,4.354006,2.000000,57.769578,2.177003,3.000000,7.008621,7.000000,44.033219,1.001232,2.000000,18.929633,45.000000,161.157987,0.420659,7.000000,1.000000,2.000000,67.000000,-1.000000,,,,69.092218,88.585514,89.015915,1.497743,1.123042,0.374701,24.875219,27.066975,14.689267,2.505277,4.462349,0.743340,0.105599,,0.000000,,0.000000,61.886305,61.886305,0.000000,0.000000,0.000000,0.000000,0.000000,0.000000,0.000000,0.000000,0.500000,0.000000,1.519147,1.578947,126.000000,280.711610,47.901441,1.899730,0.806023
2023-10-03T18:30:00Z,0.906586,no_impulse,0,TCS,1d,-1.000000,53.929679,4.305470,7.000000,0.615067,0.192955,1.903337,4.931723,8.676147,15.000000,198.291183,0.578410,1.000000,69.080058,88.585514,89.015915,0.000000,1.497248,1.122315,0.374934,24.798005,27.075862,14.701161,2.505245,4.419003,7.050504,0.743337,0.105599,4.192037,16.000000,92.041522,0.262002,2.000000,43.225587,10.691057,22.613616,1.000000,-0.155398,0.137259,-0.292657,16.991862,15.472576,25.763592,-1.207714,-0.536627,1.034272,0.235185,0.045062,4.771840,7.000000,72.613065,0.681691,3.000000,59.407833,87.826360,76.164594,1.000000,1.073873,1.039743,0.034130,18.621488,27.360397,19.357618,1.784454,3.456914,4.697953,0.753297,0.071729,6.166371,9.000000,73.015344,0.685152,2.000000,50.285241,35.123416,43.395597,0.000000,0.973348,1.187774,-0.214426,21.857763,24.778946,23.859949,-0.403861,1.059615,1.722824,0.457148,0.093867,9.224332,3.000000,280.711610,3.074777,1.000000,69.523459,84.167573,89.144907,0.000000,1.250404,0.573140,0.677265,21.797432,42.345171,12.627497,5.034049,6.051110,5.872479,1.019642,0.102010,3.181507,3.000000,53.160777,1.060502,2.000000,49.396524,47.253942,51.703825,0.000000,0.330053,0.248789,0.081264,16.109597,22.846897,21.251238,-0.236544,0.037866,-0.668488,0.457876,0.056022,6.365653,14.000000,93.009259,0.454689,3.000000,60.402664,84.964655,92.069143,0.000000,0.498394,0.115469,0.382925,18.408535,28.726115,17.222321,1.852105,2.155580,1.416003,0.834218,0.056462,6.405694,14.000000,122.033898,0.457550,8.000000,38.843205,10.271739,14.755046,0.000000,-0.313965,0.066901,-0.380866,19.003175,13.924429,31.737952,-2.327058,-2.445597,-3.484530,0.064118,0.052173,5.539906,7.000000,154.315606,0.791415,1.000000,3.465571,5.000000,47.901441,0.693114,2.000000,7.799039,17.000000,118.130242,0.458767,7.000000,6.193190,3.000000,113.940416,2.064397,4.000000,5.747888,13.000000,37.066361,0.442145,3.000000,13.425175,21.000000,127.986667,0.639294,8.000000,11.718750,28.000000,273.124545,0.418527,1.000000,4.114104,1.000000,79.067089,4.114104,2.000000,5.488913,12.000000,81.392079,0.457409,3.000000,6.317738,4.000000,151.419446,1.579434,4.000000,4.354006,2.000000,57.769578,2.177003,3.000000,7.008621,7.000000,44.033219,1.001232,2.000000,2.000000,3.000000,74.000000,-1.000000,,,,54.048079,38.638543,34.965146,0.819663,1.101943,-0.282280,19.304910,18.300579,18.761192,0.192971,1.936707,0.528348,0.068204,,0.000000,,0.000000,61.886305,61.886305,0.000000,0.000000,0.000000,0.000000,0.000000,0.000000,0.000000,0.000000,0.500000,0.000000,0.742462,0.752688,133.000000,280.711610,47.901441,2.023080,0.949808
2023-10-08T18:30:00Z,0.959172,no_impulse,0,TCS,1d,1.000000,128.922979,5.800477,3.000000,1.933492,2.331938,4.159999,7.354631,4.305470,7.000000,53.929679,0.615067,2.000000,54.044352,38.638543,34.965146,1.000000,0.819369,1.101510,-0.282142,19.256054,18.304673,18.768026,0.192955,1.903337,4.931723,0.528345,0.068204,8.676147,15.000000,198.291183,0.578410,1.000000,69.080058,88.585514,89.015915,0.000000,1.497248,1.122315,0.374934,24.798005,27.075862,14.701161,2.505245,4.419003,7.050504,0.743337,0.105599,4.192037,16.000000,92.041522,0.262002,2.000000,43.225587,10.691057,22.613616,1.000000,-0.155398,0.137259,-0.292657,16.991862,15.472576,25.763592,-1.207714,-0.536627,1.034272,0.235185,0.045062,4.771840,7.000000,72.613065,0.681691,3.000000,59.407833,87.826360,76.164594,1.000000,1.073873,1.039743,0.034130,18.621488,27.360397,19.357618,1.784454,3.456914,4.697953,0.753297,0.071729,6.166371,9.000000,73.015344,0.685152,2.000000,50.285241,35.123416,43.395597,0.000000,0.973348,1.187774,-0.214426,21.857763,24.778946,23.859949,-0.403861,1.059615,1.722824,0.457148,0.093867,9.224332,3.000000,280.711610,3.074777,1.000000,69.523459,84.167573,89.144907,0.000000,1.250404,0.573140,0.677265,21.797432,42.345171,12.627497,5.034049,6.051110,5.872479,1.019642,0.102010,3.181507,3.000000,53.160777,1.060502,2.000000,49.396524,47.253942,51.703825,0.000000,0.330053,0.248789,0.081264,16.109597,22.846897,21.251238,-0.236544,0.037866,-0.668488,0.457876,0.056022,6.365653,14.000000,93.009259,0.454689,3.000000,60.402664,84.964655,92.069143,0.000000,0.498394,0.115469,0.382925,18.408535,28.726115,17.222321,1.852105,2.155580,1.416003,0.834218,0.056462,6.405694,14.000000,122.033898,0.457550,8.000000,5.539906,7.000000,154.315606,0.791415,1.000000,3.465571,5.000000,47.901441,0.693114,2.000000,7.799039,17.000000,118.130242,0.458767,7.000000,6.193190,3.000000,113.940416,2.064397,4.000000,5.747888,13.000000,37.066361,0.442145,3.000000,13.425175,21.000000,127.986667,0.639294,8.000000,11.718750,28.000000,273.124545,0.418527,1.000000,4.114104,1.000000,79.067089,4.114104,2.000000,5.488913,12.000000,81.392079,0.457409,3.000000,6.317738,4.000000,151.419446,1.579434,4.000000,4.354006,2.000000,57.769578,2.177003,3.000000,1.000000,4.000000,77.000000,-1.000000,,,,66.703404,79.846306,80.957214,1.016162,1.005585,0.010576,20.658725,28.723131,14.466888,2.331950,4.188776,0.949034,0.053173,,0.000000,,0.000000,61.886305,61.886305,0.000000,0.000000,0.000000,0.000000,0.000000,0.000000,0.000000,0.000000,0.500000,0.000000,0.985990,0.315789,136.000000,280.711610,53.160777,1.930775,0.851760
2023-10-31T18:30:00Z,0.863229,no_impulse,0,TCS,1d,-1.000000,182.449182,10.002718,16.000000,0.625170,-3.544911,-4.099404,-1.589250,5.800477,3.000000,128.922979,1.933492,1.000000,66.698338,79.846306,80.957214,1.000000,1.015934,1.005251,0.010683,20.617766,28.726977,14.471873,2.331938,4.159999,7.354631,0.949032,0.053173,4.305470,7.000000,53.929679,0.615067,2.000000,54.044352,38.638543,34.965146,1.000000,0.819369,1.101510,-0.282142,19.256054,18.304673,18.768026,0.192955,1.903337,4.931723,0.528345,0.068204,8.676147,15.000000,198.291183,0.578410,1.000000,69.080058,88.585514,89.015915,0.000000,1.497248,1.122315,0.374934,24.798005,27.075862,14.701161,2.505245,4.419003,7.050504,0.743337,0.105599,4.192037,16.000000,92.041522,0.262002,2.000000,43.225587,10.691057,22.613616,1.000000,-0.155398,0.137259,-0.292657,16.991862,15.472576,25.763592,-1.207714,-0.536627,1.034272,0.235185,0.045062,4.771840,7.000000,72.613065,0.681691,3.000000,59.407833,87.826360,76.164594,1.000000,1.073873,1.039743,0.034130,18.621488,27.360397,19.357618,1.784454,3.456914,4.697953,0.753297,0.071729,6.166371,9.000000,73.015344,0.685152,2.000000,50.285241,35.123416,43.395597,0.000000,0.973348,1.187774,-0.214426,21.857763,24.778946,23.859949,-0.403861,1.059615,1.722824,0.457148,0.093867,9.224332,3.000000,280.711610,3.074777,1.000000,69.523459,84.167573,89.144907,0.000000,1.250404,0.573140,0.677265,21.797432,42.345171,12.627497,5.034049,6.051110,5.872479,1.019642,0.102010,3.181507,3.000000,53.160777,1.060502,2.000000,49.396524,47.253942,51.703825,0.000000,0.330053,0.248789,0.081264,16.109597,22.846897,21.251238,-0.236544,0.037866,-0.668488,0.457876,0.056022,6.365653,14.000000,93.009259,0.454689,3.000000,6.405694,14.000000,122.033898,0.457550,8.000000,5.539906,7.000000,154.315606,0.791415,1.000000,3.465571,5.000000,47.901441,0.693114,2.000000,7.799039,17.000000,118.130242,0.458767,7.000000,6.193190,3.000000,113.940416,2.064397,4.000000,5.747888,13.000000,37.066361,0.442145,3.000000,13.425175,21.000000,127.986667,0.639294,8.000000,11.718750,28.000000,273.124545,0.418527,1.000000,4.114104,1.000000,79.067089,4.114104,2.000000,5.488913,12.000000,81.392079,0.457409,3.000000,6.317738,4.000000,151.419446,1.579434,4.000000,8.000000,1.000000,93.000000,-1.000000,,,,32.886585,7.077256,11.452835,-1.463950,-0.830063,-0.633887,22.546528,15.916509,31.124016,-3.544908,-4.082829,0.211051,0.118483,,0.000000,,0.000000,61.886305,61.886305,0.000000,0.000000,0.000000,0.000000,0.000000,0.000000,0.000000,0.000000,0.500000,0.000000,1.692807,1.758242,152.000000,280.711610,53.160777,1.927388,1.241361
2023-12-11T18:30:00Z,0.964230,no_impulse,0,TCS,1d,1.000000,105.271739,11.700393,28.000000,0.417871,3.648666,4.883651,7.193085,10.002718,16.000000,182.449182,0.625170,8.000000,32.886889,7.077256,11.452835,0.000000,-1.464022,-0.830170,-0.633853,22.534084,15.917513,31.126053,-3.544911,-4.099404,-1.589250,0.211051,0.118483,5.800477,3.000000,128.922979,1.933492,1.000000,66.698338,79.846306,80.957214,1.000000,1.015934,1.005251,0.010683,20.617766,28.726977,14.471873,2.331938,4.159999,7.354631,0.949032,0.053173,4.305470,7.000000,53.929679,0.615067,2.000000,54.044352,38.638543,34.965146,1.000000,0.819369,1.101510,-0.282142,19.256054,18.304673,18.768026,0.192955,1.903337,4.931723,0.528345,0.068204,8.676147,15.000000,198.291183,0.578410,1.000000,69.080058,88.585514,89.015915,0.000000,1.497248,1.122315,0.374934,24.798005,27.075862,14.701161,2.505245,4.419003,7.050504,0.743337,0.105599,4.192037,16.000000,92.041522,0.262002,2.000000,43.225587,10.691057,22.613616,1.000000,-0.155398,0.137259,-0.292657,16.991862,15.472576,25.763592,-1.207714,-0.536627,1.034272,0.235185,0.045062,4.771840,7.000000,72.613065,0.681691,3.000000,59.407833,87.826360,76.164594,1.000000,1.073873,1.039743,0.034130,18.621488,27.360397,19.357618,1.784454,3.456914,4.697953,0.753297,0.071729,6.166371,9.000000,73.015344,0.685152,2.000000,50.285241,35.123416,43.395597,0.000000,0.973348,1.187774,-0.214426,21.857763,24.778946,23.859949,-0.403861,1.059615,1.722824,0.457148,0.093867,9.224332,3.000000,280.711610,3.074777,1.000000,69.523459,84.167573,89.144907,0.000000,1.250404,0.573140,0.677265,21.797432,42.345171,12.627497,5.034049,6.051110,5.872479,1.019642,0.102010,3.181507,3.000000,53.160777,1.060502,2.000000,6.365653,14.000000,93.009259,0.454689,3.000000,6.405694,14.000000,122.033898,0.457550,8.000000,5.539906,7.000000,154.315606,0.791415,1.000000,3.465571,5.000000,47.901441,0.693114,2.000000,7.799039,17.000000,118.130242,0.458767,7.000000,6.193190,3.000000,113.940416,2.064397,4.000000,5.747888,13.000000,37.066361,0.442145,3.000000,13.425175,21.000000,127.986667,0.639294,8.000000,11.718750,28.000000,273.124545,0.418527,1.000000,4.114104,1.000000,79.067089,4.114104,2.000000,5.488913,12.000000,81.392079,0.457409,3.000000,1.000000,1.000000,28.000000,-1.000000,,,,72.071941,90.090430,92.289148,1.416041,0.904386,0.511656,26.246770,36.999800,11.808940,3.648666,4.888555,0.926414,0.088806,,0.000000,,0.000000,61.886305,61.886305,0.000000,0.000000,0.000000,0.000000,0.000000,0.000000,0.000000,0.000000,0.500000,0.000000,1.866492,3.010753,180.000000,280.711610,53.160777,2.325026,1.139945
2023-12-12T18:30:00Z,0.928929,no_impulse,0,TCS,1d,-1.000000,34.950955,3.661043,1.000000,3.661043,1.395650,2.694558,5.113067,11.700393,28.000000,105.271739,0.417871,1.000000,72.071733,90.090430,92.289148,0.000000,1.416034,0.904374,0.511659,26.244858,37.000001,11.809160,3.648666,4.883651,7.193085,0.926414,0.088806,10.002718,16.000000,182.449182,0.625170,8.000000,32.886889,7.077256,11.452835,0.000000,-1.464022,-0.830170,-0.633853,22.534084,15.917513,31.126053,-3.544911,-4.099404,-1.589250,0.211051,0.118483,5.800477,3.000000,128.922979,1.933492,1.000000,66.698338,79.846306,80.957214,1.000000,1.015934,1.005251,0.010683,20.617766,28.726977,14.471873,2.331938,4.159999,7.354631,0.949032,0.053173,4.305470,7.000000,53.929679,0.615067,2.000000,54.044352,38.638543,34.965146,1.000000,0.819369,1.101510,-0.282142,19.256054,18.304673,18.768026,0.192955,1.903337,4.931723,0.528345,0.068204,8.676147,15.000000,198.291183,0.578410,1.000000,69.080058,88.585514,89.015915,0.000000,1.497248,1.122315,0.374934,24.798005,27.075862,14.701161,2.505245,4.419003,7.050504,0.743337,0.105599,4.192037,16.000000,92.041522,0.262002,2.000000,43.225587,10.691057,22.613616,1.000000,-0.155398,0.137259,-0.292657,16.991862,15.472576,25.763592,-1.207714,-0.536627,1.034272,0.235185,0.045062,4.771840,7.000000,72.613065,0.681691,3.000000,59.407833,87.826360,76.164594,1.000000,1.073873,1.039743,0.034130,18.621488,27.360397,19.357618,1.784454,3.456914,4.697953,0.753297,0.071729,6.166371,9.000000,73.015344,0.685152,2.000000,50.285241,35.123416,43.395597,0.000000,0.973348,1.187774,-0.214426,21.857763,24.778946,23.859949,-0.403861,1.059615,1.722824,0.457148,0.093867,9.224332,3.000000,280.711610,3.074777,1.000000,3.181507,3.000000,53.160777,1.060502,2.000000,6.365653,14.000000,93.009259,0.454689,3.000000,6.405694,14.000000,122.033898,0.457550,8.000000,5.539906,7.000000,154.315606,0.791415,1.000000,3.465571,5.000000,47.901441,0.693114,2.000000,7.799039,17.000000,118.130242,0.458767,7.000000,6.193190,3.000000,113.940416,2.064397,4.000000,5.747888,13.000000,37.066361,0.442145,3.000000,13.425175,21.000000,127.986667,0.639294,8.000000,11.718750,28.000000,273.124545,0.418527,1.000000,4.114104,1.000000,79.067089,4.114104,2.000000,2.000000,2.000000,29.000000,-1.000000,,,,58.684605,60.493595,81.997705,1.382869,1.015897,0.366972,26.117002,31.595023,19.188575,1.395650,2.699373,0.688404,0.075126,,0.000000,,0.000000,61.886305,61.886305,0.000000,0.000000,0.000000,0.000000,0.000000,0.000000,0.000000,0.000000,0.500000,0.000000,0.538220,0.093458,,280.711610,53.160777,2.892522,1.601499
2023-12-17T18:30:00Z,1.024351,no_impulse,0,TCS,1d,1.000000,270.310192,10.272242,3.000000,3.424081,6.444442,8.508677,11.348554,3.661043,1.000000,34.950955,3.661043,2.000000,58.684506,60.493595,81.997705,0.000000,1.382862,1.015887,0.366976,26.115208,31.595180,19.188782,1.395650,2.694558,5.113067,0.688404,0.075126,11.700393,28.000000,105.271739,0.417871,1.000000,72.071733,90.090430,92.289148,0.000000,1.416034,0.904374,0.511659,26.244858,37.000001,11.809160,3.648666,4.883651,7.193085,0.926414,0.088806,10.002718,16.000000,182.449182,0.625170,8.000000,32.886889,7.077256,11.452835,0.000000,-1.464022,-0.830170,-0.633853,22.534084,15.917513,31.126053,-3.544911,-4.099404,-1.589250,0.211051,0.118483,5.800477,3.000000,128.922979,1.933492,1.000000,66.698338,79.846306,80.957214,1.000000,1.015934,1.005251,0.010683,20.617766,28.726977,14.471873,2.331938,4.159999,7.354631,0.949032,0.053173,4.305470,7.000000,53.929679,0.615067,2.000000,54.044352,38.638543,34.965146,1.000000,0.819369,1.101510,-0.282142,19.256054,18.304673,18.768026,0.192955,1.903337,4.931723,0.528345,0.068204,8.676147,15.000000,198.291183,0.578410,1.000000,69.080058,88.585514,89.015915,0.000000,1.497248,1.122315,0.374934,24.798005,27.075862,14.701161,2.505245,4.419003,7.050504,0.743337,0.105599,4.192037,16.000000,92.041522,0.262002,2.000000,43.225587,10.691057,22.613616,1.000000,-0.155398,0.137259,-0.292657,16.991862,15.472576,25.763592,-1.207714,-0.536627,1.034272,0.235185,0.045062,4.771840,7.000000,72.613065,0.681691,3.000000,59.407833,87.826360,76.164594,1.000000,1.073873,1.039743,0.034130,18.621488,27.360397,19.357618,1.784454,3.456914,4.697953,0.753297,0.071729,6.166371,9.000000,73.015344,0.685152,2.000000,9.224332,3.000000,280.711610,3.074777,1.000000,3.181507,3.000000,53.160777,1.060502,2.000000,6.365653,14.000000,93.009259,0.454689,3.000000,6.405694,14.000000,122.033898,0.457550,8.000000,5.539906,7.000000,154.315606,0.791415,1.000000,3.465571,5.000000,47.901441,0.693114,2.000000,7.799039,17.000000,118.130242,0.458767,7.000000,6.193190,3.000000,113.940416,2.064397,4.000000,5.747888,13.000000,37.066361,0.442145,3.000000,13.425175,21.000000,127.986667,0.639294,8.000000,11.718750,28.000000,273.124545,0.418527,1.000000,1.000000,3.000000,32.000000,-1.000000,,,,75.731965,84.598411,88.437333,2.167186,1.387758,0.779428,30.752532,45.648445,11.678565,6.444442,8.512653,1.057780,0.123496,,0.000000,,0.000000,61.886305,61.886305,0.000000,0.000000,0.000000,0.000000,0.000000,0.000000,0.000000,0.000000,0.500000,0.000000,1.499579,0.285714,,280.711610,34.950955,2.829108,1.350443
2024-01-03T18:30:00Z,0.951872,no_impulse,0,TCS,1d,-1.000000,75.956284,7.075592,12.000000,0.589633,-1.471165,1.163237,5.593704,10.272242,3.000000,270.310192,3.424081,1.000000,75.731856,84.598411,88.437333,0.000000,2.167181,1.387750,0.779431,30.751045,45.648563,11.678679,6.444442,8.508677,11.348554,1.057780,0.123496,3.661043,1.000000,34.950955,3.661043,2.000000,58.684506,60.493595,81.997705,0.000000,1.382862,1.015887,0.366976,26.115208,31.595180,19.188782,1.395650,2.694558,5.113067,0.688404,0.075126,11.700393,28.000000,105.271739,0.417871,1.000000,72.071733,90.090430,92.289148,0.000000,1.416034,0.904374,0.511659,26.244858,37.000001,11.809160,3.648666,4.883651,7.193085,0.926414,0.088806,10.002718,16.000000,182.449182,0.625170,8.000000,32.886889,7.077256,11.452835,0.000000,-1.464022,-0.830170,-0.633853,22.534084,15.917513,31.126053,-3.544911,-4.099404,-1.589250,0.211051,0.118483,5.800477,3.000000,128.922979,1.933492,1.000000,66.698338,79.846306,80.957214,1.000000,1.015934,1.005251,0.010683,20.617766,28.726977,14.471873,2.331938,4.159999,7.354631,0.949032,0.053173,4.305470,7.000000,53.929679,0.615067,2.000000,54.044352,38.638543,34.965146,1.000000,0.819369,1.101510,-0.282142,19.256054,18.304673,18.768026,0.192955,1.903337,4.931723,0.528345,0.068204,8.676147,15.000000,198.291183,0.578410,1.000000,69.080058,88.585514,89.015915,0.000000,1.497248,1.122315,0.374934,24.798005,27.075862,14.701161,2.505245,4.419003,7.050504,0.743337,0.105599,4.192037,16.000000,92.041522,0.262002,2.000000,43.225587,10.691057,22.613616,1.000000,-0.155398,0.137259,-0.292657,16.991862,15.472576,25.763592,-1.207714,-0.536627,1.034272,0.235185,0.045062,4.771840,7.000000,72.613065,0.681691,3.000000,6.166371,9.000000,73.015344,0.685152,2.000000,9.224332,3.000000,280.711610,3.074777,1.000000,3.181507,3.000000,53.160777,1.060502,2.000000,6.365653,14.000000,93.009259,0.454689,3.000000,6.405694,14.000000,122.033898,0.457550,8.000000,5.539906,7.000000,154.315606,0.791415,1.000000,3.465571,5.000000,47.901441,0.693114,2.000000,7.799039,17.000000,118.130242,0.458767,7.000000,6.193190,3.000000,113.940416,2.064397,4.000000,5.747888,13.000000,37.066361,0.442145,3.000000,13.425175,21.000000,127.986667,0.639294,8.000000,2.000000,4.000000,44.000000,-1.000000,,,,47.122888,5.683453,29.043799,1.371006,1.940314,-0.569308,33.399465,26.076487,23.798113,-1.471165,1.165827,0.340820,0.091081,,0.000000,,0.000000,61.886305,61.886305,0.000000,0.000000,0.000000,0.000000,0.000000,0.000000,0.000000,0.000000,0.500000,0.000000,1.017357,1.142857,,270.310192,34.950955,2.943901,1.274758
2024-01-14T18:30:00Z,1.033737,no_impulse,0,TCS,1d,1.000000,112.949640,8.600383,7.000000,1.228626,3.959452,6.259834,10.800860,7.075592,12.000000,75.956284,0.589633,2.000000,47.122877,5.683453,29.043799,0.000000,1.371004,1.940311,-0.569307,33.398782,26.076524,23.798170,-1.471165,1.163237,5.593704,0.340820,0.091081,10.272242,3.000000,270.310192,3.424081,1.000000,75.731856,84.598411,88.437333,0.000000,2.167181,1.387750,0.779431,30.751045,45.648563,11.678679,6.444442,8.508677,11.348554,1.057780,0.123496,3.661043,1.000000,34.950955,3.661043,2.000000,58.684506,60.493595,81.997705,0.000000,1.382862,1.015887,0.366976,26.115208,31.595180,19.188782,1.395650,2.694558,5.113067,0.688404,0.075126,11.700393,28.000000,105.271739,0.417871,1.000000,72.071733,90.090430,92.289148,0.000000,1.416034,0.904374,0.511659,26.244858,37.000001,11.809160,3.648666,4.883651,7.193085,0.926414,0.088806,10.002718,16.000000,182.449182,0.625170,8.000000,32.886889,7.077256,11.452835,0.000000,-1.464022,-0.830170,-0.633853,22.534084,15.917513,31.126053,-3.544911,-4.099404,-1.589250,0.211051,0.118483,5.800477,3.000000,128.922979,1.933492,1.000000,66.698338,79.846306,80.957214,1.000000,1.015934,1.005251,0.010683,20.617766,28.726977,14.471873,2.331938,4.159999,7.354631,0.949032,0.053173,4.305470,7.000000,53.929679,0.615067,2.000000,54.044352,38.638543,34.965146,1.000000,0.819369,1.101510,-0.282142,19.256054,18.304673,18.768026,0.192955,1.903337,4.931723,0.528345,0.068204,8.676147,15.000000,198.291183,0.578410,1.000000,69.080058,88.585514,89.015915,0.000000,1.497248,1.122315,0.374934,24.798005,27.075862,14.701161,2.505245,4.419003,7.050504,0.743337,0.105599,4.192037,16.000000,92.041522,0.262002,2.000000,4.771840,7.000000,72.613065,0.681691,3.000000,6.166371,9.000000,73.015344,0.685152,2.000000,9.224332,3.000000,280.711610,3.074777,1.000000,3.181507,3.000000,53.160777,1.060502,2.000000,6.365653,14.000000,93.009259,0.454689,3.000000,6.405694,14.000000,122.033898,0.457550,8.000000,5.539906,7.000000,154.315606,0.791415,1.000000,3.465571,5.000000,47.901441,0.693114,2.000000,7.799039,17.000000,118.130242,0.458767,7.000000,6.193190,3.000000,113.940416,2.064397,4.000000,5.747888,13.000000,37.066361,0.442145,3.000000,1.000000,5.000000,51.000000,-1.000000,,,,66.512130,80.509554,71.683252,1.175798,1.111381,0.064417,29.854394,37.710805,13.001816,3.959452,6.261672,1.091161,0.069739,,0.000000,,0.000000,61.886305,61.886305,0.000000,0.000000,0.000000,0.000000,0.000000,0.000000,0.000000,0.000000,0.500000,0.000000,1.220640,0.648148,,270.310192,34.950955,2.930854,0.763859
2024-01-24T18:30:00Z,0.985165,no_impulse,0,TCS,1d,-1.000000,59.331210,4.698613,8.000000,0.587327,-0.070225,2.458433,7.829792,8.600383,7.000000,112.949640,1.228626,1.000000,66.512110,80.509554,71.683252,1.000000,1.175797,1.111379,0.064418,29.853966,37.710829,13.001843,3.959452,6.259834,10.800860,1.091161,0.069739,7.075592,12.000000,75.956284,0.589633,2.000000,47.122877,5.683453,29.043799,0.000000,1.371004,1.940311,-0.569307,33.398782,26.076524,23.798170,-1.471165,1.163237,5.593704,0.340820,0.091081,10.272242,3.000000,270.310192,3.424081,1.000000,75.731856,84.598411,88.437333,0.000000,2.167181,1.387750,0.779431,30.751045,45.648563,11.678679,6.444442,8.508677,11.348554,1.057780,0.123496,3.661043,1.000000,34.950955,3.661043,2.000000,58.684506,60.493595,81.997705,0.000000,1.382862,1.015887,0.366976,26.115208,31.595180,19.188782,1.395650,2.694558,5.113067,0.688404,0.075126,11.700393,28.000000,105.271739,0.417871,1.000000,72.071733,90.090430,92.289148,0.000000,1.416034,0.904374,0.511659,26.244858,37.000001,11.809160,3.648666,4.883651,7.193085,0.926414,0.088806,10.002718,16.000000,182.449182,0.625170,8.000000,32.886889,7.077256,11.452835,0.000000,-1.464022,-0.830170,-0.633853,22.534084,15.917513,31.126053,-3.544911,-4.099404,-1.589250,0.211051,0.118483,5.800477,3.000000,128.922979,1.933492,1.000000,66.698338,79.846306,80.957214,1.000000,1.015934,1.005251,0.010683,20.617766,28.726977,14.471873,2.331938,4.159999,7.354631,0.949032,0.053173,4.305470,7.000000,53.929679,0.615067,2.000000,54.044352,38.638543,34.965146,1.000000,0.819369,1.101510,-0.282142,19.256054,18.304673,18.768026,0.192955,1.903337,4.931723,0.528345,0.068204,8.676147,15.000000,198.291183,0.578410,1.000000,4.192037,16.000000,92.041522,0.262002,2.000000,4.771840,7.000000,72.613065,0.681691,3.000000,6.166371,9.000000,73.015344,0.685152,2.000000,9.224332,3.000000,280.711610,3.074777,1.000000,3.181507,3.000000,53.160777,1.060502,2.000000,6.365653,14.000000,93.009259,0.454689,3.000000,6.405694,14.000000,122.033898,0.457550,8.000000,5.539906,7.000000,154.315606,0.791415,1.000000,3.465571,5.000000,47.901441,0.693114,2.000000,7.799039,17.000000,118.130242,0.458767,7.000000,6.193190,3.000000,113.940416,2.064397,4.000000,2.000000,6.000000,59.000000,-1.000000,,,,52.259754,47.129187,57.009036,1.214427,1.372460,-0.158034,26.171603,24.421599,22.646820,-0.070225,2.459800,0.492026,0.088004,,0.000000,,0.000000,61.886305,61.886305,0.000000,0.000000,0.000000,0.000000,0.000000,0.000000,0.000000,0.000000,0.500000,0.000000,0.632499,0.740741,,270.310192,34.950955,2.849741,1.023027
2024-02-08T18:30:00Z,1.091029,no_impulse,0,TCS,1d,1.000000,217.954911,10.745759,10.000000,1.074576,4.796170,7.950448,13.977968,4.698613,8.000000,59.331210,0.587327,2.000000,52.259748,47.129187,57.009036,1.000000,1.214426,1.372459,-0.158033,26.171355,24.421609,22.646836,-0.070225,2.458433,7.829792,0.492026,0.088004,8.600383,7.000000,112.949640,1.228626,1.000000,66.512110,80.509554,71.683252,1.000000,1.175797,1.111379,0.064418,29.853966,37.710829,13.001843,3.959452,6.259834,10.800860,1.091161,0.069739,7.075592,12.000000,75.956284,0.589633,2.000000,47.122877,5.683453,29.043799,0.000000,1.371004,1.940311,-0.569307,33.398782,26.076524,23.798170,-1.471165,1.163237,5.593704,0.340820,0.091081,10.272242,3.000000,270.310192,3.424081,1.000000,75.731856,84.598411,88.437333,0.000000,2.167181,1.387750,0.779431,30.751045,45.648563,11.678679,6.444442,8.508677,11.348554,1.057780,0.123496,3.661043,1.000000,34.950955,3.661043,2.000000,58.684506,60.493595,81.997705,0.000000,1.382862,1.015887,0.366976,26.115208,31.595180,19.188782,1.395650,2.694558,5.113067,0.688404,0.075126,11.700393,28.000000,105.271739,0.417871,1.000000,72.071733,90.090430,92.289148,0.000000,1.416034,0.904374,0.511659,26.244858,37.000001,11.809160,3.648666,4.883651,7.193085,0.926414,0.088806,10.002718,16.000000,182.449182,0.625170,8.000000,32.886889,7.077256,11.452835,0.000000,-1.464022,-0.830170,-0.633853,22.534084,15.917513,31.126053,-3.544911,-4.099404,-1.589250,0.211051,0.118483,5.800477,3.000000,128.922979,1.933492,1.000000,66.698338,79.846306,80.957214,1.000000,1.015934,1.005251,0.010683,20.617766,28.726977,14.471873,2.331938,4.159999,7.354631,0.949032,0.053173,4.305470,7.000000,53.929679,0.615067,2.000000,8.676147,15.000000,198.291183,0.578410,1.000000,4.192037,16.000000,92.041522,0.262002,2.000000,4.771840,7.000000,72.613065,0.681691,3.000000,6.166371,9.000000,73.015344,0.685152,2.000000,9.224332,3.000000,280.711610,3.074777,1.000000,3.181507,3.000000,53.160777,1.060502,2.000000,6.365653,14.000000,93.009259,0.454689,3.000000,6.405694,14.000000,122.033898,0.457550,8.000000,5.539906,7.000000,154.315606,0.791415,1.000000,3.465571,5.000000,47.901441,0.693114,2.000000,7.799039,17.000000,118.130242,0.458767,7.000000,1.000000,7.000000,69.000000,-1.000000,,,,71.465095,87.427657,87.366401,2.187378,1.559288,0.628090,32.127706,35.217909,10.004272,4.796170,7.951293,0.946921,0.112722,,0.000000,,0.000000,61.886305,61.886305,0.000000,0.000000,0.000000,0.000000,0.000000,0.000000,0.000000,0.000000,0.500000,0.000000,1.436732,1.000000,,270.310192,34.950955,2.789683,0.794837
2024-02-21T18:30:00Z,1.035301,no_impulse,0,TCS,1d,-1.000000,52.641300,5.107832,9.000000,0.567537,1.576912,4.813496,11.873015,10.745759,10.000000,217.954911,1.074576,1.000000,71.465089,87.427657,87.366401,1.000000,2.187378,1.559288,0.628090,32.127579,35.217914,10.004278,4.796170,7.950448,13.977968,0.946921,0.112722,4.698613,8.000000,59.331210,0.587327,2.000000,52.259748,47.129187,57.009036,1.000000,1.214426,1.372459,-0.158033,26.171355,24.421609,22.646836,-0.070225,2.458433,7.829792,0.492026,0.088004,8.600383,7.000000,112.949640,1.228626,1.000000,66.512110,80.509554,71.683252,1.000000,1.175797,1.111379,0.064418,29.853966,37.710829,13.001843,3.959452,6.259834,10.800860,1.091161,0.069739,7.075592,12.000000,75.956284,0.589633,2.000000,47.122877,5.683453,29.043799,0.000000,1.371004,1.940311,-0.569307,33.398782,26.076524,23.798170,-1.471165,1.163237,5.593704,0.340820,0.091081,10.272242,3.000000,270.310192,3.424081,1.000000,75.731856,84.598411,88.437333,0.000000,2.167181,1.387750,0.779431,30.751045,45.648563,11.678679,6.444442,8.508677,11.348554,1.057780,0.123496,3.661043,1.000000,34.950955,3.661043,2.000000,58.684506,60.493595,81.997705,0.000000,1.382862,1.015887,0.366976,26.115208,31.595180,19.188782,1.395650,2.694558,5.113067,0.688404,0.075126,11.700393,28.000000,105.271739,0.417871,1.000000,72.071733,90.090430,92.289148,0.000000,1.416034,0.904374,0.511659,26.244858,37.000001,11.809160,3.648666,4.883651,7.193085,0.926414,0.088806,10.002718,16.000000,182.449182,0.625170,8.000000,32.886889,7.077256,11.452835,0.000000,-1.464022,-0.830170,-0.633853,22.534084,15.917513,31.126053,-3.544911,-4.099404,-1.589250,0.211051,0.118483,5.800477,3.000000,128.922979,1.933492,1.000000,4.305470,7.000000,53.929679,0.615067,2.000000,8.676147,15.000000,198.291183,0.578410,1.000000,4.192037,16.000000,92.041522,0.262002,2.000000,4.771840,7.000000,72.613065,0.681691,3.000000,6.166371,9.000000,73.015344,0.685152,2.000000,9.224332,3.000000,280.711610,3.074777,1.000000,3.181507,3.000000,53.160777,1.060502,2.000000,6.365653,14.000000,93.009259,0.454689,3.000000,6.405694,14.000000,122.033898,0.457550,8.000000,5.539906,7.000000,154.315606,0.791415,1.000000,3.465571,5.000000,47.901441,0.693114,2.000000,2.000000,8.000000,78.000000,-1.000000,,,,58.907978,56.141927,51.255562,1.592112,1.899861,-0.307749,30.857589,22.664761,16.966896,1.576912,4.814092,0.627012,0.126144,,0.000000,,0.000000,61.886305,61.886305,0.000000,0.000000,0.000000,0.000000,0.000000,0.000000,0.000000,0.000000,0.500000,0.000000,0.664540,0.947368,,270.310192,34.950955,2.959916,1.144505
2024-02-27T18:30:00Z,1.083246,no_impulse,0,TCS,1d,1.000000,86.035088,4.631075,4.000000,1.157769,1.934741,4.902274,12.109259,5.107832,9.000000,52.641300,0.567537,2.000000,58.907976,56.141927,51.255562,0.000000,1.592112,1.899861,-0.307749,30.857520,22.664763,16.966900,1.576912,4.813496,11.873015,0.627012,0.126144,10.745759,10.000000,217.954911,1.074576,1.000000,71.465089,87.427657,87.366401,1.000000,2.187378,1.559288,0.628090,32.127579,35.217914,10.004278,4.796170,7.950448,13.977968,0.946921,0.112722,4.698613,8.000000,59.331210,0.587327,2.000000,52.259748,47.129187,57.009036,1.000000,1.214426,1.372459,-0.158033,26.171355,24.421609,22.646836,-0.070225,2.458433,7.829792,0.492026,0.088004,8.600383,7.000000,112.949640,1.228626,1.000000,66.512110,80.509554,71.683252,1.000000,1.175797,1.111379,0.064418,29.853966,37.710829,13.001843,3.959452,6.259834,10.800860,1.091161,0.069739,7.075592,12.000000,75.956284,0.589633,2.000000,47.122877,5.683453,29.043799,0.000000,1.371004,1.940311,-0.569307,33.398782,26.076524,23.798170,-1.471165,1.163237,5.593704,0.340820,0.091081,10.272242,3.000000,270.310192,3.424081,1.000000,75.731856,84.598411,88.437333,0.000000,2.167181,1.387750,0.779431,30.751045,45.648563,11.678679,6.444442,8.508677,11.348554,1.057780,0.123496,3.661043,1.000000,34.950955,3.661043,2.000000,58.684506,60.493595,81.997705,0.000000,1.382862,1.015887,0.366976,26.115208,31.595180,19.188782,1.395650,2.694558,5.113067,0.688404,0.075126,11.700393,28.000000,105.271739,0.417871,1.000000,72.071733,90.090430,92.289148,0.000000,1.416034,0.904374,0.511659,26.244858,37.000001,11.809160,3.648666,4.883651,7.193085,0.926414,0.088806,10.002718,16.000000,182.449182,0.625170,8.000000,5.800477,3.000000,128.922979,1.933492,1.000000,4.305470,7.000000,53.929679,0.615067,2.000000,8.676147,15.000000,198.291183,0.578410,1.000000,4.192037,16.000000,92.041522,0.262002,2.000000,4.771840,7.000000,72.613065,0.681691,3.000000,6.166371,9.000000,73.015344,0.685152,2.000000,9.224332,3.000000,280.711610,3.074777,1.000000,3.181507,3.000000,53.160777,1.060502,2.000000,6.365653,14.000000,93.009259,0.454689,3.000000,6.405694,14.000000,122.033898,0.457550,8.000000,5.539906,7.000000,154.315606,0.791415,1.000000,3.000000,1.000000,82.000000,-1.000000,,,,59.384173,69.216374,48.561404,1.276429,1.533825,-0.257396,27.345987,27.609663,17.181500,1.934741,4.902778,0.766877,0.073926,,0.000000,,0.000000,61.886305,61.886305,0.000000,0.000000,0.000000,0.000000,0.000000,0.000000,0.000000,0.000000,0.500000,0.000000,0.596288,0.412371,,270.310192,34.950955,2.867521,0.792047
2024-03-05T18:30:00Z,1.032029,no_impulse,0,TCS,1d,-1.000000,106.824361,4.728152,6.000000,0.788025,0.251954,2.798419,10.275387,4.631075,4.000000,86.035088,1.157769,3.000000,59.384172,69.216374,48.561404,0.000000,1.276429,1.533825,-0.257396,27.345935,27.609665,17.181503,1.934741,4.902274,12.109259,0.766877,0.073926,5.107832,9.000000,52.641300,0.567537,2.000000,58.907976,56.141927,51.255562,0.000000,1.592112,1.899861,-0.307749,30.857520,22.664763,16.966900,1.576912,4.813496,11.873015,0.627012,0.126144,10.745759,10.000000,217.954911,1.074576,1.000000,71.465089,87.427657,87.366401,1.000000,2.187378,1.559288,0.628090,32.127579,35.217914,10.004278,4.796170,7.950448,13.977968,0.946921,0.112722,4.698613,8.000000,59.331210,0.587327,2.000000,52.259748,47.129187,57.009036,1.000000,1.214426,1.372459,-0.158033,26.171355,24.421609,22.646836,-0.070225,2.458433,7.829792,0.492026,0.088004,8.600383,7.000000,112.949640,1.228626,1.000000,66.512110,80.509554,71.683252,1.000000,1.175797,1.111379,0.064418,29.853966,37.710829,13.001843,3.959452,6.259834,10.800860,1.091161,0.069739,7.075592,12.000000,75.956284,0.589633,2.000000,47.122877,5.683453,29.043799,0.000000,1.371004,1.940311,-0.569307,33.398782,26.076524,23.798170,-1.471165,1.163237,5.593704,0.340820,0.091081,10.272242,3.000000,270.310192,3.424081,1.000000,75.731856,84.598411,88.437333,0.000000,2.167181,1.387750,0.779431,30.751045,45.648563,11.678679,6.444442,8.508677,11.348554,1.057780,0.123496,3.661043,1.000000,34.950955,3.661043,2.000000,58.684506,60.493595,81.997705,0.000000,1.382862,1.015887,0.366976,26.115208,31.595180,19.188782,1.395650,2.694558,5.113067,0.688404,0.075126,11.700393,28.000000,105.271739,0.417871,1.000000,10.002718,16.000000,182.449182,0.625170,8.000000,5.800477,3.000000,128.922979,1.933492,1.000000,4.305470,7.000000,53.929679,0.615067,2.000000,8.676147,15.000000,198.291183,0.578410,1.000000,4.192037,16.000000,92.041522,0.262002,2.000000,4.771840,7.000000,72.613065,0.681691,3.000000,6.166371,9.000000,73.015344,0.685152,2.000000,9.224332,3.000000,280.711610,3.074777,1.000000,3.181507,3.000000,53.160777,1.060502,2.000000,6.365653,14.000000,93.009259,0.454689,3.000000,6.405694,14.000000,122.033898,0.457550,8.000000,4.000000,2.000000,88.000000,-1.000000,,,,53.011356,53.881395,45.294161,0.804986,1.151162,-0.346176,22.656027,18.681631,24.101352,0.251954,2.798821,0.558448,0.043217,,0.000000,,0.000000,61.886305,61.886305,0.000000,0.000000,0.000000,0.000000,0.000000,0.000000,0.000000,0.000000,0.500000,0.000000,0.618094,0.612245,,270.310192,34.950955,2.978311,1.005403
2024-03-17T18:30:00Z,1.109279,no_impulse,0,TCS,1d,1.000000,150.827182,7.485253,7.000000,1.069322,0.976578,3.593506,11.337293,4.728152,6.000000,106.824361,0.788025,4.000000,53.011355,53.881395,45.294161,0.000000,0.804986,1.151162,-0.346176,22.655992,18.681632,24.101354,0.251954,2.798419,10.275387,0.558448,0.043217,4.631075,4.000000,86.035088,1.157769,3.000000,59.384172,69.216374,48.561404,0.000000,1.276429,1.533825,-0.257396,27.345935,27.609665,17.181503,1.934741,4.902274,12.109259,0.766877,0.073926,5.107832,9.000000,52.641300,0.567537,2.000000,58.907976,56.141927,51.255562,0.000000,1.592112,1.899861,-0.307749,30.857520,22.664763,16.966900,1.576912,4.813496,11.873015,0.627012,0.126144,10.745759,10.000000,217.954911,1.074576,1.000000,71.465089,87.427657,87.366401,1.000000,2.187378,1.559288,0.628090,32.127579,35.217914,10.004278,4.796170,7.950448,13.977968,0.946921,0.112722,4.698613,8.000000,59.331210,0.587327,2.000000,52.259748,47.129187,57.009036,1.000000,1.214426,1.372459,-0.158033,26.171355,24.421609,22.646836,-0.070225,2.458433,7.829792,0.492026,0.088004,8.600383,7.000000,112.949640,1.228626,1.000000,66.512110,80.509554,71.683252,1.000000,1.175797,1.111379,0.064418,29.853966,37.710829,13.001843,3.959452,6.259834,10.800860,1.091161,0.069739,7.075592,12.000000,75.956284,0.589633,2.000000,47.122877,5.683453,29.043799,0.000000,1.371004,1.940311,-0.569307,33.398782,26.076524,23.798170,-1.471165,1.163237,5.593704,0.340820,0.091081,10.272242,3.000000,270.310192,3.424081,1.000000,75.731856,84.598411,88.437333,0.000000,2.167181,1.387750,0.779431,30.751045,45.648563,11.678679,6.444442,8.508677,11.348554,1.057780,0.123496,3.661043,1.000000,34.950955,3.661043,2.000000,11.700393,28.000000,105.271739,0.417871,1.000000,10.002718,16.000000,182.449182,0.625170,8.000000,5.800477,3.000000,128.922979,1.933492,1.000000,4.305470,7.000000,53.929679,0.615067,2.000000,8.676147,15.000000,198.291183,0.578410,1.000000,4.192037,16.000000,92.041522,0.262002,2.000000,4.771840,7.000000,72.613065,0.681691,3.000000,6.166371,9.000000,73.015344,0.685152,2.000000,9.224332,3.000000,280.711610,3.074777,1.000000,3.181507,3.000000,53.160777,1.060502,2.000000,6.365653,14.000000,93.009259,0.454689,3.000000,7.000000,3.000000,95.000000,-1.000000,,,,55.945532,65.491056,81.990796,1.169927,1.093376,0.076552,17.440962,20.582145,20.761308,0.976578,3.593803,0.661588,0.061032,,0.000000,,0.000000,61.886305,61.886305,0.000000,0.000000,0.000000,0.000000,0.000000,0.000000,0.000000,0.000000,0.500000,0.000000,1.050988,0.795455,,270.310192,34.950955,2.982322,0.601672
2024-03-26T18:30:00Z,0.998384,no_impulse,0,TCS,1d,-1.000000,143.553831,9.997062,6.000000,1.666177,-4.758709,-3.774051,3.776688,7.485253,7.000000,150.827182,1.069322,7.000000,55.945531,65.491056,81.990796,1.000000,1.169927,1.093376,0.076552,17.440941,20.582146,20.761309,0.976578,3.593506,11.337293,0.661588,0.061032,4.728152,6.000000,106.824361,0.788025,4.000000,53.011355,53.881395,45.294161,0.000000,0.804986,1.151162,-0.346176,22.655992,18.681632,24.101354,0.251954,2.798419,10.275387,0.558448,0.043217,4.631075,4.000000,86.035088,1.157769,3.000000,59.384172,69.216374,48.561404,0.000000,1.276429,1.533825,-0.257396,27.345935,27.609665,17.181503,1.934741,4.902274,12.109259,0.766877,0.073926,5.107832,9.000000,52.641300,0.567537,2.000000,58.907976,56.141927,51.255562,0.000000,1.592112,1.899861,-0.307749,30.857520,22.664763,16.966900,1.576912,4.813496,11.873015,0.627012,0.126144,10.745759,10.000000,217.954911,1.074576,1.000000,71.465089,87.427657,87.366401,1.000000,2.187378,1.559288,0.628090,32.127579,35.217914,10.004278,4.796170,7.950448,13.977968,0.946921,0.112722,4.698613,8.000000,59.331210,0.587327,2.000000,52.259748,47.129187,57.009036,1.000000,1.214426,1.372459,-0.158033,26.171355,24.421609,22.646836,-0.070225,2.458433,7.829792,0.492026,0.088004,8.600383,7.000000,112.949640,1.228626,1.000000,66.512110,80.509554,71.683252,1.000000,1.175797,1.111379,0.064418,29.853966,37.710829,13.001843,3.959452,6.259834,10.800860,1.091161,0.069739,7.075592,12.000000,75.956284,0.589633,2.000000,47.122877,5.683453,29.043799,0.000000,1.371004,1.940311,-0.569307,33.398782,26.076524,23.798170,-1.471165,1.163237,5.593704,0.340820,0.091081,10.272242,3.000000,270.310192,3.424081,1.000000,3.661043,1.000000,34.950955,3.661043,2.000000,11.700393,28.000000,105.271739,0.417871,1.000000,10.002718,16.000000,182.449182,0.625170,8.000000,5.800477,3.000000,128.922979,1.933492,1.000000,4.305470,7.000000,53.929679,0.615067,2.000000,8.676147,15.000000,198.291183,0.578410,1.000000,4.192037,16.000000,92.041522,0.262002,2.000000,4.771840,7.000000,72.613065,0.681691,3.000000,6.166371,9.000000,73.015344,0.685152,2.000000,9.224332,3.000000,280.711610,3.074777,1.000000,3.181507,3.000000,53.160777,1.060502,2.000000,4.000000,4.000000,6.000000,-1.000000,,,,34.022722,2.703656,7.438638,-0.846389,0.151781,-0.998170,22.857716,13.732640,32.422933,-4.758709,-3.773799,0.068065,0.105167,,0.000000,,0.000000,61.886305,61.886305,0.000000,0.000000,0.000000,0.000000,0.000000,0.000000,0.000000,0.000000,0.500000,0.000000,1.491966,0.895522,,270.310192,34.950955,2.526365,0.819595
2024-04-14T18:30:00Z,1.059600,no_impulse,0,TCS,1d,1.000000,55.201599,6.131509,11.000000,0.557410,-0.975307,-0.840934,5.550788,9.997062,6.000000,143.553831,1.666177,4.000000,34.022722,2.703656,7.438638,0.000000,-0.846389,0.151781,-0.998170,22.857703,13.732640,32.422934,-4.758709,-3.774051,3.776688,0.068065,0.105167,7.485253,7.000000,150.827182,1.069322,7.000000,55.945531,65.491056,81.990796,1.000000,1.169927,1.093376,0.076552,17.440941,20.582146,20.761309,0.976578,3.593506,11.337293,0.661588,0.061032,4.728152,6.000000,106.824361,0.788025,4.000000,53.011355,53.881395,45.294161,0.000000,0.804986,1.151162,-0.346176,22.655992,18.681632,24.101354,0.251954,2.798419,10.275387,0.558448,0.043217,4.631075,4.000000,86.035088,1.157769,3.000000,59.384172,69.216374,48.561404,0.000000,1.276429,1.533825,-0.257396,27.345935,27.609665,17.181503,1.934741,4.902274,12.109259,0.766877,0.073926,5.107832,9.000000,52.641300,0.567537,2.000000,58.907976,56.141927,51.255562,0.000000,1.592112,1.899861,-0.307749,30.857520,22.664763,16.966900,1.576912,4.813496,11.873015,0.627012,0.126144,10.745759,10.000000,217.954911,1.074576,1.000000,71.465089,87.427657,87.366401,1.000000,2.187378,1.559288,0.628090,32.127579,35.217914,10.004278,4.796170,7.950448,13.977968,0.946921,0.112722,4.698613,8.000000,59.331210,0.587327,2.000000,52.259748,47.129187,57.009036,1.000000,1.214426,1.372459,-0.158033,26.171355,24.421609,22.646836,-0.070225,2.458433,7.829792,0.492026,0.088004,8.600383,7.000000,112.949640,1.228626,1.000000,66.512110,80.509554,71.683252,1.000000,1.175797,1.111379,0.064418,29.853966,37.710829,13.001843,3.959452,6.259834,10.800860,1.091161,0.069739,7.075592,12.000000,75.956284,0.589633,2.000000,10.272242,3.000000,270.310192,3.424081,1.000000,3.661043,1.000000,34.950955,3.661043,2.000000,11.700393,28.000000,105.271739,0.417871,1.000000,10.002718,16.000000,182.449182,0.625170,8.000000,5.800477,3.000000,128.922979,1.933492,1.000000,4.305470,7.000000,53.929679,0.615067,2.000000,8.676147,15.000000,198.291183,0.578410,1.000000,4.192037,16.000000,92.041522,0.262002,2.000000,4.771840,7.000000,72.613065,0.681691,3.000000,6.166371,9.000000,73.015344,0.685152,2.000000,9.224332,3.000000,280.711610,3.074777,1.000000,3.000000,5.000000,17.000000,-1.000000,,,,45.546459,47.614991,69.541201,-0.507997,-0.603735,0.095738,16.571912,21.785957,18.410507,-0.975307,-0.840775,0.404459,0.101097,,0.000000,,0.000000,61.886305,61.886305,0.000000,0.000000,0.000000,0.000000,0.000000,0.000000,0.000000,0.000000,0.500000,0.000000,0.836016,1.527778,,270.310192,52.641300,2.473324,1.084248
2024-05-01T18:30:00Z,0.984996,no_impulse,0,TCS,1d,-1.000000,121.869676,7.040746,11.000000,0.640068,-0.760395,-1.730044,3.300582,6.131509,11.000000,55.201599,0.557410,3.000000,45.546459,47.614991,69.541201,0.000000,-0.507997,-0.603735,0.095738,16.571906,21.785958,18.410507,-0.975307,-0.840934,5.550788,0.404459,0.101097,9.997062,6.000000,143.553831,1.666177,4.000000,34.022722,2.703656,7.438638,0.000000,-0.846389,0.151781,-0.998170,22.857703,13.732640,32.422934,-4.758709,-3.774051,3.776688,0.068065,0.105167,7.485253,7.000000,150.827182,1.069322,7.000000,55.945531,65.491056,81.990796,1.000000,1.169927,1.093376,0.076552,17.440941,20.582146,20.761309,0.976578,3.593506,11.337293,0.661588,0.061032,4.728152,6.000000,106.824361,0.788025,4.000000,53.011355,53.881395,45.294161,0.000000,0.804986,1.151162,-0.346176,22.655992,18.681632,24.101354,0.251954,2.798419,10.275387,0.558448,0.043217,4.631075,4.000000,86.035088,1.157769,3.000000,59.384172,69.216374,48.561404,0.000000,1.276429,1.533825,-0.257396,27.345935,27.609665,17.181503,1.934741,4.902274,12.109259,0.766877,0.073926,5.107832,9.000000,52.641300,0.567537,2.000000,58.907976,56.141927,51.255562,0.000000,1.592112,1.899861,-0.307749,30.857520,22.664763,16.966900,1.576912,4.813496,11.873015,0.627012,0.126144,10.745759,10.000000,217.954911,1.074576,1.000000,71.465089,87.427657,87.366401,1.000000,2.187378,1.559288,0.628090,32.127579,35.217914,10.004278,4.796170,7.950448,13.977968,0.946921,0.112722,4.698613,8.000000,59.331210,0.587327,2.000000,52.259748,47.129187,57.009036,1.000000,1.214426,1.372459,-0.158033,26.171355,24.421609,22.646836,-0.070225,2.458433,7.829792,0.492026,0.088004,8.600383,7.000000,112.949640,1.228626,1.000000,7.075592,12.000000,75.956284,0.589633,2.000000,10.272242,3.000000,270.310192,3.424081,1.000000,3.661043,1.000000,34.950955,3.661043,2.000000,11.700393,28.000000,105.271739,0.417871,1.000000,10.002718,16.000000,182.449182,0.625170,8.000000,5.800477,3.000000,128.922979,1.933492,1.000000,4.305470,7.000000,53.929679,0.615067,2.000000,8.676147,15.000000,198.291183,0.578410,1.000000,4.192037,16.000000,92.041522,0.262002,2.000000,4.771840,7.000000,72.613065,0.681691,3.000000,6.166371,9.000000,73.015344,0.685152,2.000000,4.000000,6.000000,28.000000,-1.000000,,,,45.243720,29.792067,21.204268,-1.059623,-1.036263,-0.023361,15.425815,13.298625,22.366283,-0.760395,-1.729940,0.381860,0.063878,,0.000000,,0.000000,61.886305,61.886305,0.000000,0.000000,0.000000,0.000000,0.000000,0.000000,0.000000,0.000000,0.500000,0.000000,1.017431,1.375000,,217.954911,52.641300,2.264601,1.632248
2024-05-06T18:30:00Z,1.039733,no_impulse,0,TCS,1d,1.000000,73.370610,5.557100,3.000000,1.852367,1.996855,1.266194,5.978142,7.040746,11.000000,121.869676,0.640068,4.000000,45.243720,29.792067,21.204268,1.000000,-1.059623,-1.036263,-0.023361,15.425812,13.298625,22.366283,-0.760395,-1.730044,3.300582,0.381860,0.063878,6.131509,11.000000,55.201599,0.557410,3.000000,45.546459,47.614991,69.541201,0.000000,-0.507997,-0.603735,0.095738,16.571906,21.785958,18.410507,-0.975307,-0.840934,5.550788,0.404459,0.101097,9.997062,6.000000,143.553831,1.666177,4.000000,34.022722,2.703656,7.438638,0.000000,-0.846389,0.151781,-0.998170,22.857703,13.732640,32.422934,-4.758709,-3.774051,3.776688,0.068065,0.105167,7.485253,7.000000,150.827182,1.069322,7.000000,55.945531,65.491056,81.990796,1.000000,1.169927,1.093376,0.076552,17.440941,20.582146,20.761309,0.976578,3.593506,11.337293,0.661588,0.061032,4.728152,6.000000,106.824361,0.788025,4.000000,53.011355,53.881395,45.294161,0.000000,0.804986,1.151162,-0.346176,22.655992,18.681632,24.101354,0.251954,2.798419,10.275387,0.558448,0.043217,4.631075,4.000000,86.035088,1.157769,3.000000,59.384172,69.216374,48.561404,0.000000,1.276429,1.533825,-0.257396,27.345935,27.609665,17.181503,1.934741,4.902274,12.109259,0.766877,0.073926,5.107832,9.000000,52.641300,0.567537,2.000000,58.907976,56.141927,51.255562,0.000000,1.592112,1.899861,-0.307749,30.857520,22.664763,16.966900,1.576912,4.813496,11.873015,0.627012,0.126144,10.745759,10.000000,217.954911,1.074576,1.000000,71.465089,87.427657,87.366401,1.000000,2.187378,1.559288,0.628090,32.127579,35.217914,10.004278,4.796170,7.950448,13.977968,0.946921,0.112722,4.698613,8.000000,59.331210,0.587327,2.000000,8.600383,7.000000,112.949640,1.228626,1.000000,7.075592,12.000000,75.956284,0.589633,2.000000,10.272242,3.000000,270.310192,3.424081,1.000000,3.661043,1.000000,34.950955,3.661043,2.000000,11.700393,28.000000,105.271739,0.417871,1.000000,10.002718,16.000000,182.449182,0.625170,8.000000,5.800477,3.000000,128.922979,1.933492,1.000000,4.305470,7.000000,53.929679,0.615067,2.000000,8.676147,15.000000,198.291183,0.578410,1.000000,4.192037,16.000000,92.041522,0.262002,2.000000,4.771840,7.000000,72.613065,0.681691,3.000000,3.000000,7.000000,31.000000,-1.000000,,,,56.256374,95.689450,56.166971,-0.538412,-0.880828,0.342415,14.292346,20.292529,17.391946,1.996855,1.266284,0.827092,0.062293,,0.000000,,0.000000,61.886305,61.886305,0.000000,0.000000,0.000000,0.000000,0.000000,0.000000,0.000000,0.000000,0.500000,0.000000,0.803439,0.379747,,217.954911,52.641300,2.264362,1.375484
2024-06-03T18:30:00Z,0.936359,no_impulse,0,TCS,1d,-1.000000,188.854489,9.942327,20.000000,0.497116,-2.676895,-4.224694,-1.177949,5.557100,3.000000,73.370610,1.852367,3.000000,56.256374,95.689450,56.166971,0.000000,-0.538412,-0.880828,0.342415,14.292344,20.292529,17.391946,1.996855,1.266194,5.978142,0.827092,0.062293,7.040746,11.000000,121.869676,0.640068,4.000000,45.243720,29.792067,21.204268,1.000000,-1.059623,-1.036263,-0.023361,15.425812,13.298625,22.366283,-0.760395,-1.730044,3.300582,0.381860,0.063878,6.131509,11.000000,55.201599,0.557410,3.000000,45.546459,47.614991,69.541201,0.000000,-0.507997,-0.603735,0.095738,16.571906,21.785958,18.410507,-0.975307,-0.840934,5.550788,0.404459,0.101097,9.997062,6.000000,143.553831,1.666177,4.000000,34.022722,2.703656,7.438638,0.000000,-0.846389,0.151781,-0.998170,22.857703,13.732640,32.422934,-4.758709,-3.774051,3.776688,0.068065,0.105167,7.485253,7.000000,150.827182,1.069322,7.000000,55.945531,65.491056,81.990796,1.000000,1.169927,1.093376,0.076552,17.440941,20.582146,20.761309,0.976578,3.593506,11.337293,0.661588,0.061032,4.728152,6.000000,106.824361,0.788025,4.000000,53.011355,53.881395,45.294161,0.000000,0.804986,1.151162,-0.346176,22.655992,18.681632,24.101354,0.251954,2.798419,10.275387,0.558448,0.043217,4.631075,4.000000,86.035088,1.157769,3.000000,59.384172,69.216374,48.561404,0.000000,1.276429,1.533825,-0.257396,27.345935,27.609665,17.181503,1.934741,4.902274,12.109259,0.766877,0.073926,5.107832,9.000000,52.641300,0.567537,2.000000,58.907976,56.141927,51.255562,0.000000,1.592112,1.899861,-0.307749,30.857520,22.664763,16.966900,1.576912,4.813496,11.873015,0.627012,0.126144,10.745759,10.000000,217.954911,1.074576,1.000000,4.698613,8.000000,59.331210,0.587327,2.000000,8.600383,7.000000,112.949640,1.228626,1.000000,7.075592,12.000000,75.956284,0.589633,2.000000,10.272242,3.000000,270.310192,3.424081,1.000000,3.661043,1.000000,34.950955,3.661043,2.000000,11.700393,28.000000,105.271739,0.417871,1.000000,10.002718,16.000000,182.449182,0.625170,8.000000,5.800477,3.000000,128.922979,1.933492,1.000000,4.305470,7.000000,53.929679,0.615067,2.000000,8.676147,15.000000,198.291183,0.578410,1.000000,4.192037,16.000000,92.041522,0.262002,2.000000,4.000000,8.000000,51.000000,-1.000000,,,,37.232297,37.595129,20.485571,-1.349491,-0.914098,-0.435393,21.533979,10.010776,34.419194,-2.676895,-4.224650,0.197846,0.086284,,0.000000,,0.000000,61.886305,61.886305,0.000000,0.000000,0.000000,0.000000,0.000000,0.000000,0.000000,0.000000,0.500000,0.000000,1.503609,2.666667,,217.954911,52.641300,2.216935,0.843267
2024-07-11T18:30:00Z,1.094992,no_impulse,0,TCS,1d,1.000000,153.455233,16.941389,27.000000,0.627459,5.719787,6.667133,9.336547,9.942327,20.000000,188.854489,0.497116,4.000000,37.232297,37.595129,20.485571,0.000000,-1.349491,-0.914098,-0.435393,21.533978,10.010776,34.419194,-2.676895,-4.224694,-1.177949,0.197846,0.086284,5.557100,3.000000,73.370610,1.852367,3.000000,56.256374,95.689450,56.166971,0.000000,-0.538412,-0.880828,0.342415,14.292344,20.292529,17.391946,1.996855,1.266194,5.978142,0.827092,0.062293,7.040746,11.000000,121.869676,0.640068,4.000000,45.243720,29.792067,21.204268,1.000000,-1.059623,-1.036263,-0.023361,15.425812,13.298625,22.366283,-0.760395,-1.730044,3.300582,0.381860,0.063878,6.131509,11.000000,55.201599,0.557410,3.000000,45.546459,47.614991,69.541201,0.000000,-0.507997,-0.603735,0.095738,16.571906,21.785958,18.410507,-0.975307,-0.840934,5.550788,0.404459,0.101097,9.997062,6.000000,143.553831,1.666177,4.000000,34.022722,2.703656,7.438638,0.000000,-0.846389,0.151781,-0.998170,22.857703,13.732640,32.422934,-4.758709,-3.774051,3.776688,0.068065,0.105167,7.485253,7.000000,150.827182,1.069322,7.000000,55.945531,65.491056,81.990796,1.000000,1.169927,1.093376,0.076552,17.440941,20.582146,20.761309,0.976578,3.593506,11.337293,0.661588,0.061032,4.728152,6.000000,106.824361,0.788025,4.000000,53.011355,53.881395,45.294161,0.000000,0.804986,1.151162,-0.346176,22.655992,18.681632,24.101354,0.251954,2.798419,10.275387,0.558448,0.043217,4.631075,4.000000,86.035088,1.157769,3.000000,59.384172,69.216374,48.561404,0.000000,1.276429,1.533825,-0.257396,27.345935,27.609665,17.181503,1.934741,4.902274,12.109259,0.766877,0.073926,5.107832,9.000000,52.641300,0.567537,2.000000,10.745759,10.000000,217.954911,1.074576,1.000000,4.698613,8.000000,59.331210,0.587327,2.000000,8.600383,7.000000,112.949640,1.228626,1.000000,7.075592,12.000000,75.956284,0.589633,2.000000,10.272242,3.000000,270.310192,3.424081,1.000000,3.661043,1.000000,34.950955,3.661043,2.000000,11.700393,28.000000,105.271739,0.417871,1.000000,10.002718,16.000000,182.449182,0.625170,8.000000,5.800477,3.000000,128.922979,1.933492,1.000000,4.305470,7.000000,53.929679,0.615067,2.000000,8.676147,15.000000,198.291183,0.578410,1.000000,7.000000,9.000000,78.000000,-1.000000,,,,69.537461,96.069279,64.601365,1.201854,0.851993,0.349861,19.864355,32.750963,14.216893,5.719787,6.667146,1.102610,0.100675,,0.000000,,0.000000,61.886305,61.886305,0.000000,0.000000,0.000000,0.000000,0.000000,0.000000,0.000000,0.000000,0.500000,0.000000,2.373847,3.103448,,217.954911,52.641300,2.331197,0.954533
2024-07-11T18:30:00Z,1.035379,no_impulse,0,TCS,1d,-1.000000,37.579094,5.444112,0.000000,0.000000,5.719787,6.667133,9.336547,16.941389,27.000000,153.455233,0.627459,7.000000,69.537461,96.069279,64.601365,0.000000,1.201854,0.851993,0.349861,19.864355,32.750963,14.216893,5.719787,6.667133,9.336547,1.102610,0.100675,9.942327,20.000000,188.854489,0.497116,4.000000,37.232297,37.595129,20.485571,0.000000,-1.349491,-0.914098,-0.435393,21.533978,10.010776,34.419194,-2.676895,-4.224694,-1.177949,0.197846,0.086284,5.557100,3.000000,73.370610,1.852367,3.000000,56.256374,95.689450,56.166971,0.000000,-0.538412,-0.880828,0.342415,14.292344,20.292529,17.391946,1.996855,1.266194,5.978142,0.827092,0.062293,7.040746,11.000000,121.869676,0.640068,4.000000,45.243720,29.792067,21.204268,1.000000,-1.059623,-1.036263,-0.023361,15.425812,13.298625,22.366283,-0.760395,-1.730044,3.300582,0.381860,0.063878,6.131509,11.000000,55.201599,0.557410,3.000000,45.546459,47.614991,69.541201,0.000000,-0.507997,-0.603735,0.095738,16.571906,21.785958,18.410507,-0.975307,-0.840934,5.550788,0.404459,0.101097,9.997062,6.000000,143.553831,1.666177,4.000000,34.022722,2.703656,7.438638,0.000000,-0.846389,0.151781,-0.998170,22.857703,13.732640,32.422934,-4.758709,-3.774051,3.776688,0.068065,0.105167,7.485253,7.000000,150.827182,1.069322,7.000000,55.945531,65.491056,81.990796,1.000000,1.169927,1.093376,0.076552,17.440941,20.582146,20.761309,0.976578,3.593506,11.337293,0.661588,0.061032,4.728152,6.000000,106.824361,0.788025,4.000000,53.011355,53.881395,45.294161,0.000000,0.804986,1.151162,-0.346176,22.655992,18.681632,24.101354,0.251954,2.798419,10.275387,0.558448,0.043217,4.631075,4.000000,86.035088,1.157769,3.000000,5.107832,9.000000,52.641300,0.567537,2.000000,10.745759,10.000000,217.954911,1.074576,1.000000,4.698613,8.000000,59.331210,0.587327,2.000000,8.600383,7.000000,112.949640,1.228626,1.000000,7.075592,12.000000,75.956284,0.589633,2.000000,10.272242,3.000000,270.310192,3.424081,1.000000,3.661043,1.000000,34.950955,3.661043,2.000000,11.700393,28.000000,105.271739,0.417871,1.000000,10.002718,16.000000,182.449182,0.625170,8.000000,5.800477,3.000000,128.922979,1.933492,1.000000,4.305470,7.000000,53.929679,0.615067,2.000000,7.000000,10.000000,0.000000,-1.000000,,,,69.537461,96.069279,64.601365,1.201854,0.851993,0.349861,19.864355,32.750963,14.216893,5.719787,6.667146,1.102610,0.100675,,0.000000,,0.000000,61.886305,61.886305,0.000000,0.000000,0.000000,0.000000,0.000000,0.000000,0.000000,0.000000,0.500000,0.000000,0.701901,0.000000,0.000000,188.854489,52.641300,3.773866,1.400163
2024-07-28T18:30:00Z,1.155230,no_impulse,0,TCS,1d,1.000000,201.049639,11.575555,10.000000,1.157555,4.661205,7.878662,12.322310,5.444112,0.000000,37.579094,0.000000,7.000000,69.537461,96.069279,64.601365,0.000000,1.201854,0.851993,0.349861,19.864355,32.750963,14.216893,5.719787,6.667133,9.336547,1.102610,0.100675,16.941389,27.000000,153.455233,0.627459,7.000000,69.537461,96.069279,64.601365,0.000000,1.201854,0.851993,0.349861,19.864355,32.750963,14.216893,5.719787,6.667133,9.336547,1.102610,0.100675,9.942327,20.000000,188.854489,0.497116,4.000000,37.232297,37.595129,20.485571,0.000000,-1.349491,-0.914098,-0.435393,21.533978,10.010776,34.419194,-2.676895,-4.224694,-1.177949,0.197846,0.086284,5.557100,3.000000,73.370610,1.852367,3.000000,56.256374,95.689450,56.166971,0.000000,-0.538412,-0.880828,0.342415,14.292344,20.292529,17.391946,1.996855,1.266194,5.978142,0.827092,0.062293,7.040746,11.000000,121.869676,0.640068,4.000000,45.243720,29.792067,21.204268,1.000000,-1.059623,-1.036263,-0.023361,15.425812,13.298625,22.366283,-0.760395,-1.730044,3.300582,0.381860,0.063878,6.131509,11.000000,55.201599,0.557410,3.000000,45.546459,47.614991,69.541201,0.000000,-0.507997,-0.603735,0.095738,16.571906,21.785958,18.410507,-0.975307,-0.840934,5.550788,0.404459,0.101097,9.997062,6.000000,143.553831,1.666177,4.000000,34.022722,2.703656,7.438638,0.000000,-0.846389,0.151781,-0.998170,22.857703,13.732640,32.422934,-4.758709,-3.774051,3.776688,0.068065,0.105167,7.485253,7.000000,150.827182,1.069322,7.000000,55.945531,65.491056,81.990796,1.000000,1.169927,1.093376,0.076552,17.440941,20.582146,20.761309,0.976578,3.593506,11.337293,0.661588,0.061032,4.728152,6.000000,106.824361,0.788025,4.000000,4.631075,4.000000,86.035088,1.157769,3.000000,5.107832,9.000000,52.641300,0.567537,2.000000,10.745759,10.000000,217.954911,1.074576,1.000000,4.698613,8.000000,59.331210,0.587327,2.000000,8.600383,7.000000,112.949640,1.228626,1.000000,7.075592,12.000000,75.956284,0.589633,2.000000,10.272242,3.000000,270.310192,3.424081,1.000000,3.661043,1.000000,34.950955,3.661043,2.000000,11.700393,28.000000,105.271739,0.417871,1.000000,10.002718,16.000000,182.449182,0.625170,8.000000,5.800477,3.000000,128.922979,1.933492,1.000000,1.000000,1.000000,10.000000,-1.000000,,,,75.108386,90.679866,91.900773,2.854167,2.374851,0.479316,37.711735,36.440075,8.665944,4.661205,7.878671,0.811603,0.156902,,0.000000,,0.000000,61.886305,61.886305,0.000000,0.000000,0.000000,0.000000,0.000000,0.000000,0.000000,0.000000,0.500000,0.000000,1.485975,1.052632,10.000000,188.854489,37.579094,3.749061,1.726051
2024-08-04T18:30:00Z,1.071671,no_impulse,0,TCS,1d,-1.000000,69.719382,7.233130,5.000000,1.446626,-1.752217,1.658314,6.994915,11.575555,10.000000,201.049639,1.157555,1.000000,75.108386,90.679866,91.900773,1.000000,2.854167,2.374851,0.479316,37.711735,36.440075,8.665944,4.661205,7.878662,12.322310,0.811603,0.156902,5.444112,0.000000,37.579094,0.000000,7.000000,69.537461,96.069279,64.601365,0.000000,1.201854,0.851993,0.349861,19.864355,32.750963,14.216893,5.719787,6.667133,9.336547,1.102610,0.100675,16.941389,27.000000,153.455233,0.627459,7.000000,69.537461,96.069279,64.601365,0.000000,1.201854,0.851993,0.349861,19.864355,32.750963,14.216893,5.719787,6.667133,9.336547,1.102610,0.100675,9.942327,20.000000,188.854489,0.497116,4.000000,37.232297,37.595129,20.485571,0.000000,-1.349491,-0.914098,-0.435393,21.533978,10.010776,34.419194,-2.676895,-4.224694,-1.177949,0.197846,0.086284,5.557100,3.000000,73.370610,1.852367,3.000000,56.256374,95.689450,56.166971,0.000000,-0.538412,-0.880828,0.342415,14.292344,20.292529,17.391946,1.996855,1.266194,5.978142,0.827092,0.062293,7.040746,11.000000,121.869676,0.640068,4.000000,45.243720,29.792067,21.204268,1.000000,-1.059623,-1.036263,-0.023361,15.425812,13.298625,22.366283,-0.760395,-1.730044,3.300582,0.381860,0.063878,6.131509,11.000000,55.201599,0.557410,3.000000,45.546459,47.614991,69.541201,0.000000,-0.507997,-0.603735,0.095738,16.571906,21.785958,18.410507,-0.975307,-0.840934,5.550788,0.404459,0.101097,9.997062,6.000000,143.553831,1.666177,4.000000,34.022722,2.703656,7.438638,0.000000,-0.846389,0.151781,-0.998170,22.857703,13.732640,32.422934,-4.758709,-3.774051,3.776688,0.068065,0.105167,7.485253,7.000000,150.827182,1.069322,7.000000,4.728152,6.000000,106.824361,0.788025,4.000000,4.631075,4.000000,86.035088,1.157769,3.000000,5.107832,9.000000,52.641300,0.567537,2.000000,10.745759,10.000000,217.954911,1.074576,1.000000,4.698613,8.000000,59.331210,0.587327,2.000000,8.600383,7.000000,112.949640,1.228626,1.000000,7.075592,12.000000,75.956284,0.589633,2.000000,10.272242,3.000000,270.310192,3.424081,1.000000,3.661043,1.000000,34.950955,3.661043,2.000000,11.700393,28.000000,105.271739,0.417871,1.000000,10.002718,16.000000,182.449182,0.625170,8.000000,2.000000,2.000000,15.000000,-1.000000,,,,47.703842,13.900156,51.604365,2.216034,2.626900,-0.410866,36.562598,24.711164,28.190012,-1.752217,1.658321,0.382863,0.147010,,0.000000,,0.000000,61.886305,61.886305,0.000000,0.000000,0.000000,0.000000,0.000000,0.000000,0.000000,0.000000,0.500000,0.000000,0.852529,0.495050,,201.049639,37.579094,3.742102,1.506690
2024-08-29T18:30:00Z,1.197270,no_impulse,0,TCS,1d,1.000000,150.312012,11.719985,18.000000,0.651110,3.114304,6.572077,13.220355,7.233130,5.000000,69.719382,1.446626,2.000000,47.703842,13.900156,51.604365,0.000000,2.216034,2.626900,-0.410866,36.562598,24.711164,28.190012,-1.752217,1.658314,6.994915,0.382863,0.147010,11.575555,10.000000,201.049639,1.157555,1.000000,75.108386,90.679866,91.900773,1.000000,2.854167,2.374851,0.479316,37.711735,36.440075,8.665944,4.661205,7.878662,12.322310,0.811603,0.156902,5.444112,0.000000,37.579094,0.000000,7.000000,69.537461,96.069279,64.601365,0.000000,1.201854,0.851993,0.349861,19.864355,32.750963,14.216893,5.719787,6.667133,9.336547,1.102610,0.100675,16.941389,27.000000,153.455233,0.627459,7.000000,69.537461,96.069279,64.601365,0.000000,1.201854,0.851993,0.349861,19.864355,32.750963,14.216893,5.719787,6.667133,9.336547,1.102610,0.100675,9.942327,20.000000,188.854489,0.497116,4.000000,37.232297,37.595129,20.485571,0.000000,-1.349491,-0.914098,-0.435393,21.533978,10.010776,34.419194,-2.676895,-4.224694,-1.177949,0.197846,0.086284,5.557100,3.000000,73.370610,1.852367,3.000000,56.256374,95.689450,56.166971,0.000000,-0.538412,-0.880828,0.342415,14.292344,20.292529,17.391946,1.996855,1.266194,5.978142,0.827092,0.062293,7.040746,11.000000,121.869676,0.640068,4.000000,45.243720,29.792067,21.204268,1.000000,-1.059623,-1.036263,-0.023361,15.425812,13.298625,22.366283,-0.760395,-1.730044,3.300582,0.381860,0.063878,6.131509,11.000000,55.201599,0.557410,3.000000,45.546459,47.614991,69.541201,0.000000,-0.507997,-0.603735,0.095738,16.571906,21.785958,18.410507,-0.975307,-0.840934,5.550788,0.404459,0.101097,9.997062,6.000000,143.553831,1.666177,4.000000,7.485253,7.000000,150.827182,1.069322,7.000000,4.728152,6.000000,106.824361,0.788025,4.000000,4.631075,4.000000,86.035088,1.157769,3.000000,5.107832,9.000000,52.641300,0.567537,2.000000,10.745759,10.000000,217.954911,1.074576,1.000000,4.698613,8.000000,59.331210,0.587327,2.000000,8.600383,7.000000,112.949640,1.228626,1.000000,7.075592,12.000000,75.956284,0.589633,2.000000,10.272242,3.000000,270.310192,3.424081,1.000000,3.661043,1.000000,34.950955,3.661043,2.000000,11.700393,28.000000,105.271739,0.417871,1.000000,1.000000,3.000000,33.000000,-1.000000,,,,68.270213,90.592547,87.370097,2.038280,1.921020,0.117260,31.620634,32.018606,12.081490,3.114304,6.572080,0.735791,0.136324,,0.000000,,0.000000,61.886305,61.886305,0.000000,0.000000,0.000000,0.000000,0.000000,0.000000,0.000000,0.000000,0.500000,0.000000,1.341755,1.800000,,201.049639,37.579094,3.541173,0.747601
2024-11-03T18:30:00Z,1.020245,no_impulse,0,TCS,1d,-1.000000,140.944473,14.785780,45.000000,0.328573,-3.282381,-5.617213,-2.265658,11.719985,18.000000,150.312012,0.651110,1.000000,68.270213,90.592547,87.370097,1.000000,2.038280,1.921020,0.117260,31.620634,32.018606,12.081490,3.114304,6.572077,13.220355,0.735791,0.136324,7.233130,5.000000,69.719382,1.446626,2.000000,47.703842,13.900156,51.604365,0.000000,2.216034,2.626900,-0.410866,36.562598,24.711164,28.190012,-1.752217,1.658314,6.994915,0.382863,0.147010,11.575555,10.000000,201.049639,1.157555,1.000000,75.108386,90.679866,91.900773,1.000000,2.854167,2.374851,0.479316,37.711735,36.440075,8.665944,4.661205,7.878662,12.322310,0.811603,0.156902,5.444112,0.000000,37.579094,0.000000,7.000000,69.537461,96.069279,64.601365,0.000000,1.201854,0.851993,0.349861,19.864355,32.750963,14.216893,5.719787,6.667133,9.336547,1.102610,0.100675,16.941389,27.000000,153.455233,0.627459,7.000000,69.537461,96.069279,64.601365,0.000000,1.201854,0.851993,0.349861,19.864355,32.750963,14.216893,5.719787,6.667133,9.336547,1.102610,0.100675,9.942327,20.000000,188.854489,0.497116,4.000000,37.232297,37.595129,20.485571,0.000000,-1.349491,-0.914098,-0.435393,21.533978,10.010776,34.419194,-2.676895,-4.224694,-1.177949,0.197846,0.086284,5.557100,3.000000,73.370610,1.852367,3.000000,56.256374,95.689450,56.166971,0.000000,-0.538412,-0.880828,0.342415,14.292344,20.292529,17.391946,1.996855,1.266194,5.978142,0.827092,0.062293,7.040746,11.000000,121.869676,0.640068,4.000000,45.243720,29.792067,21.204268,1.000000,-1.059623,-1.036263,-0.023361,15.425812,13.298625,22.366283,-0.760395,-1.730044,3.300582,0.381860,0.063878,6.131509,11.000000,55.201599,0.557410,3.000000,9.997062,6.000000,143.553831,1.666177,4.000000,7.485253,7.000000,150.827182,1.069322,7.000000,4.728152,6.000000,106.824361,0.788025,4.000000,4.631075,4.000000,86.035088,1.157769,3.000000,5.107832,9.000000,52.641300,0.567537,2.000000,10.745759,10.000000,217.954911,1.074576,1.000000,4.698613,8.000000,59.331210,0.587327,2.000000,8.600383,7.000000,112.949640,1.228626,1.000000,7.075592,12.000000,75.956284,0.589633,2.000000,10.272242,3.000000,270.310192,3.424081,1.000000,3.661043,1.000000,34.950955,3.661043,2.000000,8.000000,1.000000,78.000000,-1.000000,,,,29.687342,21.854873,12.468732,-1.922235,-1.820139,-0.102096,34.027652,10.705496,30.703255,-3.282381,-5.617212,0.097411,0.078941,,0.000000,,30.412650,6.662647,10.852558,-0.785762,-0.552965,-0.232797,29.429455,15.181422,38.802954,-1.695228,-2.544353,0.205959,0.056692,1.614469,4.054054,,201.049639,37.579094,3.627299,0.944346
2024-11-10T18:30:00Z,1.103947,no_impulse,0,TCS,1d,1.000000,47.282769,8.204178,5.000000,1.640836,2.147576,0.549022,3.367618,14.785780,45.000000,140.944473,0.328573,8.000000,29.687342,21.854873,12.468732,0.000000,-1.922235,-1.820139,-0.102096,34.027652,10.705496,30.703255,-3.282381,-5.617213,-2.265658,0.097411,0.078941,11.719985,18.000000,150.312012,0.651110,1.000000,68.270213,90.592547,87.370097,1.000000,2.038280,1.921020,0.117260,31.620634,32.018606,12.081490,3.114304,6.572077,13.220355,0.735791,0.136324,7.233130,5.000000,69.719382,1.446626,2.000000,47.703842,13.900156,51.604365,0.000000,2.216034,2.626900,-0.410866,36.562598,24.711164,28.190012,-1.752217,1.658314,6.994915,0.382863,0.147010,11.575555,10.000000,201.049639,1.157555,1.000000,75.108386,90.679866,91.900773,1.000000,2.854167,2.374851,0.479316,37.711735,36.440075,8.665944,4.661205,7.878662,12.322310,0.811603,0.156902,5.444112,0.000000,37.579094,0.000000,7.000000,69.537461,96.069279,64.601365,0.000000,1.201854,0.851993,0.349861,19.864355,32.750963,14.216893,5.719787,6.667133,9.336547,1.102610,0.100675,16.941389,27.000000,153.455233,0.627459,7.000000,69.537461,96.069279,64.601365,0.000000,1.201854,0.851993,0.349861,19.864355,32.750963,14.216893,5.719787,6.667133,9.336547,1.102610,0.100675,9.942327,20.000000,188.854489,0.497116,4.000000,37.232297,37.595129,20.485571,0.000000,-1.349491,-0.914098,-0.435393,21.533978,10.010776,34.419194,-2.676895,-4.224694,-1.177949,0.197846,0.086284,5.557100,3.000000,73.370610,1.852367,3.000000,56.256374,95.689450,56.166971,0.000000,-0.538412,-0.880828,0.342415,14.292344,20.292529,17.391946,1.996855,1.266194,5.978142,0.827092,0.062293,7.040746,11.000000,121.869676,0.640068,4.000000,6.131509,11.000000,55.201599,0.557410,3.000000,9.997062,6.000000,143.553831,1.666177,4.000000,7.485253,7.000000,150.827182,1.069322,7.000000,4.728152,6.000000,106.824361,0.788025,4.000000,4.631075,4.000000,86.035088,1.157769,3.000000,5.107832,9.000000,52.641300,0.567537,2.000000,10.745759,10.000000,217.954911,1.074576,1.000000,4.698613,8.000000,59.331210,0.587327,2.000000,8.600383,7.000000,112.949640,1.228626,1.000000,7.075592,12.000000,75.956284,0.589633,2.000000,10.272242,3.000000,270.310192,3.424081,1.000000,3.000000,2.000000,5.000000,-1.000000,,,,57.466871,88.911385,83.348744,-0.658885,-1.303538,0.644652,28.679339,27.915985,18.713519,2.147576,0.549022,0.848507,0.062975,,0.000000,,71.136181,94.253824,63.122565,0.712338,0.715466,-0.003128,49.601716,36.466968,8.112784,1.780788,2.665540,1.499881,0.018133,0.851306,0.333333,,201.049639,37.579094,4.042656,0.993458
2024-11-17T18:30:00Z,1.040307,no_impulse,0,TCS,1d,-1.000000,76.031771,5.764825,4.000000,1.441206,-2.321179,-3.700576,-1.009099,8.204178,5.000000,47.282769,1.640836,3.000000,57.466871,88.911385,83.348744,0.000000,-0.658885,-1.303538,0.644652,28.679339,27.915985,18.713519,2.147576,0.549022,3.367618,0.848507,0.062975,14.785780,45.000000,140.944473,0.328573,8.000000,29.687342,21.854873,12.468732,0.000000,-1.922235,-1.820139,-0.102096,34.027652,10.705496,30.703255,-3.282381,-5.617213,-2.265658,0.097411,0.078941,11.719985,18.000000,150.312012,0.651110,1.000000,68.270213,90.592547,87.370097,1.000000,2.038280,1.921020,0.117260,31.620634,32.018606,12.081490,3.114304,6.572077,13.220355,0.735791,0.136324,7.233130,5.000000,69.719382,1.446626,2.000000,47.703842,13.900156,51.604365,0.000000,2.216034,2.626900,-0.410866,36.562598,24.711164,28.190012,-1.752217,1.658314,6.994915,0.382863,0.147010,11.575555,10.000000,201.049639,1.157555,1.000000,75.108386,90.679866,91.900773,1.000000,2.854167,2.374851,0.479316,37.711735,36.440075,8.665944,4.661205,7.878662,12.322310,0.811603,0.156902,5.444112,0.000000,37.579094,0.000000,7.000000,69.537461,96.069279,64.601365,0.000000,1.201854,0.851993,0.349861,19.864355,32.750963,14.216893,5.719787,6.667133,9.336547,1.102610,0.100675,16.941389,27.000000,153.455233,0.627459,7.000000,69.537461,96.069279,64.601365,0.000000,1.201854,0.851993,0.349861,19.864355,32.750963,14.216893,5.719787,6.667133,9.336547,1.102610,0.100675,9.942327,20.000000,188.854489,0.497116,4.000000,37.232297,37.595129,20.485571,0.000000,-1.349491,-0.914098,-0.435393,21.533978,10.010776,34.419194,-2.676895,-4.224694,-1.177949,0.197846,0.086284,5.557100,3.000000,73.370610,1.852367,3.000000,7.040746,11.000000,121.869676,0.640068,4.000000,6.131509,11.000000,55.201599,0.557410,3.000000,9.997062,6.000000,143.553831,1.666177,4.000000,7.485253,7.000000,150.827182,1.069322,7.000000,4.728152,6.000000,106.824361,0.788025,4.000000,4.631075,4.000000,86.035088,1.157769,3.000000,5.107832,9.000000,52.641300,0.567537,2.000000,10.745759,10.000000,217.954911,1.074576,1.000000,4.698613,8.000000,59.331210,0.587327,2.000000,8.600383,7.000000,112.949640,1.228626,1.000000,7.075592,12.000000,75.956284,0.589633,2.000000,2.000000,1.000000,9.000000,-1.000000,,,,39.429807,33.094534,59.803769,-0.441973,-0.774712,0.332739,24.855099,19.541494,27.010927,-2.321179,-3.700576,0.180647,0.071035,,0.000000,,26.406110,7.430258,27.508121,-0.281907,-0.047665,-0.234242,25.101271,9.974628,35.750675,-2.518426,-2.312175,-0.237893,0.033292,0.585593,0.277778,,201.049639,37.579094,3.893325,1.431173
2024-12-12T18:30:00Z,1.171890,no_impulse,0,TCS,1d,1.000000,206.759525,12.648489,18.000000,0.702694,3.069048,4.719379,8.232405,5.764825,4.000000,76.031771,1.441206,2.000000,39.429807,33.094534,59.803769,1.000000,-0.441973,-0.774712,0.332739,24.855099,19.541494,27.010927,-2.321179,-3.700576,-1.009099,0.180647,0.071035,8.204178,5.000000,47.282769,1.640836,3.000000,57.466871,88.911385,83.348744,0.000000,-0.658885,-1.303538,0.644652,28.679339,27.915985,18.713519,2.147576,0.549022,3.367618,0.848507,0.062975,14.785780,45.000000,140.944473,0.328573,8.000000,29.687342,21.854873,12.468732,0.000000,-1.922235,-1.820139,-0.102096,34.027652,10.705496,30.703255,-3.282381,-5.617213,-2.265658,0.097411,0.078941,11.719985,18.000000,150.312012,0.651110,1.000000,68.270213,90.592547,87.370097,1.000000,2.038280,1.921020,0.117260,31.620634,32.018606,12.081490,3.114304,6.572077,13.220355,0.735791,0.136324,7.233130,5.000000,69.719382,1.446626,2.000000,47.703842,13.900156,51.604365,0.000000,2.216034,2.626900,-0.410866,36.562598,24.711164,28.190012,-1.752217,1.658314,6.994915,0.382863,0.147010,11.575555,10.000000,201.049639,1.157555,1.000000,75.108386,90.679866,91.900773,1.000000,2.854167,2.374851,0.479316,37.711735,36.440075,8.665944,4.661205,7.878662,12.322310,0.811603,0.156902,5.444112,0.000000,37.579094,0.000000,7.000000,69.537461,96.069279,64.601365,0.000000,1.201854,0.851993,0.349861,19.864355,32.750963,14.216893,5.719787,6.667133,9.336547,1.102610,0.100675,16.941389,27.000000,153.455233,0.627459,7.000000,69.537461,96.069279,64.601365,0.000000,1.201854,0.851993,0.349861,19.864355,32.750963,14.216893,5.719787,6.667133,9.336547,1.102610,0.100675,9.942327,20.000000,188.854489,0.497116,4.000000,5.557100,3.000000,73.370610,1.852367,3.000000,7.040746,11.000000,121.869676,0.640068,4.000000,6.131509,11.000000,55.201599,0.557410,3.000000,9.997062,6.000000,143.553831,1.666177,4.000000,7.485253,7.000000,150.827182,1.069322,7.000000,4.728152,6.000000,106.824361,0.788025,4.000000,4.631075,4.000000,86.035088,1.157769,3.000000,5.107832,9.000000,52.641300,0.567537,2.000000,10.745759,10.000000,217.954911,1.074576,1.000000,4.698613,8.000000,59.331210,0.587327,2.000000,8.600383,7.000000,112.949640,1.228626,1.000000,1.000000,2.000000,27.000000,-1.000000,,,,67.566957,92.982456,88.288566,1.828113,1.496915,0.331198,25.767477,29.591217,15.687875,3.069048,4.719380,0.744278,0.129616,,0.000000,,57.093179,67.948718,60.106838,0.228724,0.218711,0.010013,19.459185,25.086370,17.852230,0.313295,1.009922,0.685834,0.016912,1.301708,1.313869,,201.049639,37.579094,4.014440,0.941894
2024-12-19T18:30:00Z,1.082621,no_impulse,0,TCS,1d,-1.000000,67.842283,7.617522,5.000000,1.523504,-3.601779,-2.389253,1.317703,12.648489,18.000000,206.759525,0.702694,1.000000,67.566957,92.982456,88.288566,1.000000,1.828113,1.496915,0.331198,25.767477,29.591217,15.687875,3.069048,4.719379,8.232405,0.744278,0.129616,5.764825,4.000000,76.031771,1.441206,2.000000,39.429807,33.094534,59.803769,1.000000,-0.441973,-0.774712,0.332739,24.855099,19.541494,27.010927,-2.321179,-3.700576,-1.009099,0.180647,0.071035,8.204178,5.000000,47.282769,1.640836,3.000000,57.466871,88.911385,83.348744,0.000000,-0.658885,-1.303538,0.644652,28.679339,27.915985,18.713519,2.147576,0.549022,3.367618,0.848507,0.062975,14.785780,45.000000,140.944473,0.328573,8.000000,29.687342,21.854873,12.468732,0.000000,-1.922235,-1.820139,-0.102096,34.027652,10.705496,30.703255,-3.282381,-5.617213,-2.265658,0.097411,0.078941,11.719985,18.000000,150.312012,0.651110,1.000000,68.270213,90.592547,87.370097,1.000000,2.038280,1.921020,0.117260,31.620634,32.018606,12.081490,3.114304,6.572077,13.220355,0.735791,0.136324,7.233130,5.000000,69.719382,1.446626,2.000000,47.703842,13.900156,51.604365,0.000000,2.216034,2.626900,-0.410866,36.562598,24.711164,28.190012,-1.752217,1.658314,6.994915,0.382863,0.147010,11.575555,10.000000,201.049639,1.157555,1.000000,75.108386,90.679866,91.900773,1.000000,2.854167,2.374851,0.479316,37.711735,36.440075,8.665944,4.661205,7.878662,12.322310,0.811603,0.156902,5.444112,0.000000,37.579094,0.000000,7.000000,69.537461,96.069279,64.601365,0.000000,1.201854,0.851993,0.349861,19.864355,32.750963,14.216893,5.719787,6.667133,9.336547,1.102610,0.100675,16.941389,27.000000,153.455233,0.627459,7.000000,9.942327,20.000000,188.854489,0.497116,4.000000,5.557100,3.000000,73.370610,1.852367,3.000000,7.040746,11.000000,121.869676,0.640068,4.000000,6.131509,11.000000,55.201599,0.557410,3.000000,9.997062,6.000000,143.553831,1.666177,4.000000,7.485253,7.000000,150.827182,1.069322,7.000000,4.728152,6.000000,106.824361,0.788025,4.000000,4.631075,4.000000,86.035088,1.157769,3.000000,5.107832,9.000000,52.641300,0.567537,2.000000,10.745759,10.000000,217.954911,1.074576,1.000000,4.698613,8.000000,59.331210,0.587327,2.000000,2.000000,3.000000,32.000000,-1.000000,,,,39.120819,5.198598,23.953493,0.651959,1.329427,-0.677468,21.791567,17.651436,26.114219,-3.601779,-2.389253,0.051853,0.077576,,0.000000,,33.753769,18.627451,20.204096,-0.715439,-0.659096,-0.056343,32.296929,10.257116,31.858706,-1.079625,-1.961446,0.014906,0.022018,0.730629,0.328947,,206.759525,37.579094,3.819597,0.788926
2024-12-19T18:30:00Z,1.142455,no_impulse,0,TCS,1d,1.000000,67.026869,5.526791,0.000000,0.000000,-3.601779,-2.389253,1.317703,7.617522,5.000000,67.842283,1.523504,2.000000,39.120819,5.198598,23.953493,1.000000,0.651959,1.329427,-0.677468,21.791567,17.651436,26.114219,-3.601779,-2.389253,1.317703,0.051853,0.077576,12.648489,18.000000,206.759525,0.702694,1.000000,67.566957,92.982456,88.288566,1.000000,1.828113,1.496915,0.331198,25.767477,29.591217,15.687875,3.069048,4.719379,8.232405,0.744278,0.129616,5.764825,4.000000,76.031771,1.441206,2.000000,39.429807,33.094534,59.803769,1.000000,-0.441973,-0.774712,0.332739,24.855099,19.541494,27.010927,-2.321179,-3.700576,-1.009099,0.180647,0.071035,8.204178,5.000000,47.282769,1.640836,3.000000,57.466871,88.911385,83.348744,0.000000,-0.658885,-1.303538,0.644652,28.679339,27.915985,18.713519,2.147576,0.549022,3.367618,0.848507,0.062975,14.785780,45.000000,140.944473,0.328573,8.000000,29.687342,21.854873,12.468732,0.000000,-1.922235,-1.820139,-0.102096,34.027652,10.705496,30.703255,-3.282381,-5.617213,-2.265658,0.097411,0.078941,11.719985,18.000000,150.312012,0.651110,1.000000,68.270213,90.592547,87.370097,1.000000,2.038280,1.921020,0.117260,31.620634,32.018606,12.081490,3.114304,6.572077,13.220355,0.735791,0.136324,7.233130,5.000000,69.719382,1.446626,2.000000,47.703842,13.900156,51.604365,0.000000,2.216034,2.626900,-0.410866,36.562598,24.711164,28.190012,-1.752217,1.658314,6.994915,0.382863,0.147010,11.575555,10.000000,201.049639,1.157555,1.000000,75.108386,90.679866,91.900773,1.000000,2.854167,2.374851,0.479316,37.711735,36.440075,8.665944,4.661205,7.878662,12.322310,0.811603,0.156902,5.444112,0.000000,37.579094,0.000000,7.000000,16.941389,27.000000,153.455233,0.627459,7.000000,9.942327,20.000000,188.854489,0.497116,4.000000,5.557100,3.000000,73.370610,1.852367,3.000000,7.040746,11.000000,121.869676,0.640068,4.000000,6.131509,11.000000,55.201599,0.557410,3.000000,9.997062,6.000000,143.553831,1.666177,4.000000,7.485253,7.000000,150.827182,1.069322,7.000000,4.728152,6.000000,106.824361,0.788025,4.000000,4.631075,4.000000,86.035088,1.157769,3.000000,5.107832,9.000000,52.641300,0.567537,2.000000,10.745759,10.000000,217.954911,1.074576,1.000000,2.000000,4.000000,32.000000,-1.000000,,,,39.120819,5.198598,23.953493,0.651959,1.329427,-0.677468,21.791567,17.651436,26.114219,-3.601779,-2.389253,0.051853,0.077576,,0.000000,,33.753769,18.627451,20.204096,-0.715439,-0.659096,-0.056343,32.296929,10.257116,31.858706,-1.079625,-1.961446,0.014906,0.022018,0.542188,0.000000,,206.759525,37.579094,3.921691,0.749953
2025-01-06T18:30:00Z,1.045873,no_impulse,0,TCS,1d,-1.000000,161.416122,8.453902,11.000000,0.768537,-3.917572,-4.727338,-2.197500,5.526791,0.000000,67.026869,0.000000,2.000000,39.120819,5.198598,23.953493,0.000000,0.651959,1.329427,-0.677468,21.791567,17.651436,26.114219,-3.601779,-2.389253,1.317703,0.051853,0.077576,7.617522,5.000000,67.842283,1.523504,2.000000,39.120819,5.198598,23.953493,1.000000,0.651959,1.329427,-0.677468,21.791567,17.651436,26.114219,-3.601779,-2.389253,1.317703,0.051853,0.077576,12.648489,18.000000,206.759525,0.702694,1.000000,67.566957,92.982456,88.288566,1.000000,1.828113,1.496915,0.331198,25.767477,29.591217,15.687875,3.069048,4.719379,8.232405,0.744278,0.129616,5.764825,4.000000,76.031771,1.441206,2.000000,39.429807,33.094534,59.803769,1.000000,-0.441973,-0.774712,0.332739,24.855099,19.541494,27.010927,-2.321179,-3.700576,-1.009099,0.180647,0.071035,8.204178,5.000000,47.282769,1.640836,3.000000,57.466871,88.911385,83.348744,0.000000,-0.658885,-1.303538,0.644652,28.679339,27.915985,18.713519,2.147576,0.549022,3.367618,0.848507,0.062975,14.785780,45.000000,140.944473,0.328573,8.000000,29.687342,21.854873,12.468732,0.000000,-1.922235,-1.820139,-0.102096,34.027652,10.705496,30.703255,-3.282381,-5.617213,-2.265658,0.097411,0.078941,11.719985,18.000000,150.312012,0.651110,1.000000,68.270213,90.592547,87.370097,1.000000,2.038280,1.921020,0.117260,31.620634,32.018606,12.081490,3.114304,6.572077,13.220355,0.735791,0.136324,7.233130,5.000000,69.719382,1.446626,2.000000,47.703842,13.900156,51.604365,0.000000,2.216034,2.626900,-0.410866,36.562598,24.711164,28.190012,-1.752217,1.658314,6.994915,0.382863,0.147010,11.575555,10.000000,201.049639,1.157555,1.000000,5.444112,0.000000,37.579094,0.000000,7.000000,16.941389,27.000000,153.455233,0.627459,7.000000,9.942327,20.000000,188.854489,0.497116,4.000000,5.557100,3.000000,73.370610,1.852367,3.000000,7.040746,11.000000,121.869676,0.640068,4.000000,6.131509,11.000000,55.201599,0.557410,3.000000,9.997062,6.000000,143.553831,1.666177,4.000000,7.485253,7.000000,150.827182,1.069322,7.000000,4.728152,6.000000,106.824361,0.788025,4.000000,4.631075,4.000000,86.035088,1.157769,3.000000,5.107832,9.000000,52.641300,0.567537,2.000000,4.000000,1.000000,43.000000,-1.000000,,,,33.406930,4.521528,11.847151,-1.339774,-0.743617,-0.596157,27.877878,11.496099,27.267224,-3.917572,-4.727338,0.215136,0.132340,,0.000000,,43.264778,20.783796,25.927787,-0.225817,-0.163619,-0.062197,10.219155,20.933501,20.654894,-0.540193,-1.085390,0.293227,0.025984,0.933923,1.000000,,206.759525,37.579094,3.360419,0.896992
2025-01-12T18:30:00Z,1.127060,no_impulse,0,TCS,1d,1.000000,84.059927,7.762586,4.000000,1.940646,2.449211,1.820326,4.006424,8.453902,11.000000,161.416122,0.768537,4.000000,33.406930,4.521528,11.847151,0.000000,-1.339774,-0.743617,-0.596157,27.877878,11.496099,27.267224,-3.917572,-4.727338,-2.197500,0.215136,0.132340,5.526791,0.000000,67.026869,0.000000,2.000000,39.120819,5.198598,23.953493,0.000000,0.651959,1.329427,-0.677468,21.791567,17.651436,26.114219,-3.601779,-2.389253,1.317703,0.051853,0.077576,7.617522,5.000000,67.842283,1.523504,2.000000,39.120819,5.198598,23.953493,1.000000,0.651959,1.329427,-0.677468,21.791567,17.651436,26.114219,-3.601779,-2.389253,1.317703,0.051853,0.077576,12.648489,18.000000,206.759525,0.702694,1.000000,67.566957,92.982456,88.288566,1.000000,1.828113,1.496915,0.331198,25.767477,29.591217,15.687875,3.069048,4.719379,8.232405,0.744278,0.129616,5.764825,4.000000,76.031771,1.441206,2.000000,39.429807,33.094534,59.803769,1.000000,-0.441973,-0.774712,0.332739,24.855099,19.541494,27.010927,-2.321179,-3.700576,-1.009099,0.180647,0.071035,8.204178,5.000000,47.282769,1.640836,3.000000,57.466871,88.911385,83.348744,0.000000,-0.658885,-1.303538,0.644652,28.679339,27.915985,18.713519,2.147576,0.549022,3.367618,0.848507,0.062975,14.785780,45.000000,140.944473,0.328573,8.000000,29.687342,21.854873,12.468732,0.000000,-1.922235,-1.820139,-0.102096,34.027652,10.705496,30.703255,-3.282381,-5.617213,-2.265658,0.097411,0.078941,11.719985,18.000000,150.312012,0.651110,1.000000,68.270213,90.592547,87.370097,1.000000,2.038280,1.921020,0.117260,31.620634,32.018606,12.081490,3.114304,6.572077,13.220355,0.735791,0.136324,7.233130,5.000000,69.719382,1.446626,2.000000,11.575555,10.000000,201.049639,1.157555,1.000000,5.444112,0.000000,37.579094,0.000000,7.000000,16.941389,27.000000,153.455233,0.627459,7.000000,9.942327,20.000000,188.854489,0.497116,4.000000,5.557100,3.000000,73.370610,1.852367,3.000000,7.040746,11.000000,121.869676,0.640068,4.000000,6.131509,11.000000,55.201599,0.557410,3.000000,9.997062,6.000000,143.553831,1.666177,4.000000,7.485253,7.000000,150.827182,1.069322,7.000000,4.728152,6.000000,106.824361,0.788025,4.000000,4.631075,4.000000,86.035088,1.157769,3.000000,3.000000,2.000000,47.000000,-1.000000,,,,56.465918,89.771997,62.052918,-0.633147,-0.865599,0.232452,25.960538,20.081415,17.495124,2.449211,1.820326,0.757458,0.097519,,0.000000,,71.933751,94.663232,90.921359,1.263419,0.799052,0.464366,33.556219,34.713086,15.287928,2.514635,3.404578,0.773905,0.094175,0.829955,0.330579,,206.759525,47.282769,3.128125,0.811429
2025-02-27T18:30:00Z,0.901293,no_impulse,0,TCS,1d,-1.000000,278.082852,20.031460,34.000000,0.589161,-10.144542,-14.691533,-17.030111,7.762586,4.000000,84.059927,1.940646,3.000000,56.465918,89.771997,62.052918,1.000000,-0.633147,-0.865599,0.232452,25.960538,20.081415,17.495124,2.449211,1.820326,4.006424,0.757458,0.097519,8.453902,11.000000,161.416122,0.768537,4.000000,33.406930,4.521528,11.847151,0.000000,-1.339774,-0.743617,-0.596157,27.877878,11.496099,27.267224,-3.917572,-4.727338,-2.197500,0.215136,0.132340,5.526791,0.000000,67.026869,0.000000,2.000000,39.120819,5.198598,23.953493,0.000000,0.651959,1.329427,-0.677468,21.791567,17.651436,26.114219,-3.601779,-2.389253,1.317703,0.051853,0.077576,7.617522,5.000000,67.842283,1.523504,2.000000,39.120819,5.198598,23.953493,1.000000,0.651959,1.329427,-0.677468,21.791567,17.651436,26.114219,-3.601779,-2.389253,1.317703,0.051853,0.077576,12.648489,18.000000,206.759525,0.702694,1.000000,67.566957,92.982456,88.288566,1.000000,1.828113,1.496915,0.331198,25.767477,29.591217,15.687875,3.069048,4.719379,8.232405,0.744278,0.129616,5.764825,4.000000,76.031771,1.441206,2.000000,39.429807,33.094534,59.803769,1.000000,-0.441973,-0.774712,0.332739,24.855099,19.541494,27.010927,-2.321179,-3.700576,-1.009099,0.180647,0.071035,8.204178,5.000000,47.282769,1.640836,3.000000,57.466871,88.911385,83.348744,0.000000,-0.658885,-1.303538,0.644652,28.679339,27.915985,18.713519,2.147576,0.549022,3.367618,0.848507,0.062975,14.785780,45.000000,140.944473,0.328573,8.000000,29.687342,21.854873,12.468732,0.000000,-1.922235,-1.820139,-0.102096,34.027652,10.705496,30.703255,-3.282381,-5.617213,-2.265658,0.097411,0.078941,11.719985,18.000000,150.312012,0.651110,1.000000,7.233130,5.000000,69.719382,1.446626,2.000000,11.575555,10.000000,201.049639,1.157555,1.000000,5.444112,0.000000,37.579094,0.000000,7.000000,16.941389,27.000000,153.455233,0.627459,7.000000,9.942327,20.000000,188.854489,0.497116,4.000000,5.557100,3.000000,73.370610,1.852367,3.000000,7.040746,11.000000,121.869676,0.640068,4.000000,6.131509,11.000000,55.201599,0.557410,3.000000,9.997062,6.000000,143.553831,1.666177,4.000000,7.485253,7.000000,150.827182,1.069322,7.000000,4.728152,6.000000,106.824361,0.788025,4.000000,4.000000,3.000000,81.000000,-1.000000,,,,15.696199,4.411765,2.811712,-3.901884,-2.806090,-1.095795,40.636307,7.940633,49.390678,-10.144542,-14.691533,0.003672,0.185567,,0.000000,,18.518102,12.827225,16.364244,-1.138447,-1.226480,0.088033,68.479986,5.692704,37.019140,-1.191903,-3.453835,0.171320,0.035836,2.232734,2.956522,,206.759525,47.282769,3.058729,0.835289
2025-03-06T18:30:00Z,0.945093,no_impulse,0,TCS,1d,1.000000,19.400658,4.859705,5.000000,0.971941,-3.259562,-8.441227,-12.182835,20.031460,34.000000,278.082852,0.589161,4.000000,15.696199,4.411765,2.811712,0.000000,-3.901884,-2.806090,-1.095795,40.636307,7.940633,49.390678,-10.144542,-14.691533,-17.030111,0.003672,0.185567,7.762586,4.000000,84.059927,1.940646,3.000000,56.465918,89.771997,62.052918,1.000000,-0.633147,-0.865599,0.232452,25.960538,20.081415,17.495124,2.449211,1.820326,4.006424,0.757458,0.097519,8.453902,11.000000,161.416122,0.768537,4.000000,33.406930,4.521528,11.847151,0.000000,-1.339774,-0.743617,-0.596157,27.877878,11.496099,27.267224,-3.917572,-4.727338,-2.197500,0.215136,0.132340,5.526791,0.000000,67.026869,0.000000,2.000000,39.120819,5.198598,23.953493,0.000000,0.651959,1.329427,-0.677468,21.791567,17.651436,26.114219,-3.601779,-2.389253,1.317703,0.051853,0.077576,7.617522,5.000000,67.842283,1.523504,2.000000,39.120819,5.198598,23.953493,1.000000,0.651959,1.329427,-0.677468,21.791567,17.651436,26.114219,-3.601779,-2.389253,1.317703,0.051853,0.077576,12.648489,18.000000,206.759525,0.702694,1.000000,67.566957,92.982456,88.288566,1.000000,1.828113,1.496915,0.331198,25.767477,29.591217,15.687875,3.069048,4.719379,8.232405,0.744278,0.129616,5.764825,4.000000,76.031771,1.441206,2.000000,39.429807,33.094534,59.803769,1.000000,-0.441973,-0.774712,0.332739,24.855099,19.541494,27.010927,-2.321179,-3.700576,-1.009099,0.180647,0.071035,8.204178,5.000000,47.282769,1.640836,3.000000,57.466871,88.911385,83.348744,0.000000,-0.658885,-1.303538,0.644652,28.679339,27.915985,18.713519,2.147576,0.549022,3.367618,0.848507,0.062975,14.785780,45.000000,140.944473,0.328573,8.000000,11.719985,18.000000,150.312012,0.651110,1.000000,7.233130,5.000000,69.719382,1.446626,2.000000,11.575555,10.000000,201.049639,1.157555,1.000000,5.444112,0.000000,37.579094,0.000000,7.000000,16.941389,27.000000,153.455233,0.627459,7.000000,9.942327,20.000000,188.854489,0.497116,4.000000,5.557100,3.000000,73.370610,1.852367,3.000000,7.040746,11.000000,121.869676,0.640068,4.000000,6.131509,11.000000,55.201599,0.557410,3.000000,9.997062,6.000000,143.553831,1.666177,4.000000,7.485253,7.000000,150.827182,1.069322,7.000000,3.000000,4.000000,86.000000,-1.000000,,,,32.732646,32.327044,26.283285,-3.748310,-3.552331,-0.195978,44.843409,14.196269,35.653797,-3.259562,-8.441227,0.337191,0.193888,,0.000000,,61.763200,84.819413,80.837604,0.226468,0.032471,0.193998,25.548089,28.496039,17.405289,0.939534,0.164650,0.892623,0.024157,0.474046,0.347222,,278.082852,47.282769,4.559701,1.405351
2025-03-18T18:30:00Z,0.902792,no_impulse,0,TCS,1d,-1.000000,96.577381,4.475862,7.000000,0.639409,-3.739586,-9.289710,-14.839996,4.859705,5.000000,19.400658,0.971941,3.000000,32.732646,32.327044,26.283285,0.000000,-3.748310,-3.552331,-0.195978,44.843409,14.196269,35.653797,-3.259562,-8.441227,-12.182835,0.337191,0.193888,20.031460,34.000000,278.082852,0.589161,4.000000,15.696199,4.411765,2.811712,0.000000,-3.901884,-2.806090,-1.095795,40.636307,7.940633,49.390678,-10.144542,-14.691533,-17.030111,0.003672,0.185567,7.762586,4.000000,84.059927,1.940646,3.000000,56.465918,89.771997,62.052918,1.000000,-0.633147,-0.865599,0.232452,25.960538,20.081415,17.495124,2.449211,1.820326,4.006424,0.757458,0.097519,8.453902,11.000000,161.416122,0.768537,4.000000,33.406930,4.521528,11.847151,0.000000,-1.339774,-0.743617,-0.596157,27.877878,11.496099,27.267224,-3.917572,-4.727338,-2.197500,0.215136,0.132340,5.526791,0.000000,67.026869,0.000000,2.000000,39.120819,5.198598,23.953493,0.000000,0.651959,1.329427,-0.677468,21.791567,17.651436,26.114219,-3.601779,-2.389253,1.317703,0.051853,0.077576,7.617522,5.000000,67.842283,1.523504,2.000000,39.120819,5.198598,23.953493,1.000000,0.651959,1.329427,-0.677468,21.791567,17.651436,26.114219,-3.601779,-2.389253,1.317703,0.051853,0.077576,12.648489,18.000000,206.759525,0.702694,1.000000,67.566957,92.982456,88.288566,1.000000,1.828113,1.496915,0.331198,25.767477,29.591217,15.687875,3.069048,4.719379,8.232405,0.744278,0.129616,5.764825,4.000000,76.031771,1.441206,2.000000,39.429807,33.094534,59.803769,1.000000,-0.441973,-0.774712,0.332739,24.855099,19.541494,27.010927,-2.321179,-3.700576,-1.009099,0.180647,0.071035,8.204178,5.000000,47.282769,1.640836,3.000000,14.785780,45.000000,140.944473,0.328573,8.000000,11.719985,18.000000,150.312012,0.651110,1.000000,7.233130,5.000000,69.719382,1.446626,2.000000,11.575555,10.000000,201.049639,1.157555,1.000000,5.444112,0.000000,37.579094,0.000000,7.000000,16.941389,27.000000,153.455233,0.627459,7.000000,9.942327,20.000000,188.854489,0.497116,4.000000,5.557100,3.000000,73.370610,1.852367,3.000000,7.040746,11.000000,121.869676,0.640068,4.000000,6.131509,11.000000,55.201599,0.557410,3.000000,9.997062,6.000000,143.553831,1.666177,4.000000,2.000000,1.000000,93.000000,-1.000000,,,,30.895944,22.154696,27.644741,-3.234768,-3.478518,0.243750,46.646289,11.416544,31.769935,-3.739586,-9.289710,0.210150,0.124367,,0.000000,,56.501432,85.804020,88.098202,0.101897,-0.116015,0.217911,29.717653,22.371766,11.976542,0.520480,0.153714,0.700272,0.026125,0.467916,0.534351,12.000000,278.082852,19.400658,4.822715,1.511873
2025-03-24T18:30:00Z,0.967254,no_impulse,0,TCS,1d,1.000000,152.388290,7.140279,4.000000,1.785070,0.967309,-3.627304,-9.358088,4.475862,7.000000,96.577381,0.639409,2.000000,30.895944,22.154696,27.644741,1.000000,-3.234768,-3.478518,0.243750,46.646289,11.416544,31.769935,-3.739586,-9.289710,-14.839996,0.210150,0.124367,4.859705,5.000000,19.400658,0.971941,3.000000,32.732646,32.327044,26.283285,0.000000,-3.748310,-3.552331,-0.195978,44.843409,14.196269,35.653797,-3.259562,-8.441227,-12.182835,0.337191,0.193888,20.031460,34.000000,278.082852,0.589161,4.000000,15.696199,4.411765,2.811712,0.000000,-3.901884,-2.806090,-1.095795,40.636307,7.940633,49.390678,-10.144542,-14.691533,-17.030111,0.003672,0.185567,7.762586,4.000000,84.059927,1.940646,3.000000,56.465918,89.771997,62.052918,1.000000,-0.633147,-0.865599,0.232452,25.960538,20.081415,17.495124,2.449211,1.820326,4.006424,0.757458,0.097519,8.453902,11.000000,161.416122,0.768537,4.000000,33.406930,4.521528,11.847151,0.000000,-1.339774,-0.743617,-0.596157,27.877878,11.496099,27.267224,-3.917572,-4.727338,-2.197500,0.215136,0.132340,5.526791,0.000000,67.026869,0.000000,2.000000,39.120819,5.198598,23.953493,0.000000,0.651959,1.329427,-0.677468,21.791567,17.651436,26.114219,-3.601779,-2.389253,1.317703,0.051853,0.077576,7.617522,5.000000,67.842283,1.523504,2.000000,39.120819,5.198598,23.953493,1.000000,0.651959,1.329427,-0.677468,21.791567,17.651436,26.114219,-3.601779,-2.389253,1.317703,0.051853,0.077576,12.648489,18.000000,206.759525,0.702694,1.000000,67.566957,92.982456,88.288566,1.000000,1.828113,1.496915,0.331198,25.767477,29.591217,15.687875,3.069048,4.719379,8.232405,0.744278,0.129616,5.764825,4.000000,76.031771,1.441206,2.000000,8.204178,5.000000,47.282769,1.640836,3.000000,14.785780,45.000000,140.944473,0.328573,8.000000,11.719985,18.000000,150.312012,0.651110,1.000000,7.233130,5.000000,69.719382,1.446626,2.000000,11.575555,10.000000,201.049639,1.157555,1.000000,5.444112,0.000000,37.579094,0.000000,7.000000,16.941389,27.000000,153.455233,0.627459,7.000000,9.942327,20.000000,188.854489,0.497116,4.000000,5.557100,3.000000,73.370610,1.852367,3.000000,7.040746,11.000000,121.869676,0.640068,4.000000,6.131509,11.000000,55.201599,0.557410,3.000000,1.000000,2.000000,97.000000,-1.000000,,,,49.292122,78.867543,79.612846,-1.935381,-2.743152,0.807771,42.635280,18.424520,25.173575,0.967309,-3.627304,0.655694,0.062736,,0.000000,,66.389700,91.329166,93.222796,0.729356,0.615858,0.113498,18.147224,28.159771,22.808212,1.111596,1.851434,0.871417,0.030265,0.836634,0.430108,16.000000,278.082852,19.400658,4.682727,1.350626
2025-04-06T18:30:00Z,0.796759,no_impulse,0,TCS,1d,-1.000000,264.489383,17.626685,8.000000,2.203336,-7.981887,-13.201783,-20.982340,7.140279,4.000000,152.388290,1.785070,1.000000,49.292122,78.867543,79.612846,0.000000,-1.935381,-2.743152,0.807771,42.635280,18.424520,25.173575,0.967309,-3.627304,-9.358088,0.655694,0.062736,4.475862,7.000000,96.577381,0.639409,2.000000,30.895944,22.154696,27.644741,1.000000,-3.234768,-3.478518,0.243750,46.646289,11.416544,31.769935,-3.739586,-9.289710,-14.839996,0.210150,0.124367,4.859705,5.000000,19.400658,0.971941,3.000000,32.732646,32.327044,26.283285,0.000000,-3.748310,-3.552331,-0.195978,44.843409,14.196269,35.653797,-3.259562,-8.441227,-12.182835,0.337191,0.193888,20.031460,34.000000,278.082852,0.589161,4.000000,15.696199,4.411765,2.811712,0.000000,-3.901884,-2.806090,-1.095795,40.636307,7.940633,49.390678,-10.144542,-14.691533,-17.030111,0.003672,0.185567,7.762586,4.000000,84.059927,1.940646,3.000000,56.465918,89.771997,62.052918,1.000000,-0.633147,-0.865599,0.232452,25.960538,20.081415,17.495124,2.449211,1.820326,4.006424,0.757458,0.097519,8.453902,11.000000,161.416122,0.768537,4.000000,33.406930,4.521528,11.847151,0.000000,-1.339774,-0.743617,-0.596157,27.877878,11.496099,27.267224,-3.917572,-4.727338,-2.197500,0.215136,0.132340,5.526791,0.000000,67.026869,0.000000,2.000000,39.120819,5.198598,23.953493,0.000000,0.651959,1.329427,-0.677468,21.791567,17.651436,26.114219,-3.601779,-2.389253,1.317703,0.051853,0.077576,7.617522,5.000000,67.842283,1.523504,2.000000,39.120819,5.198598,23.953493,1.000000,0.651959,1.329427,-0.677468,21.791567,17.651436,26.114219,-3.601779,-2.389253,1.317703,0.051853,0.077576,12.648489,18.000000,206.759525,0.702694,1.000000,5.764825,4.000000,76.031771,1.441206,2.000000,8.204178,5.000000,47.282769,1.640836,3.000000,14.785780,45.000000,140.944473,0.328573,8.000000,11.719985,18.000000,150.312012,0.651110,1.000000,7.233130,5.000000,69.719382,1.446626,2.000000,11.575555,10.000000,201.049639,1.157555,1.000000,5.444112,0.000000,37.579094,0.000000,7.000000,16.941389,27.000000,153.455233,0.627459,7.000000,9.942327,20.000000,188.854489,0.497116,4.000000,5.557100,3.000000,73.370610,1.852367,3.000000,7.040746,11.000000,121.869676,0.640068,4.000000,8.000000,1.000000,105.000000,-1.000000,,,,24.286744,33.335882,12.169046,-2.776895,-2.223182,-0.553712,42.592901,8.715221,53.301943,-7.981887,-13.201783,-0.135342,0.116345,,0.000000,,8.939979,19.507213,7.775463,-2.651609,-2.105337,-0.546272,62.249219,3.168521,71.599098,-7.757936,-10.911525,-0.059767,0.128614,2.091408,0.869565,24.000000,278.082852,19.400658,4.703108,0.454532
2025-05-11T18:30:00Z,0.946527,no_impulse,0,TCS,1d,1.000000,87.843107,18.797140,21.000000,0.895102,4.727158,2.280563,-6.444419,17.626685,8.000000,264.489383,2.203336,8.000000,24.286744,33.335882,12.169046,1.000000,-2.776895,-2.223182,-0.553712,42.592901,8.715221,53.301943,-7.981887,-13.201783,-20.982340,-0.135342,0.116345,7.140279,4.000000,152.388290,1.785070,1.000000,49.292122,78.867543,79.612846,0.000000,-1.935381,-2.743152,0.807771,42.635280,18.424520,25.173575,0.967309,-3.627304,-9.358088,0.655694,0.062736,4.475862,7.000000,96.577381,0.639409,2.000000,30.895944,22.154696,27.644741,1.000000,-3.234768,-3.478518,0.243750,46.646289,11.416544,31.769935,-3.739586,-9.289710,-14.839996,0.210150,0.124367,4.859705,5.000000,19.400658,0.971941,3.000000,32.732646,32.327044,26.283285,0.000000,-3.748310,-3.552331,-0.195978,44.843409,14.196269,35.653797,-3.259562,-8.441227,-12.182835,0.337191,0.193888,20.031460,34.000000,278.082852,0.589161,4.000000,15.696199,4.411765,2.811712,0.000000,-3.901884,-2.806090,-1.095795,40.636307,7.940633,49.390678,-10.144542,-14.691533,-17.030111,0.003672,0.185567,7.762586,4.000000,84.059927,1.940646,3.000000,56.465918,89.771997,62.052918,1.000000,-0.633147,-0.865599,0.232452,25.960538,20.081415,17.495124,2.449211,1.820326,4.006424,0.757458,0.097519,8.453902,11.000000,161.416122,0.768537,4.000000,33.406930,4.521528,11.847151,0.000000,-1.339774,-0.743617,-0.596157,27.877878,11.496099,27.267224,-3.917572,-4.727338,-2.197500,0.215136,0.132340,5.526791,0.000000,67.026869,0.000000,2.000000,39.120819,5.198598,23.953493,0.000000,0.651959,1.329427,-0.677468,21.791567,17.651436,26.114219,-3.601779,-2.389253,1.317703,0.051853,0.077576,7.617522,5.000000,67.842283,1.523504,2.000000,12.648489,18.000000,206.759525,0.702694,1.000000,5.764825,4.000000,76.031771,1.441206,2.000000,8.204178,5.000000,47.282769,1.640836,3.000000,14.785780,45.000000,140.944473,0.328573,8.000000,11.719985,18.000000,150.312012,0.651110,1.000000,7.233130,5.000000,69.719382,1.446626,2.000000,11.575555,10.000000,201.049639,1.157555,1.000000,5.444112,0.000000,37.579094,0.000000,7.000000,16.941389,27.000000,153.455233,0.627459,7.000000,9.942327,20.000000,188.854489,0.497116,4.000000,5.557100,3.000000,73.370610,1.852367,3.000000,3.000000,2.000000,21.000000,-1.000000,,,,67.351545,96.989568,81.756087,0.138298,-0.616420,0.754719,23.761397,33.534675,22.060427,4.727158,2.280563,0.939479,0.112900,,0.000000,,73.048362,89.412524,65.292134,0.107673,-0.080735,0.188408,15.114126,42.869076,13.677747,2.492885,2.647889,1.414639,0.027952,1.955117,2.187500,45.000000,278.082852,19.400658,5.400849,0.895543
2025-06-05T18:30:00Z,0.875665,no_impulse,0,TCS,1d,-1.000000,47.314823,7.486572,19.000000,0.394030,-2.092479,-3.531856,-11.976446,18.797140,21.000000,87.843107,0.895102,3.000000,67.351545,96.989568,81.756087,0.000000,0.138298,-0.616420,0.754719,23.761397,33.534675,22.060427,4.727158,2.280563,-6.444419,0.939479,0.112900,17.626685,8.000000,264.489383,2.203336,8.000000,24.286744,33.335882,12.169046,1.000000,-2.776895,-2.223182,-0.553712,42.592901,8.715221,53.301943,-7.981887,-13.201783,-20.982340,-0.135342,0.116345,7.140279,4.000000,152.388290,1.785070,1.000000,49.292122,78.867543,79.612846,0.000000,-1.935381,-2.743152,0.807771,42.635280,18.424520,25.173575,0.967309,-3.627304,-9.358088,0.655694,0.062736,4.475862,7.000000,96.577381,0.639409,2.000000,30.895944,22.154696,27.644741,1.000000,-3.234768,-3.478518,0.243750,46.646289,11.416544,31.769935,-3.739586,-9.289710,-14.839996,0.210150,0.124367,4.859705,5.000000,19.400658,0.971941,3.000000,32.732646,32.327044,26.283285,0.000000,-3.748310,-3.552331,-0.195978,44.843409,14.196269,35.653797,-3.259562,-8.441227,-12.182835,0.337191,0.193888,20.031460,34.000000,278.082852,0.589161,4.000000,15.696199,4.411765,2.811712,0.000000,-3.901884,-2.806090,-1.095795,40.636307,7.940633,49.390678,-10.144542,-14.691533,-17.030111,0.003672,0.185567,7.762586,4.000000,84.059927,1.940646,3.000000,56.465918,89.771997,62.052918,1.000000,-0.633147,-0.865599,0.232452,25.960538,20.081415,17.495124,2.449211,1.820326,4.006424,0.757458,0.097519,8.453902,11.000000,161.416122,0.768537,4.000000,33.406930,4.521528,11.847151,0.000000,-1.339774,-0.743617,-0.596157,27.877878,11.496099,27.267224,-3.917572,-4.727338,-2.197500,0.215136,0.132340,5.526791,0.000000,67.026869,0.000000,2.000000,7.617522,5.000000,67.842283,1.523504,2.000000,12.648489,18.000000,206.759525,0.702694,1.000000,5.764825,4.000000,76.031771,1.441206,2.000000,8.204178,5.000000,47.282769,1.640836,3.000000,14.785780,45.000000,140.944473,0.328573,8.000000,11.719985,18.000000,150.312012,0.651110,1.000000,7.233130,5.000000,69.719382,1.446626,2.000000,11.575555,10.000000,201.049639,1.157555,1.000000,5.444112,0.000000,37.579094,0.000000,7.000000,16.941389,27.000000,153.455233,0.627459,7.000000,9.942327,20.000000,188.854489,0.497116,4.000000,2.000000,1.000000,40.000000,-1.000000,,,,39.393353,12.794782,7.157190,-0.649847,-0.143020,-0.506827,16.690014,16.961594,26.098695,-2.092479,-3.531856,0.230455,0.076039,,0.000000,,34.702387,22.737307,14.653710,-0.600795,-0.637088,0.036293,29.002981,15.939277,23.272372,-0.644719,-1.728348,0.184064,0.020276,0.731883,1.919192,,278.082852,19.400658,6.090611,1.483436
2025-06-17T18:30:00Z,0.922411,no_impulse,0,TCS,1d,1.000000,65.967623,5.338375,8.000000,0.667297,-0.275819,-1.199304,-9.068431,7.486572,19.000000,47.314823,0.394030,2.000000,39.393353,12.794782,7.157190,0.000000,-0.649847,-0.143020,-0.506827,16.690014,16.961594,26.098695,-2.092479,-3.531856,-11.976446,0.230455,0.076039,18.797140,21.000000,87.843107,0.895102,3.000000,67.351545,96.989568,81.756087,0.000000,0.138298,-0.616420,0.754719,23.761397,33.534675,22.060427,4.727158,2.280563,-6.444419,0.939479,0.112900,17.626685,8.000000,264.489383,2.203336,8.000000,24.286744,33.335882,12.169046,1.000000,-2.776895,-2.223182,-0.553712,42.592901,8.715221,53.301943,-7.981887,-13.201783,-20.982340,-0.135342,0.116345,7.140279,4.000000,152.388290,1.785070,1.000000,49.292122,78.867543,79.612846,0.000000,-1.935381,-2.743152,0.807771,42.635280,18.424520,25.173575,0.967309,-3.627304,-9.358088,0.655694,0.062736,4.475862,7.000000,96.577381,0.639409,2.000000,30.895944,22.154696,27.644741,1.000000,-3.234768,-3.478518,0.243750,46.646289,11.416544,31.769935,-3.739586,-9.289710,-14.839996,0.210150,0.124367,4.859705,5.000000,19.400658,0.971941,3.000000,32.732646,32.327044,26.283285,0.000000,-3.748310,-3.552331,-0.195978,44.843409,14.196269,35.653797,-3.259562,-8.441227,-12.182835,0.337191,0.193888,20.031460,34.000000,278.082852,0.589161,4.000000,15.696199,4.411765,2.811712,0.000000,-3.901884,-2.806090,-1.095795,40.636307,7.940633,49.390678,-10.144542,-14.691533,-17.030111,0.003672,0.185567,7.762586,4.000000,84.059927,1.940646,3.000000,56.465918,89.771997,62.052918,1.000000,-0.633147,-0.865599,0.232452,25.960538,20.081415,17.495124,2.449211,1.820326,4.006424,0.757458,0.097519,8.453902,11.000000,161.416122,0.768537,4.000000,5.526791,0.000000,67.026869,0.000000,2.000000,7.617522,5.000000,67.842283,1.523504,2.000000,12.648489,18.000000,206.759525,0.702694,1.000000,5.764825,4.000000,76.031771,1.441206,2.000000,8.204178,5.000000,47.282769,1.640836,3.000000,14.785780,45.000000,140.944473,0.328573,8.000000,11.719985,18.000000,150.312012,0.651110,1.000000,7.233130,5.000000,69.719382,1.446626,2.000000,11.575555,10.000000,201.049639,1.157555,1.000000,5.444112,0.000000,37.579094,0.000000,7.000000,16.941389,27.000000,153.455233,0.627459,7.000000,3.000000,1.000000,48.000000,-1.000000,,,,48.510855,51.701060,73.658696,-0.080637,-0.230375,0.149738,11.985855,23.898391,24.840959,-0.275819,-1.199304,0.448991,0.053924,,0.000000,,66.766150,91.471215,95.309168,0.500818,0.447928,0.052889,31.601581,26.749380,12.583434,0.580064,1.231871,0.673706,0.033588,0.522545,0.707965,,278.082852,19.400658,6.096987,2.665138
2025-08-03T18:30:00Z,0.779956,no_impulse,0,TCS,1d,-1.000000,304.740658,15.443754,33.000000,0.467993,-2.995019,-7.187901,-17.865601,5.338375,8.000000,65.967623,0.667297,3.000000,48.510855,51.701060,73.658696,1.000000,-0.080637,-0.230375,0.149738,11.985855,23.898391,24.840959,-0.275819,-1.199304,-9.068431,0.448991,0.053924,7.486572,19.000000,47.314823,0.394030,2.000000,39.393353,12.794782,7.157190,0.000000,-0.649847,-0.143020,-0.506827,16.690014,16.961594,26.098695,-2.092479,-3.531856,-11.976446,0.230455,0.076039,18.797140,21.000000,87.843107,0.895102,3.000000,67.351545,96.989568,81.756087,0.000000,0.138298,-0.616420,0.754719,23.761397,33.534675,22.060427,4.727158,2.280563,-6.444419,0.939479,0.112900,17.626685,8.000000,264.489383,2.203336,8.000000,24.286744,33.335882,12.169046,1.000000,-2.776895,-2.223182,-0.553712,42.592901,8.715221,53.301943,-7.981887,-13.201783,-20.982340,-0.135342,0.116345,7.140279,4.000000,152.388290,1.785070,1.000000,49.292122,78.867543,79.612846,0.000000,-1.935381,-2.743152,0.807771,42.635280,18.424520,25.173575,0.967309,-3.627304,-9.358088,0.655694,0.062736,4.475862,7.000000,96.577381,0.639409,2.000000,30.895944,22.154696,27.644741,1.000000,-3.234768,-3.478518,0.243750,46.646289,11.416544,31.769935,-3.739586,-9.289710,-14.839996,0.210150,0.124367,4.859705,5.000000,19.400658,0.971941,3.000000,32.732646,32.327044,26.283285,0.000000,-3.748310,-3.552331,-0.195978,44.843409,14.196269,35.653797,-3.259562,-8.441227,-12.182835,0.337191,0.193888,20.031460,34.000000,278.082852,0.589161,4.000000,15.696199,4.411765,2.811712,0.000000,-3.901884,-2.806090,-1.095795,40.636307,7.940633,49.390678,-10.144542,-14.691533,-17.030111,0.003672,0.185567,7.762586,4.000000,84.059927,1.940646,3.000000,8.453902,11.000000,161.416122,0.768537,4.000000,5.526791,0.000000,67.026869,0.000000,2.000000,7.617522,5.000000,67.842283,1.523504,2.000000,12.648489,18.000000,206.759525,0.702694,1.000000,5.764825,4.000000,76.031771,1.441206,2.000000,8.204178,5.000000,47.282769,1.640836,3.000000,14.785780,45.000000,140.944473,0.328573,8.000000,11.719985,18.000000,150.312012,0.651110,1.000000,7.233130,5.000000,69.719382,1.446626,2.000000,11.575555,10.000000,201.049639,1.157555,1.000000,5.444112,0.000000,37.579094,0.000000,7.000000,4.000000,2.000000,81.000000,-1.000000,,,,32.072771,32.688512,14.109172,-2.992130,-2.712490,-0.279640,51.269563,10.652075,37.252571,-2.995019,-7.187901,0.298115,0.144039,,0.000000,,32.223715,23.753666,9.046078,-0.662684,-0.658755,-0.003929,45.270396,12.000554,36.445733,-0.731668,-2.142968,0.217668,0.025727,1.514501,2.727273,,278.082852,19.400658,6.113358,1.081362
2025-08-25T18:30:00Z,0.824382,no_impulse,0,TCS,1d,1.000000,31.185944,5.695949,15.000000,0.379730,2.011819,-1.077547,-12.291237,15.443754,33.000000,304.740658,0.467993,4.000000,32.072771,32.688512,14.109172,1.000000,-2.992130,-2.712490,-0.279640,51.269563,10.652075,37.252571,-2.995019,-7.187901,-17.865601,0.298115,0.144039,5.338375,8.000000,65.967623,0.667297,3.000000,48.510855,51.701060,73.658696,1.000000,-0.080637,-0.230375,0.149738,11.985855,23.898391,24.840959,-0.275819,-1.199304,-9.068431,0.448991,0.053924,7.486572,19.000000,47.314823,0.394030,2.000000,39.393353,12.794782,7.157190,0.000000,-0.649847,-0.143020,-0.506827,16.690014,16.961594,26.098695,-2.092479,-3.531856,-11.976446,0.230455,0.076039,18.797140,21.000000,87.843107,0.895102,3.000000,67.351545,96.989568,81.756087,0.000000,0.138298,-0.616420,0.754719,23.761397,33.534675,22.060427,4.727158,2.280563,-6.444419,0.939479,0.112900,17.626685,8.000000,264.489383,2.203336,8.000000,24.286744,33.335882,12.169046,1.000000,-2.776895,-2.223182,-0.553712,42.592901,8.715221,53.301943,-7.981887,-13.201783,-20.982340,-0.135342,0.116345,7.140279,4.000000,152.388290,1.785070,1.000000,49.292122,78.867543,79.612846,0.000000,-1.935381,-2.743152,0.807771,42.635280,18.424520,25.173575,0.967309,-3.627304,-9.358088,0.655694,0.062736,4.475862,7.000000,96.577381,0.639409,2.000000,30.895944,22.154696,27.644741,1.000000,-3.234768,-3.478518,0.243750,46.646289,11.416544,31.769935,-3.739586,-9.289710,-14.839996,0.210150,0.124367,4.859705,5.000000,19.400658,0.971941,3.000000,32.732646,32.327044,26.283285,0.000000,-3.748310,-3.552331,-0.195978,44.843409,14.196269,35.653797,-3.259562,-8.441227,-12.182835,0.337191,0.193888,20.031460,34.000000,278.082852,0.589161,4.000000,7.762586,4.000000,84.059927,1.940646,3.000000,8.453902,11.000000,161.416122,0.768537,4.000000,5.526791,0.000000,67.026869,0.000000,2.000000,7.617522,5.000000,67.842283,1.523504,2.000000,12.648489,18.000000,206.759525,0.702694,1.000000,5.764825,4.000000,76.031771,1.441206,2.000000,8.204178,5.000000,47.282769,1.640836,3.000000,14.785780,45.000000,140.944473,0.328573,8.000000,11.719985,18.000000,150.312012,0.651110,1.000000,7.233130,5.000000,69.719382,1.446626,2.000000,11.575555,10.000000,201.049639,1.157555,1.000000,3.000000,3.000000,96.000000,-1.000000,,,,56.016390,96.973518,78.129541,-0.833651,-1.612598,0.778947,35.069052,29.261032,19.632825,2.011819,-1.077547,0.898390,0.051536,,0.000000,,67.854401,90.294118,88.790850,0.675423,0.528988,0.146435,39.414598,41.862575,16.937553,1.137148,1.998129,0.762953,0.043743,0.522744,1.048951,,304.740658,19.400658,6.288958,0.648899
2025-09-07T18:30:00Z,0.786318,no_impulse,0,TCS,1d,-1.000000,85.680751,4.617331,8.000000,0.577166,-2.181088,-4.703539,-16.252784,5.695949,15.000000,31.185944,0.379730,3.000000,56.016390,96.973518,78.129541,0.000000,-0.833651,-1.612598,0.778947,35.069052,29.261032,19.632825,2.011819,-1.077547,-12.291237,0.898390,0.051536,15.443754,33.000000,304.740658,0.467993,4.000000,32.072771,32.688512,14.109172,1.000000,-2.992130,-2.712490,-0.279640,51.269563,10.652075,37.252571,-2.995019,-7.187901,-17.865601,0.298115,0.144039,5.338375,8.000000,65.967623,0.667297,3.000000,48.510855,51.701060,73.658696,1.000000,-0.080637,-0.230375,0.149738,11.985855,23.898391,24.840959,-0.275819,-1.199304,-9.068431,0.448991,0.053924,7.486572,19.000000,47.314823,0.394030,2.000000,39.393353,12.794782,7.157190,0.000000,-0.649847,-0.143020,-0.506827,16.690014,16.961594,26.098695,-2.092479,-3.531856,-11.976446,0.230455,0.076039,18.797140,21.000000,87.843107,0.895102,3.000000,67.351545,96.989568,81.756087,0.000000,0.138298,-0.616420,0.754719,23.761397,33.534675,22.060427,4.727158,2.280563,-6.444419,0.939479,0.112900,17.626685,8.000000,264.489383,2.203336,8.000000,24.286744,33.335882,12.169046,1.000000,-2.776895,-2.223182,-0.553712,42.592901,8.715221,53.301943,-7.981887,-13.201783,-20.982340,-0.135342,0.116345,7.140279,4.000000,152.388290,1.785070,1.000000,49.292122,78.867543,79.612846,0.000000,-1.935381,-2.743152,0.807771,42.635280,18.424520,25.173575,0.967309,-3.627304,-9.358088,0.655694,0.062736,4.475862,7.000000,96.577381,0.639409,2.000000,30.895944,22.154696,27.644741,1.000000,-3.234768,-3.478518,0.243750,46.646289,11.416544,31.769935,-3.739586,-9.289710,-14.839996,0.210150,0.124367,4.859705,5.000000,19.400658,0.971941,3.000000,20.031460,34.000000,278.082852,0.589161,4.000000,7.762586,4.000000,84.059927,1.940646,3.000000,8.453902,11.000000,161.416122,0.768537,4.000000,5.526791,0.000000,67.026869,0.000000,2.000000,7.617522,5.000000,67.842283,1.523504,2.000000,12.648489,18.000000,206.759525,0.702694,1.000000,5.764825,4.000000,76.031771,1.441206,2.000000,8.204178,5.000000,47.282769,1.640836,3.000000,14.785780,45.000000,140.944473,0.328573,8.000000,11.719985,18.000000,150.312012,0.651110,1.000000,7.233130,5.000000,69.719382,1.446626,2.000000,2.000000,1.000000,104.000000,-1.000000,,,,38.177516,5.360688,30.622541,-0.649135,-0.745493,0.096358,24.203408,19.912138,26.096360,-2.181088,-4.703539,0.114481,0.055368,,0.000000,,26.842200,4.449388,15.838088,-0.628852,-0.474573,-0.154280,22.502527,14.165396,33.641357,-1.379424,-1.962992,0.135512,0.037331,0.431947,0.519481,,304.740658,19.400658,6.435622,0.603002
2025-09-17T18:30:00Z,0.835071,no_impulse,0,TCS,1d,1.000000,128.082192,6.200265,8.000000,0.775033,2.010404,0.751912,-9.559853,4.617331,8.000000,85.680751,0.577166,2.000000,38.177516,5.360688,30.622541,1.000000,-0.649135,-0.745493,0.096358,24.203408,19.912138,26.096360,-2.181088,-4.703539,-16.252784,0.114481,0.055368,5.695949,15.000000,31.185944,0.379730,3.000000,56.016390,96.973518,78.129541,0.000000,-0.833651,-1.612598,0.778947,35.069052,29.261032,19.632825,2.011819,-1.077547,-12.291237,0.898390,0.051536,15.443754,33.000000,304.740658,0.467993,4.000000,32.072771,32.688512,14.109172,1.000000,-2.992130,-2.712490,-0.279640,51.269563,10.652075,37.252571,-2.995019,-7.187901,-17.865601,0.298115,0.144039,5.338375,8.000000,65.967623,0.667297,3.000000,48.510855,51.701060,73.658696,1.000000,-0.080637,-0.230375,0.149738,11.985855,23.898391,24.840959,-0.275819,-1.199304,-9.068431,0.448991,0.053924,7.486572,19.000000,47.314823,0.394030,2.000000,39.393353,12.794782,7.157190,0.000000,-0.649847,-0.143020,-0.506827,16.690014,16.961594,26.098695,-2.092479,-3.531856,-11.976446,0.230455,0.076039,18.797140,21.000000,87.843107,0.895102,3.000000,67.351545,96.989568,81.756087,0.000000,0.138298,-0.616420,0.754719,23.761397,33.534675,22.060427,4.727158,2.280563,-6.444419,0.939479,0.112900,17.626685,8.000000,264.489383,2.203336,8.000000,24.286744,33.335882,12.169046,1.000000,-2.776895,-2.223182,-0.553712,42.592901,8.715221,53.301943,-7.981887,-13.201783,-20.982340,-0.135342,0.116345,7.140279,4.000000,152.388290,1.785070,1.000000,49.292122,78.867543,79.612846,0.000000,-1.935381,-2.743152,0.807771,42.635280,18.424520,25.173575,0.967309,-3.627304,-9.358088,0.655694,0.062736,4.475862,7.000000,96.577381,0.639409,2.000000,4.859705,5.000000,19.400658,0.971941,3.000000,20.031460,34.000000,278.082852,0.589161,4.000000,7.762586,4.000000,84.059927,1.940646,3.000000,8.453902,11.000000,161.416122,0.768537,4.000000,5.526791,0.000000,67.026869,0.000000,2.000000,7.617522,5.000000,67.842283,1.523504,2.000000,12.648489,18.000000,206.759525,0.702694,1.000000,5.764825,4.000000,76.031771,1.441206,2.000000,8.204178,5.000000,47.282769,1.640836,3.000000,14.785780,45.000000,140.944473,0.328573,8.000000,11.719985,18.000000,150.312012,0.651110,1.000000,1.000000,2.000000,112.000000,-1.000000,,,,59.628553,85.935829,91.158650,0.318223,-0.133408,0.451631,19.708286,31.129130,18.796610,2.010404,0.751912,0.889304,0.052700,,4.000000,,73.923122,89.904502,86.015711,0.536323,0.445995,0.090327,43.838012,37.161923,10.855172,0.849032,1.586785,0.754534,0.033642,0.677761,0.625000,91.000000,304.740658,19.400658,5.759987,0.814527
2025-09-30T18:30:00Z,0.747367,no_impulse,0,TCS,1d,-1.000000,179.893048,10.502654,9.000000,1.166962,-3.841371,-6.389836,-17.968969,6.200265,8.000000,128.082192,0.775033,1.000000,59.628553,85.935829,91.158650,0.000000,0.318223,-0.133408,0.451631,19.708286,31.129130,18.796610,2.010404,0.751912,-9.559853,0.889304,0.052700,4.617331,8.000000,85.680751,0.577166,2.000000,38.177516,5.360688,30.622541,1.000000,-0.649135,-0.745493,0.096358,24.203408,19.912138,26.096360,-2.181088,-4.703539,-16.252784,0.114481,0.055368,5.695949,15.000000,31.185944,0.379730,3.000000,56.016390,96.973518,78.129541,0.000000,-0.833651,-1.612598,0.778947,35.069052,29.261032,19.632825,2.011819,-1.077547,-12.291237,0.898390,0.051536,15.443754,33.000000,304.740658,0.467993,4.000000,32.072771,32.688512,14.109172,1.000000,-2.992130,-2.712490,-0.279640,51.269563,10.652075,37.252571,-2.995019,-7.187901,-17.865601,0.298115,0.144039,5.338375,8.000000,65.967623,0.667297,3.000000,48.510855,51.701060,73.658696,1.000000,-0.080637,-0.230375,0.149738,11.985855,23.898391,24.840959,-0.275819,-1.199304,-9.068431,0.448991,0.053924,7.486572,19.000000,47.314823,0.394030,2.000000,39.393353,12.794782,7.157190,0.000000,-0.649847,-0.143020,-0.506827,16.690014,16.961594,26.098695,-2.092479,-3.531856,-11.976446,0.230455,0.076039,18.797140,21.000000,87.843107,0.895102,3.000000,67.351545,96.989568,81.756087,0.000000,0.138298,-0.616420,0.754719,23.761397,33.534675,22.060427,4.727158,2.280563,-6.444419,0.939479,0.112900,17.626685,8.000000,264.489383,2.203336,8.000000,24.286744,33.335882,12.169046,1.000000,-2.776895,-2.223182,-0.553712,42.592901,8.715221,53.301943,-7.981887,-13.201783,-20.982340,-0.135342,0.116345,7.140279,4.000000,152.388290,1.785070,1.000000,4.475862,7.000000,96.577381,0.639409,2.000000,4.859705,5.000000,19.400658,0.971941,3.000000,20.031460,34.000000,278.082852,0.589161,4.000000,7.762586,4.000000,84.059927,1.940646,3.000000,8.453902,11.000000,161.416122,0.768537,4.000000,5.526791,0.000000,67.026869,0.000000,2.000000,7.617522,5.000000,67.842283,1.523504,2.000000,12.648489,18.000000,206.759525,0.702694,1.000000,5.764825,4.000000,76.031771,1.441206,2.000000,8.204178,5.000000,47.282769,1.640836,3.000000,14.785780,45.000000,140.944473,0.328573,8.000000,8.000000,1.000000,121.000000,-1.000000,,,,32.652453,14.149822,5.575942,-1.743049,-0.918847,-0.824202,25.143547,15.030363,40.350274,-3.841371,-6.389836,0.203029,0.124567,,7.000000,,31.448167,22.171946,15.838924,-0.896898,-1.066704,0.169806,53.286796,11.719459,35.275464,-0.764393,-2.757952,-0.126616,0.012106,1.131481,0.687023,100.000000,304.740658,31.185944,5.663887,0.584164
2025-10-09T18:30:00Z,0.800396,no_impulse,0,TCS,1d,1.000000,60.463734,7.095514,6.000000,1.182586,0.399096,-1.672622,-12.677552,10.502654,9.000000,179.893048,1.166962,8.000000,32.652453,14.149822,5.575942,1.000000,-1.743049,-0.918847,-0.824202,25.143547,15.030363,40.350274,-3.841371,-6.389836,-17.968969,0.203029,0.124567,6.200265,8.000000,128.082192,0.775033,1.000000,59.628553,85.935829,91.158650,0.000000,0.318223,-0.133408,0.451631,19.708286,31.129130,18.796610,2.010404,0.751912,-9.559853,0.889304,0.052700,4.617331,8.000000,85.680751,0.577166,2.000000,38.177516,5.360688,30.622541,1.000000,-0.649135,-0.745493,0.096358,24.203408,19.912138,26.096360,-2.181088,-4.703539,-16.252784,0.114481,0.055368,5.695949,15.000000,31.185944,0.379730,3.000000,56.016390,96.973518,78.129541,0.000000,-0.833651,-1.612598,0.778947,35.069052,29.261032,19.632825,2.011819,-1.077547,-12.291237,0.898390,0.051536,15.443754,33.000000,304.740658,0.467993,4.000000,32.072771,32.688512,14.109172,1.000000,-2.992130,-2.712490,-0.279640,51.269563,10.652075,37.252571,-2.995019,-7.187901,-17.865601,0.298115,0.144039,5.338375,8.000000,65.967623,0.667297,3.000000,48.510855,51.701060,73.658696,1.000000,-0.080637,-0.230375,0.149738,11.985855,23.898391,24.840959,-0.275819,-1.199304,-9.068431,0.448991,0.053924,7.486572,19.000000,47.314823,0.394030,2.000000,39.393353,12.794782,7.157190,0.000000,-0.649847,-0.143020,-0.506827,16.690014,16.961594,26.098695,-2.092479,-3.531856,-11.976446,0.230455,0.076039,18.797140,21.000000,87.843107,0.895102,3.000000,67.351545,96.989568,81.756087,0.000000,0.138298,-0.616420,0.754719,23.761397,33.534675,22.060427,4.727158,2.280563,-6.444419,0.939479,0.112900,17.626685,8.000000,264.489383,2.203336,8.000000,7.140279,4.000000,152.388290,1.785070,1.000000,4.475862,7.000000,96.577381,0.639409,2.000000,4.859705,5.000000,19.400658,0.971941,3.000000,20.031460,34.000000,278.082852,0.589161,4.000000,7.762586,4.000000,84.059927,1.940646,3.000000,8.453902,11.000000,161.416122,0.768537,4.000000,5.526791,0.000000,67.026869,0.000000,2.000000,7.617522,5.000000,67.842283,1.523504,2.000000,12.648489,18.000000,206.759525,0.702694,1.000000,5.764825,4.000000,76.031771,1.441206,2.000000,8.204178,5.000000,47.282769,1.640836,3.000000,3.000000,2.000000,6.000000,-1.000000,,,,49.829665,67.290886,59.061741,-0.836089,-1.128701,0.292612,20.955735,24.333923,25.537238,0.399096,-1.672622,0.530904,0.129658,,5.000000,,73.866384,94.081633,89.647362,0.866968,0.812154,0.054814,54.991489,36.274971,5.423042,1.364726,2.305355,0.833315,0.041510,0.717813,0.451128,151.000000,304.740658,31.185944,5.410614,0.805204
2025-10-15T18:30:00Z,0.767312,no_impulse,0,TCS,1d,-1.000000,62.389381,4.133550,4.000000,1.033388,-1.083419,-3.134056,-14.287686,7.095514,6.000000,60.463734,1.182586,3.000000,49.829665,67.290886,59.061741,0.000000,-0.836089,-1.128701,0.292612,20.955735,24.333923,25.537238,0.399096,-1.672622,-12.677552,0.530904,0.129658,10.502654,9.000000,179.893048,1.166962,8.000000,32.652453,14.149822,5.575942,1.000000,-1.743049,-0.918847,-0.824202,25.143547,15.030363,40.350274,-3.841371,-6.389836,-17.968969,0.203029,0.124567,6.200265,8.000000,128.082192,0.775033,1.000000,59.628553,85.935829,91.158650,0.000000,0.318223,-0.133408,0.451631,19.708286,31.129130,18.796610,2.010404,0.751912,-9.559853,0.889304,0.052700,4.617331,8.000000,85.680751,0.577166,2.000000,38.177516,5.360688,30.622541,1.000000,-0.649135,-0.745493,0.096358,24.203408,19.912138,26.096360,-2.181088,-4.703539,-16.252784,0.114481,0.055368,5.695949,15.000000,31.185944,0.379730,3.000000,56.016390,96.973518,78.129541,0.000000,-0.833651,-1.612598,0.778947,35.069052,29.261032,19.632825,2.011819,-1.077547,-12.291237,0.898390,0.051536,15.443754,33.000000,304.740658,0.467993,4.000000,32.072771,32.688512,14.109172,1.000000,-2.992130,-2.712490,-0.279640,51.269563,10.652075,37.252571,-2.995019,-7.187901,-17.865601,0.298115,0.144039,5.338375,8.000000,65.967623,0.667297,3.000000,48.510855,51.701060,73.658696,1.000000,-0.080637,-0.230375,0.149738,11.985855,23.898391,24.840959,-0.275819,-1.199304,-9.068431,0.448991,0.053924,7.486572,19.000000,47.314823,0.394030,2.000000,39.393353,12.794782,7.157190,0.000000,-0.649847,-0.143020,-0.506827,16.690014,16.961594,26.098695,-2.092479,-3.531856,-11.976446,0.230455,0.076039,18.797140,21.000000,87.843107,0.895102,3.000000,17.626685,8.000000,264.489383,2.203336,8.000000,7.140279,4.000000,152.388290,1.785070,1.000000,4.475862,7.000000,96.577381,0.639409,2.000000,4.859705,5.000000,19.400658,0.971941,3.000000,20.031460,34.000000,278.082852,0.589161,4.000000,7.762586,4.000000,84.059927,1.940646,3.000000,8.453902,11.000000,161.416122,0.768537,4.000000,5.526791,0.000000,67.026869,0.000000,2.000000,7.617522,5.000000,67.842283,1.523504,2.000000,12.648489,18.000000,206.759525,0.702694,1.000000,5.764825,4.000000,76.031771,1.441206,2.000000,2.000000,1.000000,10.000000,-1.000000,,,,44.001835,51.179941,49.328089,-0.840217,-0.960686,0.120470,19.295109,19.131698,28.026833,-1.083419,-3.134056,0.401023,0.108288,,1.000000,,41.252970,24.934383,24.890639,-0.376596,-0.378947,0.002351,20.055917,24.007150,18.626573,-0.301566,-0.567427,0.390705,0.027509,0.418358,0.296296,155.000000,304.740658,31.185944,5.413155,0.923959
2025-10-22T18:30:00Z,0.807696,no_impulse,0,TCS,1d,1.000000,122.064618,5.263158,4.000000,1.315789,2.121541,0.536018,-9.990497,4.133550,4.000000,62.389381,1.033388,2.000000,44.001835,51.179941,49.328089,0.000000,-0.840217,-0.960686,0.120470,19.295109,19.131698,28.026833,-1.083419,-3.134056,-14.287686,0.401023,0.108288,7.095514,6.000000,60.463734,1.182586,3.000000,49.829665,67.290886,59.061741,0.000000,-0.836089,-1.128701,0.292612,20.955735,24.333923,25.537238,0.399096,-1.672622,-12.677552,0.530904,0.129658,10.502654,9.000000,179.893048,1.166962,8.000000,32.652453,14.149822,5.575942,1.000000,-1.743049,-0.918847,-0.824202,25.143547,15.030363,40.350274,-3.841371,-6.389836,-17.968969,0.203029,0.124567,6.200265,8.000000,128.082192,0.775033,1.000000,59.628553,85.935829,91.158650,0.000000,0.318223,-0.133408,0.451631,19.708286,31.129130,18.796610,2.010404,0.751912,-9.559853,0.889304,0.052700,4.617331,8.000000,85.680751,0.577166,2.000000,38.177516,5.360688,30.622541,1.000000,-0.649135,-0.745493,0.096358,24.203408,19.912138,26.096360,-2.181088,-4.703539,-16.252784,0.114481,0.055368,5.695949,15.000000,31.185944,0.379730,3.000000,56.016390,96.973518,78.129541,0.000000,-0.833651,-1.612598,0.778947,35.069052,29.261032,19.632825,2.011819,-1.077547,-12.291237,0.898390,0.051536,15.443754,33.000000,304.740658,0.467993,4.000000,32.072771,32.688512,14.109172,1.000000,-2.992130,-2.712490,-0.279640,51.269563,10.652075,37.252571,-2.995019,-7.187901,-17.865601,0.298115,0.144039,5.338375,8.000000,65.967623,0.667297,3.000000,48.510855,51.701060,73.658696,1.000000,-0.080637,-0.230375,0.149738,11.985855,23.898391,24.840959,-0.275819,-1.199304,-9.068431,0.448991,0.053924,7.486572,19.000000,47.314823,0.394030,2.000000,18.797140,21.000000,87.843107,0.895102,3.000000,17.626685,8.000000,264.489383,2.203336,8.000000,7.140279,4.000000,152.388290,1.785070,1.000000,4.475862,7.000000,96.577381,0.639409,2.000000,4.859705,5.000000,19.400658,0.971941,3.000000,20.031460,34.000000,278.082852,0.589161,4.000000,7.762586,4.000000,84.059927,1.940646,3.000000,8.453902,11.000000,161.416122,0.768537,4.000000,5.526791,0.000000,67.026869,0.000000,2.000000,7.617522,5.000000,67.842283,1.523504,2.000000,12.648489,18.000000,206.759525,0.702694,1.000000,1.000000,2.000000,14.000000,-1.000000,,,,57.135630,88.013533,76.650201,-0.334079,-0.712761,0.378681,16.662844,29.588632,20.164704,2.121541,0.536018,0.799078,0.072474,,1.000000,,72.756296,95.479204,81.314975,0.447394,0.219932,0.227462,24.929426,30.678735,11.863519,2.045153,2.333826,1.081239,0.035921,0.616937,0.305344,114.000000,304.740658,31.185944,4.927651,1.315994
2025-11-06T18:30:00Z,0.771848,no_impulse,0,TCS,1d,-1.000000,88.766946,4.438347,10.000000,0.443835,-0.978734,-1.913660,-11.887716,5.263158,4.000000,122.064618,1.315789,1.000000,57.135630,88.013533,76.650201,0.000000,-0.334079,-0.712761,0.378681,16.662844,29.588632,20.164704,2.121541,0.536018,-9.990497,0.799078,0.072474,4.133550,4.000000,62.389381,1.033388,2.000000,44.001835,51.179941,49.328089,0.000000,-0.840217,-0.960686,0.120470,19.295109,19.131698,28.026833,-1.083419,-3.134056,-14.287686,0.401023,0.108288,7.095514,6.000000,60.463734,1.182586,3.000000,49.829665,67.290886,59.061741,0.000000,-0.836089,-1.128701,0.292612,20.955735,24.333923,25.537238,0.399096,-1.672622,-12.677552,0.530904,0.129658,10.502654,9.000000,179.893048,1.166962,8.000000,32.652453,14.149822,5.575942,1.000000,-1.743049,-0.918847,-0.824202,25.143547,15.030363,40.350274,-3.841371,-6.389836,-17.968969,0.203029,0.124567,6.200265,8.000000,128.082192,0.775033,1.000000,59.628553,85.935829,91.158650,0.000000,0.318223,-0.133408,0.451631,19.708286,31.129130,18.796610,2.010404,0.751912,-9.559853,0.889304,0.052700,4.617331,8.000000,85.680751,0.577166,2.000000,38.177516,5.360688,30.622541,1.000000,-0.649135,-0.745493,0.096358,24.203408,19.912138,26.096360,-2.181088,-4.703539,-16.252784,0.114481,0.055368,5.695949,15.000000,31.185944,0.379730,3.000000,56.016390,96.973518,78.129541,0.000000,-0.833651,-1.612598,0.778947,35.069052,29.261032,19.632825,2.011819,-1.077547,-12.291237,0.898390,0.051536,15.443754,33.000000,304.740658,0.467993,4.000000,32.072771,32.688512,14.109172,1.000000,-2.992130,-2.712490,-0.279640,51.269563,10.652075,37.252571,-2.995019,-7.187901,-17.865601,0.298115,0.144039,5.338375,8.000000,65.967623,0.667297,3.000000,7.486572,19.000000,47.314823,0.394030,2.000000,18.797140,21.000000,87.843107,0.895102,3.000000,17.626685,8.000000,264.489383,2.203336,8.000000,7.140279,4.000000,152.388290,1.785070,1.000000,4.475862,7.000000,96.577381,0.639409,2.000000,4.859705,5.000000,19.400658,0.971941,3.000000,20.031460,34.000000,278.082852,0.589161,4.000000,7.762586,4.000000,84.059927,1.940646,3.000000,8.453902,11.000000,161.416122,0.768537,4.000000,5.526791,0.000000,67.026869,0.000000,2.000000,7.617522,5.000000,67.842283,1.523504,2.000000,2.000000,3.000000,24.000000,-1.000000,,,,45.261987,25.525947,33.234278,-0.108238,-0.041301,-0.066938,14.588121,16.129162,25.798093,-0.978734,-1.913660,0.308468,0.050605,,7.000000,,46.723252,63.789869,67.604753,-0.242369,-0.357780,0.115411,22.791761,20.835377,21.903309,-0.060318,-0.482347,0.469577,0.019815,0.618351,0.877193,64.000000,304.740658,31.185944,3.423887,0.773547
2025-12-04T18:30:00Z,0.852957,no_impulse,0,TCS,1d,1.000000,226.254545,10.508360,20.000000,0.525418,3.120529,4.255890,-2.186944,4.438347,10.000000,88.766946,0.443835,2.000000,45.261987,25.525947,33.234278,1.000000,-0.108238,-0.041301,-0.066938,14.588121,16.129162,25.798093,-0.978734,-1.913660,-11.887716,0.308468,0.050605,5.263158,4.000000,122.064618,1.315789,1.000000,57.135630,88.013533,76.650201,0.000000,-0.334079,-0.712761,0.378681,16.662844,29.588632,20.164704,2.121541,0.536018,-9.990497,0.799078,0.072474,4.133550,4.000000,62.389381,1.033388,2.000000,44.001835,51.179941,49.328089,0.000000,-0.840217,-0.960686,0.120470,19.295109,19.131698,28.026833,-1.083419,-3.134056,-14.287686,0.401023,0.108288,7.095514,6.000000,60.463734,1.182586,3.000000,49.829665,67.290886,59.061741,0.000000,-0.836089,-1.128701,0.292612,20.955735,24.333923,25.537238,0.399096,-1.672622,-12.677552,0.530904,0.129658,10.502654,9.000000,179.893048,1.166962,8.000000,32.652453,14.149822,5.575942,1.000000,-1.743049,-0.918847,-0.824202,25.143547,15.030363,40.350274,-3.841371,-6.389836,-17.968969,0.203029,0.124567,6.200265,8.000000,128.082192,0.775033,1.000000,59.628553,85.935829,91.158650,0.000000,0.318223,-0.133408,0.451631,19.708286,31.129130,18.796610,2.010404,0.751912,-9.559853,0.889304,0.052700,4.617331,8.000000,85.680751,0.577166,2.000000,38.177516,5.360688,30.622541,1.000000,-0.649135,-0.745493,0.096358,24.203408,19.912138,26.096360,-2.181088,-4.703539,-16.252784,0.114481,0.055368,5.695949,15.000000,31.185944,0.379730,3.000000,56.016390,96.973518,78.129541,0.000000,-0.833651,-1.612598,0.778947,35.069052,29.261032,19.632825,2.011819,-1.077547,-12.291237,0.898390,0.051536,15.443754,33.000000,304.740658,0.467993,4.000000,5.338375,8.000000,65.967623,0.667297,3.000000,7.486572,19.000000,47.314823,0.394030,2.000000,18.797140,21.000000,87.843107,0.895102,3.000000,17.626685,8.000000,264.489383,2.203336,8.000000,7.140279,4.000000,152.388290,1.785070,1.000000,4.475862,7.000000,96.577381,0.639409,2.000000,4.859705,5.000000,19.400658,0.971941,3.000000,20.031460,34.000000,278.082852,0.589161,4.000000,7.762586,4.000000,84.059927,1.940646,3.000000,8.453902,11.000000,161.416122,0.768537,4.000000,5.526791,0.000000,67.026869,0.000000,2.000000,1.000000,4.000000,44.000000,-1.000000,,,,69.495431,82.747934,82.318353,1.220505,0.961350,0.259155,29.183211,35.858037,9.167542,3.120529,4.255890,1.016009,0.062422,,19.000000,,69.789457,80.630631,80.955484,0.743777,0.617022,0.126755,34.246112,36.379771,13.923311,0.984306,1.849649,0.697300,0.050385,1.528958,1.904762,84.000000,304.740658,31.185944,3.527457,0.581343
2025-12-10T18:30:00Z,0.822062,no_impulse,0,TCS,1d,-1.000000,38.090646,3.622081,4.000000,0.905520,1.018053,2.379099,-3.543011,10.508360,20.000000,226.254545,0.525418,1.000000,69.495431,82.747934,82.318353,1.000000,1.220505,0.961350,0.259155,29.183211,35.858037,9.167542,3.120529,4.255890,-2.186944,1.016009,0.062422,4.438347,10.000000,88.766946,0.443835,2.000000,45.261987,25.525947,33.234278,1.000000,-0.108238,-0.041301,-0.066938,14.588121,16.129162,25.798093,-0.978734,-1.913660,-11.887716,0.308468,0.050605,5.263158,4.000000,122.064618,1.315789,1.000000,57.135630,88.013533,76.650201,0.000000,-0.334079,-0.712761,0.378681,16.662844,29.588632,20.164704,2.121541,0.536018,-9.990497,0.799078,0.072474,4.133550,4.000000,62.389381,1.033388,2.000000,44.001835,51.179941,49.328089,0.000000,-0.840217,-0.960686,0.120470,19.295109,19.131698,28.026833,-1.083419,-3.134056,-14.287686,0.401023,0.108288,7.095514,6.000000,60.463734,1.182586,3.000000,49.829665,67.290886,59.061741,0.000000,-0.836089,-1.128701,0.292612,20.955735,24.333923,25.537238,0.399096,-1.672622,-12.677552,0.530904,0.129658,10.502654,9.000000,179.893048,1.166962,8.000000,32.652453,14.149822,5.575942,1.000000,-1.743049,-0.918847,-0.824202,25.143547,15.030363,40.350274,-3.841371,-6.389836,-17.968969,0.203029,0.124567,6.200265,8.000000,128.082192,0.775033,1.000000,59.628553,85.935829,91.158650,0.000000,0.318223,-0.133408,0.451631,19.708286,31.129130,18.796610,2.010404,0.751912,-9.559853,0.889304,0.052700,4.617331,8.000000,85.680751,0.577166,2.000000,38.177516,5.360688,30.622541,1.000000,-0.649135,-0.745493,0.096358,24.203408,19.912138,26.096360,-2.181088,-4.703539,-16.252784,0.114481,0.055368,5.695949,15.000000,31.185944,0.379730,3.000000,15.443754,33.000000,304.740658,0.467993,4.000000,5.338375,8.000000,65.967623,0.667297,3.000000,7.486572,19.000000,47.314823,0.394030,2.000000,18.797140,21.000000,87.843107,0.895102,3.000000,17.626685,8.000000,264.489383,2.203336,8.000000,7.140279,4.000000,152.388290,1.785070,1.000000,4.475862,7.000000,96.577381,0.639409,2.000000,4.859705,5.000000,19.400658,0.971941,3.000000,20.031460,34.000000,278.082852,0.589161,4.000000,7.762586,4.000000,84.059927,1.940646,3.000000,8.453902,11.000000,161.416122,0.768537,4.000000,2.000000,5.000000,48.000000,-1.000000,,,,59.247263,49.106003,52.022137,1.180556,1.139811,0.040745,31.032274,25.848891,15.915660,1.018053,2.379099,0.686975,0.055009,,5.000000,,41.768889,12.410072,14.353389,-0.239062,-0.120936,-0.118126,22.008174,16.718412,23.809367,-0.533298,-0.393739,0.312981,0.028364,0.490140,0.341880,88.000000,304.740658,31.185944,3.654154,0.929971
2025-12-21T18:30:00Z,0.867817,no_impulse,0,TCS,1d,1.000000,148.101266,5.565951,7.000000,0.795136,3.470516,5.266577,0.705928,3.622081,4.000000,38.090646,0.905520,2.000000,59.247263,49.106003,52.022137,1.000000,1.180556,1.139811,0.040745,31.032274,25.848891,15.915660,1.018053,2.379099,-3.543011,0.686975,0.055009,10.508360,20.000000,226.254545,0.525418,1.000000,69.495431,82.747934,82.318353,1.000000,1.220505,0.961350,0.259155,29.183211,35.858037,9.167542,3.120529,4.255890,-2.186944,1.016009,0.062422,4.438347,10.000000,88.766946,0.443835,2.000000,45.261987,25.525947,33.234278,1.000000,-0.108238,-0.041301,-0.066938,14.588121,16.129162,25.798093,-0.978734,-1.913660,-11.887716,0.308468,0.050605,5.263158,4.000000,122.064618,1.315789,1.000000,57.135630,88.013533,76.650201,0.000000,-0.334079,-0.712761,0.378681,16.662844,29.588632,20.164704,2.121541,0.536018,-9.990497,0.799078,0.072474,4.133550,4.000000,62.389381,1.033388,2.000000,44.001835,51.179941,49.328089,0.000000,-0.840217,-0.960686,0.120470,19.295109,19.131698,28.026833,-1.083419,-3.134056,-14.287686,0.401023,0.108288,7.095514,6.000000,60.463734,1.182586,3.000000,49.829665,67.290886,59.061741,0.000000,-0.836089,-1.128701,0.292612,20.955735,24.333923,25.537238,0.399096,-1.672622,-12.677552,0.530904,0.129658,10.502654,9.000000,179.893048,1.166962,8.000000,32.652453,14.149822,5.575942,1.000000,-1.743049,-0.918847,-0.824202,25.143547,15.030363,40.350274,-3.841371,-6.389836,-17.968969,0.203029,0.124567,6.200265,8.000000,128.082192,0.775033,1.000000,59.628553,85.935829,91.158650,0.000000,0.318223,-0.133408,0.451631,19.708286,31.129130,18.796610,2.010404,0.751912,-9.559853,0.889304,0.052700,4.617331,8.000000,85.680751,0.577166,2.000000,5.695949,15.000000,31.185944,0.379730,3.000000,15.443754,33.000000,304.740658,0.467993,4.000000,5.338375,8.000000,65.967623,0.667297,3.000000,7.486572,19.000000,47.314823,0.394030,2.000000,18.797140,21.000000,87.843107,0.895102,3.000000,17.626685,8.000000,264.489383,2.203336,8.000000,7.140279,4.000000,152.388290,1.785070,1.000000,4.475862,7.000000,96.577381,0.639409,2.000000,4.859705,5.000000,19.400658,0.971941,3.000000,20.031460,34.000000,278.082852,0.589161,4.000000,7.762586,4.000000,84.059927,1.940646,3.000000,1.000000,6.000000,55.000000,-1.000000,,,,72.686876,98.048523,91.896569,1.412605,1.199441,0.213163,34.646832,33.553180,10.445798,3.470516,5.266577,1.030931,0.067717,,5.000000,,69.601749,85.747939,71.951127,0.633166,0.603279,0.029887,34.633487,39.471848,14.342822,1.056885,1.926070,0.762521,0.040689,0.896617,0.795455,95.000000,226.254545,31.185944,2.483994,1.125912
2026-01-04T18:30:00Z,0.831943,no_impulse,0,TCS,1d,-1.000000,78.404558,4.133870,9.000000,0.459319,-0.519483,1.089335,-2.530530,5.565951,7.000000,148.101266,0.795136,1.000000,72.686876,98.048523,91.896569,1.000000,1.412605,1.199441,0.213163,34.646832,33.553180,10.445798,3.470516,5.266577,0.705928,1.030931,0.067717,3.622081,4.000000,38.090646,0.905520,2.000000,59.247263,49.106003,52.022137,1.000000,1.180556,1.139811,0.040745,31.032274,25.848891,15.915660,1.018053,2.379099,-3.543011,0.686975,0.055009,10.508360,20.000000,226.254545,0.525418,1.000000,69.495431,82.747934,82.318353,1.000000,1.220505,0.961350,0.259155,29.183211,35.858037,9.167542,3.120529,4.255890,-2.186944,1.016009,0.062422,4.438347,10.000000,88.766946,0.443835,2.000000,45.261987,25.525947,33.234278,1.000000,-0.108238,-0.041301,-0.066938,14.588121,16.129162,25.798093,-0.978734,-1.913660,-11.887716,0.308468,0.050605,5.263158,4.000000,122.064618,1.315789,1.000000,57.135630,88.013533,76.650201,0.000000,-0.334079,-0.712761,0.378681,16.662844,29.588632,20.164704,2.121541,0.536018,-9.990497,0.799078,0.072474,4.133550,4.000000,62.389381,1.033388,2.000000,44.001835,51.179941,49.328089,0.000000,-0.840217,-0.960686,0.120470,19.295109,19.131698,28.026833,-1.083419,-3.134056,-14.287686,0.401023,0.108288,7.095514,6.000000,60.463734,1.182586,3.000000,49.829665,67.290886,59.061741,0.000000,-0.836089,-1.128701,0.292612,20.955735,24.333923,25.537238,0.399096,-1.672622,-12.677552,0.530904,0.129658,10.502654,9.000000,179.893048,1.166962,8.000000,32.652453,14.149822,5.575942,1.000000,-1.743049,-0.918847,-0.824202,25.143547,15.030363,40.350274,-3.841371,-6.389836,-17.968969,0.203029,0.124567,6.200265,8.000000,128.082192,0.775033,1.000000,4.617331,8.000000,85.680751,0.577166,2.000000,5.695949,15.000000,31.185944,0.379730,3.000000,15.443754,33.000000,304.740658,0.467993,4.000000,5.338375,8.000000,65.967623,0.667297,3.000000,7.486572,19.000000,47.314823,0.394030,2.000000,18.797140,21.000000,87.843107,0.895102,3.000000,17.626685,8.000000,264.489383,2.203336,8.000000,7.140279,4.000000,152.388290,1.785070,1.000000,4.475862,7.000000,96.577381,0.639409,2.000000,4.859705,5.000000,19.400658,0.971941,3.000000,20.031460,34.000000,278.082852,0.589161,4.000000,2.000000,7.000000,64.000000,-1.000000,,,,49.536477,18.241279,30.255993,0.684694,1.041649,-0.356955,27.805280,22.022729,21.871655,-0.519483,1.089335,0.397472,0.050405,,5.000000,,35.573596,30.963665,69.560675,-0.101394,-0.167956,0.066563,21.747621,14.514018,41.137573,-0.759667,-1.090379,0.036900,0.016280,0.667321,1.125000,104.000000,226.254545,38.090646,2.487308,1.423658
2026-01-06T18:30:00Z,0.860517,no_impulse,0,TCS,1d,1.000000,79.651163,3.434660,2.000000,1.717330,1.663776,3.253634,-0.044149,4.133870,9.000000,78.404558,0.459319,2.000000,49.536477,18.241279,30.255993,1.000000,0.684694,1.041649,-0.356955,27.805280,22.022729,21.871655,-0.519483,1.089335,-2.530530,0.397472,0.050405,5.565951,7.000000,148.101266,0.795136,1.000000,72.686876,98.048523,91.896569,1.000000,1.412605,1.199441,0.213163,34.646832,33.553180,10.445798,3.470516,5.266577,0.705928,1.030931,0.067717,3.622081,4.000000,38.090646,0.905520,2.000000,59.247263,49.106003,52.022137,1.000000,1.180556,1.139811,0.040745,31.032274,25.848891,15.915660,1.018053,2.379099,-3.543011,0.686975,0.055009,10.508360,20.000000,226.254545,0.525418,1.000000,69.495431,82.747934,82.318353,1.000000,1.220505,0.961350,0.259155,29.183211,35.858037,9.167542,3.120529,4.255890,-2.186944,1.016009,0.062422,4.438347,10.000000,88.766946,0.443835,2.000000,45.261987,25.525947,33.234278,1.000000,-0.108238,-0.041301,-0.066938,14.588121,16.129162,25.798093,-0.978734,-1.913660,-11.887716,0.308468,0.050605,5.263158,4.000000,122.064618,1.315789,1.000000,57.135630,88.013533,76.650201,0.000000,-0.334079,-0.712761,0.378681,16.662844,29.588632,20.164704,2.121541,0.536018,-9.990497,0.799078,0.072474,4.133550,4.000000,62.389381,1.033388,2.000000,44.001835,51.179941,49.328089,0.000000,-0.840217,-0.960686,0.120470,19.295109,19.131698,28.026833,-1.083419,-3.134056,-14.287686,0.401023,0.108288,7.095514,6.000000,60.463734,1.182586,3.000000,49.829665,67.290886,59.061741,0.000000,-0.836089,-1.128701,0.292612,20.955735,24.333923,25.537238,0.399096,-1.672622,-12.677552,0.530904,0.129658,10.502654,9.000000,179.893048,1.166962,8.000000,6.200265,8.000000,128.082192,0.775033,1.000000,4.617331,8.000000,85.680751,0.577166,2.000000,5.695949,15.000000,31.185944,0.379730,3.000000,15.443754,33.000000,304.740658,0.467993,4.000000,5.338375,8.000000,65.967623,0.667297,3.000000,7.486572,19.000000,47.314823,0.394030,2.000000,18.797140,21.000000,87.843107,0.895102,3.000000,17.626685,8.000000,264.489383,2.203336,8.000000,7.140279,4.000000,152.388290,1.785070,1.000000,4.475862,7.000000,96.577381,0.639409,2.000000,4.859705,5.000000,19.400658,0.971941,3.000000,3.000000,1.000000,66.000000,-1.000000,,,,60.136097,76.017442,47.117248,0.723955,0.899299,-0.175343,25.730579,25.569601,17.531767,1.663776,3.253634,0.832781,0.050842,,3.000000,,61.669898,91.135734,87.443216,0.081625,-0.039565,0.121190,21.242676,29.684828,22.294853,0.618877,0.478631,0.886012,0.016132,0.558811,0.246914,106.000000,226.254545,38.090646,2.525775,0.659178
2026-01-20T18:30:00Z,0.803525,no_impulse,0,TCS,1d,-1.000000,199.452555,6.623038,9.000000,0.735893,-2.621519,-2.081085,-5.288214,3.434660,2.000000,79.651163,1.717330,3.000000,60.136097,76.017442,47.117248,1.000000,0.723955,0.899299,-0.175343,25.730579,25.569601,17.531767,1.663776,3.253634,-0.044149,0.832781,0.050842,4.133870,9.000000,78.404558,0.459319,2.000000,49.536477,18.241279,30.255993,1.000000,0.684694,1.041649,-0.356955,27.805280,22.022729,21.871655,-0.519483,1.089335,-2.530530,0.397472,0.050405,5.565951,7.000000,148.101266,0.795136,1.000000,72.686876,98.048523,91.896569,1.000000,1.412605,1.199441,0.213163,34.646832,33.553180,10.445798,3.470516,5.266577,0.705928,1.030931,0.067717,3.622081,4.000000,38.090646,0.905520,2.000000,59.247263,49.106003,52.022137,1.000000,1.180556,1.139811,0.040745,31.032274,25.848891,15.915660,1.018053,2.379099,-3.543011,0.686975,0.055009,10.508360,20.000000,226.254545,0.525418,1.000000,69.495431,82.747934,82.318353,1.000000,1.220505,0.961350,0.259155,29.183211,35.858037,9.167542,3.120529,4.255890,-2.186944,1.016009,0.062422,4.438347,10.000000,88.766946,0.443835,2.000000,45.261987,25.525947,33.234278,1.000000,-0.108238,-0.041301,-0.066938,14.588121,16.129162,25.798093,-0.978734,-1.913660,-11.887716,0.308468,0.050605,5.263158,4.000000,122.064618,1.315789,1.000000,57.135630,88.013533,76.650201,0.000000,-0.334079,-0.712761,0.378681,16.662844,29.588632,20.164704,2.121541,0.536018,-9.990497,0.799078,0.072474,4.133550,4.000000,62.389381,1.033388,2.000000,44.001835,51.179941,49.328089,0.000000,-0.840217,-0.960686,0.120470,19.295109,19.131698,28.026833,-1.083419,-3.134056,-14.287686,0.401023,0.108288,7.095514,6.000000,60.463734,1.182586,3.000000,10.502654,9.000000,179.893048,1.166962,8.000000,6.200265,8.000000,128.082192,0.775033,1.000000,4.617331,8.000000,85.680751,0.577166,2.000000,5.695949,15.000000,31.185944,0.379730,3.000000,15.443754,33.000000,304.740658,0.467993,4.000000,5.338375,8.000000,65.967623,0.667297,3.000000,7.486572,19.000000,47.314823,0.394030,2.000000,18.797140,21.000000,87.843107,0.895102,3.000000,17.626685,8.000000,264.489383,2.203336,8.000000,7.140279,4.000000,152.388290,1.785070,1.000000,4.475862,7.000000,96.577381,0.639409,2.000000,4.000000,2.000000,75.000000,-1.000000,,,,40.378706,18.572736,10.554302,-0.481669,0.116580,-0.598249,18.728802,14.885429,24.011041,-2.621519,-2.081085,0.128164,0.068701,,11.000000,,20.454014,10.162917,5.504807,-0.867252,-0.689852,-0.177400,33.983638,9.462905,41.490293,-1.607394,-2.676807,0.144057,0.044444,1.128322,1.200000,115.000000,226.254545,38.090646,2.666698,0.707342
2026-01-31T18:30:00Z,0.843154,no_impulse,0,TCS,1d,1.000000,69.533394,4.931862,7.000000,0.704552,0.133552,0.182348,-2.894852,6.623038,9.000000,199.452555,0.735893,4.000000,40.378706,18.572736,10.554302,0.000000,-0.481669,0.116580,-0.598249,18.728802,14.885429,24.011041,-2.621519,-2.081085,-5.288214,0.128164,0.068701,3.434660,2.000000,79.651163,1.717330,3.000000,60.136097,76.017442,47.117248,1.000000,0.723955,0.899299,-0.175343,25.730579,25.569601,17.531767,1.663776,3.253634,-0.044149,0.832781,0.050842,4.133870,9.000000,78.404558,0.459319,2.000000,49.536477,18.241279,30.255993,1.000000,0.684694,1.041649,-0.356955,27.805280,22.022729,21.871655,-0.519483,1.089335,-2.530530,0.397472,0.050405,5.565951,7.000000,148.101266,0.795136,1.000000,72.686876,98.048523,91.896569,1.000000,1.412605,1.199441,0.213163,34.646832,33.553180,10.445798,3.470516,5.266577,0.705928,1.030931,0.067717,3.622081,4.000000,38.090646,0.905520,2.000000,59.247263,49.106003,52.022137,1.000000,1.180556,1.139811,0.040745,31.032274,25.848891,15.915660,1.018053,2.379099,-3.543011,0.686975,0.055009,10.508360,20.000000,226.254545,0.525418,1.000000,69.495431,82.747934,82.318353,1.000000,1.220505,0.961350,0.259155,29.183211,35.858037,9.167542,3.120529,4.255890,-2.186944,1.016009,0.062422,4.438347,10.000000,88.766946,0.443835,2.000000,45.261987,25.525947,33.234278,1.000000,-0.108238,-0.041301,-0.066938,14.588121,16.129162,25.798093,-0.978734,-1.913660,-11.887716,0.308468,0.050605,5.263158,4.000000,122.064618,1.315789,1.000000,57.135630,88.013533,76.650201,0.000000,-0.334079,-0.712761,0.378681,16.662844,29.588632,20.164704,2.121541,0.536018,-9.990497,0.799078,0.072474,4.133550,4.000000,62.389381,1.033388,2.000000,7.095514,6.000000,60.463734,1.182586,3.000000,10.502654,9.000000,179.893048,1.166962,8.000000,6.200265,8.000000,128.082192,0.775033,1.000000,4.617331,8.000000,85.680751,0.577166,2.000000,5.695949,15.000000,31.185944,0.379730,3.000000,15.443754,33.000000,304.740658,0.467993,4.000000,5.338375,8.000000,65.967623,0.667297,3.000000,7.486572,19.000000,47.314823,0.394030,2.000000,18.797140,21.000000,87.843107,0.895102,3.000000,17.626685,8.000000,264.489383,2.203336,8.000000,7.140279,4.000000,152.388290,1.785070,1.000000,3.000000,3.000000,82.000000,-1.000000,,,,49.949785,52.979798,34.865098,-0.521232,-0.405125,-0.116107,15.024969,26.662623,23.787870,0.133552,0.182348,0.520889,0.064020,,5.000000,,39.776620,38.333333,32.919119,-0.348493,-0.273221,-0.075272,23.420518,16.003579,30.445466,-0.721231,-1.164175,0.312347,0.038159,0.899671,0.933333,122.000000,226.254545,38.090646,2.149949,0.720516
2026-02-12T18:30:00Z,0.673949,no_impulse,0,TCS,1d,-1.000000,426.973684,20.068027,10.000000,2.006803,-12.071964,-15.268345,-20.663898,4.931862,7.000000,69.533394,0.704552,3.000000,49.949785,52.979798,34.865098,0.000000,-0.521232,-0.405125,-0.116107,15.024969,26.662623,23.787870,0.133552,0.182348,-2.894852,0.520889,0.064020,6.623038,9.000000,199.452555,0.735893,4.000000,40.378706,18.572736,10.554302,0.000000,-0.481669,0.116580,-0.598249,18.728802,14.885429,24.011041,-2.621519,-2.081085,-5.288214,0.128164,0.068701,3.434660,2.000000,79.651163,1.717330,3.000000,60.136097,76.017442,47.117248,1.000000,0.723955,0.899299,-0.175343,25.730579,25.569601,17.531767,1.663776,3.253634,-0.044149,0.832781,0.050842,4.133870,9.000000,78.404558,0.459319,2.000000,49.536477,18.241279,30.255993,1.000000,0.684694,1.041649,-0.356955,27.805280,22.022729,21.871655,-0.519483,1.089335,-2.530530,0.397472,0.050405,5.565951,7.000000,148.101266,0.795136,1.000000,72.686876,98.048523,91.896569,1.000000,1.412605,1.199441,0.213163,34.646832,33.553180,10.445798,3.470516,5.266577,0.705928,1.030931,0.067717,3.622081,4.000000,38.090646,0.905520,2.000000,59.247263,49.106003,52.022137,1.000000,1.180556,1.139811,0.040745,31.032274,25.848891,15.915660,1.018053,2.379099,-3.543011,0.686975,0.055009,10.508360,20.000000,226.254545,0.525418,1.000000,69.495431,82.747934,82.318353,1.000000,1.220505,0.961350,0.259155,29.183211,35.858037,9.167542,3.120529,4.255890,-2.186944,1.016009,0.062422,4.438347,10.000000,88.766946,0.443835,2.000000,45.261987,25.525947,33.234278,1.000000,-0.108238,-0.041301,-0.066938,14.588121,16.129162,25.798093,-0.978734,-1.913660,-11.887716,0.308468,0.050605,5.263158,4.000000,122.064618,1.315789,1.000000,4.133550,4.000000,62.389381,1.033388,2.000000,7.095514,6.000000,60.463734,1.182586,3.000000,10.502654,9.000000,179.893048,1.166962,8.000000,6.200265,8.000000,128.082192,0.775033,1.000000,4.617331,8.000000,85.680751,0.577166,2.000000,5.695949,15.000000,31.185944,0.379730,3.000000,15.443754,33.000000,304.740658,0.467993,4.000000,5.338375,8.000000,65.967623,0.667297,3.000000,7.486572,19.000000,47.314823,0.394030,2.000000,18.797140,21.000000,87.843107,0.895102,3.000000,17.626685,8.000000,264.489383,2.203336,8.000000,4.000000,4.000000,92.000000,-1.000000,,,,23.779173,14.013072,5.641659,-3.786301,-2.257764,-1.528537,17.935272,17.485418,48.118171,-12.071964,-15.268345,-0.057236,0.193304,,13.000000,,13.418492,0.387597,1.782742,-2.311233,-1.704414,-0.606819,43.558497,7.788325,52.398054,-4.205994,-7.323607,0.203972,0.136346,3.811238,1.315789,132.000000,226.254545,38.090646,2.077150,1.125182
2026-02-16T18:30:00Z,0.719575,no_impulse,0,TCS,1d,1.000000,26.964561,6.769826,2.000000,3.384913,-8.997022,-13.092580,-19.153979,20.068027,10.000000,426.973684,2.006803,4.000000,23.779173,14.013072,5.641659,0.000000,-3.786301,-2.257764,-1.528537,17.935272,17.485418,48.118171,-12.071964,-15.268345,-20.663898,-0.057236,0.193304,4.931862,7.000000,69.533394,0.704552,3.000000,49.949785,52.979798,34.865098,0.000000,-0.521232,-0.405125,-0.116107,15.024969,26.662623,23.787870,0.133552,0.182348,-2.894852,0.520889,0.064020,6.623038,9.000000,199.452555,0.735893,4.000000,40.378706,18.572736,10.554302,0.000000,-0.481669,0.116580,-0.598249,18.728802,14.885429,24.011041,-2.621519,-2.081085,-5.288214,0.128164,0.068701,3.434660,2.000000,79.651163,1.717330,3.000000,60.136097,76.017442,47.117248,1.000000,0.723955,0.899299,-0.175343,25.730579,25.569601,17.531767,1.663776,3.253634,-0.044149,0.832781,0.050842,4.133870,9.000000,78.404558,0.459319,2.000000,49.536477,18.241279,30.255993,1.000000,0.684694,1.041649,-0.356955,27.805280,22.022729,21.871655,-0.519483,1.089335,-2.530530,0.397472,0.050405,5.565951,7.000000,148.101266,0.795136,1.000000,72.686876,98.048523,91.896569,1.000000,1.412605,1.199441,0.213163,34.646832,33.553180,10.445798,3.470516,5.266577,0.705928,1.030931,0.067717,3.622081,4.000000,38.090646,0.905520,2.000000,59.247263,49.106003,52.022137,1.000000,1.180556,1.139811,0.040745,31.032274,25.848891,15.915660,1.018053,2.379099,-3.543011,0.686975,0.055009,10.508360,20.000000,226.254545,0.525418,1.000000,69.495431,82.747934,82.318353,1.000000,1.220505,0.961350,0.259155,29.183211,35.858037,9.167542,3.120529,4.255890,-2.186944,1.016009,0.062422,4.438347,10.000000,88.766946,0.443835,2.000000,5.263158,4.000000,122.064618,1.315789,1.000000,4.133550,4.000000,62.389381,1.033388,2.000000,7.095514,6.000000,60.463734,1.182586,3.000000,10.502654,9.000000,179.893048,1.166962,8.000000,6.200265,8.000000,128.082192,0.775033,1.000000,4.617331,8.000000,85.680751,0.577166,2.000000,5.695949,15.000000,31.185944,0.379730,3.000000,15.443754,33.000000,304.740658,0.467993,4.000000,5.338375,8.000000,65.967623,0.667297,3.000000,7.486572,19.000000,47.314823,0.394030,2.000000,18.797140,21.000000,87.843107,0.895102,3.000000,3.000000,5.000000,94.000000,-1.000000,,,,26.555335,17.307190,15.738562,-4.435989,-2.987509,-1.448480,21.167572,19.769564,43.678558,-8.997022,-13.092580,0.150975,0.236498,,1.000000,,39.307292,95.326409,74.995990,-1.802643,-2.191285,0.388642,41.068240,22.078370,33.667434,-0.701137,-4.426158,0.375824,0.056070,0.987008,0.243902,2.000000,426.973684,38.090646,5.069233,2.407627
2026-03-29T18:30:00Z,0.611690,no_impulse,0,TCS,1d,-1.000000,236.457143,14.992754,27.000000,0.555287,-4.811260,-13.620072,-29.891713,6.769826,2.000000,26.964561,3.384913,3.000000,26.555335,17.307190,15.738562,0.000000,-4.435989,-2.987509,-1.448480,21.167572,19.769564,43.678558,-8.997022,-13.092580,-19.153979,0.150975,0.236498,20.068027,10.000000,426.973684,2.006803,4.000000,23.779173,14.013072,5.641659,0.000000,-3.786301,-2.257764,-1.528537,17.935272,17.485418,48.118171,-12.071964,-15.268345,-20.663898,-0.057236,0.193304,4.931862,7.000000,69.533394,0.704552,3.000000,49.949785,52.979798,34.865098,0.000000,-0.521232,-0.405125,-0.116107,15.024969,26.662623,23.787870,0.133552,0.182348,-2.894852,0.520889,0.064020,6.623038,9.000000,199.452555,0.735893,4.000000,40.378706,18.572736,10.554302,0.000000,-0.481669,0.116580,-0.598249,18.728802,14.885429,24.011041,-2.621519,-2.081085,-5.288214,0.128164,0.068701,3.434660,2.000000,79.651163,1.717330,3.000000,60.136097,76.017442,47.117248,1.000000,0.723955,0.899299,-0.175343,25.730579,25.569601,17.531767,1.663776,3.253634,-0.044149,0.832781,0.050842,4.133870,9.000000,78.404558,0.459319,2.000000,49.536477,18.241279,30.255993,1.000000,0.684694,1.041649,-0.356955,27.805280,22.022729,21.871655,-0.519483,1.089335,-2.530530,0.397472,0.050405,5.565951,7.000000,148.101266,0.795136,1.000000,72.686876,98.048523,91.896569,1.000000,1.412605,1.199441,0.213163,34.646832,33.553180,10.445798,3.470516,5.266577,0.705928,1.030931,0.067717,3.622081,4.000000,38.090646,0.905520,2.000000,59.247263,49.106003,52.022137,1.000000,1.180556,1.139811,0.040745,31.032274,25.848891,15.915660,1.018053,2.379099,-3.543011,0.686975,0.055009,10.508360,20.000000,226.254545,0.525418,1.000000,4.438347,10.000000,88.766946,0.443835,2.000000,5.263158,4.000000,122.064618,1.315789,1.000000,4.133550,4.000000,62.389381,1.033388,2.000000,7.095514,6.000000,60.463734,1.182586,3.000000,10.502654,9.000000,179.893048,1.166962,8.000000,6.200265,8.000000,128.082192,0.775033,1.000000,4.617331,8.000000,85.680751,0.577166,2.000000,5.695949,15.000000,31.185944,0.379730,3.000000,15.443754,33.000000,304.740658,0.467993,4.000000,5.338375,8.000000,65.967623,0.667297,3.000000,7.486572,19.000000,47.314823,0.394030,2.000000,4.000000,6.000000,121.000000,-1.000000,,,,28.203989,6.381910,12.313200,-4.501423,-4.998889,0.497466,42.415537,12.686633,34.266974,-4.811260,-13.620072,0.182655,0.144650,,27.000000,,42.091371,36.959762,35.137001,-0.080934,0.026294,-0.107228,13.424772,21.546871,35.158876,-0.781821,-1.102851,0.175760,0.023925,2.138888,3.375000,29.000000,426.973684,26.964561,5.038833,2.238633
2026-04-08T18:30:00Z,0.679164,no_impulse,0,TCS,1d,1.000000,62.542291,11.030603,6.000000,1.838434,3.775637,-2.100890,-17.089006,14.992754,27.000000,236.457143,0.555287,4.000000,28.203989,6.381910,12.313200,1.000000,-4.501423,-4.998889,0.497466,42.415537,12.686633,34.266974,-4.811260,-13.620072,-29.891713,0.182655,0.144650,6.769826,2.000000,26.964561,3.384913,3.000000,26.555335,17.307190,15.738562,0.000000,-4.435989,-2.987509,-1.448480,21.167572,19.769564,43.678558,-8.997022,-13.092580,-19.153979,0.150975,0.236498,20.068027,10.000000,426.973684,2.006803,4.000000,23.779173,14.013072,5.641659,0.000000,-3.786301,-2.257764,-1.528537,17.935272,17.485418,48.118171,-12.071964,-15.268345,-20.663898,-0.057236,0.193304,4.931862,7.000000,69.533394,0.704552,3.000000,49.949785,52.979798,34.865098,0.000000,-0.521232,-0.405125,-0.116107,15.024969,26.662623,23.787870,0.133552,0.182348,-2.894852,0.520889,0.064020,6.623038,9.000000,199.452555,0.735893,4.000000,40.378706,18.572736,10.554302,0.000000,-0.481669,0.116580,-0.598249,18.728802,14.885429,24.011041,-2.621519,-2.081085,-5.288214,0.128164,0.068701,3.434660,2.000000,79.651163,1.717330,3.000000,60.136097,76.017442,47.117248,1.000000,0.723955,0.899299,-0.175343,25.730579,25.569601,17.531767,1.663776,3.253634,-0.044149,0.832781,0.050842,4.133870,9.000000,78.404558,0.459319,2.000000,49.536477,18.241279,30.255993,1.000000,0.684694,1.041649,-0.356955,27.805280,22.022729,21.871655,-0.519483,1.089335,-2.530530,0.397472,0.050405,5.565951,7.000000,148.101266,0.795136,1.000000,72.686876,98.048523,91.896569,1.000000,1.412605,1.199441,0.213163,34.646832,33.553180,10.445798,3.470516,5.266577,0.705928,1.030931,0.067717,3.622081,4.000000,38.090646,0.905520,2.000000,10.508360,20.000000,226.254545,0.525418,1.000000,4.438347,10.000000,88.766946,0.443835,2.000000,5.263158,4.000000,122.064618,1.315789,1.000000,4.133550,4.000000,62.389381,1.033388,2.000000,7.095514,6.000000,60.463734,1.182586,3.000000,10.502654,9.000000,179.893048,1.166962,8.000000,6.200265,8.000000,128.082192,0.775033,1.000000,4.617331,8.000000,85.680751,0.577166,2.000000,5.695949,15.000000,31.185944,0.379730,3.000000,15.443754,33.000000,304.740658,0.467993,4.000000,5.338375,8.000000,65.967623,0.667297,3.000000,3.000000,7.000000,127.000000,-1.000000,,,,57.902096,93.817620,94.243509,-1.361593,-2.915913,1.554320,32.046928,26.150104,22.485935,3.775637,-2.100890,0.872666,0.105289,,5.000000,,72.018728,85.487528,82.690854,1.268355,1.253014,0.015342,46.709531,35.003209,8.153645,1.481503,3.282352,0.751256,0.059851,1.367705,0.618557,35.000000,426.973684,26.964561,5.522563,2.790649
